t_mono,changed,ch0,ch1,ch2,ch3,ch4,ch5,ch6,ch7,ch8,ch9,ch10,ch11
479838.127263,0,0,0,0,0,0,0,0,0,0,0,0,0
479838.132072,0,0,0,0,0,0,0,0,0,0,0,0,0
479838.137150,0,0,0,0,0,0,0,0,0,0,0,0,0
479838.142091,0,0,0,0,0,0,0,0,0,0,0,0,0
479838.147082,0,0,0,0,0,0,0,0,0,0,0,0,0
479838.152186,0,0,0,0,0,0,0,0,0,0,0,0,0
479838.157149,0,0,0,0,0,0,0,0,0,0,0,0,0
479838.162107,0,0,0,0,0,0,0,0,0,0,0,0,0
479838.167112,0,0,0,0,0,0,0,0,0,0,0,0,0
479838.172154,0,0,0,0,0,0,0,0,0,0,0,0,0
479838.177084,0,0,0,0,0,0,0,0,0,0,0,0,0
479838.182281,0,0,0,0,0,0,0,0,0,0,0,0,0
479838.187090,0,0,0,0,0,0,0,0,0,0,0,0,0
479838.192224,0,0,0,0,0,0,0,0,0,0,0,0,0
479838.197126,0,0,0,0,0,0,0,0,0,0,0,0,0
479838.202081,0,0,0,0,0,0,0,0,0,0,0,0,0
479838.207038,0,0,0,0,0,0,0,0,0,0,0,0,0
479838.212077,0,0,0,0,0,0,0,0,0,0,0,0,0
479838.217231,0,0,0,0,0,0,0,0,0,0,0,0,0
479838.221998,0,0,0,0,0,0,0,0,0,0,0,0,0
479838.227094,0,0,0,0,0,0,0,0,0,0,0,0,0
479838.232006,0,0,0,0,0,0,0,0,0,0,0,0,0
479838.237121,0,0,0,0,0,0,0,0,0,0,0,0,0
479838.241937,0,0,0,0,0,0,0,0,0,0,0,0,0
479838.247063,0,0,0,0,0,0,0,0,0,0,0,0,0
479838.252067,0,0,0,0,0,0,0,0,0,0,0,0,0
479838.257155,0,0,0,0,0,0,0,0,0,0,0,0,0
479838.262076,0,0,0,0,0,0,0,0,0,0,0,0,0
479838.267035,0,0,0,0,0,0,0,0,0,0,0,0,0
479838.272169,0,0,0,0,0,0,0,0,0,0,0,0,0
479838.277097,0,0,0,0,0,0,0,0,0,0,0,0,0
479838.282168,0,0,0,0,0,0,0,0,0,0,0,0,0
479838.287050,0,0,0,0,0,0,0,0,0,0,0,0,0
479838.292189,0,0,0,0,0,0,0,0,0,0,0,0,0
479838.297243,0,0,0,0,0,0,0,0,0,0,0,0,0
479838.302123,0,0,0,0,0,0,0,0,0,0,0,0,0
479838.307141,0,0,0,0,0,0,0,0,0,0,0,0,0
479838.312107,0,0,0,0,0,0,0,0,0,0,0,0,0
479838.317127,0,0,0,0,0,0,0,0,0,0,0,0,0
479838.321997,0,0,0,0,0,0,0,0,0,0,0,0,0
479838.327085,0,0,0,0,0,0,0,0,0,0,0,0,0
479838.331957,0,0,0,0,0,0,0,0,0,0,0,0,0
479838.337149,0,0,0,0,0,0,0,0,0,0,0,0,0
479838.341968,0,0,0,0,0,0,0,0,0,0,0,0,0
479838.347114,0,0,0,0,0,0,0,0,0,0,0,0,0
479838.352164,0,0,0,0,0,0,0,0,0,0,0,0,0
479838.357268,0,0,0,0,0,0,0,0,0,0,0,0,0
479838.362081,0,0,0,0,0,0,0,0,0,0,0,0,0
479838.367033,0,0,0,0,0,0,0,0,0,0,0,0,0
479838.372028,0,0,0,0,0,0,0,0,0,0,0,0,0
479838.377205,0,0,0,0,0,0,0,0,0,0,0,0,0
479838.382213,0,0,0,0,0,0,0,0,0,0,0,0,0
479838.387215,0,0,0,0,0,0,0,0,0,0,0,0,0
479838.392344,0,0,0,0,0,0,0,0,0,0,0,0,0
479838.397204,0,0,0,0,0,0,0,0,0,0,0,0,0
479838.402065,0,0,0,0,0,0,0,0,0,0,0,0,0
479838.407191,0,0,0,0,0,0,0,0,0,0,0,0,0
479838.412075,0,0,0,0,0,0,0,0,0,0,0,0,0
479838.417064,0,0,0,0,0,0,0,0,0,0,0,0,0
479838.421996,0,0,0,0,0,0,0,0,0,0,0,0,0
479838.427211,0,0,0,0,0,0,0,0,0,0,0,0,0
479838.432018,0,0,0,0,0,0,0,0,0,0,0,0,0
479838.437042,0,0,0,0,0,0,0,0,0,0,0,0,0
479838.441949,0,0,0,0,0,0,0,0,0,0,0,0,0
479838.447011,0,0,0,0,0,0,0,0,0,0,0,0,0
479838.452113,0,0,0,0,0,0,0,0,0,0,0,0,0
479838.457118,0,0,0,0,0,0,0,0,0,0,0,0,0
479838.462187,0,0,0,0,0,0,0,0,0,0,0,0,0
479838.467008,0,0,0,0,0,0,0,0,0,0,0,0,0
479838.472070,0,0,0,0,0,0,0,0,0,0,0,0,0
479838.477193,0,0,0,0,0,0,0,0,0,0,0,0,0
479838.482067,0,0,0,0,0,0,0,0,0,0,0,0,0
479838.487062,0,0,0,0,0,0,0,0,0,0,0,0,0
479838.492115,0,0,0,0,0,0,0,0,0,0,0,0,0
479838.497064,0,0,0,0,0,0,0,0,0,0,0,0,0
479838.502079,0,0,0,0,0,0,0,0,0,0,0,0,0
479838.507240,0,0,0,0,0,0,0,0,0,0,0,0,0
479838.512168,0,0,0,0,0,0,0,0,0,0,0,0,0
479838.517122,0,0,0,0,0,0,0,0,0,0,0,0,0
479838.522081,0,0,0,0,0,0,0,0,0,0,0,0,0
479838.527024,0,0,0,0,0,0,0,0,0,0,0,0,0
479838.532011,0,0,0,0,0,0,0,0,0,0,0,0,0
479838.537143,0,0,0,0,0,0,0,0,0,0,0,0,0
479838.542040,0,0,0,0,0,0,0,0,0,0,0,0,0
479838.547333,0,0,0,0,0,0,0,0,0,0,0,0,0
479838.552084,0,0,0,0,0,0,0,0,0,0,0,0,0
479838.557215,0,0,0,0,0,0,0,0,0,0,0,0,0
479838.562133,0,0,0,0,0,0,0,0,0,0,0,0,0
479838.567105,0,0,0,0,0,0,0,0,0,0,0,0,0
479838.572187,0,0,0,0,0,0,0,0,0,0,0,0,0
479838.577018,0,0,0,0,0,0,0,0,0,0,0,0,0
479838.582166,0,0,0,0,0,0,0,0,0,0,0,0,0
479838.587115,0,0,0,0,0,0,0,0,0,0,0,0,0
479838.592226,0,0,0,0,0,0,0,0,0,0,0,0,0
479838.597077,0,0,0,0,0,0,0,0,0,0,0,0,0
479838.602349,0,0,0,0,0,0,0,0,0,0,0,0,0
479838.607301,0,0,0,0,0,0,0,0,0,0,0,0,0
479838.612229,0,0,0,0,0,0,0,0,0,0,0,0,0
479838.617239,0,0,0,0,0,0,0,0,0,0,0,0,0
479838.622271,0,0,0,0,0,0,0,0,0,0,0,0,0
479838.627244,0,0,0,0,0,0,0,0,0,0,0,0,0
479838.632092,0,0,0,0,0,0,0,0,0,0,0,0,0
479838.637289,0,0,0,0,0,0,0,0,0,0,0,0,0
479838.642099,0,0,0,0,0,0,0,0,0,0,0,0,0
479838.647278,0,0,0,0,0,0,0,0,0,0,0,0,0
479838.652318,0,0,0,0,0,0,0,0,0,0,0,0,0
479838.657282,0,0,0,0,0,0,0,0,0,0,0,0,0
479838.662275,0,0,0,0,0,0,0,0,0,0,0,0,0
479838.667260,0,0,0,0,0,0,0,0,0,0,0,0,0
479838.672305,0,0,0,0,0,0,0,0,0,0,0,0,0
479838.677215,0,0,0,0,0,0,0,0,0,0,0,0,0
479838.682176,0,0,0,0,0,0,0,0,0,0,0,0,0
479838.687119,0,0,0,0,0,0,0,0,0,0,0,0,0
479838.692401,0,0,0,0,0,0,0,0,0,0,0,0,0
479838.697135,0,0,0,0,0,0,0,0,0,0,0,0,0
479838.702173,0,0,0,0,0,0,0,0,0,0,0,0,0
479838.707032,0,0,0,0,0,0,0,0,0,0,0,0,0
479838.711994,0,0,0,0,0,0,0,0,0,0,0,0,0
479838.716986,0,0,0,0,0,0,0,0,0,0,0,0,0
479838.722084,0,0,0,0,0,0,0,0,0,0,0,0,0
479838.727050,0,0,0,0,0,0,0,0,0,0,0,0,0
479838.731939,0,0,0,0,0,0,0,0,0,0,0,0,0
479838.737113,0,0,0,0,0,0,0,0,0,0,0,0,0
479838.741981,0,0,0,0,0,0,0,0,0,0,0,0,0
479838.747532,0,0,0,0,0,0,0,0,0,0,0,0,0
479838.752204,0,0,0,0,0,0,0,0,0,0,0,0,0
479838.757170,0,0,0,0,0,0,0,0,0,0,0,0,0
479838.762147,0,0,0,0,0,0,0,0,0,0,0,0,0
479838.767061,0,0,0,0,0,0,0,0,0,0,0,0,0
479838.772131,0,0,0,0,0,0,0,0,0,0,0,0,0
479838.777029,0,0,0,0,0,0,0,0,0,0,0,0,0
479838.782207,0,0,0,0,0,0,0,0,0,0,0,0,0
479838.787022,0,0,0,0,0,0,0,0,0,0,0,0,0
479838.792067,0,0,0,0,0,0,0,0,0,0,0,0,0
479838.797230,0,0,0,0,0,0,0,0,0,0,0,0,0
479838.802091,0,0,0,0,0,0,0,0,0,0,0,0,0
479838.807053,0,0,0,0,0,0,0,0,0,0,0,0,0
479838.812067,0,0,0,0,0,0,0,0,0,0,0,0,0
479838.816998,0,0,0,0,0,0,0,0,0,0,0,0,0
479838.822130,0,0,0,0,0,0,0,0,0,0,0,0,0
479838.827034,0,0,0,0,0,0,0,0,0,0,0,0,0
479838.831997,0,0,0,0,0,0,0,0,0,0,0,0,0
479838.837068,0,0,0,0,0,0,0,0,0,0,0,0,0
479838.841991,0,0,0,0,0,0,0,0,0,0,0,0,0
479838.847022,0,0,0,0,0,0,0,0,0,0,0,0,0
479838.852274,0,0,0,0,0,0,0,0,0,0,0,0,0
479838.857205,0,0,0,0,0,0,0,0,0,0,0,0,0
479838.862031,0,0,0,0,0,0,0,0,0,0,0,0,0
479838.867221,0,0,0,0,0,0,0,0,0,0,0,0,0
479838.872073,0,0,0,0,0,0,0,0,0,0,0,0,0
479838.877030,0,0,0,0,0,0,0,0,0,0,0,0,0
479838.882063,0,0,0,0,0,0,0,0,0,0,0,0,0
479838.887037,0,0,0,0,0,0,0,0,0,0,0,0,0
479838.892131,0,0,0,0,0,0,0,0,0,0,0,0,0
479838.897086,0,0,0,0,0,0,0,0,0,0,0,0,0
479838.902152,0,0,0,0,0,0,0,0,0,0,0,0,0
479838.907076,0,0,0,0,0,0,0,0,0,0,0,0,0
479838.912151,0,0,0,0,0,0,0,0,0,0,0,0,0
479838.917053,0,0,0,0,0,0,0,0,0,0,0,0,0
479838.922066,0,0,0,0,0,0,0,0,0,0,0,0,0
479838.927156,0,0,0,0,0,0,0,0,0,0,0,0,0
479838.931980,0,0,0,0,0,0,0,0,0,0,0,0,0
479838.937199,0,0,0,0,0,0,0,0,0,0,0,0,0
479838.942164,0,0,0,0,0,0,0,0,0,0,0,0,0
479838.947033,0,0,0,0,0,0,0,0,0,0,0,0,0
479838.952241,0,0,0,0,0,0,0,0,0,0,0,0,0
479838.957299,0,0,0,0,0,0,0,0,0,0,0,0,0
479838.962309,0,0,0,0,0,0,0,0,0,0,0,0,0
479838.967106,0,0,0,0,0,0,0,0,0,0,0,0,0
479838.972189,0,0,0,0,0,0,0,0,0,0,0,0,0
479838.977292,0,0,0,0,0,0,0,0,0,0,0,0,0
479838.982089,0,0,0,0,0,0,0,0,0,0,0,0,0
479838.987179,0,0,0,0,0,0,0,0,0,0,0,0,0
479838.992077,0,0,0,0,0,0,0,0,0,0,0,0,0
479838.997117,0,0,0,0,0,0,0,0,0,0,0,0,0
479839.002179,0,0,0,0,0,0,0,0,0,0,0,0,0
479839.007139,0,0,0,0,0,0,0,0,0,0,0,0,0
479839.012225,0,0,0,0,0,0,0,0,0,0,0,0,0
479839.017115,0,0,0,0,0,0,0,0,0,0,0,0,0
479839.022320,0,0,0,0,0,0,0,0,0,0,0,0,0
479839.027196,0,0,0,0,0,0,0,0,0,0,0,0,0
479839.032220,0,0,0,0,0,0,0,0,0,0,0,0,0
479839.037281,0,0,0,0,0,0,0,0,0,0,0,0,0
479839.042090,0,0,0,0,0,0,0,0,0,0,0,0,0
479839.047181,0,0,0,0,0,0,0,0,0,0,0,0,0
479839.052846,0,0,0,0,0,0,0,0,0,0,0,0,0
479839.057029,0,0,0,0,0,0,0,0,0,0,0,0,0
479839.061955,0,0,0,0,0,0,0,0,0,0,0,0,0
479839.067285,0,0,0,0,0,0,0,0,0,0,0,0,0
479839.072158,0,0,0,0,0,0,0,0,0,0,0,0,0
479839.077132,0,0,0,0,0,0,0,0,0,0,0,0,0
479839.081948,0,0,0,0,0,0,0,0,0,0,0,0,0
479839.090464,0,0,0,0,0,0,0,0,0,0,0,0,0
479839.092145,0,0,0,0,0,0,0,0,0,0,0,0,0
479839.097254,0,0,0,0,0,0,0,0,0,0,0,0,0
479839.102178,0,0,0,0,0,0,0,0,0,0,0,0,0
479839.107076,0,0,0,0,0,0,0,0,0,0,0,0,0
479839.112042,0,0,0,0,0,0,0,0,0,0,0,0,0
479839.120209,0,0,0,0,0,0,0,0,0,0,0,0,0
479839.122073,0,0,0,0,0,0,0,0,0,0,0,0,0
479839.127051,0,0,0,0,0,0,0,0,0,0,0,0,0
479839.132023,0,0,0,0,0,0,0,0,0,0,0,0,0
479839.138324,0,0,0,0,0,0,0,0,0,0,0,0,0
479839.142537,0,0,0,0,0,0,0,0,0,0,0,0,0
479839.147787,0,0,0,0,0,0,0,0,0,0,0,0,0
479839.152082,0,0,0,0,0,0,0,0,0,0,0,0,0
479839.157220,0,0,0,0,0,0,0,0,0,0,0,0,0
479839.162132,0,0,0,0,0,0,0,0,0,0,0,0,0
479839.167043,0,0,0,0,0,0,0,0,0,0,0,0,0
479839.172195,0,0,0,0,0,0,0,0,0,0,0,0,0
479839.177262,0,0,0,0,0,0,0,0,0,0,0,0,0
479839.182047,0,0,0,0,0,0,0,0,0,0,0,0,0
479839.187094,0,0,0,0,0,0,0,0,0,0,0,0,0
479839.192111,0,0,0,0,0,0,0,0,0,0,0,0,0
479839.197177,0,0,0,0,0,0,0,0,0,0,0,0,0
479839.202236,0,0,0,0,0,0,0,0,0,0,0,0,0
479839.207191,0,0,0,0,0,0,0,0,0,0,0,0,0
479839.212141,0,0,0,0,0,0,0,0,0,0,0,0,0
479839.217239,0,0,0,0,0,0,0,0,0,0,0,0,0
479839.222277,0,0,0,0,0,0,0,0,0,0,0,0,0
479839.227241,0,0,0,0,0,0,0,0,0,0,0,0,0
479839.232054,0,0,0,0,0,0,0,0,0,0,0,0,0
479839.237349,0,0,0,0,0,0,0,0,0,0,0,0,0
479839.242032,0,0,0,0,0,0,0,0,0,0,0,0,0
479839.247128,0,0,0,0,0,0,0,0,0,0,0,0,0
479839.252164,0,0,0,0,0,0,0,0,0,0,0,0,0
479839.257080,0,0,0,0,0,0,0,0,0,0,0,0,0
479839.262355,0,0,0,0,0,0,0,0,0,0,0,0,0
479839.267036,0,0,0,0,0,0,0,0,0,0,0,0,0
479839.272098,0,0,0,0,0,0,0,0,0,0,0,0,0
479839.277143,0,0,0,0,0,0,0,0,0,0,0,0,0
479839.282050,0,0,0,0,0,0,0,0,0,0,0,0,0
479839.287063,0,0,0,0,0,0,0,0,0,0,0,0,0
479839.292110,0,0,0,0,0,0,0,0,0,0,0,0,0
479839.297262,0,0,0,0,0,0,0,0,0,0,0,0,0
479839.302211,0,0,0,0,0,0,0,0,0,0,0,0,0
479839.307192,0,0,0,0,0,0,0,0,0,0,0,0,0
479839.314161,0,0,0,0,0,0,0,0,0,0,0,0,0
479839.317030,0,0,0,0,0,0,0,0,0,0,0,0,0
479839.325174,0,0,0,0,0,0,0,0,0,0,0,0,0
479839.327059,0,0,0,0,0,0,0,0,0,0,0,0,0
479839.332027,0,0,0,0,0,0,0,0,0,0,0,0,0
479839.337041,0,0,0,0,0,0,0,0,0,0,0,0,0
479839.342070,0,0,0,0,0,0,0,0,0,0,0,0,0
479839.347107,0,0,0,0,0,0,0,0,0,0,0,0,0
479839.354292,0,0,0,0,0,0,0,0,0,0,0,0,0
479839.357051,0,0,0,0,0,0,0,0,0,0,0,0,0
479839.362062,0,0,0,0,0,0,0,0,0,0,0,0,0
479839.367035,0,0,0,0,0,0,0,0,0,0,0,0,0
479839.372156,0,0,0,0,0,0,0,0,0,0,0,0,0
479839.376953,0,0,0,0,0,0,0,0,0,0,0,0,0
479839.381981,0,0,0,0,0,0,0,0,0,0,0,0,0
479839.387087,0,0,0,0,0,0,0,0,0,0,0,0,0
479839.392186,0,0,0,0,0,0,0,0,0,0,0,0,0
479839.397230,0,0,0,0,0,0,0,0,0,0,0,0,0
479839.402137,0,0,0,0,0,0,0,0,0,0,0,0,0
479839.407196,0,0,0,0,0,0,0,0,0,0,0,0,0
479839.412076,0,0,0,0,0,0,0,0,0,0,0,0,0
479839.416997,0,0,0,0,0,0,0,0,0,0,0,0,0
479839.422019,0,0,0,0,0,0,0,0,0,0,0,0,0
479839.427133,0,0,0,0,0,0,0,0,0,0,0,0,0
479839.431980,0,0,0,0,0,0,0,0,0,0,0,0,0
479839.437147,0,0,0,0,0,0,0,0,0,0,0,0,0
479839.442029,0,0,0,0,0,0,0,0,0,0,0,0,0
479839.447150,0,0,0,0,0,0,0,0,0,0,0,0,0
479839.452106,0,0,0,0,0,0,0,0,0,0,0,0,0
479839.457037,0,0,0,0,0,0,0,0,0,0,0,0,0
479839.462039,0,0,0,0,0,0,0,0,0,0,0,0,0
479839.467045,0,0,0,0,0,0,0,0,0,0,0,0,0
479839.472190,0,0,0,0,0,0,0,0,0,0,0,0,0
479839.477131,0,0,0,0,0,0,0,0,0,0,0,0,0
479839.482089,0,0,0,0,0,0,0,0,0,0,0,0,0
479839.487117,0,0,0,0,0,0,0,0,0,0,0,0,0
479839.492158,0,0,0,0,0,0,0,0,0,0,0,0,0
479839.497214,0,0,0,0,0,0,0,0,0,0,0,0,0
479839.502186,0,0,0,0,0,0,0,0,0,0,0,0,0
479839.507184,0,0,0,0,0,0,0,0,0,0,0,0,0
479839.512121,0,0,0,0,0,0,0,0,0,0,0,0,0
479839.517126,0,0,0,0,0,0,0,0,0,0,0,0,0
479839.522163,0,0,0,0,0,0,0,0,0,0,0,0,0
479839.530197,0,0,0,0,0,0,0,0,0,0,0,0,0
479839.532117,0,0,0,0,0,0,0,0,0,0,0,0,0
479839.537120,0,0,0,0,0,0,0,0,0,0,0,0,0
479839.542106,0,0,0,0,0,0,0,0,0,0,0,0,0
479839.547118,0,0,0,0,0,0,0,0,0,0,0,0,0
479839.552166,0,0,0,0,0,0,0,0,0,0,0,0,0
479839.559197,0,0,0,0,0,0,0,0,0,0,0,0,0
479839.562157,0,0,0,0,0,0,0,0,0,0,0,0,0
479839.567094,0,0,0,0,0,0,0,0,0,0,0,0,0
479839.574194,0,0,0,0,0,0,0,0,0,0,0,0,0
479839.577131,0,0,0,0,0,0,0,0,0,0,0,0,0
479839.582140,0,0,0,0,0,0,0,0,0,0,0,0,0
479839.587127,0,0,0,0,0,0,0,0,0,0,0,0,0
479839.592154,0,0,0,0,0,0,0,0,0,0,0,0,0
479839.597179,0,0,0,0,0,0,0,0,0,0,0,0,0
479839.602190,0,0,0,0,0,0,0,0,0,0,0,0,0
479839.607171,0,0,0,0,0,0,0,0,0,0,0,0,0
479839.612164,0,0,0,0,0,0,0,0,0,0,0,0,0
479839.617127,0,0,0,0,0,0,0,0,0,0,0,0,0
479839.622159,0,0,0,0,0,0,0,0,0,0,0,0,0
479839.627097,0,0,0,0,0,0,0,0,0,0,0,0,0
479839.633228,0,0,0,0,0,0,0,0,0,0,0,0,0
479839.637157,0,0,0,0,0,0,0,0,0,0,0,0,0
479839.642236,0,0,0,0,0,0,0,0,0,0,0,0,0
479839.647195,0,0,0,0,0,0,0,0,0,0,0,0,0
479839.654242,0,0,0,0,0,0,0,0,0,0,0,0,0
479839.657186,0,0,0,0,0,0,0,0,0,0,0,0,0
479839.662142,0,0,0,0,0,0,0,0,0,0,0,0,0
479839.667169,0,0,0,0,0,0,0,0,0,0,0,0,0
479839.672164,0,0,0,0,0,0,0,0,0,0,0,0,0
479839.677081,0,0,0,0,0,0,0,0,0,0,0,0,0
479839.682455,0,0,0,0,0,0,0,0,0,0,0,0,0
479839.687158,0,0,0,0,0,0,0,0,0,0,0,0,0
479839.692306,0,0,0,0,0,0,0,0,0,0,0,0,0
479839.697232,0,0,0,0,0,0,0,0,0,0,0,0,0
479839.702334,0,0,0,0,0,0,0,0,0,0,0,0,0
479839.707236,0,0,0,0,0,0,0,0,0,0,0,0,0
479839.712154,0,0,0,0,0,0,0,0,0,0,0,0,0
479839.717084,0,0,0,0,0,0,0,0,0,0,0,0,0
479839.722038,0,0,0,0,0,0,0,0,0,0,0,0,0
479839.727014,0,0,0,0,0,0,0,0,0,0,0,0,0
479839.731993,0,0,0,0,0,0,0,0,0,0,0,0,0
479839.737148,0,0,0,0,0,0,0,0,0,0,0,0,0
479839.741978,0,0,0,0,0,0,0,0,0,0,0,0,0
479839.747114,0,0,0,0,0,0,0,0,0,0,0,0,0
479839.752027,0,0,0,0,0,0,0,0,0,0,0,0,0
479839.757121,0,0,0,0,0,0,0,0,0,0,0,0,0
479839.762172,0,0,0,0,0,0,0,0,0,0,0,0,0
479839.767044,0,0,0,0,0,0,0,0,0,0,0,0,0
479839.772195,0,0,0,0,0,0,0,0,0,0,0,0,0
479839.777120,0,0,0,0,0,0,0,0,0,0,0,0,0
479839.782081,0,0,0,0,0,0,0,0,0,0,0,0,0
479839.787014,0,0,0,0,0,0,0,0,0,0,0,0,0
479839.792203,0,0,0,0,0,0,0,0,0,0,0,0,0
479839.797346,0,0,0,0,0,0,0,0,0,0,0,0,0
479839.802088,0,0,0,0,0,0,0,0,0,0,0,0,0
479839.807261,0,0,0,0,0,0,0,0,0,0,0,0,0
479839.812150,0,0,0,0,0,0,0,0,0,0,0,0,0
479839.817145,0,0,0,0,0,0,0,0,0,0,0,0,0
479839.822211,0,0,0,0,0,0,0,0,0,0,0,0,0
479839.827314,0,0,0,0,0,0,0,0,0,0,0,0,0
479839.832059,0,0,0,0,0,0,0,0,0,0,0,0,0
479839.837189,0,0,0,0,0,0,0,0,0,0,0,0,0
479839.841948,0,0,0,0,0,0,0,0,0,0,0,0,0
479839.847042,0,0,0,0,0,0,0,0,0,0,0,0,0
479839.852037,0,0,0,0,0,0,0,0,0,0,0,0,0
479839.857131,0,0,0,0,0,0,0,0,0,0,0,0,0
479839.862127,0,0,0,0,0,0,0,0,0,0,0,0,0
479839.867036,0,0,0,0,0,0,0,0,0,0,0,0,0
479839.872130,0,0,0,0,0,0,0,0,0,0,0,0,0
479839.877041,0,0,0,0,0,0,0,0,0,0,0,0,0
479839.882078,0,0,0,0,0,0,0,0,0,0,0,0,0
479839.887097,0,0,0,0,0,0,0,0,0,0,0,0,0
479839.892221,0,0,0,0,0,0,0,0,0,0,0,0,0
479839.897295,0,0,0,0,0,0,0,0,0,0,0,0,0
479839.902215,0,0,0,0,0,0,0,0,0,0,0,0,0
479839.907112,0,0,0,0,0,0,0,0,0,0,0,0,0
479839.912121,0,0,0,0,0,0,0,0,0,0,0,0,0
479839.917157,0,0,0,0,0,0,0,0,0,0,0,0,0
479839.922026,0,0,0,0,0,0,0,0,0,0,0,0,0
479839.927133,0,0,0,0,0,0,0,0,0,0,0,0,0
479839.932053,0,0,0,0,0,0,0,0,0,0,0,0,0
479839.937160,0,0,0,0,0,0,0,0,0,0,0,0,0
479839.941988,0,0,0,0,0,0,0,0,0,0,0,0,0
479839.946980,0,0,0,0,0,0,0,0,0,0,0,0,0
479839.952059,0,0,0,0,0,0,0,0,0,0,0,0,0
479839.957078,0,0,0,0,0,0,0,0,0,0,0,0,0
479839.962124,0,0,0,0,0,0,0,0,0,0,0,0,0
479839.967139,0,0,0,0,0,0,0,0,0,0,0,0,0
479839.972112,0,0,0,0,0,0,0,0,0,0,0,0,0
479839.977179,0,0,0,0,0,0,0,0,0,0,0,0,0
479839.982235,0,0,0,0,0,0,0,0,0,0,0,0,0
479839.987158,0,0,0,0,0,0,0,0,0,0,0,0,0
479839.992104,0,0,0,0,0,0,0,0,0,0,0,0,0
479839.997238,0,0,0,0,0,0,0,0,0,0,0,0,0
479840.002221,0,0,0,0,0,0,0,0,0,0,0,0,0
479840.007055,0,0,0,0,0,0,0,0,0,0,0,0,0
479840.012005,0,0,0,0,0,0,0,0,0,0,0,0,0
479840.017149,0,0,0,0,0,0,0,0,0,0,0,0,0
479840.022052,0,0,0,0,0,0,0,0,0,0,0,0,0
479840.027194,0,0,0,0,0,0,0,0,0,0,0,0,0
479840.032054,0,0,0,0,0,0,0,0,0,0,0,0,0
479840.037125,0,0,0,0,0,0,0,0,0,0,0,0,0
479840.041943,0,0,0,0,0,0,0,0,0,0,0,0,0
479840.047127,0,0,0,0,0,0,0,0,0,0,0,0,0
479840.052081,0,0,0,0,0,0,0,0,0,0,0,0,0
479840.057047,0,0,0,0,0,0,0,0,0,0,0,0,0
479840.062156,0,0,0,0,0,0,0,0,0,0,0,0,0
479840.067231,0,0,0,0,0,0,0,0,0,0,0,0,0
479840.072129,0,0,0,0,0,0,0,0,0,0,0,0,0
479840.077091,0,0,0,0,0,0,0,0,0,0,0,0,0
479840.082069,0,0,0,0,0,0,0,0,0,0,0,0,0
479840.087053,0,0,0,0,0,0,0,0,0,0,0,0,0
479840.092082,0,0,0,0,0,0,0,0,0,0,0,0,0
479840.097180,0,0,0,0,0,0,0,0,0,0,0,0,0
479840.102235,0,0,0,0,0,0,0,0,0,0,0,0,0
479840.107118,0,0,0,0,0,0,0,0,0,0,0,0,0
479840.112059,0,0,0,0,0,0,0,0,0,0,0,0,0
479840.117063,0,0,0,0,0,0,0,0,0,0,0,0,0
479840.122097,0,0,0,0,0,0,0,0,0,0,0,0,0
479840.127199,0,0,0,0,0,0,0,0,0,0,0,0,0
479840.132084,0,0,0,0,0,0,0,0,0,0,0,0,0
479840.137064,0,0,0,0,0,0,0,0,0,0,0,0,0
479840.141998,0,0,0,0,0,0,0,0,0,0,0,0,0
479840.146991,0,0,0,0,0,0,0,0,0,0,0,0,0
479840.152084,0,0,0,0,0,0,0,0,0,0,0,0,0
479840.157100,0,0,0,0,0,0,0,0,0,0,0,0,0
479840.162180,0,0,0,0,0,0,0,0,0,0,0,0,0
479840.167071,0,0,0,0,0,0,0,0,0,0,0,0,0
479840.171997,0,0,0,0,0,0,0,0,0,0,0,0,0
479840.177031,0,0,0,0,0,0,0,0,0,0,0,0,0
479840.182043,0,0,0,0,0,0,0,0,0,0,0,0,0
479840.187018,0,0,0,0,0,0,0,0,0,0,0,0,0
479840.192056,0,0,0,0,0,0,0,0,0,0,0,0,0
479840.197268,0,0,0,0,0,0,0,0,0,0,0,0,0
479840.202086,0,0,0,0,0,0,0,0,0,0,0,0,0
479840.207083,0,0,0,0,0,0,0,0,0,0,0,0,0
479840.212030,0,0,0,0,0,0,0,0,0,0,0,0,0
479840.217071,0,0,0,0,0,0,0,0,0,0,0,0,0
479840.222039,0,0,0,0,0,0,0,0,0,0,0,0,0
479840.227138,0,0,0,0,0,0,0,0,0,0,0,0,0
479840.231991,0,0,0,0,0,0,0,0,0,0,0,0,0
479840.237081,0,0,0,0,0,0,0,0,0,0,0,0,0
479840.241995,0,0,0,0,0,0,0,0,0,0,0,0,0
479840.247088,0,0,0,0,0,0,0,0,0,0,0,0,0
479840.252024,0,0,0,0,0,0,0,0,0,0,0,0,0
479840.257019,0,0,0,0,0,0,0,0,0,0,0,0,0
479840.262053,0,0,0,0,0,0,0,0,0,0,0,0,0
479840.267132,0,0,0,0,0,0,0,0,0,0,0,0,0
479840.272215,0,0,0,0,0,0,0,0,0,0,0,0,0
479840.277047,0,0,0,0,0,0,0,0,0,0,0,0,0
479840.282107,0,0,0,0,0,0,0,0,0,0,0,0,0
479840.287072,0,0,0,0,0,0,0,0,0,0,0,0,0
479840.292075,0,0,0,0,0,0,0,0,0,0,0,0,0
479840.297212,0,0,0,0,0,0,0,0,0,0,0,0,0
479840.302070,0,0,0,0,0,0,0,0,0,0,0,0,0
479840.307540,0,0,0,0,0,0,0,0,0,0,0,0,0
479840.312240,0,0,0,0,0,0,0,0,0,0,0,0,0
479840.317193,0,0,0,0,0,0,0,0,0,0,0,0,0
479840.322135,0,0,0,0,0,0,0,0,0,0,0,0,0
479840.327246,0,0,0,0,0,0,0,0,0,0,0,0,0
479840.332102,0,0,0,0,0,0,0,0,0,0,0,0,0
479840.337272,0,0,0,0,0,0,0,0,0,0,0,0,0
479840.342039,0,0,0,0,0,0,0,0,0,0,0,0,0
479840.347097,0,0,0,0,0,0,0,0,0,0,0,0,0
479840.352316,0,0,0,0,0,0,0,0,0,0,0,0,0
479840.357440,0,0,0,0,0,0,0,0,0,0,0,0,0
479840.362201,0,0,0,0,0,0,0,0,0,0,0,0,0
479840.367274,0,0,0,0,0,0,0,0,0,0,0,0,0
479840.372286,0,0,0,0,0,0,0,0,0,0,0,0,0
479840.377105,0,0,0,0,0,0,0,0,0,0,0,0,0
479840.382308,0,0,0,0,0,0,0,0,0,0,0,0,0
479840.387176,0,0,0,0,0,0,0,0,0,0,0,0,0
479840.392129,0,0,0,0,0,0,0,0,0,0,0,0,0
479840.397344,0,0,0,0,0,0,0,0,0,0,0,0,0
479840.402205,0,0,0,0,0,0,0,0,0,0,0,0,0
479840.407294,0,0,0,0,0,0,0,0,0,0,0,0,0
479840.412095,0,0,0,0,0,0,0,0,0,0,0,0,0
479840.417141,0,0,0,0,0,0,0,0,0,0,0,0,0
479840.422088,0,0,0,0,0,0,0,0,0,0,0,0,0
479840.427133,0,0,0,0,0,0,0,0,0,0,0,0,0
479840.431958,0,0,0,0,0,0,0,0,0,0,0,0,0
479840.437072,0,0,0,0,0,0,0,0,0,0,0,0,0
479840.442031,0,0,0,0,0,0,0,0,0,0,0,0,0
479840.447122,0,0,0,0,0,0,0,0,0,0,0,0,0
479840.452165,0,0,0,0,0,0,0,0,0,0,0,0,0
479840.457326,0,0,0,0,0,0,0,0,0,0,0,0,0
479840.462115,0,0,0,0,0,0,0,0,0,0,0,0,0
479840.467939,0,0,0,0,0,0,0,0,0,0,0,0,0
479840.512048,0,0,0,0,0,0,0,0,0,0,0,0,0
479840.512310,0,0,0,0,0,0,0,0,0,0,0,0,0
479840.561227,0,0,0,0,0,0,0,0,0,0,0,0,0
479840.561575,0,0,0,0,0,0,0,0,0,0,0,0,0
479840.562155,0,0,0,0,0,0,0,0,0,0,0,0,0
479840.585711,0,0,0,0,0,0,0,0,0,0,0,0,0
479840.587154,0,0,0,0,0,0,0,0,0,0,0,0,0
479840.595870,0,0,0,0,0,0,0,0,0,0,0,0,0
479840.597113,0,0,0,0,0,0,0,0,0,0,0,0,0
479840.602180,0,0,0,0,0,0,0,0,0,0,0,0,0
479840.607150,0,0,0,0,0,0,0,0,0,0,0,0,0
479840.612160,0,0,0,0,0,0,0,0,0,0,0,0,0
479840.617183,0,0,0,0,0,0,0,0,0,0,0,0,0
479840.622099,0,0,0,0,0,0,0,0,0,0,0,0,0
479840.627209,0,0,0,0,0,0,0,0,0,0,0,0,0
479840.632099,0,0,0,0,0,0,0,0,0,0,0,0,0
479840.637080,0,0,0,0,0,0,0,0,0,0,0,0,0
479840.642016,0,0,0,0,0,0,0,0,0,0,0,0,0
479840.647145,0,0,0,0,0,0,0,0,0,0,0,0,0
479840.652048,0,0,0,0,0,0,0,0,0,0,0,0,0
479840.657034,0,0,0,0,0,0,0,0,0,0,0,0,0
479840.662056,0,0,0,0,0,0,0,0,0,0,0,0,0
479840.667163,0,0,0,0,0,0,0,0,0,0,0,0,0
479840.672184,0,0,0,0,0,0,0,0,0,0,0,0,0
479840.677089,0,0,0,0,0,0,0,0,0,0,0,0,0
479840.682135,0,0,0,0,0,0,0,0,0,0,0,0,0
479840.687135,0,0,0,0,0,0,0,0,0,0,0,0,0
479840.692286,0,0,0,0,0,0,0,0,0,0,0,0,0
479840.697412,0,0,0,0,0,0,0,0,0,0,0,0,0
479840.702346,0,0,0,0,0,0,0,0,0,0,0,0,0
479840.707207,0,0,0,0,0,0,0,0,0,0,0,0,0
479840.712145,0,0,0,0,0,0,0,0,0,0,0,0,0
479840.717056,0,0,0,0,0,0,0,0,0,0,0,0,0
479840.722209,0,0,0,0,0,0,0,0,0,0,0,0,0
479840.727073,0,0,0,0,0,0,0,0,0,0,0,0,0
479840.732020,0,0,0,0,0,0,0,0,0,0,0,0,0
479840.737088,0,0,0,0,0,0,0,0,0,0,0,0,0
479840.742021,0,0,0,0,0,0,0,0,0,0,0,0,0
479840.747088,0,0,0,0,0,0,0,0,0,0,0,0,0
479840.752445,0,0,0,0,0,0,0,0,0,0,0,0,0
479840.757196,0,0,0,0,0,0,0,0,0,0,0,0,0
479840.762167,0,0,0,0,0,0,0,0,0,0,0,0,0
479840.767083,0,0,0,0,0,0,0,0,0,0,0,0,0
479840.772091,0,0,0,0,0,0,0,0,0,0,0,0,0
479840.777034,0,0,0,0,0,0,0,0,0,0,0,0,0
479840.782091,0,0,0,0,0,0,0,0,0,0,0,0,0
479840.787213,0,0,0,0,0,0,0,0,0,0,0,0,0
479840.792162,0,0,0,0,0,0,0,0,0,0,0,0,0
479840.797118,0,0,0,0,0,0,0,0,0,0,0,0,0
479840.802097,0,0,0,0,0,0,0,0,0,0,0,0,0
479840.807077,0,0,0,0,0,0,0,0,0,0,0,0,0
479840.812046,0,0,0,0,0,0,0,0,0,0,0,0,0
479840.817059,0,0,0,0,0,0,0,0,0,0,0,0,0
479840.822103,0,0,0,0,0,0,0,0,0,0,0,0,0
479840.827091,0,0,0,0,0,0,0,0,0,0,0,0,0
479840.832063,0,0,0,0,0,0,0,0,0,0,0,0,0
479840.837042,0,0,0,0,0,0,0,0,0,0,0,0,0
479840.842104,0,0,0,0,0,0,0,0,0,0,0,0,0
479840.847048,0,0,0,0,0,0,0,0,0,0,0,0,0
479840.852051,0,0,0,0,0,0,0,0,0,0,0,0,0
479840.857043,0,0,0,0,0,0,0,0,0,0,0,0,0
479840.862093,0,0,0,0,0,0,0,0,0,0,0,0,0
479840.867043,0,0,0,0,0,0,0,0,0,0,0,0,0
479840.872075,0,0,0,0,0,0,0,0,0,0,0,0,0
479840.877064,0,0,0,0,0,0,0,0,0,0,0,0,0
479840.882106,0,0,0,0,0,0,0,0,0,0,0,0,0
479840.887101,0,0,0,0,0,0,0,0,0,0,0,0,0
479840.892137,0,0,0,0,0,0,0,0,0,0,0,0,0
479840.897172,0,0,0,0,0,0,0,0,0,0,0,0,0
479840.902156,0,0,0,0,0,0,0,0,0,0,0,0,0
479840.907233,0,0,0,0,0,0,0,0,0,0,0,0,0
479840.912489,0,0,0,0,0,0,0,0,0,0,0,0,0
479840.917143,0,0,0,0,0,0,0,0,0,0,0,0,0
479840.922098,0,0,0,0,0,0,0,0,0,0,0,0,0
479840.927127,0,0,0,0,0,0,0,0,0,0,0,0,0
479840.932040,0,0,0,0,0,0,0,0,0,0,0,0,0
479840.937100,0,0,0,0,0,0,0,0,0,0,0,0,0
479840.942008,0,0,0,0,0,0,0,0,0,0,0,0,0
479840.947080,0,0,0,0,0,0,0,0,0,0,0,0,0
479840.952182,0,0,0,0,0,0,0,0,0,0,0,0,0
479840.957066,0,0,0,0,0,0,0,0,0,0,0,0,0
479840.962079,0,0,0,0,0,0,0,0,0,0,0,0,0
479840.967041,0,0,0,0,0,0,0,0,0,0,0,0,0
479840.972079,0,0,0,0,0,0,0,0,0,0,0,0,0
479840.977050,0,0,0,0,0,0,0,0,0,0,0,0,0
479840.982049,0,0,0,0,0,0,0,0,0,0,0,0,0
479840.987086,0,0,0,0,0,0,0,0,0,0,0,0,0
479840.992246,0,0,0,0,0,0,0,0,0,0,0,0,0
479840.997114,0,0,0,0,0,0,0,0,0,0,0,0,0
479841.002084,0,0,0,0,0,0,0,0,0,0,0,0,0
479841.007077,0,0,0,0,0,0,0,0,0,0,0,0,0
479841.012020,0,0,0,0,0,0,0,0,0,0,0,0,0
479841.017043,0,0,0,0,0,0,0,0,0,0,0,0,0
479841.022113,0,0,0,0,0,0,0,0,0,0,0,0,0
479841.027083,0,0,0,0,0,0,0,0,0,0,0,0,0
479841.031971,0,0,0,0,0,0,0,0,0,0,0,0,0
479841.037063,0,0,0,0,0,0,0,0,0,0,0,0,0
479841.042041,0,0,0,0,0,0,0,0,0,0,0,0,0
479841.047159,0,0,0,0,0,0,0,0,0,0,0,0,0
479841.052293,0,0,0,0,0,0,0,0,0,0,0,0,0
479841.057119,0,0,0,0,0,0,0,0,0,0,0,0,0
479841.062034,0,0,0,0,0,0,0,0,0,0,0,0,0
479841.067159,0,0,0,0,0,0,0,0,0,0,0,0,0
479841.072141,0,0,0,0,0,0,0,0,0,0,0,0,0
479841.077067,0,0,0,0,0,0,0,0,0,0,0,0,0
479841.082204,0,0,0,0,0,0,0,0,0,0,0,0,0
479841.087112,0,0,0,0,0,0,0,0,0,0,0,0,0
479841.092268,0,0,0,0,0,0,0,0,0,0,0,0,0
479841.097265,0,0,0,0,0,0,0,0,0,0,0,0,0
479841.102239,0,0,0,0,0,0,0,0,0,0,0,0,0
479841.107239,0,0,0,0,0,0,0,0,0,0,0,0,0
479841.112043,0,0,0,0,0,0,0,0,0,0,0,0,0
479841.117111,0,0,0,0,0,0,0,0,0,0,0,0,0
479841.122156,0,0,0,0,0,0,0,0,0,0,0,0,0
479841.127053,0,0,0,0,0,0,0,0,0,0,0,0,0
479841.132035,0,0,0,0,0,0,0,0,0,0,0,0,0
479841.137122,0,0,0,0,0,0,0,0,0,0,0,0,0
479841.142099,0,0,0,0,0,0,0,0,0,0,0,0,0
479841.147224,0,0,0,0,0,0,0,0,0,0,0,0,0
479841.152184,0,0,0,0,0,0,0,0,0,0,0,0,0
479841.157072,0,0,0,0,0,0,0,0,0,0,0,0,0
479841.162096,0,0,0,0,0,0,0,0,0,0,0,0,0
479841.167151,0,0,0,0,0,0,0,0,0,0,0,0,0
479841.172130,0,0,0,0,0,0,0,0,0,0,0,0,0
479841.177036,0,0,0,0,0,0,0,0,0,0,0,0,0
479841.182224,0,0,0,0,0,0,0,0,0,0,0,0,0
479841.187051,0,0,0,0,0,0,0,0,0,0,0,0,0
479841.192132,0,0,0,0,0,0,0,0,0,0,0,0,0
479841.197414,0,0,0,0,0,0,0,0,0,0,0,0,0
479841.202100,0,0,0,0,0,0,0,0,0,0,0,0,0
479841.207277,0,0,0,0,0,0,0,0,0,0,0,0,0
479841.212037,0,0,0,0,0,0,0,0,0,0,0,0,0
479841.217106,0,0,0,0,0,0,0,0,0,0,0,0,0
479841.222159,0,0,0,0,0,0,0,0,0,0,0,0,0
479841.227172,0,0,0,0,0,0,0,0,0,0,0,0,0
479841.232173,0,0,0,0,0,0,0,0,0,0,0,0,0
479841.237117,0,0,0,0,0,0,0,0,0,0,0,0,0
479841.242048,0,0,0,0,0,0,0,0,0,0,0,0,0
479841.247135,0,0,0,0,0,0,0,0,0,0,0,0,0
479841.252212,0,0,0,0,0,0,0,0,0,0,0,0,0
479841.257125,0,0,0,0,0,0,0,0,0,0,0,0,0
479841.262177,0,0,0,0,0,0,0,0,0,0,0,0,0
479841.267036,0,0,0,0,0,0,0,0,0,0,0,0,0
479841.272392,0,0,0,0,0,0,0,0,0,0,0,0,0
479841.277202,0,0,0,0,0,0,0,0,0,0,0,0,0
479841.282243,0,0,0,0,0,0,0,0,0,0,0,0,0
479841.287072,0,0,0,0,0,0,0,0,0,0,0,0,0
479841.292232,0,0,0,0,0,0,0,0,0,0,0,0,0
479841.297257,0,0,0,0,0,0,0,0,0,0,0,0,0
479841.302172,0,0,0,0,0,0,0,0,0,0,0,0,0
479841.307273,0,0,0,0,0,0,0,0,0,0,0,0,0
479841.312160,0,0,0,0,0,0,0,0,0,0,0,0,0
479841.317103,0,0,0,0,0,0,0,0,0,0,0,0,0
479841.322101,0,0,0,0,0,0,0,0,0,0,0,0,0
479841.327068,0,0,0,0,0,0,0,0,0,0,0,0,0
479841.332047,0,0,0,0,0,0,0,0,0,0,0,0,0
479841.337077,0,0,0,0,0,0,0,0,0,0,0,0,0
479841.342036,0,0,0,0,0,0,0,0,0,0,0,0,0
479841.347223,0,0,0,0,0,0,0,0,0,0,0,0,0
479841.352056,0,0,0,0,0,0,0,0,0,0,0,0,0
479841.357118,0,0,0,0,0,0,0,0,0,0,0,0,0
479841.362132,0,0,0,0,0,0,0,0,0,0,0,0,0
479841.367101,0,0,0,0,0,0,0,0,0,0,0,0,0
479841.372149,0,0,0,0,0,0,0,0,0,0,0,0,0
479841.377050,0,0,0,0,0,0,0,0,0,0,0,0,0
479841.382185,0,0,0,0,0,0,0,0,0,0,0,0,0
479841.387063,0,0,0,0,0,0,0,0,0,0,0,0,0
479841.392136,0,0,0,0,0,0,0,0,0,0,0,0,0
479841.397144,0,0,0,0,0,0,0,0,0,0,0,0,0
479841.402130,0,0,0,0,0,0,0,0,0,0,0,0,0
479841.407239,0,0,0,0,0,0,0,0,0,0,0,0,0
479841.412072,0,0,0,0,0,0,0,0,0,0,0,0,0
479841.417068,0,0,0,0,0,0,0,0,0,0,0,0,0
479841.422155,0,0,0,0,0,0,0,0,0,0,0,0,0
479841.427107,0,0,0,0,0,0,0,0,0,0,0,0,0
479841.432016,0,0,0,0,0,0,0,0,0,0,0,0,0
479841.437089,0,0,0,0,0,0,0,0,0,0,0,0,0
479841.442039,0,0,0,0,0,0,0,0,0,0,0,0,0
479841.447119,0,0,0,0,0,0,0,0,0,0,0,0,0
479841.452214,0,0,0,0,0,0,0,0,0,0,0,0,0
479841.457210,0,0,0,0,0,0,0,0,0,0,0,0,0
479841.462200,0,0,0,0,0,0,0,0,0,0,0,0,0
479841.467160,0,0,0,0,0,0,0,0,0,0,0,0,0
479841.472500,0,0,0,0,0,0,0,0,0,0,0,0,0
479841.477445,0,0,0,0,0,0,0,0,0,0,0,0,0
479841.482202,0,0,0,0,0,0,0,0,0,0,0,0,0
479841.487266,0,0,0,0,0,0,0,0,0,0,0,0,0
479841.492119,0,0,0,0,0,0,0,0,0,0,0,0,0
479841.497152,0,0,0,0,0,0,0,0,0,0,0,0,0
479841.502045,0,0,0,0,0,0,0,0,0,0,0,0,0
479841.507088,0,0,0,0,0,0,0,0,0,0,0,0,0
479841.512149,0,0,0,0,0,0,0,0,0,0,0,0,0
479841.517063,0,0,0,0,0,0,0,0,0,0,0,0,0
479841.522078,0,0,0,0,0,0,0,0,0,0,0,0,0
479841.527178,0,0,0,0,0,0,0,0,0,0,0,0,0
479841.532037,0,0,0,0,0,0,0,0,0,0,0,0,0
479841.537152,0,0,0,0,0,0,0,0,0,0,0,0,0
479841.542158,0,0,0,0,0,0,0,0,0,0,0,0,0
479841.547178,0,0,0,0,0,0,0,0,0,0,0,0,0
479841.552133,0,0,0,0,0,0,0,0,0,0,0,0,0
479841.557245,0,0,0,0,0,0,0,0,0,0,0,0,0
479841.562119,0,0,0,0,0,0,0,0,0,0,0,0,0
479841.567071,0,0,0,0,0,0,0,0,0,0,0,0,0
479841.572130,0,0,0,0,0,0,0,0,0,0,0,0,0
479841.577069,0,0,0,0,0,0,0,0,0,0,0,0,0
479841.582242,0,0,0,0,0,0,0,0,0,0,0,0,0
479841.587072,0,0,0,0,0,0,0,0,0,0,0,0,0
479841.592114,0,0,0,0,0,0,0,0,0,0,0,0,0
479841.597430,0,0,0,0,0,0,0,0,0,0,0,0,0
479841.602236,0,0,0,0,0,0,0,0,0,0,0,0,0
479841.607241,0,0,0,0,0,0,0,0,0,0,0,0,0
479841.612179,0,0,0,0,0,0,0,0,0,0,0,0,0
479841.617079,0,0,0,0,0,0,0,0,0,0,0,0,0
479841.622131,0,0,0,0,0,0,0,0,0,0,0,0,0
479841.627086,0,0,0,0,0,0,0,0,0,0,0,0,0
479841.632052,0,0,0,0,0,0,0,0,0,0,0,0,0
479841.637074,0,0,0,0,0,0,0,0,0,0,0,0,0
479841.642185,0,0,0,0,0,0,0,0,0,0,0,0,0
479841.647138,0,0,0,0,0,0,0,0,0,0,0,0,0
479841.652204,0,0,0,0,0,0,0,0,0,0,0,0,0
479841.657281,0,0,0,0,0,0,0,0,0,0,0,0,0
479841.662124,0,0,0,0,0,0,0,0,0,0,0,0,0
479841.667109,0,0,0,0,0,0,0,0,0,0,0,0,0
479841.672159,0,0,0,0,0,0,0,0,0,0,0,0,0
479841.677188,0,0,0,0,0,0,0,0,0,0,0,0,0
479841.682247,0,0,0,0,0,0,0,0,0,0,0,0,0
479841.687167,0,0,0,0,0,0,0,0,0,0,0,0,0
479841.692140,0,0,0,0,0,0,0,0,0,0,0,0,0
479841.697345,0,0,0,0,0,0,0,0,0,0,0,0,0
479841.702294,0,0,0,0,0,0,0,0,0,0,0,0,0
479841.707152,0,0,0,0,0,0,0,0,0,0,0,0,0
479841.712101,0,0,0,0,0,0,0,0,0,0,0,0,0
479841.717177,0,0,0,0,0,0,0,0,0,0,0,0,0
479841.722105,0,0,0,0,0,0,0,0,0,0,0,0,0
479841.727140,0,0,0,0,0,0,0,0,0,0,0,0,0
479841.732242,0,0,0,0,0,0,0,0,0,0,0,0,0
479841.737067,0,0,0,0,0,0,0,0,0,0,0,0,0
479841.742053,0,0,0,0,0,0,0,0,0,0,0,0,0
479841.747118,0,0,0,0,0,0,0,0,0,0,0,0,0
479841.752290,0,0,0,0,0,0,0,0,0,0,0,0,0
479841.757268,0,0,0,0,0,0,0,0,0,0,0,0,0
479841.762137,0,0,0,0,0,0,0,0,0,0,0,0,0
479841.767187,0,0,0,0,0,0,0,0,0,0,0,0,0
479841.772307,0,0,0,0,0,0,0,0,0,0,0,0,0
479841.777161,0,0,0,0,0,0,0,0,0,0,0,0,0
479841.782054,0,0,0,0,0,0,0,0,0,0,0,0,0
479841.787275,0,0,0,0,0,0,0,0,0,0,0,0,0
479841.792161,0,0,0,0,0,0,0,0,0,0,0,0,0
479841.797185,0,0,0,0,0,0,0,0,0,0,0,0,0
479841.802154,0,0,0,0,0,0,0,0,0,0,0,0,0
479841.807113,0,0,0,0,0,0,0,0,0,0,0,0,0
479841.812117,0,0,0,0,0,0,0,0,0,0,0,0,0
479841.817228,0,0,0,0,0,0,0,0,0,0,0,0,0
479841.822306,0,0,0,0,0,0,0,0,0,0,0,0,0
479841.827282,0,0,0,0,0,0,0,0,0,0,0,0,0
479841.832244,0,0,0,0,0,0,0,0,0,0,0,0,0
479841.837263,0,0,0,0,0,0,0,0,0,0,0,0,0
479841.842241,0,0,0,0,0,0,0,0,0,0,0,0,0
479841.847282,0,0,0,0,0,0,0,0,0,0,0,0,0
479841.852283,0,0,0,0,0,0,0,0,0,0,0,0,0
479841.857182,0,0,0,0,0,0,0,0,0,0,0,0,0
479841.862489,0,0,0,0,0,0,0,0,0,0,0,0,0
479841.867125,0,0,0,0,0,0,0,0,0,0,0,0,0
479841.872191,0,0,0,0,0,0,0,0,0,0,0,0,0
479841.877194,0,0,0,0,0,0,0,0,0,0,0,0,0
479841.882121,0,0,0,0,0,0,0,0,0,0,0,0,0
479841.887207,0,0,0,0,0,0,0,0,0,0,0,0,0
479841.892164,0,0,0,0,0,0,0,0,0,0,0,0,0
479841.897183,0,0,0,0,0,0,0,0,0,0,0,0,0
479841.902292,0,0,0,0,0,0,0,0,0,0,0,0,0
479841.907096,0,0,0,0,0,0,0,0,0,0,0,0,0
479841.912177,0,0,0,0,0,0,0,0,0,0,0,0,0
479841.917099,0,0,0,0,0,0,0,0,0,0,0,0,0
479841.922157,0,0,0,0,0,0,0,0,0,0,0,0,0
479841.927065,0,0,0,0,0,0,0,0,0,0,0,0,0
479841.932038,0,0,0,0,0,0,0,0,0,0,0,0,0
479841.937180,0,0,0,0,0,0,0,0,0,0,0,0,0
479841.942019,0,0,0,0,0,0,0,0,0,0,0,0,0
479841.947164,0,0,0,0,0,0,0,0,0,0,0,0,0
479841.952199,0,0,0,0,0,0,0,0,0,0,0,0,0
479841.957170,0,0,0,0,0,0,0,0,0,0,0,0,0
479841.962175,0,0,0,0,0,0,0,0,0,0,0,0,0
479841.967253,0,0,0,0,0,0,0,0,0,0,0,0,0
479841.972327,0,0,0,0,0,0,0,0,0,0,0,0,0
479841.977182,0,0,0,0,0,0,0,0,0,0,0,0,0
479841.982269,0,0,0,0,0,0,0,0,0,0,0,0,0
479841.987134,0,0,0,0,0,0,0,0,0,0,0,0,0
479841.992328,0,0,0,0,0,0,0,0,0,0,0,0,0
479841.997366,0,0,0,0,0,0,0,0,0,0,0,0,0
479842.002183,0,0,0,0,0,0,0,0,0,0,0,0,0
479842.007331,0,0,0,0,0,0,0,0,0,0,0,0,0
479842.012347,0,0,0,0,0,0,0,0,0,0,0,0,0
479842.017068,0,0,0,0,0,0,0,0,0,0,0,0,0
479842.022475,0,0,0,0,0,0,0,0,0,0,0,0,0
479842.027464,0,0,0,0,0,0,0,0,0,0,0,0,0
479842.032322,0,0,0,0,0,0,0,0,0,0,0,0,0
479842.037164,0,0,0,0,0,0,0,0,0,0,0,0,0
479842.042069,0,0,0,0,0,0,0,0,0,0,0,0,0
479842.047120,0,0,0,0,0,0,0,0,0,0,0,0,0
479842.052118,0,0,0,0,0,0,0,0,0,0,0,0,0
479842.057143,0,0,0,0,0,0,0,0,0,0,0,0,0
479842.062254,0,0,0,0,0,0,0,0,0,0,0,0,0
479842.067155,0,0,0,0,0,0,0,0,0,0,0,0,0
479842.072238,0,0,0,0,0,0,0,0,0,0,0,0,0
479842.077080,0,0,0,0,0,0,0,0,0,0,0,0,0
479842.082112,0,0,0,0,0,0,0,0,0,0,0,0,0
479842.087057,0,0,0,0,0,0,0,0,0,0,0,0,0
479842.092208,0,0,0,0,0,0,0,0,0,0,0,0,0
479842.097283,0,0,0,0,0,0,0,0,0,0,0,0,0
479842.102241,0,0,0,0,0,0,0,0,0,0,0,0,0
479842.107199,0,0,0,0,0,0,0,0,0,0,0,0,0
479842.112090,0,0,0,0,0,0,0,0,0,0,0,0,0
479842.117062,0,0,0,0,0,0,0,0,0,0,0,0,0
479842.122365,0,0,0,0,0,0,0,0,0,0,0,0,0
479842.127320,0,0,0,0,0,0,0,0,0,0,0,0,0
479842.132191,0,0,0,0,0,0,0,0,0,0,0,0,0
479842.137351,0,0,0,0,0,0,0,0,0,0,0,0,0
479842.142093,0,0,0,0,0,0,0,0,0,0,0,0,0
479842.147282,0,0,0,0,0,0,0,0,0,0,0,0,0
479842.152119,0,0,0,0,0,0,0,0,0,0,0,0,0
479842.157311,0,0,0,0,0,0,0,0,0,0,0,0,0
479842.162123,0,0,0,0,0,0,0,0,0,0,0,0,0
479842.167072,0,0,0,0,0,0,0,0,0,0,0,0,0
479842.172159,0,0,0,0,0,0,0,0,0,0,0,0,0
479842.177245,0,0,0,0,0,0,0,0,0,0,0,0,0
479842.182189,0,0,0,0,0,0,0,0,0,0,0,0,0
479842.187151,0,0,0,0,0,0,0,0,0,0,0,0,0
479842.192298,0,0,0,0,0,0,0,0,0,0,0,0,0
479842.197276,0,0,0,0,0,0,0,0,0,0,0,0,0
479842.202314,0,0,0,0,0,0,0,0,0,0,0,0,0
479842.207259,0,0,0,0,0,0,0,0,0,0,0,0,0
479842.212282,0,0,0,0,0,0,0,0,0,0,0,0,0
479842.217176,0,0,0,0,0,0,0,0,0,0,0,0,0
479842.222237,0,0,0,0,0,0,0,0,0,0,0,0,0
479842.227313,0,0,0,0,0,0,0,0,0,0,0,0,0
479842.232138,0,0,0,0,0,0,0,0,0,0,0,0,0
479842.237288,0,0,0,0,0,0,0,0,0,0,0,0,0
479842.242314,0,0,0,0,0,0,0,0,0,0,0,0,0
479842.247128,0,0,0,0,0,0,0,0,0,0,0,0,0
479842.252114,0,0,0,0,0,0,0,0,0,0,0,0,0
479842.257162,0,0,0,0,0,0,0,0,0,0,0,0,0
479842.262206,0,0,0,0,0,0,0,0,0,0,0,0,0
479842.267152,0,0,0,0,0,0,0,0,0,0,0,0,0
479842.272227,0,0,0,0,0,0,0,0,0,0,0,0,0
479842.277164,0,0,0,0,0,0,0,0,0,0,0,0,0
479842.282180,0,0,0,0,0,0,0,0,0,0,0,0,0
479842.287058,0,0,0,0,0,0,0,0,0,0,0,0,0
479842.292190,0,0,0,0,0,0,0,0,0,0,0,0,0
479842.297191,0,0,0,0,0,0,0,0,0,0,0,0,0
479842.302175,0,0,0,0,0,0,0,0,0,0,0,0,0
479842.307340,0,0,0,0,0,0,0,0,0,0,0,0,0
479842.312334,0,0,0,0,0,0,0,0,0,0,0,0,0
479842.317300,0,0,0,0,0,0,0,0,0,0,0,0,0
479842.322184,0,0,0,0,0,0,0,0,0,0,0,0,0
479842.327356,0,0,0,0,0,0,0,0,0,0,0,0,0
479842.332111,0,0,0,0,0,0,0,0,0,0,0,0,0
479842.337281,0,0,0,0,0,0,0,0,0,0,0,0,0
479842.342151,0,0,0,0,0,0,0,0,0,0,0,0,0
479842.347272,0,0,0,0,0,0,0,0,0,0,0,0,0
479842.352088,0,0,0,0,0,0,0,0,0,0,0,0,0
479842.357214,0,0,0,0,0,0,0,0,0,0,0,0,0
479842.362321,0,0,0,0,0,0,0,0,0,0,0,0,0
479842.367277,0,0,0,0,0,0,0,0,0,0,0,0,0
479842.372275,0,0,0,0,0,0,0,0,0,0,0,0,0
479842.377279,0,0,0,0,0,0,0,0,0,0,0,0,0
479842.382259,0,0,0,0,0,0,0,0,0,0,0,0,0
479842.387145,0,0,0,0,0,0,0,0,0,0,0,0,0
479842.392328,0,0,0,0,0,0,0,0,0,0,0,0,0
479842.397368,0,0,0,0,0,0,0,0,0,0,0,0,0
479842.402315,0,0,0,0,0,0,0,0,0,0,0,0,0
479842.407301,0,0,0,0,0,0,0,0,0,0,0,0,0
479842.412264,0,0,0,0,0,0,0,0,0,0,0,0,0
479842.417262,0,0,0,0,0,0,0,0,0,0,0,0,0
479842.422295,0,0,0,0,0,0,0,0,0,0,0,0,0
479842.427351,0,0,0,0,0,0,0,0,0,0,0,0,0
479842.432287,0,0,0,0,0,0,0,0,0,0,0,0,0
479842.437388,0,0,0,0,0,0,0,0,0,0,0,0,0
479842.442317,0,0,0,0,0,0,0,0,0,0,0,0,0
479842.447289,0,0,0,0,0,0,0,0,0,0,0,0,0
479842.452225,0,0,0,0,0,0,0,0,0,0,0,0,0
479842.457138,0,0,0,0,0,0,0,0,0,0,0,0,0
479842.462092,0,0,0,0,0,0,0,0,0,0,0,0,0
479842.467165,0,0,0,0,0,0,0,0,0,0,0,0,0
479842.472202,0,0,0,0,0,0,0,0,0,0,0,0,0
479842.477175,0,0,0,0,0,0,0,0,0,0,0,0,0
479842.482160,0,0,0,0,0,0,0,0,0,0,0,0,0
479842.487071,0,0,0,0,0,0,0,0,0,0,0,0,0
479842.492318,0,0,0,0,0,0,0,0,0,0,0,0,0
479842.497387,0,0,0,0,0,0,0,0,0,0,0,0,0
479842.502333,0,0,0,0,0,0,0,0,0,0,0,0,0
479842.507331,0,0,0,0,0,0,0,0,0,0,0,0,0
479842.512226,0,0,0,0,0,0,0,0,0,0,0,0,0
479842.517200,0,0,0,0,0,0,0,0,0,0,0,0,0
479842.522271,0,0,0,0,0,0,0,0,0,0,0,0,0
479842.527223,0,0,0,0,0,0,0,0,0,0,0,0,0
479842.532114,0,0,0,0,0,0,0,0,0,0,0,0,0
479842.537275,0,0,0,0,0,0,0,0,0,0,0,0,0
479842.542174,0,0,0,0,0,0,0,0,0,0,0,0,0
479842.547268,0,0,0,0,0,0,0,0,0,0,0,0,0
479842.552251,0,0,0,0,0,0,0,0,0,0,0,0,0
479842.557304,0,0,0,0,0,0,0,0,0,0,0,0,0
479842.562265,0,0,0,0,0,0,0,0,0,0,0,0,0
479842.567283,0,0,0,0,0,0,0,0,0,0,0,0,0
479842.572320,0,0,0,0,0,0,0,0,0,0,0,0,0
479842.577292,0,0,0,0,0,0,0,0,0,0,0,0,0
479842.582238,0,0,0,0,0,0,0,0,0,0,0,0,0
479842.587152,0,0,0,0,0,0,0,0,0,0,0,0,0
479842.592256,0,0,0,0,0,0,0,0,0,0,0,0,0
479842.597376,0,0,0,0,0,0,0,0,0,0,0,0,0
479842.602318,0,0,0,0,0,0,0,0,0,0,0,0,0
479842.607320,0,0,0,0,0,0,0,0,0,0,0,0,0
479842.612252,0,0,0,0,0,0,0,0,0,0,0,0,0
479842.617275,0,0,0,0,0,0,0,0,0,0,0,0,0
479842.622314,0,0,0,0,0,0,0,0,0,0,0,0,0
479842.627316,0,0,0,0,0,0,0,0,0,0,0,0,0
479842.632133,0,0,0,0,0,0,0,0,0,0,0,0,0
479842.637209,0,0,0,0,0,0,0,0,0,0,0,0,0
479842.642300,0,0,0,0,0,0,0,0,0,0,0,0,0
479842.647231,0,0,0,0,0,0,0,0,0,0,0,0,0
479842.652348,0,0,0,0,0,0,0,0,0,0,0,0,0
479842.657274,0,0,0,0,0,0,0,0,0,0,0,0,0
479842.662151,0,0,0,0,0,0,0,0,0,0,0,0,0
479842.667113,0,0,0,0,0,0,0,0,0,0,0,0,0
479842.672185,0,0,0,0,0,0,0,0,0,0,0,0,0
479842.677142,0,0,0,0,0,0,0,0,0,0,0,0,0
479842.682134,0,0,0,0,0,0,0,0,0,0,0,0,0
479842.687225,0,0,0,0,0,0,0,0,0,0,0,0,0
479842.692189,0,0,0,0,0,0,0,0,0,0,0,0,0
479842.697248,0,0,0,0,0,0,0,0,0,0,0,0,0
479842.702203,0,0,0,0,0,0,0,0,0,0,0,0,0
479842.707289,0,0,0,0,0,0,0,0,0,0,0,0,0
479842.712118,0,0,0,0,0,0,0,0,0,0,0,0,0
479842.717198,0,0,0,0,0,0,0,0,0,0,0,0,0
479842.722364,0,0,0,0,0,0,0,0,0,0,0,0,0
479842.727181,0,0,0,0,0,0,0,0,0,0,0,0,0
479842.732220,0,0,0,0,0,0,0,0,0,0,0,0,0
479842.737210,0,0,0,0,0,0,0,0,0,0,0,0,0
479842.742179,0,0,0,0,0,0,0,0,0,0,0,0,0
479842.747298,0,0,0,0,0,0,0,0,0,0,0,0,0
479842.752371,0,0,0,0,0,0,0,0,0,0,0,0,0
479842.757386,0,0,0,0,0,0,0,0,0,0,0,0,0
479842.762621,0,0,0,0,0,0,0,0,0,0,0,0,0
479842.767064,0,0,0,0,0,0,0,0,0,0,0,0,0
479842.772396,0,0,0,0,0,0,0,0,0,0,0,0,0
479842.777708,0,0,0,0,0,0,0,0,0,0,0,0,0
479842.782666,0,0,0,0,0,0,0,0,0,0,0,0,0
479842.787220,0,0,0,0,0,0,0,0,0,0,0,0,0
479842.792257,0,0,0,0,0,0,0,0,0,0,0,0,0
479842.797317,0,0,0,0,0,0,0,0,0,0,0,0,0
479842.802384,0,0,0,0,0,0,0,0,0,0,0,0,0
479842.807240,0,0,0,0,0,0,0,0,0,0,0,0,0
479842.812142,0,0,0,0,0,0,0,0,0,0,0,0,0
479842.817151,0,0,0,0,0,0,0,0,0,0,0,0,0
479842.822214,0,0,0,0,0,0,0,0,0,0,0,0,0
479842.827169,0,0,0,0,0,0,0,0,0,0,0,0,0
479842.832194,0,0,0,0,0,0,0,0,0,0,0,0,0
479842.837257,0,0,0,0,0,0,0,0,0,0,0,0,0
479842.843202,0,0,0,0,0,0,0,0,0,0,0,0,0
479842.847156,0,0,0,0,0,0,0,0,0,0,0,0,0
479842.852131,0,0,0,0,0,0,0,0,0,0,0,0,0
479842.857197,0,0,0,0,0,0,0,0,0,0,0,0,0
479842.862189,0,0,0,0,0,0,0,0,0,0,0,0,0
479842.867203,0,0,0,0,0,0,0,0,0,0,0,0,0
479842.872134,0,0,0,0,0,0,0,0,0,0,0,0,0
479842.877046,0,0,0,0,0,0,0,0,0,0,0,0,0
479842.882197,0,0,0,0,0,0,0,0,0,0,0,0,0
479842.887053,0,0,0,0,0,0,0,0,0,0,0,0,0
479842.892200,0,0,0,0,0,0,0,0,0,0,0,0,0
479842.897280,0,0,0,0,0,0,0,0,0,0,0,0,0
479842.902347,0,0,0,0,0,0,0,0,0,0,0,0,0
479842.907139,0,0,0,0,0,0,0,0,0,0,0,0,0
479842.912074,0,0,0,0,0,0,0,0,0,0,0,0,0
479842.917040,0,0,0,0,0,0,0,0,0,0,0,0,0
479842.922404,0,0,0,0,0,0,0,0,0,0,0,0,0
479842.927542,0,0,0,0,0,0,0,0,0,0,0,0,0
479842.932295,0,0,0,0,0,0,0,0,0,0,0,0,0
479842.937378,0,0,0,0,0,0,0,0,0,0,0,0,0
479842.942097,0,0,0,0,0,0,0,0,0,0,0,0,0
479842.947121,0,0,0,0,0,0,0,0,0,0,0,0,0
479842.952277,0,0,0,0,0,0,0,0,0,0,0,0,0
479842.957337,0,0,0,0,0,0,0,0,0,0,0,0,0
479842.962321,0,0,0,0,0,0,0,0,0,0,0,0,0
479842.967286,0,0,0,0,0,0,0,0,0,0,0,0,0
479842.972304,0,0,0,0,0,0,0,0,0,0,0,0,0
479842.977169,0,0,0,0,0,0,0,0,0,0,0,0,0
479842.982154,0,0,0,0,0,0,0,0,0,0,0,0,0
479842.987153,0,0,0,0,0,0,0,0,0,0,0,0,0
479842.992304,0,0,0,0,0,0,0,0,0,0,0,0,0
479842.997397,0,0,0,0,0,0,0,0,0,0,0,0,0
479843.002197,0,0,0,0,0,0,0,0,0,0,0,0,0
479843.007203,0,0,0,0,0,0,0,0,0,0,0,0,0
479843.012227,0,0,0,0,0,0,0,0,0,0,0,0,0
479843.017030,0,0,0,0,0,0,0,0,0,0,0,0,0
479843.022276,0,0,0,0,0,0,0,0,0,0,0,0,0
479843.027248,0,0,0,0,0,0,0,0,0,0,0,0,0
479843.032067,0,0,0,0,0,0,0,0,0,0,0,0,0
479843.037146,0,0,0,0,0,0,0,0,0,0,0,0,0
479843.042065,0,0,0,0,0,0,0,0,0,0,0,0,0
479843.047084,0,0,0,0,0,0,0,0,0,0,0,0,0
479843.052216,0,0,0,0,0,0,0,0,0,0,0,0,0
479843.057204,0,0,0,0,0,0,0,0,0,0,0,0,0
479843.062188,0,0,0,0,0,0,0,0,0,0,0,0,0
479843.067106,0,0,0,0,0,0,0,0,0,0,0,0,0
479843.072322,0,0,0,0,0,0,0,0,0,0,0,0,0
479843.077159,0,0,0,0,0,0,0,0,0,0,0,0,0
479843.082346,0,0,0,0,0,0,0,0,0,0,0,0,0
479843.087146,0,0,0,0,0,0,0,0,0,0,0,0,0
479843.092279,0,0,0,0,0,0,0,0,0,0,0,0,0
479843.097344,0,0,0,0,0,0,0,0,0,0,0,0,0
479843.102311,0,0,0,0,0,0,0,0,0,0,0,0,0
479843.107292,0,0,0,0,0,0,0,0,0,0,0,0,0
479843.112298,0,0,0,0,0,0,0,0,0,0,0,0,0
479843.117269,0,0,0,0,0,0,0,0,0,0,0,0,0
479843.122336,0,0,0,0,0,0,0,0,0,0,0,0,0
479843.127326,0,0,0,0,0,0,0,0,0,0,0,0,0
479843.132129,0,0,0,0,0,0,0,0,0,0,0,0,0
479843.137312,0,0,0,0,0,0,0,0,0,0,0,0,0
479843.142130,0,0,0,0,0,0,0,0,0,0,0,0,0
479843.147387,0,0,0,0,0,0,0,0,0,0,0,0,0
479843.152312,0,0,0,0,0,0,0,0,0,0,0,0,0
479843.157279,0,0,0,0,0,0,0,0,0,0,0,0,0
479843.162332,0,0,0,0,0,0,0,0,0,0,0,0,0
479843.167368,0,0,0,0,0,0,0,0,0,0,0,0,0
479843.172186,0,0,0,0,0,0,0,0,0,0,0,0,0
479843.177333,0,0,0,0,0,0,0,0,0,0,0,0,0
479843.182331,0,0,0,0,0,0,0,0,0,0,0,0,0
479843.187309,0,0,0,0,0,0,0,0,0,0,0,0,0
479843.192193,0,0,0,0,0,0,0,0,0,0,0,0,0
479843.197202,0,0,0,0,0,0,0,0,0,0,0,0,0
479843.202281,0,0,0,0,0,0,0,0,0,0,0,0,0
479843.207380,0,0,0,0,0,0,0,0,0,0,0,0,0
479843.212329,0,0,0,0,0,0,0,0,0,0,0,0,0
479843.217261,0,0,0,0,0,0,0,0,0,0,0,0,0
479843.222330,0,0,0,0,0,0,0,0,0,0,0,0,0
479843.227361,0,0,0,0,0,0,0,0,0,0,0,0,0
479843.232327,0,0,0,0,0,0,0,0,0,0,0,0,0
479843.237159,0,0,0,0,0,0,0,0,0,0,0,0,0
479843.242087,0,0,0,0,0,0,0,0,0,0,0,0,0
479843.247342,0,0,0,0,0,0,0,0,0,0,0,0,0
479843.252326,0,0,0,0,0,0,0,0,0,0,0,0,0
479843.257235,0,0,0,0,0,0,0,0,0,0,0,0,0
479843.262234,0,0,0,0,0,0,0,0,0,0,0,0,0
479843.267295,0,0,0,0,0,0,0,0,0,0,0,0,0
479843.272352,0,0,0,0,0,0,0,0,0,0,0,0,0
479843.277325,0,0,0,0,0,0,0,0,0,0,0,0,0
479843.282361,0,0,0,0,0,0,0,0,0,0,0,0,0
479843.287249,0,0,0,0,0,0,0,0,0,0,0,0,0
479843.292367,0,0,0,0,0,0,0,0,0,0,0,0,0
479843.297418,0,0,0,0,0,0,0,0,0,0,0,0,0
479843.302359,0,0,0,0,0,0,0,0,0,0,0,0,0
479843.307368,0,0,0,0,0,0,0,0,0,0,0,0,0
479843.312367,0,0,0,0,0,0,0,0,0,0,0,0,0
479843.317203,0,0,0,0,0,0,0,0,0,0,0,0,0
479843.322360,0,0,0,0,0,0,0,0,0,0,0,0,0
479843.327376,0,0,0,0,0,0,0,0,0,0,0,0,0
479843.332186,0,0,0,0,0,0,0,0,0,0,0,0,0
479843.337270,0,0,0,0,0,0,0,0,0,0,0,0,0
479843.342331,0,0,0,0,0,0,0,0,0,0,0,0,0
479843.347178,0,0,0,0,0,0,0,0,0,0,0,0,0
479843.352328,0,0,0,0,0,0,0,0,0,0,0,0,0
479843.357368,0,0,0,0,0,0,0,0,0,0,0,0,0
479843.362364,0,0,0,0,0,0,0,0,0,0,0,0,0
479843.367257,0,0,0,0,0,0,0,0,0,0,0,0,0
479843.372335,0,0,0,0,0,0,0,0,0,0,0,0,0
479843.377342,0,0,0,0,0,0,0,0,0,0,0,0,0
479843.382327,0,0,0,0,0,0,0,0,0,0,0,0,0
479843.387160,0,0,0,0,0,0,0,0,0,0,0,0,0
479843.392206,0,0,0,0,0,0,0,0,0,0,0,0,0
479843.397388,0,0,0,0,0,0,0,0,0,0,0,0,0
479843.402183,0,0,0,0,0,0,0,0,0,0,0,0,0
479843.407130,0,0,0,0,0,0,0,0,0,0,0,0,0
479843.412182,0,0,0,0,0,0,0,0,0,0,0,0,0
479843.417132,0,0,0,0,0,0,0,0,0,0,0,0,0
479843.422197,0,0,0,0,0,0,0,0,0,0,0,0,0
479843.427262,0,0,0,0,0,0,0,0,0,0,0,0,0
479843.432048,0,0,0,0,0,0,0,0,0,0,0,0,0
479843.437220,0,0,0,0,0,0,0,0,0,0,0,0,0
479843.442115,0,0,0,0,0,0,0,0,0,0,0,0,0
479843.447152,0,0,0,0,0,0,0,0,0,0,0,0,0
479843.452155,0,0,0,0,0,0,0,0,0,0,0,0,0
479843.457114,0,0,0,0,0,0,0,0,0,0,0,0,0
479843.462169,0,0,0,0,0,0,0,0,0,0,0,0,0
479843.467357,0,0,0,0,0,0,0,0,0,0,0,0,0
479843.472201,0,0,0,0,0,0,0,0,0,0,0,0,0
479843.477164,0,0,0,0,0,0,0,0,0,0,0,0,0
479843.482156,0,0,0,0,0,0,0,0,0,0,0,0,0
479843.487159,0,0,0,0,0,0,0,0,0,0,0,0,0
479843.492297,0,0,0,0,0,0,0,0,0,0,0,0,0
479843.497401,0,0,0,0,0,0,0,0,0,0,0,0,0
479843.502269,0,0,0,0,0,0,0,0,0,0,0,0,0
479843.507244,0,0,0,0,0,0,0,0,0,0,0,0,0
479843.512059,0,0,0,0,0,0,0,0,0,0,0,0,0
479843.517359,0,0,0,0,0,0,0,0,0,0,0,0,0
479843.522191,0,0,0,0,0,0,0,0,0,0,0,0,0
479843.527336,0,0,0,0,0,0,0,0,0,0,0,0,0
479843.532138,0,0,0,0,0,0,0,0,0,0,0,0,0
479843.537202,0,0,0,0,0,0,0,0,0,0,0,0,0
479843.542117,0,0,0,0,0,0,0,0,0,0,0,0,0
479843.547339,0,0,0,0,0,0,0,0,0,0,0,0,0
479843.552275,0,0,0,0,0,0,0,0,0,0,0,0,0
479843.557169,0,0,0,0,0,0,0,0,0,0,0,0,0
479843.562196,0,0,0,0,0,0,0,0,0,0,0,0,0
479843.567435,0,0,0,0,0,0,0,0,0,0,0,0,0
479843.572184,0,0,0,0,0,0,0,0,0,0,0,0,0
479843.577314,0,0,0,0,0,0,0,0,0,0,0,0,0
479843.582240,0,0,0,0,0,0,0,0,0,0,0,0,0
479843.587195,0,0,0,0,0,0,0,0,0,0,0,0,0
479843.592341,0,0,0,0,0,0,0,0,0,0,0,0,0
479843.597398,0,0,0,0,0,0,0,0,0,0,0,0,0
479843.602157,0,0,0,0,0,0,0,0,0,0,0,0,0
479843.607315,0,0,0,0,0,0,0,0,0,0,0,0,0
479843.612326,0,0,0,0,0,0,0,0,0,0,0,0,0
479843.617417,0,0,0,0,0,0,0,0,0,0,0,0,0
479843.622159,0,0,0,0,0,0,0,0,0,0,0,0,0
479843.627371,0,0,0,0,0,0,0,0,0,0,0,0,0
479843.632162,0,0,0,0,0,0,0,0,0,0,0,0,0
479843.637304,0,0,0,0,0,0,0,0,0,0,0,0,0
479843.642170,0,0,0,0,0,0,0,0,0,0,0,0,0
479843.647298,0,0,0,0,0,0,0,0,0,0,0,0,0
479843.652263,0,0,0,0,0,0,0,0,0,0,0,0,0
479843.657176,0,0,0,0,0,0,0,0,0,0,0,0,0
479843.662334,0,0,0,0,0,0,0,0,0,0,0,0,0
479843.667454,0,0,0,0,0,0,0,0,0,0,0,0,0
479843.672272,0,0,0,0,0,0,0,0,0,0,0,0,0
479843.677314,0,0,0,0,0,0,0,0,0,0,0,0,0
479843.682169,0,0,0,0,0,0,0,0,0,0,0,0,0
479843.687166,0,0,0,0,0,0,0,0,0,0,0,0,0
479843.692312,0,0,0,0,0,0,0,0,0,0,0,0,0
479843.697483,0,0,0,0,0,0,0,0,0,0,0,0,0
479843.702166,0,0,0,0,0,0,0,0,0,0,0,0,0
479843.707154,0,0,0,0,0,0,0,0,0,0,0,0,0
479843.712192,0,0,0,0,0,0,0,0,0,0,0,0,0
479843.717313,0,0,0,0,0,0,0,0,0,0,0,0,0
479843.722149,0,0,0,0,0,0,0,0,0,0,0,0,0
479843.727233,0,0,0,0,0,0,0,0,0,0,0,0,0
479843.732074,0,0,0,0,0,0,0,0,0,0,0,0,0
479843.737234,0,0,0,0,0,0,0,0,0,0,0,0,0
479843.742098,0,0,0,0,0,0,0,0,0,0,0,0,0
479843.747305,0,0,0,0,0,0,0,0,0,0,0,0,0
479843.752149,0,0,0,0,0,0,0,0,0,0,0,0,0
479843.757216,0,0,0,0,0,0,0,0,0,0,0,0,0
479843.762337,0,0,0,0,0,0,0,0,0,0,0,0,0
479843.767446,0,0,0,0,0,0,0,0,0,0,0,0,0
479843.772300,0,0,0,0,0,0,0,0,0,0,0,0,0
479843.777175,0,0,0,0,0,0,0,0,0,0,0,0,0
479843.782300,0,0,0,0,0,0,0,0,0,0,0,0,0
479843.787220,0,0,0,0,0,0,0,0,0,0,0,0,0
479843.792408,0,0,0,0,0,0,0,0,0,0,0,0,0
479843.797443,0,0,0,0,0,0,0,0,0,0,0,0,0
479843.802142,0,0,0,0,0,0,0,0,0,0,0,0,0
479843.807355,0,0,0,0,0,0,0,0,0,0,0,0,0
479843.812317,0,0,0,0,0,0,0,0,0,0,0,0,0
479843.817171,0,0,0,0,0,0,0,0,0,0,0,0,0
479843.822098,0,0,0,0,0,0,0,0,0,0,0,0,0
479843.827194,0,0,0,0,0,0,0,0,0,0,0,0,0
479843.832158,0,0,0,0,0,0,0,0,0,0,0,0,0
479843.837304,0,0,0,0,0,0,0,0,0,0,0,0,0
479843.842225,0,0,0,0,0,0,0,0,0,0,0,0,0
479843.847330,0,0,0,0,0,0,0,0,0,0,0,0,0
479843.852133,0,0,0,0,0,0,0,0,0,0,0,0,0
479843.857246,0,0,0,0,0,0,0,0,0,0,0,0,0
479843.862346,0,0,0,0,0,0,0,0,0,0,0,0,0
479843.867435,0,0,0,0,0,0,0,0,0,0,0,0,0
479843.872315,0,0,0,0,0,0,0,0,0,0,0,0,0
479843.877272,0,0,0,0,0,0,0,0,0,0,0,0,0
479843.882165,0,0,0,0,0,0,0,0,0,0,0,0,0
479843.887122,0,0,0,0,0,0,0,0,0,0,0,0,0
479843.892241,0,0,0,0,0,0,0,0,0,0,0,0,0
479843.897157,0,0,0,0,0,0,0,0,0,0,0,0,0
479843.902110,0,0,0,0,0,0,0,0,0,0,0,0,0
479843.907136,0,0,0,0,0,0,0,0,0,0,0,0,0
479843.912226,0,0,0,0,0,0,0,0,0,0,0,0,0
479843.917200,0,0,0,0,0,0,0,0,0,0,0,0,0
479843.922063,0,0,0,0,0,0,0,0,0,0,0,0,0
479843.927219,0,0,0,0,0,0,0,0,0,0,0,0,0
479843.932077,0,0,0,0,0,0,0,0,0,0,0,0,0
479843.937169,0,0,0,0,0,0,0,0,0,0,0,0,0
479843.942136,0,0,0,0,0,0,0,0,0,0,0,0,0
479843.947465,0,0,0,0,0,0,0,0,0,0,0,0,0
479843.952169,0,0,0,0,0,0,0,0,0,0,0,0,0
479843.957292,0,0,0,0,0,0,0,0,0,0,0,0,0
479843.962345,0,0,0,0,0,0,0,0,0,0,0,0,0
479843.967309,0,0,0,0,0,0,0,0,0,0,0,0,0
479843.972260,0,0,0,0,0,0,0,0,0,0,0,0,0
479843.977319,0,0,0,0,0,0,0,0,0,0,0,0,0
479843.982300,0,0,0,0,0,0,0,0,0,0,0,0,0
479843.987171,0,0,0,0,0,0,0,0,0,0,0,0,0
479843.992356,0,0,0,0,0,0,0,0,0,0,0,0,0
479843.997402,0,0,0,0,0,0,0,0,0,0,0,0,0
479844.002179,0,0,0,0,0,0,0,0,0,0,0,0,0
479844.007335,0,0,0,0,0,0,0,0,0,0,0,0,0
479844.012341,0,0,0,0,0,0,0,0,0,0,0,0,0
479844.017309,0,0,0,0,0,0,0,0,0,0,0,0,0
479844.022213,0,0,0,0,0,0,0,0,0,0,0,0,0
479844.027337,0,0,0,0,0,0,0,0,0,0,0,0,0
479844.032164,0,0,0,0,0,0,0,0,0,0,0,0,0
479844.037245,0,0,0,0,0,0,0,0,0,0,0,0,0
479844.042122,0,0,0,0,0,0,0,0,0,0,0,0,0
479844.047293,0,0,0,0,0,0,0,0,0,0,0,0,0
479844.052188,0,0,0,0,0,0,0,0,0,0,0,0,0
479844.057164,0,0,0,0,0,0,0,0,0,0,0,0,0
479844.062190,0,0,0,0,0,0,0,0,0,0,0,0,0
479844.067309,0,0,0,0,0,0,0,0,0,0,0,0,0
479844.072350,0,0,0,0,0,0,0,0,0,0,0,0,0
479844.077307,0,0,0,0,0,0,0,0,0,0,0,0,0
479844.082318,0,0,0,0,0,0,0,0,0,0,0,0,0
479844.087175,0,0,0,0,0,0,0,0,0,0,0,0,0
479844.092357,0,0,0,0,0,0,0,0,0,0,0,0,0
479844.097526,0,0,0,0,0,0,0,0,0,0,0,0,0
479844.102202,0,0,0,0,0,0,0,0,0,0,0,0,0
479844.107322,0,0,0,0,0,0,0,0,0,0,0,0,0
479844.112289,0,0,0,0,0,0,0,0,0,0,0,0,0
479844.117329,0,0,0,0,0,0,0,0,0,0,0,0,0
479844.122319,0,0,0,0,0,0,0,0,0,0,0,0,0
479844.127379,0,0,0,0,0,0,0,0,0,0,0,0,0
479844.132158,0,0,0,0,0,0,0,0,0,0,0,0,0
479844.137349,0,0,0,0,0,0,0,0,0,0,0,0,0
479844.142194,0,0,0,0,0,0,0,0,0,0,0,0,0
479844.147313,0,0,0,0,0,0,0,0,0,0,0,0,0
479844.152208,0,0,0,0,0,0,0,0,0,0,0,0,0
479844.157232,0,0,0,0,0,0,0,0,0,0,0,0,0
479844.162372,0,0,0,0,0,0,0,0,0,0,0,0,0
479844.167289,0,0,0,0,0,0,0,0,0,0,0,0,0
479844.172321,0,0,0,0,0,0,0,0,0,0,0,0,0
479844.177202,0,0,0,0,0,0,0,0,0,0,0,0,0
479844.182185,0,0,0,0,0,0,0,0,0,0,0,0,0
479844.187186,0,0,0,0,0,0,0,0,0,0,0,0,0
479844.192227,0,0,0,0,0,0,0,0,0,0,0,0,0
479844.197316,0,0,0,0,0,0,0,0,0,0,0,0,0
479844.202212,0,0,0,0,0,0,0,0,0,0,0,0,0
479844.207380,0,0,0,0,0,0,0,0,0,0,0,0,0
479844.212357,0,0,0,0,0,0,0,0,0,0,0,0,0
479844.217288,0,0,0,0,0,0,0,0,0,0,0,0,0
479844.222119,0,0,0,0,0,0,0,0,0,0,0,0,0
479844.227374,0,0,0,0,0,0,0,0,0,0,0,0,0
479844.232125,0,0,0,0,0,0,0,0,0,0,0,0,0
479844.237299,0,0,0,0,0,0,0,0,0,0,0,0,0
479844.242186,0,0,0,0,0,0,0,0,0,0,0,0,0
479844.247310,0,0,0,0,0,0,0,0,0,0,0,0,0
479844.252180,0,0,0,0,0,0,0,0,0,0,0,0,0
479844.257279,0,0,0,0,0,0,0,0,0,0,0,0,0
479844.262250,0,0,0,0,0,0,0,0,0,0,0,0,0
479844.267335,0,0,0,0,0,0,0,0,0,0,0,0,0
479844.272178,0,0,0,0,0,0,0,0,0,0,0,0,0
479844.277370,0,0,0,0,0,0,0,0,0,0,0,0,0
479844.282317,0,0,0,0,0,0,0,0,0,0,0,0,0
479844.287227,0,0,0,0,0,0,0,0,0,0,0,0,0
479844.292364,0,0,0,0,0,0,0,0,0,0,0,0,0
479844.297497,0,0,0,0,0,0,0,0,0,0,0,0,0
479844.302210,0,0,0,0,0,0,0,0,0,0,0,0,0
479844.307324,0,0,0,0,0,0,0,0,0,0,0,0,0
479844.312326,0,0,0,0,0,0,0,0,0,0,0,0,0
479844.317331,0,0,0,0,0,0,0,0,0,0,0,0,0
479844.322312,0,0,0,0,0,0,0,0,0,0,0,0,0
479844.327396,0,0,0,0,0,0,0,0,0,0,0,0,0
479844.332170,0,0,0,0,0,0,0,0,0,0,0,0,0
479844.337318,0,0,0,0,0,0,0,0,0,0,0,0,0
479844.342090,0,0,0,0,0,0,0,0,0,0,0,0,0
479844.347353,0,0,0,0,0,0,0,0,0,0,0,0,0
479844.352213,0,0,0,0,0,0,0,0,0,0,0,0,0
479844.357430,0,0,0,0,0,0,0,0,0,0,0,0,0
479844.362389,0,0,0,0,0,0,0,0,0,0,0,0,0
479844.367290,0,0,0,0,0,0,0,0,0,0,0,0,0
479844.372328,0,0,0,0,0,0,0,0,0,0,0,0,0
479844.377300,0,0,0,0,0,0,0,0,0,0,0,0,0
479844.382293,0,0,0,0,0,0,0,0,0,0,0,0,0
479844.387193,0,0,0,0,0,0,0,0,0,0,0,0,0
479844.392343,0,0,0,0,0,0,0,0,0,0,0,0,0
479844.397487,0,0,0,0,0,0,0,0,0,0,0,0,0
479844.402234,0,0,0,0,0,0,0,0,0,0,0,0,0
479844.407349,0,0,0,0,0,0,0,0,0,0,0,0,0
479844.412323,0,0,0,0,0,0,0,0,0,0,0,0,0
479844.417310,0,0,0,0,0,0,0,0,0,0,0,0,0
479844.422306,0,0,0,0,0,0,0,0,0,0,0,0,0
479844.427359,0,0,0,0,0,0,0,0,0,0,0,0,0
479844.432221,0,0,0,0,0,0,0,0,0,0,0,0,0
479844.437234,0,0,0,0,0,0,0,0,0,0,0,0,0
479844.442704,0,0,0,0,0,0,0,0,0,0,0,0,0
479844.447281,0,0,0,0,0,0,0,0,0,0,0,0,0
479844.452218,0,0,0,0,0,0,0,0,0,0,0,0,0
479844.457396,0,0,0,0,0,0,0,0,0,0,0,0,0
479844.462289,0,0,0,0,0,0,0,0,0,0,0,0,0
479844.467196,0,0,0,0,0,0,0,0,0,0,0,0,0
479844.472289,0,0,0,0,0,0,0,0,0,0,0,0,0
479844.477318,0,0,0,0,0,0,0,0,0,0,0,0,0
479844.482213,0,0,0,0,0,0,0,0,0,0,0,0,0
479844.487135,0,0,0,0,0,0,0,0,0,0,0,0,0
479844.492326,0,0,0,0,0,0,0,0,0,0,0,0,0
479844.497308,0,0,0,0,0,0,0,0,0,0,0,0,0
479844.502253,0,0,0,0,0,0,0,0,0,0,0,0,0
479844.507309,0,0,0,0,0,0,0,0,0,0,0,0,0
479844.512303,0,0,0,0,0,0,0,0,0,0,0,0,0
479844.517311,0,0,0,0,0,0,0,0,0,0,0,0,0
479844.522309,0,0,0,0,0,0,0,0,0,0,0,0,0
479844.527369,0,0,0,0,0,0,0,0,0,0,0,0,0
479844.532217,0,0,0,0,0,0,0,0,0,0,0,0,0
479844.537290,0,0,0,0,0,0,0,0,0,0,0,0,0
479844.542231,0,0,0,0,0,0,0,0,0,0,0,0,0
479844.547307,0,0,0,0,0,0,0,0,0,0,0,0,0
479844.552226,0,0,0,0,0,0,0,0,0,0,0,0,0
479844.557356,0,0,0,0,0,0,0,0,0,0,0,0,0
479844.562314,0,0,0,0,0,0,0,0,0,0,0,0,0
479844.567291,0,0,0,0,0,0,0,0,0,0,0,0,0
479844.572289,0,0,0,0,0,0,0,0,0,0,0,0,0
479844.577344,0,0,0,0,0,0,0,0,0,0,0,0,0
479844.582313,0,0,0,0,0,0,0,0,0,0,0,0,0
479844.587184,0,0,0,0,0,0,0,0,0,0,0,0,0
479844.592361,0,0,0,0,0,0,0,0,0,0,0,0,0
479844.597507,0,0,0,0,0,0,0,0,0,0,0,0,0
479844.602243,0,0,0,0,0,0,0,0,0,0,0,0,0
479844.607390,0,0,0,0,0,0,0,0,0,0,0,0,0
479844.612305,0,0,0,0,0,0,0,0,0,0,0,0,0
479844.617293,0,0,0,0,0,0,0,0,0,0,0,0,0
479844.622288,0,0,0,0,0,0,0,0,0,0,0,0,0
479844.627340,0,0,0,0,0,0,0,0,0,0,0,0,0
479844.632217,0,0,0,0,0,0,0,0,0,0,0,0,0
479844.637272,0,0,0,0,0,0,0,0,0,0,0,0,0
479844.642221,0,0,0,0,0,0,0,0,0,0,0,0,0
479844.647311,0,0,0,0,0,0,0,0,0,0,0,0,0
479844.652210,0,0,0,0,0,0,0,0,0,0,0,0,0
479844.657265,0,0,0,0,0,0,0,0,0,0,0,0,0
479844.662216,0,0,0,0,0,0,0,0,0,0,0,0,0
479844.667277,0,0,0,0,0,0,0,0,0,0,0,0,0
479844.672286,0,0,0,0,0,0,0,0,0,0,0,0,0
479844.677333,0,0,0,0,0,0,0,0,0,0,0,0,0
479844.682294,0,0,0,0,0,0,0,0,0,0,0,0,0
479844.687181,0,0,0,0,0,0,0,0,0,0,0,0,0
479844.692341,0,0,0,0,0,0,0,0,0,0,0,0,0
479844.697500,0,0,0,0,0,0,0,0,0,0,0,0,0
479844.702284,0,0,0,0,0,0,0,0,0,0,0,0,0
479844.707365,0,0,0,0,0,0,0,0,0,0,0,0,0
479844.712347,0,0,0,0,0,0,0,0,0,0,0,0,0
479844.717343,0,0,0,0,0,0,0,0,0,0,0,0,0
479844.722290,0,0,0,0,0,0,0,0,0,0,0,0,0
479844.727306,0,0,0,0,0,0,0,0,0,0,0,0,0
479844.732217,0,0,0,0,0,0,0,0,0,0,0,0,0
479844.737295,0,0,0,0,0,0,0,0,0,0,0,0,0
479844.742207,0,0,0,0,0,0,0,0,0,0,0,0,0
479844.747285,0,0,0,0,0,0,0,0,0,0,0,0,0
479844.752236,0,0,0,0,0,0,0,0,0,0,0,0,0
479844.757309,0,0,0,0,0,0,0,0,0,0,0,0,0
479844.762329,0,0,0,0,0,0,0,0,0,0,0,0,0
479844.767239,0,0,0,0,0,0,0,0,0,0,0,0,0
479844.772305,0,0,0,0,0,0,0,0,0,0,0,0,0
479844.777269,0,0,0,0,0,0,0,0,0,0,0,0,0
479844.782303,0,0,0,0,0,0,0,0,0,0,0,0,0
479844.787218,0,0,0,0,0,0,0,0,0,0,0,0,0
479844.792347,0,0,0,0,0,0,0,0,0,0,0,0,0
479844.797436,0,0,0,0,0,0,0,0,0,0,0,0,0
479844.802207,0,0,0,0,0,0,0,0,0,0,0,0,0
479844.807283,0,0,0,0,0,0,0,0,0,0,0,0,0
479844.812330,0,0,0,0,0,0,0,0,0,0,0,0,0
479844.817310,0,0,0,0,0,0,0,0,0,0,0,0,0
479844.822187,0,0,0,0,0,0,0,0,0,0,0,0,0
479844.827337,0,0,0,0,0,0,0,0,0,0,0,0,0
479844.832177,0,0,0,0,0,0,0,0,0,0,0,0,0
479844.837294,0,0,0,0,0,0,0,0,0,0,0,0,0
479844.842221,0,0,0,0,0,0,0,0,0,0,0,0,0
479844.847316,0,0,0,0,0,0,0,0,0,0,0,0,0
479844.852227,0,0,0,0,0,0,0,0,0,0,0,0,0
479844.857275,0,0,0,0,0,0,0,0,0,0,0,0,0
479844.862170,0,0,0,0,0,0,0,0,0,0,0,0,0
479844.867199,0,0,0,0,0,0,0,0,0,0,0,0,0
479844.872255,0,0,0,0,0,0,0,0,0,0,0,0,0
479844.877175,0,0,0,0,0,0,0,0,0,0,0,0,0
479844.882217,0,0,0,0,0,0,0,0,0,0,0,0,0
479844.887153,0,0,0,0,0,0,0,0,0,0,0,0,0
479844.892244,0,0,0,0,0,0,0,0,0,0,0,0,0
479844.897314,0,0,0,0,0,0,0,0,0,0,0,0,0
479844.902222,0,0,0,0,0,0,0,0,0,0,0,0,0
479844.907254,0,0,0,0,0,0,0,0,0,0,0,0,0
479844.912225,0,0,0,0,0,0,0,0,0,0,0,0,0
479844.917215,0,0,0,0,0,0,0,0,0,0,0,0,0
479844.922102,0,0,0,0,0,0,0,0,0,0,0,0,0
479844.927252,0,0,0,0,0,0,0,0,0,0,0,0,0
479844.932108,0,0,0,0,0,0,0,0,0,0,0,0,0
479844.937204,0,0,0,0,0,0,0,0,0,0,0,0,0
479844.942163,0,0,0,0,0,0,0,0,0,0,0,0,0
479844.947244,0,0,0,0,0,0,0,0,0,0,0,0,0
479844.952306,0,0,0,0,0,0,0,0,0,0,0,0,0
479844.957350,0,0,0,0,0,0,0,0,0,0,0,0,0
479844.962348,0,0,0,0,0,0,0,0,0,0,0,0,0
479844.967275,0,0,0,0,0,0,0,0,0,0,0,0,0
479844.972323,0,0,0,0,0,0,0,0,0,0,0,0,0
479844.977364,0,0,0,0,0,0,0,0,0,0,0,0,0
479844.982325,0,0,0,0,0,0,0,0,0,0,0,0,0
479844.987223,0,0,0,0,0,0,0,0,0,0,0,0,0
479844.992356,0,0,0,0,0,0,0,0,0,0,0,0,0
479844.997376,0,0,0,0,0,0,0,0,0,0,0,0,0
479845.002328,0,0,0,0,0,0,0,0,0,0,0,0,0
479845.007240,0,0,0,0,0,0,0,0,0,0,0,0,0
479845.012246,0,0,0,0,0,0,0,0,0,0,0,0,0
479845.017237,0,0,0,0,0,0,0,0,0,0,0,0,0
479845.022201,0,0,0,0,0,0,0,0,0,0,0,0,0
479845.027236,0,0,0,0,0,0,0,0,0,0,0,0,0
479845.032127,0,0,0,0,0,0,0,0,0,0,0,0,0
479845.037139,0,0,0,0,0,0,0,0,0,0,0,0,0
479845.042110,0,0,0,0,0,0,0,0,0,0,0,0,0
479845.047201,0,0,0,0,0,0,0,0,0,0,0,0,0
479845.052191,0,0,0,0,0,0,0,0,0,0,0,0,0
479845.057259,0,0,0,0,0,0,0,0,0,0,0,0,0
479845.062238,0,0,0,0,0,0,0,0,0,0,0,0,0
479845.067118,0,0,0,0,0,0,0,0,0,0,0,0,0
479845.072119,0,0,0,0,0,0,0,0,0,0,0,0,0
479845.077168,0,0,0,0,0,0,0,0,0,0,0,0,0
479845.082203,0,0,0,0,0,0,0,0,0,0,0,0,0
479845.087133,0,0,0,0,0,0,0,0,0,0,0,0,0
479845.092240,0,0,0,0,0,0,0,0,0,0,0,0,0
479845.097315,0,0,0,0,0,0,0,0,0,0,0,0,0
479845.102259,0,0,0,0,0,0,0,0,0,0,0,0,0
479845.107220,0,0,0,0,0,0,0,0,0,0,0,0,0
479845.112161,0,0,0,0,0,0,0,0,0,0,0,0,0
479845.117306,0,0,0,0,0,0,0,0,0,0,0,0,0
479845.122279,0,0,0,0,0,0,0,0,0,0,0,0,0
479845.127383,0,0,0,0,0,0,0,0,0,0,0,0,0
479845.132210,0,0,0,0,0,0,0,0,0,0,0,0,0
479845.137292,0,0,0,0,0,0,0,0,0,0,0,0,0
479845.142214,0,0,0,0,0,0,0,0,0,0,0,0,0
479845.147312,0,0,0,0,0,0,0,0,0,0,0,0,0
479845.152298,0,0,0,0,0,0,0,0,0,0,0,0,0
479845.157355,0,0,0,0,0,0,0,0,0,0,0,0,0
479845.162308,0,0,0,0,0,0,0,0,0,0,0,0,0
479845.167272,0,0,0,0,0,0,0,0,0,0,0,0,0
479845.172299,0,0,0,0,0,0,0,0,0,0,0,0,0
479845.177334,0,0,0,0,0,0,0,0,0,0,0,0,0
479845.182290,0,0,0,0,0,0,0,0,0,0,0,0,0
479845.187232,0,0,0,0,0,0,0,0,0,0,0,0,0
479845.192336,0,0,0,0,0,0,0,0,0,0,0,0,0
479845.197304,0,0,0,0,0,0,0,0,0,0,0,0,0
479845.202329,0,0,0,0,0,0,0,0,0,0,0,0,0
479845.207309,0,0,0,0,0,0,0,0,0,0,0,0,0
479845.212337,0,0,0,0,0,0,0,0,0,0,0,0,0
479845.217301,0,0,0,0,0,0,0,0,0,0,0,0,0
479845.222261,0,0,0,0,0,0,0,0,0,0,0,0,0
479845.227314,0,0,0,0,0,0,0,0,0,0,0,0,0
479845.232220,0,0,0,0,0,0,0,0,0,0,0,0,0
479845.237204,0,0,0,0,0,0,0,0,0,0,0,0,0
479845.242216,0,0,0,0,0,0,0,0,0,0,0,0,0
479845.247325,0,0,0,0,0,0,0,0,0,0,0,0,0
479845.252297,0,0,0,0,0,0,0,0,0,0,0,0,0
479845.257266,0,0,0,0,0,0,0,0,0,0,0,0,0
479845.262197,0,0,0,0,0,0,0,0,0,0,0,0,0
479845.267147,0,0,0,0,0,0,0,0,0,0,0,0,0
479845.272221,0,0,0,0,0,0,0,0,0,0,0,0,0
479845.277270,0,0,0,0,0,0,0,0,0,0,0,0,0
479845.282225,0,0,0,0,0,0,0,0,0,0,0,0,0
479845.287135,0,0,0,0,0,0,0,0,0,0,0,0,0
479845.292269,0,0,0,0,0,0,0,0,0,0,0,0,0
479845.297393,0,0,0,0,0,0,0,0,0,0,0,0,0
479845.302322,0,0,0,0,0,0,0,0,0,0,0,0,0
479845.307305,0,0,0,0,0,0,0,0,0,0,0,0,0
479845.312220,0,0,0,0,0,0,0,0,0,0,0,0,0
479845.317282,0,0,0,0,0,0,0,0,0,0,0,0,0
479845.322341,0,0,0,0,0,0,0,0,0,0,0,0,0
479845.327351,0,0,0,0,0,0,0,0,0,0,0,0,0
479845.332208,0,0,0,0,0,0,0,0,0,0,0,0,0
479845.337335,0,0,0,0,0,0,0,0,0,0,0,0,0
479845.342198,0,0,0,0,0,0,0,0,0,0,0,0,0
479845.347343,0,0,0,0,0,0,0,0,0,0,0,0,0
479845.352188,0,0,0,0,0,0,0,0,0,0,0,0,0
479845.357330,0,0,0,0,0,0,0,0,0,0,0,0,0
479845.362310,0,0,0,0,0,0,0,0,0,0,0,0,0
479845.367287,0,0,0,0,0,0,0,0,0,0,0,0,0
479845.372242,0,0,0,0,0,0,0,0,0,0,0,0,0
479845.377293,0,0,0,0,0,0,0,0,0,0,0,0,0
479845.382399,0,0,0,0,0,0,0,0,0,0,0,0,0
479845.387867,0,0,0,0,0,0,0,0,0,0,0,0,0
479845.392414,0,0,0,0,0,0,0,0,0,0,0,0,0
479845.397617,0,0,0,0,0,0,0,0,0,0,0,0,0
479845.402314,0,0,0,0,0,0,0,0,0,0,0,0,0
479845.407437,0,0,0,0,0,0,0,0,0,0,0,0,0
479845.412358,0,0,0,0,0,0,0,0,0,0,0,0,0
479845.417382,0,0,0,0,0,0,0,0,0,0,0,0,0
479845.422353,0,0,0,0,0,0,0,0,0,0,0,0,0
479845.427443,0,0,0,0,0,0,0,0,0,0,0,0,0
479845.432197,0,0,0,0,0,0,0,0,0,0,0,0,0
479845.437228,0,0,0,0,0,0,0,0,0,0,0,0,0
479845.442238,0,0,0,0,0,0,0,0,0,0,0,0,0
479845.447347,0,0,0,0,0,0,0,0,0,0,0,0,0
479845.452513,0,0,0,0,0,0,0,0,0,0,0,0,0
479845.457413,0,0,0,0,0,0,0,0,0,0,0,0,0
479845.462391,0,0,0,0,0,0,0,0,0,0,0,0,0
479845.467288,0,0,0,0,0,0,0,0,0,0,0,0,0
479845.472367,0,0,0,0,0,0,0,0,0,0,0,0,0
479845.477379,0,0,0,0,0,0,0,0,0,0,0,0,0
479845.482351,0,0,0,0,0,0,0,0,0,0,0,0,0
479845.487196,0,0,0,0,0,0,0,0,0,0,0,0,0
479845.492408,0,0,0,0,0,0,0,0,0,0,0,0,0
479845.497394,0,0,0,0,0,0,0,0,0,0,0,0,0
479845.502313,0,0,0,0,0,0,0,0,0,0,0,0,0
479845.507161,0,0,0,0,0,0,0,0,0,0,0,0,0
479845.512268,0,0,0,0,0,0,0,0,0,0,0,0,0
479845.517192,0,0,0,0,0,0,0,0,0,0,0,0,0
479845.522164,0,0,0,0,0,0,0,0,0,0,0,0,0
479845.527226,0,0,0,0,0,0,0,0,0,0,0,0,0
479845.532101,0,0,0,0,0,0,0,0,0,0,0,0,0
479845.537156,0,0,0,0,0,0,0,0,0,0,0,0,0
479845.542114,0,0,0,0,0,0,0,0,0,0,0,0,0
479845.547114,0,0,0,0,0,0,0,0,0,0,0,0,0
479845.552326,0,0,0,0,0,0,0,0,0,0,0,0,0
479845.557216,0,0,0,0,0,0,0,0,0,0,0,0,0
479845.562314,0,0,0,0,0,0,0,0,0,0,0,0,0
479845.567372,0,0,0,0,0,0,0,0,0,0,0,0,0
479845.572346,0,0,0,0,0,0,0,0,0,0,0,0,0
479845.577361,0,0,0,0,0,0,0,0,0,0,0,0,0
479845.582212,0,0,0,0,0,0,0,0,0,0,0,0,0
479845.587224,0,0,0,0,0,0,0,0,0,0,0,0,0
479845.592180,0,0,0,0,0,0,0,0,0,0,0,0,0
479845.597490,0,0,0,0,0,0,0,0,0,0,0,0,0
479845.602225,0,0,0,0,0,0,0,0,0,0,0,0,0
479845.607376,0,0,0,0,0,0,0,0,0,0,0,0,0
479845.612223,0,0,0,0,0,0,0,0,0,0,0,0,0
479845.617298,0,0,0,0,0,0,0,0,0,0,0,0,0
479845.622182,0,0,0,0,0,0,0,0,0,0,0,0,0
479845.627249,0,0,0,0,0,0,0,0,0,0,0,0,0
479845.632166,0,0,0,0,0,0,0,0,0,0,0,0,0
479845.637171,0,0,0,0,0,0,0,0,0,0,0,0,0
479845.642176,0,0,0,0,0,0,0,0,0,0,0,0,0
479845.647332,0,0,0,0,0,0,0,0,0,0,0,0,0
479845.652541,0,0,0,0,0,0,0,0,0,0,0,0,0
479845.657210,0,0,0,0,0,0,0,0,0,0,0,0,0
479845.662893,0,0,0,0,0,0,0,0,0,0,0,0,0
479845.667251,0,0,0,0,0,0,0,0,0,0,0,0,0
479845.672266,0,0,0,0,0,0,0,0,0,0,0,0,0
479845.677293,0,0,0,0,0,0,0,0,0,0,0,0,0
479845.682168,0,0,0,0,0,0,0,0,0,0,0,0,0
479845.687283,0,0,0,0,0,0,0,0,0,0,0,0,0
479845.692135,0,0,0,0,0,0,0,0,0,0,0,0,0
479845.697268,0,0,0,0,0,0,0,0,0,0,0,0,0
479845.702396,0,0,0,0,0,0,0,0,0,0,0,0,0
479845.707336,0,0,0,0,0,0,0,0,0,0,0,0,0
479845.712226,0,0,0,0,0,0,0,0,0,0,0,0,0
479845.717311,0,0,0,0,0,0,0,0,0,0,0,0,0
479845.722166,0,0,0,0,0,0,0,0,0,0,0,0,0
479845.727323,0,0,0,0,0,0,0,0,0,0,0,0,0
479845.732093,0,0,0,0,0,0,0,0,0,0,0,0,0
479845.737184,0,0,0,0,0,0,0,0,0,0,0,0,0
479845.742135,0,0,0,0,0,0,0,0,0,0,0,0,0
479845.747310,0,0,0,0,0,0,0,0,0,0,0,0,0
479845.752532,0,0,0,0,0,0,0,0,0,0,0,0,0
479845.757232,0,0,0,0,0,0,0,0,0,0,0,0,0
479845.762252,0,0,0,0,0,0,0,0,0,0,0,0,0
479845.767343,0,0,0,0,0,0,0,0,0,0,0,0,0
479845.772344,0,0,0,0,0,0,0,0,0,0,0,0,0
479845.777225,0,0,0,0,0,0,0,0,0,0,0,0,0
479845.782337,0,0,0,0,0,0,0,0,0,0,0,0,0
479845.787247,0,0,0,0,0,0,0,0,0,0,0,0,0
479845.792246,0,0,0,0,0,0,0,0,0,0,0,0,0
479845.797574,0,0,0,0,0,0,0,0,0,0,0,0,0
479845.802521,0,0,0,0,0,0,0,0,0,0,0,0,0
479845.807227,0,0,0,0,0,0,0,0,0,0,0,0,0
479845.812389,0,0,0,0,0,0,0,0,0,0,0,0,0
479845.817186,0,0,0,0,0,0,0,0,0,0,0,0,0
479845.822370,0,0,0,0,0,0,0,0,0,0,0,0,0
479845.827991,0,0,0,0,0,0,0,0,0,0,0,0,0
479845.832203,0,0,0,0,0,0,0,0,0,0,0,0,0
479845.837217,0,0,0,0,0,0,0,0,0,0,0,0,0
479845.842230,0,0,0,0,0,0,0,0,0,0,0,0,0
479845.847249,0,0,0,0,0,0,0,0,0,0,0,0,0
479845.852238,0,0,0,0,0,0,0,0,0,0,0,0,0
479845.857156,0,0,0,0,0,0,0,0,0,0,0,0,0
479845.862218,0,0,0,0,0,0,0,0,0,0,0,0,0
479845.867196,0,0,0,0,0,0,0,0,0,0,0,0,0
479845.872157,0,0,0,0,0,0,0,0,0,0,0,0,0
479845.877271,0,0,0,0,0,0,0,0,0,0,0,0,0
479845.882417,0,0,0,0,0,0,0,0,0,0,0,0,0
479845.887197,0,0,0,0,0,0,0,0,0,0,0,0,0
479845.892245,0,0,0,0,0,0,0,0,0,0,0,0,0
479845.897404,0,0,0,0,0,0,0,0,0,0,0,0,0
479845.902226,0,0,0,0,0,0,0,0,0,0,0,0,0
479845.907251,0,0,0,0,0,0,0,0,0,0,0,0,0
479845.912173,0,0,0,0,0,0,0,0,0,0,0,0,0
479845.917224,0,0,0,0,0,0,0,0,0,0,0,0,0
479845.922161,0,0,0,0,0,0,0,0,0,0,0,0,0
479845.927224,0,0,0,0,0,0,0,0,0,0,0,0,0
479845.932105,0,0,0,0,0,0,0,0,0,0,0,0,0
479845.937226,0,0,0,0,0,0,0,0,0,0,0,0,0
479845.942165,0,0,0,0,0,0,0,0,0,0,0,0,0
479845.947210,0,0,0,0,0,0,0,0,0,0,0,0,0
479845.952292,0,0,0,0,0,0,0,0,0,0,0,0,0
479845.957181,0,0,0,0,0,0,0,0,0,0,0,0,0
479845.962325,0,0,0,0,0,0,0,0,0,0,0,0,0
479845.967295,0,0,0,0,0,0,0,0,0,0,0,0,0
479845.972262,0,0,0,0,0,0,0,0,0,0,0,0,0
479845.977265,0,0,0,0,0,0,0,0,0,0,0,0,0
479845.982208,0,0,0,0,0,0,0,0,0,0,0,0,0
479845.987199,0,0,0,0,0,0,0,0,0,0,0,0,0
479845.992274,0,0,0,0,0,0,0,0,0,0,0,0,0
479845.997358,0,0,0,0,0,0,0,0,0,0,0,0,0
479846.002259,0,0,0,0,0,0,0,0,0,0,0,0,0
479846.007266,0,0,0,0,0,0,0,0,0,0,0,0,0
479846.012274,0,0,0,0,0,0,0,0,0,0,0,0,0
479846.017251,0,0,0,0,0,0,0,0,0,0,0,0,0
479846.022124,0,0,0,0,0,0,0,0,0,0,0,0,0
479846.027311,0,0,0,0,0,0,0,0,0,0,0,0,0
479846.032206,0,0,0,0,0,0,0,0,0,0,0,0,0
479846.037214,0,0,0,0,0,0,0,0,0,0,0,0,0
479846.042165,0,0,0,0,0,0,0,0,0,0,0,0,0
479846.047304,0,0,0,0,0,0,0,0,0,0,0,0,0
479846.052220,0,0,0,0,0,0,0,0,0,0,0,0,0
479846.057212,0,0,0,0,0,0,0,0,0,0,0,0,0
479846.062317,0,0,0,0,0,0,0,0,0,0,0,0,0
479846.067205,0,0,0,0,0,0,0,0,0,0,0,0,0
479846.072148,0,0,0,0,0,0,0,0,0,0,0,0,0
479846.077219,0,0,0,0,0,0,0,0,0,0,0,0,0
479846.082220,0,0,0,0,0,0,0,0,0,0,0,0,0
479846.087123,0,0,0,0,0,0,0,0,0,0,0,0,0
479846.092262,0,0,0,0,0,0,0,0,0,0,0,0,0
479846.097348,0,0,0,0,0,0,0,0,0,0,0,0,0
479846.102238,0,0,0,0,0,0,0,0,0,0,0,0,0
479846.107239,0,0,0,0,0,0,0,0,0,0,0,0,0
479846.112259,0,0,0,0,0,0,0,0,0,0,0,0,0
479846.117267,0,0,0,0,0,0,0,0,0,0,0,0,0
479846.122304,0,0,0,0,0,0,0,0,0,0,0,0,0
479846.127415,0,0,0,0,0,0,0,0,0,0,0,0,0
479846.132222,0,0,0,0,0,0,0,0,0,0,0,0,0
479846.137138,0,0,0,0,0,0,0,0,0,0,0,0,0
479846.142167,0,0,0,0,0,0,0,0,0,0,0,0,0
479846.147303,0,0,0,0,0,0,0,0,0,0,0,0,0
479846.152308,0,0,0,0,0,0,0,0,0,0,0,0,0
479846.157136,0,0,0,0,0,0,0,0,0,0,0,0,0
479846.162188,0,0,0,0,0,0,0,0,0,0,0,0,0
479846.167117,0,0,0,0,0,0,0,0,0,0,0,0,0
479846.172163,0,0,0,0,0,0,0,0,0,0,0,0,0
479846.177262,0,0,0,0,0,0,0,0,0,0,0,0,0
479846.182295,0,0,0,0,0,0,0,0,0,0,0,0,0
479846.187112,0,0,0,0,0,0,0,0,0,0,0,0,0
479846.192214,0,0,0,0,0,0,0,0,0,0,0,0,0
479846.197332,0,0,0,0,0,0,0,0,0,0,0,0,0
479846.202245,0,0,0,0,0,0,0,0,0,0,0,0,0
479846.207191,0,0,0,0,0,0,0,0,0,0,0,0,0
479846.212295,0,0,0,0,0,0,0,0,0,0,0,0,0
479846.217292,0,0,0,0,0,0,0,0,0,0,0,0,0
479846.222314,0,0,0,0,0,0,0,0,0,0,0,0,0
479846.227227,0,0,0,0,0,0,0,0,0,0,0,0,0
479846.232084,0,0,0,0,0,0,0,0,0,0,0,0,0
479846.237262,0,0,0,0,0,0,0,0,0,0,0,0,0
479846.242278,0,0,0,0,0,0,0,0,0,0,0,0,0
479846.247376,0,0,0,0,0,0,0,0,0,0,0,0,0
479846.252213,0,0,0,0,0,0,0,0,0,0,0,0,0
479846.257434,0,0,0,0,0,0,0,0,0,0,0,0,0
479846.262311,0,0,0,0,0,0,0,0,0,0,0,0,0
479846.267444,0,0,0,0,0,0,0,0,0,0,0,0,0
479846.272228,0,0,0,0,0,0,0,0,0,0,0,0,0
479846.277381,0,0,0,0,0,0,0,0,0,0,0,0,0
479846.282334,0,0,0,0,0,0,0,0,0,0,0,0,0
479846.287264,0,0,0,0,0,0,0,0,0,0,0,0,0
479846.292292,0,0,0,0,0,0,0,0,0,0,0,0,0
479846.297388,0,0,0,0,0,0,0,0,0,0,0,0,0
479846.302382,0,0,0,0,0,0,0,0,0,0,0,0,0
479846.307278,0,0,0,0,0,0,0,0,0,0,0,0,0
479846.312313,0,0,0,0,0,0,0,0,0,0,0,0,0
479846.317225,0,0,0,0,0,0,0,0,0,0,0,0,0
479846.322294,0,0,0,0,0,0,0,0,0,0,0,0,0
479846.327330,0,0,0,0,0,0,0,0,0,0,0,0,0
479846.332328,0,0,0,0,0,0,0,0,0,0,0,0,0
479846.337435,0,0,0,0,0,0,0,0,0,0,0,0,0
479846.342169,0,0,0,0,0,0,0,0,0,0,0,0,0
479846.347349,0,0,0,0,0,0,0,0,0,0,0,0,0
479846.352183,0,0,0,0,0,0,0,0,0,0,0,0,0
479846.357202,0,0,0,0,0,0,0,0,0,0,0,0,0
479846.362331,0,0,0,0,0,0,0,0,0,0,0,0,0
479846.367291,0,0,0,0,0,0,0,0,0,0,0,0,0
479846.372307,0,0,0,0,0,0,0,0,0,0,0,0,0
479846.377279,0,0,0,0,0,0,0,0,0,0,0,0,0
479846.382233,0,0,0,0,0,0,0,0,0,0,0,0,0
479846.387172,0,0,0,0,0,0,0,0,0,0,0,0,0
479846.392407,0,0,0,0,0,0,0,0,0,0,0,0,0
479846.397371,0,0,0,0,0,0,0,0,0,0,0,0,0
479846.402278,0,0,0,0,0,0,0,0,0,0,0,0,0
479846.407313,0,0,0,0,0,0,0,0,0,0,0,0,0
479846.412248,0,0,0,0,0,0,0,0,0,0,0,0,0
479846.417343,0,0,0,0,0,0,0,0,0,0,0,0,0
479846.422251,0,0,0,0,0,0,0,0,0,0,0,0,0
479846.427337,0,0,0,0,0,0,0,0,0,0,0,0,0
479846.432300,0,0,0,0,0,0,0,0,0,0,0,0,0
479846.437336,0,0,0,0,0,0,0,0,0,0,0,0,0
479846.442219,0,0,0,0,0,0,0,0,0,0,0,0,0
479846.447366,0,0,0,0,0,0,0,0,0,0,0,0,0
479846.452303,0,0,0,0,0,0,0,0,0,0,0,0,0
479846.457352,0,0,0,0,0,0,0,0,0,0,0,0,0
479846.462338,0,0,0,0,0,0,0,0,0,0,0,0,0
479846.467168,0,0,0,0,0,0,0,0,0,0,0,0,0
479846.472261,0,0,0,0,0,0,0,0,0,0,0,0,0
479846.477294,0,0,0,0,0,0,0,0,0,0,0,0,0
479846.482192,0,0,0,0,0,0,0,0,0,0,0,0,0
479846.487261,0,0,0,0,0,0,0,0,0,0,0,0,0
479846.492225,0,0,0,0,0,0,0,0,0,0,0,0,0
479846.497335,0,0,0,0,0,0,0,0,0,0,0,0,0
479846.502192,0,0,0,0,0,0,0,0,0,0,0,0,0
479846.507192,0,0,0,0,0,0,0,0,0,0,0,0,0
479846.512287,0,0,0,0,0,0,0,0,0,0,0,0,0
479846.517234,0,0,0,0,0,0,0,0,0,0,0,0,0
479846.522250,0,0,0,0,0,0,0,0,0,0,0,0,0
479846.527221,0,0,0,0,0,0,0,0,0,0,0,0,0
479846.532197,0,0,0,0,0,0,0,0,0,0,0,0,0
479846.537174,0,0,0,0,0,0,0,0,0,0,0,0,0
479846.542144,0,0,0,0,0,0,0,0,0,0,0,0,0
479846.547166,0,0,0,0,0,0,0,0,0,0,0,0,0
479846.552227,0,0,0,0,0,0,0,0,0,0,0,0,0
479846.557315,0,0,0,0,0,0,0,0,0,0,0,0,0
479846.562337,0,0,0,0,0,0,0,0,0,0,0,0,0
479846.567171,0,0,0,0,0,0,0,0,0,0,0,0,0
479846.572147,0,0,0,0,0,0,0,0,0,0,0,0,0
479846.577373,0,0,0,0,0,0,0,0,0,0,0,0,0
479846.582266,0,0,0,0,0,0,0,0,0,0,0,0,0
479846.587186,0,0,0,0,0,0,0,0,0,0,0,0,0
479846.592392,0,0,0,0,0,0,0,0,0,0,0,0,0
479846.597456,0,0,0,0,0,0,0,0,0,0,0,0,0
479846.602359,0,0,0,0,0,0,0,0,0,0,0,0,0
479846.607368,0,0,0,0,0,0,0,0,0,0,0,0,0
479846.612392,0,0,0,0,0,0,0,0,0,0,0,0,0
479846.617408,0,0,0,0,0,0,0,0,0,0,0,0,0
479846.622301,0,0,0,0,0,0,0,0,0,0,0,0,0
479846.627239,0,0,0,0,0,0,0,0,0,0,0,0,0
479846.632293,0,0,0,0,0,0,0,0,0,0,0,0,0
479846.637248,0,0,0,0,0,0,0,0,0,0,0,0,0
479846.642158,0,0,0,0,0,0,0,0,0,0,0,0,0
479846.647293,0,0,0,0,0,0,0,0,0,0,0,0,0
479846.652266,0,0,0,0,0,0,0,0,0,0,0,0,0
479846.657253,0,0,0,0,0,0,0,0,0,0,0,0,0
479846.662358,0,0,0,0,0,0,0,0,0,0,0,0,0
479846.667170,0,0,0,0,0,0,0,0,0,0,0,0,0
479846.672226,0,0,0,0,0,0,0,0,0,0,0,0,0
479846.677171,0,0,0,0,0,0,0,0,0,0,0,0,0
479846.682352,0,0,0,0,0,0,0,0,0,0,0,0,0
479846.687266,0,0,0,0,0,0,0,0,0,0,0,0,0
479846.692322,0,0,0,0,0,0,0,0,0,0,0,0,0
479846.697288,0,0,0,0,0,0,0,0,0,0,0,0,0
479846.702327,0,0,0,0,0,0,0,0,0,0,0,0,0
479846.707375,0,0,0,0,0,0,0,0,0,0,0,0,0
479846.712274,0,0,0,0,0,0,0,0,0,0,0,0,0
479846.717406,0,0,0,0,0,0,0,0,0,0,0,0,0
479846.722444,0,0,0,0,0,0,0,0,0,0,0,0,0
479846.727238,0,0,0,0,0,0,0,0,0,0,0,0,0
479846.732189,0,0,0,0,0,0,0,0,0,0,0,0,0
479846.737259,0,0,0,0,0,0,0,0,0,0,0,0,0
479846.742278,0,0,0,0,0,0,0,0,0,0,0,0,0
479846.747268,0,0,0,0,0,0,0,0,0,0,0,0,0
479846.752216,0,0,0,0,0,0,0,0,0,0,0,0,0
479846.757311,0,0,0,0,0,0,0,0,0,0,0,0,0
479846.762438,0,0,0,0,0,0,0,0,0,0,0,0,0
479846.767284,0,0,0,0,0,0,0,0,0,0,0,0,0
479846.772313,0,0,0,0,0,0,0,0,0,0,0,0,0
479846.777358,0,0,0,0,0,0,0,0,0,0,0,0,0
479846.782358,0,0,0,0,0,0,0,0,0,0,0,0,0
479846.787207,0,0,0,0,0,0,0,0,0,0,0,0,0
479846.792291,0,0,0,0,0,0,0,0,0,0,0,0,0
479846.797208,0,0,0,0,0,0,0,0,0,0,0,0,0
479846.802252,0,0,0,0,0,0,0,0,0,0,0,0,0
479846.807299,0,0,0,0,0,0,0,0,0,0,0,0,0
479846.812230,0,0,0,0,0,0,0,0,0,0,0,0,0
479846.817202,0,0,0,0,0,0,0,0,0,0,0,0,0
479846.822161,0,0,0,0,0,0,0,0,0,0,0,0,0
479846.827229,0,0,0,0,0,0,0,0,0,0,0,0,0
479846.832257,0,0,0,0,0,0,0,0,0,0,0,0,0
479846.837273,0,0,0,0,0,0,0,0,0,0,0,0,0
479846.842219,0,0,0,0,0,0,0,0,0,0,0,0,0
479846.847221,0,0,0,0,0,0,0,0,0,0,0,0,0
479846.852157,0,0,0,0,0,0,0,0,0,0,0,0,0
479846.857192,0,0,0,0,0,0,0,0,0,0,0,0,0
479846.862246,0,0,0,0,0,0,0,0,0,0,0,0,0
479846.867133,0,0,0,0,0,0,0,0,0,0,0,0,0
479846.872300,0,0,0,0,0,0,0,0,0,0,0,0,0
479846.877268,0,0,0,0,0,0,0,0,0,0,0,0,0
479846.882181,0,0,0,0,0,0,0,0,0,0,0,0,0
479846.887124,0,0,0,0,0,0,0,0,0,0,0,0,0
479846.892245,0,0,0,0,0,0,0,0,0,0,0,0,0
479846.897336,0,0,0,0,0,0,0,0,0,0,0,0,0
479846.902175,0,0,0,0,0,0,0,0,0,0,0,0,0
479846.907180,0,0,0,0,0,0,0,0,0,0,0,0,0
479846.912230,0,0,0,0,0,0,0,0,0,0,0,0,0
479846.917292,0,0,0,0,0,0,0,0,0,0,0,0,0
479846.922176,0,0,0,0,0,0,0,0,0,0,0,0,0
479846.927403,0,0,0,0,0,0,0,0,0,0,0,0,0
479846.932136,0,0,0,0,0,0,0,0,0,0,0,0,0
479846.937184,0,0,0,0,0,0,0,0,0,0,0,0,0
479846.942126,0,0,0,0,0,0,0,0,0,0,0,0,0
479846.947274,0,0,0,0,0,0,0,0,0,0,0,0,0
479846.952237,0,0,0,0,0,0,0,0,0,0,0,0,0
479846.957306,0,0,0,0,0,0,0,0,0,0,0,0,0
479846.962191,0,0,0,0,0,0,0,0,0,0,0,0,0
479846.967136,0,0,0,0,0,0,0,0,0,0,0,0,0
479846.972236,0,0,0,0,0,0,0,0,0,0,0,0,0
479846.977219,0,0,0,0,0,0,0,0,0,0,0,0,0
479846.982191,0,0,0,0,0,0,0,0,0,0,0,0,0
479846.987226,0,0,0,0,0,0,0,0,0,0,0,0,0
479846.992290,0,0,0,0,0,0,0,0,0,0,0,0,0
479846.997388,0,0,0,0,0,0,0,0,0,0,0,0,0
479847.002124,0,0,0,0,0,0,0,0,0,0,0,0,0
479847.007295,0,0,0,0,0,0,0,0,0,0,0,0,0
479847.012387,0,0,0,0,0,0,0,0,0,0,0,0,0
479847.017201,0,0,0,0,0,0,0,0,0,0,0,0,0
479847.022165,0,0,0,0,0,0,0,0,0,0,0,0,0
479847.027225,0,0,0,0,0,0,0,0,0,0,0,0,0
479847.032186,0,0,0,0,0,0,0,0,0,0,0,0,0
479847.037224,0,0,0,0,0,0,0,0,0,0,0,0,0
479847.042099,0,0,0,0,0,0,0,0,0,0,0,0,0
479847.047220,0,0,0,0,0,0,0,0,0,0,0,0,0
479847.052219,0,0,0,0,0,0,0,0,0,0,0,0,0
479847.057208,0,0,0,0,0,0,0,0,0,0,0,0,0
479847.062214,0,0,0,0,0,0,0,0,0,0,0,0,0
479847.067264,0,0,0,0,0,0,0,0,0,0,0,0,0
479847.072366,0,0,0,0,0,0,0,0,0,0,0,0,0
479847.077325,0,0,0,0,0,0,0,0,0,0,0,0,0
479847.082298,0,0,0,0,0,0,0,0,0,0,0,0,0
479847.087248,0,0,0,0,0,0,0,0,0,0,0,0,0
479847.092346,0,0,0,0,0,0,0,0,0,0,0,0,0
479847.097238,0,0,0,0,0,0,0,0,0,0,0,0,0
479847.102335,0,0,0,0,0,0,0,0,0,0,0,0,0
479847.107237,0,0,0,0,0,0,0,0,0,0,0,0,0
479847.112196,0,0,0,0,0,0,0,0,0,0,0,0,0
479847.117165,0,0,0,0,0,0,0,0,0,0,0,0,0
479847.122227,0,0,0,0,0,0,0,0,0,0,0,0,0
479847.127227,0,0,0,0,0,0,0,0,0,0,0,0,0
479847.132101,0,0,0,0,0,0,0,0,0,0,0,0,0
479847.137148,0,0,0,0,0,0,0,0,0,0,0,0,0
479847.142154,0,0,0,0,0,0,0,0,0,0,0,0,0
479847.147249,0,0,0,0,0,0,0,0,0,0,0,0,0
479847.153064,0,0,0,0,0,0,0,0,0,0,0,0,0
479847.157240,0,0,0,0,0,0,0,0,0,0,0,0,0
479847.162385,0,0,0,0,0,0,0,0,0,0,0,0,0
479847.167185,0,0,0,0,0,0,0,0,0,0,0,0,0
479847.172269,0,0,0,0,0,0,0,0,0,0,0,0,0
479847.177223,0,0,0,0,0,0,0,0,0,0,0,0,0
479847.182210,0,0,0,0,0,0,0,0,0,0,0,0,0
479847.187161,0,0,0,0,0,0,0,0,0,0,0,0,0
479847.192301,0,0,0,0,0,0,0,0,0,0,0,0,0
479847.197299,0,0,0,0,0,0,0,0,0,0,0,0,0
479847.202125,0,0,0,0,0,0,0,0,0,0,0,0,0
479847.207216,0,0,0,0,0,0,0,0,0,0,0,0,0
479847.212277,0,0,0,0,0,0,0,0,0,0,0,0,0
479847.217178,0,0,0,0,0,0,0,0,0,0,0,0,0
479847.222211,0,0,0,0,0,0,0,0,0,0,0,0,0
479847.227271,0,0,0,0,0,0,0,0,0,0,0,0,0
479847.232233,0,0,0,0,0,0,0,0,0,0,0,0,0
479847.237243,0,0,0,0,0,0,0,0,0,0,0,0,0
479847.242175,0,0,0,0,0,0,0,0,0,0,0,0,0
479847.247308,0,0,0,0,0,0,0,0,0,0,0,0,0
479847.252188,0,0,0,0,0,0,0,0,0,0,0,0,0
479847.257278,0,0,0,0,0,0,0,0,0,0,0,0,0
479847.262275,0,0,0,0,0,0,0,0,0,0,0,0,0
479847.267337,0,0,0,0,0,0,0,0,0,0,0,0,0
479847.272163,0,0,0,0,0,0,0,0,0,0,0,0,0
479847.277264,0,0,0,0,0,0,0,0,0,0,0,0,0
479847.282170,0,0,0,0,0,0,0,0,0,0,0,0,0
479847.287319,0,0,0,0,0,0,0,0,0,0,0,0,0
479847.292328,0,0,0,0,0,0,0,0,0,0,0,0,0
479847.297473,0,0,0,0,0,0,0,0,0,0,0,0,0
479847.302260,0,0,0,0,0,0,0,0,0,0,0,0,0
479847.307296,0,0,0,0,0,0,0,0,0,0,0,0,0
479847.312322,0,0,0,0,0,0,0,0,0,0,0,0,0
479847.317233,0,0,0,0,0,0,0,0,0,0,0,0,0
479847.322342,0,0,0,0,0,0,0,0,0,0,0,0,0
479847.327382,0,0,0,0,0,0,0,0,0,0,0,0,0
479847.332164,0,0,0,0,0,0,0,0,0,0,0,0,0
479847.337250,0,0,0,0,0,0,0,0,0,0,0,0,0
479847.342110,0,0,0,0,0,0,0,0,0,0,0,0,0
479847.347195,0,0,0,0,0,0,0,0,0,0,0,0,0
479847.352159,0,0,0,0,0,0,0,0,0,0,0,0,0
479847.357310,0,0,0,0,0,0,0,0,0,0,0,0,0
479847.362306,0,0,0,0,0,0,0,0,0,0,0,0,0
479847.367206,0,0,0,0,0,0,0,0,0,0,0,0,0
479847.372217,0,0,0,0,0,0,0,0,0,0,0,0,0
479847.377387,0,0,0,0,0,0,0,0,0,0,0,0,0
479847.382232,0,0,0,0,0,0,0,0,0,0,0,0,0
479847.387162,0,0,0,0,0,0,0,0,0,0,0,0,0
479847.392319,0,0,0,0,0,0,0,0,0,0,0,0,0
479847.397352,0,0,0,0,0,0,0,0,0,0,0,0,0
479847.402243,0,0,0,0,0,0,0,0,0,0,0,0,0
479847.407177,0,0,0,0,0,0,0,0,0,0,0,0,0
479847.412300,0,0,0,0,0,0,0,0,0,0,0,0,0
479847.417402,0,0,0,0,0,0,0,0,0,0,0,0,0
479847.422279,0,0,0,0,0,0,0,0,0,0,0,0,0
479847.427329,0,0,0,0,0,0,0,0,0,0,0,0,0
479847.432302,0,0,0,0,0,0,0,0,0,0,0,0,0
479847.437352,0,0,0,0,0,0,0,0,0,0,0,0,0
479847.442236,0,0,0,0,0,0,0,0,0,0,0,0,0
479847.447421,0,0,0,0,0,0,0,0,0,0,0,0,0
479847.452296,0,0,0,0,0,0,0,0,0,0,0,0,0
479847.457194,0,0,0,0,0,0,0,0,0,0,0,0,0
479847.462302,0,0,0,0,0,0,0,0,0,0,0,0,0
479847.467308,0,0,0,0,0,0,0,0,0,0,0,0,0
479847.472179,0,0,0,0,0,0,0,0,0,0,0,0,0
479847.477186,0,0,0,0,0,0,0,0,0,0,0,0,0
479847.482204,0,0,0,0,0,0,0,0,0,0,0,0,0
479847.487146,0,0,0,0,0,0,0,0,0,0,0,0,0
479847.492302,0,0,0,0,0,0,0,0,0,0,0,0,0
479847.497311,0,0,0,0,0,0,0,0,0,0,0,0,0
479847.502226,0,0,0,0,0,0,0,0,0,0,0,0,0
479847.507208,0,0,0,0,0,0,0,0,0,0,0,0,0
479847.512236,0,0,0,0,0,0,0,0,0,0,0,0,0
479847.517303,0,0,0,0,0,0,0,0,0,0,0,0,0
479847.522279,0,0,0,0,0,0,0,0,0,0,0,0,0
479847.527263,0,0,0,0,0,0,0,0,0,0,0,0,0
479847.532222,0,0,0,0,0,0,0,0,0,0,0,0,0
479847.537167,0,0,0,0,0,0,0,0,0,0,0,0,0
479847.542201,0,0,0,0,0,0,0,0,0,0,0,0,0
479847.547337,0,0,0,0,0,0,0,0,0,0,0,0,0
479847.552335,0,0,0,0,0,0,0,0,0,0,0,0,0
479847.557319,0,0,0,0,0,0,0,0,0,0,0,0,0
479847.562361,0,0,0,0,0,0,0,0,0,0,0,0,0
479847.567224,0,0,0,0,0,0,0,0,0,0,0,0,0
479847.572197,0,0,0,0,0,0,0,0,0,0,0,0,0
479847.577251,0,0,0,0,0,0,0,0,0,0,0,0,0
479847.582232,0,0,0,0,0,0,0,0,0,0,0,0,0
479847.587258,0,0,0,0,0,0,0,0,0,0,0,0,0
479847.592394,0,0,0,0,0,0,0,0,0,0,0,0,0
479847.597708,0,0,0,0,0,0,0,0,0,0,0,0,0
479847.602346,0,0,0,0,0,0,0,0,0,0,0,0,0
479847.607560,0,0,0,0,0,0,0,0,0,0,0,0,0
479847.612736,0,0,0,0,0,0,0,0,0,0,0,0,0
479847.617273,0,0,0,0,0,0,0,0,0,0,0,0,0
479847.622296,0,0,0,0,0,0,0,0,0,0,0,0,0
479847.627268,0,0,0,0,0,0,0,0,0,0,0,0,0
479847.632229,0,0,0,0,0,0,0,0,0,0,0,0,0
479847.637271,0,0,0,0,0,0,0,0,0,0,0,0,0
479847.642193,0,0,0,0,0,0,0,0,0,0,0,0,0
479847.647259,0,0,0,0,0,0,0,0,0,0,0,0,0
479847.652350,0,0,0,0,0,0,0,0,0,0,0,0,0
479847.657196,0,0,0,0,0,0,0,0,0,0,0,0,0
479847.662246,0,0,0,0,0,0,0,0,0,0,0,0,0
479847.667306,0,0,0,0,0,0,0,0,0,0,0,0,0
479847.672323,0,0,0,0,0,0,0,0,0,0,0,0,0
479847.677425,0,0,0,0,0,0,0,0,0,0,0,0,0
479847.682284,0,0,0,0,0,0,0,0,0,0,0,0,0
479847.687342,0,0,0,0,0,0,0,0,0,0,0,0,0
479847.692356,0,0,0,0,0,0,0,0,0,0,0,0,0
479847.697320,0,0,0,0,0,0,0,0,0,0,0,0,0
479847.702271,0,0,0,0,0,0,0,0,0,0,0,0,0
479847.707339,0,0,0,0,0,0,0,0,0,0,0,0,0
479847.712329,0,0,0,0,0,0,0,0,0,0,0,0,0
479847.717295,0,0,0,0,0,0,0,0,0,0,0,0,0
479847.722198,0,0,0,0,0,0,0,0,0,0,0,0,0
479847.727344,0,0,0,0,0,0,0,0,0,0,0,0,0
479847.732197,0,0,0,0,0,0,0,0,0,0,0,0,0
479847.737189,0,0,0,0,0,0,0,0,0,0,0,0,0
479847.742142,0,0,0,0,0,0,0,0,0,0,0,0,0
479847.747374,0,0,0,0,0,0,0,0,0,0,0,0,0
479847.752227,0,0,0,0,0,0,0,0,0,0,0,0,0
479847.757222,0,0,0,0,0,0,0,0,0,0,0,0,0
479847.762301,0,0,0,0,0,0,0,0,0,0,0,0,0
479847.767283,0,0,0,0,0,0,0,0,0,0,0,0,0
479847.772234,0,0,0,0,0,0,0,0,0,0,0,0,0
479847.777300,0,0,0,0,0,0,0,0,0,0,0,0,0
479847.782182,0,0,0,0,0,0,0,0,0,0,0,0,0
479847.787157,0,0,0,0,0,0,0,0,0,0,0,0,0
479847.792276,0,0,0,0,0,0,0,0,0,0,0,0,0
479847.797254,0,0,0,0,0,0,0,0,0,0,0,0,0
479847.802308,0,0,0,0,0,0,0,0,0,0,0,0,0
479847.807272,0,0,0,0,0,0,0,0,0,0,0,0,0
479847.812223,0,0,0,0,0,0,0,0,0,0,0,0,0
479847.817292,0,0,0,0,0,0,0,0,0,0,0,0,0
479847.822237,0,0,0,0,0,0,0,0,0,0,0,0,0
479847.827291,0,0,0,0,0,0,0,0,0,0,0,0,0
479847.832117,0,0,0,0,0,0,0,0,0,0,0,0,0
479847.837347,0,0,0,0,0,0,0,0,0,0,0,0,0
479847.842221,0,0,0,0,0,0,0,0,0,0,0,0,0
479847.847421,0,0,0,0,0,0,0,0,0,0,0,0,0
479847.852393,0,0,0,0,0,0,0,0,0,0,0,0,0
479847.857394,0,0,0,0,0,0,0,0,0,0,0,0,0
479847.862411,0,0,0,0,0,0,0,0,0,0,0,0,0
479847.867361,0,0,0,0,0,0,0,0,0,0,0,0,0
479847.872237,0,0,0,0,0,0,0,0,0,0,0,0,0
479847.877324,0,0,0,0,0,0,0,0,0,0,0,0,0
479847.882304,0,0,0,0,0,0,0,0,0,0,0,0,0
479847.887231,0,0,0,0,0,0,0,0,0,0,0,0,0
479847.892256,0,0,0,0,0,0,0,0,0,0,0,0,0
479847.897377,0,0,0,0,0,0,0,0,0,0,0,0,0
479847.902309,0,0,0,0,0,0,0,0,0,0,0,0,0
479847.907322,0,0,0,0,0,0,0,0,0,0,0,0,0
479847.912267,0,0,0,0,0,0,0,0,0,0,0,0,0
479847.917256,0,0,0,0,0,0,0,0,0,0,0,0,0
479847.922213,0,0,0,0,0,0,0,0,0,0,0,0,0
479847.927214,0,0,0,0,0,0,0,0,0,0,0,0,0
479847.932163,0,0,0,0,0,0,0,0,0,0,0,0,0
479847.937171,0,0,0,0,0,0,0,0,0,0,0,0,0
479847.942104,0,0,0,0,0,0,0,0,0,0,0,0,0
479847.947238,0,0,0,0,0,0,0,0,0,0,0,0,0
479847.952174,0,0,0,0,0,0,0,0,0,0,0,0,0
479847.957222,0,0,0,0,0,0,0,0,0,0,0,0,0
479847.962262,0,0,0,0,0,0,0,0,0,0,0,0,0
479847.967248,0,0,0,0,0,0,0,0,0,0,0,0,0
479847.972247,0,0,0,0,0,0,0,0,0,0,0,0,0
479847.977283,0,0,0,0,0,0,0,0,0,0,0,0,0
479847.982318,0,0,0,0,0,0,0,0,0,0,0,0,0
479847.987214,0,0,0,0,0,0,0,0,0,0,0,0,0
479847.992474,0,0,0,0,0,0,0,0,0,0,0,0,0
479847.997502,0,0,0,0,0,0,0,0,0,0,0,0,0
479848.002405,0,0,0,0,0,0,0,0,0,0,0,0,0
479848.007398,0,0,0,0,0,0,0,0,0,0,0,0,0
479848.012377,0,0,0,0,0,0,0,0,0,0,0,0,0
479848.017377,0,0,0,0,0,0,0,0,0,0,0,0,0
479848.022232,0,0,0,0,0,0,0,0,0,0,0,0,0
479848.027281,0,0,0,0,0,0,0,0,0,0,0,0,0
479848.032222,0,0,0,0,0,0,0,0,0,0,0,0,0
479848.037353,0,0,0,0,0,0,0,0,0,0,0,0,0
479848.042250,0,0,0,0,0,0,0,0,0,0,0,0,0
479848.047430,0,0,0,0,0,0,0,0,0,0,0,0,0
479848.052405,0,0,0,0,0,0,0,0,0,0,0,0,0
479848.057407,0,0,0,0,0,0,0,0,0,0,0,0,0
479848.062355,0,0,0,0,0,0,0,0,0,0,0,0,0
479848.067380,0,0,0,0,0,0,0,0,0,0,0,0,0
479848.072400,0,0,0,0,0,0,0,0,0,0,0,0,0
479848.077382,0,0,0,0,0,0,0,0,0,0,0,0,0
479848.082418,0,0,0,0,0,0,0,0,0,0,0,0,0
479848.087234,0,0,0,0,0,0,0,0,0,0,0,0,0
479848.092294,0,0,0,0,0,0,0,0,0,0,0,0,0
479848.097490,0,0,0,0,0,0,0,0,0,0,0,0,0
479848.102251,0,0,0,0,0,0,0,0,0,0,0,0,0
479848.107229,0,0,0,0,0,0,0,0,0,0,0,0,0
479848.112259,0,0,0,0,0,0,0,0,0,0,0,0,0
479848.117246,0,0,0,0,0,0,0,0,0,0,0,0,0
479848.122321,0,0,0,0,0,0,0,0,0,0,0,0,0
479848.127301,0,0,0,0,0,0,0,0,0,0,0,0,0
479848.132110,0,0,0,0,0,0,0,0,0,0,0,0,0
479848.137332,0,0,0,0,0,0,0,0,0,0,0,0,0
479848.142185,0,0,0,0,0,0,0,0,0,0,0,0,0
479848.147318,0,0,0,0,0,0,0,0,0,0,0,0,0
479848.152235,0,0,0,0,0,0,0,0,0,0,0,0,0
479848.157223,0,0,0,0,0,0,0,0,0,0,0,0,0
479848.162182,0,0,0,0,0,0,0,0,0,0,0,0,0
479848.167199,0,0,0,0,0,0,0,0,0,0,0,0,0
479848.172140,0,0,0,0,0,0,0,0,0,0,0,0,0
479848.177262,0,0,0,0,0,0,0,0,0,0,0,0,0
479848.182354,0,0,0,0,0,0,0,0,0,0,0,0,0
479848.187172,0,0,0,0,0,0,0,0,0,0,0,0,0
479848.192199,0,0,0,0,0,0,0,0,0,0,0,0,0
479848.197232,0,0,0,0,0,0,0,0,0,0,0,0,0
479848.202183,0,0,0,0,0,0,0,0,0,0,0,0,0
479848.207148,0,0,0,0,0,0,0,0,0,0,0,0,0
479848.212257,0,0,0,0,0,0,0,0,0,0,0,0,0
479848.217166,0,0,0,0,0,0,0,0,0,0,0,0,0
479848.222193,0,0,0,0,0,0,0,0,0,0,0,0,0
479848.227204,0,0,0,0,0,0,0,0,0,0,0,0,0
479848.232141,0,0,0,0,0,0,0,0,0,0,0,0,0
479848.237172,0,0,0,0,0,0,0,0,0,0,0,0,0
479848.242137,0,0,0,0,0,0,0,0,0,0,0,0,0
479848.247312,0,0,0,0,0,0,0,0,0,0,0,0,0
479848.252226,0,0,0,0,0,0,0,0,0,0,0,0,0
479848.257244,0,0,0,0,0,0,0,0,0,0,0,0,0
479848.262201,0,0,0,0,0,0,0,0,0,0,0,0,0
479848.267229,0,0,0,0,0,0,0,0,0,0,0,0,0
479848.272231,0,0,0,0,0,0,0,0,0,0,0,0,0
479848.277211,0,0,0,0,0,0,0,0,0,0,0,0,0
479848.282228,0,0,0,0,0,0,0,0,0,0,0,0,0
479848.287155,0,0,0,0,0,0,0,0,0,0,0,0,0
479848.292264,0,0,0,0,0,0,0,0,0,0,0,0,0
479848.297245,0,0,0,0,0,0,0,0,0,0,0,0,0
479848.302306,0,0,0,0,0,0,0,0,0,0,0,0,0
479848.307187,0,0,0,0,0,0,0,0,0,0,0,0,0
479848.312260,0,0,0,0,0,0,0,0,0,0,0,0,0
479848.317295,0,0,0,0,0,0,0,0,0,0,0,0,0
479848.322218,0,0,0,0,0,0,0,0,0,0,0,0,0
479848.327317,0,0,0,0,0,0,0,0,0,0,0,0,0
479848.332179,0,0,0,0,0,0,0,0,0,0,0,0,0
479848.337275,0,0,0,0,0,0,0,0,0,0,0,0,0
479848.342157,0,0,0,0,0,0,0,0,0,0,0,0,0
479848.347256,0,0,0,0,0,0,0,0,0,0,0,0,0
479848.352276,0,0,0,0,0,0,0,0,0,0,0,0,0
479848.357323,0,0,0,0,0,0,0,0,0,0,0,0,0
479848.362276,0,0,0,0,0,0,0,0,0,0,0,0,0
479848.367240,0,0,0,0,0,0,0,0,0,0,0,0,0
479848.372183,0,0,0,0,0,0,0,0,0,0,0,0,0
479848.377252,0,0,0,0,0,0,0,0,0,0,0,0,0
479848.382227,0,0,0,0,0,0,0,0,0,0,0,0,0
479848.387163,0,0,0,0,0,0,0,0,0,0,0,0,0
479848.392248,0,0,0,0,0,0,0,0,0,0,0,0,0
479848.397387,0,0,0,0,0,0,0,0,0,0,0,0,0
479848.402237,0,0,0,0,0,0,0,0,0,0,0,0,0
479848.407438,0,0,0,0,0,0,0,0,0,0,0,0,0
479848.412273,0,0,0,0,0,0,0,0,0,0,0,0,0
479848.417398,0,0,0,0,0,0,0,0,0,0,0,0,0
479848.422208,0,0,0,0,0,0,0,0,0,0,0,0,0
479848.427441,0,0,0,0,0,0,0,0,0,0,0,0,0
479848.432238,0,0,0,0,0,0,0,0,0,0,0,0,0
479848.437250,0,0,0,0,0,0,0,0,0,0,0,0,0
479848.442182,0,0,0,0,0,0,0,0,0,0,0,0,0
479848.447229,0,0,0,0,0,0,0,0,0,0,0,0,0
479848.452318,0,0,0,0,0,0,0,0,0,0,0,0,0
479848.457300,0,0,0,0,0,0,0,0,0,0,0,0,0
479848.462250,0,0,0,0,0,0,0,0,0,0,0,0,0
479848.467184,0,0,0,0,0,0,0,0,0,0,0,0,0
479848.472208,0,0,0,0,0,0,0,0,0,0,0,0,0
479848.477225,0,0,0,0,0,0,0,0,0,0,0,0,0
479848.482308,0,0,0,0,0,0,0,0,0,0,0,0,0
479848.487226,0,0,0,0,0,0,0,0,0,0,0,0,0
479848.492310,0,0,0,0,0,0,0,0,0,0,0,0,0
479848.497365,0,0,0,0,0,0,0,0,0,0,0,0,0
479848.502369,0,0,0,0,0,0,0,0,0,0,0,0,0
479848.507374,0,0,0,0,0,0,0,0,0,0,0,0,0
479848.512385,0,0,0,0,0,0,0,0,0,0,0,0,0
479848.517262,0,0,0,0,0,0,0,0,0,0,0,0,0
479848.522255,0,0,0,0,0,0,0,0,0,0,0,0,0
479848.527396,0,0,0,0,0,0,0,0,0,0,0,0,0
479848.532355,0,0,0,0,0,0,0,0,0,0,0,0,0
479848.537306,0,0,0,0,0,0,0,0,0,0,0,0,0
479848.542303,0,0,0,0,0,0,0,0,0,0,0,0,0
479848.547294,0,0,0,0,0,0,0,0,0,0,0,0,0
479848.552370,0,0,0,0,0,0,0,0,0,0,0,0,0
479848.557352,0,0,0,0,0,0,0,0,0,0,0,0,0
479848.562324,0,0,0,0,0,0,0,0,0,0,0,0,0
479848.567323,0,0,0,0,0,0,0,0,0,0,0,0,0
479848.572266,0,0,0,0,0,0,0,0,0,0,0,0,0
479848.577410,0,0,0,0,0,0,0,0,0,0,0,0,0
479848.582381,0,0,0,0,0,0,0,0,0,0,0,0,0
479848.587365,0,0,0,0,0,0,0,0,0,0,0,0,0
479848.592347,0,0,0,0,0,0,0,0,0,0,0,0,0
479848.597465,0,0,0,0,0,0,0,0,0,0,0,0,0
479848.602362,0,0,0,0,0,0,0,0,0,0,0,0,0
479848.607373,0,0,0,0,0,0,0,0,0,0,0,0,0
479848.613038,0,0,0,0,0,0,0,0,0,0,0,0,0
479848.617455,0,0,0,0,0,0,0,0,0,0,0,0,0
479848.622285,0,0,0,0,0,0,0,0,0,0,0,0,0
479848.627474,0,0,0,0,0,0,0,0,0,0,0,0,0
479848.632281,0,0,0,0,0,0,0,0,0,0,0,0,0
479848.637355,0,0,0,0,0,0,0,0,0,0,0,0,0
479848.642265,0,0,0,0,0,0,0,0,0,0,0,0,0
479848.647521,0,0,0,0,0,0,0,0,0,0,0,0,0
479848.652788,0,0,0,0,0,0,0,0,0,0,0,0,0
479848.657260,0,0,0,0,0,0,0,0,0,0,0,0,0
479848.662351,0,0,0,0,0,0,0,0,0,0,0,0,0
479848.667267,0,0,0,0,0,0,0,0,0,0,0,0,0
479848.672223,0,0,0,0,0,0,0,0,0,0,0,0,0
479848.677297,0,0,0,0,0,0,0,0,0,0,0,0,0
479848.682301,0,0,0,0,0,0,0,0,0,0,0,0,0
479848.687199,0,0,0,0,0,0,0,0,0,0,0,0,0
479848.692272,0,0,0,0,0,0,0,0,0,0,0,0,0
479848.697486,0,0,0,0,0,0,0,0,0,0,0,0,0
479848.702255,0,0,0,0,0,0,0,0,0,0,0,0,0
479848.707341,0,0,0,0,0,0,0,0,0,0,0,0,0
479848.712356,0,0,0,0,0,0,0,0,0,0,0,0,0
479848.717294,0,0,0,0,0,0,0,0,0,0,0,0,0
479848.722242,0,0,0,0,0,0,0,0,0,0,0,0,0
479848.727213,0,0,0,0,0,0,0,0,0,0,0,0,0
479848.732175,0,0,0,0,0,0,0,0,0,0,0,0,0
479848.737158,0,0,0,0,0,0,0,0,0,0,0,0,0
479848.742178,0,0,0,0,0,0,0,0,0,0,0,0,0
479848.747321,0,0,0,0,0,0,0,0,0,0,0,0,0
479848.752231,0,0,0,0,0,0,0,0,0,0,0,0,0
479848.757286,0,0,0,0,0,0,0,0,0,0,0,0,0
479848.762315,0,0,0,0,0,0,0,0,0,0,0,0,0
479848.767173,0,0,0,0,0,0,0,0,0,0,0,0,0
479848.772202,0,0,0,0,0,0,0,0,0,0,0,0,0
479848.777338,0,0,0,0,0,0,0,0,0,0,0,0,0
479848.782378,0,0,0,0,0,0,0,0,0,0,0,0,0
479848.787184,0,0,0,0,0,0,0,0,0,0,0,0,0
479848.792196,0,0,0,0,0,0,0,0,0,0,0,0,0
479848.797285,0,0,0,0,0,0,0,0,0,0,0,0,0
479848.802197,0,0,0,0,0,0,0,0,0,0,0,0,0
479848.807213,0,0,0,0,0,0,0,0,0,0,0,0,0
479848.812325,0,0,0,0,0,0,0,0,0,0,0,0,0
479848.817306,0,0,0,0,0,0,0,0,0,0,0,0,0
479848.822148,0,0,0,0,0,0,0,0,0,0,0,0,0
479848.827274,0,0,0,0,0,0,0,0,0,0,0,0,0
479848.832257,0,0,0,0,0,0,0,0,0,0,0,0,0
479848.837396,0,0,0,0,0,0,0,0,0,0,0,0,0
479848.842204,0,0,0,0,0,0,0,0,0,0,0,0,0
479848.847293,0,0,0,0,0,0,0,0,0,0,0,0,0
479848.852268,0,0,0,0,0,0,0,0,0,0,0,0,0
479848.857423,0,0,0,0,0,0,0,0,0,0,0,0,0
479848.862458,0,0,0,0,0,0,0,0,0,0,0,0,0
479848.867406,0,0,0,0,0,0,0,0,0,0,0,0,0
479848.872239,0,0,0,0,0,0,0,0,0,0,0,0,0
479848.877228,0,0,0,0,0,0,0,0,0,0,0,0,0
479848.882613,0,0,0,0,0,0,0,0,0,0,0,0,0
479848.887188,0,0,0,0,0,0,0,0,0,0,0,0,0
479848.892338,0,0,0,0,0,0,0,0,0,0,0,0,0
479848.897449,0,0,0,0,0,0,0,0,0,0,0,0,0
479848.902426,0,0,0,0,0,0,0,0,0,0,0,0,0
479848.907476,0,0,0,0,0,0,0,0,0,0,0,0,0
479848.912345,0,0,0,0,0,0,0,0,0,0,0,0,0
479848.917335,0,0,0,0,0,0,0,0,0,0,0,0,0
479848.922379,0,0,0,0,0,0,0,0,0,0,0,0,0
479848.927411,0,0,0,0,0,0,0,0,0,0,0,0,0
479848.932232,0,0,0,0,0,0,0,0,0,0,0,0,0
479848.937417,0,0,0,0,0,0,0,0,0,0,0,0,0
479848.942291,0,0,0,0,0,0,0,0,0,0,0,0,0
479848.947468,0,0,0,0,0,0,0,0,0,0,0,0,0
479848.952444,0,0,0,0,0,0,0,0,0,0,0,0,0
479848.957344,0,0,0,0,0,0,0,0,0,0,0,0,0
479848.962468,0,0,0,0,0,0,0,0,0,0,0,0,0
479848.967428,0,0,0,0,0,0,0,0,0,0,0,0,0
479848.972391,0,0,0,0,0,0,0,0,0,0,0,0,0
479848.977428,0,0,0,0,0,0,0,0,0,0,0,0,0
479848.982410,0,0,0,0,0,0,0,0,0,0,0,0,0
479848.987252,0,0,0,0,0,0,0,0,0,0,0,0,0
479848.992402,0,0,0,0,0,0,0,0,0,0,0,0,0
479848.997560,0,0,0,0,0,0,0,0,0,0,0,0,0
479849.002463,0,0,0,0,0,0,0,0,0,0,0,0,0
479849.007359,0,0,0,0,0,0,0,0,0,0,0,0,0
479849.012477,0,0,0,0,0,0,0,0,0,0,0,0,0
479849.017419,0,0,0,0,0,0,0,0,0,0,0,0,0
479849.022411,0,0,0,0,0,0,0,0,0,0,0,0,0
479849.027388,0,0,0,0,0,0,0,0,0,0,0,0,0
479849.032241,0,0,0,0,0,0,0,0,0,0,0,0,0
479849.037392,0,0,0,0,0,0,0,0,0,0,0,0,0
479849.042321,0,0,0,0,0,0,0,0,0,0,0,0,0
479849.047311,0,0,0,0,0,0,0,0,0,0,0,0,0
479849.052259,0,0,0,0,0,0,0,0,0,0,0,0,0
479849.057241,0,0,0,0,0,0,0,0,0,0,0,0,0
479849.062466,0,0,0,0,0,0,0,0,0,0,0,0,0
479849.067243,0,0,0,0,0,0,0,0,0,0,0,0,0
479849.072430,0,0,0,0,0,0,0,0,0,0,0,0,0
479849.077293,0,0,0,0,0,0,0,0,0,0,0,0,0
479849.082429,0,0,0,0,0,0,0,0,0,0,0,0,0
479849.087242,0,0,0,0,0,0,0,0,0,0,0,0,0
479849.092344,0,0,0,0,0,0,0,0,0,0,0,0,0
479849.097519,0,0,0,0,0,0,0,0,0,0,0,0,0
479849.102293,0,0,0,0,0,0,0,0,0,0,0,0,0
479849.107421,0,0,0,0,0,0,0,0,0,0,0,0,0
479849.112436,0,0,0,0,0,0,0,0,0,0,0,0,0
479849.117270,0,0,0,0,0,0,0,0,0,0,0,0,0
479849.122385,0,0,0,0,0,0,0,0,0,0,0,0,0
479849.127311,0,0,0,0,0,0,0,0,0,0,0,0,0
479849.132255,0,0,0,0,0,0,0,0,0,0,0,0,0
479849.137192,0,0,0,0,0,0,0,0,0,0,0,0,0
479849.142245,0,0,0,0,0,0,0,0,0,0,0,0,0
479849.147295,0,0,0,0,0,0,0,0,0,0,0,0,0
479849.152436,0,0,0,0,0,0,0,0,0,0,0,0,0
479849.157343,0,0,0,0,0,0,0,0,0,0,0,0,0
479849.162482,0,0,0,0,0,0,0,0,0,0,0,0,0
479849.167426,0,0,0,0,0,0,0,0,0,0,0,0,0
479849.172357,0,0,0,0,0,0,0,0,0,0,0,0,0
479849.177348,0,0,0,0,0,0,0,0,0,0,0,0,0
479849.182359,0,0,0,0,0,0,0,0,0,0,0,0,0
479849.187238,0,0,0,0,0,0,0,0,0,0,0,0,0
479849.192270,0,0,0,0,0,0,0,0,0,0,0,0,0
479849.197305,0,0,0,0,0,0,0,0,0,0,0,0,0
479849.202429,0,0,0,0,0,0,0,0,0,0,0,0,0
479849.207385,0,0,0,0,0,0,0,0,0,0,0,0,0
479849.212434,0,0,0,0,0,0,0,0,0,0,0,0,0
479849.217402,0,0,0,0,0,0,0,0,0,0,0,0,0
479849.222411,0,0,0,0,0,0,0,0,0,0,0,0,0
479849.227424,0,0,0,0,0,0,0,0,0,0,0,0,0
479849.232242,0,0,0,0,0,0,0,0,0,0,0,0,0
479849.237412,0,0,0,0,0,0,0,0,0,0,0,0,0
479849.242250,0,0,0,0,0,0,0,0,0,0,0,0,0
479849.247475,0,0,0,0,0,0,0,0,0,0,0,0,0
479849.252392,0,0,0,0,0,0,0,0,0,0,0,0,0
479849.257235,0,0,0,0,0,0,0,0,0,0,0,0,0
479849.262470,0,0,0,0,0,0,0,0,0,0,0,0,0
479849.267399,0,0,0,0,0,0,0,0,0,0,0,0,0
479849.272255,0,0,0,0,0,0,0,0,0,0,0,0,0
479849.277435,0,0,0,0,0,0,0,0,0,0,0,0,0
479849.282383,0,0,0,0,0,0,0,0,0,0,0,0,0
479849.287243,0,0,0,0,0,0,0,0,0,0,0,0,0
479849.292319,0,0,0,0,0,0,0,0,0,0,0,0,0
479849.297534,0,0,0,0,0,0,0,0,0,0,0,0,0
479849.302410,0,0,0,0,0,0,0,0,0,0,0,0,0
479849.307495,0,0,0,0,0,0,0,0,0,0,0,0,0
479849.312420,0,0,0,0,0,0,0,0,0,0,0,0,0
479849.317429,0,0,0,0,0,0,0,0,0,0,0,0,0
479849.322233,0,0,0,0,0,0,0,0,0,0,0,0,0
479849.327441,0,0,0,0,0,0,0,0,0,0,0,0,0
479849.332241,0,0,0,0,0,0,0,0,0,0,0,0,0
479849.337378,0,0,0,0,0,0,0,0,0,0,0,0,0
479849.342303,0,0,0,0,0,0,0,0,0,0,0,0,0
479849.347474,0,0,0,0,0,0,0,0,0,0,0,0,0
479849.352311,0,0,0,0,0,0,0,0,0,0,0,0,0
479849.357427,0,0,0,0,0,0,0,0,0,0,0,0,0
479849.362346,0,0,0,0,0,0,0,0,0,0,0,0,0
479849.367419,0,0,0,0,0,0,0,0,0,0,0,0,0
479849.372251,0,0,0,0,0,0,0,0,0,0,0,0,0
479849.377378,0,0,0,0,0,0,0,0,0,0,0,0,0
479849.382431,0,0,0,0,0,0,0,0,0,0,0,0,0
479849.387255,0,0,0,0,0,0,0,0,0,0,0,0,0
479849.392412,0,0,0,0,0,0,0,0,0,0,0,0,0
479849.397577,0,0,0,0,0,0,0,0,0,0,0,0,0
479849.402425,0,0,0,0,0,0,0,0,0,0,0,0,0
479849.407414,0,0,0,0,0,0,0,0,0,0,0,0,0
479849.412423,0,0,0,0,0,0,0,0,0,0,0,0,0
479849.417425,0,0,0,0,0,0,0,0,0,0,0,0,0
479849.422424,0,0,0,0,0,0,0,0,0,0,0,0,0
479849.427429,0,0,0,0,0,0,0,0,0,0,0,0,0
479849.432310,0,0,0,0,0,0,0,0,0,0,0,0,0
479849.437374,0,0,0,0,0,0,0,0,0,0,0,0,0
479849.442283,0,0,0,0,0,0,0,0,0,0,0,0,0
479849.447470,0,0,0,0,0,0,0,0,0,0,0,0,0
479849.452452,0,0,0,0,0,0,0,0,0,0,0,0,0
479849.457369,0,0,0,0,0,0,0,0,0,0,0,0,0
479849.462415,0,0,0,0,0,0,0,0,0,0,0,0,0
479849.467264,0,0,0,0,0,0,0,0,0,0,0,0,0
479849.472255,0,0,0,0,0,0,0,0,0,0,0,0,0
479849.477223,0,0,0,0,0,0,0,0,0,0,0,0,0
479849.482430,0,0,0,0,0,0,0,0,0,0,0,0,0
479849.487240,0,0,0,0,0,0,0,0,0,0,0,0,0
479849.492243,0,0,0,0,0,0,0,0,0,0,0,0,0
479849.497245,0,0,0,0,0,0,0,0,0,0,0,0,0
479849.502334,0,0,0,0,0,0,0,0,0,0,0,0,0
479849.507416,0,0,0,0,0,0,0,0,0,0,0,0,0
479849.512448,0,0,0,0,0,0,0,0,0,0,0,0,0
479849.517426,0,0,0,0,0,0,0,0,0,0,0,0,0
479849.522397,0,0,0,0,0,0,0,0,0,0,0,0,0
479849.527397,0,0,0,0,0,0,0,0,0,0,0,0,0
479849.532290,0,0,0,0,0,0,0,0,0,0,0,0,0
479849.537239,0,0,0,0,0,0,0,0,0,0,0,0,0
479849.542188,0,0,0,0,0,0,0,0,0,0,0,0,0
479849.547267,0,0,0,0,0,0,0,0,0,0,0,0,0
479849.552405,0,0,0,0,0,0,0,0,0,0,0,0,0
479849.557253,0,0,0,0,0,0,0,0,0,0,0,0,0
479849.562429,0,0,0,0,0,0,0,0,0,0,0,0,0
479849.567259,0,0,0,0,0,0,0,0,0,0,0,0,0
479849.572407,0,0,0,0,0,0,0,0,0,0,0,0,0
479849.577382,0,0,0,0,0,0,0,0,0,0,0,0,0
479849.582469,0,0,0,0,0,0,0,0,0,0,0,0,0
479849.587239,0,0,0,0,0,0,0,0,0,0,0,0,0
479849.592411,0,0,0,0,0,0,0,0,0,0,0,0,0
479849.597489,0,0,0,0,0,0,0,0,0,0,0,0,0
479849.602396,0,0,0,0,0,0,0,0,0,0,0,0,0
479849.607398,0,0,0,0,0,0,0,0,0,0,0,0,0
479849.612417,0,0,0,0,0,0,0,0,0,0,0,0,0
479849.617414,0,0,0,0,0,0,0,0,0,0,0,0,0
479849.622405,0,0,0,0,0,0,0,0,0,0,0,0,0
479849.627433,0,0,0,0,0,0,0,0,0,0,0,0,0
479849.632269,0,0,0,0,0,0,0,0,0,0,0,0,0
479849.637276,0,0,0,0,0,0,0,0,0,0,0,0,0
479849.642289,0,0,0,0,0,0,0,0,0,0,0,0,0
479849.647465,0,0,0,0,0,0,0,0,0,0,0,0,0
479849.652309,0,0,0,0,0,0,0,0,0,0,0,0,0
479849.657289,0,0,0,0,0,0,0,0,0,0,0,0,0
479849.662474,0,0,0,0,0,0,0,0,0,0,0,0,0
479849.667305,0,0,0,0,0,0,0,0,0,0,0,0,0
479849.672337,0,0,0,0,0,0,0,0,0,0,0,0,0
479849.677281,0,0,0,0,0,0,0,0,0,0,0,0,0
479849.682411,0,0,0,0,0,0,0,0,0,0,0,0,0
479849.687209,0,0,0,0,0,0,0,0,0,0,0,0,0
479849.692358,0,0,0,0,0,0,0,0,0,0,0,0,0
479849.697464,0,0,0,0,0,0,0,0,0,0,0,0,0
479849.702268,0,0,0,0,0,0,0,0,0,0,0,0,0
479849.707254,0,0,0,0,0,0,0,0,0,0,0,0,0
479849.712474,0,0,0,0,0,0,0,0,0,0,0,0,0
479849.717328,0,0,0,0,0,0,0,0,0,0,0,0,0
479849.722325,0,0,0,0,0,0,0,0,0,0,0,0,0
479849.727325,0,0,0,0,0,0,0,0,0,0,0,0,0
479849.732237,0,0,0,0,0,0,0,0,0,0,0,0,0
479849.737333,0,0,0,0,0,0,0,0,0,0,0,0,0
479849.742200,0,0,0,0,0,0,0,0,0,0,0,0,0
479849.747369,0,0,0,0,0,0,0,0,0,0,0,0,0
479849.752411,0,0,0,0,0,0,0,0,0,0,0,0,0
479849.757364,0,0,0,0,0,0,0,0,0,0,0,0,0
479849.762464,0,0,0,0,0,0,0,0,0,0,0,0,0
479849.767390,0,0,0,0,0,0,0,0,0,0,0,0,0
479849.772395,0,0,0,0,0,0,0,0,0,0,0,0,0
479849.777394,0,0,0,0,0,0,0,0,0,0,0,0,0
479849.782474,0,0,0,0,0,0,0,0,0,0,0,0,0
479849.787294,0,0,0,0,0,0,0,0,0,0,0,0,0
479849.792345,0,0,0,0,0,0,0,0,0,0,0,0,0
479849.797551,0,0,0,0,0,0,0,0,0,0,0,0,0
479849.802460,0,0,0,0,0,0,0,0,0,0,0,0,0
479849.807283,0,0,0,0,0,0,0,0,0,0,0,0,0
479849.812460,0,0,0,0,0,0,0,0,0,0,0,0,0
479849.817412,0,0,0,0,0,0,0,0,0,0,0,0,0
479849.822287,0,0,0,0,0,0,0,0,0,0,0,0,0
479849.827278,0,0,0,0,0,0,0,0,0,0,0,0,0
479849.832279,0,0,0,0,0,0,0,0,0,0,0,0,0
479849.837389,0,0,0,0,0,0,0,0,0,0,0,0,0
479849.842221,0,0,0,0,0,0,0,0,0,0,0,0,0
479849.847463,0,0,0,0,0,0,0,0,0,0,0,0,0
479849.852257,0,0,0,0,0,0,0,0,0,0,0,0,0
479849.857252,0,0,0,0,0,0,0,0,0,0,0,0,0
479849.862313,0,0,0,0,0,0,0,0,0,0,0,0,0
479849.867396,0,0,0,0,0,0,0,0,0,0,0,0,0
479849.872255,0,0,0,0,0,0,0,0,0,0,0,0,0
479849.877422,0,0,0,0,0,0,0,0,0,0,0,0,0
479849.882299,0,0,0,0,0,0,0,0,0,0,0,0,0
479849.887274,0,0,0,0,0,0,0,0,0,0,0,0,0
479849.892392,0,0,0,0,0,0,0,0,0,0,0,0,0
479849.897539,0,0,0,0,0,0,0,0,0,0,0,0,0
479849.902471,0,0,0,0,0,0,0,0,0,0,0,0,0
479849.907434,0,0,0,0,0,0,0,0,0,0,0,0,0
479849.912452,0,0,0,0,0,0,0,0,0,0,0,0,0
479849.917246,0,0,0,0,0,0,0,0,0,0,0,0,0
479849.922360,0,0,0,0,0,0,0,0,0,0,0,0,0
479849.927342,0,0,0,0,0,0,0,0,0,0,0,0,0
479849.932336,0,0,0,0,0,0,0,0,0,0,0,0,0
479849.937184,0,0,0,0,0,0,0,0,0,0,0,0,0
479849.942162,0,0,0,0,0,0,0,0,0,0,0,0,0
479849.947356,0,0,0,0,0,0,0,0,0,0,0,0,0
479849.952207,0,0,0,0,0,0,0,0,0,0,0,0,0
479849.957278,0,0,0,0,0,0,0,0,0,0,0,0,0
479849.962325,0,0,0,0,0,0,0,0,0,0,0,0,0
479849.967242,0,0,0,0,0,0,0,0,0,0,0,0,0
479849.972279,0,0,0,0,0,0,0,0,0,0,0,0,0
479849.977278,0,0,0,0,0,0,0,0,0,0,0,0,0
479849.982447,0,0,0,0,0,0,0,0,0,0,0,0,0
479849.987198,0,0,0,0,0,0,0,0,0,0,0,0,0
479849.992398,0,0,0,0,0,0,0,0,0,0,0,0,0
479849.997362,0,0,0,0,0,0,0,0,0,0,0,0,0
479850.002426,0,0,0,0,0,0,0,0,0,0,0,0,0
479850.007423,0,0,0,0,0,0,0,0,0,0,0,0,0
479850.012461,0,0,0,0,0,0,0,0,0,0,0,0,0
479850.017454,0,0,0,0,0,0,0,0,0,0,0,0,0
479850.022317,0,0,0,0,0,0,0,0,0,0,0,0,0
479850.027292,0,0,0,0,0,0,0,0,0,0,0,0,0
479850.032263,0,0,0,0,0,0,0,0,0,0,0,0,0
479850.037319,0,0,0,0,0,0,0,0,0,0,0,0,0
479850.042297,0,0,0,0,0,0,0,0,0,0,0,0,0
479850.047449,0,0,0,0,0,0,0,0,0,0,0,0,0
479850.052437,0,0,0,0,0,0,0,0,0,0,0,0,0
479850.057414,0,0,0,0,0,0,0,0,0,0,0,0,0
479850.062472,0,0,0,0,0,0,0,0,0,0,0,0,0
479850.067297,0,0,0,0,0,0,0,0,0,0,0,0,0
479850.072346,0,0,0,0,0,0,0,0,0,0,0,0,0
479850.077252,0,0,0,0,0,0,0,0,0,0,0,0,0
479850.082456,0,0,0,0,0,0,0,0,0,0,0,0,0
479850.087268,0,0,0,0,0,0,0,0,0,0,0,0,0
479850.092412,0,0,0,0,0,0,0,0,0,0,0,0,0
479850.097323,0,0,0,0,0,0,0,0,0,0,0,0,0
479850.102440,0,0,0,0,0,0,0,0,0,0,0,0,0
479850.107434,0,0,0,0,0,0,0,0,0,0,0,0,0
479850.112434,0,0,0,0,0,0,0,0,0,0,0,0,0
479850.117502,0,0,0,0,0,0,0,0,0,0,0,0,0
479850.122363,0,0,0,0,0,0,0,0,0,0,0,0,0
479850.127436,0,0,0,0,0,0,0,0,0,0,0,0,0
479850.132239,0,0,0,0,0,0,0,0,0,0,0,0,0
479850.137434,0,0,0,0,0,0,0,0,0,0,0,0,0
479850.142279,0,0,0,0,0,0,0,0,0,0,0,0,0
479850.147442,0,0,0,0,0,0,0,0,0,0,0,0,0
479850.152454,0,0,0,0,0,0,0,0,0,0,0,0,0
479850.157267,0,0,0,0,0,0,0,0,0,0,0,0,0
479850.162452,0,0,0,0,0,0,0,0,0,0,0,0,0
479850.167420,0,0,0,0,0,0,0,0,0,0,0,0,0
479850.172429,0,0,0,0,0,0,0,0,0,0,0,0,0
479850.177413,0,0,0,0,0,0,0,0,0,0,0,0,0
479850.182457,0,0,0,0,0,0,0,0,0,0,0,0,0
479850.187275,0,0,0,0,0,0,0,0,0,0,0,0,0
479850.192366,0,0,0,0,0,0,0,0,0,0,0,0,0
479850.197348,0,0,0,0,0,0,0,0,0,0,0,0,0
479850.202364,0,0,0,0,0,0,0,0,0,0,0,0,0
479850.207337,0,0,0,0,0,0,0,0,0,0,0,0,0
479850.212456,0,0,0,0,0,0,0,0,0,0,0,0,0
479850.217455,0,0,0,0,0,0,0,0,0,0,0,0,0
479850.222286,0,0,0,0,0,0,0,0,0,0,0,0,0
479850.227442,0,0,0,0,0,0,0,0,0,0,0,0,0
479850.232471,0,0,0,0,0,0,0,0,0,0,0,0,0
479850.237445,0,0,0,0,0,0,0,0,0,0,0,0,0
479850.242271,0,0,0,0,0,0,0,0,0,0,0,0,0
479850.247517,0,0,0,0,0,0,0,0,0,0,0,0,0
479850.252457,0,0,0,0,0,0,0,0,0,0,0,0,0
479850.257370,0,0,0,0,0,0,0,0,0,0,0,0,0
479850.262423,0,0,0,0,0,0,0,0,0,0,0,0,0
479850.267376,0,0,0,0,0,0,0,0,0,0,0,0,0
479850.272287,0,0,0,0,0,0,0,0,0,0,0,0,0
479850.277300,0,0,0,0,0,0,0,0,0,0,0,0,0
479850.282409,0,0,0,0,0,0,0,0,0,0,0,0,0
479850.287239,0,0,0,0,0,0,0,0,0,0,0,0,0
479850.292390,0,0,0,0,0,0,0,0,0,0,0,0,0
479850.297497,0,0,0,0,0,0,0,0,0,0,0,0,0
479850.302342,0,0,0,0,0,0,0,0,0,0,0,0,0
479850.307282,0,0,0,0,0,0,0,0,0,0,0,0,0
479850.312294,0,0,0,0,0,0,0,0,0,0,0,0,0
479850.317319,0,0,0,0,0,0,0,0,0,0,0,0,0
479850.322278,0,0,0,0,0,0,0,0,0,0,0,0,0
479850.327378,0,0,0,0,0,0,0,0,0,0,0,0,0
479850.332285,0,0,0,0,0,0,0,0,0,0,0,0,0
479850.337385,0,0,0,0,0,0,0,0,0,0,0,0,0
479850.342256,0,0,0,0,0,0,0,0,0,0,0,0,0
479850.347392,0,0,0,0,0,0,0,0,0,0,0,0,0
479850.352324,0,0,0,0,0,0,0,0,0,0,0,0,0
479850.357385,0,0,0,0,0,0,0,0,0,0,0,0,0
479850.362412,0,0,0,0,0,0,0,0,0,0,0,0,0
479850.367417,0,0,0,0,0,0,0,0,0,0,0,0,0
479850.372296,0,0,0,0,0,0,0,0,0,0,0,0,0
479850.377326,0,0,0,0,0,0,0,0,0,0,0,0,0
479850.382396,0,0,0,0,0,0,0,0,0,0,0,0,0
479850.387309,0,0,0,0,0,0,0,0,0,0,0,0,0
479850.392313,0,0,0,0,0,0,0,0,0,0,0,0,0
479850.397522,0,0,0,0,0,0,0,0,0,0,0,0,0
479850.402333,0,0,0,0,0,0,0,0,0,0,0,0,0
479850.407360,0,0,0,0,0,0,0,0,0,0,0,0,0
479850.412412,0,0,0,0,0,0,0,0,0,0,0,0,0
479850.417420,0,0,0,0,0,0,0,0,0,0,0,0,0
479850.422254,0,0,0,0,0,0,0,0,0,0,0,0,0
479850.427276,0,0,0,0,0,0,0,0,0,0,0,0,0
479850.432321,0,0,0,0,0,0,0,0,0,0,0,0,0
479850.437385,0,0,0,0,0,0,0,0,0,0,0,0,0
479850.442289,0,0,0,0,0,0,0,0,0,0,0,0,0
479850.447432,0,0,0,0,0,0,0,0,0,0,0,0,0
479850.452406,0,0,0,0,0,0,0,0,0,0,0,0,0
479850.457322,0,0,0,0,0,0,0,0,0,0,0,0,0
479850.462279,0,0,0,0,0,0,0,0,0,0,0,0,0
479850.467297,0,0,0,0,0,0,0,0,0,0,0,0,0
479850.472330,0,0,0,0,0,0,0,0,0,0,0,0,0
479850.477241,0,0,0,0,0,0,0,0,0,0,0,0,0
479850.482266,0,0,0,0,0,0,0,0,0,0,0,0,0
479850.487213,0,0,0,0,0,0,0,0,0,0,0,0,0
479850.492419,0,0,0,0,0,0,0,0,0,0,0,0,0
479850.497423,0,0,0,0,0,0,0,0,0,0,0,0,0
479850.502395,0,0,0,0,0,0,0,0,0,0,0,0,0
479850.507538,0,0,0,0,0,0,0,0,0,0,0,0,0
479850.512339,0,0,0,0,0,0,0,0,0,0,0,0,0
479850.517256,0,0,0,0,0,0,0,0,0,0,0,0,0
479850.522476,0,0,0,0,0,0,0,0,0,0,0,0,0
479850.527390,0,0,0,0,0,0,0,0,0,0,0,0,0
479850.532338,0,0,0,0,0,0,0,0,0,0,0,0,0
479850.537401,0,0,0,0,0,0,0,0,0,0,0,0,0
479850.542354,0,0,0,0,0,0,0,0,0,0,0,0,0
479850.547458,0,0,0,0,0,0,0,0,0,0,0,0,0
479850.552408,0,0,0,0,0,0,0,0,0,0,0,0,0
479850.557386,0,0,0,0,0,0,0,0,0,0,0,0,0
479850.562387,0,0,0,0,0,0,0,0,0,0,0,0,0
479850.567418,0,0,0,0,0,0,0,0,0,0,0,0,0
479850.572368,0,0,0,0,0,0,0,0,0,0,0,0,0
479850.577515,0,0,0,0,0,0,0,0,0,0,0,0,0
479850.582429,0,0,0,0,0,0,0,0,0,0,0,0,0
479850.587296,0,0,0,0,0,0,0,0,0,0,0,0,0
479850.592463,0,0,0,0,0,0,0,0,0,0,0,0,0
479850.597610,0,0,0,0,0,0,0,0,0,0,0,0,0
479850.602452,0,0,0,0,0,0,0,0,0,0,0,0,0
479850.607313,0,0,0,0,0,0,0,0,0,0,0,0,0
479850.612400,0,0,0,0,0,0,0,0,0,0,0,0,0
479850.617437,0,0,0,0,0,0,0,0,0,0,0,0,0
479850.622398,0,0,0,0,0,0,0,0,0,0,0,0,0
479850.627392,0,0,0,0,0,0,0,0,0,0,0,0,0
479850.632303,0,0,0,0,0,0,0,0,0,0,0,0,0
479850.637400,0,0,0,0,0,0,0,0,0,0,0,0,0
479850.642323,0,0,0,0,0,0,0,0,0,0,0,0,0
479850.647476,0,0,0,0,0,0,0,0,0,0,0,0,0
479850.652417,0,0,0,0,0,0,0,0,0,0,0,0,0
479850.657451,0,0,0,0,0,0,0,0,0,0,0,0,0
479850.662436,0,0,0,0,0,0,0,0,0,0,0,0,0
479850.667424,0,0,0,0,0,0,0,0,0,0,0,0,0
479850.672397,0,0,0,0,0,0,0,0,0,0,0,0,0
479850.677318,0,0,0,0,0,0,0,0,0,0,0,0,0
479850.682421,0,0,0,0,0,0,0,0,0,0,0,0,0
479850.687240,0,0,0,0,0,0,0,0,0,0,0,0,0
479850.692429,0,0,0,0,0,0,0,0,0,0,0,0,0
479850.697448,0,0,0,0,0,0,0,0,0,0,0,0,0
479850.702346,0,0,0,0,0,0,0,0,0,0,0,0,0
479850.707321,0,0,0,0,0,0,0,0,0,0,0,0,0
479850.712557,0,0,0,0,0,0,0,0,0,0,0,0,0
479850.717350,0,0,0,0,0,0,0,0,0,0,0,0,0
479850.722351,0,0,0,0,0,0,0,0,0,0,0,0,0
479850.727382,0,0,0,0,0,0,0,0,0,0,0,0,0
479850.732419,0,0,0,0,0,0,0,0,0,0,0,0,0
479850.737409,0,0,0,0,0,0,0,0,0,0,0,0,0
479850.742258,0,0,0,0,0,0,0,0,0,0,0,0,0
479850.747447,0,0,0,0,0,0,0,0,0,0,0,0,0
479850.752410,0,0,0,0,0,0,0,0,0,0,0,0,0
479850.757436,0,0,0,0,0,0,0,0,0,0,0,0,0
479850.762357,0,0,0,0,0,0,0,0,0,0,0,0,0
479850.767402,0,0,0,0,0,0,0,0,0,0,0,0,0
479850.772404,0,0,0,0,0,0,0,0,0,0,0,0,0
479850.777411,0,0,0,0,0,0,0,0,0,0,0,0,0
479850.782430,0,0,0,0,0,0,0,0,0,0,0,0,0
479850.787395,0,0,0,0,0,0,0,0,0,0,0,0,0
479850.792383,0,0,0,0,0,0,0,0,0,0,0,0,0
479850.797595,0,0,0,0,0,0,0,0,0,0,0,0,0
479850.802415,0,0,0,0,0,0,0,0,0,0,0,0,0
479850.807457,0,0,0,0,0,0,0,0,0,0,0,0,0
479850.812374,0,0,0,0,0,0,0,0,0,0,0,0,0
479850.817314,0,0,0,0,0,0,0,0,0,0,0,0,0
479850.822255,0,0,0,0,0,0,0,0,0,0,0,0,0
479850.827172,0,0,0,0,0,0,0,0,0,0,0,0,0
479850.832374,0,0,0,0,0,0,0,0,0,0,0,0,0
479850.837400,0,0,0,0,0,0,0,0,0,0,0,0,0
479850.842311,0,0,0,0,0,0,0,0,0,0,0,0,0
479850.847489,0,0,0,0,0,0,0,0,0,0,0,0,0
479850.852421,0,0,0,0,0,0,0,0,0,0,0,0,0
479850.857365,0,0,0,0,0,0,0,0,0,0,0,0,0
479850.862438,0,0,0,0,0,0,0,0,0,0,0,0,0
479850.867402,0,0,0,0,0,0,0,0,0,0,0,0,0
479850.872388,0,0,0,0,0,0,0,0,0,0,0,0,0
479850.877296,0,0,0,0,0,0,0,0,0,0,0,0,0
479850.882294,0,0,0,0,0,0,0,0,0,0,0,0,0
479850.887226,0,0,0,0,0,0,0,0,0,0,0,0,0
479850.892323,0,0,0,0,0,0,0,0,0,0,0,0,0
479850.897245,0,0,0,0,0,0,0,0,0,0,0,0,0
479850.902456,0,0,0,0,0,0,0,0,0,0,0,0,0
479850.907372,0,0,0,0,0,0,0,0,0,0,0,0,0
479850.912311,0,0,0,0,0,0,0,0,0,0,0,0,0
479850.917330,0,0,0,0,0,0,0,0,0,0,0,0,0
479850.922284,0,0,0,0,0,0,0,0,0,0,0,0,0
479850.927317,0,0,0,0,0,0,0,0,0,0,0,0,0
479850.932354,0,0,0,0,0,0,0,0,0,0,0,0,0
479850.937341,0,0,0,0,0,0,0,0,0,0,0,0,0
479850.942279,0,0,0,0,0,0,0,0,0,0,0,0,0
479850.947456,0,0,0,0,0,0,0,0,0,0,0,0,0
479850.952420,0,0,0,0,0,0,0,0,0,0,0,0,0
479850.957314,0,0,0,0,0,0,0,0,0,0,0,0,0
479850.962428,0,0,0,0,0,0,0,0,0,0,0,0,0
479850.967305,0,0,0,0,0,0,0,0,0,0,0,0,0
479850.972372,0,0,0,0,0,0,0,0,0,0,0,0,0
479850.977318,0,0,0,0,0,0,0,0,0,0,0,0,0
479850.982382,0,0,0,0,0,0,0,0,0,0,0,0,0
479850.987236,0,0,0,0,0,0,0,0,0,0,0,0,0
479850.992359,0,0,0,0,0,0,0,0,0,0,0,0,0
479850.997395,0,0,0,0,0,0,0,0,0,0,0,0,0
479851.002418,0,0,0,0,0,0,0,0,0,0,0,0,0
479851.007411,0,0,0,0,0,0,0,0,0,0,0,0,0
479851.012410,0,0,0,0,0,0,0,0,0,0,0,0,0
479851.017377,0,0,0,0,0,0,0,0,0,0,0,0,0
479851.022376,0,0,0,0,0,0,0,0,0,0,0,0,0
479851.027394,0,0,0,0,0,0,0,0,0,0,0,0,0
479851.032341,0,0,0,0,0,0,0,0,0,0,0,0,0
479851.037420,0,0,0,0,0,0,0,0,0,0,0,0,0
479851.042354,0,0,0,0,0,0,0,0,0,0,0,0,0
479851.047423,0,0,0,0,0,0,0,0,0,0,0,0,0
479851.052343,0,0,0,0,0,0,0,0,0,0,0,0,0
479851.057306,0,0,0,0,0,0,0,0,0,0,0,0,0
479851.062362,0,0,0,0,0,0,0,0,0,0,0,0,0
479851.067271,0,0,0,0,0,0,0,0,0,0,0,0,0
479851.072276,0,0,0,0,0,0,0,0,0,0,0,0,0
479851.077247,0,0,0,0,0,0,0,0,0,0,0,0,0
479851.082292,0,0,0,0,0,0,0,0,0,0,0,0,0
479851.087300,0,0,0,0,0,0,0,0,0,0,0,0,0
479851.092267,0,0,0,0,0,0,0,0,0,0,0,0,0
479851.097321,0,0,0,0,0,0,0,0,0,0,0,0,0
479851.102354,0,0,0,0,0,0,0,0,0,0,0,0,0
479851.107280,0,0,0,0,0,0,0,0,0,0,0,0,0
479851.112254,0,0,0,0,0,0,0,0,0,0,0,0,0
479851.117335,0,0,0,0,0,0,0,0,0,0,0,0,0
479851.122304,0,0,0,0,0,0,0,0,0,0,0,0,0
479851.127377,0,0,0,0,0,0,0,0,0,0,0,0,0
479851.132335,0,0,0,0,0,0,0,0,0,0,0,0,0
479851.137271,0,0,0,0,0,0,0,0,0,0,0,0,0
479851.142236,0,0,0,0,0,0,0,0,0,0,0,0,0
479851.147388,0,0,0,0,0,0,0,0,0,0,0,0,0
479851.152469,0,0,0,0,0,0,0,0,0,0,0,0,0
479851.157478,0,0,0,0,0,0,0,0,0,0,0,0,0
479851.162344,0,0,0,0,0,0,0,0,0,0,0,0,0
479851.167469,0,0,0,0,0,0,0,0,0,0,0,0,0
479851.172457,0,0,0,0,0,0,0,0,0,0,0,0,0
479851.177434,0,0,0,0,0,0,0,0,0,0,0,0,0
479851.182440,0,0,0,0,0,0,0,0,0,0,0,0,0
479851.187230,0,0,0,0,0,0,0,0,0,0,0,0,0
479851.192382,0,0,0,0,0,0,0,0,0,0,0,0,0
479851.197371,0,0,0,0,0,0,0,0,0,0,0,0,0
479851.202264,0,0,0,0,0,0,0,0,0,0,0,0,0
479851.207251,0,0,0,0,0,0,0,0,0,0,0,0,0
479851.212323,0,0,0,0,0,0,0,0,0,0,0,0,0
479851.217368,0,0,0,0,0,0,0,0,0,0,0,0,0
479851.222334,0,0,0,0,0,0,0,0,0,0,0,0,0
479851.227260,0,0,0,0,0,0,0,0,0,0,0,0,0
479851.232227,0,0,0,0,0,0,0,0,0,0,0,0,0
479851.237220,0,0,0,0,0,0,0,0,0,0,0,0,0
479851.242205,0,0,0,0,0,0,0,0,0,0,0,0,0
479851.247460,0,0,0,0,0,0,0,0,0,0,0,0,0
479851.252407,0,0,0,0,0,0,0,0,0,0,0,0,0
479851.257362,0,0,0,0,0,0,0,0,0,0,0,0,0
479851.262322,0,0,0,0,0,0,0,0,0,0,0,0,0
479851.267244,0,0,0,0,0,0,0,0,0,0,0,0,0
479851.272419,0,0,0,0,0,0,0,0,0,0,0,0,0
479851.277293,0,0,0,0,0,0,0,0,0,0,0,0,0
479851.282323,0,0,0,0,0,0,0,0,0,0,0,0,0
479851.287272,0,0,0,0,0,0,0,0,0,0,0,0,0
479851.292359,0,0,0,0,0,0,0,0,0,0,0,0,0
479851.297535,0,0,0,0,0,0,0,0,0,0,0,0,0
479851.302473,0,0,0,0,0,0,0,0,0,0,0,0,0
479851.307445,0,0,0,0,0,0,0,0,0,0,0,0,0
479851.312271,0,0,0,0,0,0,0,0,0,0,0,0,0
479851.317483,0,0,0,0,0,0,0,0,0,0,0,0,0
479851.322446,0,0,0,0,0,0,0,0,0,0,0,0,0
479851.327445,0,0,0,0,0,0,0,0,0,0,0,0,0
479851.332362,0,0,0,0,0,0,0,0,0,0,0,0,0
479851.337467,0,0,0,0,0,0,0,0,0,0,0,0,0
479851.342280,0,0,0,0,0,0,0,0,0,0,0,0,0
479851.347440,0,0,0,0,0,0,0,0,0,0,0,0,0
479851.352493,0,0,0,0,0,0,0,0,0,0,0,0,0
479851.357461,0,0,0,0,0,0,0,0,0,0,0,0,0
479851.362433,0,0,0,0,0,0,0,0,0,0,0,0,0
479851.367443,0,0,0,0,0,0,0,0,0,0,0,0,0
479851.372438,0,0,0,0,0,0,0,0,0,0,0,0,0
479851.377447,0,0,0,0,0,0,0,0,0,0,0,0,0
479851.382457,0,0,0,0,0,0,0,0,0,0,0,0,0
479851.387298,0,0,0,0,0,0,0,0,0,0,0,0,0
479851.392937,0,0,0,0,0,0,0,0,0,0,0,0,0
479851.397593,0,0,0,0,0,0,0,0,0,0,0,0,0
479851.402483,0,0,0,0,0,0,0,0,0,0,0,0,0
479851.407459,0,0,0,0,0,0,0,0,0,0,0,0,0
479851.412341,0,0,0,0,0,0,0,0,0,0,0,0,0
479851.417487,0,0,0,0,0,0,0,0,0,0,0,0,0
479851.422458,0,0,0,0,0,0,0,0,0,0,0,0,0
479851.427416,0,0,0,0,0,0,0,0,0,0,0,0,0
479851.432512,0,0,0,0,0,0,0,0,0,0,0,0,0
479851.437478,0,0,0,0,0,0,0,0,0,0,0,0,0
479851.442290,0,0,0,0,0,0,0,0,0,0,0,0,0
479851.447510,0,0,0,0,0,0,0,0,0,0,0,0,0
479851.452321,0,0,0,0,0,0,0,0,0,0,0,0,0
479851.457322,0,0,0,0,0,0,0,0,0,0,0,0,0
479851.462338,0,0,0,0,0,0,0,0,0,0,0,0,0
479851.467303,0,0,0,0,0,0,0,0,0,0,0,0,0
479851.472420,0,0,0,0,0,0,0,0,0,0,0,0,0
479851.477253,0,0,0,0,0,0,0,0,0,0,0,0,0
479851.482443,0,0,0,0,0,0,0,0,0,0,0,0,0
479851.487250,0,0,0,0,0,0,0,0,0,0,0,0,0
479851.492262,0,0,0,0,0,0,0,0,0,0,0,0,0
479851.497499,0,0,0,0,0,0,0,0,0,0,0,0,0
479851.502435,0,0,0,0,0,0,0,0,0,0,0,0,0
479851.507418,0,0,0,0,0,0,0,0,0,0,0,0,0
479851.512330,0,0,0,0,0,0,0,0,0,0,0,0,0
479851.517387,0,0,0,0,0,0,0,0,0,0,0,0,0
479851.522383,0,0,0,0,0,0,0,0,0,0,0,0,0
479851.527389,0,0,0,0,0,0,0,0,0,0,0,0,0
479851.532293,0,0,0,0,0,0,0,0,0,0,0,0,0
479851.537392,0,0,0,0,0,0,0,0,0,0,0,0,0
479851.542309,0,0,0,0,0,0,0,0,0,0,0,0,0
479851.547366,0,0,0,0,0,0,0,0,0,0,0,0,0
479851.552421,0,0,0,0,0,0,0,0,0,0,0,0,0
479851.557380,0,0,0,0,0,0,0,0,0,0,0,0,0
479851.562356,0,0,0,0,0,0,0,0,0,0,0,0,0
479851.567397,0,0,0,0,0,0,0,0,0,0,0,0,0
479851.572365,0,0,0,0,0,0,0,0,0,0,0,0,0
479851.577429,0,0,0,0,0,0,0,0,0,0,0,0,0
479851.582433,0,0,0,0,0,0,0,0,0,0,0,0,0
479851.587326,0,0,0,0,0,0,0,0,0,0,0,0,0
479851.592331,0,0,0,0,0,0,0,0,0,0,0,0,0
479851.597433,0,0,0,0,0,0,0,0,0,0,0,0,0
479851.602309,0,0,0,0,0,0,0,0,0,0,0,0,0
479851.607357,0,0,0,0,0,0,0,0,0,0,0,0,0
479851.612295,0,0,0,0,0,0,0,0,0,0,0,0,0
479851.617338,0,0,0,0,0,0,0,0,0,0,0,0,0
479851.622332,0,0,0,0,0,0,0,0,0,0,0,0,0
479851.627334,0,0,0,0,0,0,0,0,0,0,0,0,0
479851.632352,0,0,0,0,0,0,0,0,0,0,0,0,0
479851.637378,0,0,0,0,0,0,0,0,0,0,0,0,0
479851.642295,0,0,0,0,0,0,0,0,0,0,0,0,0
479851.647465,0,0,0,0,0,0,0,0,0,0,0,0,0
479851.652444,0,0,0,0,0,0,0,0,0,0,0,0,0
479851.657409,0,0,0,0,0,0,0,0,0,0,0,0,0
479851.662414,0,0,0,0,0,0,0,0,0,0,0,0,0
479851.667372,0,0,0,0,0,0,0,0,0,0,0,0,0
479851.672351,0,0,0,0,0,0,0,0,0,0,0,0,0
479851.677267,0,0,0,0,0,0,0,0,0,0,0,0,0
479851.682344,0,0,0,0,0,0,0,0,0,0,0,0,0
479851.687260,0,0,0,0,0,0,0,0,0,0,0,0,0
479851.692423,0,0,0,0,0,0,0,0,0,0,0,0,0
479851.697521,0,0,0,0,0,0,0,0,0,0,0,0,0
479851.702433,0,0,0,0,0,0,0,0,0,0,0,0,0
479851.707400,0,0,0,0,0,0,0,0,0,0,0,0,0
479851.713211,0,0,0,0,0,0,0,0,0,0,0,0,0
479851.717327,0,0,0,0,0,0,0,0,0,0,0,0,0
479851.722294,0,0,0,0,0,0,0,0,0,0,0,0,0
479851.727343,0,0,0,0,0,0,0,0,0,0,0,0,0
479851.732328,0,0,0,0,0,0,0,0,0,0,0,0,0
479851.737309,0,0,0,0,0,0,0,0,0,0,0,0,0
479851.742272,0,0,0,0,0,0,0,0,0,0,0,0,0
479851.747428,0,0,0,0,0,0,0,0,0,0,0,0,0
479851.752436,0,0,0,0,0,0,0,0,0,0,0,0,0
479851.757401,0,0,0,0,0,0,0,0,0,0,0,0,0
479851.762300,0,0,0,0,0,0,0,0,0,0,0,0,0
479851.767452,0,0,0,0,0,0,0,0,0,0,0,0,0
479851.772422,0,0,0,0,0,0,0,0,0,0,0,0,0
479851.777359,0,0,0,0,0,0,0,0,0,0,0,0,0
479851.782354,0,0,0,0,0,0,0,0,0,0,0,0,0
479851.787284,0,0,0,0,0,0,0,0,0,0,0,0,0
479851.792342,0,0,0,0,0,0,0,0,0,0,0,0,0
479851.797440,0,0,0,0,0,0,0,0,0,0,0,0,0
479851.802470,0,0,0,0,0,0,0,0,0,0,0,0,0
479851.807521,0,0,0,0,0,0,0,0,0,0,0,0,0
479851.812424,0,0,0,0,0,0,0,0,0,0,0,0,0
479851.817291,0,0,0,0,0,0,0,0,0,0,0,0,0
479851.822249,0,0,0,0,0,0,0,0,0,0,0,0,0
479851.827214,0,0,0,0,0,0,0,0,0,0,0,0,0
479851.832252,0,0,0,0,0,0,0,0,0,0,0,0,0
479851.837419,0,0,0,0,0,0,0,0,0,0,0,0,0
479851.842290,0,0,0,0,0,0,0,0,0,0,0,0,0
479851.847365,0,0,0,0,0,0,0,0,0,0,0,0,0
479851.852389,0,0,0,0,0,0,0,0,0,0,0,0,0
479851.857348,0,0,0,0,0,0,0,0,0,0,0,0,0
479851.862271,0,0,0,0,0,0,0,0,0,0,0,0,0
479851.867374,0,0,0,0,0,0,0,0,0,0,0,0,0
479851.872261,0,0,0,0,0,0,0,0,0,0,0,0,0
479851.877304,0,0,0,0,0,0,0,0,0,0,0,0,0
479851.882302,0,0,0,0,0,0,0,0,0,0,0,0,0
479851.887231,0,0,0,0,0,0,0,0,0,0,0,0,0
479851.892307,0,0,0,0,0,0,0,0,0,0,0,0,0
479851.897414,0,0,0,0,0,0,0,0,0,0,0,0,0
479851.902336,0,0,0,0,0,0,0,0,0,0,0,0,0
479851.907417,0,0,0,0,0,0,0,0,0,0,0,0,0
479851.912360,0,0,0,0,0,0,0,0,0,0,0,0,0
479851.917410,0,0,0,0,0,0,0,0,0,0,0,0,0
479851.922291,0,0,0,0,0,0,0,0,0,0,0,0,0
479851.927336,0,0,0,0,0,0,0,0,0,0,0,0,0
479851.932293,0,0,0,0,0,0,0,0,0,0,0,0,0
479851.937330,0,0,0,0,0,0,0,0,0,0,0,0,0
479851.942264,0,0,0,0,0,0,0,0,0,0,0,0,0
479851.947308,0,0,0,0,0,0,0,0,0,0,0,0,0
479851.952320,0,0,0,0,0,0,0,0,0,0,0,0,0
479851.957287,0,0,0,0,0,0,0,0,0,0,0,0,0
479851.962313,0,0,0,0,0,0,0,0,0,0,0,0,0
479851.967345,0,0,0,0,0,0,0,0,0,0,0,0,0
479851.972350,0,0,0,0,0,0,0,0,0,0,0,0,0
479851.977266,0,0,0,0,0,0,0,0,0,0,0,0,0
479851.982384,0,0,0,0,0,0,0,0,0,0,0,0,0
479851.987328,0,0,0,0,0,0,0,0,0,0,0,0,0
479851.992271,0,0,0,0,0,0,0,0,0,0,0,0,0
479851.997543,0,0,0,0,0,0,0,0,0,0,0,0,0
479852.002389,0,0,0,0,0,0,0,0,0,0,0,0,0
479852.007333,0,0,0,0,0,0,0,0,0,0,0,0,0
479852.012342,0,0,0,0,0,0,0,0,0,0,0,0,0
479852.017505,0,0,0,0,0,0,0,0,0,0,0,0,0
479852.022340,0,0,0,0,0,0,0,0,0,0,0,0,0
479852.027419,0,0,0,0,0,0,0,0,0,0,0,0,0
479852.032372,0,0,0,0,0,0,0,0,0,0,0,0,0
479852.037441,0,0,0,0,0,0,0,0,0,0,0,0,0
479852.042347,0,0,0,0,0,0,0,0,0,0,0,0,0
479852.047453,0,0,0,0,0,0,0,0,0,0,0,0,0
479852.052481,0,0,0,0,0,0,0,0,0,0,0,0,0
479852.057456,0,0,0,0,0,0,0,0,0,0,0,0,0
479852.062455,0,0,0,0,0,0,0,0,0,0,0,0,0
479852.067498,0,0,0,0,0,0,0,0,0,0,0,0,0
479852.072450,0,0,0,0,0,0,0,0,0,0,0,0,0
479852.077353,0,0,0,0,0,0,0,0,0,0,0,0,0
479852.082399,0,0,0,0,0,0,0,0,0,0,0,0,0
479852.087380,0,0,0,0,0,0,0,0,0,0,0,0,0
479852.092359,0,0,0,0,0,0,0,0,0,0,0,0,0
479852.097555,0,0,0,0,0,0,0,0,0,0,0,0,0
479852.102448,0,0,0,0,0,0,0,0,0,0,0,0,0
479852.107434,0,0,0,0,0,0,0,0,0,0,0,0,0
479852.112446,0,0,0,0,0,0,0,0,0,0,0,0,0
479852.117424,0,0,0,0,0,0,0,0,0,0,0,0,0
479852.122426,0,0,0,0,0,0,0,0,0,0,0,0,0
479852.127355,0,0,0,0,0,0,0,0,0,0,0,0,0
479852.132360,0,0,0,0,0,0,0,0,0,0,0,0,0
479852.137383,0,0,0,0,0,0,0,0,0,0,0,0,0
479852.142307,0,0,0,0,0,0,0,0,0,0,0,0,0
479852.147485,0,0,0,0,0,0,0,0,0,0,0,0,0
479852.152349,0,0,0,0,0,0,0,0,0,0,0,0,0
479852.157460,0,0,0,0,0,0,0,0,0,0,0,0,0
479852.162516,0,0,0,0,0,0,0,0,0,0,0,0,0
479852.167443,0,0,0,0,0,0,0,0,0,0,0,0,0
479852.172370,0,0,0,0,0,0,0,0,0,0,0,0,0
479852.177280,0,0,0,0,0,0,0,0,0,0,0,0,0
479852.182649,0,0,0,0,0,0,0,0,0,0,0,0,0
479852.187289,0,0,0,0,0,0,0,0,0,0,0,0,0
479852.192302,0,0,0,0,0,0,0,0,0,0,0,0,0
479852.197402,0,0,0,0,0,0,0,0,0,0,0,0,0
479852.202310,0,0,0,0,0,0,0,0,0,0,0,0,0
479852.207358,0,0,0,0,0,0,0,0,0,0,0,0,0
479852.212346,0,0,0,0,0,0,0,0,0,0,0,0,0
479852.217436,0,0,0,0,0,0,0,0,0,0,0,0,0
479852.222330,0,0,0,0,0,0,0,0,0,0,0,0,0
479852.227580,0,0,0,0,0,0,0,0,0,0,0,0,0
479852.232466,0,0,0,0,0,0,0,0,0,0,0,0,0
479852.237611,0,0,0,0,0,0,0,0,0,0,0,0,0
479852.242299,0,0,0,0,0,0,0,0,0,0,0,0,0
479852.247426,0,0,0,0,0,0,0,0,0,0,0,0,0
479852.252359,0,0,0,0,0,0,0,0,0,0,0,0,0
479852.257410,0,0,0,0,0,0,0,0,0,0,0,0,0
479852.262382,0,0,0,0,0,0,0,0,0,0,0,0,0
479852.267444,0,0,0,0,0,0,0,0,0,0,0,0,0
479852.272333,0,0,0,0,0,0,0,0,0,0,0,0,0
479852.277358,0,0,0,0,0,0,0,0,0,0,0,0,0
479852.282473,0,0,0,0,0,0,0,0,0,0,0,0,0
479852.287351,0,0,0,0,0,0,0,0,0,0,0,0,0
479852.292472,0,0,0,0,0,0,0,0,0,0,0,0,0
479852.297636,0,0,0,0,0,0,0,0,0,0,0,0,0
479852.302572,0,0,0,0,0,0,0,0,0,0,0,0,0
479852.307474,0,0,0,0,0,0,0,0,0,0,0,0,0
479852.312431,0,0,0,0,0,0,0,0,0,0,0,0,0
479852.317434,0,0,0,0,0,0,0,0,0,0,0,0,0
479852.322448,0,0,0,0,0,0,0,0,0,0,0,0,0
479852.327332,0,0,0,0,0,0,0,0,0,0,0,0,0
479852.332348,0,0,0,0,0,0,0,0,0,0,0,0,0
479852.337393,0,0,0,0,0,0,0,0,0,0,0,0,0
479852.342371,0,0,0,0,0,0,0,0,0,0,0,0,0
479852.347502,0,0,0,0,0,0,0,0,0,0,0,0,0
479852.352454,0,0,0,0,0,0,0,0,0,0,0,0,0
479852.357473,0,0,0,0,0,0,0,0,0,0,0,0,0
479852.362366,0,0,0,0,0,0,0,0,0,0,0,0,0
479852.367452,0,0,0,0,0,0,0,0,0,0,0,0,0
479852.372448,0,0,0,0,0,0,0,0,0,0,0,0,0
479852.377423,0,0,0,0,0,0,0,0,0,0,0,0,0
479852.382446,0,0,0,0,0,0,0,0,0,0,0,0,0
479852.387358,0,0,0,0,0,0,0,0,0,0,0,0,0
479852.392446,0,0,0,0,0,0,0,0,0,0,0,0,0
479852.397549,0,0,0,0,0,0,0,0,0,0,0,0,0
479852.402482,0,0,0,0,0,0,0,0,0,0,0,0,0
479852.407426,0,0,0,0,0,0,0,0,0,0,0,0,0
479852.412441,0,0,0,0,0,0,0,0,0,0,0,0,0
479852.417482,0,0,0,0,0,0,0,0,0,0,0,0,0
479852.422420,0,0,0,0,0,0,0,0,0,0,0,0,0
479852.427413,0,0,0,0,0,0,0,0,0,0,0,0,0
479852.432436,0,0,0,0,0,0,0,0,0,0,0,0,0
479852.437419,0,0,0,0,0,0,0,0,0,0,0,0,0
479852.442341,0,0,0,0,0,0,0,0,0,0,0,0,0
479852.447485,0,0,0,0,0,0,0,0,0,0,0,0,0
479852.452469,0,0,0,0,0,0,0,0,0,0,0,0,0
479852.457444,0,0,0,0,0,0,0,0,0,0,0,0,0
479852.462363,0,0,0,0,0,0,0,0,0,0,0,0,0
479852.467358,0,0,0,0,0,0,0,0,0,0,0,0,0
479852.472429,0,0,0,0,0,0,0,0,0,0,0,0,0
479852.477431,0,0,0,0,0,0,0,0,0,0,0,0,0
479852.482469,0,0,0,0,0,0,0,0,0,0,0,0,0
479852.487356,0,0,0,0,0,0,0,0,0,0,0,0,0
479852.492442,0,0,0,0,0,0,0,0,0,0,0,0,0
479852.497548,0,0,0,0,0,0,0,0,0,0,0,0,0
479852.502477,0,0,0,0,0,0,0,0,0,0,0,0,0
479852.507438,0,0,0,0,0,0,0,0,0,0,0,0,0
479852.512434,0,0,0,0,0,0,0,0,0,0,0,0,0
479852.517401,0,0,0,0,0,0,0,0,0,0,0,0,0
479852.523221,0,0,0,0,0,0,0,0,0,0,0,0,0
479852.527426,0,0,0,0,0,0,0,0,0,0,0,0,0
479852.532341,0,0,0,0,0,0,0,0,0,0,0,0,0
479852.537412,0,0,0,0,0,0,0,0,0,0,0,0,0
479852.542360,0,0,0,0,0,0,0,0,0,0,0,0,0
479852.547438,0,0,0,0,0,0,0,0,0,0,0,0,0
479852.552487,0,0,0,0,0,0,0,0,0,0,0,0,0
479852.557423,0,0,0,0,0,0,0,0,0,0,0,0,0
479852.562433,0,0,0,0,0,0,0,0,0,0,0,0,0
479852.567420,0,0,0,0,0,0,0,0,0,0,0,0,0
479852.572437,0,0,0,0,0,0,0,0,0,0,0,0,0
479852.577429,0,0,0,0,0,0,0,0,0,0,0,0,0
479852.582465,0,0,0,0,0,0,0,0,0,0,0,0,0
479852.587374,0,0,0,0,0,0,0,0,0,0,0,0,0
479852.592430,0,0,0,0,0,0,0,0,0,0,0,0,0
479852.597436,0,0,0,0,0,0,0,0,0,0,0,0,0
479852.602473,0,0,0,0,0,0,0,0,0,0,0,0,0
479852.607374,0,0,0,0,0,0,0,0,0,0,0,0,0
479852.612435,0,0,0,0,0,0,0,0,0,0,0,0,0
479852.617498,0,0,0,0,0,0,0,0,0,0,0,0,0
479852.622432,0,0,0,0,0,0,0,0,0,0,0,0,0
479852.627425,0,0,0,0,0,0,0,0,0,0,0,0,0
479852.632385,0,0,0,0,0,0,0,0,0,0,0,0,0
479852.637416,0,0,0,0,0,0,0,0,0,0,0,0,0
479852.642370,0,0,0,0,0,0,0,0,0,0,0,0,0
479852.647449,0,0,0,0,0,0,0,0,0,0,0,0,0
479852.652472,0,0,0,0,0,0,0,0,0,0,0,0,0
479852.657429,0,0,0,0,0,0,0,0,0,0,0,0,0
479852.662446,0,0,0,0,0,0,0,0,0,0,0,0,0
479852.667476,0,0,0,0,0,0,0,0,0,0,0,0,0
479852.672377,0,0,0,0,0,0,0,0,0,0,0,0,0
479852.677312,0,0,0,0,0,0,0,0,0,0,0,0,0
479852.682374,0,0,0,0,0,0,0,0,0,0,0,0,0
479852.687368,0,0,0,0,0,0,0,0,0,0,0,0,0
479852.692469,0,0,0,0,0,0,0,0,0,0,0,0,0
479852.697439,0,0,0,0,0,0,0,0,0,0,0,0,0
479852.702352,0,0,0,0,0,0,0,0,0,0,0,0,0
479852.707376,0,0,0,0,0,0,0,0,0,0,0,0,0
479852.712336,0,0,0,0,0,0,0,0,0,0,0,0,0
479852.717381,0,0,0,0,0,0,0,0,0,0,0,0,0
479852.722271,0,0,0,0,0,0,0,0,0,0,0,0,0
479852.727347,0,0,0,0,0,0,0,0,0,0,0,0,0
479852.732304,0,0,0,0,0,0,0,0,0,0,0,0,0
479852.737450,0,0,0,0,0,0,0,0,0,0,0,0,0
479852.742345,0,0,0,0,0,0,0,0,0,0,0,0,0
479852.747455,0,0,0,0,0,0,0,0,0,0,0,0,0
479852.752457,0,0,0,0,0,0,0,0,0,0,0,0,0
479852.757343,0,0,0,0,0,0,0,0,0,0,0,0,0
479852.762386,0,0,0,0,0,0,0,0,0,0,0,0,0
479852.767461,0,0,0,0,0,0,0,0,0,0,0,0,0
479852.772394,0,0,0,0,0,0,0,0,0,0,0,0,0
479852.777436,0,0,0,0,0,0,0,0,0,0,0,0,0
479852.782463,0,0,0,0,0,0,0,0,0,0,0,0,0
479852.787360,0,0,0,0,0,0,0,0,0,0,0,0,0
479852.792409,0,0,0,0,0,0,0,0,0,0,0,0,0
479852.797536,0,0,0,0,0,0,0,0,0,0,0,0,0
479852.802483,0,0,0,0,0,0,0,0,0,0,0,0,0
479852.807454,0,0,0,0,0,0,0,0,0,0,0,0,0
479852.812457,0,0,0,0,0,0,0,0,0,0,0,0,0
479852.817498,0,0,0,0,0,0,0,0,0,0,0,0,0
479852.822340,0,0,0,0,0,0,0,0,0,0,0,0,0
479852.827453,0,0,0,0,0,0,0,0,0,0,0,0,0
479852.832433,0,0,0,0,0,0,0,0,0,0,0,0,0
479852.837420,0,0,0,0,0,0,0,0,0,0,0,0,0
479852.842345,0,0,0,0,0,0,0,0,0,0,0,0,0
479852.847462,0,0,0,0,0,0,0,0,0,0,0,0,0
479852.852449,0,0,0,0,0,0,0,0,0,0,0,0,0
479852.857423,0,0,0,0,0,0,0,0,0,0,0,0,0
479852.862448,0,0,0,0,0,0,0,0,0,0,0,0,0
479852.867461,0,0,0,0,0,0,0,0,0,0,0,0,0
479852.872356,0,0,0,0,0,0,0,0,0,0,0,0,0
479852.877601,0,0,0,0,0,0,0,0,0,0,0,0,0
479852.882467,0,0,0,0,0,0,0,0,0,0,0,0,0
479852.887340,0,0,0,0,0,0,0,0,0,0,0,0,0
479852.892455,0,0,0,0,0,0,0,0,0,0,0,0,0
479852.897535,0,0,0,0,0,0,0,0,0,0,0,0,0
479852.902451,0,0,0,0,0,0,0,0,0,0,0,0,0
479852.907457,0,0,0,0,0,0,0,0,0,0,0,0,0
479852.912440,0,0,0,0,0,0,0,0,0,0,0,0,0
479852.917386,0,0,0,0,0,0,0,0,0,0,0,0,0
479852.922280,0,0,0,0,0,0,0,0,0,0,0,0,0
479852.927444,0,0,0,0,0,0,0,0,0,0,0,0,0
479852.932382,0,0,0,0,0,0,0,0,0,0,0,0,0
479852.937294,0,0,0,0,0,0,0,0,0,0,0,0,0
479852.942290,0,0,0,0,0,0,0,0,0,0,0,0,0
479852.947363,0,0,0,0,0,0,0,0,0,0,0,0,0
479852.952358,0,0,0,0,0,0,0,0,0,0,0,0,0
479852.957415,0,0,0,0,0,0,0,0,0,0,0,0,0
479852.962401,0,0,0,0,0,0,0,0,0,0,0,0,0
479852.967335,0,0,0,0,0,0,0,0,0,0,0,0,0
479852.972339,0,0,0,0,0,0,0,0,0,0,0,0,0
479852.977343,0,0,0,0,0,0,0,0,0,0,0,0,0
479852.982458,0,0,0,0,0,0,0,0,0,0,0,0,0
479852.987351,0,0,0,0,0,0,0,0,0,0,0,0,0
479852.992352,0,0,0,0,0,0,0,0,0,0,0,0,0
479852.997577,0,0,0,0,0,0,0,0,0,0,0,0,0
479853.002470,0,0,0,0,0,0,0,0,0,0,0,0,0
479853.007644,0,0,0,0,0,0,0,0,0,0,0,0,0
479853.012430,0,0,0,0,0,0,0,0,0,0,0,0,0
479853.017465,0,0,0,0,0,0,0,0,0,0,0,0,0
479853.022410,0,0,0,0,0,0,0,0,0,0,0,0,0
479853.027517,0,0,0,0,0,0,0,0,0,0,0,0,0
479853.032352,0,0,0,0,0,0,0,0,0,0,0,0,0
479853.037418,0,0,0,0,0,0,0,0,0,0,0,0,0
479853.042345,0,0,0,0,0,0,0,0,0,0,0,0,0
479853.047449,0,0,0,0,0,0,0,0,0,0,0,0,0
479853.052466,0,0,0,0,0,0,0,0,0,0,0,0,0
479853.057436,0,0,0,0,0,0,0,0,0,0,0,0,0
479853.062418,0,0,0,0,0,0,0,0,0,0,0,0,0
479853.067461,0,0,0,0,0,0,0,0,0,0,0,0,0
479853.072374,0,0,0,0,0,0,0,0,0,0,0,0,0
479853.077414,0,0,0,0,0,0,0,0,0,0,0,0,0
479853.082477,0,0,0,0,0,0,0,0,0,0,0,0,0
479853.087257,0,0,0,0,0,0,0,0,0,0,0,0,0
479853.092257,0,0,0,0,0,0,0,0,0,0,0,0,0
479853.097338,0,0,0,0,0,0,0,0,0,0,0,0,0
479853.102282,0,0,0,0,0,0,0,0,0,0,0,0,0
479853.107617,0,0,0,0,0,0,0,0,0,0,0,0,0
479853.112517,0,0,0,0,0,0,0,0,0,0,0,0,0
479853.117585,0,0,0,0,0,0,0,0,0,0,0,0,0
479853.122553,0,0,0,0,0,0,0,0,0,0,0,0,0
479853.127448,0,0,0,0,0,0,0,0,0,0,0,0,0
479853.132320,0,0,0,0,0,0,0,0,0,0,0,0,0
479853.137459,0,0,0,0,0,0,0,0,0,0,0,0,0
479853.142338,0,0,0,0,0,0,0,0,0,0,0,0,0
479853.147389,0,0,0,0,0,0,0,0,0,0,0,0,0
479853.152313,0,0,0,0,0,0,0,0,0,0,0,0,0
479853.157268,0,0,0,0,0,0,0,0,0,0,0,0,0
479853.162311,0,0,0,0,0,0,0,0,0,0,0,0,0
479853.167291,0,0,0,0,0,0,0,0,0,0,0,0,0
479853.172437,0,0,0,0,0,0,0,0,0,0,0,0,0
479853.177609,0,0,0,0,0,0,0,0,0,0,0,0,0
479853.182642,0,0,0,0,0,0,0,0,0,0,0,0,0
479853.187329,0,0,0,0,0,0,0,0,0,0,0,0,0
479853.192292,0,0,0,0,0,0,0,0,0,0,0,0,0
479853.197398,0,0,0,0,0,0,0,0,0,0,0,0,0
479853.202384,0,0,0,0,0,0,0,0,0,0,0,0,0
479853.207330,0,0,0,0,0,0,0,0,0,0,0,0,0
479853.212267,0,0,0,0,0,0,0,0,0,0,0,0,0
479853.217330,0,0,0,0,0,0,0,0,0,0,0,0,0
479853.222402,0,0,0,0,0,0,0,0,0,0,0,0,0
479853.227431,0,0,0,0,0,0,0,0,0,0,0,0,0
479853.232329,0,0,0,0,0,0,0,0,0,0,0,0,0
479853.237344,0,0,0,0,0,0,0,0,0,0,0,0,0
479853.242272,0,0,0,0,0,0,0,0,0,0,0,0,0
479853.247387,0,0,0,0,0,0,0,0,0,0,0,0,0
479853.252425,0,0,0,0,0,0,0,0,0,0,0,0,0
479853.257352,0,0,0,0,0,0,0,0,0,0,0,0,0
479853.262481,0,0,0,0,0,0,0,0,0,0,0,0,0
479853.267379,0,0,0,0,0,0,0,0,0,0,0,0,0
479853.272425,0,0,0,0,0,0,0,0,0,0,0,0,0
479853.277377,0,0,0,0,0,0,0,0,0,0,0,0,0
479853.282484,0,0,0,0,0,0,0,0,0,0,0,0,0
479853.287362,0,0,0,0,0,0,0,0,0,0,0,0,0
479853.292780,0,0,0,0,0,0,0,0,0,0,0,0,0
479853.297448,0,0,0,0,0,0,0,0,0,0,0,0,0
479853.302432,0,0,0,0,0,0,0,0,0,0,0,0,0
479853.307370,0,0,0,0,0,0,0,0,0,0,0,0,0
479853.312370,0,0,0,0,0,0,0,0,0,0,0,0,0
479853.317416,0,0,0,0,0,0,0,0,0,0,0,0,0
479853.322318,0,0,0,0,0,0,0,0,0,0,0,0,0
479853.327309,0,0,0,0,0,0,0,0,0,0,0,0,0
479853.332305,0,0,0,0,0,0,0,0,0,0,0,0,0
479853.337416,0,0,0,0,0,0,0,0,0,0,0,0,0
479853.342377,0,0,0,0,0,0,0,0,0,0,0,0,0
479853.347536,0,0,0,0,0,0,0,0,0,0,0,0,0
479853.352496,0,0,0,0,0,0,0,0,0,0,0,0,0
479853.357537,0,0,0,0,0,0,0,0,0,0,0,0,0
479853.362410,0,0,0,0,0,0,0,0,0,0,0,0,0
479853.367456,0,0,0,0,0,0,0,0,0,0,0,0,0
479853.372422,0,0,0,0,0,0,0,0,0,0,0,0,0
479853.377439,0,0,0,0,0,0,0,0,0,0,0,0,0
479853.382502,0,0,0,0,0,0,0,0,0,0,0,0,0
479853.387381,0,0,0,0,0,0,0,0,0,0,0,0,0
479853.392437,0,0,0,0,0,0,0,0,0,0,0,0,0
479853.397464,0,0,0,0,0,0,0,0,0,0,0,0,0
479853.402413,0,0,0,0,0,0,0,0,0,0,0,0,0
479853.407469,0,0,0,0,0,0,0,0,0,0,0,0,0
479853.412438,0,0,0,0,0,0,0,0,0,0,0,0,0
479853.417494,0,0,0,0,0,0,0,0,0,0,0,0,0
479853.422433,0,0,0,0,0,0,0,0,0,0,0,0,0
479853.427436,0,0,0,0,0,0,0,0,0,0,0,0,0
479853.432459,0,0,0,0,0,0,0,0,0,0,0,0,0
479853.437476,0,0,0,0,0,0,0,0,0,0,0,0,0
479853.442386,0,0,0,0,0,0,0,0,0,0,0,0,0
479853.447467,0,0,0,0,0,0,0,0,0,0,0,0,0
479853.452507,0,0,0,0,0,0,0,0,0,0,0,0,0
479853.458073,0,0,0,0,0,0,0,0,0,0,0,0,0
479853.462362,0,0,0,0,0,0,0,0,0,0,0,0,0
479853.467490,0,0,0,0,0,0,0,0,0,0,0,0,0
479853.472460,0,0,0,0,0,0,0,0,0,0,0,0,0
479853.477425,0,0,0,0,0,0,0,0,0,0,0,0,0
479853.482357,0,0,0,0,0,0,0,0,0,0,0,0,0
479853.487359,0,0,0,0,0,0,0,0,0,0,0,0,0
479853.492434,0,0,0,0,0,0,0,0,0,0,0,0,0
479853.497543,0,0,0,0,0,0,0,0,0,0,0,0,0
479853.502491,0,0,0,0,0,0,0,0,0,0,0,0,0
479853.507454,0,0,0,0,0,0,0,0,0,0,0,0,0
479853.512547,0,0,0,0,0,0,0,0,0,0,0,0,0
479853.517640,0,0,0,0,0,0,0,0,0,0,0,0,0
479853.522448,0,0,0,0,0,0,0,0,0,0,0,0,0
479853.527433,0,0,0,0,0,0,0,0,0,0,0,0,0
479853.532349,0,0,0,0,0,0,0,0,0,0,0,0,0
479853.537458,0,0,0,0,0,0,0,0,0,0,0,0,0
479853.542352,0,0,0,0,0,0,0,0,0,0,0,0,0
479853.547433,0,0,0,0,0,0,0,0,0,0,0,0,0
479853.552384,0,0,0,0,0,0,0,0,0,0,0,0,0
479853.557357,0,0,0,0,0,0,0,0,0,0,0,0,0
479853.562339,0,0,0,0,0,0,0,0,0,0,0,0,0
479853.567401,0,0,0,0,0,0,0,0,0,0,0,0,0
479853.572360,0,0,0,0,0,0,0,0,0,0,0,0,0
479853.577446,0,0,0,0,0,0,0,0,0,0,0,0,0
479853.582337,0,0,0,0,0,0,0,0,0,0,0,0,0
479853.587275,0,0,0,0,0,0,0,0,0,0,0,0,0
479853.592349,0,0,0,0,0,0,0,0,0,0,0,0,0
479853.597389,0,0,0,0,0,0,0,0,0,0,0,0,0
479853.602394,0,0,0,0,0,0,0,0,0,0,0,0,0
479853.607361,0,0,0,0,0,0,0,0,0,0,0,0,0
479853.612321,0,0,0,0,0,0,0,0,0,0,0,0,0
479853.617326,0,0,0,0,0,0,0,0,0,0,0,0,0
479853.622425,0,0,0,0,0,0,0,0,0,0,0,0,0
479853.627437,0,0,0,0,0,0,0,0,0,0,0,0,0
479853.632455,0,0,0,0,0,0,0,0,0,0,0,0,0
479853.637458,0,0,0,0,0,0,0,0,0,0,0,0,0
479853.642387,0,0,0,0,0,0,0,0,0,0,0,0,0
479853.647435,0,0,0,0,0,0,0,0,0,0,0,0,0
479853.652482,0,0,0,0,0,0,0,0,0,0,0,0,0
479853.657469,0,0,0,0,0,0,0,0,0,0,0,0,0
479853.662459,0,0,0,0,0,0,0,0,0,0,0,0,0
479853.667485,0,0,0,0,0,0,0,0,0,0,0,0,0
479853.672395,0,0,0,0,0,0,0,0,0,0,0,0,0
479853.677439,0,0,0,0,0,0,0,0,0,0,0,0,0
479853.682397,0,0,0,0,0,0,0,0,0,0,0,0,0
479853.687301,0,0,0,0,0,0,0,0,0,0,0,0,0
479853.692235,0,0,0,0,0,0,0,0,0,0,0,0,0
479853.697320,0,0,0,0,0,0,0,0,0,0,0,0,0
479853.702377,0,0,0,0,0,0,0,0,0,0,0,0,0
479853.707469,0,0,0,0,0,0,0,0,0,0,0,0,0
479853.712423,0,0,0,0,0,0,0,0,0,0,0,0,0
479853.717400,0,0,0,0,0,0,0,0,0,0,0,0,0
479853.722433,0,0,0,0,0,0,0,0,0,0,0,0,0
479853.727438,0,0,0,0,0,0,0,0,0,0,0,0,0
479853.732506,0,0,0,0,0,0,0,0,0,0,0,0,0
479853.737637,0,0,0,0,0,0,0,0,0,0,0,0,0
479853.742479,0,0,0,0,0,0,0,0,0,0,0,0,0
479853.747617,0,0,0,0,0,0,0,0,0,0,0,0,0
479853.752670,0,0,0,0,0,0,0,0,0,0,0,0,0
479853.757445,0,0,0,0,0,0,0,0,0,0,0,0,0
479853.762453,0,0,0,0,0,0,0,0,0,0,0,0,0
479853.767488,0,0,0,0,0,0,0,0,0,0,0,0,0
479853.772444,0,0,0,0,0,0,0,0,0,0,0,0,0
479853.777435,0,0,0,0,0,0,0,0,0,0,0,0,0
479853.782487,0,0,0,0,0,0,0,0,0,0,0,0,0
479853.787370,0,0,0,0,0,0,0,0,0,0,0,0,0
479853.792367,0,0,0,0,0,0,0,0,0,0,0,0,0
479853.797560,0,0,0,0,0,0,0,0,0,0,0,0,0
479853.802476,0,0,0,0,0,0,0,0,0,0,0,0,0
479853.807464,0,0,0,0,0,0,0,0,0,0,0,0,0
479853.812449,0,0,0,0,0,0,0,0,0,0,0,0,0
479853.817474,0,0,0,0,0,0,0,0,0,0,0,0,0
479853.822358,0,0,0,0,0,0,0,0,0,0,0,0,0
479853.827337,0,0,0,0,0,0,0,0,0,0,0,0,0
479853.832331,0,0,0,0,0,0,0,0,0,0,0,0,0
479853.837371,0,0,0,0,0,0,0,0,0,0,0,0,0
479853.842352,0,0,0,0,0,0,0,0,0,0,0,0,0
479853.847427,0,0,0,0,0,0,0,0,0,0,0,0,0
479853.852454,0,0,0,0,0,0,0,0,0,0,0,0,0
479853.857461,0,0,0,0,0,0,0,0,0,0,0,0,0
479853.862422,0,0,0,0,0,0,0,0,0,0,0,0,0
479853.867481,0,0,0,0,0,0,0,0,0,0,0,0,0
479853.872441,0,0,0,0,0,0,0,0,0,0,0,0,0
479853.877303,0,0,0,0,0,0,0,0,0,0,0,0,0
479853.882490,0,0,0,0,0,0,0,0,0,0,0,0,0
479853.887359,0,0,0,0,0,0,0,0,0,0,0,0,0
479853.892425,0,0,0,0,0,0,0,0,0,0,0,0,0
479853.897417,0,0,0,0,0,0,0,0,0,0,0,0,0
479853.902462,0,0,0,0,0,0,0,0,0,0,0,0,0
479853.907383,0,0,0,0,0,0,0,0,0,0,0,0,0
479853.912401,0,0,0,0,0,0,0,0,0,0,0,0,0
479853.917356,0,0,0,0,0,0,0,0,0,0,0,0,0
479853.922355,0,0,0,0,0,0,0,0,0,0,0,0,0
479853.927438,0,0,0,0,0,0,0,0,0,0,0,0,0
479853.932477,0,0,0,0,0,0,0,0,0,0,0,0,0
479853.937387,0,0,0,0,0,0,0,0,0,0,0,0,0
479853.942468,0,0,0,0,0,0,0,0,0,0,0,0,0
479853.947511,0,0,0,0,0,0,0,0,0,0,0,0,0
479853.952546,0,0,0,0,0,0,0,0,0,0,0,0,0
479853.957426,0,0,0,0,0,0,0,0,0,0,0,0,0
479853.962407,0,0,0,0,0,0,0,0,0,0,0,0,0
479853.967484,0,0,0,0,0,0,0,0,0,0,0,0,0
479853.972396,0,0,0,0,0,0,0,0,0,0,0,0,0
479853.977353,0,0,0,0,0,0,0,0,0,0,0,0,0
479853.982473,0,0,0,0,0,0,0,0,0,0,0,0,0
479853.987380,0,0,0,0,0,0,0,0,0,0,0,0,0
479853.992445,0,0,0,0,0,0,0,0,0,0,0,0,0
479853.997514,0,0,0,0,0,0,0,0,0,0,0,0,0
479854.002550,0,0,0,0,0,0,0,0,0,0,0,0,0
479854.007513,0,0,0,0,0,0,0,0,0,0,0,0,0
479854.012458,0,0,0,0,0,0,0,0,0,0,0,0,0
479854.017486,0,0,0,0,0,0,0,0,0,0,0,0,0
479854.022441,0,0,0,0,0,0,0,0,0,0,0,0,0
479854.027504,0,0,0,0,0,0,0,0,0,0,0,0,0
479854.032538,0,0,0,0,0,0,0,0,0,0,0,0,0
479854.037531,0,0,0,0,0,0,0,0,0,0,0,0,0
479854.042459,0,0,0,0,0,0,0,0,0,0,0,0,0
479854.047404,0,0,0,0,0,0,0,0,0,0,0,0,0
479854.052468,0,0,0,0,0,0,0,0,0,0,0,0,0
479854.057451,0,0,0,0,0,0,0,0,0,0,0,0,0
479854.062431,0,0,0,0,0,0,0,0,0,0,0,0,0
479854.067342,0,0,0,0,0,0,0,0,0,0,0,0,0
479854.072388,0,0,0,0,0,0,0,0,0,0,0,0,0
479854.077362,0,0,0,0,0,0,0,0,0,0,0,0,0
479854.082449,0,0,0,0,0,0,0,0,0,0,0,0,0
479854.087301,0,0,0,0,0,0,0,0,0,0,0,0,0
479854.092455,0,0,0,0,0,0,0,0,0,0,0,0,0
479854.097593,0,0,0,0,0,0,0,0,0,0,0,0,0
479854.102484,0,0,0,0,0,0,0,0,0,0,0,0,0
479854.107470,0,0,0,0,0,0,0,0,0,0,0,0,0
479854.112415,0,0,0,0,0,0,0,0,0,0,0,0,0
479854.117487,0,0,0,0,0,0,0,0,0,0,0,0,0
479854.122442,0,0,0,0,0,0,0,0,0,0,0,0,0
479854.127394,0,0,0,0,0,0,0,0,0,0,0,0,0
479854.132464,0,0,0,0,0,0,0,0,0,0,0,0,0
479854.137465,0,0,0,0,0,0,0,0,0,0,0,0,0
479854.142466,0,0,0,0,0,0,0,0,0,0,0,0,0
479854.147431,0,0,0,0,0,0,0,0,0,0,0,0,0
479854.152507,0,0,0,0,0,0,0,0,0,0,0,0,0
479854.157430,0,0,0,0,0,0,0,0,0,0,0,0,0
479854.162479,0,0,0,0,0,0,0,0,0,0,0,0,0
479854.167478,0,0,0,0,0,0,0,0,0,0,0,0,0
479854.172468,0,0,0,0,0,0,0,0,0,0,0,0,0
479854.177370,0,0,0,0,0,0,0,0,0,0,0,0,0
479854.182467,0,0,0,0,0,0,0,0,0,0,0,0,0
479854.187374,0,0,0,0,0,0,0,0,0,0,0,0,0
479854.192434,0,0,0,0,0,0,0,0,0,0,0,0,0
479854.197549,0,0,0,0,0,0,0,0,0,0,0,0,0
479854.202458,0,0,0,0,0,0,0,0,0,0,0,0,0
479854.207470,0,0,0,0,0,0,0,0,0,0,0,0,0
479854.212459,0,0,0,0,0,0,0,0,0,0,0,0,0
479854.217482,0,0,0,0,0,0,0,0,0,0,0,0,0
479854.222445,0,0,0,0,0,0,0,0,0,0,0,0,0
479854.227531,0,0,0,0,0,0,0,0,0,0,0,0,0
479854.232374,0,0,0,0,0,0,0,0,0,0,0,0,0
479854.237475,0,0,0,0,0,0,0,0,0,0,0,0,0
479854.242368,0,0,0,0,0,0,0,0,0,0,0,0,0
479854.247430,0,0,0,0,0,0,0,0,0,0,0,0,0
479854.252457,0,0,0,0,0,0,0,0,0,0,0,0,0
479854.257284,0,0,0,0,0,0,0,0,0,0,0,0,0
479854.262378,0,0,0,0,0,0,0,0,0,0,0,0,0
479854.267419,0,0,0,0,0,0,0,0,0,0,0,0,0
479854.272400,0,0,0,0,0,0,0,0,0,0,0,0,0
479854.277328,0,0,0,0,0,0,0,0,0,0,0,0,0
479854.282325,0,0,0,0,0,0,0,0,0,0,0,0,0
479854.287300,0,0,0,0,0,0,0,0,0,0,0,0,0
479854.292380,0,0,0,0,0,0,0,0,0,0,0,0,0
479854.297558,0,0,0,0,0,0,0,0,0,0,0,0,0
479854.302491,0,0,0,0,0,0,0,0,0,0,0,0,0
479854.307438,0,0,0,0,0,0,0,0,0,0,0,0,0
479854.312468,0,0,0,0,0,0,0,0,0,0,0,0,0
479854.317511,0,0,0,0,0,0,0,0,0,0,0,0,0
479854.322479,0,0,0,0,0,0,0,0,0,0,0,0,0
479854.327350,0,0,0,0,0,0,0,0,0,0,0,0,0
479854.332470,0,0,0,0,0,0,0,0,0,0,0,0,0
479854.337496,0,0,0,0,0,0,0,0,0,0,0,0,0
479854.342387,0,0,0,0,0,0,0,0,0,0,0,0,0
479854.347495,0,0,0,0,0,0,0,0,0,0,0,0,0
479854.352529,0,0,0,0,0,0,0,0,0,0,0,0,0
479854.357413,0,0,0,0,0,0,0,0,0,0,0,0,0
479854.362488,0,0,0,0,0,0,0,0,0,0,0,0,0
479854.367412,0,0,0,0,0,0,0,0,0,0,0,0,0
479854.372517,0,0,0,0,0,0,0,0,0,0,0,0,0
479854.377381,0,0,0,0,0,0,0,0,0,0,0,0,0
479854.382409,0,0,0,0,0,0,0,0,0,0,0,0,0
479854.387408,0,0,0,0,0,0,0,0,0,0,0,0,0
479854.392465,0,0,0,0,0,0,0,0,0,0,0,0,0
479854.397573,0,0,0,0,0,0,0,0,0,0,0,0,0
479854.402551,0,0,0,0,0,0,0,0,0,0,0,0,0
479854.407488,0,0,0,0,0,0,0,0,0,0,0,0,0
479854.412389,0,0,0,0,0,0,0,0,0,0,0,0,0
479854.417525,0,0,0,0,0,0,0,0,0,0,0,0,0
479854.422449,0,0,0,0,0,0,0,0,0,0,0,0,0
479854.427450,0,0,0,0,0,0,0,0,0,0,0,0,0
479854.432381,0,0,0,0,0,0,0,0,0,0,0,0,0
479854.437502,0,0,0,0,0,0,0,0,0,0,0,0,0
479854.442396,0,0,0,0,0,0,0,0,0,0,0,0,0
479854.447465,0,0,0,0,0,0,0,0,0,0,0,0,0
479854.452492,0,0,0,0,0,0,0,0,0,0,0,0,0
479854.457427,0,0,0,0,0,0,0,0,0,0,0,0,0
479854.462390,0,0,0,0,0,0,0,0,0,0,0,0,0
479854.467343,0,0,0,0,0,0,0,0,0,0,0,0,0
479854.472370,0,0,0,0,0,0,0,0,0,0,0,0,0
479854.477354,0,0,0,0,0,0,0,0,0,0,0,0,0
479854.482479,0,0,0,0,0,0,0,0,0,0,0,0,0
479854.487311,0,0,0,0,0,0,0,0,0,0,0,0,0
479854.492360,0,0,0,0,0,0,0,0,0,0,0,0,0
479854.497559,0,0,0,0,0,0,0,0,0,0,0,0,0
479854.502511,0,0,0,0,0,0,0,0,0,0,0,0,0
479854.507458,0,0,0,0,0,0,0,0,0,0,0,0,0
479854.512324,0,0,0,0,0,0,0,0,0,0,0,0,0
479854.517415,0,0,0,0,0,0,0,0,0,0,0,0,0
479854.522385,0,0,0,0,0,0,0,0,0,0,0,0,0
479854.527464,0,0,0,0,0,0,0,0,0,0,0,0,0
479854.532395,0,0,0,0,0,0,0,0,0,0,0,0,0
479854.537453,0,0,0,0,0,0,0,0,0,0,0,0,0
479854.542391,0,0,0,0,0,0,0,0,0,0,0,0,0
479854.547352,0,0,0,0,0,0,0,0,0,0,0,0,0
479854.552514,0,0,0,0,0,0,0,0,0,0,0,0,0
479854.557482,0,0,0,0,0,0,0,0,0,0,0,0,0
479854.562485,0,0,0,0,0,0,0,0,0,0,0,0,0
479854.567527,0,0,0,0,0,0,0,0,0,0,0,0,0
479854.572502,0,0,0,0,0,0,0,0,0,0,0,0,0
479854.577376,0,0,0,0,0,0,0,0,0,0,0,0,0
479854.582551,0,0,0,0,0,0,0,0,0,0,0,0,0
479854.587401,0,0,0,0,0,0,0,0,0,0,0,0,0
479854.592466,0,0,0,0,0,0,0,0,0,0,0,0,0
479854.597601,0,0,0,0,0,0,0,0,0,0,0,0,0
479854.602525,0,0,0,0,0,0,0,0,0,0,0,0,0
479854.607515,0,0,0,0,0,0,0,0,0,0,0,0,0
479854.612448,0,0,0,0,0,0,0,0,0,0,0,0,0
479854.617520,0,0,0,0,0,0,0,0,0,0,0,0,0
479854.622478,0,0,0,0,0,0,0,0,0,0,0,0,0
479854.627351,0,0,0,0,0,0,0,0,0,0,0,0,0
479854.632457,0,0,0,0,0,0,0,0,0,0,0,0,0
479854.637504,0,0,0,0,0,0,0,0,0,0,0,0,0
479854.642382,0,0,0,0,0,0,0,0,0,0,0,0,0
479854.647484,0,0,0,0,0,0,0,0,0,0,0,0,0
479854.652533,0,0,0,0,0,0,0,0,0,0,0,0,0
479854.657456,0,0,0,0,0,0,0,0,0,0,0,0,0
479854.662458,0,0,0,0,0,0,0,0,0,0,0,0,0
479854.667504,0,0,0,0,0,0,0,0,0,0,0,0,0
479854.672450,0,0,0,0,0,0,0,0,0,0,0,0,0
479854.677395,0,0,0,0,0,0,0,0,0,0,0,0,0
479854.682436,0,0,0,0,0,0,0,0,0,0,0,0,0
479854.687391,0,0,0,0,0,0,0,0,0,0,0,0,0
479854.692431,0,0,0,0,0,0,0,0,0,0,0,0,0
479854.697571,0,0,0,0,0,0,0,0,0,0,0,0,0
479854.702477,0,0,0,0,0,0,0,0,0,0,0,0,0
479854.707457,0,0,0,0,0,0,0,0,0,0,0,0,0
479854.713355,0,0,0,0,0,0,0,0,0,0,0,0,0
479854.717477,0,0,0,0,0,0,0,0,0,0,0,0,0
479854.722490,0,0,0,0,0,0,0,0,0,0,0,0,0
479854.727465,0,0,0,0,0,0,0,0,0,0,0,0,0
479854.732394,0,0,0,0,0,0,0,0,0,0,0,0,0
479854.737384,0,0,0,0,0,0,0,0,0,0,0,0,0
479854.742392,0,0,0,0,0,0,0,0,0,0,0,0,0
479854.747479,0,0,0,0,0,0,0,0,0,0,0,0,0
479854.752511,0,0,0,0,0,0,0,0,0,0,0,0,0
479854.757474,0,0,0,0,0,0,0,0,0,0,0,0,0
479854.762387,0,0,0,0,0,0,0,0,0,0,0,0,0
479854.767483,0,0,0,0,0,0,0,0,0,0,0,0,0
479854.772515,0,0,0,0,0,0,0,0,0,0,0,0,0
479854.777375,0,0,0,0,0,0,0,0,0,0,0,0,0
479854.782515,0,0,0,0,0,0,0,0,0,0,0,0,0
479854.787401,0,0,0,0,0,0,0,0,0,0,0,0,0
479854.792454,0,0,0,0,0,0,0,0,0,0,0,0,0
479854.797549,0,0,0,0,0,0,0,0,0,0,0,0,0
479854.802533,0,0,0,0,0,0,0,0,0,0,0,0,0
479854.807505,0,0,0,0,0,0,0,0,0,0,0,0,0
479854.812442,0,0,0,0,0,0,0,0,0,0,0,0,0
479854.817451,0,0,0,0,0,0,0,0,0,0,0,0,0
479854.822405,0,0,0,0,0,0,0,0,0,0,0,0,0
479854.827397,0,0,0,0,0,0,0,0,0,0,0,0,0
479854.832501,0,0,0,0,0,0,0,0,0,0,0,0,0
479854.837417,0,0,0,0,0,0,0,0,0,0,0,0,0
479854.842380,0,0,0,0,0,0,0,0,0,0,0,0,0
479854.847456,0,0,0,0,0,0,0,0,0,0,0,0,0
479854.852438,0,0,0,0,0,0,0,0,0,0,0,0,0
479854.857387,0,0,0,0,0,0,0,0,0,0,0,0,0
479854.862457,0,0,0,0,0,0,0,0,0,0,0,0,0
479854.867501,0,0,0,0,0,0,0,0,0,0,0,0,0
479854.872420,0,0,0,0,0,0,0,0,0,0,0,0,0
479854.877477,0,0,0,0,0,0,0,0,0,0,0,0,0
479854.882419,0,0,0,0,0,0,0,0,0,0,0,0,0
479854.887410,0,0,0,0,0,0,0,0,0,0,0,0,0
479854.892408,0,0,0,0,0,0,0,0,0,0,0,0,0
479854.897449,0,0,0,0,0,0,0,0,0,0,0,0,0
479854.902461,0,0,0,0,0,0,0,0,0,0,0,0,0
479854.907502,0,0,0,0,0,0,0,0,0,0,0,0,0
479854.912473,0,0,0,0,0,0,0,0,0,0,0,0,0
479854.917508,0,0,0,0,0,0,0,0,0,0,0,0,0
479854.922414,0,0,0,0,0,0,0,0,0,0,0,0,0
479854.927382,0,0,0,0,0,0,0,0,0,0,0,0,0
479854.932442,0,0,0,0,0,0,0,0,0,0,0,0,0
479854.937357,0,0,0,0,0,0,0,0,0,0,0,0,0
479854.942419,0,0,0,0,0,0,0,0,0,0,0,0,0
479854.947467,0,0,0,0,0,0,0,0,0,0,0,0,0
479854.952500,0,0,0,0,0,0,0,0,0,0,0,0,0
479854.957481,0,0,0,0,0,0,0,0,0,0,0,0,0
479854.962471,0,0,0,0,0,0,0,0,0,0,0,0,0
479854.967502,0,0,0,0,0,0,0,0,0,0,0,0,0
479854.972418,0,0,0,0,0,0,0,0,0,0,0,0,0
479854.977481,0,0,0,0,0,0,0,0,0,0,0,0,0
479854.982523,0,0,0,0,0,0,0,0,0,0,0,0,0
479854.987425,0,0,0,0,0,0,0,0,0,0,0,0,0
479854.992418,0,0,0,0,0,0,0,0,0,0,0,0,0
479854.997478,0,0,0,0,0,0,0,0,0,0,0,0,0
479855.002511,0,0,0,0,0,0,0,0,0,0,0,0,0
479855.007454,0,0,0,0,0,0,0,0,0,0,0,0,0
479855.012459,0,0,0,0,0,0,0,0,0,0,0,0,0
479855.017514,0,0,0,0,0,0,0,0,0,0,0,0,0
479855.022468,0,0,0,0,0,0,0,0,0,0,0,0,0
479855.027416,0,0,0,0,0,0,0,0,0,0,0,0,0
479855.032478,0,0,0,0,0,0,0,0,0,0,0,0,0
479855.037512,0,0,0,0,0,0,0,0,0,0,0,0,0
479855.042364,0,0,0,0,0,0,0,0,0,0,0,0,0
479855.047472,0,0,0,0,0,0,0,0,0,0,0,0,0
479855.052400,0,0,0,0,0,0,0,0,0,0,0,0,0
479855.057394,0,0,0,0,0,0,0,0,0,0,0,0,0
479855.062443,0,0,0,0,0,0,0,0,0,0,0,0,0
479855.067512,0,0,0,0,0,0,0,0,0,0,0,0,0
479855.072510,0,0,0,0,0,0,0,0,0,0,0,0,0
479855.077433,0,0,0,0,0,0,0,0,0,0,0,0,0
479855.082522,0,0,0,0,0,0,0,0,0,0,0,0,0
479855.087394,0,0,0,0,0,0,0,0,0,0,0,0,0
479855.092298,0,0,0,0,0,0,0,0,0,0,0,0,0
479855.097464,0,0,0,0,0,0,0,0,0,0,0,0,0
479855.102342,0,0,0,0,0,0,0,0,0,0,0,0,0
479855.107319,0,0,0,0,0,0,0,0,0,0,0,0,0
479855.112271,0,0,0,0,0,0,0,0,0,0,0,0,0
479855.117309,0,0,0,0,0,0,0,0,0,0,0,0,0
479855.122298,0,0,0,0,0,0,0,0,0,0,0,0,0
479855.127379,0,0,0,0,0,0,0,0,0,0,0,0,0
479855.132319,0,0,0,0,0,0,0,0,0,0,0,0,0
479855.137394,0,0,0,0,0,0,0,0,0,0,0,0,0
479855.142455,0,0,0,0,0,0,0,0,0,0,0,0,0
479855.147446,0,0,0,0,0,0,0,0,0,0,0,0,0
479855.152450,0,0,0,0,0,0,0,0,0,0,0,0,0
479855.157368,0,0,0,0,0,0,0,0,0,0,0,0,0
479855.162420,0,0,0,0,0,0,0,0,0,0,0,0,0
479855.167492,0,0,0,0,0,0,0,0,0,0,0,0,0
479855.172502,0,0,0,0,0,0,0,0,0,0,0,0,0
479855.177378,0,0,0,0,0,0,0,0,0,0,0,0,0
479855.182513,0,0,0,0,0,0,0,0,0,0,0,0,0
479855.187391,0,0,0,0,0,0,0,0,0,0,0,0,0
479855.192396,0,0,0,0,0,0,0,0,0,0,0,0,0
479855.197412,0,0,0,0,0,0,0,0,0,0,0,0,0
479855.202411,0,0,0,0,0,0,0,0,0,0,0,0,0
479855.207432,0,0,0,0,0,0,0,0,0,0,0,0,0
479855.212439,0,0,0,0,0,0,0,0,0,0,0,0,0
479855.217536,0,0,0,0,0,0,0,0,0,0,0,0,0
479855.222459,0,0,0,0,0,0,0,0,0,0,0,0,0
479855.227492,0,0,0,0,0,0,0,0,0,0,0,0,0
479855.232439,0,0,0,0,0,0,0,0,0,0,0,0,0
479855.237490,0,0,0,0,0,0,0,0,0,0,0,0,0
479855.242371,0,0,0,0,0,0,0,0,0,0,0,0,0
479855.247477,0,0,0,0,0,0,0,0,0,0,0,0,0
479855.252549,0,0,0,0,0,0,0,0,0,0,0,0,0
479855.257433,0,0,0,0,0,0,0,0,0,0,0,0,0
479855.262477,0,0,0,0,0,0,0,0,0,0,0,0,0
479855.267501,0,0,0,0,0,0,0,0,0,0,0,0,0
479855.272482,0,0,0,0,0,0,0,0,0,0,0,0,0
479855.277376,0,0,0,0,0,0,0,0,0,0,0,0,0
479855.282440,0,0,0,0,0,0,0,0,0,0,0,0,0
479855.287350,0,0,0,0,0,0,0,0,0,0,0,0,0
479855.292407,0,0,0,0,0,0,0,0,0,0,0,0,0
479855.297469,0,0,0,0,0,0,0,0,0,0,0,0,0
479855.302519,0,0,0,0,0,0,0,0,0,0,0,0,0
479855.307509,0,0,0,0,0,0,0,0,0,0,0,0,0
479855.312488,0,0,0,0,0,0,0,0,0,0,0,0,0
479855.317511,0,0,0,0,0,0,0,0,0,0,0,0,0
479855.322471,0,0,0,0,0,0,0,0,0,0,0,0,0
479855.327563,0,0,0,0,0,0,0,0,0,0,0,0,0
479855.332381,0,0,0,0,0,0,0,0,0,0,0,0,0
479855.337523,0,0,0,0,0,0,0,0,0,0,0,0,0
479855.342402,0,0,0,0,0,0,0,0,0,0,0,0,0
479855.347504,0,0,0,0,0,0,0,0,0,0,0,0,0
479855.352542,0,0,0,0,0,0,0,0,0,0,0,0,0
479855.357544,0,0,0,0,0,0,0,0,0,0,0,0,0
479855.362427,0,0,0,0,0,0,0,0,0,0,0,0,0
479855.367511,0,0,0,0,0,0,0,0,0,0,0,0,0
479855.372497,0,0,0,0,0,0,0,0,0,0,0,0,0
479855.377483,0,0,0,0,0,0,0,0,0,0,0,0,0
479855.382534,0,0,0,0,0,0,0,0,0,0,0,0,0
479855.387411,0,0,0,0,0,0,0,0,0,0,0,0,0
479855.392477,0,0,0,0,0,0,0,0,0,0,0,0,0
479855.397572,0,0,0,0,0,0,0,0,0,0,0,0,0
479855.402531,0,0,0,0,0,0,0,0,0,0,0,0,0
479855.407510,0,0,0,0,0,0,0,0,0,0,0,0,0
479855.412400,0,0,0,0,0,0,0,0,0,0,0,0,0
479855.417524,0,0,0,0,0,0,0,0,0,0,0,0,0
479855.422422,0,0,0,0,0,0,0,0,0,0,0,0,0
479855.427511,0,0,0,0,0,0,0,0,0,0,0,0,0
479855.432465,0,0,0,0,0,0,0,0,0,0,0,0,0
479855.437529,0,0,0,0,0,0,0,0,0,0,0,0,0
479855.442425,0,0,0,0,0,0,0,0,0,0,0,0,0
479855.447431,0,0,0,0,0,0,0,0,0,0,0,0,0
479855.452536,0,0,0,0,0,0,0,0,0,0,0,0,0
479855.457483,0,0,0,0,0,0,0,0,0,0,0,0,0
479855.462411,0,0,0,0,0,0,0,0,0,0,0,0,0
479855.467423,0,0,0,0,0,0,0,0,0,0,0,0,0
479855.472352,0,0,0,0,0,0,0,0,0,0,0,0,0
479855.477320,0,0,0,0,0,0,0,0,0,0,0,0,0
479855.482394,0,0,0,0,0,0,0,0,0,0,0,0,0
479855.487335,0,0,0,0,0,0,0,0,0,0,0,0,0
479855.492348,0,0,0,0,0,0,0,0,0,0,0,0,0
479855.497369,0,0,0,0,0,0,0,0,0,0,0,0,0
479855.502397,0,0,0,0,0,0,0,0,0,0,0,0,0
479855.507316,0,0,0,0,0,0,0,0,0,0,0,0,0
479855.512336,0,0,0,0,0,0,0,0,0,0,0,0,0
479855.517364,0,0,0,0,0,0,0,0,0,0,0,0,0
479855.522324,0,0,0,0,0,0,0,0,0,0,0,0,0
479855.527270,0,0,0,0,0,0,0,0,0,0,0,0,0
479855.532318,0,0,0,0,0,0,0,0,0,0,0,0,0
479855.537321,0,0,0,0,0,0,0,0,0,0,0,0,0
479855.542334,0,0,0,0,0,0,0,0,0,0,0,0,0
479855.547298,0,0,0,0,0,0,0,0,0,0,0,0,0
479855.552356,0,0,0,0,0,0,0,0,0,0,0,0,0
479855.557314,0,0,0,0,0,0,0,0,0,0,0,0,0
479855.562322,0,0,0,0,0,0,0,0,0,0,0,0,0
479855.567325,0,0,0,0,0,0,0,0,0,0,0,0,0
479855.572410,0,0,0,0,0,0,0,0,0,0,0,0,0
479855.577315,0,0,0,0,0,0,0,0,0,0,0,0,0
479855.582454,0,0,0,0,0,0,0,0,0,0,0,0,0
479855.587332,0,0,0,0,0,0,0,0,0,0,0,0,0
479855.592346,0,0,0,0,0,0,0,0,0,0,0,0,0
479855.597378,0,0,0,0,0,0,0,0,0,0,0,0,0
479855.602365,0,0,0,0,0,0,0,0,0,0,0,0,0
479855.607296,0,0,0,0,0,0,0,0,0,0,0,0,0
479855.612313,0,0,0,0,0,0,0,0,0,0,0,0,0
479855.617357,0,0,0,0,0,0,0,0,0,0,0,0,0
479855.622362,0,0,0,0,0,0,0,0,0,0,0,0,0
479855.627269,0,0,0,0,0,0,0,0,0,0,0,0,0
479855.632302,0,0,0,0,0,0,0,0,0,0,0,0,0
479855.637376,0,0,0,0,0,0,0,0,0,0,0,0,0
479855.642308,0,0,0,0,0,0,0,0,0,0,0,0,0
479855.647401,0,0,0,0,0,0,0,0,0,0,0,0,0
479855.652337,0,0,0,0,0,0,0,0,0,0,0,0,0
479855.657381,0,0,0,0,0,0,0,0,0,0,0,0,0
479855.662321,0,0,0,0,0,0,0,0,0,0,0,0,0
479855.667391,0,0,0,0,0,0,0,0,0,0,0,0,0
479855.672378,0,0,0,0,0,0,0,0,0,0,0,0,0
479855.677468,0,0,0,0,0,0,0,0,0,0,0,0,0
479855.682509,0,0,0,0,0,0,0,0,0,0,0,0,0
479855.687431,0,0,0,0,0,0,0,0,0,0,0,0,0
479855.692489,0,0,0,0,0,0,0,0,0,0,0,0,0
479855.697430,0,0,0,0,0,0,0,0,0,0,0,0,0
479855.702431,0,0,0,0,0,0,0,0,0,0,0,0,0
479855.707409,0,0,0,0,0,0,0,0,0,0,0,0,0
479855.712445,0,0,0,0,0,0,0,0,0,0,0,0,0
479855.717544,0,0,0,0,0,0,0,0,0,0,0,0,0
479855.722499,0,0,0,0,0,0,0,0,0,0,0,0,0
479855.727422,0,0,0,0,0,0,0,0,0,0,0,0,0
479855.732459,0,0,0,0,0,0,0,0,0,0,0,0,0
479855.737534,0,0,0,0,0,0,0,0,0,0,0,0,0
479855.742423,0,0,0,0,0,0,0,0,0,0,0,0,0
479855.747494,0,0,0,0,0,0,0,0,0,0,0,0,0
479855.752537,0,0,0,0,0,0,0,0,0,0,0,0,0
479855.757487,0,0,0,0,0,0,0,0,0,0,0,0,0
479855.762504,0,0,0,0,0,0,0,0,0,0,0,0,0
479855.767522,0,0,0,0,0,0,0,0,0,0,0,0,0
479855.772563,0,0,0,0,0,0,0,0,0,0,0,0,0
479855.777494,0,0,0,0,0,0,0,0,0,0,0,0,0
479855.782564,0,0,0,0,0,0,0,0,0,0,0,0,0
479855.787436,0,0,0,0,0,0,0,0,0,0,0,0,0
479855.792485,0,0,0,0,0,0,0,0,0,0,0,0,0
479855.797587,0,0,0,0,0,0,0,0,0,0,0,0,0
479855.802528,0,0,0,0,0,0,0,0,0,0,0,0,0
479855.807541,0,0,0,0,0,0,0,0,0,0,0,0,0
479855.812475,0,0,0,0,0,0,0,0,0,0,0,0,0
479855.817686,0,0,0,0,0,0,0,0,0,0,0,0,0
479855.822409,0,0,0,0,0,0,0,0,0,0,0,0,0
479855.827298,0,0,0,0,0,0,0,0,0,0,0,0,0
479855.832353,0,0,0,0,0,0,0,0,0,0,0,0,0
479855.837347,0,0,0,0,0,0,0,0,0,0,0,0,0
479855.842301,0,0,0,0,0,0,0,0,0,0,0,0,0
479855.847353,0,0,0,0,0,0,0,0,0,0,0,0,0
479855.852467,0,0,0,0,0,0,0,0,0,0,0,0,0
479855.857460,0,0,0,0,0,0,0,0,0,0,0,0,0
479855.862478,0,0,0,0,0,0,0,0,0,0,0,0,0
479855.867535,0,0,0,0,0,0,0,0,0,0,0,0,0
479855.872541,0,0,0,0,0,0,0,0,0,0,0,0,0
479855.877344,0,0,0,0,0,0,0,0,0,0,0,0,0
479855.882342,0,0,0,0,0,0,0,0,0,0,0,0,0
479855.887332,0,0,0,0,0,0,0,0,0,0,0,0,0
479855.892348,0,0,0,0,0,0,0,0,0,0,0,0,0
479855.897450,0,0,0,0,0,0,0,0,0,0,0,0,0
479855.902470,0,0,0,0,0,0,0,0,0,0,0,0,0
479855.907355,0,0,0,0,0,0,0,0,0,0,0,0,0
479855.912303,0,0,0,0,0,0,0,0,0,0,0,0,0
479855.917357,0,0,0,0,0,0,0,0,0,0,0,0,0
479855.922387,0,0,0,0,0,0,0,0,0,0,0,0,0
479855.927287,0,0,0,0,0,0,0,0,0,0,0,0,0
479855.932332,0,0,0,0,0,0,0,0,0,0,0,0,0
479855.937437,0,0,0,0,0,0,0,0,0,0,0,0,0
479855.942365,0,0,0,0,0,0,0,0,0,0,0,0,0
479855.947332,0,0,0,0,0,0,0,0,0,0,0,0,0
479855.952425,0,0,0,0,0,0,0,0,0,0,0,0,0
479855.957373,0,0,0,0,0,0,0,0,0,0,0,0,0
479855.962375,0,0,0,0,0,0,0,0,0,0,0,0,0
479855.967339,0,0,0,0,0,0,0,0,0,0,0,0,0
479855.972364,0,0,0,0,0,0,0,0,0,0,0,0,0
479855.977353,0,0,0,0,0,0,0,0,0,0,0,0,0
479855.982300,0,0,0,0,0,0,0,0,0,0,0,0,0
479855.987311,0,0,0,0,0,0,0,0,0,0,0,0,0
479855.992303,0,0,0,0,0,0,0,0,0,0,0,0,0
479855.997533,0,0,0,0,0,0,0,0,0,0,0,0,0
479856.002353,0,0,0,0,0,0,0,0,0,0,0,0,0
479856.007283,0,0,0,0,0,0,0,0,0,0,0,0,0
479856.012300,0,0,0,0,0,0,0,0,0,0,0,0,0
479856.017371,0,0,0,0,0,0,0,0,0,0,0,0,0
479856.022445,0,0,0,0,0,0,0,0,0,0,0,0,0
479856.027481,0,0,0,0,0,0,0,0,0,0,0,0,0
479856.032444,0,0,0,0,0,0,0,0,0,0,0,0,0
479856.037552,0,0,0,0,0,0,0,0,0,0,0,0,0
479856.042376,0,0,0,0,0,0,0,0,0,0,0,0,0
479856.047498,0,0,0,0,0,0,0,0,0,0,0,0,0
479856.052495,0,0,0,0,0,0,0,0,0,0,0,0,0
479856.057490,0,0,0,0,0,0,0,0,0,0,0,0,0
479856.062486,0,0,0,0,0,0,0,0,0,0,0,0,0
479856.067516,0,0,0,0,0,0,0,0,0,0,0,0,0
479856.072502,0,0,0,0,0,0,0,0,0,0,0,0,0
479856.077409,0,0,0,0,0,0,0,0,0,0,0,0,0
479856.082418,0,0,0,0,0,0,0,0,0,0,0,0,0
479856.087446,0,0,0,0,0,0,0,0,0,0,0,0,0
479856.092404,0,0,0,0,0,0,0,0,0,0,0,0,0
479856.097531,0,0,0,0,0,0,0,0,0,0,0,0,0
479856.102474,0,0,0,0,0,0,0,0,0,0,0,0,0
479856.107482,0,0,0,0,0,0,0,0,0,0,0,0,0
479856.112476,0,0,0,0,0,0,0,0,0,0,0,0,0
479856.117445,0,0,0,0,0,0,0,0,0,0,0,0,0
479856.122435,0,0,0,0,0,0,0,0,0,0,0,0,0
479856.127485,0,0,0,0,0,0,0,0,0,0,0,0,0
479856.132317,0,0,0,0,0,0,0,0,0,0,0,0,0
479856.137336,0,0,0,0,0,0,0,0,0,0,0,0,0
479856.142315,0,0,0,0,0,0,0,0,0,0,0,0,0
479856.147391,0,0,0,0,0,0,0,0,0,0,0,0,0
479856.152383,0,0,0,0,0,0,0,0,0,0,0,0,0
479856.157414,0,0,0,0,0,0,0,0,0,0,0,0,0
479856.162394,0,0,0,0,0,0,0,0,0,0,0,0,0
479856.167362,0,0,0,0,0,0,0,0,0,0,0,0,0
479856.172388,0,0,0,0,0,0,0,0,0,0,0,0,0
479856.177298,0,0,0,0,0,0,0,0,0,0,0,0,0
479856.182343,0,0,0,0,0,0,0,0,0,0,0,0,0
479856.187335,0,0,0,0,0,0,0,0,0,0,0,0,0
479856.192335,0,0,0,0,0,0,0,0,0,0,0,0,0
479856.197406,0,0,0,0,0,0,0,0,0,0,0,0,0
479856.202386,0,0,0,0,0,0,0,0,0,0,0,0,0
479856.207363,0,0,0,0,0,0,0,0,0,0,0,0,0
479856.212324,0,0,0,0,0,0,0,0,0,0,0,0,0
479856.217372,0,0,0,0,0,0,0,0,0,0,0,0,0
479856.222390,0,0,0,0,0,0,0,0,0,0,0,0,0
479856.227363,0,0,0,0,0,0,0,0,0,0,0,0,0
479856.232293,0,0,0,0,0,0,0,0,0,0,0,0,0
479856.237330,0,0,0,0,0,0,0,0,0,0,0,0,0
479856.242321,0,0,0,0,0,0,0,0,0,0,0,0,0
479856.247381,0,0,0,0,0,0,0,0,0,0,0,0,0
479856.252429,0,0,0,0,0,0,0,0,0,0,0,0,0
479856.257401,0,0,0,0,0,0,0,0,0,0,0,0,0
479856.262337,0,0,0,0,0,0,0,0,0,0,0,0,0
479856.267331,0,0,0,0,0,0,0,0,0,0,0,0,0
479856.272339,0,0,0,0,0,0,0,0,0,0,0,0,0
479856.277429,0,0,0,0,0,0,0,0,0,0,0,0,0
479856.282492,0,0,0,0,0,0,0,0,0,0,0,0,0
479856.287428,0,0,0,0,0,0,0,0,0,0,0,0,0
479856.292424,0,0,0,0,0,0,0,0,0,0,0,0,0
479856.297455,0,0,0,0,0,0,0,0,0,0,0,0,0
479856.302517,0,0,0,0,0,0,0,0,0,0,0,0,0
479856.307464,0,0,0,0,0,0,0,0,0,0,0,0,0
479856.312382,0,0,0,0,0,0,0,0,0,0,0,0,0
479856.317511,0,0,0,0,0,0,0,0,0,0,0,0,0
479856.322376,0,0,0,0,0,0,0,0,0,0,0,0,0
479856.327575,0,0,0,0,0,0,0,0,0,0,0,0,0
479856.332380,0,0,0,0,0,0,0,0,0,0,0,0,0
479856.337429,0,0,0,0,0,0,0,0,0,0,0,0,0
479856.342376,0,0,0,0,0,0,0,0,0,0,0,0,0
479856.347534,0,0,0,0,0,0,0,0,0,0,0,0,0
479856.352551,0,0,0,0,0,0,0,0,0,0,0,0,0
479856.357502,0,0,0,0,0,0,0,0,0,0,0,0,0
479856.362503,0,0,0,0,0,0,0,0,0,0,0,0,0
479856.367520,0,0,0,0,0,0,0,0,0,0,0,0,0
479856.372447,0,0,0,0,0,0,0,0,0,0,0,0,0
479856.377462,0,0,0,0,0,0,0,0,0,0,0,0,0
479856.382461,0,0,0,0,0,0,0,0,0,0,0,0,0
479856.387428,0,0,0,0,0,0,0,0,0,0,0,0,0
479856.392499,0,0,0,0,0,0,0,0,0,0,0,0,0
479856.397577,0,0,0,0,0,0,0,0,0,0,0,0,0
479856.402427,0,0,0,0,0,0,0,0,0,0,0,0,0
479856.407363,0,0,0,0,0,0,0,0,0,0,0,0,0
479856.412311,0,0,0,0,0,0,0,0,0,0,0,0,0
479856.417480,0,0,0,0,0,0,0,0,0,0,0,0,0
479856.422449,0,0,0,0,0,0,0,0,0,0,0,0,0
479856.427414,0,0,0,0,0,0,0,0,0,0,0,0,0
479856.432348,0,0,0,0,0,0,0,0,0,0,0,0,0
479856.437387,0,0,0,0,0,0,0,0,0,0,0,0,0
479856.442346,0,0,0,0,0,0,0,0,0,0,0,0,0
479856.447408,0,0,0,0,0,0,0,0,0,0,0,0,0
479856.452461,0,0,0,0,0,0,0,0,0,0,0,0,0
479856.457374,0,0,0,0,0,0,0,0,0,0,0,0,0
479856.462341,0,0,0,0,0,0,0,0,0,0,0,0,0
479856.467384,0,0,0,0,0,0,0,0,0,0,0,0,0
479856.472350,0,0,0,0,0,0,0,0,0,0,0,0,0
479856.477380,0,0,0,0,0,0,0,0,0,0,0,0,0
479856.482399,0,0,0,0,0,0,0,0,0,0,0,0,0
479856.487391,0,0,0,0,0,0,0,0,0,0,0,0,0
479856.492433,0,0,0,0,0,0,0,0,0,0,0,0,0
479856.497442,0,0,0,0,0,0,0,0,0,0,0,0,0
479856.502400,0,0,0,0,0,0,0,0,0,0,0,0,0
479856.507401,0,0,0,0,0,0,0,0,0,0,0,0,0
479856.512424,0,0,0,0,0,0,0,0,0,0,0,0,0
479856.517553,0,0,0,0,0,0,0,0,0,0,0,0,0
479856.522545,0,0,0,0,0,0,0,0,0,0,0,0,0
479856.527507,0,0,0,0,0,0,0,0,0,0,0,0,0
479856.532330,0,0,0,0,0,0,0,0,0,0,0,0,0
479856.537448,0,0,0,0,0,0,0,0,0,0,0,0,0
479856.542347,0,0,0,0,0,0,0,0,0,0,0,0,0
479856.547420,0,0,0,0,0,0,0,0,0,0,0,0,0
479856.552456,0,0,0,0,0,0,0,0,0,0,0,0,0
479856.557414,0,0,0,0,0,0,0,0,0,0,0,0,0
479856.562351,0,0,0,0,0,0,0,0,0,0,0,0,0
479856.567357,0,0,0,0,0,0,0,0,0,0,0,0,0
479856.572430,0,0,0,0,0,0,0,0,0,0,0,0,0
479856.577390,0,0,0,0,0,0,0,0,0,0,0,0,0
479856.582471,0,0,0,0,0,0,0,0,0,0,0,0,0
479856.587331,0,0,0,0,0,0,0,0,0,0,0,0,0
479856.592344,0,0,0,0,0,0,0,0,0,0,0,0,0
479856.597477,0,0,0,0,0,0,0,0,0,0,0,0,0
479856.602410,0,0,0,0,0,0,0,0,0,0,0,0,0
479856.607415,0,0,0,0,0,0,0,0,0,0,0,0,0
479856.612370,0,0,0,0,0,0,0,0,0,0,0,0,0
479856.617451,0,0,0,0,0,0,0,0,0,0,0,0,0
479856.622387,0,0,0,0,0,0,0,0,0,0,0,0,0
479856.627326,0,0,0,0,0,0,0,0,0,0,0,0,0
479856.632318,0,0,0,0,0,0,0,0,0,0,0,0,0
479856.637401,0,0,0,0,0,0,0,0,0,0,0,0,0
479856.642317,0,0,0,0,0,0,0,0,0,0,0,0,0
479856.647366,0,0,0,0,0,0,0,0,0,0,0,0,0
479856.652439,0,0,0,0,0,0,0,0,0,0,0,0,0
479856.657333,0,0,0,0,0,0,0,0,0,0,0,0,0
479856.662313,0,0,0,0,0,0,0,0,0,0,0,0,0
479856.667347,0,0,0,0,0,0,0,0,0,0,0,0,0
479856.672493,0,0,0,0,0,0,0,0,0,0,0,0,0
479856.677434,0,0,0,0,0,0,0,0,0,0,0,0,0
479856.682474,0,0,0,0,0,0,0,0,0,0,0,0,0
479856.687450,0,0,0,0,0,0,0,0,0,0,0,0,0
479856.692414,0,0,0,0,0,0,0,0,0,0,0,0,0
479856.697477,0,0,0,0,0,0,0,0,0,0,0,0,0
479856.702352,0,0,0,0,0,0,0,0,0,0,0,0,0
479856.707378,0,0,0,0,0,0,0,0,0,0,0,0,0
479856.712327,0,0,0,0,0,0,0,0,0,0,0,0,0
479856.717469,0,0,0,0,0,0,0,0,0,0,0,0,0
479856.722352,0,0,0,0,0,0,0,0,0,0,0,0,0
479856.727301,0,0,0,0,0,0,0,0,0,0,0,0,0
479856.732319,0,0,0,0,0,0,0,0,0,0,0,0,0
479856.737557,0,0,0,0,0,0,0,0,0,0,0,0,0
479856.742344,0,0,0,0,0,0,0,0,0,0,0,0,0
479856.747365,0,0,0,0,0,0,0,0,0,0,0,0,0
479856.752576,0,0,0,0,0,0,0,0,0,0,0,0,0
479856.757522,0,0,0,0,0,0,0,0,0,0,0,0,0
479856.762451,0,0,0,0,0,0,0,0,0,0,0,0,0
479856.767478,0,0,0,0,0,0,0,0,0,0,0,0,0
479856.772539,0,0,0,0,0,0,0,0,0,0,0,0,0
479856.777486,0,0,0,0,0,0,0,0,0,0,0,0,0
479856.782508,0,0,0,0,0,0,0,0,0,0,0,0,0
479856.787491,0,0,0,0,0,0,0,0,0,0,0,0,0
479856.792498,0,0,0,0,0,0,0,0,0,0,0,0,0
479856.797590,0,0,0,0,0,0,0,0,0,0,0,0,0
479856.802559,0,0,0,0,0,0,0,0,0,0,0,0,0
479856.807563,0,0,0,0,0,0,0,0,0,0,0,0,0
479856.812477,0,0,0,0,0,0,0,0,0,0,0,0,0
479856.817551,0,0,0,0,0,0,0,0,0,0,0,0,0
479856.822503,0,0,0,0,0,0,0,0,0,0,0,0,0
479856.827381,0,0,0,0,0,0,0,0,0,0,0,0,0
479856.832464,0,0,0,0,0,0,0,0,0,0,0,0,0
479856.837549,0,0,0,0,0,0,0,0,0,0,0,0,0
479856.842429,0,0,0,0,0,0,0,0,0,0,0,0,0
479856.847479,0,0,0,0,0,0,0,0,0,0,0,0,0
479856.852480,0,0,0,0,0,0,0,0,0,0,0,0,0
479856.857525,0,0,0,0,0,0,0,0,0,0,0,0,0
479856.862513,0,0,0,0,0,0,0,0,0,0,0,0,0
479856.867508,0,0,0,0,0,0,0,0,0,0,0,0,0
479856.872461,0,0,0,0,0,0,0,0,0,0,0,0,0
479856.877436,0,0,0,0,0,0,0,0,0,0,0,0,0
479856.882403,0,0,0,0,0,0,0,0,0,0,0,0,0
479856.887349,0,0,0,0,0,0,0,0,0,0,0,0,0
479856.892506,0,0,0,0,0,0,0,0,0,0,0,0,0
479856.897567,0,0,0,0,0,0,0,0,0,0,0,0,0
479856.902533,0,0,0,0,0,0,0,0,0,0,0,0,0
479856.907466,0,0,0,0,0,0,0,0,0,0,0,0,0
479856.912464,0,0,0,0,0,0,0,0,0,0,0,0,0
479856.917492,0,0,0,0,0,0,0,0,0,0,0,0,0
479856.922492,0,0,0,0,0,0,0,0,0,0,0,0,0
479856.927508,0,0,0,0,0,0,0,0,0,0,0,0,0
479856.932473,0,0,0,0,0,0,0,0,0,0,0,0,0
479856.937533,0,0,0,0,0,0,0,0,0,0,0,0,0
479856.942422,0,0,0,0,0,0,0,0,0,0,0,0,0
479856.947436,0,0,0,0,0,0,0,0,0,0,0,0,0
479856.952528,0,0,0,0,0,0,0,0,0,0,0,0,0
479856.957512,0,0,0,0,0,0,0,0,0,0,0,0,0
479856.962505,0,0,0,0,0,0,0,0,0,0,0,0,0
479856.967535,0,0,0,0,0,0,0,0,0,0,0,0,0
479856.972518,0,0,0,0,0,0,0,0,0,0,0,0,0
479856.977458,0,0,0,0,0,0,0,0,0,0,0,0,0
479856.982500,0,0,0,0,0,0,0,0,0,0,0,0,0
479856.987442,0,0,0,0,0,0,0,0,0,0,0,0,0
479856.992490,0,0,0,0,0,0,0,0,0,0,0,0,0
479856.997799,0,0,0,0,0,0,0,0,0,0,0,0,0
479857.002438,0,0,0,0,0,0,0,0,0,0,0,0,0
479857.007436,0,0,0,0,0,0,0,0,0,0,0,0,0
479857.012424,0,0,0,0,0,0,0,0,0,0,0,0,0
479857.017426,0,0,0,0,0,0,0,0,0,0,0,0,0
479857.022347,0,0,0,0,0,0,0,0,0,0,0,0,0
479857.027541,0,0,0,0,0,0,0,0,0,0,0,0,0
479857.032411,0,0,0,0,0,0,0,0,0,0,0,0,0
479857.037498,0,0,0,0,0,0,0,0,0,0,0,0,0
479857.042423,0,0,0,0,0,0,0,0,0,0,0,0,0
479857.047422,0,0,0,0,0,0,0,0,0,0,0,0,0
479857.052558,0,0,0,0,0,0,0,0,0,0,0,0,0
479857.057519,0,0,0,0,0,0,0,0,0,0,0,0,0
479857.062410,0,0,0,0,0,0,0,0,0,0,0,0,0
479857.067563,0,0,0,0,0,0,0,0,0,0,0,0,0
479857.072522,0,0,0,0,0,0,0,0,0,0,0,0,0
479857.077401,0,0,0,0,0,0,0,0,0,0,0,0,0
479857.082492,0,0,0,0,0,0,0,0,0,0,0,0,0
479857.087460,0,0,0,0,0,0,0,0,0,0,0,0,0
479857.092443,0,0,0,0,0,0,0,0,0,0,0,0,0
479857.097568,0,0,0,0,0,0,0,0,0,0,0,0,0
479857.102512,0,0,0,0,0,0,0,0,0,0,0,0,0
479857.107448,0,0,0,0,0,0,0,0,0,0,0,0,0
479857.112346,0,0,0,0,0,0,0,0,0,0,0,0,0
479857.117422,0,0,0,0,0,0,0,0,0,0,0,0,0
479857.122335,0,0,0,0,0,0,0,0,0,0,0,0,0
479857.127330,0,0,0,0,0,0,0,0,0,0,0,0,0
479857.132334,0,0,0,0,0,0,0,0,0,0,0,0,0
479857.137405,0,0,0,0,0,0,0,0,0,0,0,0,0
479857.142313,0,0,0,0,0,0,0,0,0,0,0,0,0
479857.147411,0,0,0,0,0,0,0,0,0,0,0,0,0
479857.152380,0,0,0,0,0,0,0,0,0,0,0,0,0
479857.157348,0,0,0,0,0,0,0,0,0,0,0,0,0
479857.162331,0,0,0,0,0,0,0,0,0,0,0,0,0
479857.167382,0,0,0,0,0,0,0,0,0,0,0,0,0
479857.172362,0,0,0,0,0,0,0,0,0,0,0,0,0
479857.177463,0,0,0,0,0,0,0,0,0,0,0,0,0
479857.182528,0,0,0,0,0,0,0,0,0,0,0,0,0
479857.187427,0,0,0,0,0,0,0,0,0,0,0,0,0
479857.192492,0,0,0,0,0,0,0,0,0,0,0,0,0
479857.197674,0,0,0,0,0,0,0,0,0,0,0,0,0
479857.202584,0,0,0,0,0,0,0,0,0,0,0,0,0
479857.207613,0,0,0,0,0,0,0,0,0,0,0,0,0
479857.212524,0,0,0,0,0,0,0,0,0,0,0,0,0
479857.217664,0,0,0,0,0,0,0,0,0,0,0,0,0
479857.222617,0,0,0,0,0,0,0,0,0,0,0,0,0
479857.227671,0,0,0,0,0,0,0,0,0,0,0,0,0
479857.232563,0,0,0,0,0,0,0,0,0,0,0,0,0
479857.237753,0,0,0,0,0,0,0,0,0,0,0,0,0
479857.242526,0,0,0,0,0,0,0,0,0,0,0,0,0
479857.247662,0,0,0,0,0,0,0,0,0,0,0,0,0
479857.252732,0,0,0,0,0,0,0,0,0,0,0,0,0
479857.257528,0,0,0,0,0,0,0,0,0,0,0,0,0
479857.262494,0,0,0,0,0,0,0,0,0,0,0,0,0
479857.267563,0,0,0,0,0,0,0,0,0,0,0,0,0
479857.272552,0,0,0,0,0,0,0,0,0,0,0,0,0
479857.277394,0,0,0,0,0,0,0,0,0,0,0,0,0
479857.282350,0,0,0,0,0,0,0,0,0,0,0,0,0
479857.287378,0,0,0,0,0,0,0,0,0,0,0,0,0
479857.292356,0,0,0,0,0,0,0,0,0,0,0,0,0
479857.297494,0,0,0,0,0,0,0,0,0,0,0,0,0
479857.302390,0,0,0,0,0,0,0,0,0,0,0,0,0
479857.307414,0,0,0,0,0,0,0,0,0,0,0,0,0
479857.312453,0,0,0,0,0,0,0,0,0,0,0,0,0
479857.317537,0,0,0,0,0,0,0,0,0,0,0,0,0
479857.322360,0,0,0,0,0,0,0,0,0,0,0,0,0
479857.327361,0,0,0,0,0,0,0,0,0,0,0,0,0
479857.332364,0,0,0,0,0,0,0,0,0,0,0,0,0
479857.337448,0,0,0,0,0,0,0,0,0,0,0,0,0
479857.342300,0,0,0,0,0,0,0,0,0,0,0,0,0
479857.347356,0,0,0,0,0,0,0,0,0,0,0,0,0
479857.352383,0,0,0,0,0,0,0,0,0,0,0,0,0
479857.357469,0,0,0,0,0,0,0,0,0,0,0,0,0
479857.362429,0,0,0,0,0,0,0,0,0,0,0,0,0
479857.367402,0,0,0,0,0,0,0,0,0,0,0,0,0
479857.372420,0,0,0,0,0,0,0,0,0,0,0,0,0
479857.377414,0,0,0,0,0,0,0,0,0,0,0,0,0
479857.382464,0,0,0,0,0,0,0,0,0,0,0,0,0
479857.387487,0,0,0,0,0,0,0,0,0,0,0,0,0
479857.392532,0,0,0,0,0,0,0,0,0,0,0,0,0
479857.397590,0,0,0,0,0,0,0,0,0,0,0,0,0
479857.402459,0,0,0,0,0,0,0,0,0,0,0,0,0
479857.407553,0,0,0,0,0,0,0,0,0,0,0,0,0
479857.412421,0,0,0,0,0,0,0,0,0,0,0,0,0
479857.417568,0,0,0,0,0,0,0,0,0,0,0,0,0
479857.422504,0,0,0,0,0,0,0,0,0,0,0,0,0
479857.427507,0,0,0,0,0,0,0,0,0,0,0,0,0
479857.432493,0,0,0,0,0,0,0,0,0,0,0,0,0
479857.437486,0,0,0,0,0,0,0,0,0,0,0,0,0
479857.442432,0,0,0,0,0,0,0,0,0,0,0,0,0
479857.447487,0,0,0,0,0,0,0,0,0,0,0,0,0
479857.452563,0,0,0,0,0,0,0,0,0,0,0,0,0
479857.457529,0,0,0,0,0,0,0,0,0,0,0,0,0
479857.462566,0,0,0,0,0,0,0,0,0,0,0,0,0
479857.467501,0,0,0,0,0,0,0,0,0,0,0,0,0
479857.472569,0,0,0,0,0,0,0,0,0,0,0,0,0
479857.477465,0,0,0,0,0,0,0,0,0,0,0,0,0
479857.482521,0,0,0,0,0,0,0,0,0,0,0,0,0
479857.487497,0,0,0,0,0,0,0,0,0,0,0,0,0
479857.492547,0,0,0,0,0,0,0,0,0,0,0,0,0
479857.497482,0,0,0,0,0,0,0,0,0,0,0,0,0
479857.502518,0,0,0,0,0,0,0,0,0,0,0,0,0
479857.507507,0,0,0,0,0,0,0,0,0,0,0,0,0
479857.512454,0,0,0,0,0,0,0,0,0,0,0,0,0
479857.517450,0,0,0,0,0,0,0,0,0,0,0,0,0
479857.522479,0,0,0,0,0,0,0,0,0,0,0,0,0
479857.527488,0,0,0,0,0,0,0,0,0,0,0,0,0
479857.532461,0,0,0,0,0,0,0,0,0,0,0,0,0
479857.537475,0,0,0,0,0,0,0,0,0,0,0,0,0
479857.542321,0,0,0,0,0,0,0,0,0,0,0,0,0
479857.547376,0,0,0,0,0,0,0,0,0,0,0,0,0
479857.552513,0,0,0,0,0,0,0,0,0,0,0,0,0
479857.557526,0,0,0,0,0,0,0,0,0,0,0,0,0
479857.562563,0,0,0,0,0,0,0,0,0,0,0,0,0
479857.567527,0,0,0,0,0,0,0,0,0,0,0,0,0
479857.572516,0,0,0,0,0,0,0,0,0,0,0,0,0
479857.577480,0,0,0,0,0,0,0,0,0,0,0,0,0
479857.582474,0,0,0,0,0,0,0,0,0,0,0,0,0
479857.587453,0,0,0,0,0,0,0,0,0,0,0,0,0
479857.592378,0,0,0,0,0,0,0,0,0,0,0,0,0
479857.597437,0,0,0,0,0,0,0,0,0,0,0,0,0
479857.602421,0,0,0,0,0,0,0,0,0,0,0,0,0
479857.607429,0,0,0,0,0,0,0,0,0,0,0,0,0
479857.612394,0,0,0,0,0,0,0,0,0,0,0,0,0
479857.617450,0,0,0,0,0,0,0,0,0,0,0,0,0
479857.622390,0,0,0,0,0,0,0,0,0,0,0,0,0
479857.627422,0,0,0,0,0,0,0,0,0,0,0,0,0
479857.632486,0,0,0,0,0,0,0,0,0,0,0,0,0
479857.637576,0,0,0,0,0,0,0,0,0,0,0,0,0
479857.642436,0,0,0,0,0,0,0,0,0,0,0,0,0
479857.647480,0,0,0,0,0,0,0,0,0,0,0,0,0
479857.652579,0,0,0,0,0,0,0,0,0,0,0,0,0
479857.657581,0,0,0,0,0,0,0,0,0,0,0,0,0
479857.662558,0,0,0,0,0,0,0,0,0,0,0,0,0
479857.667504,0,0,0,0,0,0,0,0,0,0,0,0,0
479857.672550,0,0,0,0,0,0,0,0,0,0,0,0,0
479857.677456,0,0,0,0,0,0,0,0,0,0,0,0,0
479857.682509,0,0,0,0,0,0,0,0,0,0,0,0,0
479857.687500,0,0,0,0,0,0,0,0,0,0,0,0,0
479857.692481,0,0,0,0,0,0,0,0,0,0,0,0,0
479857.697505,0,0,0,0,0,0,0,0,0,0,0,0,0
479857.702553,0,0,0,0,0,0,0,0,0,0,0,0,0
479857.707546,0,0,0,0,0,0,0,0,0,0,0,0,0
479857.712530,0,0,0,0,0,0,0,0,0,0,0,0,0
479857.717499,0,0,0,0,0,0,0,0,0,0,0,0,0
479857.722544,0,0,0,0,0,0,0,0,0,0,0,0,0
479857.727527,0,0,0,0,0,0,0,0,0,0,0,0,0
479857.732473,0,0,0,0,0,0,0,0,0,0,0,0,0
479857.737435,0,0,0,0,0,0,0,0,0,0,0,0,0
479857.742341,0,0,0,0,0,0,0,0,0,0,0,0,0
479857.747464,0,0,0,0,0,0,0,0,0,0,0,0,0
479857.752541,0,0,0,0,0,0,0,0,0,0,0,0,0
479857.757442,0,0,0,0,0,0,0,0,0,0,0,0,0
479857.762595,0,0,0,0,0,0,0,0,0,0,0,0,0
479857.767539,0,0,0,0,0,0,0,0,0,0,0,0,0
479857.772569,0,0,0,0,0,0,0,0,0,0,0,0,0
479857.777504,0,0,0,0,0,0,0,0,0,0,0,0,0
479857.782518,0,0,0,0,0,0,0,0,0,0,0,0,0
479857.787491,0,0,0,0,0,0,0,0,0,0,0,0,0
479857.792564,0,0,0,0,0,0,0,0,0,0,0,0,0
479857.797625,0,0,0,0,0,0,0,0,0,0,0,0,0
479857.802568,0,0,0,0,0,0,0,0,0,0,0,0,0
479857.807544,0,0,0,0,0,0,0,0,0,0,0,0,0
479857.812537,0,0,0,0,0,0,0,0,0,0,0,0,0
479857.817521,0,0,0,0,0,0,0,0,0,0,0,0,0
479857.822464,0,0,0,0,0,0,0,0,0,0,0,0,0
479857.827505,0,0,0,0,0,0,0,0,0,0,0,0,0
479857.832435,0,0,0,0,0,0,0,0,0,0,0,0,0
479857.837544,0,0,0,0,0,0,0,0,0,0,0,0,0
479857.842425,0,0,0,0,0,0,0,0,0,0,0,0,0
479857.847487,0,0,0,0,0,0,0,0,0,0,0,0,0
479857.852552,0,0,0,0,0,0,0,0,0,0,0,0,0
479857.857505,0,0,0,0,0,0,0,0,0,0,0,0,0
479857.862558,0,0,0,0,0,0,0,0,0,0,0,0,0
479857.867462,0,0,0,0,0,0,0,0,0,0,0,0,0
479857.872514,0,0,0,0,0,0,0,0,0,0,0,0,0
479857.877467,0,0,0,0,0,0,0,0,0,0,0,0,0
479857.882494,0,0,0,0,0,0,0,0,0,0,0,0,0
479857.887479,0,0,0,0,0,0,0,0,0,0,0,0,0
479857.892478,0,0,0,0,0,0,0,0,0,0,0,0,0
479857.897454,0,0,0,0,0,0,0,0,0,0,0,0,0
479857.902548,0,0,0,0,0,0,0,0,0,0,0,0,0
479857.907537,0,0,0,0,0,0,0,0,0,0,0,0,0
479857.912428,0,0,0,0,0,0,0,0,0,0,0,0,0
479857.917480,0,0,0,0,0,0,0,0,0,0,0,0,0
479857.922541,0,0,0,0,0,0,0,0,0,0,0,0,0
479857.927528,0,0,0,0,0,0,0,0,0,0,0,0,0
479857.932506,0,0,0,0,0,0,0,0,0,0,0,0,0
479857.937482,0,0,0,0,0,0,0,0,0,0,0,0,0
479857.942465,0,0,0,0,0,0,0,0,0,0,0,0,0
479857.947459,0,0,0,0,0,0,0,0,0,0,0,0,0
479857.952561,0,0,0,0,0,0,0,0,0,0,0,0,0
479857.957555,0,0,0,0,0,0,0,0,0,0,0,0,0
479857.962526,0,0,0,0,0,0,0,0,0,0,0,0,0
479857.967544,0,0,0,0,0,0,0,0,0,0,0,0,0
479857.972485,0,0,0,0,0,0,0,0,0,0,0,0,0
479857.977495,0,0,0,0,0,0,0,0,0,0,0,0,0
479857.982431,0,0,0,0,0,0,0,0,0,0,0,0,0
479857.987413,0,0,0,0,0,0,0,0,0,0,0,0,0
479857.992403,0,0,0,0,0,0,0,0,0,0,0,0,0
479857.997447,0,0,0,0,0,0,0,0,0,0,0,0,0
479858.002435,0,0,0,0,0,0,0,0,0,0,0,0,0
479858.007381,0,0,0,0,0,0,0,0,0,0,0,0,0
479858.012307,0,0,0,0,0,0,0,0,0,0,0,0,0
479858.017353,0,0,0,0,0,0,0,0,0,0,0,0,0
479858.022355,0,0,0,0,0,0,0,0,0,0,0,0,0
479858.027367,0,0,0,0,0,0,0,0,0,0,0,0,0
479858.032369,0,0,0,0,0,0,0,0,0,0,0,0,0
479858.037525,0,0,0,0,0,0,0,0,0,0,0,0,0
479858.042442,0,0,0,0,0,0,0,0,0,0,0,0,0
479858.047414,0,0,0,0,0,0,0,0,0,0,0,0,0
479858.052563,0,0,0,0,0,0,0,0,0,0,0,0,0
479858.057527,0,0,0,0,0,0,0,0,0,0,0,0,0
479858.062513,0,0,0,0,0,0,0,0,0,0,0,0,0
479858.067533,0,0,0,0,0,0,0,0,0,0,0,0,0
479858.072563,0,0,0,0,0,0,0,0,0,0,0,0,0
479858.077440,0,0,0,0,0,0,0,0,0,0,0,0,0
479858.082503,0,0,0,0,0,0,0,0,0,0,0,0,0
479858.087474,0,0,0,0,0,0,0,0,0,0,0,0,0
479858.092560,0,0,0,0,0,0,0,0,0,0,0,0,0
479858.098571,0,0,0,0,0,0,0,0,0,0,0,0,0
479858.102565,0,0,0,0,0,0,0,0,0,0,0,0,0
479858.107531,0,0,0,0,0,0,0,0,0,0,0,0,0
479858.112521,0,0,0,0,0,0,0,0,0,0,0,0,0
479858.117542,0,0,0,0,0,0,0,0,0,0,0,0,0
479858.122562,0,0,0,0,0,0,0,0,0,0,0,0,0
479858.127510,0,0,0,0,0,0,0,0,0,0,0,0,0
479858.132493,0,0,0,0,0,0,0,0,0,0,0,0,0
479858.137499,0,0,0,0,0,0,0,0,0,0,0,0,0
479858.142394,0,0,0,0,0,0,0,0,0,0,0,0,0
479858.147338,0,0,0,0,0,0,0,0,0,0,0,0,0
479858.152580,0,0,0,0,0,0,0,0,0,0,0,0,0
479858.157551,0,0,0,0,0,0,0,0,0,0,0,0,0
479858.162591,0,0,0,0,0,0,0,0,0,0,0,0,0
479858.167541,0,0,0,0,0,0,0,0,0,0,0,0,0
479858.172583,0,0,0,0,0,0,0,0,0,0,0,0,0
479858.177500,0,0,0,0,0,0,0,0,0,0,0,0,0
479858.182522,0,0,0,0,0,0,0,0,0,0,0,0,0
479858.187473,0,0,0,0,0,0,0,0,0,0,0,0,0
479858.192473,0,0,0,0,0,0,0,0,0,0,0,0,0
479858.197484,0,0,0,0,0,0,0,0,0,0,0,0,0
479858.202513,0,0,0,0,0,0,0,0,0,0,0,0,0
479858.207553,0,0,0,0,0,0,0,0,0,0,0,0,0
479858.212521,0,0,0,0,0,0,0,0,0,0,0,0,0
479858.217545,0,0,0,0,0,0,0,0,0,0,0,0,0
479858.222606,0,0,0,0,0,0,0,0,0,0,0,0,0
479858.227551,0,0,0,0,0,0,0,0,0,0,0,0,0
479858.232402,0,0,0,0,0,0,0,0,0,0,0,0,0
479858.237431,0,0,0,0,0,0,0,0,0,0,0,0,0
479858.242418,0,0,0,0,0,0,0,0,0,0,0,0,0
479858.247392,0,0,0,0,0,0,0,0,0,0,0,0,0
479858.252423,0,0,0,0,0,0,0,0,0,0,0,0,0
479858.257504,0,0,0,0,0,0,0,0,0,0,0,0,0
479858.262407,0,0,0,0,0,0,0,0,0,0,0,0,0
479858.267385,0,0,0,0,0,0,0,0,0,0,0,0,0
479858.272430,0,0,0,0,0,0,0,0,0,0,0,0,0
479858.277378,0,0,0,0,0,0,0,0,0,0,0,0,0
479858.282643,0,0,0,0,0,0,0,0,0,0,0,0,0
479858.287394,0,0,0,0,0,0,0,0,0,0,0,0,0
479858.292468,0,0,0,0,0,0,0,0,0,0,0,0,0
479858.297435,0,0,0,0,0,0,0,0,0,0,0,0,0
479858.302410,0,0,0,0,0,0,0,0,0,0,0,0,0
479858.307346,0,0,0,0,0,0,0,0,0,0,0,0,0
479858.312325,0,0,0,0,0,0,0,0,0,0,0,0,0
479858.317334,0,0,0,0,0,0,0,0,0,0,0,0,0
479858.322433,0,0,0,0,0,0,0,0,0,0,0,0,0
479858.327419,0,0,0,0,0,0,0,0,0,0,0,0,0
479858.332373,0,0,0,0,0,0,0,0,0,0,0,0,0
479858.337529,0,0,0,0,0,0,0,0,0,0,0,0,0
479858.342378,0,0,0,0,0,0,0,0,0,0,0,0,0
479858.347371,0,0,0,0,0,0,0,0,0,0,0,0,0
479858.352444,0,0,0,0,0,0,0,0,0,0,0,0,0
479858.357475,0,0,0,0,0,0,0,0,0,0,0,0,0
479858.362416,0,0,0,0,0,0,0,0,0,0,0,0,0
479858.367421,0,0,0,0,0,0,0,0,0,0,0,0,0
479858.372419,0,0,0,0,0,0,0,0,0,0,0,0,0
479858.377382,0,0,0,0,0,0,0,0,0,0,0,0,0
479858.382376,0,0,0,0,0,0,0,0,0,0,0,0,0
479858.387375,0,0,0,0,0,0,0,0,0,0,0,0,0
479858.392409,0,0,0,0,0,0,0,0,0,0,0,0,0
479858.397488,0,0,0,0,0,0,0,0,0,0,0,0,0
479858.402420,0,0,0,0,0,0,0,0,0,0,0,0,0
479858.407376,0,0,0,0,0,0,0,0,0,0,0,0,0
479858.412364,0,0,0,0,0,0,0,0,0,0,0,0,0
479858.417373,0,0,0,0,0,0,0,0,0,0,0,0,0
479858.422425,0,0,0,0,0,0,0,0,0,0,0,0,0
479858.427450,0,0,0,0,0,0,0,0,0,0,0,0,0
479858.432395,0,0,0,0,0,0,0,0,0,0,0,0,0
479858.437428,0,0,0,0,0,0,0,0,0,0,0,0,0
479858.442388,0,0,0,0,0,0,0,0,0,0,0,0,0
479858.447354,0,0,0,0,0,0,0,0,0,0,0,0,0
479858.452471,0,0,0,0,0,0,0,0,0,0,0,0,0
479858.457480,0,0,0,0,0,0,0,0,0,0,0,0,0
479858.462372,0,0,0,0,0,0,0,0,0,0,0,0,0
479858.467383,0,0,0,0,0,0,0,0,0,0,0,0,0
479858.472395,0,0,0,0,0,0,0,0,0,0,0,0,0
479858.477327,0,0,0,0,0,0,0,0,0,0,0,0,0
479858.482332,0,0,0,0,0,0,0,0,0,0,0,0,0
479858.487352,0,0,0,0,0,0,0,0,0,0,0,0,0
479858.492388,0,0,0,0,0,0,0,0,0,0,0,0,0
479858.497492,0,0,0,0,0,0,0,0,0,0,0,0,0
479858.502500,0,0,0,0,0,0,0,0,0,0,0,0,0
479858.507446,0,0,0,0,0,0,0,0,0,0,0,0,0
479858.512378,0,0,0,0,0,0,0,0,0,0,0,0,0
479858.517438,0,0,0,0,0,0,0,0,0,0,0,0,0
479858.522462,0,0,0,0,0,0,0,0,0,0,0,0,0
479858.527449,0,0,0,0,0,0,0,0,0,0,0,0,0
479858.532392,0,0,0,0,0,0,0,0,0,0,0,0,0
479858.537425,0,0,0,0,0,0,0,0,0,0,0,0,0
479858.542391,0,0,0,0,0,0,0,0,0,0,0,0,0
479858.547389,0,0,0,0,0,0,0,0,0,0,0,0,0
479858.552482,0,0,0,0,0,0,0,0,0,0,0,0,0
479858.557481,0,0,0,0,0,0,0,0,0,0,0,0,0
479858.562374,0,0,0,0,0,0,0,0,0,0,0,0,0
479858.567394,0,0,0,0,0,0,0,0,0,0,0,0,0
479858.572431,0,0,0,0,0,0,0,0,0,0,0,0,0
479858.577529,0,0,0,0,0,0,0,0,0,0,0,0,0
479858.582546,0,0,0,0,0,0,0,0,0,0,0,0,0
479858.587485,0,0,0,0,0,0,0,0,0,0,0,0,0
479858.592556,0,0,0,0,0,0,0,0,0,0,0,0,0
479858.597609,0,0,0,0,0,0,0,0,0,0,0,0,0
479858.602587,0,0,0,0,0,0,0,0,0,0,0,0,0
479858.607556,0,0,0,0,0,0,0,0,0,0,0,0,0
479858.612452,0,0,0,0,0,0,0,0,0,0,0,0,0
479858.617546,0,0,0,0,0,0,0,0,0,0,0,0,0
479858.622550,0,0,0,0,0,0,0,0,0,0,0,0,0
479858.627524,0,0,0,0,0,0,0,0,0,0,0,0,0
479858.632418,0,0,0,0,0,0,0,0,0,0,0,0,0
479858.637482,0,0,0,0,0,0,0,0,0,0,0,0,0
479858.642374,0,0,0,0,0,0,0,0,0,0,0,0,0
479858.647695,0,0,0,0,0,0,0,0,0,0,0,0,0
479858.652500,0,0,0,0,0,0,0,0,0,0,0,0,0
479858.657469,0,0,0,0,0,0,0,0,0,0,0,0,0
479858.662787,0,0,0,0,0,0,0,0,0,0,0,0,0
479858.667427,0,0,0,0,0,0,0,0,0,0,0,0,0
479858.672557,0,0,0,0,0,0,0,0,0,0,0,0,0
479858.677497,0,0,0,0,0,0,0,0,0,0,0,0,0
479858.682514,0,0,0,0,0,0,0,0,0,0,0,0,0
479858.687500,0,0,0,0,0,0,0,0,0,0,0,0,0
479858.692495,0,0,0,0,0,0,0,0,0,0,0,0,0
479858.697459,0,0,0,0,0,0,0,0,0,0,0,0,0
479858.702472,0,0,0,0,0,0,0,0,0,0,0,0,0
479858.707454,0,0,0,0,0,0,0,0,0,0,0,0,0
479858.712423,0,0,0,0,0,0,0,0,0,0,0,0,0
479858.717408,0,0,0,0,0,0,0,0,0,0,0,0,0
479858.722406,0,0,0,0,0,0,0,0,0,0,0,0,0
479858.727478,0,0,0,0,0,0,0,0,0,0,0,0,0
479858.732491,0,0,0,0,0,0,0,0,0,0,0,0,0
479858.737589,0,0,0,0,0,0,0,0,0,0,0,0,0
479858.742451,0,0,0,0,0,0,0,0,0,0,0,0,0
479858.747446,0,0,0,0,0,0,0,0,0,0,0,0,0
479858.752557,0,0,0,0,0,0,0,0,0,0,0,0,0
479858.757565,0,0,0,0,0,0,0,0,0,0,0,0,0
479858.762488,0,0,0,0,0,0,0,0,0,0,0,0,0
479858.767528,0,0,0,0,0,0,0,0,0,0,0,0,0
479858.772482,0,0,0,0,0,0,0,0,0,0,0,0,0
479858.777480,0,0,0,0,0,0,0,0,0,0,0,0,0
479858.782477,0,0,0,0,0,0,0,0,0,0,0,0,0
479858.787476,0,0,0,0,0,0,0,0,0,0,0,0,0
479858.792515,0,0,0,0,0,0,0,0,0,0,0,0,0
479858.797589,0,0,0,0,0,0,0,0,0,0,0,0,0
479858.802591,0,0,0,0,0,0,0,0,0,0,0,0,0
479858.807550,0,0,0,0,0,0,0,0,0,0,0,0,0
479858.812474,0,0,0,0,0,0,0,0,0,0,0,0,0
479858.817537,0,0,0,0,0,0,0,0,0,0,0,0,0
479858.822508,0,0,0,0,0,0,0,0,0,0,0,0,0
479858.827531,0,0,0,0,0,0,0,0,0,0,0,0,0
479858.832424,0,0,0,0,0,0,0,0,0,0,0,0,0
479858.837501,0,0,0,0,0,0,0,0,0,0,0,0,0
479858.842478,0,0,0,0,0,0,0,0,0,0,0,0,0
479858.847533,0,0,0,0,0,0,0,0,0,0,0,0,0
479858.852554,0,0,0,0,0,0,0,0,0,0,0,0,0
479858.857563,0,0,0,0,0,0,0,0,0,0,0,0,0
479858.862550,0,0,0,0,0,0,0,0,0,0,0,0,0
479858.867527,0,0,0,0,0,0,0,0,0,0,0,0,0
479858.872471,0,0,0,0,0,0,0,0,0,0,0,0,0
479858.877508,0,0,0,0,0,0,0,0,0,0,0,0,0
479858.882548,0,0,0,0,0,0,0,0,0,0,0,0,0
479858.887482,0,0,0,0,0,0,0,0,0,0,0,0,0
479858.892553,0,0,0,0,0,0,0,0,0,0,0,0,0
479858.897544,0,0,0,0,0,0,0,0,0,0,0,0,0
479858.902457,0,0,0,0,0,0,0,0,0,0,0,0,0
479858.907559,0,0,0,0,0,0,0,0,0,0,0,0,0
479858.912518,0,0,0,0,0,0,0,0,0,0,0,0,0
479858.917488,0,0,0,0,0,0,0,0,0,0,0,0,0
479858.922470,0,0,0,0,0,0,0,0,0,0,0,0,0
479858.927569,0,0,0,0,0,0,0,0,0,0,0,0,0
479858.932437,0,0,0,0,0,0,0,0,0,0,0,0,0
479858.937572,0,0,0,0,0,0,0,0,0,0,0,0,0
479858.942436,0,0,0,0,0,0,0,0,0,0,0,0,0
479858.947464,0,0,0,0,0,0,0,0,0,0,0,0,0
479858.952516,0,0,0,0,0,0,0,0,0,0,0,0,0
479858.957459,0,0,0,0,0,0,0,0,0,0,0,0,0
479858.962413,0,0,0,0,0,0,0,0,0,0,0,0,0
479858.967482,0,0,0,0,0,0,0,0,0,0,0,0,0
479858.972543,0,0,0,0,0,0,0,0,0,0,0,0,0
479858.977483,0,0,0,0,0,0,0,0,0,0,0,0,0
479858.982536,0,0,0,0,0,0,0,0,0,0,0,0,0
479858.987471,0,0,0,0,0,0,0,0,0,0,0,0,0
479858.992552,0,0,0,0,0,0,0,0,0,0,0,0,0
479858.997640,0,0,0,0,0,0,0,0,0,0,0,0,0
479859.002591,0,0,0,0,0,0,0,0,0,0,0,0,0
479859.007568,0,0,0,0,0,0,0,0,0,0,0,0,0
479859.012539,0,0,0,0,0,0,0,0,0,0,0,0,0
479859.017569,0,0,0,0,0,0,0,0,0,0,0,0,0
479859.022537,0,0,0,0,0,0,0,0,0,0,0,0,0
479859.027469,0,0,0,0,0,0,0,0,0,0,0,0,0
479859.032499,0,0,0,0,0,0,0,0,0,0,0,0,0
479859.037590,0,0,0,0,0,0,0,0,0,0,0,0,0
479859.042441,0,0,0,0,0,0,0,0,0,0,0,0,0
479859.047531,0,0,0,0,0,0,0,0,0,0,0,0,0
479859.052534,0,0,0,0,0,0,0,0,0,0,0,0,0
479859.057568,0,0,0,0,0,0,0,0,0,0,0,0,0
479859.062568,0,0,0,0,0,0,0,0,0,0,0,0,0
479859.067546,0,0,0,0,0,0,0,0,0,0,0,0,0
479859.072573,0,0,0,0,0,0,0,0,0,0,0,0,0
479859.077498,0,0,0,0,0,0,0,0,0,0,0,0,0
479859.082548,0,0,0,0,0,0,0,0,0,0,0,0,0
479859.087502,0,0,0,0,0,0,0,0,0,0,0,0,0
479859.092527,0,0,0,0,0,0,0,0,0,0,0,0,0
479859.097663,0,0,0,0,0,0,0,0,0,0,0,0,0
479859.102532,0,0,0,0,0,0,0,0,0,0,0,0,0
479859.107587,0,0,0,0,0,0,0,0,0,0,0,0,0
479859.112491,0,0,0,0,0,0,0,0,0,0,0,0,0
479859.117518,0,0,0,0,0,0,0,0,0,0,0,0,0
479859.122476,0,0,0,0,0,0,0,0,0,0,0,0,0
479859.127436,0,0,0,0,0,0,0,0,0,0,0,0,0
479859.132331,0,0,0,0,0,0,0,0,0,0,0,0,0
479859.137400,0,0,0,0,0,0,0,0,0,0,0,0,0
479859.142361,0,0,0,0,0,0,0,0,0,0,0,0,0
479859.147399,0,0,0,0,0,0,0,0,0,0,0,0,0
479859.152401,0,0,0,0,0,0,0,0,0,0,0,0,0
479859.157424,0,0,0,0,0,0,0,0,0,0,0,0,0
479859.162369,0,0,0,0,0,0,0,0,0,0,0,0,0
479859.167434,0,0,0,0,0,0,0,0,0,0,0,0,0
479859.172579,0,0,0,0,0,0,0,0,0,0,0,0,0
479859.177478,0,0,0,0,0,0,0,0,0,0,0,0,0
479859.182478,0,0,0,0,0,0,0,0,0,0,0,0,0
479859.187475,0,0,0,0,0,0,0,0,0,0,0,0,0
479859.192542,0,0,0,0,0,0,0,0,0,0,0,0,0
479859.197609,0,0,0,0,0,0,0,0,0,0,0,0,0
479859.202645,0,0,0,0,0,0,0,0,0,0,0,0,0
479859.207595,0,0,0,0,0,0,0,0,0,0,0,0,0
479859.212533,0,0,0,0,0,0,0,0,0,0,0,0,0
479859.217588,0,0,0,0,0,0,0,0,0,0,0,0,0
479859.222594,0,0,0,0,0,0,0,0,0,0,0,0,0
479859.227551,0,0,0,0,0,0,0,0,0,0,0,0,0
479859.232515,0,0,0,0,0,0,0,0,0,0,0,0,0
479859.237567,0,0,0,0,0,0,0,0,0,0,0,0,0
479859.242489,0,0,0,0,0,0,0,0,0,0,0,0,0
479859.247537,0,0,0,0,0,0,0,0,0,0,0,0,0
479859.252504,0,0,0,0,0,0,0,0,0,0,0,0,0
479859.257552,0,0,0,0,0,0,0,0,0,0,0,0,0
479859.262568,0,0,0,0,0,0,0,0,0,0,0,0,0
479859.267545,0,0,0,0,0,0,0,0,0,0,0,0,0
479859.272591,0,0,0,0,0,0,0,0,0,0,0,0,0
479859.277468,0,0,0,0,0,0,0,0,0,0,0,0,0
479859.282477,0,0,0,0,0,0,0,0,0,0,0,0,0
479859.287505,0,0,0,0,0,0,0,0,0,0,0,0,0
479859.292558,0,0,0,0,0,0,0,0,0,0,0,0,0
479859.297664,0,0,0,0,0,0,0,0,0,0,0,0,0
479859.302527,0,0,0,0,0,0,0,0,0,0,0,0,0
479859.307508,0,0,0,0,0,0,0,0,0,0,0,0,0
479859.312408,0,0,0,0,0,0,0,0,0,0,0,0,0
479859.317530,0,0,0,0,0,0,0,0,0,0,0,0,0
479859.322555,0,0,0,0,0,0,0,0,0,0,0,0,0
479859.327552,0,0,0,0,0,0,0,0,0,0,0,0,0
479859.332487,0,0,0,0,0,0,0,0,0,0,0,0,0
479859.337553,0,0,0,0,0,0,0,0,0,0,0,0,0
479859.342485,0,0,0,0,0,0,0,0,0,0,0,0,0
479859.347459,0,0,0,0,0,0,0,0,0,0,0,0,0
479859.352552,0,0,0,0,0,0,0,0,0,0,0,0,0
479859.357550,0,0,0,0,0,0,0,0,0,0,0,0,0
479859.362526,0,0,0,0,0,0,0,0,0,0,0,0,0
479859.367580,0,0,0,0,0,0,0,0,0,0,0,0,0
479859.372593,0,0,0,0,0,0,0,0,0,0,0,0,0
479859.377454,0,0,0,0,0,0,0,0,0,0,0,0,0
479859.382440,0,0,0,0,0,0,0,0,0,0,0,0,0
479859.387519,0,0,0,0,0,0,0,0,0,0,0,0,0
479859.392565,0,0,0,0,0,0,0,0,0,0,0,0,0
479859.397566,0,0,0,0,0,0,0,0,0,0,0,0,0
479859.402619,0,0,0,0,0,0,0,0,0,0,0,0,0
479859.407598,0,0,0,0,0,0,0,0,0,0,0,0,0
479859.412529,0,0,0,0,0,0,0,0,0,0,0,0,0
479859.417562,0,0,0,0,0,0,0,0,0,0,0,0,0
479859.422609,0,0,0,0,0,0,0,0,0,0,0,0,0
479859.427698,0,0,0,0,0,0,0,0,0,0,0,0,0
479859.432512,0,0,0,0,0,0,0,0,0,0,0,0,0
479859.437602,0,0,0,0,0,0,0,0,0,0,0,0,0
479859.442500,0,0,0,0,0,0,0,0,0,0,0,0,0
479859.447473,0,0,0,0,0,0,0,0,0,0,0,0,0
479859.452549,0,0,0,0,0,0,0,0,0,0,0,0,0
479859.457535,0,0,0,0,0,0,0,0,0,0,0,0,0
479859.462554,0,0,0,0,0,0,0,0,0,0,0,0,0
479859.467533,0,0,0,0,0,0,0,0,0,0,0,0,0
479859.472573,0,0,0,0,0,0,0,0,0,0,0,0,0
479859.477497,0,0,0,0,0,0,0,0,0,0,0,0,0
479859.482516,0,0,0,0,0,0,0,0,0,0,0,0,0
479859.487504,0,0,0,0,0,0,0,0,0,0,0,0,0
479859.492555,0,0,0,0,0,0,0,0,0,0,0,0,0
479859.497556,0,0,0,0,0,0,0,0,0,0,0,0,0
479859.502534,0,0,0,0,0,0,0,0,0,0,0,0,0
479859.507570,0,0,0,0,0,0,0,0,0,0,0,0,0
479859.512462,0,0,0,0,0,0,0,0,0,0,0,0,0
479859.517485,0,0,0,0,0,0,0,0,0,0,0,0,0
479859.522569,0,0,0,0,0,0,0,0,0,0,0,0,0
479859.527590,0,0,0,0,0,0,0,0,0,0,0,0,0
479859.532460,0,0,0,0,0,0,0,0,0,0,0,0,0
479859.537598,0,0,0,0,0,0,0,0,0,0,0,0,0
479859.542499,0,0,0,0,0,0,0,0,0,0,0,0,0
479859.547540,0,0,0,0,0,0,0,0,0,0,0,0,0
479859.552565,0,0,0,0,0,0,0,0,0,0,0,0,0
479859.557573,0,0,0,0,0,0,0,0,0,0,0,0,0
479859.562561,0,0,0,0,0,0,0,0,0,0,0,0,0
479859.567576,0,0,0,0,0,0,0,0,0,0,0,0,0
479859.572603,0,0,0,0,0,0,0,0,0,0,0,0,0
479859.577540,0,0,0,0,0,0,0,0,0,0,0,0,0
479859.582517,0,0,0,0,0,0,0,0,0,0,0,0,0
479859.587532,0,0,0,0,0,0,0,0,0,0,0,0,0
479859.592636,0,0,0,0,0,0,0,0,0,0,0,0,0
479859.597566,0,0,0,0,0,0,0,0,0,0,0,0,0
479859.602559,0,0,0,0,0,0,0,0,0,0,0,0,0
479859.607516,0,0,0,0,0,0,0,0,0,0,0,0,0
479859.612461,0,0,0,0,0,0,0,0,0,0,0,0,0
479859.617423,0,0,0,0,0,0,0,0,0,0,0,0,0
479859.622437,0,0,0,0,0,0,0,0,0,0,0,0,0
479859.627480,0,0,0,0,0,0,0,0,0,0,0,0,0
479859.632408,0,0,0,0,0,0,0,0,0,0,0,0,0
479859.637491,0,0,0,0,0,0,0,0,0,0,0,0,0
479859.642513,0,0,0,0,0,0,0,0,0,0,0,0,0
479859.647551,0,0,0,0,0,0,0,0,0,0,0,0,0
479859.652565,0,0,0,0,0,0,0,0,0,0,0,0,0
479859.657610,0,0,0,0,0,0,0,0,0,0,0,0,0
479859.662537,0,0,0,0,0,0,0,0,0,0,0,0,0
479859.667506,0,0,0,0,0,0,0,0,0,0,0,0,0
479859.672653,0,0,0,0,0,0,0,0,0,0,0,0,0
479859.677523,0,0,0,0,0,0,0,0,0,0,0,0,0
479859.682528,0,0,0,0,0,0,0,0,0,0,0,0,0
479859.687522,0,0,0,0,0,0,0,0,0,0,0,0,0
479859.692602,0,0,0,0,0,0,0,0,0,0,0,0,0
479859.697694,0,0,0,0,0,0,0,0,0,0,0,0,0
479859.702608,0,0,0,0,0,0,0,0,0,0,0,0,0
479859.707586,0,0,0,0,0,0,0,0,0,0,0,0,0
479859.712557,0,0,0,0,0,0,0,0,0,0,0,0,0
479859.717580,0,0,0,0,0,0,0,0,0,0,0,0,0
479859.722572,0,0,0,0,0,0,0,0,0,0,0,0,0
479859.727558,0,0,0,0,0,0,0,0,0,0,0,0,0
479859.732502,0,0,0,0,0,0,0,0,0,0,0,0,0
479859.737534,0,0,0,0,0,0,0,0,0,0,0,0,0
479859.742509,0,0,0,0,0,0,0,0,0,0,0,0,0
479859.747572,0,0,0,0,0,0,0,0,0,0,0,0,0
479859.752551,0,0,0,0,0,0,0,0,0,0,0,0,0
479859.757598,0,0,0,0,0,0,0,0,0,0,0,0,0
479859.762552,0,0,0,0,0,0,0,0,0,0,0,0,0
479859.767548,0,0,0,0,0,0,0,0,0,0,0,0,0
479859.772653,0,0,0,0,0,0,0,0,0,0,0,0,0
479859.777483,0,0,0,0,0,0,0,0,0,0,0,0,0
479859.782522,0,0,0,0,0,0,0,0,0,0,0,0,0
479859.787518,0,0,0,0,0,0,0,0,0,0,0,0,0
479859.792613,0,0,0,0,0,0,0,0,0,0,0,0,0
479859.797700,0,0,0,0,0,0,0,0,0,0,0,0,0
479859.802639,0,0,0,0,0,0,0,0,0,0,0,0,0
479859.807619,0,0,0,0,0,0,0,0,0,0,0,0,0
479859.812524,0,0,0,0,0,0,0,0,0,0,0,0,0
479859.817595,0,0,0,0,0,0,0,0,0,0,0,0,0
479859.822561,0,0,0,0,0,0,0,0,0,0,0,0,0
479859.827599,0,0,0,0,0,0,0,0,0,0,0,0,0
479859.832446,0,0,0,0,0,0,0,0,0,0,0,0,0
479859.837548,0,0,0,0,0,0,0,0,0,0,0,0,0
479859.842425,0,0,0,0,0,0,0,0,0,0,0,0,0
479859.847565,0,0,0,0,0,0,0,0,0,0,0,0,0
479859.852532,0,0,0,0,0,0,0,0,0,0,0,0,0
479859.857571,0,0,0,0,0,0,0,0,0,0,0,0,0
479859.862519,0,0,0,0,0,0,0,0,0,0,0,0,0
479859.867525,0,0,0,0,0,0,0,0,0,0,0,0,0
479859.872494,0,0,0,0,0,0,0,0,0,0,0,0,0
479859.877473,0,0,0,0,0,0,0,0,0,0,0,0,0
479859.882505,0,0,0,0,0,0,0,0,0,0,0,0,0
479859.887487,0,0,0,0,0,0,0,0,0,0,0,0,0
479859.892559,0,0,0,0,0,0,0,0,0,0,0,0,0
479859.897681,0,0,0,0,0,0,0,0,0,0,0,0,0
479859.902604,0,0,0,0,0,0,0,0,0,0,0,0,0
479859.907597,0,0,0,0,0,0,0,0,0,0,0,0,0
479859.912511,0,0,0,0,0,0,0,0,0,0,0,0,0
479859.917451,0,0,0,0,0,0,0,0,0,0,0,0,0
479859.922567,0,0,0,0,0,0,0,0,0,0,0,0,0
479859.927549,0,0,0,0,0,0,0,0,0,0,0,0,0
479859.932492,0,0,0,0,0,0,0,0,0,0,0,0,0
479859.937582,0,0,0,0,0,0,0,0,0,0,0,0,0
479859.942501,0,0,0,0,0,0,0,0,0,0,0,0,0
479859.947575,0,0,0,0,0,0,0,0,0,0,0,0,0
479859.952586,0,0,0,0,0,0,0,0,0,0,0,0,0
479859.957586,0,0,0,0,0,0,0,0,0,0,0,0,0
479859.962573,0,0,0,0,0,0,0,0,0,0,0,0,0
479859.967540,0,0,0,0,0,0,0,0,0,0,0,0,0
479859.972607,0,0,0,0,0,0,0,0,0,0,0,0,0
479859.977535,0,0,0,0,0,0,0,0,0,0,0,0,0
479859.982476,0,0,0,0,0,0,0,0,0,0,0,0,0
479859.987521,0,0,0,0,0,0,0,0,0,0,0,0,0
479859.992600,0,0,0,0,0,0,0,0,0,0,0,0,0
479859.997717,0,0,0,0,0,0,0,0,0,0,0,0,0
479860.002523,0,0,0,0,0,0,0,0,0,0,0,0,0
479860.007504,0,0,0,0,0,0,0,0,0,0,0,0,0
479860.012347,0,0,0,0,0,0,0,0,0,0,0,0,0
479860.017362,0,0,0,0,0,0,0,0,0,0,0,0,0
479860.022405,0,0,0,0,0,0,0,0,0,0,0,0,0
479860.027461,0,0,0,0,0,0,0,0,0,0,0,0,0
479860.032383,0,0,0,0,0,0,0,0,0,0,0,0,0
479860.037463,0,0,0,0,0,0,0,0,0,0,0,0,0
479860.042375,0,0,0,0,0,0,0,0,0,0,0,0,0
479860.047448,0,0,0,0,0,0,0,0,0,0,0,0,0
479860.052501,0,0,0,0,0,0,0,0,0,0,0,0,0
479860.057586,0,0,0,0,0,0,0,0,0,0,0,0,0
479860.062594,0,0,0,0,0,0,0,0,0,0,0,0,0
479860.067544,0,0,0,0,0,0,0,0,0,0,0,0,0
479860.072615,0,0,0,0,0,0,0,0,0,0,0,0,0
479860.077548,0,0,0,0,0,0,0,0,0,0,0,0,0
479860.082525,0,0,0,0,0,0,0,0,0,0,0,0,0
479860.087550,0,0,0,0,0,0,0,0,0,0,0,0,0
479860.092587,0,0,0,0,0,0,0,0,0,0,0,0,0
479860.097742,0,0,0,0,0,0,0,0,0,0,0,0,0
479860.102609,0,0,0,0,0,0,0,0,0,0,0,0,0
479860.107585,0,0,0,0,0,0,0,0,0,0,0,0,0
479860.112537,0,0,0,0,0,0,0,0,0,0,0,0,0
479860.117542,0,0,0,0,0,0,0,0,0,0,0,0,0
479860.122588,0,0,0,0,0,0,0,0,0,0,0,0,0
479860.127574,0,0,0,0,0,0,0,0,0,0,0,0,0
479860.132468,0,0,0,0,0,0,0,0,0,0,0,0,0
479860.137611,0,0,0,0,0,0,0,0,0,0,0,0,0
479860.142498,0,0,0,0,0,0,0,0,0,0,0,0,0
479860.147572,0,0,0,0,0,0,0,0,0,0,0,0,0
479860.152551,0,0,0,0,0,0,0,0,0,0,0,0,0
479860.157526,0,0,0,0,0,0,0,0,0,0,0,0,0
479860.162476,0,0,0,0,0,0,0,0,0,0,0,0,0
479860.167575,0,0,0,0,0,0,0,0,0,0,0,0,0
479860.172587,0,0,0,0,0,0,0,0,0,0,0,0,0
479860.177489,0,0,0,0,0,0,0,0,0,0,0,0,0
479860.182519,0,0,0,0,0,0,0,0,0,0,0,0,0
479860.187503,0,0,0,0,0,0,0,0,0,0,0,0,0
479860.192512,0,0,0,0,0,0,0,0,0,0,0,0,0
479860.197665,0,0,0,0,0,0,0,0,0,0,0,0,0
479860.202528,0,0,0,0,0,0,0,0,0,0,0,0,0
479860.207606,0,0,0,0,0,0,0,0,0,0,0,0,0
479860.212470,0,0,0,0,0,0,0,0,0,0,0,0,0
479860.217500,0,0,0,0,0,0,0,0,0,0,0,0,0
479860.222563,0,0,0,0,0,0,0,0,0,0,0,0,0
479860.227545,0,0,0,0,0,0,0,0,0,0,0,0,0
479860.232476,0,0,0,0,0,0,0,0,0,0,0,0,0
479860.237556,0,0,0,0,0,0,0,0,0,0,0,0,0
479860.242439,0,0,0,0,0,0,0,0,0,0,0,0,0
479860.247502,0,0,0,0,0,0,0,0,0,0,0,0,0
479860.252453,0,0,0,0,0,0,0,0,0,0,0,0,0
479860.257583,0,0,0,0,0,0,0,0,0,0,0,0,0
479860.262515,0,0,0,0,0,0,0,0,0,0,0,0,0
479860.267438,0,0,0,0,0,0,0,0,0,0,0,0,0
479860.272442,0,0,0,0,0,0,0,0,0,0,0,0,0
479860.277493,0,0,0,0,0,0,0,0,0,0,0,0,0
479860.282529,0,0,0,0,0,0,0,0,0,0,0,0,0
479860.287541,0,0,0,0,0,0,0,0,0,0,0,0,0
479860.292553,0,0,0,0,0,0,0,0,0,0,0,0,0
479860.297579,0,0,0,0,0,0,0,0,0,0,0,0,0
479860.303431,0,0,0,0,0,0,0,0,0,0,0,0,0
479860.307509,0,0,0,0,0,0,0,0,0,0,0,0,0
479860.312454,0,0,0,0,0,0,0,0,0,0,0,0,0
479860.317379,0,0,0,0,0,0,0,0,0,0,0,0,0
479860.322512,0,0,0,0,0,0,0,0,0,0,0,0,0
479860.327523,0,0,0,0,0,0,0,0,0,0,0,0,0
479860.332527,0,0,0,0,0,0,0,0,0,0,0,0,0
479860.337582,0,0,0,0,0,0,0,0,0,0,0,0,0
479860.342520,0,0,0,0,0,0,0,0,0,0,0,0,0
479860.347494,0,0,0,0,0,0,0,0,0,0,0,0,0
479860.352554,0,0,0,0,0,0,0,0,0,0,0,0,0
479860.357602,0,0,0,0,0,0,0,0,0,0,0,0,0
479860.362593,0,0,0,0,0,0,0,0,0,0,0,0,0
479860.367620,0,0,0,0,0,0,0,0,0,0,0,0,0
479860.372455,0,0,0,0,0,0,0,0,0,0,0,0,0
479860.377526,0,0,0,0,0,0,0,0,0,0,0,0,0
479860.382546,0,0,0,0,0,0,0,0,0,0,0,0,0
479860.387523,0,0,0,0,0,0,0,0,0,0,0,0,0
479860.392539,0,0,0,0,0,0,0,0,0,0,0,0,0
479860.397708,0,0,0,0,0,0,0,0,0,0,0,0,0
479860.402588,0,0,0,0,0,0,0,0,0,0,0,0,0
479860.407615,0,0,0,0,0,0,0,0,0,0,0,0,0
479860.412573,0,0,0,0,0,0,0,0,0,0,0,0,0
479860.417580,0,0,0,0,0,0,0,0,0,0,0,0,0
479860.422559,0,0,0,0,0,0,0,0,0,0,0,0,0
479860.427564,0,0,0,0,0,0,0,0,0,0,0,0,0
479860.432520,0,0,0,0,0,0,0,0,0,0,0,0,0
479860.437588,0,0,0,0,0,0,0,0,0,0,0,0,0
479860.442436,0,0,0,0,0,0,0,0,0,0,0,0,0
479860.447511,0,0,0,0,0,0,0,0,0,0,0,0,0
479860.452546,0,0,0,0,0,0,0,0,0,0,0,0,0
479860.457614,0,0,0,0,0,0,0,0,0,0,0,0,0
479860.462589,0,0,0,0,0,0,0,0,0,0,0,0,0
479860.467588,0,0,0,0,0,0,0,0,0,0,0,0,0
479860.472569,0,0,0,0,0,0,0,0,0,0,0,0,0
479860.477551,0,0,0,0,0,0,0,0,0,0,0,0,0
479860.482557,0,0,0,0,0,0,0,0,0,0,0,0,0
479860.487553,0,0,0,0,0,0,0,0,0,0,0,0,0
479860.492544,0,0,0,0,0,0,0,0,0,0,0,0,0
479860.497646,0,0,0,0,0,0,0,0,0,0,0,0,0
479860.502611,0,0,0,0,0,0,0,0,0,0,0,0,0
479860.507531,0,0,0,0,0,0,0,0,0,0,0,0,0
479860.512422,0,0,0,0,0,0,0,0,0,0,0,0,0
479860.517420,0,0,0,0,0,0,0,0,0,0,0,0,0
479860.522417,0,0,0,0,0,0,0,0,0,0,0,0,0
479860.527450,0,0,0,0,0,0,0,0,0,0,0,0,0
479860.532381,0,0,0,0,0,0,0,0,0,0,0,0,0
479860.537553,0,0,0,0,0,0,0,0,0,0,0,0,0
479860.542582,0,0,0,0,0,0,0,0,0,0,0,0,0
479860.547580,0,0,0,0,0,0,0,0,0,0,0,0,0
479860.552533,0,0,0,0,0,0,0,0,0,0,0,0,0
479860.557522,0,0,0,0,0,0,0,0,0,0,0,0,0
479860.562544,0,0,0,0,0,0,0,0,0,0,0,0,0
479860.567591,0,0,0,0,0,0,0,0,0,0,0,0,0
479860.573009,0,0,0,0,0,0,0,0,0,0,0,0,0
479860.577503,0,0,0,0,0,0,0,0,0,0,0,0,0
479860.582580,0,0,0,0,0,0,0,0,0,0,0,0,0
479860.587549,0,0,0,0,0,0,0,0,0,0,0,0,0
479860.592599,0,0,0,0,0,0,0,0,0,0,0,0,0
479860.597557,0,0,0,0,0,0,0,0,0,0,0,0,0
479860.602622,0,0,0,0,0,0,0,0,0,0,0,0,0
479860.607641,0,0,0,0,0,0,0,0,0,0,0,0,0
479860.612582,0,0,0,0,0,0,0,0,0,0,0,0,0
479860.617607,0,0,0,0,0,0,0,0,0,0,0,0,0
479860.622598,0,0,0,0,0,0,0,0,0,0,0,0,0
479860.627571,0,0,0,0,0,0,0,0,0,0,0,0,0
479860.632529,0,0,0,0,0,0,0,0,0,0,0,0,0
479860.637615,0,0,0,0,0,0,0,0,0,0,0,0,0
479860.642534,0,0,0,0,0,0,0,0,0,0,0,0,0
479860.647576,0,0,0,0,0,0,0,0,0,0,0,0,0
479860.652569,0,0,0,0,0,0,0,0,0,0,0,0,0
479860.657622,0,0,0,0,0,0,0,0,0,0,0,0,0
479860.662592,0,0,0,0,0,0,0,0,0,0,0,0,0
479860.667588,0,0,0,0,0,0,0,0,0,0,0,0,0
479860.672608,0,0,0,0,0,0,0,0,0,0,0,0,0
479860.677547,0,0,0,0,0,0,0,0,0,0,0,0,0
479860.682556,0,0,0,0,0,0,0,0,0,0,0,0,0
479860.687546,0,0,0,0,0,0,0,0,0,0,0,0,0
479860.692532,0,0,0,0,0,0,0,0,0,0,0,0,0
479860.697648,0,0,0,0,0,0,0,0,0,0,0,0,0
479860.702592,0,0,0,0,0,0,0,0,0,0,0,0,0
479860.707586,0,0,0,0,0,0,0,0,0,0,0,0,0
479860.712447,0,0,0,0,0,0,0,0,0,0,0,0,0
479860.717470,0,0,0,0,0,0,0,0,0,0,0,0,0
479860.722499,0,0,0,0,0,0,0,0,0,0,0,0,0
479860.727450,0,0,0,0,0,0,0,0,0,0,0,0,0
479860.732406,0,0,0,0,0,0,0,0,0,0,0,0,0
479860.737606,0,0,0,0,0,0,0,0,0,0,0,0,0
479860.742525,0,0,0,0,0,0,0,0,0,0,0,0,0
479860.747512,0,0,0,0,0,0,0,0,0,0,0,0,0
479860.752445,0,0,0,0,0,0,0,0,0,0,0,0,0
479860.757453,0,0,0,0,0,0,0,0,0,0,0,0,0
479860.762530,0,0,0,0,0,0,0,0,0,0,0,0,0
479860.767551,0,0,0,0,0,0,0,0,0,0,0,0,0
479860.772639,0,0,0,0,0,0,0,0,0,0,0,0,0
479860.777525,0,0,0,0,0,0,0,0,0,0,0,0,0
479860.782558,0,0,0,0,0,0,0,0,0,0,0,0,0
479860.787468,0,0,0,0,0,0,0,0,0,0,0,0,0
479860.792498,0,0,0,0,0,0,0,0,0,0,0,0,0
479860.797464,0,0,0,0,0,0,0,0,0,0,0,0,0
479860.802452,0,0,0,0,0,0,0,0,0,0,0,0,0
479860.807456,0,0,0,0,0,0,0,0,0,0,0,0,0
479860.812516,0,0,0,0,0,0,0,0,0,0,0,0,0
479860.817438,0,0,0,0,0,0,0,0,0,0,0,0,0
479860.822515,0,0,0,0,0,0,0,0,0,0,0,0,0
479860.827534,0,0,0,0,0,0,0,0,0,0,0,0,0
479860.832438,0,0,0,0,0,0,0,0,0,0,0,0,0
479860.837439,0,0,0,0,0,0,0,0,0,0,0,0,0
479860.842381,0,0,0,0,0,0,0,0,0,0,0,0,0
479860.847384,0,0,0,0,0,0,0,0,0,0,0,0,0
479860.852373,0,0,0,0,0,0,0,0,0,0,0,0,0
479860.857475,0,0,0,0,0,0,0,0,0,0,0,0,0
479860.862444,0,0,0,0,0,0,0,0,0,0,0,0,0
479860.867558,0,0,0,0,0,0,0,0,0,0,0,0,0
479860.872602,0,0,0,0,0,0,0,0,0,0,0,0,0
479860.877509,0,0,0,0,0,0,0,0,0,0,0,0,0
479860.882542,0,0,0,0,0,0,0,0,0,0,0,0,0
479860.887559,0,0,0,0,0,0,0,0,0,0,0,0,0
479860.892613,0,0,0,0,0,0,0,0,0,0,0,0,0
479860.897570,0,0,0,0,0,0,0,0,0,0,0,0,0
479860.902528,0,0,0,0,0,0,0,0,0,0,0,0,0
479860.907552,0,0,0,0,0,0,0,0,0,0,0,0,0
479860.912508,0,0,0,0,0,0,0,0,0,0,0,0,0
479860.917678,0,0,0,0,0,0,0,0,0,0,0,0,0
479860.922547,0,0,0,0,0,0,0,0,0,0,0,0,0
479860.927505,0,0,0,0,0,0,0,0,0,0,0,0,0
479860.932534,0,0,0,0,0,0,0,0,0,0,0,0,0
479860.937606,0,0,0,0,0,0,0,0,0,0,0,0,0
479860.942525,0,0,0,0,0,0,0,0,0,0,0,0,0
479860.947588,0,0,0,0,0,0,0,0,0,0,0,0,0
479860.952577,0,0,0,0,0,0,0,0,0,0,0,0,0
479860.957575,0,0,0,0,0,0,0,0,0,0,0,0,0
479860.962599,0,0,0,0,0,0,0,0,0,0,0,0,0
479860.967578,0,0,0,0,0,0,0,0,0,0,0,0,0
479860.972643,0,0,0,0,0,0,0,0,0,0,0,0,0
479860.977573,0,0,0,0,0,0,0,0,0,0,0,0,0
479860.982562,0,0,0,0,0,0,0,0,0,0,0,0,0
479860.987548,0,0,0,0,0,0,0,0,0,0,0,0,0
479860.992627,0,0,0,0,0,0,0,0,0,0,0,0,0
479860.997668,0,0,0,0,0,0,0,0,0,0,0,0,0
479861.002605,0,0,0,0,0,0,0,0,0,0,0,0,0
479861.007626,0,0,0,0,0,0,0,0,0,0,0,0,0
479861.012520,0,0,0,0,0,0,0,0,0,0,0,0,0
479861.017479,0,0,0,0,0,0,0,0,0,0,0,0,0
479861.022646,0,0,0,0,0,0,0,0,0,0,0,0,0
479861.027525,0,0,0,0,0,0,0,0,0,0,0,0,0
479861.032515,0,0,0,0,0,0,0,0,0,0,0,0,0
479861.037458,0,0,0,0,0,0,0,0,0,0,0,0,0
479861.042501,0,0,0,0,0,0,0,0,0,0,0,0,0
479861.047548,0,0,0,0,0,0,0,0,0,0,0,0,0
479861.052586,0,0,0,0,0,0,0,0,0,0,0,0,0
479861.057591,0,0,0,0,0,0,0,0,0,0,0,0,0
479861.062604,0,0,0,0,0,0,0,0,0,0,0,0,0
479861.067561,0,0,0,0,0,0,0,0,0,0,0,0,0
479861.072637,0,0,0,0,0,0,0,0,0,0,0,0,0
479861.077489,0,0,0,0,0,0,0,0,0,0,0,0,0
479861.082557,0,0,0,0,0,0,0,0,0,0,0,0,0
479861.087550,0,0,0,0,0,0,0,0,0,0,0,0,0
479861.092650,0,0,0,0,0,0,0,0,0,0,0,0,0
479861.097681,0,0,0,0,0,0,0,0,0,0,0,0,0
479861.102655,0,0,0,0,0,0,0,0,0,0,0,0,0
479861.107523,0,0,0,0,0,0,0,0,0,0,0,0,0
479861.112564,0,0,0,0,0,0,0,0,0,0,0,0,0
479861.117607,0,0,0,0,0,0,0,0,0,0,0,0,0
479861.122611,0,0,0,0,0,0,0,0,0,0,0,0,0
479861.127528,0,0,0,0,0,0,0,0,0,0,0,0,0
479861.132500,0,0,0,0,0,0,0,0,0,0,0,0,0
479861.137641,0,0,0,0,0,0,0,0,0,0,0,0,0
479861.142423,0,0,0,0,0,0,0,0,0,0,0,0,0
479861.147390,0,0,0,0,0,0,0,0,0,0,0,0,0
479861.152395,0,0,0,0,0,0,0,0,0,0,0,0,0
479861.157527,0,0,0,0,0,0,0,0,0,0,0,0,0
479861.162428,0,0,0,0,0,0,0,0,0,0,0,0,0
479861.167381,0,0,0,0,0,0,0,0,0,0,0,0,0
479861.172474,0,0,0,0,0,0,0,0,0,0,0,0,0
479861.177382,0,0,0,0,0,0,0,0,0,0,0,0,0
479861.182414,0,0,0,0,0,0,0,0,0,0,0,0,0
479861.187417,0,0,0,0,0,0,0,0,0,0,0,0,0
479861.192480,0,0,0,0,0,0,0,0,0,0,0,0,0
479861.197538,0,0,0,0,0,0,0,0,0,0,0,0,0
479861.202490,0,0,0,0,0,0,0,0,0,0,0,0,0
479861.207550,0,0,0,0,0,0,0,0,0,0,0,0,0
479861.212518,0,0,0,0,0,0,0,0,0,0,0,0,0
479861.217572,0,0,0,0,0,0,0,0,0,0,0,0,0
479861.222638,0,0,0,0,0,0,0,0,0,0,0,0,0
479861.227503,0,0,0,0,0,0,0,0,0,0,0,0,0
479861.232513,0,0,0,0,0,0,0,0,0,0,0,0,0
479861.237601,0,0,0,0,0,0,0,0,0,0,0,0,0
479861.242523,0,0,0,0,0,0,0,0,0,0,0,0,0
479861.247555,0,0,0,0,0,0,0,0,0,0,0,0,0
479861.252552,0,0,0,0,0,0,0,0,0,0,0,0,0
479861.257641,0,0,0,0,0,0,0,0,0,0,0,0,0
479861.262549,0,0,0,0,0,0,0,0,0,0,0,0,0
479861.267578,0,0,0,0,0,0,0,0,0,0,0,0,0
479861.272641,0,0,0,0,0,0,0,0,0,0,0,0,0
479861.277511,0,0,0,0,0,0,0,0,0,0,0,0,0
479861.282562,0,0,0,0,0,0,0,0,0,0,0,0,0
479861.287549,0,0,0,0,0,0,0,0,0,0,0,0,0
479861.292631,0,0,0,0,0,0,0,0,0,0,0,0,0
479861.297687,0,0,0,0,0,0,0,0,0,0,0,0,0
479861.302632,0,0,0,0,0,0,0,0,0,0,0,0,0
479861.307604,0,0,0,0,0,0,0,0,0,0,0,0,0
479861.312460,0,0,0,0,0,0,0,0,0,0,0,0,0
479861.317550,0,0,0,0,0,0,0,0,0,0,0,0,0
479861.322566,0,0,0,0,0,0,0,0,0,0,0,0,0
479861.327536,0,0,0,0,0,0,0,0,0,0,0,0,0
479861.332464,0,0,0,0,0,0,0,0,0,0,0,0,0
479861.337590,0,0,0,0,0,0,0,0,0,0,0,0,0
479861.342482,0,0,0,0,0,0,0,0,0,0,0,0,0
479861.347554,0,0,0,0,0,0,0,0,0,0,0,0,0
479861.352493,0,0,0,0,0,0,0,0,0,0,0,0,0
479861.357669,0,0,0,0,0,0,0,0,0,0,0,0,0
479861.362639,0,0,0,0,0,0,0,0,0,0,0,0,0
479861.367599,0,0,0,0,0,0,0,0,0,0,0,0,0
479861.372551,0,0,0,0,0,0,0,0,0,0,0,0,0
479861.377487,0,0,0,0,0,0,0,0,0,0,0,0,0
479861.382563,0,0,0,0,0,0,0,0,0,0,0,0,0
479861.387517,0,0,0,0,0,0,0,0,0,0,0,0,0
479861.392598,0,0,0,0,0,0,0,0,0,0,0,0,0
479861.397655,0,0,0,0,0,0,0,0,0,0,0,0,0
479861.402625,0,0,0,0,0,0,0,0,0,0,0,0,0
479861.407580,0,0,0,0,0,0,0,0,0,0,0,0,0
479861.412564,0,0,0,0,0,0,0,0,0,0,0,0,0
479861.417606,0,0,0,0,0,0,0,0,0,0,0,0,0
479861.422647,0,0,0,0,0,0,0,0,0,0,0,0,0
479861.427560,0,0,0,0,0,0,0,0,0,0,0,0,0
479861.432563,0,0,0,0,0,0,0,0,0,0,0,0,0
479861.437581,0,0,0,0,0,0,0,0,0,0,0,0,0
479861.442598,0,0,0,0,0,0,0,0,0,0,0,0,0
479861.447585,0,0,0,0,0,0,0,0,0,0,0,0,0
479861.452531,0,0,0,0,0,0,0,0,0,0,0,0,0
479861.457637,0,0,0,0,0,0,0,0,0,0,0,0,0
479861.462625,0,0,0,0,0,0,0,0,0,0,0,0,0
479861.467497,0,0,0,0,0,0,0,0,0,0,0,0,0
479861.472493,0,0,0,0,0,0,0,0,0,0,0,0,0
479861.477506,0,0,0,0,0,0,0,0,0,0,0,0,0
479861.482587,0,0,0,0,0,0,0,0,0,0,0,0,0
479861.487558,0,0,0,0,0,0,0,0,0,0,0,0,0
479861.492604,0,0,0,0,0,0,0,0,0,0,0,0,0
479861.497679,0,0,0,0,0,0,0,0,0,0,0,0,0
479861.502610,0,0,0,0,0,0,0,0,0,0,0,0,0
479861.507616,0,0,0,0,0,0,0,0,0,0,0,0,0
479861.512503,0,0,0,0,0,0,0,0,0,0,0,0,0
479861.517534,0,0,0,0,0,0,0,0,0,0,0,0,0
479861.522619,0,0,0,0,0,0,0,0,0,0,0,0,0
479861.527653,0,0,0,0,0,0,0,0,0,0,0,0,0
479861.532553,0,0,0,0,0,0,0,0,0,0,0,0,0
479861.537548,0,0,0,0,0,0,0,0,0,0,0,0,0
479861.542530,0,0,0,0,0,0,0,0,0,0,0,0,0
479861.547596,0,0,0,0,0,0,0,0,0,0,0,0,0
479861.552504,0,0,0,0,0,0,0,0,0,0,0,0,0
479861.557579,0,0,0,0,0,0,0,0,0,0,0,0,0
479861.562617,0,0,0,0,0,0,0,0,0,0,0,0,0
479861.567510,0,0,0,0,0,0,0,0,0,0,0,0,0
479861.572634,0,0,0,0,0,0,0,0,0,0,0,0,0
479861.577503,0,0,0,0,0,0,0,0,0,0,0,0,0
479861.582584,0,0,0,0,0,0,0,0,0,0,0,0,0
479861.587563,0,0,0,0,0,0,0,0,0,0,0,0,0
479861.592628,0,0,0,0,0,0,0,0,0,0,0,0,0
479861.597697,0,0,0,0,0,0,0,0,0,0,0,0,0
479861.602603,0,0,0,0,0,0,0,0,0,0,0,0,0
479861.607624,0,0,0,0,0,0,0,0,0,0,0,0,0
479861.612512,0,0,0,0,0,0,0,0,0,0,0,0,0
479861.617481,0,0,0,0,0,0,0,0,0,0,0,0,0
479861.622527,0,0,0,0,0,0,0,0,0,0,0,0,0
479861.627493,0,0,0,0,0,0,0,0,0,0,0,0,0
479861.632364,0,0,0,0,0,0,0,0,0,0,0,0,0
479861.637425,0,0,0,0,0,0,0,0,0,0,0,0,0
479861.642519,0,0,0,0,0,0,0,0,0,0,0,0,0
479861.647541,0,0,0,0,0,0,0,0,0,0,0,0,0
479861.652484,0,0,0,0,0,0,0,0,0,0,0,0,0
479861.657559,0,0,0,0,0,0,0,0,0,0,0,0,0
479861.662516,0,0,0,0,0,0,0,0,0,0,0,0,0
479861.667508,0,0,0,0,0,0,0,0,0,0,0,0,0
479861.672580,0,0,0,0,0,0,0,0,0,0,0,0,0
479861.677508,0,0,0,0,0,0,0,0,0,0,0,0,0
479861.682563,0,0,0,0,0,0,0,0,0,0,0,0,0
479861.687513,0,0,0,0,0,0,0,0,0,0,0,0,0
479861.692594,0,0,0,0,0,0,0,0,0,0,0,0,0
479861.697647,0,0,0,0,0,0,0,0,0,0,0,0,0
479861.702486,0,0,0,0,0,0,0,0,0,0,0,0,0
479861.707529,0,0,0,0,0,0,0,0,0,0,0,0,0
479861.712523,0,0,0,0,0,0,0,0,0,0,0,0,0
479861.717619,0,0,0,0,0,0,0,0,0,0,0,0,0
479861.722573,0,0,0,0,0,0,0,0,0,0,0,0,0
479861.727522,0,0,0,0,0,0,0,0,0,0,0,0,0
479861.732443,0,0,0,0,0,0,0,0,0,0,0,0,0
479861.737565,0,0,0,0,0,0,0,0,0,0,0,0,0
479861.742508,0,0,0,0,0,0,0,0,0,0,0,0,0
479861.747548,0,0,0,0,0,0,0,0,0,0,0,0,0
479861.752578,0,0,0,0,0,0,0,0,0,0,0,0,0
479861.757622,0,0,0,0,0,0,0,0,0,0,0,0,0
479861.762595,0,0,0,0,0,0,0,0,0,0,0,0,0
479861.767552,0,0,0,0,0,0,0,0,0,0,0,0,0
479861.772523,0,0,0,0,0,0,0,0,0,0,0,0,0
479861.777438,0,0,0,0,0,0,0,0,0,0,0,0,0
479861.782534,0,0,0,0,0,0,0,0,0,0,0,0,0
479861.787533,0,0,0,0,0,0,0,0,0,0,0,0,0
479861.792655,0,0,0,0,0,0,0,0,0,0,0,0,0
479861.797641,0,0,0,0,0,0,0,0,0,0,0,0,0
479861.802640,0,0,0,0,0,0,0,0,0,0,0,0,0
479861.807583,0,0,0,0,0,0,0,0,0,0,0,0,0
479861.812508,0,0,0,0,0,0,0,0,0,0,0,0,0
479861.817553,0,0,0,0,0,0,0,0,0,0,0,0,0
479861.822635,0,0,0,0,0,0,0,0,0,0,0,0,0
479861.827623,0,0,0,0,0,0,0,0,0,0,0,0,0
479861.832441,0,0,0,0,0,0,0,0,0,0,0,0,0
479861.837528,0,0,0,0,0,0,0,0,0,0,0,0,0
479861.842514,0,0,0,0,0,0,0,0,0,0,0,0,0
479861.847482,0,0,0,0,0,0,0,0,0,0,0,0,0
479861.852497,0,0,0,0,0,0,0,0,0,0,0,0,0
479861.857600,0,0,0,0,0,0,0,0,0,0,0,0,0
479861.862613,0,0,0,0,0,0,0,0,0,0,0,0,0
479861.867459,0,0,0,0,0,0,0,0,0,0,0,0,0
479861.872652,0,0,0,0,0,0,0,0,0,0,0,0,0
479861.877594,0,0,0,0,0,0,0,0,0,0,0,0,0
479861.882697,0,0,0,0,0,0,0,0,0,0,0,0,0
479861.887601,0,0,0,0,0,0,0,0,0,0,0,0,0
479861.892725,0,0,0,0,0,0,0,0,0,0,0,0,0
479861.897801,0,0,0,0,0,0,0,0,0,0,0,0,0
479861.902711,0,0,0,0,0,0,0,0,0,0,0,0,0
479861.907766,0,0,0,0,0,0,0,0,0,0,0,0,0
479861.912586,0,0,0,0,0,0,0,0,0,0,0,0,0
479861.917590,0,0,0,0,0,0,0,0,0,0,0,0,0
479861.922671,0,0,0,0,0,0,0,0,0,0,0,0,0
479861.927682,0,0,0,0,0,0,0,0,0,0,0,0,0
479861.932580,0,0,0,0,0,0,0,0,0,0,0,0,0
479861.937664,0,0,0,0,0,0,0,0,0,0,0,0,0
479861.942599,0,0,0,0,0,0,0,0,0,0,0,0,0
479861.947668,0,0,0,0,0,0,0,0,0,0,0,0,0
479861.952658,0,0,0,0,0,0,0,0,0,0,0,0,0
479861.957650,0,0,0,0,0,0,0,0,0,0,0,0,0
479861.962704,0,0,0,0,0,0,0,0,0,0,0,0,0
479861.967597,0,0,0,0,0,0,0,0,0,0,0,0,0
479861.972718,0,0,0,0,0,0,0,0,0,0,0,0,0
479861.977661,0,0,0,0,0,0,0,0,0,0,0,0,0
479861.982708,0,0,0,0,0,0,0,0,0,0,0,0,0
479861.987594,0,0,0,0,0,0,0,0,0,0,0,0,0
479861.992730,0,0,0,0,0,0,0,0,0,0,0,0,0
479861.997774,0,0,0,0,0,0,0,0,0,0,0,0,0
479862.002714,0,0,0,0,0,0,0,0,0,0,0,0,0
479862.007763,0,0,0,0,0,0,0,0,0,0,0,0,0
479862.012596,0,0,0,0,0,0,0,0,0,0,0,0,0
479862.017570,0,0,0,0,0,0,0,0,0,0,0,0,0
479862.022553,0,0,0,0,0,0,0,0,0,0,0,0,0
479862.027654,0,0,0,0,0,0,0,0,0,0,0,0,0
479862.032392,0,0,0,0,0,0,0,0,0,0,0,0,0
479862.037456,0,0,0,0,0,0,0,0,0,0,0,0,0
479862.042439,0,0,0,0,0,0,0,0,0,0,0,0,0
479862.047423,0,0,0,0,0,0,0,0,0,0,0,0,0
479862.052452,0,0,0,0,0,0,0,0,0,0,0,0,0
479862.057628,0,0,0,0,0,0,0,0,0,0,0,0,0
479862.062633,0,0,0,0,0,0,0,0,0,0,0,0,0
479862.067617,0,0,0,0,0,0,0,0,0,0,0,0,0
479862.072739,0,0,0,0,0,0,0,0,0,0,0,0,0
479862.077585,0,0,0,0,0,0,0,0,0,0,0,0,0
479862.082615,0,0,0,0,0,0,0,0,0,0,0,0,0
479862.087545,0,0,0,0,0,0,0,0,0,0,0,0,0
479862.092611,0,0,0,0,0,0,0,0,0,0,0,0,0
479862.097738,0,0,0,0,0,0,0,0,0,0,0,0,0
479862.102762,0,0,0,0,0,0,0,0,0,0,0,0,0
479862.107739,0,0,0,0,0,0,0,0,0,0,0,0,0
479862.112494,0,0,0,0,0,0,0,0,0,0,0,0,0
479862.117481,0,0,0,0,0,0,0,0,0,0,0,0,0
479862.122524,0,0,0,0,0,0,0,0,0,0,0,0,0
479862.127755,0,0,0,0,0,0,0,0,0,0,0,0,0
479862.132576,0,0,0,0,0,0,0,0,0,0,0,0,0
479862.137667,0,0,0,0,0,0,0,0,0,0,0,0,0
479862.142531,0,0,0,0,0,0,0,0,0,0,0,0,0
479862.147530,0,0,0,0,0,0,0,0,0,0,0,0,0
479862.152533,0,0,0,0,0,0,0,0,0,0,0,0,0
479862.157634,0,0,0,0,0,0,0,0,0,0,0,0,0
479862.162614,0,0,0,0,0,0,0,0,0,0,0,0,0
479862.167593,0,0,0,0,0,0,0,0,0,0,0,0,0
479862.172772,0,0,0,0,0,0,0,0,0,0,0,0,0
479862.177627,0,0,0,0,0,0,0,0,0,0,0,0,0
479862.182715,0,0,0,0,0,0,0,0,0,0,0,0,0
479862.187601,0,0,0,0,0,0,0,0,0,0,0,0,0
479862.192737,0,0,0,0,0,0,0,0,0,0,0,0,0
479862.197811,0,0,0,0,0,0,0,0,0,0,0,0,0
479862.202715,0,0,0,0,0,0,0,0,0,0,0,0,0
479862.207752,0,0,0,0,0,0,0,0,0,0,0,0,0
479862.212571,0,0,0,0,0,0,0,0,0,0,0,0,0
479862.217632,0,0,0,0,0,0,0,0,0,0,0,0,0
479862.222690,0,0,0,0,0,0,0,0,0,0,0,0,0
479862.227687,0,0,0,0,0,0,0,0,0,0,0,0,0
479862.232610,0,0,0,0,0,0,0,0,0,0,0,0,0
479862.237672,0,0,0,0,0,0,0,0,0,0,0,0,0
479862.242610,0,0,0,0,0,0,0,0,0,0,0,0,0
479862.247689,0,0,0,0,0,0,0,0,0,0,0,0,0
479862.252638,0,0,0,0,0,0,0,0,0,0,0,0,0
479862.257736,0,0,0,0,0,0,0,0,0,0,0,0,0
479862.262697,0,0,0,0,0,0,0,0,0,0,0,0,0
479862.267583,0,0,0,0,0,0,0,0,0,0,0,0,0
479862.272694,0,0,0,0,0,0,0,0,0,0,0,0,0
479862.277668,0,0,0,0,0,0,0,0,0,0,0,0,0
479862.282715,0,0,0,0,0,0,0,0,0,0,0,0,0
479862.287604,0,0,0,0,0,0,0,0,0,0,0,0,0
479862.292715,0,0,0,0,0,0,0,0,0,0,0,0,0
479862.297794,0,0,0,0,0,0,0,0,0,0,0,0,0
479862.302660,0,0,0,0,0,0,0,0,0,0,0,0,0
479862.307754,0,0,0,0,0,0,0,0,0,0,0,0,0
479862.312580,0,0,0,0,0,0,0,0,0,0,0,0,0
479862.317577,0,0,0,0,0,0,0,0,0,0,0,0,0
479862.322556,0,0,0,0,0,0,0,0,0,0,0,0,0
479862.327560,0,0,0,0,0,0,0,0,0,0,0,0,0
479862.332588,0,0,0,0,0,0,0,0,0,0,0,0,0
479862.337612,0,0,0,0,0,0,0,0,0,0,0,0,0
479862.342512,0,0,0,0,0,0,0,0,0,0,0,0,0
479862.347603,0,0,0,0,0,0,0,0,0,0,0,0,0
479862.352628,0,0,0,0,0,0,0,0,0,0,0,0,0
479862.357765,0,0,0,0,0,0,0,0,0,0,0,0,0
479862.362710,0,0,0,0,0,0,0,0,0,0,0,0,0
479862.367612,0,0,0,0,0,0,0,0,0,0,0,0,0
479862.372746,0,0,0,0,0,0,0,0,0,0,0,0,0
479862.377687,0,0,0,0,0,0,0,0,0,0,0,0,0
479862.382693,0,0,0,0,0,0,0,0,0,0,0,0,0
479862.387600,0,0,0,0,0,0,0,0,0,0,0,0,0
479862.392711,0,0,0,0,0,0,0,0,0,0,0,0,0
479862.397814,0,0,0,0,0,0,0,0,0,0,0,0,0
479862.402709,0,0,0,0,0,0,0,0,0,0,0,0,0
479862.407753,0,0,0,0,0,0,0,0,0,0,0,0,0
479862.412663,0,0,0,0,0,0,0,0,0,0,0,0,0
479862.417585,0,0,0,0,0,0,0,0,0,0,0,0,0
479862.422737,0,0,0,0,0,0,0,0,0,0,0,0,0
479862.427663,0,0,0,0,0,0,0,0,0,0,0,0,0
479862.432630,0,0,0,0,0,0,0,0,0,0,0,0,0
479862.437683,0,0,0,0,0,0,0,0,0,0,0,0,0
479862.442590,0,0,0,0,0,0,0,0,0,0,0,0,0
479862.447679,0,0,0,0,0,0,0,0,0,0,0,0,0
479862.452659,0,0,0,0,0,0,0,0,0,0,0,0,0
479862.457747,0,0,0,0,0,0,0,0,0,0,0,0,0
479862.462680,0,0,0,0,0,0,0,0,0,0,0,0,0
479862.467565,0,0,0,0,0,0,0,0,0,0,0,0,0
479862.472605,0,0,0,0,0,0,0,0,0,0,0,0,0
479862.477512,0,0,0,0,0,0,0,0,0,0,0,0,0
479862.482623,0,0,0,0,0,0,0,0,0,0,0,0,0
479862.487616,0,0,0,0,0,0,0,0,0,0,0,0,0
479862.492734,0,0,0,0,0,0,0,0,0,0,0,0,0
479862.497774,0,0,0,0,0,0,0,0,0,0,0,0,0
479862.502683,0,0,0,0,0,0,0,0,0,0,0,0,0
479862.507719,0,0,0,0,0,0,0,0,0,0,0,0,0
479862.512672,0,0,0,0,0,0,0,0,0,0,0,0,0
479862.517610,0,0,0,0,0,0,0,0,0,0,0,0,0
479862.522743,0,0,0,0,0,0,0,0,0,0,0,0,0
479862.527709,0,0,0,0,0,0,0,0,0,0,0,0,0
479862.532518,0,0,0,0,0,0,0,0,0,0,0,0,0
479862.537669,0,0,0,0,0,0,0,0,0,0,0,0,0
479862.542630,0,0,0,0,0,0,0,0,0,0,0,0,0
479862.547668,0,0,0,0,0,0,0,0,0,0,0,0,0
479862.552692,0,0,0,0,0,0,0,0,0,0,0,0,0
479862.557696,0,0,0,0,0,0,0,0,0,0,0,0,0
479862.562713,0,0,0,0,0,0,0,0,0,0,0,0,0
479862.567579,0,0,0,0,0,0,0,0,0,0,0,0,0
479862.572741,0,0,0,0,0,0,0,0,0,0,0,0,0
479862.577613,0,0,0,0,0,0,0,0,0,0,0,0,0
479862.582663,0,0,0,0,0,0,0,0,0,0,0,0,0
479862.587616,0,0,0,0,0,0,0,0,0,0,0,0,0
479862.592745,0,0,0,0,0,0,0,0,0,0,0,0,0
479862.597769,0,0,0,0,0,0,0,0,0,0,0,0,0
479862.602718,0,0,0,0,0,0,0,0,0,0,0,0,0
479862.607737,0,0,0,0,0,0,0,0,0,0,0,0,0
479862.612681,0,0,0,0,0,0,0,0,0,0,0,0,0
479862.617584,0,0,0,0,0,0,0,0,0,0,0,0,0
479862.622737,0,0,0,0,0,0,0,0,0,0,0,0,0
479862.627804,0,0,0,0,0,0,0,0,0,0,0,0,0
479862.632556,0,0,0,0,0,0,0,0,0,0,0,0,0
479862.637683,0,0,0,0,0,0,0,0,0,0,0,0,0
479862.642589,0,0,0,0,0,0,0,0,0,0,0,0,0
479862.647704,0,0,0,0,0,0,0,0,0,0,0,0,0
479862.652693,0,0,0,0,0,0,0,0,0,0,0,0,0
479862.657739,0,0,0,0,0,0,0,0,0,0,0,0,0
479862.662678,0,0,0,0,0,0,0,0,0,0,0,0,0
479862.667577,0,0,0,0,0,0,0,0,0,0,0,0,0
479862.672751,0,0,0,0,0,0,0,0,0,0,0,0,0
479862.677640,0,0,0,0,0,0,0,0,0,0,0,0,0
479862.682687,0,0,0,0,0,0,0,0,0,0,0,0,0
479862.687629,0,0,0,0,0,0,0,0,0,0,0,0,0
479862.692742,0,0,0,0,0,0,0,0,0,0,0,0,0
479862.697774,0,0,0,0,0,0,0,0,0,0,0,0,0
479862.702735,0,0,0,0,0,0,0,0,0,0,0,0,0
479862.707750,0,0,0,0,0,0,0,0,0,0,0,0,0
479862.712654,0,0,0,0,0,0,0,0,0,0,0,0,0
479862.717606,0,0,0,0,0,0,0,0,0,0,0,0,0
479862.722731,0,0,0,0,0,0,0,0,0,0,0,0,0
479862.727728,0,0,0,0,0,0,0,0,0,0,0,0,0
479862.732555,0,0,0,0,0,0,0,0,0,0,0,0,0
479862.737676,0,0,0,0,0,0,0,0,0,0,0,0,0
479862.742632,0,0,0,0,0,0,0,0,0,0,0,0,0
479862.747684,0,0,0,0,0,0,0,0,0,0,0,0,0
479862.752686,0,0,0,0,0,0,0,0,0,0,0,0,0
479862.757737,0,0,0,0,0,0,0,0,0,0,0,0,0
479862.762718,0,0,0,0,0,0,0,0,0,0,0,0,0
479862.767595,0,0,0,0,0,0,0,0,0,0,0,0,0
479862.772774,0,0,0,0,0,0,0,0,0,0,0,0,0
479862.777632,0,0,0,0,0,0,0,0,0,0,0,0,0
479862.783314,0,0,0,0,0,0,0,0,0,0,0,0,0
479862.787611,0,0,0,0,0,0,0,0,0,0,0,0,0
479862.792758,0,0,0,0,0,0,0,0,0,0,0,0,0
479862.797797,0,0,0,0,0,0,0,0,0,0,0,0,0
479862.802746,0,0,0,0,0,0,0,0,0,0,0,0,0
479862.807674,0,0,0,0,0,0,0,0,0,0,0,0,0
479862.812667,0,0,0,0,0,0,0,0,0,0,0,0,0
479862.817612,0,0,0,0,0,0,0,0,0,0,0,0,0
479862.822758,0,0,0,0,0,0,0,0,0,0,0,0,0
479862.827733,0,0,0,0,0,0,0,0,0,0,0,0,0
479862.832577,0,0,0,0,0,0,0,0,0,0,0,0,0
479862.837554,0,0,0,0,0,0,0,0,0,0,0,0,0
479862.842582,0,0,0,0,0,0,0,0,0,0,0,0,0
479862.847718,0,0,0,0,0,0,0,0,0,0,0,0,0
479862.852639,0,0,0,0,0,0,0,0,0,0,0,0,0
479862.857739,0,0,0,0,0,0,0,0,0,0,0,0,0
479862.862688,0,0,0,0,0,0,0,0,0,0,0,0,0
479862.867526,0,0,0,0,0,0,0,0,0,0,0,0,0
479862.872809,0,0,0,0,0,0,0,0,0,0,0,0,0
479862.877652,0,0,0,0,0,0,0,0,0,0,0,0,0
479862.882655,0,0,0,0,0,0,0,0,0,0,0,0,0
479862.887588,0,0,0,0,0,0,0,0,0,0,0,0,0
479862.892735,0,0,0,0,0,0,0,0,0,0,0,0,0
479862.897786,0,0,0,0,0,0,0,0,0,0,0,0,0
479862.902729,0,0,0,0,0,0,0,0,0,0,0,0,0
479862.907709,0,0,0,0,0,0,0,0,0,0,0,0,0
479862.912650,0,0,0,0,0,0,0,0,0,0,0,0,0
479862.917628,0,0,0,0,0,0,0,0,0,0,0,0,0
479862.922637,0,0,0,0,0,0,0,0,0,0,0,0,0
479862.927748,0,0,0,0,0,0,0,0,0,0,0,0,0
479862.932591,0,0,0,0,0,0,0,0,0,0,0,0,0
479862.937674,0,0,0,0,0,0,0,0,0,0,0,0,0
479862.942633,0,0,0,0,0,0,0,0,0,0,0,0,0
479862.947710,0,0,0,0,0,0,0,0,0,0,0,0,0
479862.952744,0,0,0,0,0,0,0,0,0,0,0,0,0
479862.957726,0,0,0,0,0,0,0,0,0,0,0,0,0
479862.962655,0,0,0,0,0,0,0,0,0,0,0,0,0
479862.967622,0,0,0,0,0,0,0,0,0,0,0,0,0
479862.972764,0,0,0,0,0,0,0,0,0,0,0,0,0
479862.977586,0,0,0,0,0,0,0,0,0,0,0,0,0
479862.982711,0,0,0,0,0,0,0,0,0,0,0,0,0
479862.987603,0,0,0,0,0,0,0,0,0,0,0,0,0
479862.992753,0,0,0,0,0,0,0,0,0,0,0,0,0
479862.997826,0,0,0,0,0,0,0,0,0,0,0,0,0
479863.002737,0,0,0,0,0,0,0,0,0,0,0,0,0
479863.007726,0,0,0,0,0,0,0,0,0,0,0,0,0
479863.012583,0,0,0,0,0,0,0,0,0,0,0,0,0
479863.017558,0,0,0,0,0,0,0,0,0,0,0,0,0
479863.022642,0,0,0,0,0,0,0,0,0,0,0,0,0
479863.027645,0,0,0,0,0,0,0,0,0,0,0,0,0
479863.032545,0,0,0,0,0,0,0,0,0,0,0,0,0
479863.037537,0,0,0,0,0,0,0,0,0,0,0,0,0
479863.042556,0,0,0,0,0,0,0,0,0,0,0,0,0
479863.047588,0,0,0,0,0,0,0,0,0,0,0,0,0
479863.052584,0,0,0,0,0,0,0,0,0,0,0,0,0
479863.057654,0,0,0,0,0,0,0,0,0,0,0,0,0
479863.062622,0,0,0,0,0,0,0,0,0,0,0,0,0
479863.067502,0,0,0,0,0,0,0,0,0,0,0,0,0
479863.072620,0,0,0,0,0,0,0,0,0,0,0,0,0
479863.077588,0,0,0,0,0,0,0,0,0,0,0,0,0
479863.082619,0,0,0,0,0,0,0,0,0,0,0,0,0
479863.087550,0,0,0,0,0,0,0,0,0,0,0,0,0
479863.092677,0,0,0,0,0,0,0,0,0,0,0,0,0
479863.097743,0,0,0,0,0,0,0,0,0,0,0,0,0
479863.102615,0,0,0,0,0,0,0,0,0,0,0,0,0
479863.107677,0,0,0,0,0,0,0,0,0,0,0,0,0
479863.112576,0,0,0,0,0,0,0,0,0,0,0,0,0
479863.117556,0,0,0,0,0,0,0,0,0,0,0,0,0
479863.122687,0,0,0,0,0,0,0,0,0,0,0,0,0
479863.127744,0,0,0,0,0,0,0,0,0,0,0,0,0
479863.132588,0,0,0,0,0,0,0,0,0,0,0,0,0
479863.137579,0,0,0,0,0,0,0,0,0,0,0,0,0
479863.142576,0,0,0,0,0,0,0,0,0,0,0,0,0
479863.147601,0,0,0,0,0,0,0,0,0,0,0,0,0
479863.152556,0,0,0,0,0,0,0,0,0,0,0,0,0
479863.157572,0,0,0,0,0,0,0,0,0,0,0,0,0
479863.162408,0,0,0,0,0,0,0,0,0,0,0,0,0
479863.167436,0,0,0,0,0,0,0,0,0,0,0,0,0
479863.172613,0,0,0,0,0,0,0,0,0,0,0,0,0
479863.177414,0,0,0,0,0,0,0,0,0,0,0,0,0
479863.182491,0,0,0,0,0,0,0,0,0,0,0,0,0
479863.187440,0,0,0,0,0,0,0,0,0,0,0,0,0
479863.192624,0,0,0,0,0,0,0,0,0,0,0,0,0
479863.197706,0,0,0,0,0,0,0,0,0,0,0,0,0
479863.202603,0,0,0,0,0,0,0,0,0,0,0,0,0
479863.207653,0,0,0,0,0,0,0,0,0,0,0,0,0
479863.212593,0,0,0,0,0,0,0,0,0,0,0,0,0
479863.217549,0,0,0,0,0,0,0,0,0,0,0,0,0
479863.222661,0,0,0,0,0,0,0,0,0,0,0,0,0
479863.227619,0,0,0,0,0,0,0,0,0,0,0,0,0
479863.232573,0,0,0,0,0,0,0,0,0,0,0,0,0
479863.237644,0,0,0,0,0,0,0,0,0,0,0,0,0
479863.242548,0,0,0,0,0,0,0,0,0,0,0,0,0
479863.247648,0,0,0,0,0,0,0,0,0,0,0,0,0
479863.252612,0,0,0,0,0,0,0,0,0,0,0,0,0
479863.257672,0,0,0,0,0,0,0,0,0,0,0,0,0
479863.262633,0,0,0,0,0,0,0,0,0,0,0,0,0
479863.267528,0,0,0,0,0,0,0,0,0,0,0,0,0
479863.272638,0,0,0,0,0,0,0,0,0,0,0,0,0
479863.277607,0,0,0,0,0,0,0,0,0,0,0,0,0
479863.282610,0,0,0,0,0,0,0,0,0,0,0,0,0
479863.287623,0,0,0,0,0,0,0,0,0,0,0,0,0
479863.292664,0,0,0,0,0,0,0,0,0,0,0,0,0
479863.297756,0,0,0,0,0,0,0,0,0,0,0,0,0
479863.302611,0,0,0,0,0,0,0,0,0,0,0,0,0
479863.307607,0,0,0,0,0,0,0,0,0,0,0,0,0
479863.312629,0,0,0,0,0,0,0,0,0,0,0,0,0
479863.317540,0,0,0,0,0,0,0,0,0,0,0,0,0
479863.322590,0,0,0,0,0,0,0,0,0,0,0,0,0
479863.327581,0,0,0,0,0,0,0,0,0,0,0,0,0
479863.332554,0,0,0,0,0,0,0,0,0,0,0,0,0
479863.337611,0,0,0,0,0,0,0,0,0,0,0,0,0
479863.342544,0,0,0,0,0,0,0,0,0,0,0,0,0
479863.347562,0,0,0,0,0,0,0,0,0,0,0,0,0
479863.352584,0,0,0,0,0,0,0,0,0,0,0,0,0
479863.357669,0,0,0,0,0,0,0,0,0,0,0,0,0
479863.362635,0,0,0,0,0,0,0,0,0,0,0,0,0
479863.367533,0,0,0,0,0,0,0,0,0,0,0,0,0
479863.372610,0,0,0,0,0,0,0,0,0,0,0,0,0
479863.377405,0,0,0,0,0,0,0,0,0,0,0,0,0
479863.382450,0,0,0,0,0,0,0,0,0,0,0,0,0
479863.387455,0,0,0,0,0,0,0,0,0,0,0,0,0
479863.392535,0,0,0,0,0,0,0,0,0,0,0,0,0
479863.397526,0,0,0,0,0,0,0,0,0,0,0,0,0
479863.402487,0,0,0,0,0,0,0,0,0,0,0,0,0
479863.407490,0,0,0,0,0,0,0,0,0,0,0,0,0
479863.412480,0,0,0,0,0,0,0,0,0,0,0,0,0
479863.417479,0,0,0,0,0,0,0,0,0,0,0,0,0
479863.422531,0,0,0,0,0,0,0,0,0,0,0,0,0
479863.427440,0,0,0,0,0,0,0,0,0,0,0,0,0
479863.432459,0,0,0,0,0,0,0,0,0,0,0,0,0
479863.437509,0,0,0,0,0,0,0,0,0,0,0,0,0
479863.442450,0,0,0,0,0,0,0,0,0,0,0,0,0
479863.447443,0,0,0,0,0,0,0,0,0,0,0,0,0
479863.452626,0,0,0,0,0,0,0,0,0,0,0,0,0
479863.457522,0,0,0,0,0,0,0,0,0,0,0,0,0
479863.462525,0,0,0,0,0,0,0,0,0,0,0,0,0
479863.467550,0,0,0,0,0,0,0,0,0,0,0,0,0
479863.472666,0,0,0,0,0,0,0,0,0,0,0,0,0
479863.477599,0,0,0,0,0,0,0,0,0,0,0,0,0
479863.482578,0,0,0,0,0,0,0,0,0,0,0,0,0
479863.487545,0,0,0,0,0,0,0,0,0,0,0,0,0
479863.492658,0,0,0,0,0,0,0,0,0,0,0,0,0
479863.497750,0,0,0,0,0,0,0,0,0,0,0,0,0
479863.502629,0,0,0,0,0,0,0,0,0,0,0,0,0
479863.507675,0,0,0,0,0,0,0,0,0,0,0,0,0
479863.512625,0,0,0,0,0,0,0,0,0,0,0,0,0
479863.517560,0,0,0,0,0,0,0,0,0,0,0,0,0
479863.522502,0,0,0,0,0,0,0,0,0,0,0,0,0
479863.527724,0,0,0,0,0,0,0,0,0,0,0,0,0
479863.532597,0,0,0,0,0,0,0,0,0,0,0,0,0
479863.537619,0,0,0,0,0,0,0,0,0,0,0,0,0
479863.542586,0,0,0,0,0,0,0,0,0,0,0,0,0
479863.547598,0,0,0,0,0,0,0,0,0,0,0,0,0
479863.552578,0,0,0,0,0,0,0,0,0,0,0,0,0
479863.557684,0,0,0,0,0,0,0,0,0,0,0,0,0
479863.562646,0,0,0,0,0,0,0,0,0,0,0,0,0
479863.567547,0,0,0,0,0,0,0,0,0,0,0,0,0
479863.572619,0,0,0,0,0,0,0,0,0,0,0,0,0
479863.577547,0,0,0,0,0,0,0,0,0,0,0,0,0
479863.582646,0,0,0,0,0,0,0,0,0,0,0,0,0
479863.587582,0,0,0,0,0,0,0,0,0,0,0,0,0
479863.592678,0,0,0,0,0,0,0,0,0,0,0,0,0
479863.597676,0,0,0,0,0,0,0,0,0,0,0,0,0
479863.602620,0,0,0,0,0,0,0,0,0,0,0,0,0
479863.607679,0,0,0,0,0,0,0,0,0,0,0,0,0
479863.612656,0,0,0,0,0,0,0,0,0,0,0,0,0
479863.617591,0,0,0,0,0,0,0,0,0,0,0,0,0
479863.622550,0,0,0,0,0,0,0,0,0,0,0,0,0
479863.627575,0,0,0,0,0,0,0,0,0,0,0,0,0
479863.632522,0,0,0,0,0,0,0,0,0,0,0,0,0
479863.637518,0,0,0,0,0,0,0,0,0,0,0,0,0
479863.642487,0,0,0,0,0,0,0,0,0,0,0,0,0
479863.647549,0,0,0,0,0,0,0,0,0,0,0,0,0
479863.652569,0,0,0,0,0,0,0,0,0,0,0,0,0
479863.657637,0,0,0,0,0,0,0,0,0,0,0,0,0
479863.662598,0,0,0,0,0,0,0,0,0,0,0,0,0
479863.667604,0,0,0,0,0,0,0,0,0,0,0,0,0
479863.672639,0,0,0,0,0,0,0,0,0,0,0,0,0
479863.677574,0,0,0,0,0,0,0,0,0,0,0,0,0
479863.682555,0,0,0,0,0,0,0,0,0,0,0,0,0
479863.687497,0,0,0,0,0,0,0,0,0,0,0,0,0
479863.692609,0,0,0,0,0,0,0,0,0,0,0,0,0
479863.697682,0,0,0,0,0,0,0,0,0,0,0,0,0
479863.702601,0,0,0,0,0,0,0,0,0,0,0,0,0
479863.707623,0,0,0,0,0,0,0,0,0,0,0,0,0
479863.712758,0,0,0,0,0,0,0,0,0,0,0,0,0
479863.717583,0,0,0,0,0,0,0,0,0,0,0,0,0
479863.722559,0,0,0,0,0,0,0,0,0,0,0,0,0
479863.727656,0,0,0,0,0,0,0,0,0,0,0,0,0
479863.732536,0,0,0,0,0,0,0,0,0,0,0,0,0
479863.737659,0,0,0,0,0,0,0,0,0,0,0,0,0
479863.742593,0,0,0,0,0,0,0,0,0,0,0,0,0
479863.747611,0,0,0,0,0,0,0,0,0,0,0,0,0
479863.752599,0,0,0,0,0,0,0,0,0,0,0,0,0
479863.757638,0,0,0,0,0,0,0,0,0,0,0,0,0
479863.762661,0,0,0,0,0,0,0,0,0,0,0,0,0
479863.767629,0,0,0,0,0,0,0,0,0,0,0,0,0
479863.772659,0,0,0,0,0,0,0,0,0,0,0,0,0
479863.777590,0,0,0,0,0,0,0,0,0,0,0,0,0
479863.782630,0,0,0,0,0,0,0,0,0,0,0,0,0
479863.787500,0,0,0,0,0,0,0,0,0,0,0,0,0
479863.792689,0,0,0,0,0,0,0,0,0,0,0,0,0
479863.797707,0,0,0,0,0,0,0,0,0,0,0,0,0
479863.802625,0,0,0,0,0,0,0,0,0,0,0,0,0
479863.807642,0,0,0,0,0,0,0,0,0,0,0,0,0
479863.812623,0,0,0,0,0,0,0,0,0,0,0,0,0
479863.817631,0,0,0,0,0,0,0,0,0,0,0,0,0
479863.822550,0,0,0,0,0,0,0,0,0,0,0,0,0
479863.827644,0,0,0,0,0,0,0,0,0,0,0,0,0
479863.832583,0,0,0,0,0,0,0,0,0,0,0,0,0
479863.837545,0,0,0,0,0,0,0,0,0,0,0,0,0
479863.842476,0,0,0,0,0,0,0,0,0,0,0,0,0
479863.847465,0,0,0,0,0,0,0,0,0,0,0,0,0
479863.852394,0,0,0,0,0,0,0,0,0,0,0,0,0
479863.857536,0,0,0,0,0,0,0,0,0,0,0,0,0
479863.862598,0,0,0,0,0,0,0,0,0,0,0,0,0
479863.867594,0,0,0,0,0,0,0,0,0,0,0,0,0
479863.872633,0,0,0,0,0,0,0,0,0,0,0,0,0
479863.877574,0,0,0,0,0,0,0,0,0,0,0,0,0
479863.882559,0,0,0,0,0,0,0,0,0,0,0,0,0
479863.887517,0,0,0,0,0,0,0,0,0,0,0,0,0
479863.892617,0,0,0,0,0,0,0,0,0,0,0,0,0
479863.897682,0,0,0,0,0,0,0,0,0,0,0,0,0
479863.902584,0,0,0,0,0,0,0,0,0,0,0,0,0
479863.907616,0,0,0,0,0,0,0,0,0,0,0,0,0
479863.912565,0,0,0,0,0,0,0,0,0,0,0,0,0
479863.917528,0,0,0,0,0,0,0,0,0,0,0,0,0
479863.922617,0,0,0,0,0,0,0,0,0,0,0,0,0
479863.927596,0,0,0,0,0,0,0,0,0,0,0,0,0
479863.932525,0,0,0,0,0,0,0,0,0,0,0,0,0
479863.937603,0,0,0,0,0,0,0,0,0,0,0,0,0
479863.942650,0,0,0,0,0,0,0,0,0,0,0,0,0
479863.947630,0,0,0,0,0,0,0,0,0,0,0,0,0
479863.952602,0,0,0,0,0,0,0,0,0,0,0,0,0
479863.957840,0,0,0,0,0,0,0,0,0,0,0,0,0
479863.962746,0,0,0,0,0,0,0,0,0,0,0,0,0
479863.967828,0,0,0,0,0,0,0,0,0,0,0,0,0
479863.972791,0,0,0,0,0,0,0,0,0,0,0,0,0
479863.977713,0,0,0,0,0,0,0,0,0,0,0,0,0
479863.982737,0,0,0,0,0,0,0,0,0,0,0,0,0
479863.987635,0,0,0,0,0,0,0,0,0,0,0,0,0
479863.992707,0,0,0,0,0,0,0,0,0,0,0,0,0
479863.997828,0,0,0,0,0,0,0,0,0,0,0,0,0
479864.002676,0,0,0,0,0,0,0,0,0,0,0,0,0
479864.007745,0,0,0,0,0,0,0,0,0,0,0,0,0
479864.012767,0,0,0,0,0,0,0,0,0,0,0,0,0
479864.017757,0,0,0,0,0,0,0,0,0,0,0,0,0
479864.022695,0,0,0,0,0,0,0,0,0,0,0,0,0
479864.027641,0,0,0,0,0,0,0,0,0,0,0,0,0
479864.032493,0,0,0,0,0,0,0,0,0,0,0,0,0
479864.037563,0,0,0,0,0,0,0,0,0,0,0,0,0
479864.042471,0,0,0,0,0,0,0,0,0,0,0,0,0
479864.047416,0,0,0,0,0,0,0,0,0,0,0,0,0
479864.052432,0,0,0,0,0,0,0,0,0,0,0,0,0
479864.057512,0,0,0,0,0,0,0,0,0,0,0,0,0
479864.062499,0,0,0,0,0,0,0,0,0,0,0,0,0
479864.067577,0,0,0,0,0,0,0,0,0,0,0,0,0
479864.072504,0,0,0,0,0,0,0,0,0,0,0,0,0
479864.077445,0,0,0,0,0,0,0,0,0,0,0,0,0
479864.082627,0,0,0,0,0,0,0,0,0,0,0,0,0
479864.087533,0,0,0,0,0,0,0,0,0,0,0,0,0
479864.092649,0,0,0,0,0,0,0,0,0,0,0,0,0
479864.097739,0,0,0,0,0,0,0,0,0,0,0,0,0
479864.102613,0,0,0,0,0,0,0,0,0,0,0,0,0
479864.107606,0,0,0,0,0,0,0,0,0,0,0,0,0
479864.112568,0,0,0,0,0,0,0,0,0,0,0,0,0
479864.117530,0,0,0,0,0,0,0,0,0,0,0,0,0
479864.122547,0,0,0,0,0,0,0,0,0,0,0,0,0
479864.127611,0,0,0,0,0,0,0,0,0,0,0,0,0
479864.132561,0,0,0,0,0,0,0,0,0,0,0,0,0
479864.137646,0,0,0,0,0,0,0,0,0,0,0,0,0
479864.142576,0,0,0,0,0,0,0,0,0,0,0,0,0
479864.147581,0,0,0,0,0,0,0,0,0,0,0,0,0
479864.152579,0,0,0,0,0,0,0,0,0,0,0,0,0
479864.157698,0,0,0,0,0,0,0,0,0,0,0,0,0
479864.162600,0,0,0,0,0,0,0,0,0,0,0,0,0
479864.167607,0,0,0,0,0,0,0,0,0,0,0,0,0
479864.172559,0,0,0,0,0,0,0,0,0,0,0,0,0
479864.177583,0,0,0,0,0,0,0,0,0,0,0,0,0
479864.182604,0,0,0,0,0,0,0,0,0,0,0,0,0
479864.187527,0,0,0,0,0,0,0,0,0,0,0,0,0
479864.192610,0,0,0,0,0,0,0,0,0,0,0,0,0
479864.197672,0,0,0,0,0,0,0,0,0,0,0,0,0
479864.202598,0,0,0,0,0,0,0,0,0,0,0,0,0
479864.207647,0,0,0,0,0,0,0,0,0,0,0,0,0
479864.212597,0,0,0,0,0,0,0,0,0,0,0,0,0
479864.217616,0,0,0,0,0,0,0,0,0,0,0,0,0
479864.222621,0,0,0,0,0,0,0,0,0,0,0,0,0
479864.227685,0,0,0,0,0,0,0,0,0,0,0,0,0
479864.232537,0,0,0,0,0,0,0,0,0,0,0,0,0
479864.237635,0,0,0,0,0,0,0,0,0,0,0,0,0
479864.242600,0,0,0,0,0,0,0,0,0,0,0,0,0
479864.247686,0,0,0,0,0,0,0,0,0,0,0,0,0
479864.252589,0,0,0,0,0,0,0,0,0,0,0,0,0
479864.257641,0,0,0,0,0,0,0,0,0,0,0,0,0
479864.262687,0,0,0,0,0,0,0,0,0,0,0,0,0
479864.267626,0,0,0,0,0,0,0,0,0,0,0,0,0
479864.272583,0,0,0,0,0,0,0,0,0,0,0,0,0
479864.277597,0,0,0,0,0,0,0,0,0,0,0,0,0
479864.282638,0,0,0,0,0,0,0,0,0,0,0,0,0
479864.287547,0,0,0,0,0,0,0,0,0,0,0,0,0
479864.292695,0,0,0,0,0,0,0,0,0,0,0,0,0
479864.297754,0,0,0,0,0,0,0,0,0,0,0,0,0
479864.302660,0,0,0,0,0,0,0,0,0,0,0,0,0
479864.307628,0,0,0,0,0,0,0,0,0,0,0,0,0
479864.312664,0,0,0,0,0,0,0,0,0,0,0,0,0
479864.317565,0,0,0,0,0,0,0,0,0,0,0,0,0
479864.322441,0,0,0,0,0,0,0,0,0,0,0,0,0
479864.327538,0,0,0,0,0,0,0,0,0,0,0,0,0
479864.332453,0,0,0,0,0,0,0,0,0,0,0,0,0
479864.337652,0,0,0,0,0,0,0,0,0,0,0,0,0
479864.342610,0,0,0,0,0,0,0,0,0,0,0,0,0
479864.347651,0,0,0,0,0,0,0,0,0,0,0,0,0
479864.352635,0,0,0,0,0,0,0,0,0,0,0,0,0
479864.357616,0,0,0,0,0,0,0,0,0,0,0,0,0
479864.362585,0,0,0,0,0,0,0,0,0,0,0,0,0
479864.367583,0,0,0,0,0,0,0,0,0,0,0,0,0
479864.372602,0,0,0,0,0,0,0,0,0,0,0,0,0
479864.377505,0,0,0,0,0,0,0,0,0,0,0,0,0
479864.382563,0,0,0,0,0,0,0,0,0,0,0,0,0
479864.387569,0,0,0,0,0,0,0,0,0,0,0,0,0
479864.392654,0,0,0,0,0,0,0,0,0,0,0,0,0
479864.397729,0,0,0,0,0,0,0,0,0,0,0,0,0
479864.402665,0,0,0,0,0,0,0,0,0,0,0,0,0
479864.407739,0,0,0,0,0,0,0,0,0,0,0,0,0
479864.412608,0,0,0,0,0,0,0,0,0,0,0,0,0
479864.417642,0,0,0,0,0,0,0,0,0,0,0,0,0
479864.422652,0,0,0,0,0,0,0,0,0,0,0,0,0
479864.427711,0,0,0,0,0,0,0,0,0,0,0,0,0
479864.432520,0,0,0,0,0,0,0,0,0,0,0,0,0
479864.437719,0,0,0,0,0,0,0,0,0,0,0,0,0
479864.442504,0,0,0,0,0,0,0,0,0,0,0,0,0
479864.447661,0,0,0,0,0,0,0,0,0,0,0,0,0
479864.452590,0,0,0,0,0,0,0,0,0,0,0,0,0
479864.457677,0,0,0,0,0,0,0,0,0,0,0,0,0
479864.462660,0,0,0,0,0,0,0,0,0,0,0,0,0
479864.467660,0,0,0,0,0,0,0,0,0,0,0,0,0
479864.472656,0,0,0,0,0,0,0,0,0,0,0,0,0
479864.477614,0,0,0,0,0,0,0,0,0,0,0,0,0
479864.482619,0,0,0,0,0,0,0,0,0,0,0,0,0
479864.487543,0,0,0,0,0,0,0,0,0,0,0,0,0
479864.492660,0,0,0,0,0,0,0,0,0,0,0,0,0
479864.497785,0,0,0,0,0,0,0,0,0,0,0,0,0
479864.502632,0,0,0,0,0,0,0,0,0,0,0,0,0
479864.507642,0,0,0,0,0,0,0,0,0,0,0,0,0
479864.512596,0,0,0,0,0,0,0,0,0,0,0,0,0
479864.517582,0,0,0,0,0,0,0,0,0,0,0,0,0
479864.522508,0,0,0,0,0,0,0,0,0,0,0,0,0
479864.527566,0,0,0,0,0,0,0,0,0,0,0,0,0
479864.532569,0,0,0,0,0,0,0,0,0,0,0,0,0
479864.537647,0,0,0,0,0,0,0,0,0,0,0,0,0
479864.542591,0,0,0,0,0,0,0,0,0,0,0,0,0
479864.547669,0,0,0,0,0,0,0,0,0,0,0,0,0
479864.552637,0,0,0,0,0,0,0,0,0,0,0,0,0
479864.557690,0,0,0,0,0,0,0,0,0,0,0,0,0
479864.562593,0,0,0,0,0,0,0,0,0,0,0,0,0
479864.567586,0,0,0,0,0,0,0,0,0,0,0,0,0
479864.572592,0,0,0,0,0,0,0,0,0,0,0,0,0
479864.577587,0,0,0,0,0,0,0,0,0,0,0,0,0
479864.582624,0,0,0,0,0,0,0,0,0,0,0,0,0
479864.587514,0,0,0,0,0,0,0,0,0,0,0,0,0
479864.592682,0,0,0,0,0,0,0,0,0,0,0,0,0
479864.597729,0,0,0,0,0,0,0,0,0,0,0,0,0
479864.602606,0,0,0,0,0,0,0,0,0,0,0,0,0
479864.607681,0,0,0,0,0,0,0,0,0,0,0,0,0
479864.612626,0,0,0,0,0,0,0,0,0,0,0,0,0
479864.617663,0,0,0,0,0,0,0,0,0,0,0,0,0
479864.622642,0,0,0,0,0,0,0,0,0,0,0,0,0
479864.627664,0,0,0,0,0,0,0,0,0,0,0,0,0
479864.632597,0,0,0,0,0,0,0,0,0,0,0,0,0
479864.637548,0,0,0,0,0,0,0,0,0,0,0,0,0
479864.642601,0,0,0,0,0,0,0,0,0,0,0,0,0
479864.647653,0,0,0,0,0,0,0,0,0,0,0,0,0
479864.652638,0,0,0,0,0,0,0,0,0,0,0,0,0
479864.657662,0,0,0,0,0,0,0,0,0,0,0,0,0
479864.662650,0,0,0,0,0,0,0,0,0,0,0,0,0
479864.667608,0,0,0,0,0,0,0,0,0,0,0,0,0
479864.672651,0,0,0,0,0,0,0,0,0,0,0,0,0
479864.677581,0,0,0,0,0,0,0,0,0,0,0,0,0
479864.682651,0,0,0,0,0,0,0,0,0,0,0,0,0
479864.687553,0,0,0,0,0,0,0,0,0,0,0,0,0
479864.692675,0,0,0,0,0,0,0,0,0,0,0,0,0
479864.697691,0,0,0,0,0,0,0,0,0,0,0,0,0
479864.702569,0,0,0,0,0,0,0,0,0,0,0,0,0
479864.707645,0,0,0,0,0,0,0,0,0,0,0,0,0
479864.712633,0,0,0,0,0,0,0,0,0,0,0,0,0
479864.717600,0,0,0,0,0,0,0,0,0,0,0,0,0
479864.722568,0,0,0,0,0,0,0,0,0,0,0,0,0
479864.727544,0,0,0,0,0,0,0,0,0,0,0,0,0
479864.732481,0,0,0,0,0,0,0,0,0,0,0,0,0
479864.737600,0,0,0,0,0,0,0,0,0,0,0,0,0
479864.742534,0,0,0,0,0,0,0,0,0,0,0,0,0
479864.747592,0,0,0,0,0,0,0,0,0,0,0,0,0
479864.752608,0,0,0,0,0,0,0,0,0,0,0,0,0
479864.757674,0,0,0,0,0,0,0,0,0,0,0,0,0
479864.762594,0,0,0,0,0,0,0,0,0,0,0,0,0
479864.767639,0,0,0,0,0,0,0,0,0,0,0,0,0
479864.772660,0,0,0,0,0,0,0,0,0,0,0,0,0
479864.777567,0,0,0,0,0,0,0,0,0,0,0,0,0
479864.782697,0,0,0,0,0,0,0,0,0,0,0,0,0
479864.787549,0,0,0,0,0,0,0,0,0,0,0,0,0
479864.792684,0,0,0,0,0,0,0,0,0,0,0,0,0
479864.797757,0,0,0,0,0,0,0,0,0,0,0,0,0
479864.802622,0,0,0,0,0,0,0,0,0,0,0,0,0
479864.807685,0,0,0,0,0,0,0,0,0,0,0,0,0
479864.812647,0,0,0,0,0,0,0,0,0,0,0,0,0
479864.817645,0,0,0,0,0,0,0,0,0,0,0,0,0
479864.822630,0,0,0,0,0,0,0,0,0,0,0,0,0
479864.827699,0,0,0,0,0,0,0,0,0,0,0,0,0
479864.832604,0,0,0,0,0,0,0,0,0,0,0,0,0
479864.837588,0,0,0,0,0,0,0,0,0,0,0,0,0
479864.842520,0,0,0,0,0,0,0,0,0,0,0,0,0
479864.847503,0,0,0,0,0,0,0,0,0,0,0,0,0
479864.852544,0,0,0,0,0,0,0,0,0,0,0,0,0
479864.857601,0,0,0,0,0,0,0,0,0,0,0,0,0
479864.862666,0,0,0,0,0,0,0,0,0,0,0,0,0
479864.867601,0,0,0,0,0,0,0,0,0,0,0,0,0
479864.872541,0,0,0,0,0,0,0,0,0,0,0,0,0
479864.877593,0,0,0,0,0,0,0,0,0,0,0,0,0
479864.882644,0,0,0,0,0,0,0,0,0,0,0,0,0
479864.887541,0,0,0,0,0,0,0,0,0,0,0,0,0
479864.892704,0,0,0,0,0,0,0,0,0,0,0,0,0
479864.897766,0,0,0,0,0,0,0,0,0,0,0,0,0
479864.902638,0,0,0,0,0,0,0,0,0,0,0,0,0
479864.907691,0,0,0,0,0,0,0,0,0,0,0,0,0
479864.912634,0,0,0,0,0,0,0,0,0,0,0,0,0
479864.917617,0,0,0,0,0,0,0,0,0,0,0,0,0
479864.922545,0,0,0,0,0,0,0,0,0,0,0,0,0
479864.927587,0,0,0,0,0,0,0,0,0,0,0,0,0
479864.932529,0,0,0,0,0,0,0,0,0,0,0,0,0
479864.937613,0,0,0,0,0,0,0,0,0,0,0,0,0
479864.942575,0,0,0,0,0,0,0,0,0,0,0,0,0
479864.947685,0,0,0,0,0,0,0,0,0,0,0,0,0
479864.952641,0,0,0,0,0,0,0,0,0,0,0,0,0
479864.957587,0,0,0,0,0,0,0,0,0,0,0,0,0
479864.962549,0,0,0,0,0,0,0,0,0,0,0,0,0
479864.967525,0,0,0,0,0,0,0,0,0,0,0,0,0
479864.972551,0,0,0,0,0,0,0,0,0,0,0,0,0
479864.977530,0,0,0,0,0,0,0,0,0,0,0,0,0
479864.982581,0,0,0,0,0,0,0,0,0,0,0,0,0
479864.987538,0,0,0,0,0,0,0,0,0,0,0,0,0
479864.992653,0,0,0,0,0,0,0,0,0,0,0,0,0
479864.997752,0,0,0,0,0,0,0,0,0,0,0,0,0
479865.002596,0,0,0,0,0,0,0,0,0,0,0,0,0
479865.007622,0,0,0,0,0,0,0,0,0,0,0,0,0
479865.012660,0,0,0,0,0,0,0,0,0,0,0,0,0
479865.017614,0,0,0,0,0,0,0,0,0,0,0,0,0
479865.022656,0,0,0,0,0,0,0,0,0,0,0,0,0
479865.027704,0,0,0,0,0,0,0,0,0,0,0,0,0
479865.032571,0,0,0,0,0,0,0,0,0,0,0,0,0
479865.037650,0,0,0,0,0,0,0,0,0,0,0,0,0
479865.042546,0,0,0,0,0,0,0,0,0,0,0,0,0
479865.047653,0,0,0,0,0,0,0,0,0,0,0,0,0
479865.052591,0,0,0,0,0,0,0,0,0,0,0,0,0
479865.057688,0,0,0,0,0,0,0,0,0,0,0,0,0
479865.062656,0,0,0,0,0,0,0,0,0,0,0,0,0
479865.067627,0,0,0,0,0,0,0,0,0,0,0,0,0
479865.072635,0,0,0,0,0,0,0,0,0,0,0,0,0
479865.077622,0,0,0,0,0,0,0,0,0,0,0,0,0
479865.082653,0,0,0,0,0,0,0,0,0,0,0,0,0
479865.087561,0,0,0,0,0,0,0,0,0,0,0,0,0
479865.092697,0,0,0,0,0,0,0,0,0,0,0,0,0
479865.097765,0,0,0,0,0,0,0,0,0,0,0,0,0
479865.102702,0,0,0,0,0,0,0,0,0,0,0,0,0
479865.107654,0,0,0,0,0,0,0,0,0,0,0,0,0
479865.112684,0,0,0,0,0,0,0,0,0,0,0,0,0
479865.117605,0,0,0,0,0,0,0,0,0,0,0,0,0
479865.122538,0,0,0,0,0,0,0,0,0,0,0,0,0
479865.127583,0,0,0,0,0,0,0,0,0,0,0,0,0
479865.132568,0,0,0,0,0,0,0,0,0,0,0,0,0
479865.137625,0,0,0,0,0,0,0,0,0,0,0,0,0
479865.142594,0,0,0,0,0,0,0,0,0,0,0,0,0
479865.147670,0,0,0,0,0,0,0,0,0,0,0,0,0
479865.152645,0,0,0,0,0,0,0,0,0,0,0,0,0
479865.157564,0,0,0,0,0,0,0,0,0,0,0,0,0
479865.162586,0,0,0,0,0,0,0,0,0,0,0,0,0
479865.167520,0,0,0,0,0,0,0,0,0,0,0,0,0
479865.172585,0,0,0,0,0,0,0,0,0,0,0,0,0
479865.177469,0,0,0,0,0,0,0,0,0,0,0,0,0
479865.182472,0,0,0,0,0,0,0,0,0,0,0,0,0
479865.187438,0,0,0,0,0,0,0,0,0,0,0,0,0
479865.192504,0,0,0,0,0,0,0,0,0,0,0,0,0
479865.197564,0,0,0,0,0,0,0,0,0,0,0,0,0
479865.202560,0,0,0,0,0,0,0,0,0,0,0,0,0
479865.207522,0,0,0,0,0,0,0,0,0,0,0,0,0
479865.212486,0,0,0,0,0,0,0,0,0,0,0,0,0
479865.217434,0,0,0,0,0,0,0,0,0,0,0,0,0
479865.222517,0,0,0,0,0,0,0,0,0,0,0,0,0
479865.227569,0,0,0,0,0,0,0,0,0,0,0,0,0
479865.232468,0,0,0,0,0,0,0,0,0,0,0,0,0
479865.237433,0,0,0,0,0,0,0,0,0,0,0,0,0
479865.242492,0,0,0,0,0,0,0,0,0,0,0,0,0
479865.247599,0,0,0,0,0,0,0,0,0,0,0,0,0
479865.252630,0,0,0,0,0,0,0,0,0,0,0,0,0
479865.257620,0,0,0,0,0,0,0,0,0,0,0,0,0
479865.262539,0,0,0,0,0,0,0,0,0,0,0,0,0
479865.267523,0,0,0,0,0,0,0,0,0,0,0,0,0
479865.272528,0,0,0,0,0,0,0,0,0,0,0,0,0
479865.277696,0,0,0,0,0,0,0,0,0,0,0,0,0
479865.282607,0,0,0,0,0,0,0,0,0,0,0,0,0
479865.287511,0,0,0,0,0,0,0,0,0,0,0,0,0
479865.292512,0,0,0,0,0,0,0,0,0,0,0,0,0
479865.297681,0,0,0,0,0,0,0,0,0,0,0,0,0
479865.302644,0,0,0,0,0,0,0,0,0,0,0,0,0
479865.307668,0,0,0,0,0,0,0,0,0,0,0,0,0
479865.312666,0,0,0,0,0,0,0,0,0,0,0,0,0
479865.317542,0,0,0,0,0,0,0,0,0,0,0,0,0
479865.322637,0,0,0,0,0,0,0,0,0,0,0,0,0
479865.327669,0,0,0,0,0,0,0,0,0,0,0,0,0
479865.332476,0,0,0,0,0,0,0,0,0,0,0,0,0
479865.337529,0,0,0,0,0,0,0,0,0,0,0,0,0
479865.342485,0,0,0,0,0,0,0,0,0,0,0,0,0
479865.347583,0,0,0,0,0,0,0,0,0,0,0,0,0
479865.352530,0,0,0,0,0,0,0,0,0,0,0,0,0
479865.357611,0,0,0,0,0,0,0,0,0,0,0,0,0
479865.362581,0,0,0,0,0,0,0,0,0,0,0,0,0
479865.367500,0,0,0,0,0,0,0,0,0,0,0,0,0
479865.372538,0,0,0,0,0,0,0,0,0,0,0,0,0
479865.377535,0,0,0,0,0,0,0,0,0,0,0,0,0
479865.382626,0,0,0,0,0,0,0,0,0,0,0,0,0
479865.387584,0,0,0,0,0,0,0,0,0,0,0,0,0
479865.392679,0,0,0,0,0,0,0,0,0,0,0,0,0
479865.397678,0,0,0,0,0,0,0,0,0,0,0,0,0
479865.402642,0,0,0,0,0,0,0,0,0,0,0,0,0
479865.407682,0,0,0,0,0,0,0,0,0,0,0,0,0
479865.412644,0,0,0,0,0,0,0,0,0,0,0,0,0
479865.417659,0,0,0,0,0,0,0,0,0,0,0,0,0
479865.422614,0,0,0,0,0,0,0,0,0,0,0,0,0
479865.427715,0,0,0,0,0,0,0,0,0,0,0,0,0
479865.432568,0,0,0,0,0,0,0,0,0,0,0,0,0
479865.437628,0,0,0,0,0,0,0,0,0,0,0,0,0
479865.442701,0,0,0,0,0,0,0,0,0,0,0,0,0
479865.447766,0,0,0,0,0,0,0,0,0,0,0,0,0
479865.452743,0,0,0,0,0,0,0,0,0,0,0,0,0
479865.457706,0,0,0,0,0,0,0,0,0,0,0,0,0
479865.462774,0,0,0,0,0,0,0,0,0,0,0,0,0
479865.467659,0,0,0,0,0,0,0,0,0,0,0,0,0
479865.472602,0,0,0,0,0,0,0,0,0,0,0,0,0
479865.477665,0,0,0,0,0,0,0,0,0,0,0,0,0
479865.482741,0,0,0,0,0,0,0,0,0,0,0,0,0
479865.487570,0,0,0,0,0,0,0,0,0,0,0,0,0
479865.492663,0,0,0,0,0,0,0,0,0,0,0,0,0
479865.497758,0,0,0,0,0,0,0,0,0,0,0,0,0
479865.502676,0,0,0,0,0,0,0,0,0,0,0,0,0
479865.507702,0,0,0,0,0,0,0,0,0,0,0,0,0
479865.512653,0,0,0,0,0,0,0,0,0,0,0,0,0
479865.517664,0,0,0,0,0,0,0,0,0,0,0,0,0
479865.522716,0,0,0,0,0,0,0,0,0,0,0,0,0
479865.527789,0,0,0,0,0,0,0,0,0,0,0,0,0
479865.532676,0,0,0,0,0,0,0,0,0,0,0,0,0
479865.537590,0,0,0,0,0,0,0,0,0,0,0,0,0
479865.542686,0,0,0,0,0,0,0,0,0,0,0,0,0
479865.547757,0,0,0,0,0,0,0,0,0,0,0,0,0
479865.552751,0,0,0,0,0,0,0,0,0,0,0,0,0
479865.557750,0,0,0,0,0,0,0,0,0,0,0,0,0
479865.562744,0,0,0,0,0,0,0,0,0,0,0,0,0
479865.567550,0,0,0,0,0,0,0,0,0,0,0,0,0
479865.572552,0,0,0,0,0,0,0,0,0,0,0,0,0
479865.577517,0,0,0,0,0,0,0,0,0,0,0,0,0
479865.582495,0,0,0,0,0,0,0,0,0,0,0,0,0
479865.587439,0,0,0,0,0,0,0,0,0,0,0,0,0
479865.592610,0,0,0,0,0,0,0,0,0,0,0,0,0
479865.597626,0,0,0,0,0,0,0,0,0,0,0,0,0
479865.602565,0,0,0,0,0,0,0,0,0,0,0,0,0
479865.607713,0,0,0,0,0,0,0,0,0,0,0,0,0
479865.612665,0,0,0,0,0,0,0,0,0,0,0,0,0
479865.617637,0,0,0,0,0,0,0,0,0,0,0,0,0
479865.622562,0,0,0,0,0,0,0,0,0,0,0,0,0
479865.627671,0,0,0,0,0,0,0,0,0,0,0,0,0
479865.632588,0,0,0,0,0,0,0,0,0,0,0,0,0
479865.637625,0,0,0,0,0,0,0,0,0,0,0,0,0
479865.642577,0,0,0,0,0,0,0,0,0,0,0,0,0
479865.647671,0,0,0,0,0,0,0,0,0,0,0,0,0
479865.652627,0,0,0,0,0,0,0,0,0,0,0,0,0
479865.657660,0,0,0,0,0,0,0,0,0,0,0,0,0
479865.662683,0,0,0,0,0,0,0,0,0,0,0,0,0
479865.667611,0,0,0,0,0,0,0,0,0,0,0,0,0
479865.672650,0,0,0,0,0,0,0,0,0,0,0,0,0
479865.677607,0,0,0,0,0,0,0,0,0,0,0,0,0
479865.682643,0,0,0,0,0,0,0,0,0,0,0,0,0
479865.687551,0,0,0,0,0,0,0,0,0,0,0,0,0
479865.692686,0,0,0,0,0,0,0,0,0,0,0,0,0
479865.697734,0,0,0,0,0,0,0,0,0,0,0,0,0
479865.702663,0,0,0,0,0,0,0,0,0,0,0,0,0
479865.707669,0,0,0,0,0,0,0,0,0,0,0,0,0
479865.712688,0,0,0,0,0,0,0,0,0,0,0,0,0
479865.717660,0,0,0,0,0,0,0,0,0,0,0,0,0
479865.722574,0,0,0,0,0,0,0,0,0,0,0,0,0
479865.727638,0,0,0,0,0,0,0,0,0,0,0,0,0
479865.732567,0,0,0,0,0,0,0,0,0,0,0,0,0
479865.737616,0,0,0,0,0,0,0,0,0,0,0,0,0
479865.742630,0,0,0,0,0,0,0,0,0,0,0,0,0
479865.747747,0,0,0,0,0,0,0,0,0,0,0,0,0
479865.752688,0,0,0,0,0,0,0,0,0,0,0,0,0
479865.757724,0,0,0,0,0,0,0,0,0,0,0,0,0
479865.762757,0,0,0,0,0,0,0,0,0,0,0,0,0
479865.767961,0,0,0,0,0,0,0,0,0,0,0,0,0
479865.772563,0,0,0,0,0,0,0,0,0,0,0,0,0
479865.777618,0,0,0,0,0,0,0,0,0,0,0,0,0
479865.782606,0,0,0,0,0,0,0,0,0,0,0,0,0
479865.787554,0,0,0,0,0,0,0,0,0,0,0,0,0
479865.792643,0,0,0,0,0,0,0,0,0,0,0,0,0
479865.797751,0,0,0,0,0,0,0,0,0,0,0,0,0
479865.802620,0,0,0,0,0,0,0,0,0,0,0,0,0
479865.807681,0,0,0,0,0,0,0,0,0,0,0,0,0
479865.812670,0,0,0,0,0,0,0,0,0,0,0,0,0
479865.817664,0,0,0,0,0,0,0,0,0,0,0,0,0
479865.822625,0,0,0,0,0,0,0,0,0,0,0,0,0
479865.827705,0,0,0,0,0,0,0,0,0,0,0,0,0
479865.832576,0,0,0,0,0,0,0,0,0,0,0,0,0
479865.837626,0,0,0,0,0,0,0,0,0,0,0,0,0
479865.842579,0,0,0,0,0,0,0,0,0,0,0,0,0
479865.847668,0,0,0,0,0,0,0,0,0,0,0,0,0
479865.852637,0,0,0,0,0,0,0,0,0,0,0,0,0
479865.857695,0,0,0,0,0,0,0,0,0,0,0,0,0
479865.862690,0,0,0,0,0,0,0,0,0,0,0,0,0
479865.867618,0,0,0,0,0,0,0,0,0,0,0,0,0
479865.872702,0,0,0,0,0,0,0,0,0,0,0,0,0
479865.877511,0,0,0,0,0,0,0,0,0,0,0,0,0
479865.882513,0,0,0,0,0,0,0,0,0,0,0,0,0
479865.887546,0,0,0,0,0,0,0,0,0,0,0,0,0
479865.892696,0,0,0,0,0,0,0,0,0,0,0,0,0
479865.897760,0,0,0,0,0,0,0,0,0,0,0,0,0
479865.902613,0,0,0,0,0,0,0,0,0,0,0,0,0
479865.907683,0,0,0,0,0,0,0,0,0,0,0,0,0
479865.912671,0,0,0,0,0,0,0,0,0,0,0,0,0
479865.917596,0,0,0,0,0,0,0,0,0,0,0,0,0
479865.922552,0,0,0,0,0,0,0,0,0,0,0,0,0
479865.927640,0,0,0,0,0,0,0,0,0,0,0,0,0
479865.932549,0,0,0,0,0,0,0,0,0,0,0,0,0
479865.937619,0,0,0,0,0,0,0,0,0,0,0,0,0
479865.942591,0,0,0,0,0,0,0,0,0,0,0,0,0
479865.947578,0,0,0,0,0,0,0,0,0,0,0,0,0
479865.952653,0,0,0,0,0,0,0,0,0,0,0,0,0
479865.957698,0,0,0,0,0,0,0,0,0,0,0,0,0
479865.962719,0,0,0,0,0,0,0,0,0,0,0,0,0
479865.967635,0,0,0,0,0,0,0,0,0,0,0,0,0
479865.972569,0,0,0,0,0,0,0,0,0,0,0,0,0
479865.977459,0,0,0,0,0,0,0,0,0,0,0,0,0
479865.982560,0,0,0,0,0,0,0,0,0,0,0,0,0
479865.987458,0,0,0,0,0,0,0,0,0,0,0,0,0
479865.992596,0,0,0,0,0,0,0,0,0,0,0,0,0
479865.997748,0,0,0,0,0,0,0,0,0,0,0,0,0
479866.002694,0,0,0,0,0,0,0,0,0,0,0,0,0
479866.007689,0,0,0,0,0,0,0,0,0,0,0,0,0
479866.012692,0,0,0,0,0,0,0,0,0,0,0,0,0
479866.017591,0,0,0,0,0,0,0,0,0,0,0,0,0
479866.022663,0,0,0,0,0,0,0,0,0,0,0,0,0
479866.027718,0,0,0,0,0,0,0,0,0,0,0,0,0
479866.032589,0,0,0,0,0,0,0,0,0,0,0,0,0
479866.037552,0,0,0,0,0,0,0,0,0,0,0,0,0
479866.042556,0,0,0,0,0,0,0,0,0,0,0,0,0
479866.047735,0,0,0,0,0,0,0,0,0,0,0,0,0
479866.052591,0,0,0,0,0,0,0,0,0,0,0,0,0
479866.057558,0,0,0,0,0,0,0,0,0,0,0,0,0
479866.062492,0,0,0,0,0,0,0,0,0,0,0,0,0
479866.067474,0,0,0,0,0,0,0,0,0,0,0,0,0
479866.072575,0,0,0,0,0,0,0,0,0,0,0,0,0
479866.077465,0,0,0,0,0,0,0,0,0,0,0,0,0
479866.082527,0,0,0,0,0,0,0,0,0,0,0,0,0
479866.087463,0,0,0,0,0,0,0,0,0,0,0,0,0
479866.092691,0,0,0,0,0,0,0,0,0,0,0,0,0
479866.097758,0,0,0,0,0,0,0,0,0,0,0,0,0
479866.102642,0,0,0,0,0,0,0,0,0,0,0,0,0
479866.107674,0,0,0,0,0,0,0,0,0,0,0,0,0
479866.112665,0,0,0,0,0,0,0,0,0,0,0,0,0
479866.117546,0,0,0,0,0,0,0,0,0,0,0,0,0
479866.122678,0,0,0,0,0,0,0,0,0,0,0,0,0
479866.127645,0,0,0,0,0,0,0,0,0,0,0,0,0
479866.132496,0,0,0,0,0,0,0,0,0,0,0,0,0
479866.137440,0,0,0,0,0,0,0,0,0,0,0,0,0
479866.142530,0,0,0,0,0,0,0,0,0,0,0,0,0
479866.147674,0,0,0,0,0,0,0,0,0,0,0,0,0
479866.152738,0,0,0,0,0,0,0,0,0,0,0,0,0
479866.157680,0,0,0,0,0,0,0,0,0,0,0,0,0
479866.162734,0,0,0,0,0,0,0,0,0,0,0,0,0
479866.167480,0,0,0,0,0,0,0,0,0,0,0,0,0
479866.172569,0,0,0,0,0,0,0,0,0,0,0,0,0
479866.177615,0,0,0,0,0,0,0,0,0,0,0,0,0
479866.182597,0,0,0,0,0,0,0,0,0,0,0,0,0
479866.187571,0,0,0,0,0,0,0,0,0,0,0,0,0
479866.192697,0,0,0,0,0,0,0,0,0,0,0,0,0
479866.197722,0,0,0,0,0,0,0,0,0,0,0,0,0
479866.202703,0,0,0,0,0,0,0,0,0,0,0,0,0
479866.207675,0,0,0,0,0,0,0,0,0,0,0,0,0
479866.212690,0,0,0,0,0,0,0,0,0,0,0,0,0
479866.217624,0,0,0,0,0,0,0,0,0,0,0,0,0
479866.222629,0,0,0,0,0,0,0,0,0,0,0,0,0
479866.227721,0,0,0,0,0,0,0,0,0,0,0,0,0
479866.232566,0,0,0,0,0,0,0,0,0,0,0,0,0
479866.237677,0,0,0,0,0,0,0,0,0,0,0,0,0
479866.242642,0,0,0,0,0,0,0,0,0,0,0,0,0
479866.247701,0,0,0,0,0,0,0,0,0,0,0,0,0
479866.252714,0,0,0,0,0,0,0,0,0,0,0,0,0
479866.257658,0,0,0,0,0,0,0,0,0,0,0,0,0
479866.262701,0,0,0,0,0,0,0,0,0,0,0,0,0
479866.267675,0,0,0,0,0,0,0,0,0,0,0,0,0
479866.272672,0,0,0,0,0,0,0,0,0,0,0,0,0
479866.277701,0,0,0,0,0,0,0,0,0,0,0,0,0
479866.282629,0,0,0,0,0,0,0,0,0,0,0,0,0
479866.287579,0,0,0,0,0,0,0,0,0,0,0,0,0
479866.292715,0,0,0,0,0,0,0,0,0,0,0,0,0
479866.297797,0,0,0,0,0,0,0,0,0,0,0,0,0
479866.302708,0,0,0,0,0,0,0,0,0,0,0,0,0
479866.307698,0,0,0,0,0,0,0,0,0,0,0,0,0
479866.312672,0,0,0,0,0,0,0,0,0,0,0,0,0
479866.317637,0,0,0,0,0,0,0,0,0,0,0,0,0
479866.322671,0,0,0,0,0,0,0,0,0,0,0,0,0
479866.327661,0,0,0,0,0,0,0,0,0,0,0,0,0
479866.332449,0,0,0,0,0,0,0,0,0,0,0,0,0
479866.337668,0,0,0,0,0,0,0,0,0,0,0,0,0
479866.342640,0,0,0,0,0,0,0,0,0,0,0,0,0
479866.347703,0,0,0,0,0,0,0,0,0,0,0,0,0
479866.352684,0,0,0,0,0,0,0,0,0,0,0,0,0
479866.357636,0,0,0,0,0,0,0,0,0,0,0,0,0
479866.362712,0,0,0,0,0,0,0,0,0,0,0,0,0
479866.367541,0,0,0,0,0,0,0,0,0,0,0,0,0
479866.372525,0,0,0,0,0,0,0,0,0,0,0,0,0
479866.377504,0,0,0,0,0,0,0,0,0,0,0,0,0
479866.382585,0,0,0,0,0,0,0,0,0,0,0,0,0
479866.387475,0,0,0,0,0,0,0,0,0,0,0,0,0
479866.392606,0,0,0,0,0,0,0,0,0,0,0,0,0
479866.397708,0,0,0,0,0,0,0,0,0,0,0,0,0
479866.402662,0,0,0,0,0,0,0,0,0,0,0,0,0
479866.407698,0,0,0,0,0,0,0,0,0,0,0,0,0
479866.412702,0,0,0,0,0,0,0,0,0,0,0,0,0
479866.417585,0,0,0,0,0,0,0,0,0,0,0,0,0
479866.422681,0,0,0,0,0,0,0,0,0,0,0,0,0
479866.427731,0,0,0,0,0,0,0,0,0,0,0,0,0
479866.432634,0,0,0,0,0,0,0,0,0,0,0,0,0
479866.437577,0,0,0,0,0,0,0,0,0,0,0,0,0
479866.442662,0,0,0,0,0,0,0,0,0,0,0,0,0
479866.447694,0,0,0,0,0,0,0,0,0,0,0,0,0
479866.452727,0,0,0,0,0,0,0,0,0,0,0,0,0
479866.457681,0,0,0,0,0,0,0,0,0,0,0,0,0
479866.462724,0,0,0,0,0,0,0,0,0,0,0,0,0
479866.467627,0,0,0,0,0,0,0,0,0,0,0,0,0
479866.472778,0,0,0,0,0,0,0,0,0,0,0,0,0
479866.477765,0,0,0,0,0,0,0,0,0,0,0,0,0
479866.482757,0,0,0,0,0,0,0,0,0,0,0,0,0
479866.487623,0,0,0,0,0,0,0,0,0,0,0,0,0
479866.492810,0,0,0,0,0,0,0,0,0,0,0,0,0
479866.497829,0,0,0,0,0,0,0,0,0,0,0,0,0
479866.502765,0,0,0,0,0,0,0,0,0,0,0,0,0
479866.507747,0,0,0,0,0,0,0,0,0,0,0,0,0
479866.512764,0,0,0,0,0,0,0,0,0,0,0,0,0
479866.517736,0,0,0,0,0,0,0,0,0,0,0,0,0
479866.522747,0,0,0,0,0,0,0,0,0,0,0,0,0
479866.527715,0,0,0,0,0,0,0,0,0,0,0,0,0
479866.532689,0,0,0,0,0,0,0,0,0,0,0,0,0
479866.537726,0,0,0,0,0,0,0,0,0,0,0,0,0
479866.542703,0,0,0,0,0,0,0,0,0,0,0,0,0
479866.547790,0,0,0,0,0,0,0,0,0,0,0,0,0
479866.552767,0,0,0,0,0,0,0,0,0,0,0,0,0
479866.557742,0,0,0,0,0,0,0,0,0,0,0,0,0
479866.562788,0,0,0,0,0,0,0,0,0,0,0,0,0
479866.567676,0,0,0,0,0,0,0,0,0,0,0,0,0
479866.572780,0,0,0,0,0,0,0,0,0,0,0,0,0
479866.577765,0,0,0,0,0,0,0,0,0,0,0,0,0
479866.582769,0,0,0,0,0,0,0,0,0,0,0,0,0
479866.587631,0,0,0,0,0,0,0,0,0,0,0,0,0
479866.592810,0,0,0,0,0,0,0,0,0,0,0,0,0
479866.597884,0,0,0,0,0,0,0,0,0,0,0,0,0
479866.602660,0,0,0,0,0,0,0,0,0,0,0,0,0
479866.607695,0,0,0,0,0,0,0,0,0,0,0,0,0
479866.612691,0,0,0,0,0,0,0,0,0,0,0,0,0
479866.617600,0,0,0,0,0,0,0,0,0,0,0,0,0
479866.622688,0,0,0,0,0,0,0,0,0,0,0,0,0
479866.627736,0,0,0,0,0,0,0,0,0,0,0,0,0
479866.632691,0,0,0,0,0,0,0,0,0,0,0,0,0
479866.637557,0,0,0,0,0,0,0,0,0,0,0,0,0
479866.642601,0,0,0,0,0,0,0,0,0,0,0,0,0
479866.647664,0,0,0,0,0,0,0,0,0,0,0,0,0
479866.652680,0,0,0,0,0,0,0,0,0,0,0,0,0
479866.657688,0,0,0,0,0,0,0,0,0,0,0,0,0
479866.662733,0,0,0,0,0,0,0,0,0,0,0,0,0
479866.667663,0,0,0,0,0,0,0,0,0,0,0,0,0
479866.672667,0,0,0,0,0,0,0,0,0,0,0,0,0
479866.677676,0,0,0,0,0,0,0,0,0,0,0,0,0
479866.682702,0,0,0,0,0,0,0,0,0,0,0,0,0
479866.687598,0,0,0,0,0,0,0,0,0,0,0,0,0
479866.692724,0,0,0,0,0,0,0,0,0,0,0,0,0
479866.697797,0,0,0,0,0,0,0,0,0,0,0,0,0
479866.702663,0,0,0,0,0,0,0,0,0,0,0,0,0
479866.707708,0,0,0,0,0,0,0,0,0,0,0,0,0
479866.712593,0,0,0,0,0,0,0,0,0,0,0,0,0
479866.717654,0,0,0,0,0,0,0,0,0,0,0,0,0
479866.722680,0,0,0,0,0,0,0,0,0,0,0,0,0
479866.727733,0,0,0,0,0,0,0,0,0,0,0,0,0
479866.732669,0,0,0,0,0,0,0,0,0,0,0,0,0
479866.737559,0,0,0,0,0,0,0,0,0,0,0,0,0
479866.742559,0,0,0,0,0,0,0,0,0,0,0,0,0
479866.747558,0,0,0,0,0,0,0,0,0,0,0,0,0
479866.752647,0,0,0,0,0,0,0,0,0,0,0,0,0
479866.757747,0,0,0,0,0,0,0,0,0,0,0,0,0
479866.762808,0,0,0,0,0,0,0,0,0,0,0,0,0
479866.767727,0,0,0,0,0,0,0,0,0,0,0,0,0
479866.772602,0,0,0,0,0,0,0,0,0,0,0,0,0
479866.777581,0,0,0,0,0,0,0,0,0,0,0,0,0
479866.782661,0,0,0,0,0,0,0,0,0,0,0,0,0
479866.787505,0,0,0,0,0,0,0,0,0,0,0,0,0
479866.792660,0,0,0,0,0,0,0,0,0,0,0,0,0
479866.797636,0,0,0,0,0,0,0,0,0,0,0,0,0
479866.802577,0,0,0,0,0,0,0,0,0,0,0,0,0
479866.807586,0,0,0,0,0,0,0,0,0,0,0,0,0
479866.812673,0,0,0,0,0,0,0,0,0,0,0,0,0
479866.817622,0,0,0,0,0,0,0,0,0,0,0,0,0
479866.822663,0,0,0,0,0,0,0,0,0,0,0,0,0
479866.827726,0,0,0,0,0,0,0,0,0,0,0,0,0
479866.832618,0,0,0,0,0,0,0,0,0,0,0,0,0
479866.837614,0,0,0,0,0,0,0,0,0,0,0,0,0
479866.842572,0,0,0,0,0,0,0,0,0,0,0,0,0
479866.847670,0,0,0,0,0,0,0,0,0,0,0,0,0
479866.852630,0,0,0,0,0,0,0,0,0,0,0,0,0
479866.857664,0,0,0,0,0,0,0,0,0,0,0,0,0
479866.862650,0,0,0,0,0,0,0,0,0,0,0,0,0
479866.867557,0,0,0,0,0,0,0,0,0,0,0,0,0
479866.872591,0,0,0,0,0,0,0,0,0,0,0,0,0
479866.877648,0,0,0,0,0,0,0,0,0,0,0,0,0
479866.882694,0,0,0,0,0,0,0,0,0,0,0,0,0
479866.887591,0,0,0,0,0,0,0,0,0,0,0,0,0
479866.892708,0,0,0,0,0,0,0,0,0,0,0,0,0
479866.897746,0,0,0,0,0,0,0,0,0,0,0,0,0
479866.902693,0,0,0,0,0,0,0,0,0,0,0,0,0
479866.907686,0,0,0,0,0,0,0,0,0,0,0,0,0
479866.912709,0,0,0,0,0,0,0,0,0,0,0,0,0
479866.917624,0,0,0,0,0,0,0,0,0,0,0,0,0
479866.922663,0,0,0,0,0,0,0,0,0,0,0,0,0
479866.927646,0,0,0,0,0,0,0,0,0,0,0,0,0
479866.932565,0,0,0,0,0,0,0,0,0,0,0,0,0
479866.937624,0,0,0,0,0,0,0,0,0,0,0,0,0
479866.942617,0,0,0,0,0,0,0,0,0,0,0,0,0
479866.947680,0,0,0,0,0,0,0,0,0,0,0,0,0
479866.952700,0,0,0,0,0,0,0,0,0,0,0,0,0
479866.957737,0,0,0,0,0,0,0,0,0,0,0,0,0
479866.962739,0,0,0,0,0,0,0,0,0,0,0,0,0
479866.967589,0,0,0,0,0,0,0,0,0,0,0,0,0
479866.972547,0,0,0,0,0,0,0,0,0,0,0,0,0
479866.977541,0,0,0,0,0,0,0,0,0,0,0,0,0
479866.982588,0,0,0,0,0,0,0,0,0,0,0,0,0
479866.987480,0,0,0,0,0,0,0,0,0,0,0,0,0
479866.992781,0,0,0,0,0,0,0,0,0,0,0,0,0
479866.997659,0,0,0,0,0,0,0,0,0,0,0,0,0
479867.002695,0,0,0,0,0,0,0,0,0,0,0,0,0
479867.007588,0,0,0,0,0,0,0,0,0,0,0,0,0
479867.012749,0,0,0,0,0,0,0,0,0,0,0,0,0
479867.017692,0,0,0,0,0,0,0,0,0,0,0,0,0
479867.022643,0,0,0,0,0,0,0,0,0,0,0,0,0
479867.027793,0,0,0,0,0,0,0,0,0,0,0,0,0
479867.032627,0,0,0,0,0,0,0,0,0,0,0,0,0
479867.037662,0,0,0,0,0,0,0,0,0,0,0,0,0
479867.042714,0,0,0,0,0,0,0,0,0,0,0,0,0
479867.047784,0,0,0,0,0,0,0,0,0,0,0,0,0
479867.052739,0,0,0,0,0,0,0,0,0,0,0,0,0
479867.057761,0,0,0,0,0,0,0,0,0,0,0,0,0
479867.062817,0,0,0,0,0,0,0,0,0,0,0,0,0
479867.067751,0,0,0,0,0,0,0,0,0,0,0,0,0
479867.072844,0,0,0,0,0,0,0,0,0,0,0,0,0
479867.077790,0,0,0,0,0,0,0,0,0,0,0,0,0
479867.082871,0,0,0,0,0,0,0,0,0,0,0,0,0
479867.087636,0,0,0,0,0,0,0,0,0,0,0,0,0
479867.092808,0,0,0,0,0,0,0,0,0,0,0,0,0
479867.097878,0,0,0,0,0,0,0,0,0,0,0,0,0
479867.102719,0,0,0,0,0,0,0,0,0,0,0,0,0
479867.107681,0,0,0,0,0,0,0,0,0,0,0,0,0
479867.112751,0,0,0,0,0,0,0,0,0,0,0,0,0
479867.117772,0,0,0,0,0,0,0,0,0,0,0,0,0
479867.122714,0,0,0,0,0,0,0,0,0,0,0,0,0
479867.127799,0,0,0,0,0,0,0,0,0,0,0,0,0
479867.132591,0,0,0,0,0,0,0,0,0,0,0,0,0
479867.137828,0,0,0,0,0,0,0,0,0,0,0,0,0
479867.142751,0,0,0,0,0,0,0,0,0,0,0,0,0
479867.147864,0,0,0,0,0,0,0,0,0,0,0,0,0
479867.152749,0,0,0,0,0,0,0,0,0,0,0,0,0
479867.157676,0,0,0,0,0,0,0,0,0,0,0,0,0
479867.162768,0,0,0,0,0,0,0,0,0,0,0,0,0
479867.167594,0,0,0,0,0,0,0,0,0,0,0,0,0
479867.172584,0,0,0,0,0,0,0,0,0,0,0,0,0
479867.177613,0,0,0,0,0,0,0,0,0,0,0,0,0
479867.182641,0,0,0,0,0,0,0,0,0,0,0,0,0
479867.187498,0,0,0,0,0,0,0,0,0,0,0,0,0
479867.192582,0,0,0,0,0,0,0,0,0,0,0,0,0
479867.197636,0,0,0,0,0,0,0,0,0,0,0,0,0
479867.202566,0,0,0,0,0,0,0,0,0,0,0,0,0
479867.207587,0,0,0,0,0,0,0,0,0,0,0,0,0
479867.212606,0,0,0,0,0,0,0,0,0,0,0,0,0
479867.217540,0,0,0,0,0,0,0,0,0,0,0,0,0
479867.222480,0,0,0,0,0,0,0,0,0,0,0,0,0
479867.227697,0,0,0,0,0,0,0,0,0,0,0,0,0
479867.232489,0,0,0,0,0,0,0,0,0,0,0,0,0
479867.237600,0,0,0,0,0,0,0,0,0,0,0,0,0
479867.242474,0,0,0,0,0,0,0,0,0,0,0,0,0
479867.247529,0,0,0,0,0,0,0,0,0,0,0,0,0
479867.252517,0,0,0,0,0,0,0,0,0,0,0,0,0
479867.257661,0,0,0,0,0,0,0,0,0,0,0,0,0
479867.262686,0,0,0,0,0,0,0,0,0,0,0,0,0
479867.267759,0,0,0,0,0,0,0,0,0,0,0,0,0
479867.272600,0,0,0,0,0,0,0,0,0,0,0,0,0
479867.277665,0,0,0,0,0,0,0,0,0,0,0,0,0
479867.282697,0,0,0,0,0,0,0,0,0,0,0,0,0
479867.287561,0,0,0,0,0,0,0,0,0,0,0,0,0
479867.292726,0,0,0,0,0,0,0,0,0,0,0,0,0
479867.297772,0,0,0,0,0,0,0,0,0,0,0,0,0
479867.302744,0,0,0,0,0,0,0,0,0,0,0,0,0
479867.307607,0,0,0,0,0,0,0,0,0,0,0,0,0
479867.312707,0,0,0,0,0,0,0,0,0,0,0,0,0
479867.317674,0,0,0,0,0,0,0,0,0,0,0,0,0
479867.322699,0,0,0,0,0,0,0,0,0,0,0,0,0
479867.327714,0,0,0,0,0,0,0,0,0,0,0,0,0
479867.332603,0,0,0,0,0,0,0,0,0,0,0,0,0
479867.337584,0,0,0,0,0,0,0,0,0,0,0,0,0
479867.342578,0,0,0,0,0,0,0,0,0,0,0,0,0
479867.347559,0,0,0,0,0,0,0,0,0,0,0,0,0
479867.352608,0,0,0,0,0,0,0,0,0,0,0,0,0
479867.357550,0,0,0,0,0,0,0,0,0,0,0,0,0
479867.362595,0,0,0,0,0,0,0,0,0,0,0,0,0
479867.367654,0,0,0,0,0,0,0,0,0,0,0,0,0
479867.372862,0,0,0,0,0,0,0,0,0,0,0,0,0
479867.377708,0,0,0,0,0,0,0,0,0,0,0,0,0
479867.388117,0,0,0,0,0,0,0,0,0,0,0,0,0
479867.388372,0,0,0,0,0,0,0,0,0,0,0,0,0
479867.392807,0,0,0,0,0,0,0,0,0,0,0,0,0
479867.397765,0,0,0,0,0,0,0,0,0,0,0,0,0
479867.402910,0,0,0,0,0,0,0,0,0,0,0,0,0
479867.407609,0,0,0,0,0,0,0,0,0,0,0,0,0
479867.412552,0,0,0,0,0,0,0,0,0,0,0,0,0
479867.417606,0,0,0,0,0,0,0,0,0,0,0,0,0
479867.422587,0,0,0,0,0,0,0,0,0,0,0,0,0
479867.427592,0,0,0,0,0,0,0,0,0,0,0,0,0
479867.433250,0,0,0,0,0,0,0,0,0,0,0,0,0
479867.437655,0,0,0,0,0,0,0,0,0,0,0,0,0
479867.442684,0,0,0,0,0,0,0,0,0,0,0,0,0
479867.447711,0,0,0,0,0,0,0,0,0,0,0,0,0
479867.452615,0,0,0,0,0,0,0,0,0,0,0,0,0
479867.457608,0,0,0,0,0,0,0,0,0,0,0,0,0
479867.462631,0,0,0,0,0,0,0,0,0,0,0,0,0
479867.467467,0,0,0,0,0,0,0,0,0,0,0,0,0
479867.472517,0,0,0,0,0,0,0,0,0,0,0,0,0
479867.477540,0,0,0,0,0,0,0,0,0,0,0,0,0
479867.482586,0,0,0,0,0,0,0,0,0,0,0,0,0
479867.487831,0,0,0,0,0,0,0,0,0,0,0,0,0
479867.492602,0,0,0,0,0,0,0,0,0,0,0,0,0
479867.497570,0,0,0,0,0,0,0,0,0,0,0,0,0
479867.502517,0,0,0,0,0,0,0,0,0,0,0,0,0
479867.507532,0,0,0,0,0,0,0,0,0,0,0,0,0
479867.512563,0,0,0,0,0,0,0,0,0,0,0,0,0
479867.517619,0,0,0,0,0,0,0,0,0,0,0,0,0
479867.522607,0,0,0,0,0,0,0,0,0,0,0,0,0
479867.527613,0,0,0,0,0,0,0,0,0,0,0,0,0
479867.532525,0,0,0,0,0,0,0,0,0,0,0,0,0
479867.537573,0,0,0,0,0,0,0,0,0,0,0,0,0
479867.542512,0,0,0,0,0,0,0,0,0,0,0,0,0
479867.547574,0,0,0,0,0,0,0,0,0,0,0,0,0
479867.552561,0,0,0,0,0,0,0,0,0,0,0,0,0
479867.557563,0,0,0,0,0,0,0,0,0,0,0,0,0
479867.562550,0,0,0,0,0,0,0,0,0,0,0,0,0
479867.567499,0,0,0,0,0,0,0,0,0,0,0,0,0
479867.572581,0,0,0,0,0,0,0,0,0,0,0,0,0
479867.577519,0,0,0,0,0,0,0,0,0,0,0,0,0
479867.582578,0,0,0,0,0,0,0,0,0,0,0,0,0
479867.587491,0,0,0,0,0,0,0,0,0,0,0,0,0
479867.592585,0,0,0,0,0,0,0,0,0,0,0,0,0
479867.597582,0,0,0,0,0,0,0,0,0,0,0,0,0
479867.602529,0,0,0,0,0,0,0,0,0,0,0,0,0
479867.607516,0,0,0,0,0,0,0,0,0,0,0,0,0
479867.612495,0,0,0,0,0,0,0,0,0,0,0,0,0
479867.617575,0,0,0,0,0,0,0,0,0,0,0,0,0
479867.622545,0,0,0,0,0,0,0,0,0,0,0,0,0
479867.627534,0,0,0,0,0,0,0,0,0,0,0,0,0
479867.632513,0,0,0,0,0,0,0,0,0,0,0,0,0
479867.637549,0,0,0,0,0,0,0,0,0,0,0,0,0
479867.642503,0,0,0,0,0,0,0,0,0,0,0,0,0
479867.647597,0,0,0,0,0,0,0,0,0,0,0,0,0
479867.652534,0,0,0,0,0,0,0,0,0,0,0,0,0
479867.657558,0,0,0,0,0,0,0,0,0,0,0,0,0
479867.662607,0,0,0,0,0,0,0,0,0,0,0,0,0
479867.667510,0,0,0,0,0,0,0,0,0,0,0,0,0
479867.672468,0,0,0,0,0,0,0,0,0,0,0,0,0
479867.677566,0,0,0,0,0,0,0,0,0,0,0,0,0
479867.682617,0,0,0,0,0,0,0,0,0,0,0,0,0
479867.687511,0,0,0,0,0,0,0,0,0,0,0,0,0
479867.692556,0,0,0,0,0,0,0,0,0,0,0,0,0
479867.697536,0,0,0,0,0,0,0,0,0,0,0,0,0
479867.702499,0,0,0,0,0,0,0,0,0,0,0,0,0
479867.707508,0,0,0,0,0,0,0,0,0,0,0,0,0
479867.712548,0,0,0,0,0,0,0,0,0,0,0,0,0
479867.717546,0,0,0,0,0,0,0,0,0,0,0,0,0
479867.722516,0,0,0,0,0,0,0,0,0,0,0,0,0
479867.727571,0,0,0,0,0,0,0,0,0,0,0,0,0
479867.732489,0,0,0,0,0,0,0,0,0,0,0,0,0
479867.737531,0,0,0,0,0,0,0,0,0,0,0,0,0
479867.742565,0,0,0,0,0,0,0,0,0,0,0,0,0
479867.747583,0,0,0,0,0,0,0,0,0,0,0,0,0
479867.752560,0,0,0,0,0,0,0,0,0,0,0,0,0
479867.757525,0,0,0,0,0,0,0,0,0,0,0,0,0
479867.762602,0,0,0,0,0,0,0,0,0,0,0,0,0
479867.767685,0,0,0,0,0,0,0,0,0,0,0,0,0
479867.772690,0,0,0,0,0,0,0,0,0,0,0,0,0
479867.777755,0,0,0,0,0,0,0,0,0,0,0,0,0
479867.782734,0,0,0,0,0,0,0,0,0,0,0,0,0
479867.787659,0,0,0,0,0,0,0,0,0,0,0,0,0
479867.792799,0,0,0,0,0,0,0,0,0,0,0,0,0
479867.797906,0,0,0,0,0,0,0,0,0,0,0,0,0
479867.802723,0,0,0,0,0,0,0,0,0,0,0,0,0
479867.807675,0,0,0,0,0,0,0,0,0,0,0,0,0
479867.812768,0,0,0,0,0,0,0,0,0,0,0,0,0
479867.817791,0,0,0,0,0,0,0,0,0,0,0,0,0
479867.822763,0,0,0,0,0,0,0,0,0,0,0,0,0
479867.827795,0,0,0,0,0,0,0,0,0,0,0,0,0
479867.832680,0,0,0,0,0,0,0,0,0,0,0,0,0
479867.837677,0,0,0,0,0,0,0,0,0,0,0,0,0
479867.842630,0,0,0,0,0,0,0,0,0,0,0,0,0
479867.847748,0,0,0,0,0,0,0,0,0,0,0,0,0
479867.852698,0,0,0,0,0,0,0,0,0,0,0,0,0
479867.857736,0,0,0,0,0,0,0,0,0,0,0,0,0
479867.862808,0,0,0,0,0,0,0,0,0,0,0,0,0
479867.867707,0,0,0,0,0,0,0,0,0,0,0,0,0
479867.872826,0,0,0,0,0,0,0,0,0,0,0,0,0
479867.877710,0,0,0,0,0,0,0,0,0,0,0,0,0
479867.882779,0,0,0,0,0,0,0,0,0,0,0,0,0
479867.887651,0,0,0,0,0,0,0,0,0,0,0,0,0
479867.892767,0,0,0,0,0,0,0,0,0,0,0,0,0
479867.897892,0,0,0,0,0,0,0,0,0,0,0,0,0
479867.902693,0,0,0,0,0,0,0,0,0,0,0,0,0
479867.907690,0,0,0,0,0,0,0,0,0,0,0,0,0
479867.912609,0,0,0,0,0,0,0,0,0,0,0,0,0
479867.917623,0,0,0,0,0,0,0,0,0,0,0,0,0
479867.922508,0,0,0,0,0,0,0,0,0,0,0,0,0
479867.927562,0,0,0,0,0,0,0,0,0,0,0,0,0
479867.932505,0,0,0,0,0,0,0,0,0,0,0,0,0
479867.937513,0,0,0,0,0,0,0,0,0,0,0,0,0
479867.942518,0,0,0,0,0,0,0,0,0,0,0,0,0
479867.947595,0,0,0,0,0,0,0,0,0,0,0,0,0
479867.952573,0,0,0,0,0,0,0,0,0,0,0,0,0
479867.957466,0,0,0,0,0,0,0,0,0,0,0,0,0
479867.962575,0,0,0,0,0,0,0,0,0,0,0,0,0
479867.967540,0,0,0,0,0,0,0,0,0,0,0,0,0
479867.972670,0,0,0,0,0,0,0,0,0,0,0,0,0
479867.977571,0,0,0,0,0,0,0,0,0,0,0,0,0
479867.982571,0,0,0,0,0,0,0,0,0,0,0,0,0
479867.987513,0,0,0,0,0,0,0,0,0,0,0,0,0
479867.992507,0,0,0,0,0,0,0,0,0,0,0,0,0
479867.997640,0,0,0,0,0,0,0,0,0,0,0,0,0
479868.002563,0,0,0,0,0,0,0,0,0,0,0,0,0
479868.007573,0,0,0,0,0,0,0,0,0,0,0,0,0
479868.012599,0,0,0,0,0,0,0,0,0,0,0,0,0
479868.017557,0,0,0,0,0,0,0,0,0,0,0,0,0
479868.022496,0,0,0,0,0,0,0,0,0,0,0,0,0
479868.027562,0,0,0,0,0,0,0,0,0,0,0,0,0
479868.032541,0,0,0,0,0,0,0,0,0,0,0,0,0
479868.037482,0,0,0,0,0,0,0,0,0,0,0,0,0
479868.042509,0,0,0,0,0,0,0,0,0,0,0,0,0
479868.047610,0,0,0,0,0,0,0,0,0,0,0,0,0
479868.052581,0,0,0,0,0,0,0,0,0,0,0,0,0
479868.057505,0,0,0,0,0,0,0,0,0,0,0,0,0
479868.062582,0,0,0,0,0,0,0,0,0,0,0,0,0
479868.067569,0,0,0,0,0,0,0,0,0,0,0,0,0
479868.072675,0,0,0,0,0,0,0,0,0,0,0,0,0
479868.077588,0,0,0,0,0,0,0,0,0,0,0,0,0
479868.082589,0,0,0,0,0,0,0,0,0,0,0,0,0
479868.087502,0,0,0,0,0,0,0,0,0,0,0,0,0
479868.092661,0,0,0,0,0,0,0,0,0,0,0,0,0
479868.097582,0,0,0,0,0,0,0,0,0,0,0,0,0
479868.102604,0,0,0,0,0,0,0,0,0,0,0,0,0
479868.107581,0,0,0,0,0,0,0,0,0,0,0,0,0
479868.112557,0,0,0,0,0,0,0,0,0,0,0,0,0
479868.117587,0,0,0,0,0,0,0,0,0,0,0,0,0
479868.122510,0,0,0,0,0,0,0,0,0,0,0,0,0
479868.127573,0,0,0,0,0,0,0,0,0,0,0,0,0
479868.132457,0,0,0,0,0,0,0,0,0,0,0,0,0
479868.137453,0,0,0,0,0,0,0,0,0,0,0,0,0
479868.142509,0,0,0,0,0,0,0,0,0,0,0,0,0
479868.147613,0,0,0,0,0,0,0,0,0,0,0,0,0
479868.152544,0,0,0,0,0,0,0,0,0,0,0,0,0
479868.157514,0,0,0,0,0,0,0,0,0,0,0,0,0
479868.162600,0,0,0,0,0,0,0,0,0,0,0,0,0
479868.167493,0,0,0,0,0,0,0,0,0,0,0,0,0
479868.172628,0,0,0,0,0,0,0,0,0,0,0,0,0
479868.177555,0,0,0,0,0,0,0,0,0,0,0,0,0
479868.182608,0,0,0,0,0,0,0,0,0,0,0,0,0
479868.187486,0,0,0,0,0,0,0,0,0,0,0,0,0
479868.192538,0,0,0,0,0,0,0,0,0,0,0,0,0
479868.197650,0,0,0,0,0,0,0,0,0,0,0,0,0
479868.202542,0,0,0,0,0,0,0,0,0,0,0,0,0
479868.207549,0,0,0,0,0,0,0,0,0,0,0,0,0
479868.212557,0,0,0,0,0,0,0,0,0,0,0,0,0
479868.217542,0,0,0,0,0,0,0,0,0,0,0,0,0
479868.222504,0,0,0,0,0,0,0,0,0,0,0,0,0
479868.227524,0,0,0,0,0,0,0,0,0,0,0,0,0
479868.232516,0,0,0,0,0,0,0,0,0,0,0,0,0
479868.237512,0,0,0,0,0,0,0,0,0,0,0,0,0
479868.242524,0,0,0,0,0,0,0,0,0,0,0,0,0
479868.247600,0,0,0,0,0,0,0,0,0,0,0,0,0
479868.252543,0,0,0,0,0,0,0,0,0,0,0,0,0
479868.257525,0,0,0,0,0,0,0,0,0,0,0,0,0
479868.262597,0,0,0,0,0,0,0,0,0,0,0,0,0
479868.267648,0,0,0,0,0,0,0,0,0,0,0,0,0
479868.272629,0,0,0,0,0,0,0,0,0,0,0,0,0
479868.277550,0,0,0,0,0,0,0,0,0,0,0,0,0
479868.282552,0,0,0,0,0,0,0,0,0,0,0,0,0
479868.287506,0,0,0,0,0,0,0,0,0,0,0,0,0
479868.292570,0,0,0,0,0,0,0,0,0,0,0,0,0
479868.297612,0,0,0,0,0,0,0,0,0,0,0,0,0
479868.302565,0,0,0,0,0,0,0,0,0,0,0,0,0
479868.307561,0,0,0,0,0,0,0,0,0,0,0,0,0
479868.312590,0,0,0,0,0,0,0,0,0,0,0,0,0
479868.317567,0,0,0,0,0,0,0,0,0,0,0,0,0
479868.322541,0,0,0,0,0,0,0,0,0,0,0,0,0
479868.327600,0,0,0,0,0,0,0,0,0,0,0,0,0
479868.332562,0,0,0,0,0,0,0,0,0,0,0,0,0
479868.337506,0,0,0,0,0,0,0,0,0,0,0,0,0
479868.342521,0,0,0,0,0,0,0,0,0,0,0,0,0
479868.347570,0,0,0,0,0,0,0,0,0,0,0,0,0
479868.352499,0,0,0,0,0,0,0,0,0,0,0,0,0
479868.357684,0,0,0,0,0,0,0,0,0,0,0,0,0
479868.362543,0,0,0,0,0,0,0,0,0,0,0,0,0
479868.367511,0,0,0,0,0,0,0,0,0,0,0,0,0
479868.372551,0,0,0,0,0,0,0,0,0,0,0,0,0
479868.377552,0,0,0,0,0,0,0,0,0,0,0,0,0
479868.382523,0,0,0,0,0,0,0,0,0,0,0,0,0
479868.387504,0,0,0,0,0,0,0,0,0,0,0,0,0
479868.392574,0,0,0,0,0,0,0,0,0,0,0,0,0
479868.397568,0,0,0,0,0,0,0,0,0,0,0,0,0
479868.402710,0,0,0,0,0,0,0,0,0,0,0,0,0
479868.407569,0,0,0,0,0,0,0,0,0,0,0,0,0
479868.412533,0,0,0,0,0,0,0,0,0,0,0,0,0
479868.417533,0,0,0,0,0,0,0,0,0,0,0,0,0
479868.422555,0,0,0,0,0,0,0,0,0,0,0,0,0
479868.427663,0,0,0,0,0,0,0,0,0,0,0,0,0
479868.432477,0,0,0,0,0,0,0,0,0,0,0,0,0
479868.437526,0,0,0,0,0,0,0,0,0,0,0,0,0
479868.442525,0,0,0,0,0,0,0,0,0,0,0,0,0
479868.447579,0,0,0,0,0,0,0,0,0,0,0,0,0
479868.452532,0,0,0,0,0,0,0,0,0,0,0,0,0
479868.457569,0,0,0,0,0,0,0,0,0,0,0,0,0
479868.462675,0,0,0,0,0,0,0,0,0,0,0,0,0
479868.467572,0,0,0,0,0,0,0,0,0,0,0,0,0
479868.472568,0,0,0,0,0,0,0,0,0,0,0,0,0
479868.477549,0,0,0,0,0,0,0,0,0,0,0,0,0
479868.482541,0,0,0,0,0,0,0,0,0,0,0,0,0
479868.487511,0,0,0,0,0,0,0,0,0,0,0,0,0
479868.492511,0,0,0,0,0,0,0,0,0,0,0,0,0
479868.497589,0,0,0,0,0,0,0,0,0,0,0,0,0
479868.502651,0,0,0,0,0,0,0,0,0,0,0,0,0
479868.507674,0,0,0,0,0,0,0,0,0,0,0,0,0
479868.512586,0,0,0,0,0,0,0,0,0,0,0,0,0
479868.517546,0,0,0,0,0,0,0,0,0,0,0,0,0
479868.522541,0,0,0,0,0,0,0,0,0,0,0,0,0
479868.527591,0,0,0,0,0,0,0,0,0,0,0,0,0
479868.532523,0,0,0,0,0,0,0,0,0,0,0,0,0
479868.537639,0,0,0,0,0,0,0,0,0,0,0,0,0
479868.542515,0,0,0,0,0,0,0,0,0,0,0,0,0
479868.547598,0,0,0,0,0,0,0,0,0,0,0,0,0
479868.552582,0,0,0,0,0,0,0,0,0,0,0,0,0
479868.557704,0,0,0,0,0,0,0,0,0,0,0,0,0
479868.562752,0,0,0,0,0,0,0,0,0,0,0,0,0
479868.567549,0,0,0,0,0,0,0,0,0,0,0,0,0
479868.572561,0,0,0,0,0,0,0,0,0,0,0,0,0
479868.577562,0,0,0,0,0,0,0,0,0,0,0,0,0
479868.582561,0,0,0,0,0,0,0,0,0,0,0,0,0
479868.587514,0,0,0,0,0,0,0,0,0,0,0,0,0
479868.592471,0,0,0,0,0,0,0,0,0,0,0,0,0
479868.597556,0,0,0,0,0,0,0,0,0,0,0,0,0
479868.602661,0,0,0,0,0,0,0,0,0,0,0,0,0
479868.607558,0,0,0,0,0,0,0,0,0,0,0,0,0
479868.612553,0,0,0,0,0,0,0,0,0,0,0,0,0
479868.617539,0,0,0,0,0,0,0,0,0,0,0,0,0
479868.622530,0,0,0,0,0,0,0,0,0,0,0,0,0
479868.627565,0,0,0,0,0,0,0,0,0,0,0,0,0
479868.632471,0,0,0,0,0,0,0,0,0,0,0,0,0
479868.637519,0,0,0,0,0,0,0,0,0,0,0,0,0
479868.642522,0,0,0,0,0,0,0,0,0,0,0,0,0
479868.647526,0,0,0,0,0,0,0,0,0,0,0,0,0
479868.652535,0,0,0,0,0,0,0,0,0,0,0,0,0
479868.657540,0,0,0,0,0,0,0,0,0,0,0,0,0
479868.662594,0,0,0,0,0,0,0,0,0,0,0,0,0
479868.667486,0,0,0,0,0,0,0,0,0,0,0,0,0
479868.672517,0,0,0,0,0,0,0,0,0,0,0,0,0
479868.677567,0,0,0,0,0,0,0,0,0,0,0,0,0
479868.682549,0,0,0,0,0,0,0,0,0,0,0,0,0
479868.687522,0,0,0,0,0,0,0,0,0,0,0,0,0
479868.692512,0,0,0,0,0,0,0,0,0,0,0,0,0
479868.697656,0,0,0,0,0,0,0,0,0,0,0,0,0
479868.702609,0,0,0,0,0,0,0,0,0,0,0,0,0
479868.707540,0,0,0,0,0,0,0,0,0,0,0,0,0
479868.712567,0,0,0,0,0,0,0,0,0,0,0,0,0
479868.717575,0,0,0,0,0,0,0,0,0,0,0,0,0
479868.722463,0,0,0,0,0,0,0,0,0,0,0,0,0
479868.727550,0,0,0,0,0,0,0,0,0,0,0,0,0
479868.732519,0,0,0,0,0,0,0,0,0,0,0,0,0
479868.737529,0,0,0,0,0,0,0,0,0,0,0,0,0
479868.742487,0,0,0,0,0,0,0,0,0,0,0,0,0
479868.747595,0,0,0,0,0,0,0,0,0,0,0,0,0
479868.752524,0,0,0,0,0,0,0,0,0,0,0,0,0
479868.757530,0,0,0,0,0,0,0,0,0,0,0,0,0
479868.762595,0,0,0,0,0,0,0,0,0,0,0,0,0
479868.767603,0,0,0,0,0,0,0,0,0,0,0,0,0
479868.772557,0,0,0,0,0,0,0,0,0,0,0,0,0
479868.777601,0,0,0,0,0,0,0,0,0,0,0,0,0
479868.782591,0,0,0,0,0,0,0,0,0,0,0,0,0
479868.787493,0,0,0,0,0,0,0,0,0,0,0,0,0
479868.792516,0,0,0,0,0,0,0,0,0,0,0,0,0
479868.797546,0,0,0,0,0,0,0,0,0,0,0,0,0
479868.802556,0,0,0,0,0,0,0,0,0,0,0,0,0
479868.807543,0,0,0,0,0,0,0,0,0,0,0,0,0
479868.812559,0,0,0,0,0,0,0,0,0,0,0,0,0
479868.817598,0,0,0,0,0,0,0,0,0,0,0,0,0
479868.822465,0,0,0,0,0,0,0,0,0,0,0,0,0
479868.827581,0,0,0,0,0,0,0,0,0,0,0,0,0
479868.832536,0,0,0,0,0,0,0,0,0,0,0,0,0
479868.837490,0,0,0,0,0,0,0,0,0,0,0,0,0
479868.842527,0,0,0,0,0,0,0,0,0,0,0,0,0
479868.847604,0,0,0,0,0,0,0,0,0,0,0,0,0
479868.852543,0,0,0,0,0,0,0,0,0,0,0,0,0
479868.857670,0,0,0,0,0,0,0,0,0,0,0,0,0
479868.862765,0,0,0,0,0,0,0,0,0,0,0,0,0
479868.867560,0,0,0,0,0,0,0,0,0,0,0,0,0
479868.872857,0,0,0,0,0,0,0,0,0,0,0,0,0
479868.877560,0,0,0,0,0,0,0,0,0,0,0,0,0
479868.882556,0,0,0,0,0,0,0,0,0,0,0,0,0
479868.887497,0,0,0,0,0,0,0,0,0,0,0,0,0
479868.892515,0,0,0,0,0,0,0,0,0,0,0,0,0
479868.897582,0,0,0,0,0,0,0,0,0,0,0,0,0
479868.902587,0,0,0,0,0,0,0,0,0,0,0,0,0
479868.907546,0,0,0,0,0,0,0,0,0,0,0,0,0
479868.912591,0,0,0,0,0,0,0,0,0,0,0,0,0
479868.917603,0,0,0,0,0,0,0,0,0,0,0,0,0
479868.922509,0,0,0,0,0,0,0,0,0,0,0,0,0
479868.927605,0,0,0,0,0,0,0,0,0,0,0,0,0
479868.932526,0,0,0,0,0,0,0,0,0,0,0,0,0
479868.937584,0,0,0,0,0,0,0,0,0,0,0,0,0
479868.942557,0,0,0,0,0,0,0,0,0,0,0,0,0
479868.947574,0,0,0,0,0,0,0,0,0,0,0,0,0
479868.952547,0,0,0,0,0,0,0,0,0,0,0,0,0
479868.957590,0,0,0,0,0,0,0,0,0,0,0,0,0
479868.962629,0,0,0,0,0,0,0,0,0,0,0,0,0
479868.967583,0,0,0,0,0,0,0,0,0,0,0,0,0
479868.972590,0,0,0,0,0,0,0,0,0,0,0,0,0
479868.977615,0,0,0,0,0,0,0,0,0,0,0,0,0
479868.982574,0,0,0,0,0,0,0,0,0,0,0,0,0
479868.987511,0,0,0,0,0,0,0,0,0,0,0,0,0
479868.992501,0,0,0,0,0,0,0,0,0,0,0,0,0
479868.997662,0,0,0,0,0,0,0,0,0,0,0,0,0
479869.002627,0,0,0,0,0,0,0,0,0,0,0,0,0
479869.007541,0,0,0,0,0,0,0,0,0,0,0,0,0
479869.012609,0,0,0,0,0,0,0,0,0,0,0,0,0
479869.017584,0,0,0,0,0,0,0,0,0,0,0,0,0
479869.022534,0,0,0,0,0,0,0,0,0,0,0,0,0
479869.027545,0,0,0,0,0,0,0,0,0,0,0,0,0
479869.032510,0,0,0,0,0,0,0,0,0,0,0,0,0
479869.037553,0,0,0,0,0,0,0,0,0,0,0,0,0
479869.042572,0,0,0,0,0,0,0,0,0,0,0,0,0
479869.047605,0,0,0,0,0,0,0,0,0,0,0,0,0
479869.052556,0,0,0,0,0,0,0,0,0,0,0,0,0
479869.057648,0,0,0,0,0,0,0,0,0,0,0,0,0
479869.062785,0,0,0,0,0,0,0,0,0,0,0,0,0
479869.067710,0,0,0,0,0,0,0,0,0,0,0,0,0
479869.072686,0,0,0,0,0,0,0,0,0,0,0,0,0
479869.077600,0,0,0,0,0,0,0,0,0,0,0,0,0
479869.082651,0,0,0,0,0,0,0,0,0,0,0,0,0
479869.087534,0,0,0,0,0,0,0,0,0,0,0,0,0
479869.092592,0,0,0,0,0,0,0,0,0,0,0,0,0
479869.097708,0,0,0,0,0,0,0,0,0,0,0,0,0
479869.102612,0,0,0,0,0,0,0,0,0,0,0,0,0
479869.107599,0,0,0,0,0,0,0,0,0,0,0,0,0
479869.112724,0,0,0,0,0,0,0,0,0,0,0,0,0
479869.117696,0,0,0,0,0,0,0,0,0,0,0,0,0
479869.122607,0,0,0,0,0,0,0,0,0,0,0,0,0
479869.127734,0,0,0,0,0,0,0,0,0,0,0,0,0
479869.132630,0,0,0,0,0,0,0,0,0,0,0,0,0
479869.137586,0,0,0,0,0,0,0,0,0,0,0,0,0
479869.142606,0,0,0,0,0,0,0,0,0,0,0,0,0
479869.147696,0,0,0,0,0,0,0,0,0,0,0,0,0
479869.152634,0,0,0,0,0,0,0,0,0,0,0,0,0
479869.157580,0,0,0,0,0,0,0,0,0,0,0,0,0
479869.162716,0,0,0,0,0,0,0,0,0,0,0,0,0
479869.167684,0,0,0,0,0,0,0,0,0,0,0,0,0
479869.172699,0,0,0,0,0,0,0,0,0,0,0,0,0
479869.177657,0,0,0,0,0,0,0,0,0,0,0,0,0
479869.182658,0,0,0,0,0,0,0,0,0,0,0,0,0
479869.187619,0,0,0,0,0,0,0,0,0,0,0,0,0
479869.192684,0,0,0,0,0,0,0,0,0,0,0,0,0
479869.197756,0,0,0,0,0,0,0,0,0,0,0,0,0
479869.202744,0,0,0,0,0,0,0,0,0,0,0,0,0
479869.207642,0,0,0,0,0,0,0,0,0,0,0,0,0
479869.212640,0,0,0,0,0,0,0,0,0,0,0,0,0
479869.217643,0,0,0,0,0,0,0,0,0,0,0,0,0
479869.222635,0,0,0,0,0,0,0,0,0,0,0,0,0
479869.227712,0,0,0,0,0,0,0,0,0,0,0,0,0
479869.232606,0,0,0,0,0,0,0,0,0,0,0,0,0
479869.237607,0,0,0,0,0,0,0,0,0,0,0,0,0
479869.242630,0,0,0,0,0,0,0,0,0,0,0,0,0
479869.247680,0,0,0,0,0,0,0,0,0,0,0,0,0
479869.252648,0,0,0,0,0,0,0,0,0,0,0,0,0
479869.257674,0,0,0,0,0,0,0,0,0,0,0,0,0
479869.262681,0,0,0,0,0,0,0,0,0,0,0,0,0
479869.267644,0,0,0,0,0,0,0,0,0,0,0,0,0
479869.272688,0,0,0,0,0,0,0,0,0,0,0,0,0
479869.277660,0,0,0,0,0,0,0,0,0,0,0,0,0
479869.282681,0,0,0,0,0,0,0,0,0,0,0,0,0
479869.287603,0,0,0,0,0,0,0,0,0,0,0,0,0
479869.292677,0,0,0,0,0,0,0,0,0,0,0,0,0
479869.297785,0,0,0,0,0,0,0,0,0,0,0,0,0
479869.302676,0,0,0,0,0,0,0,0,0,0,0,0,0
479869.307658,0,0,0,0,0,0,0,0,0,0,0,0,0
479869.312688,0,0,0,0,0,0,0,0,0,0,0,0,0
479869.317647,0,0,0,0,0,0,0,0,0,0,0,0,0
479869.322572,0,0,0,0,0,0,0,0,0,0,0,0,0
479869.327678,0,0,0,0,0,0,0,0,0,0,0,0,0
479869.332580,0,0,0,0,0,0,0,0,0,0,0,0,0
479869.337772,0,0,0,0,0,0,0,0,0,0,0,0,0
479869.342528,0,0,0,0,0,0,0,0,0,0,0,0,0
479869.347582,0,0,0,0,0,0,0,0,0,0,0,0,0
479869.352582,0,0,0,0,0,0,0,0,0,0,0,0,0
479869.357863,0,0,0,0,0,0,0,0,0,0,0,0,0
479869.362662,0,0,0,0,0,0,0,0,0,0,0,0,0
479869.367558,0,0,0,0,0,0,0,0,0,0,0,0,0
479869.372554,0,0,0,0,0,0,0,0,0,0,0,0,0
479869.377578,0,0,0,0,0,0,0,0,0,0,0,0,0
479869.382589,0,0,0,0,0,0,0,0,0,0,0,0,0
479869.387528,0,0,0,0,0,0,0,0,0,0,0,0,0
479869.392541,0,0,0,0,0,0,0,0,0,0,0,0,0
479869.397627,0,0,0,0,0,0,0,0,0,0,0,0,0
479869.402535,0,0,0,0,0,0,0,0,0,0,0,0,0
479869.407537,0,0,0,0,0,0,0,0,0,0,0,0,0
479869.412575,0,0,0,0,0,0,0,0,0,0,0,0,0
479869.417550,0,0,0,0,0,0,0,0,0,0,0,0,0
479869.422562,0,0,0,0,0,0,0,0,0,0,0,0,0
479869.427635,0,0,0,0,0,0,0,0,0,0,0,0,0
479869.432558,0,0,0,0,0,0,0,0,0,0,0,0,0
479869.437602,0,0,0,0,0,0,0,0,0,0,0,0,0
479869.442580,0,0,0,0,0,0,0,0,0,0,0,0,0
479869.447624,0,0,0,0,0,0,0,0,0,0,0,0,0
479869.452572,0,0,0,0,0,0,0,0,0,0,0,0,0
479869.457683,0,0,0,0,0,0,0,0,0,0,0,0,0
479869.462735,0,0,0,0,0,0,0,0,0,0,0,0,0
479869.467659,0,0,0,0,0,0,0,0,0,0,0,0,0
479869.472713,0,0,0,0,0,0,0,0,0,0,0,0,0
479869.477711,0,0,0,0,0,0,0,0,0,0,0,0,0
479869.482759,0,0,0,0,0,0,0,0,0,0,0,0,0
479869.487614,0,0,0,0,0,0,0,0,0,0,0,0,0
479869.492713,0,0,0,0,0,0,0,0,0,0,0,0,0
479869.497866,0,0,0,0,0,0,0,0,0,0,0,0,0
479869.502776,0,0,0,0,0,0,0,0,0,0,0,0,0
479869.507708,0,0,0,0,0,0,0,0,0,0,0,0,0
479869.512781,0,0,0,0,0,0,0,0,0,0,0,0,0
479869.517762,0,0,0,0,0,0,0,0,0,0,0,0,0
479869.522695,0,0,0,0,0,0,0,0,0,0,0,0,0
479869.527746,0,0,0,0,0,0,0,0,0,0,0,0,0
479869.532683,0,0,0,0,0,0,0,0,0,0,0,0,0
479869.537680,0,0,0,0,0,0,0,0,0,0,0,0,0
479869.542686,0,0,0,0,0,0,0,0,0,0,0,0,0
479869.547691,0,0,0,0,0,0,0,0,0,0,0,0,0
479869.552717,0,0,0,0,0,0,0,0,0,0,0,0,0
479869.557633,0,0,0,0,0,0,0,0,0,0,0,0,0
479869.562787,0,0,0,0,0,0,0,0,0,0,0,0,0
479869.567675,0,0,0,0,0,0,0,0,0,0,0,0,0
479869.572710,0,0,0,0,0,0,0,0,0,0,0,0,0
479869.577665,0,0,0,0,0,0,0,0,0,0,0,0,0
479869.582719,0,0,0,0,0,0,0,0,0,0,0,0,0
479869.587553,0,0,0,0,0,0,0,0,0,0,0,0,0
479869.592702,0,0,0,0,0,0,0,0,0,0,0,0,0
479869.597800,0,0,0,0,0,0,0,0,0,0,0,0,0
479869.602755,0,0,0,0,0,0,0,0,0,0,0,0,0
479869.607638,0,0,0,0,0,0,0,0,0,0,0,0,0
479869.612728,0,0,0,0,0,0,0,0,0,0,0,0,0
479869.617686,0,0,0,0,0,0,0,0,0,0,0,0,0
479869.622697,0,0,0,0,0,0,0,0,0,0,0,0,0
479869.627725,0,0,0,0,0,0,0,0,0,0,0,0,0
479869.632599,0,0,0,0,0,0,0,0,0,0,0,0,0
479869.637700,0,0,0,0,0,0,0,0,0,0,0,0,0
479869.642700,0,0,0,0,0,0,0,0,0,0,0,0,0
479869.647731,0,0,0,0,0,0,0,0,0,0,0,0,0
479869.652684,0,0,0,0,0,0,0,0,0,0,0,0,0
479869.657679,0,0,0,0,0,0,0,0,0,0,0,0,0
479869.662776,0,0,0,0,0,0,0,0,0,0,0,0,0
479869.667705,0,0,0,0,0,0,0,0,0,0,0,0,0
479869.672656,0,0,0,0,0,0,0,0,0,0,0,0,0
479869.677626,0,0,0,0,0,0,0,0,0,0,0,0,0
479869.682721,0,0,0,0,0,0,0,0,0,0,0,0,0
479869.687636,0,0,0,0,0,0,0,0,0,0,0,0,0
479869.692705,0,0,0,0,0,0,0,0,0,0,0,0,0
479869.697855,0,0,0,0,0,0,0,0,0,0,0,0,0
479869.702763,0,0,0,0,0,0,0,0,0,0,0,0,0
479869.707688,0,0,0,0,0,0,0,0,0,0,0,0,0
479869.712711,0,0,0,0,0,0,0,0,0,0,0,0,0
479869.717692,0,0,0,0,0,0,0,0,0,0,0,0,0
479869.722691,0,0,0,0,0,0,0,0,0,0,0,0,0
479869.727703,0,0,0,0,0,0,0,0,0,0,0,0,0
479869.732645,0,0,0,0,0,0,0,0,0,0,0,0,0
479869.737652,0,0,0,0,0,0,0,0,0,0,0,0,0
479869.742710,0,0,0,0,0,0,0,0,0,0,0,0,0
479869.747754,0,0,0,0,0,0,0,0,0,0,0,0,0
479869.752728,0,0,0,0,0,0,0,0,0,0,0,0,0
479869.757656,0,0,0,0,0,0,0,0,0,0,0,0,0
479869.762773,0,0,0,0,0,0,0,0,0,0,0,0,0
479869.767705,0,0,0,0,0,0,0,0,0,0,0,0,0
479869.772654,0,0,0,0,0,0,0,0,0,0,0,0,0
479869.777694,0,0,0,0,0,0,0,0,0,0,0,0,0
479869.782736,0,0,0,0,0,0,0,0,0,0,0,0,0
479869.787535,0,0,0,0,0,0,0,0,0,0,0,0,0
479869.792627,0,0,0,0,0,0,0,0,0,0,0,0,0
479869.797660,0,0,0,0,0,0,0,0,0,0,0,0,0
479869.802681,0,0,0,0,0,0,0,0,0,0,0,0,0
479869.807715,0,0,0,0,0,0,0,0,0,0,0,0,0
479869.812725,0,0,0,0,0,0,0,0,0,0,0,0,0
479869.817690,0,0,0,0,0,0,0,0,0,0,0,0,0
479869.822715,0,0,0,0,0,0,0,0,0,0,0,0,0
479869.827647,0,0,0,0,0,0,0,0,0,0,0,0,0
479869.832644,0,0,0,0,0,0,0,0,0,0,0,0,0
479869.837626,0,0,0,0,0,0,0,0,0,0,0,0,0
479869.842503,0,0,0,0,0,0,0,0,0,0,0,0,0
479869.847662,0,0,0,0,0,0,0,0,0,0,0,0,0
479869.852612,0,0,0,0,0,0,0,0,0,0,0,0,0
479869.857677,0,0,0,0,0,0,0,0,0,0,0,0,0
479869.862699,0,0,0,0,0,0,0,0,0,0,0,0,0
479869.867686,0,0,0,0,0,0,0,0,0,0,0,0,0
479869.872587,0,0,0,0,0,0,0,0,0,0,0,0,0
479869.877725,0,0,0,0,0,0,0,0,0,0,0,0,0
479869.882735,0,0,0,0,0,0,0,0,0,0,0,0,0
479869.887635,0,0,0,0,0,0,0,0,0,0,0,0,0
479869.892706,0,0,0,0,0,0,0,0,0,0,0,0,0
479869.903594,0,0,0,0,0,0,0,0,0,0,0,0,0
479869.907713,0,0,0,0,0,0,0,0,0,0,0,0,0
479869.912707,0,0,0,0,0,0,0,0,0,0,0,0,0
479869.917628,0,0,0,0,0,0,0,0,0,0,0,0,0
479869.922653,0,0,0,0,0,0,0,0,0,0,0,0,0
479869.927800,0,0,0,0,0,0,0,0,0,0,0,0,0
479869.932675,0,0,0,0,0,0,0,0,0,0,0,0,0
479869.937618,0,0,0,0,0,0,0,0,0,0,0,0,0
479869.942627,0,0,0,0,0,0,0,0,0,0,0,0,0
479869.947654,0,0,0,0,0,0,0,0,0,0,0,0,0
479869.952633,0,0,0,0,0,0,0,0,0,0,0,0,0
479869.957559,0,0,0,0,0,0,0,0,0,0,0,0,0
479869.962636,0,0,0,0,0,0,0,0,0,0,0,0,0
479869.967597,0,0,0,0,0,0,0,0,0,0,0,0,0
479869.972703,0,0,0,0,0,0,0,0,0,0,0,0,0
479869.977725,0,0,0,0,0,0,0,0,0,0,0,0,0
479869.982708,0,0,0,0,0,0,0,0,0,0,0,0,0
479869.987541,0,0,0,0,0,0,0,0,0,0,0,0,0
479869.992621,0,0,0,0,0,0,0,0,0,0,0,0,0
479869.997667,0,0,0,0,0,0,0,0,0,0,0,0,0
479870.002789,0,0,0,0,0,0,0,0,0,0,0,0,0
479870.007711,0,0,0,0,0,0,0,0,0,0,0,0,0
479870.012744,0,0,0,0,0,0,0,0,0,0,0,0,0
479870.017774,0,0,0,0,0,0,0,0,0,0,0,0,0
479870.022698,0,0,0,0,0,0,0,0,0,0,0,0,0
479870.027694,0,0,0,0,0,0,0,0,0,0,0,0,0
479870.032620,0,0,0,0,0,0,0,0,0,0,0,0,0
479870.037624,0,0,0,0,0,0,0,0,0,0,0,0,0
479870.042684,0,0,0,0,0,0,0,0,0,0,0,0,0
479870.047778,0,0,0,0,0,0,0,0,0,0,0,0,0
479870.052703,0,0,0,0,0,0,0,0,0,0,0,0,0
479870.057695,0,0,0,0,0,0,0,0,0,0,0,0,0
479870.062776,0,0,0,0,0,0,0,0,0,0,0,0,0
479870.067700,0,0,0,0,0,0,0,0,0,0,0,0,0
479870.072612,0,0,0,0,0,0,0,0,0,0,0,0,0
479870.077665,0,0,0,0,0,0,0,0,0,0,0,0,0
479870.082632,0,0,0,0,0,0,0,0,0,0,0,0,0
479870.087648,0,0,0,0,0,0,0,0,0,0,0,0,0
479870.092662,0,0,0,0,0,0,0,0,0,0,0,0,0
479870.097745,0,0,0,0,0,0,0,0,0,0,0,0,0
479870.102720,0,0,0,0,0,0,0,0,0,0,0,0,0
479870.107639,0,0,0,0,0,0,0,0,0,0,0,0,0
479870.112722,0,0,0,0,0,0,0,0,0,0,0,0,0
479870.117685,0,0,0,0,0,0,0,0,0,0,0,0,0
479870.122677,0,0,0,0,0,0,0,0,0,0,0,0,0
479870.127784,0,0,0,0,0,0,0,0,0,0,0,0,0
479870.132715,0,0,0,0,0,0,0,0,0,0,0,0,0
479870.137658,0,0,0,0,0,0,0,0,0,0,0,0,0
479870.142560,0,0,0,0,0,0,0,0,0,0,0,0,0
479870.147758,0,0,0,0,0,0,0,0,0,0,0,0,0
479870.152667,0,0,0,0,0,0,0,0,0,0,0,0,0
479870.157636,0,0,0,0,0,0,0,0,0,0,0,0,0
479870.162699,0,0,0,0,0,0,0,0,0,0,0,0,0
479870.167758,0,0,0,0,0,0,0,0,0,0,0,0,0
479870.172638,0,0,0,0,0,0,0,0,0,0,0,0,0
479870.177677,0,0,0,0,0,0,0,0,0,0,0,0,0
479870.182685,0,0,0,0,0,0,0,0,0,0,0,0,0
479870.187566,0,0,0,0,0,0,0,0,0,0,0,0,0
479870.192553,0,0,0,0,0,0,0,0,0,0,0,0,0
479870.197831,0,0,0,0,0,0,0,0,0,0,0,0,0
479870.202665,0,0,0,0,0,0,0,0,0,0,0,0,0
479870.207568,0,0,0,0,0,0,0,0,0,0,0,0,0
479870.212718,0,0,0,0,0,0,0,0,0,0,0,0,0
479870.217715,0,0,0,0,0,0,0,0,0,0,0,0,0
479870.222655,0,0,0,0,0,0,0,0,0,0,0,0,0
479870.227720,0,0,0,0,0,0,0,0,0,0,0,0,0
479870.232667,0,0,0,0,0,0,0,0,0,0,0,0,0
479870.237701,0,0,0,0,0,0,0,0,0,0,0,0,0
479870.242558,0,0,0,0,0,0,0,0,0,0,0,0,0
479870.247687,0,0,0,0,0,0,0,0,0,0,0,0,0
479870.252687,0,0,0,0,0,0,0,0,0,0,0,0,0
479870.257637,0,0,0,0,0,0,0,0,0,0,0,0,0
479870.262638,0,0,0,0,0,0,0,0,0,0,0,0,0
479870.267600,0,0,0,0,0,0,0,0,0,0,0,0,0
479870.272552,0,0,0,0,0,0,0,0,0,0,0,0,0
479870.277566,0,0,0,0,0,0,0,0,0,0,0,0,0
479870.282670,0,0,0,0,0,0,0,0,0,0,0,0,0
479870.287556,0,0,0,0,0,0,0,0,0,0,0,0,0
479870.292676,0,0,0,0,0,0,0,0,0,0,0,0,0
479870.297824,0,0,0,0,0,0,0,0,0,0,0,0,0
479870.302766,0,0,0,0,0,0,0,0,0,0,0,0,0
479870.307659,0,0,0,0,0,0,0,0,0,0,0,0,0
479870.312769,0,0,0,0,0,0,0,0,0,0,0,0,0
479870.317764,0,0,0,0,0,0,0,0,0,0,0,0,0
479870.322706,0,0,0,0,0,0,0,0,0,0,0,0,0
479870.327720,0,0,0,0,0,0,0,0,0,0,0,0,0
479870.332796,0,0,0,0,0,0,0,0,0,0,0,0,0
479870.337691,0,0,0,0,0,0,0,0,0,0,0,0,0
479870.342515,0,0,0,0,0,0,0,0,0,0,0,0,0
479870.347690,0,0,0,0,0,0,0,0,0,0,0,0,0
479870.352639,0,0,0,0,0,0,0,0,0,0,0,0,0
479870.357660,0,0,0,0,0,0,0,0,0,0,0,0,0
479870.362709,0,0,0,0,0,0,0,0,0,0,0,0,0
479870.367732,0,0,0,0,0,0,0,0,0,0,0,0,0
479870.372673,0,0,0,0,0,0,0,0,0,0,0,0,0
479870.377670,0,0,0,0,0,0,0,0,0,0,0,0,0
479870.382686,0,0,0,0,0,0,0,0,0,0,0,0,0
479870.387629,0,0,0,0,0,0,0,0,0,0,0,0,0
479870.392629,0,0,0,0,0,0,0,0,0,0,0,0,0
479870.397834,0,0,0,0,0,0,0,0,0,0,0,0,0
479870.402738,0,0,0,0,0,0,0,0,0,0,0,0,0
479870.407720,0,0,0,0,0,0,0,0,0,0,0,0,0
479870.412752,0,0,0,0,0,0,0,0,0,0,0,0,0
479870.417750,0,0,0,0,0,0,0,0,0,0,0,0,0
479870.422756,0,0,0,0,0,0,0,0,0,0,0,0,0
479870.427756,0,0,0,0,0,0,0,0,0,0,0,0,0
479870.432722,0,0,0,0,0,0,0,0,0,0,0,0,0
479870.437604,0,0,0,0,0,0,0,0,0,0,0,0,0
479870.442681,0,0,0,0,0,0,0,0,0,0,0,0,0
479870.447776,0,0,0,0,0,0,0,0,0,0,0,0,0
479870.452781,0,0,0,0,0,0,0,0,0,0,0,0,0
479870.457695,0,0,0,0,0,0,0,0,0,0,0,0,0
479870.462747,0,0,0,0,0,0,0,0,0,0,0,0,0
479870.467615,0,0,0,0,0,0,0,0,0,0,0,0,0
479870.472561,0,0,0,0,0,0,0,0,0,0,0,0,0
479870.477585,0,0,0,0,0,0,0,0,0,0,0,0,0
479870.482610,0,0,0,0,0,0,0,0,0,0,0,0,0
479870.487563,0,0,0,0,0,0,0,0,0,0,0,0,0
479870.492575,0,0,0,0,0,0,0,0,0,0,0,0,0
479870.497603,0,0,0,0,0,0,0,0,0,0,0,0,0
479870.502592,0,0,0,0,0,0,0,0,0,0,0,0,0
479870.507561,0,0,0,0,0,0,0,0,0,0,0,0,0
479870.512594,0,0,0,0,0,0,0,0,0,0,0,0,0
479870.517612,0,0,0,0,0,0,0,0,0,0,0,0,0
479870.522523,0,0,0,0,0,0,0,0,0,0,0,0,0
479870.527556,0,0,0,0,0,0,0,0,0,0,0,0,0
479870.532569,0,0,0,0,0,0,0,0,0,0,0,0,0
479870.537550,0,0,0,0,0,0,0,0,0,0,0,0,0
479870.542563,0,0,0,0,0,0,0,0,0,0,0,0,0
479870.547607,0,0,0,0,0,0,0,0,0,0,0,0,0
479870.552645,0,0,0,0,0,0,0,0,0,0,0,0,0
479870.557757,0,0,0,0,0,0,0,0,0,0,0,0,0
479870.562851,0,0,0,0,0,0,0,0,0,0,0,0,0
479870.567765,0,0,0,0,0,0,0,0,0,0,0,0,0
479870.572698,0,0,0,0,0,0,0,0,0,0,0,0,0
479870.577653,0,0,0,0,0,0,0,0,0,0,0,0,0
479870.582690,0,0,0,0,0,0,0,0,0,0,0,0,0
479870.587566,0,0,0,0,0,0,0,0,0,0,0,0,0
479870.592636,0,0,0,0,0,0,0,0,0,0,0,0,0
479870.597794,0,0,0,0,0,0,0,0,0,0,0,0,0
479870.602786,0,0,0,0,0,0,0,0,0,0,0,0,0
479870.607646,0,0,0,0,0,0,0,0,0,0,0,0,0
479870.612738,0,0,0,0,0,0,0,0,0,0,0,0,0
479870.617742,0,0,0,0,0,0,0,0,0,0,0,0,0
479870.622702,0,0,0,0,0,0,0,0,0,0,0,0,0
479870.627700,0,0,0,0,0,0,0,0,0,0,0,0,0
479870.632665,0,0,0,0,0,0,0,0,0,0,0,0,0
479870.637685,0,0,0,0,0,0,0,0,0,0,0,0,0
479870.642705,0,0,0,0,0,0,0,0,0,0,0,0,0
479870.647729,0,0,0,0,0,0,0,0,0,0,0,0,0
479870.652740,0,0,0,0,0,0,0,0,0,0,0,0,0
479870.657619,0,0,0,0,0,0,0,0,0,0,0,0,0
479870.662786,0,0,0,0,0,0,0,0,0,0,0,0,0
479870.667628,0,0,0,0,0,0,0,0,0,0,0,0,0
479870.672554,0,0,0,0,0,0,0,0,0,0,0,0,0
479870.677597,0,0,0,0,0,0,0,0,0,0,0,0,0
479870.682668,0,0,0,0,0,0,0,0,0,0,0,0,0
479870.687571,0,0,0,0,0,0,0,0,0,0,0,0,0
479870.692610,0,0,0,0,0,0,0,0,0,0,0,0,0
479870.697618,0,0,0,0,0,0,0,0,0,0,0,0,0
479870.702610,0,0,0,0,0,0,0,0,0,0,0,0,0
479870.707565,0,0,0,0,0,0,0,0,0,0,0,0,0
479870.712642,0,0,0,0,0,0,0,0,0,0,0,0,0
479870.717586,0,0,0,0,0,0,0,0,0,0,0,0,0
479870.722494,0,0,0,0,0,0,0,0,0,0,0,0,0
479870.727557,0,0,0,0,0,0,0,0,0,0,0,0,0
479870.732567,0,0,0,0,0,0,0,0,0,0,0,0,0
479870.737548,0,0,0,0,0,0,0,0,0,0,0,0,0
479870.742529,0,0,0,0,0,0,0,0,0,0,0,0,0
479870.747590,0,0,0,0,0,0,0,0,0,0,0,0,0
479870.752626,0,0,0,0,0,0,0,0,0,0,0,0,0
479870.757572,0,0,0,0,0,0,0,0,0,0,0,0,0
479870.762611,0,0,0,0,0,0,0,0,0,0,0,0,0
479870.767572,0,0,0,0,0,0,0,0,0,0,0,0,0
479870.772554,0,0,0,0,0,0,0,0,0,0,0,0,0
479870.777581,0,0,0,0,0,0,0,0,0,0,0,0,0
479870.782676,0,0,0,0,0,0,0,0,0,0,0,0,0
479870.787574,0,0,0,0,0,0,0,0,0,0,0,0,0
479870.792578,0,0,0,0,0,0,0,0,0,0,0,0,0
479870.797610,0,0,0,0,0,0,0,0,0,0,0,0,0
479870.802598,0,0,0,0,0,0,0,0,0,0,0,0,0
479870.807583,0,0,0,0,0,0,0,0,0,0,0,0,0
479870.812618,0,0,0,0,0,0,0,0,0,0,0,0,0
479870.817578,0,0,0,0,0,0,0,0,0,0,0,0,0
479870.822576,0,0,0,0,0,0,0,0,0,0,0,0,0
479870.827534,0,0,0,0,0,0,0,0,0,0,0,0,0
479870.832573,0,0,0,0,0,0,0,0,0,0,0,0,0
479870.837565,0,0,0,0,0,0,0,0,0,0,0,0,0
479870.842546,0,0,0,0,0,0,0,0,0,0,0,0,0
479870.847605,0,0,0,0,0,0,0,0,0,0,0,0,0
479870.852585,0,0,0,0,0,0,0,0,0,0,0,0,0
479870.857770,0,0,0,0,0,0,0,0,0,0,0,0,0
479870.862805,0,0,0,0,0,0,0,0,0,0,0,0,0
479870.867744,0,0,0,0,0,0,0,0,0,0,0,0,0
479870.872704,0,0,0,0,0,0,0,0,0,0,0,0,0
479870.877672,0,0,0,0,0,0,0,0,0,0,0,0,0
479870.882773,0,0,0,0,0,0,0,0,0,0,0,0,0
479870.887600,0,0,0,0,0,0,0,0,0,0,0,0,0
479870.892746,0,0,0,0,0,0,0,0,0,0,0,0,0
479870.897851,0,0,0,0,0,0,0,0,0,0,0,0,0
479870.902777,0,0,0,0,0,0,0,0,0,0,0,0,0
479870.907723,0,0,0,0,0,0,0,0,0,0,0,0,0
479870.912809,0,0,0,0,0,0,0,0,0,0,0,0,0
479870.917786,0,0,0,0,0,0,0,0,0,0,0,0,0
479870.922706,0,0,0,0,0,0,0,0,0,0,0,0,0
479870.927732,0,0,0,0,0,0,0,0,0,0,0,0,0
479870.933382,0,0,0,0,0,0,0,0,0,0,0,0,0
479870.937687,0,0,0,0,0,0,0,0,0,0,0,0,0
479870.942660,0,0,0,0,0,0,0,0,0,0,0,0,0
479870.947865,0,0,0,0,0,0,0,0,0,0,0,0,0
479870.952705,0,0,0,0,0,0,0,0,0,0,0,0,0
479870.957640,0,0,0,0,0,0,0,0,0,0,0,0,0
479870.962658,0,0,0,0,0,0,0,0,0,0,0,0,0
479870.967662,0,0,0,0,0,0,0,0,0,0,0,0,0
479870.972723,0,0,0,0,0,0,0,0,0,0,0,0,0
479870.977613,0,0,0,0,0,0,0,0,0,0,0,0,0
479870.982619,0,0,0,0,0,0,0,0,0,0,0,0,0
479870.987610,0,0,0,0,0,0,0,0,0,0,0,0,0
479870.992604,0,0,0,0,0,0,0,0,0,0,0,0,0
479870.997871,0,0,0,0,0,0,0,0,0,0,0,0,0
479871.002741,0,0,0,0,0,0,0,0,0,0,0,0,0
479871.007729,0,0,0,0,0,0,0,0,0,0,0,0,0
479871.012604,0,0,0,0,0,0,0,0,0,0,0,0,0
479871.017603,0,0,0,0,0,0,0,0,0,0,0,0,0
479871.022555,0,0,0,0,0,0,0,0,0,0,0,0,0
479871.027549,0,0,0,0,0,0,0,0,0,0,0,0,0
479871.032607,0,0,0,0,0,0,0,0,0,0,0,0,0
479871.037573,0,0,0,0,0,0,0,0,0,0,0,0,0
479871.042577,0,0,0,0,0,0,0,0,0,0,0,0,0
479871.047609,0,0,0,0,0,0,0,0,0,0,0,0,0
479871.052573,0,0,0,0,0,0,0,0,0,0,0,0,0
479871.057529,0,0,0,0,0,0,0,0,0,0,0,0,0
479871.062598,0,0,0,0,0,0,0,0,0,0,0,0,0
479871.067590,0,0,0,0,0,0,0,0,0,0,0,0,0
479871.072521,0,0,0,0,0,0,0,0,0,0,0,0,0
479871.077557,0,0,0,0,0,0,0,0,0,0,0,0,0
479871.082596,0,0,0,0,0,0,0,0,0,0,0,0,0
479871.087564,0,0,0,0,0,0,0,0,0,0,0,0,0
479871.092586,0,0,0,0,0,0,0,0,0,0,0,0,0
479871.097716,0,0,0,0,0,0,0,0,0,0,0,0,0
479871.102630,0,0,0,0,0,0,0,0,0,0,0,0,0
479871.107585,0,0,0,0,0,0,0,0,0,0,0,0,0
479871.112621,0,0,0,0,0,0,0,0,0,0,0,0,0
479871.117614,0,0,0,0,0,0,0,0,0,0,0,0,0
479871.122544,0,0,0,0,0,0,0,0,0,0,0,0,0
479871.127573,0,0,0,0,0,0,0,0,0,0,0,0,0
479871.132558,0,0,0,0,0,0,0,0,0,0,0,0,0
479871.137592,0,0,0,0,0,0,0,0,0,0,0,0,0
479871.142578,0,0,0,0,0,0,0,0,0,0,0,0,0
479871.147636,0,0,0,0,0,0,0,0,0,0,0,0,0
479871.152609,0,0,0,0,0,0,0,0,0,0,0,0,0
479871.157547,0,0,0,0,0,0,0,0,0,0,0,0,0
479871.162583,0,0,0,0,0,0,0,0,0,0,0,0,0
479871.167601,0,0,0,0,0,0,0,0,0,0,0,0,0
479871.172568,0,0,0,0,0,0,0,0,0,0,0,0,0
479871.177555,0,0,0,0,0,0,0,0,0,0,0,0,0
479871.182599,0,0,0,0,0,0,0,0,0,0,0,0,0
479871.187586,0,0,0,0,0,0,0,0,0,0,0,0,0
479871.192668,0,0,0,0,0,0,0,0,0,0,0,0,0
479871.197702,0,0,0,0,0,0,0,0,0,0,0,0,0
479871.202664,0,0,0,0,0,0,0,0,0,0,0,0,0
479871.207622,0,0,0,0,0,0,0,0,0,0,0,0,0
479871.212594,0,0,0,0,0,0,0,0,0,0,0,0,0
479871.217665,0,0,0,0,0,0,0,0,0,0,0,0,0
479871.222554,0,0,0,0,0,0,0,0,0,0,0,0,0
479871.227559,0,0,0,0,0,0,0,0,0,0,0,0,0
479871.232557,0,0,0,0,0,0,0,0,0,0,0,0,0
479871.237607,0,0,0,0,0,0,0,0,0,0,0,0,0
479871.242552,0,0,0,0,0,0,0,0,0,0,0,0,0
479871.247616,0,0,0,0,0,0,0,0,0,0,0,0,0
479871.252601,0,0,0,0,0,0,0,0,0,0,0,0,0
479871.257536,0,0,0,0,0,0,0,0,0,0,0,0,0
479871.262581,0,0,0,0,0,0,0,0,0,0,0,0,0
479871.267629,0,0,0,0,0,0,0,0,0,0,0,0,0
479871.272518,0,0,0,0,0,0,0,0,0,0,0,0,0
479871.277589,0,0,0,0,0,0,0,0,0,0,0,0,0
479871.282614,0,0,0,0,0,0,0,0,0,0,0,0,0
479871.287564,0,0,0,0,0,0,0,0,0,0,0,0,0
479871.292563,0,0,0,0,0,0,0,0,0,0,0,0,0
479871.297679,0,0,0,0,0,0,0,0,0,0,0,0,0
479871.302652,0,0,0,0,0,0,0,0,0,0,0,0,0
479871.307652,0,0,0,0,0,0,0,0,0,0,0,0,0
479871.312634,0,0,0,0,0,0,0,0,0,0,0,0,0
479871.317650,0,0,0,0,0,0,0,0,0,0,0,0,0
479871.322522,0,0,0,0,0,0,0,0,0,0,0,0,0
479871.327601,0,0,0,0,0,0,0,0,0,0,0,0,0
479871.332574,0,0,0,0,0,0,0,0,0,0,0,0,0
479871.337637,0,0,0,0,0,0,0,0,0,0,0,0,0
479871.342574,0,0,0,0,0,0,0,0,0,0,0,0,0
479871.347687,0,0,0,0,0,0,0,0,0,0,0,0,0
479871.352594,0,0,0,0,0,0,0,0,0,0,0,0,0
479871.357585,0,0,0,0,0,0,0,0,0,0,0,0,0
479871.362634,0,0,0,0,0,0,0,0,0,0,0,0,0
479871.367659,0,0,0,0,0,0,0,0,0,0,0,0,0
479871.372595,0,0,0,0,0,0,0,0,0,0,0,0,0
479871.377621,0,0,0,0,0,0,0,0,0,0,0,0,0
479871.382673,0,0,0,0,0,0,0,0,0,0,0,0,0
479871.387584,0,0,0,0,0,0,0,0,0,0,0,0,0
479871.392567,0,0,0,0,0,0,0,0,0,0,0,0,0
479871.397753,0,0,0,0,0,0,0,0,0,0,0,0,0
479871.402728,0,0,0,0,0,0,0,0,0,0,0,0,0
479871.407690,0,0,0,0,0,0,0,0,0,0,0,0,0
479871.412697,0,0,0,0,0,0,0,0,0,0,0,0,0
479871.417663,0,0,0,0,0,0,0,0,0,0,0,0,0
479871.422587,0,0,0,0,0,0,0,0,0,0,0,0,0
479871.427596,0,0,0,0,0,0,0,0,0,0,0,0,0
479871.432583,0,0,0,0,0,0,0,0,0,0,0,0,0
479871.437644,0,0,0,0,0,0,0,0,0,0,0,0,0
479871.442585,0,0,0,0,0,0,0,0,0,0,0,0,0
479871.447635,0,0,0,0,0,0,0,0,0,0,0,0,0
479871.452584,0,0,0,0,0,0,0,0,0,0,0,0,0
479871.457578,0,0,0,0,0,0,0,0,0,0,0,0,0
479871.462580,0,0,0,0,0,0,0,0,0,0,0,0,0
479871.467639,0,0,0,0,0,0,0,0,0,0,0,0,0
479871.472575,0,0,0,0,0,0,0,0,0,0,0,0,0
479871.477623,0,0,0,0,0,0,0,0,0,0,0,0,0
479871.482648,0,0,0,0,0,0,0,0,0,0,0,0,0
479871.487580,0,0,0,0,0,0,0,0,0,0,0,0,0
479871.492575,0,0,0,0,0,0,0,0,0,0,0,0,0
479871.497745,0,0,0,0,0,0,0,0,0,0,0,0,0
479871.502687,0,0,0,0,0,0,0,0,0,0,0,0,0
479871.507678,0,0,0,0,0,0,0,0,0,0,0,0,0
479871.512652,0,0,0,0,0,0,0,0,0,0,0,0,0
479871.517668,0,0,0,0,0,0,0,0,0,0,0,0,0
479871.522606,0,0,0,0,0,0,0,0,0,0,0,0,0
479871.527547,0,0,0,0,0,0,0,0,0,0,0,0,0
479871.532596,0,0,0,0,0,0,0,0,0,0,0,0,0
479871.537645,0,0,0,0,0,0,0,0,0,0,0,0,0
479871.542599,0,0,0,0,0,0,0,0,0,0,0,0,0
479871.547631,0,0,0,0,0,0,0,0,0,0,0,0,0
479871.552612,0,0,0,0,0,0,0,0,0,0,0,0,0
479871.557797,0,0,0,0,0,0,0,0,0,0,0,0,0
479871.562805,0,0,0,0,0,0,0,0,0,0,0,0,0
479871.567818,0,0,0,0,0,0,0,0,0,0,0,0,0
479871.572748,0,0,0,0,0,0,0,0,0,0,0,0,0
479871.577611,0,0,0,0,0,0,0,0,0,0,0,0,0
479871.582660,0,0,0,0,0,0,0,0,0,0,0,0,0
479871.587584,0,0,0,0,0,0,0,0,0,0,0,0,0
479871.592597,0,0,0,0,0,0,0,0,0,0,0,0,0
479871.597797,0,0,0,0,0,0,0,0,0,0,0,0,0
479871.602745,0,0,0,0,0,0,0,0,0,0,0,0,0
479871.607708,0,0,0,0,0,0,0,0,0,0,0,0,0
479871.612658,0,0,0,0,0,0,0,0,0,0,0,0,0
479871.617633,0,0,0,0,0,0,0,0,0,0,0,0,0
479871.622603,0,0,0,0,0,0,0,0,0,0,0,0,0
479871.627614,0,0,0,0,0,0,0,0,0,0,0,0,0
479871.632611,0,0,0,0,0,0,0,0,0,0,0,0,0
479871.637653,0,0,0,0,0,0,0,0,0,0,0,0,0
479871.642608,0,0,0,0,0,0,0,0,0,0,0,0,0
479871.647676,0,0,0,0,0,0,0,0,0,0,0,0,0
479871.652606,0,0,0,0,0,0,0,0,0,0,0,0,0
479871.657601,0,0,0,0,0,0,0,0,0,0,0,0,0
479871.662658,0,0,0,0,0,0,0,0,0,0,0,0,0
479871.667689,0,0,0,0,0,0,0,0,0,0,0,0,0
479871.672596,0,0,0,0,0,0,0,0,0,0,0,0,0
479871.677613,0,0,0,0,0,0,0,0,0,0,0,0,0
479871.682637,0,0,0,0,0,0,0,0,0,0,0,0,0
479871.687585,0,0,0,0,0,0,0,0,0,0,0,0,0
479871.692600,0,0,0,0,0,0,0,0,0,0,0,0,0
479871.697722,0,0,0,0,0,0,0,0,0,0,0,0,0
479871.702651,0,0,0,0,0,0,0,0,0,0,0,0,0
479871.707673,0,0,0,0,0,0,0,0,0,0,0,0,0
479871.712584,0,0,0,0,0,0,0,0,0,0,0,0,0
479871.717573,0,0,0,0,0,0,0,0,0,0,0,0,0
479871.722584,0,0,0,0,0,0,0,0,0,0,0,0,0
479871.727645,0,0,0,0,0,0,0,0,0,0,0,0,0
479871.732578,0,0,0,0,0,0,0,0,0,0,0,0,0
479871.737593,0,0,0,0,0,0,0,0,0,0,0,0,0
479871.742569,0,0,0,0,0,0,0,0,0,0,0,0,0
479871.747648,0,0,0,0,0,0,0,0,0,0,0,0,0
479871.752609,0,0,0,0,0,0,0,0,0,0,0,0,0
479871.757522,0,0,0,0,0,0,0,0,0,0,0,0,0
479871.762644,0,0,0,0,0,0,0,0,0,0,0,0,0
479871.767695,0,0,0,0,0,0,0,0,0,0,0,0,0
479871.772807,0,0,0,0,0,0,0,0,0,0,0,0,0
479871.777577,0,0,0,0,0,0,0,0,0,0,0,0,0
479871.782617,0,0,0,0,0,0,0,0,0,0,0,0,0
479871.787564,0,0,0,0,0,0,0,0,0,0,0,0,0
479871.792645,0,0,0,0,0,0,0,0,0,0,0,0,0
479871.797715,0,0,0,0,0,0,0,0,0,0,0,0,0
479871.802672,0,0,0,0,0,0,0,0,0,0,0,0,0
479871.807674,0,0,0,0,0,0,0,0,0,0,0,0,0
479871.812578,0,0,0,0,0,0,0,0,0,0,0,0,0
479871.817611,0,0,0,0,0,0,0,0,0,0,0,0,0
479871.822551,0,0,0,0,0,0,0,0,0,0,0,0,0
479871.827624,0,0,0,0,0,0,0,0,0,0,0,0,0
479871.832594,0,0,0,0,0,0,0,0,0,0,0,0,0
479871.837660,0,0,0,0,0,0,0,0,0,0,0,0,0
479871.842548,0,0,0,0,0,0,0,0,0,0,0,0,0
479871.847592,0,0,0,0,0,0,0,0,0,0,0,0,0
479871.852590,0,0,0,0,0,0,0,0,0,0,0,0,0
479871.857640,0,0,0,0,0,0,0,0,0,0,0,0,0
479871.862640,0,0,0,0,0,0,0,0,0,0,0,0,0
479871.867632,0,0,0,0,0,0,0,0,0,0,0,0,0
479871.872730,0,0,0,0,0,0,0,0,0,0,0,0,0
479871.877592,0,0,0,0,0,0,0,0,0,0,0,0,0
479871.882623,0,0,0,0,0,0,0,0,0,0,0,0,0
479871.887569,0,0,0,0,0,0,0,0,0,0,0,0,0
479871.892624,0,0,0,0,0,0,0,0,0,0,0,0,0
479871.897675,0,0,0,0,0,0,0,0,0,0,0,0,0
479871.902659,0,0,0,0,0,0,0,0,0,0,0,0,0
479871.907716,0,0,0,0,0,0,0,0,0,0,0,0,0
479871.912679,0,0,0,0,0,0,0,0,0,0,0,0,0
479871.917657,0,0,0,0,0,0,0,0,0,0,0,0,0
479871.922625,0,0,0,0,0,0,0,0,0,0,0,0,0
479871.927661,0,0,0,0,0,0,0,0,0,0,0,0,0
479871.932673,0,0,0,0,0,0,0,0,0,0,0,0,0
479871.937692,0,0,0,0,0,0,0,0,0,0,0,0,0
479871.942720,0,0,0,0,0,0,0,0,0,0,0,0,0
479871.947692,0,0,0,0,0,0,0,0,0,0,0,0,0
479871.952623,0,0,0,0,0,0,0,0,0,0,0,0,0
479871.957586,0,0,0,0,0,0,0,0,0,0,0,0,0
479871.962649,0,0,0,0,0,0,0,0,0,0,0,0,0
479871.967654,0,0,0,0,0,0,0,0,0,0,0,0,0
479871.972811,0,0,0,0,0,0,0,0,0,0,0,0,0
479871.977653,0,0,0,0,0,0,0,0,0,0,0,0,0
479871.982822,0,0,0,0,0,0,0,0,0,0,0,0,0
479871.987645,0,0,0,0,0,0,0,0,0,0,0,0,0
479871.992702,0,0,0,0,0,0,0,0,0,0,0,0,0
479872.001808,0,0,0,0,0,0,0,0,0,0,0,0,0
479872.002677,0,0,0,0,0,0,0,0,0,0,0,0,0
479872.007760,0,0,0,0,0,0,0,0,0,0,0,0,0
479872.012746,0,0,0,0,0,0,0,0,0,0,0,0,0
479872.017753,0,0,0,0,0,0,0,0,0,0,0,0,0
479872.022712,0,0,0,0,0,0,0,0,0,0,0,0,0
479872.027669,0,0,0,0,0,0,0,0,0,0,0,0,0
479872.032637,0,0,0,0,0,0,0,0,0,0,0,0,0
479872.037661,0,0,0,0,0,0,0,0,0,0,0,0,0
479872.042601,0,0,0,0,0,0,0,0,0,0,0,0,0
479872.047651,0,0,0,0,0,0,0,0,0,0,0,0,0
479872.052609,0,0,0,0,0,0,0,0,0,0,0,0,0
479872.057652,0,0,0,0,0,0,0,0,0,0,0,0,0
479872.062686,0,0,0,0,0,0,0,0,0,0,0,0,0
479872.067667,0,0,0,0,0,0,0,0,0,0,0,0,0
479872.073264,0,0,0,0,0,0,0,0,0,0,0,0,0
479872.077600,0,0,0,0,0,0,0,0,0,0,0,0,0
479872.082674,0,0,0,0,0,0,0,0,0,0,0,0,0
479872.087603,0,0,0,0,0,0,0,0,0,0,0,0,0
479872.092582,0,0,0,0,0,0,0,0,0,0,0,0,0
479872.097694,0,0,0,0,0,0,0,0,0,0,0,0,0
479872.102641,0,0,0,0,0,0,0,0,0,0,0,0,0
479872.107663,0,0,0,0,0,0,0,0,0,0,0,0,0
479872.112611,0,0,0,0,0,0,0,0,0,0,0,0,0
479872.117638,0,0,0,0,0,0,0,0,0,0,0,0,0
479872.122628,0,0,0,0,0,0,0,0,0,0,0,0,0
479872.127695,0,0,0,0,0,0,0,0,0,0,0,0,0
479872.132546,0,0,0,0,0,0,0,0,0,0,0,0,0
479872.137634,0,0,0,0,0,0,0,0,0,0,0,0,0
479872.142563,0,0,0,0,0,0,0,0,0,0,0,0,0
479872.147696,0,0,0,0,0,0,0,0,0,0,0,0,0
479872.152715,0,0,0,0,0,0,0,0,0,0,0,0,0
479872.157657,0,0,0,0,0,0,0,0,0,0,0,0,0
479872.162652,0,0,0,0,0,0,0,0,0,0,0,0,0
479872.167680,0,0,0,0,0,0,0,0,0,0,0,0,0
479872.172563,0,0,0,0,0,0,0,0,0,0,0,0,0
479872.177547,0,0,0,0,0,0,0,0,0,0,0,0,0
479872.182680,0,0,0,0,0,0,0,0,0,0,0,0,0
479872.187587,0,0,0,0,0,0,0,0,0,0,0,0,0
479872.192637,0,0,0,0,0,0,0,0,0,0,0,0,0
479872.197679,0,0,0,0,0,0,0,0,0,0,0,0,0
479872.202617,0,0,0,0,0,0,0,0,0,0,0,0,0
479872.207661,0,0,0,0,0,0,0,0,0,0,0,0,0
479872.212588,0,0,0,0,0,0,0,0,0,0,0,0,0
479872.217677,0,0,0,0,0,0,0,0,0,0,0,0,0
479872.222620,0,0,0,0,0,0,0,0,0,0,0,0,0
479872.227634,0,0,0,0,0,0,0,0,0,0,0,0,0
479872.232581,0,0,0,0,0,0,0,0,0,0,0,0,0
479872.237548,0,0,0,0,0,0,0,0,0,0,0,0,0
479872.242532,0,0,0,0,0,0,0,0,0,0,0,0,0
479872.247603,0,0,0,0,0,0,0,0,0,0,0,0,0
479872.252673,0,0,0,0,0,0,0,0,0,0,0,0,0
479872.257643,0,0,0,0,0,0,0,0,0,0,0,0,0
479872.262719,0,0,0,0,0,0,0,0,0,0,0,0,0
479872.267610,0,0,0,0,0,0,0,0,0,0,0,0,0
479872.272597,0,0,0,0,0,0,0,0,0,0,0,0,0
479872.278598,0,0,0,0,0,0,0,0,0,0,0,0,0
479872.283468,0,0,0,0,0,0,0,0,0,0,0,0,0
479872.287569,0,0,0,0,0,0,0,0,0,0,0,0,0
479872.292644,0,0,0,0,0,0,0,0,0,0,0,0,0
479872.297694,0,0,0,0,0,0,0,0,0,0,0,0,0
479872.302688,0,0,0,0,0,0,0,0,0,0,0,0,0
479872.307693,0,0,0,0,0,0,0,0,0,0,0,0,0
479872.312575,0,0,0,0,0,0,0,0,0,0,0,0,0
479872.317710,0,0,0,0,0,0,0,0,0,0,0,0,0
479872.322630,0,0,0,0,0,0,0,0,0,0,0,0,0
479872.327639,0,0,0,0,0,0,0,0,0,0,0,0,0
479872.332588,0,0,0,0,0,0,0,0,0,0,0,0,0
479872.337580,0,0,0,0,0,0,0,0,0,0,0,0,0
479872.342577,0,0,0,0,0,0,0,0,0,0,0,0,0
479872.347686,0,0,0,0,0,0,0,0,0,0,0,0,0
479872.352700,0,0,0,0,0,0,0,0,0,0,0,0,0
479872.357658,0,0,0,0,0,0,0,0,0,0,0,0,0
479872.362651,0,0,0,0,0,0,0,0,0,0,0,0,0
479872.367581,0,0,0,0,0,0,0,0,0,0,0,0,0
479872.372581,0,0,0,0,0,0,0,0,0,0,0,0,0
479872.377657,0,0,0,0,0,0,0,0,0,0,0,0,0
479872.382668,0,0,0,0,0,0,0,0,0,0,0,0,0
479872.387600,0,0,0,0,0,0,0,0,0,0,0,0,0
479872.392567,0,0,0,0,0,0,0,0,0,0,0,0,0
479872.397700,0,0,0,0,0,0,0,0,0,0,0,0,0
479872.404258,0,0,0,0,0,0,0,0,0,0,0,0,0
479872.407641,0,0,0,0,0,0,0,0,0,0,0,0,0
479872.412610,0,0,0,0,0,0,0,0,0,0,0,0,0
479872.417747,0,0,0,0,0,0,0,0,0,0,0,0,0
479872.422614,0,0,0,0,0,0,0,0,0,0,0,0,0
479872.427636,0,0,0,0,0,0,0,0,0,0,0,0,0
479872.432591,0,0,0,0,0,0,0,0,0,0,0,0,0
479872.437589,0,0,0,0,0,0,0,0,0,0,0,0,0
479872.442750,0,0,0,0,0,0,0,0,0,0,0,0,0
479872.447763,0,0,0,0,0,0,0,0,0,0,0,0,0
479872.452758,0,0,0,0,0,0,0,0,0,0,0,0,0
479872.457746,0,0,0,0,0,0,0,0,0,0,0,0,0
479872.462746,0,0,0,0,0,0,0,0,0,0,0,0,0
479872.467772,0,0,0,0,0,0,0,0,0,0,0,0,0
479872.472739,0,0,0,0,0,0,0,0,0,0,0,0,0
479872.477609,0,0,0,0,0,0,0,0,0,0,0,0,0
479872.482669,0,0,0,0,0,0,0,0,0,0,0,0,0
479872.487569,0,0,0,0,0,0,0,0,0,0,0,0,0
479872.492648,0,0,0,0,0,0,0,0,0,0,0,0,0
479872.497667,0,0,0,0,0,0,0,0,0,0,0,0,0
479872.502664,0,0,0,0,0,0,0,0,0,0,0,0,0
479872.507619,0,0,0,0,0,0,0,0,0,0,0,0,0
479872.512594,0,0,0,0,0,0,0,0,0,0,0,0,0
479872.517696,0,0,0,0,0,0,0,0,0,0,0,0,0
479872.522634,0,0,0,0,0,0,0,0,0,0,0,0,0
479872.527658,0,0,0,0,0,0,0,0,0,0,0,0,0
479872.532592,0,0,0,0,0,0,0,0,0,0,0,0,0
479872.537598,0,0,0,0,0,0,0,0,0,0,0,0,0
479872.542578,0,0,0,0,0,0,0,0,0,0,0,0,0
479872.547706,0,0,0,0,0,0,0,0,0,0,0,0,0
479872.552682,0,0,0,0,0,0,0,0,0,0,0,0,0
479872.557645,0,0,0,0,0,0,0,0,0,0,0,0,0
479872.562651,0,0,0,0,0,0,0,0,0,0,0,0,0
479872.567608,0,0,0,0,0,0,0,0,0,0,0,0,0
479872.572539,0,0,0,0,0,0,0,0,0,0,0,0,0
479872.577587,0,0,0,0,0,0,0,0,0,0,0,0,0
479872.582682,0,0,0,0,0,0,0,0,0,0,0,0,0
479872.587585,0,0,0,0,0,0,0,0,0,0,0,0,0
479872.592641,0,0,0,0,0,0,0,0,0,0,0,0,0
479872.597606,0,0,0,0,0,0,0,0,0,0,0,0,0
479872.602639,0,0,0,0,0,0,0,0,0,0,0,0,0
479872.607640,0,0,0,0,0,0,0,0,0,0,0,0,0
479872.612599,0,0,0,0,0,0,0,0,0,0,0,0,0
479872.617727,0,0,0,0,0,0,0,0,0,0,0,0,0
479872.623121,0,0,0,0,0,0,0,0,0,0,0,0,0
479872.627622,0,0,0,0,0,0,0,0,0,0,0,0,0
479872.632630,0,0,0,0,0,0,0,0,0,0,0,0,0
479872.637616,0,0,0,0,0,0,0,0,0,0,0,0,0
479872.642580,0,0,0,0,0,0,0,0,0,0,0,0,0
479872.647636,0,0,0,0,0,0,0,0,0,0,0,0,0
479872.652708,0,0,0,0,0,0,0,0,0,0,0,0,0
479872.657594,0,0,0,0,0,0,0,0,0,0,0,0,0
479872.662579,0,0,0,0,0,0,0,0,0,0,0,0,0
479872.667567,0,0,0,0,0,0,0,0,0,0,0,0,0
479872.672579,0,0,0,0,0,0,0,0,0,0,0,0,0
479872.678340,0,0,0,0,0,0,0,0,0,0,0,0,0
479872.682668,0,0,0,0,0,0,0,0,0,0,0,0,0
479872.687608,0,0,0,0,0,0,0,0,0,0,0,0,0
479872.692664,0,0,0,0,0,0,0,0,0,0,0,0,0
479872.697633,0,0,0,0,0,0,0,0,0,0,0,0,0
479872.702628,0,0,0,0,0,0,0,0,0,0,0,0,0
479872.707602,0,0,0,0,0,0,0,0,0,0,0,0,0
479872.712623,0,0,0,0,0,0,0,0,0,0,0,0,0
479872.717701,0,0,0,0,0,0,0,0,0,0,0,0,0
479872.722672,0,0,0,0,0,0,0,0,0,0,0,0,0
479872.727613,0,0,0,0,0,0,0,0,0,0,0,0,0
479872.732617,0,0,0,0,0,0,0,0,0,0,0,0,0
479872.737580,0,0,0,0,0,0,0,0,0,0,0,0,0
479872.742622,0,0,0,0,0,0,0,0,0,0,0,0,0
479872.747727,0,0,0,0,0,0,0,0,0,0,0,0,0
479872.752756,0,0,0,0,0,0,0,0,0,0,0,0,0
479872.757644,0,0,0,0,0,0,0,0,0,0,0,0,0
479872.762609,0,0,0,0,0,0,0,0,0,0,0,0,0
479872.767639,0,0,0,0,0,0,0,0,0,0,0,0,0
479872.772601,0,0,0,0,0,0,0,0,0,0,0,0,0
479872.777603,0,0,0,0,0,0,0,0,0,0,0,0,0
479872.782640,0,0,0,0,0,0,0,0,0,0,0,0,0
479872.787596,0,0,0,0,0,0,0,0,0,0,0,0,0
479872.792651,0,0,0,0,0,0,0,0,0,0,0,0,0
479872.797658,0,0,0,0,0,0,0,0,0,0,0,0,0
479872.802647,0,0,0,0,0,0,0,0,0,0,0,0,0
479872.807623,0,0,0,0,0,0,0,0,0,0,0,0,0
479872.812610,0,0,0,0,0,0,0,0,0,0,0,0,0
479872.817658,0,0,0,0,0,0,0,0,0,0,0,0,0
479872.822656,0,0,0,0,0,0,0,0,0,0,0,0,0
479872.827534,0,0,0,0,0,0,0,0,0,0,0,0,0
479872.832629,0,0,0,0,0,0,0,0,0,0,0,0,0
479872.837677,0,0,0,0,0,0,0,0,0,0,0,0,0
479872.842582,0,0,0,0,0,0,0,0,0,0,0,0,0
479872.847630,0,0,0,0,0,0,0,0,0,0,0,0,0
479872.852682,0,0,0,0,0,0,0,0,0,0,0,0,0
479872.857560,0,0,0,0,0,0,0,0,0,0,0,0,0
479872.862585,0,0,0,0,0,0,0,0,0,0,0,0,0
479872.867609,0,0,0,0,0,0,0,0,0,0,0,0,0
479872.872540,0,0,0,0,0,0,0,0,0,0,0,0,0
479872.877580,0,0,0,0,0,0,0,0,0,0,0,0,0
479872.882616,0,0,0,0,0,0,0,0,0,0,0,0,0
479872.887587,0,0,0,0,0,0,0,0,0,0,0,0,0
479872.892542,0,0,0,0,0,0,0,0,0,0,0,0,0
479872.897694,0,0,0,0,0,0,0,0,0,0,0,0,0
479872.902651,0,0,0,0,0,0,0,0,0,0,0,0,0
479872.907609,0,0,0,0,0,0,0,0,0,0,0,0,0
479872.912660,0,0,0,0,0,0,0,0,0,0,0,0,0
479872.917719,0,0,0,0,0,0,0,0,0,0,0,0,0
479872.922596,0,0,0,0,0,0,0,0,0,0,0,0,0
479872.927629,0,0,0,0,0,0,0,0,0,0,0,0,0
479872.932615,0,0,0,0,0,0,0,0,0,0,0,0,0
479872.937606,0,0,0,0,0,0,0,0,0,0,0,0,0
479872.942724,0,0,0,0,0,0,0,0,0,0,0,0,0
479872.947736,0,0,0,0,0,0,0,0,0,0,0,0,0
479872.952712,0,0,0,0,0,0,0,0,0,0,0,0,0
479872.957613,0,0,0,0,0,0,0,0,0,0,0,0,0
479872.962623,0,0,0,0,0,0,0,0,0,0,0,0,0
479872.967611,0,0,0,0,0,0,0,0,0,0,0,0,0
479872.972738,0,0,0,0,0,0,0,0,0,0,0,0,0
479872.977626,0,0,0,0,0,0,0,0,0,0,0,0,0
479872.982663,0,0,0,0,0,0,0,0,0,0,0,0,0
479872.987607,0,0,0,0,0,0,0,0,0,0,0,0,0
479872.992638,0,0,0,0,0,0,0,0,0,0,0,0,0
479872.997672,0,0,0,0,0,0,0,0,0,0,0,0,0
479873.002720,0,0,0,0,0,0,0,0,0,0,0,0,0
479873.007665,0,0,0,0,0,0,0,0,0,0,0,0,0
479873.012617,0,0,0,0,0,0,0,0,0,0,0,0,0
479873.017693,0,0,0,0,0,0,0,0,0,0,0,0,0
479873.022577,0,0,0,0,0,0,0,0,0,0,0,0,0
479873.027620,0,0,0,0,0,0,0,0,0,0,0,0,0
479873.032689,0,0,0,0,0,0,0,0,0,0,0,0,0
479873.037759,0,0,0,0,0,0,0,0,0,0,0,0,0
479873.042586,0,0,0,0,0,0,0,0,0,0,0,0,0
479873.047647,0,0,0,0,0,0,0,0,0,0,0,0,0
479873.052702,0,0,0,0,0,0,0,0,0,0,0,0,0
479873.057580,0,0,0,0,0,0,0,0,0,0,0,0,0
479873.062617,0,0,0,0,0,0,0,0,0,0,0,0,0
479873.067667,0,0,0,0,0,0,0,0,0,0,0,0,0
479873.072753,0,0,0,0,0,0,0,0,0,0,0,0,0
479873.077600,0,0,0,0,0,0,0,0,0,0,0,0,0
479873.082641,0,0,0,0,0,0,0,0,0,0,0,0,0
479873.087627,0,0,0,0,0,0,0,0,0,0,0,0,0
479873.092624,0,0,0,0,0,0,0,0,0,0,0,0,0
479873.097706,0,0,0,0,0,0,0,0,0,0,0,0,0
479873.102674,0,0,0,0,0,0,0,0,0,0,0,0,0
479873.107638,0,0,0,0,0,0,0,0,0,0,0,0,0
479873.112589,0,0,0,0,0,0,0,0,0,0,0,0,0
479873.117717,0,0,0,0,0,0,0,0,0,0,0,0,0
479873.122604,0,0,0,0,0,0,0,0,0,0,0,0,0
479873.127614,0,0,0,0,0,0,0,0,0,0,0,0,0
479873.132784,0,0,0,0,0,0,0,0,0,0,0,0,0
479873.137859,0,0,0,0,0,0,0,0,0,0,0,0,0
479873.142609,0,0,0,0,0,0,0,0,0,0,0,0,0
479873.147751,0,0,0,0,0,0,0,0,0,0,0,0,0
479873.152678,0,0,0,0,0,0,0,0,0,0,0,0,0
479873.157607,0,0,0,0,0,0,0,0,0,0,0,0,0
479873.162613,0,0,0,0,0,0,0,0,0,0,0,0,0
479873.167650,0,0,0,0,0,0,0,0,0,0,0,0,0
479873.172619,0,0,0,0,0,0,0,0,0,0,0,0,0
479873.177625,0,0,0,0,0,0,0,0,0,0,0,0,0
479873.182622,0,0,0,0,0,0,0,0,0,0,0,0,0
479873.187624,0,0,0,0,0,0,0,0,0,0,0,0,0
479873.192651,0,0,0,0,0,0,0,0,0,0,0,0,0
479873.197722,0,0,0,0,0,0,0,0,0,0,0,0,0
479873.202638,0,0,0,0,0,0,0,0,0,0,0,0,0
479873.207618,0,0,0,0,0,0,0,0,0,0,0,0,0
479873.212552,0,0,0,0,0,0,0,0,0,0,0,0,0
479873.217718,0,0,0,0,0,0,0,0,0,0,0,0,0
479873.222612,0,0,0,0,0,0,0,0,0,0,0,0,0
479873.227640,0,0,0,0,0,0,0,0,0,0,0,0,0
479873.232618,0,0,0,0,0,0,0,0,0,0,0,0,0
479873.237604,0,0,0,0,0,0,0,0,0,0,0,0,0
479873.242598,0,0,0,0,0,0,0,0,0,0,0,0,0
479873.247672,0,0,0,0,0,0,0,0,0,0,0,0,0
479873.252628,0,0,0,0,0,0,0,0,0,0,0,0,0
479873.257603,0,0,0,0,0,0,0,0,0,0,0,0,0
479873.262591,0,0,0,0,0,0,0,0,0,0,0,0,0
479873.267631,0,0,0,0,0,0,0,0,0,0,0,0,0
479873.272608,0,0,0,0,0,0,0,0,0,0,0,0,0
479873.277568,0,0,0,0,0,0,0,0,0,0,0,0,0
479873.282649,0,0,0,0,0,0,0,0,0,0,0,0,0
479873.287584,0,0,0,0,0,0,0,0,0,0,0,0,0
479873.292587,0,0,0,0,0,0,0,0,0,0,0,0,0
479873.297671,0,0,0,0,0,0,0,0,0,0,0,0,0
479873.302641,0,0,0,0,0,0,0,0,0,0,0,0,0
479873.307701,0,0,0,0,0,0,0,0,0,0,0,0,0
479873.312549,0,0,0,0,0,0,0,0,0,0,0,0,0
479873.317664,0,0,0,0,0,0,0,0,0,0,0,0,0
479873.322606,0,0,0,0,0,0,0,0,0,0,0,0,0
479873.327592,0,0,0,0,0,0,0,0,0,0,0,0,0
479873.332568,0,0,0,0,0,0,0,0,0,0,0,0,0
479873.337614,0,0,0,0,0,0,0,0,0,0,0,0,0
479873.342607,0,0,0,0,0,0,0,0,0,0,0,0,0
479873.347829,0,0,0,0,0,0,0,0,0,0,0,0,0
479873.352699,0,0,0,0,0,0,0,0,0,0,0,0,0
479873.358254,0,0,0,0,0,0,0,0,0,0,0,0,0
479873.362761,0,0,0,0,0,0,0,0,0,0,0,0,0
479873.367758,0,0,0,0,0,0,0,0,0,0,0,0,0
479873.372706,0,0,0,0,0,0,0,0,0,0,0,0,0
479873.377720,0,0,0,0,0,0,0,0,0,0,0,0,0
479873.382772,0,0,0,0,0,0,0,0,0,0,0,0,0
479873.387700,0,0,0,0,0,0,0,0,0,0,0,0,0
479873.392784,0,0,0,0,0,0,0,0,0,0,0,0,0
479873.397908,0,0,0,0,0,0,0,0,0,0,0,0,0
479873.402813,0,0,0,0,0,0,0,0,0,0,0,0,0
479873.407703,0,0,0,0,0,0,0,0,0,0,0,0,0
479873.412747,0,0,0,0,0,0,0,0,0,0,0,0,0
479873.417791,0,0,0,0,0,0,0,0,0,0,0,0,0
479873.422754,0,0,0,0,0,0,0,0,0,0,0,0,0
479873.427777,0,0,0,0,0,0,0,0,0,0,0,0,0
479873.432726,0,0,0,0,0,0,0,0,0,0,0,0,0
479873.437781,0,0,0,0,0,0,0,0,0,0,0,0,0
479873.442750,0,0,0,0,0,0,0,0,0,0,0,0,0
479873.447832,0,0,0,0,0,0,0,0,0,0,0,0,0
479873.452807,0,0,0,0,0,0,0,0,0,0,0,0,0
479873.457781,0,0,0,0,0,0,0,0,0,0,0,0,0
479873.462788,0,0,0,0,0,0,0,0,0,0,0,0,0
479873.467711,0,0,0,0,0,0,0,0,0,0,0,0,0
479873.472707,0,0,0,0,0,0,0,0,0,0,0,0,0
479873.478709,0,0,0,0,0,0,0,0,0,0,0,0,0
479873.482701,0,0,0,0,0,0,0,0,0,0,0,0,0
479873.487595,0,0,0,0,0,0,0,0,0,0,0,0,0
479873.492548,0,0,0,0,0,0,0,0,0,0,0,0,0
479873.497683,0,0,0,0,0,0,0,0,0,0,0,0,0
479873.502648,0,0,0,0,0,0,0,0,0,0,0,0,0
479873.507638,0,0,0,0,0,0,0,0,0,0,0,0,0
479873.512629,0,0,0,0,0,0,0,0,0,0,0,0,0
479873.517657,0,0,0,0,0,0,0,0,0,0,0,0,0
479873.522556,0,0,0,0,0,0,0,0,0,0,0,0,0
479873.527600,0,0,0,0,0,0,0,0,0,0,0,0,0
479873.532633,0,0,0,0,0,0,0,0,0,0,0,0,0
479873.537603,0,0,0,0,0,0,0,0,0,0,0,0,0
479873.542555,0,0,0,0,0,0,0,0,0,0,0,0,0
479873.547706,0,0,0,0,0,0,0,0,0,0,0,0,0
479873.552640,0,0,0,0,0,0,0,0,0,0,0,0,0
479873.557630,0,0,0,0,0,0,0,0,0,0,0,0,0
479873.562621,0,0,0,0,0,0,0,0,0,0,0,0,0
479873.567643,0,0,0,0,0,0,0,0,0,0,0,0,0
479873.572678,0,0,0,0,0,0,0,0,0,0,0,0,0
479873.577637,0,0,0,0,0,0,0,0,0,0,0,0,0
479873.582681,0,0,0,0,0,0,0,0,0,0,0,0,0
479873.587636,0,0,0,0,0,0,0,0,0,0,0,0,0
479873.592611,0,0,0,0,0,0,0,0,0,0,0,0,0
479873.601181,0,0,0,0,0,0,0,0,0,0,0,0,0
479873.602632,0,0,0,0,0,0,0,0,0,0,0,0,0
479873.607570,0,0,0,0,0,0,0,0,0,0,0,0,0
479873.612672,0,0,0,0,0,0,0,0,0,0,0,0,0
479873.617675,0,0,0,0,0,0,0,0,0,0,0,0,0
479873.622657,0,0,0,0,0,0,0,0,0,0,0,0,0
479873.627614,0,0,0,0,0,0,0,0,0,0,0,0,0
479873.632664,0,0,0,0,0,0,0,0,0,0,0,0,0
479873.637661,0,0,0,0,0,0,0,0,0,0,0,0,0
479873.642656,0,0,0,0,0,0,0,0,0,0,0,0,0
479873.647646,0,0,0,0,0,0,0,0,0,0,0,0,0
479873.652872,0,0,0,0,0,0,0,0,0,0,0,0,0
479873.657639,0,0,0,0,0,0,0,0,0,0,0,0,0
479873.662595,0,0,0,0,0,0,0,0,0,0,0,0,0
479873.667675,0,0,0,0,0,0,0,0,0,0,0,0,0
479873.672707,0,0,0,0,0,0,0,0,0,0,0,0,0
479873.677621,0,0,0,0,0,0,0,0,0,0,0,0,0
479873.682663,0,0,0,0,0,0,0,0,0,0,0,0,0
479873.687597,0,0,0,0,0,0,0,0,0,0,0,0,0
479873.692596,0,0,0,0,0,0,0,0,0,0,0,0,0
479873.701015,0,0,0,0,0,0,0,0,0,0,0,0,0
479873.702664,0,0,0,0,0,0,0,0,0,0,0,0,0
479873.707621,0,0,0,0,0,0,0,0,0,0,0,0,0
479873.712625,0,0,0,0,0,0,0,0,0,0,0,0,0
479873.717594,0,0,0,0,0,0,0,0,0,0,0,0,0
479873.722592,0,0,0,0,0,0,0,0,0,0,0,0,0
479873.727585,0,0,0,0,0,0,0,0,0,0,0,0,0
479873.732636,0,0,0,0,0,0,0,0,0,0,0,0,0
479873.737700,0,0,0,0,0,0,0,0,0,0,0,0,0
479873.742635,0,0,0,0,0,0,0,0,0,0,0,0,0
479873.747689,0,0,0,0,0,0,0,0,0,0,0,0,0
479873.752653,0,0,0,0,0,0,0,0,0,0,0,0,0
479873.757571,0,0,0,0,0,0,0,0,0,0,0,0,0
479873.762623,0,0,0,0,0,0,0,0,0,0,0,0,0
479873.767655,0,0,0,0,0,0,0,0,0,0,0,0,0
479873.772710,0,0,0,0,0,0,0,0,0,0,0,0,0
479873.777568,0,0,0,0,0,0,0,0,0,0,0,0,0
479873.782648,0,0,0,0,0,0,0,0,0,0,0,0,0
479873.787601,0,0,0,0,0,0,0,0,0,0,0,0,0
479873.792648,0,0,0,0,0,0,0,0,0,0,0,0,0
479873.797628,0,0,0,0,0,0,0,0,0,0,0,0,0
479873.802717,0,0,0,0,0,0,0,0,0,0,0,0,0
479873.807615,0,0,0,0,0,0,0,0,0,0,0,0,0
479873.812632,0,0,0,0,0,0,0,0,0,0,0,0,0
479873.817652,0,0,0,0,0,0,0,0,0,0,0,0,0
479873.822615,0,0,0,0,0,0,0,0,0,0,0,0,0
479873.827554,0,0,0,0,0,0,0,0,0,0,0,0,0
479873.832624,0,0,0,0,0,0,0,0,0,0,0,0,0
479873.837699,0,0,0,0,0,0,0,0,0,0,0,0,0
479873.842653,0,0,0,0,0,0,0,0,0,0,0,0,0
479873.847597,0,0,0,0,0,0,0,0,0,0,0,0,0
479873.852649,0,0,0,0,0,0,0,0,0,0,0,0,0
479873.857618,0,0,0,0,0,0,0,0,0,0,0,0,0
479873.862603,0,0,0,0,0,0,0,0,0,0,0,0,0
479873.867688,0,0,0,0,0,0,0,0,0,0,0,0,0
479873.872687,0,0,0,0,0,0,0,0,0,0,0,0,0
479873.877620,0,0,0,0,0,0,0,0,0,0,0,0,0
479873.882618,0,0,0,0,0,0,0,0,0,0,0,0,0
479873.887603,0,0,0,0,0,0,0,0,0,0,0,0,0
479873.892615,0,0,0,0,0,0,0,0,0,0,0,0,0
479873.897646,0,0,0,0,0,0,0,0,0,0,0,0,0
479873.902723,0,0,0,0,0,0,0,0,0,0,0,0,0
479873.907621,0,0,0,0,0,0,0,0,0,0,0,0,0
479873.912606,0,0,0,0,0,0,0,0,0,0,0,0,0
479873.917648,0,0,0,0,0,0,0,0,0,0,0,0,0
479873.922607,0,0,0,0,0,0,0,0,0,0,0,0,0
479873.927626,0,0,0,0,0,0,0,0,0,0,0,0,0
479873.932577,0,0,0,0,0,0,0,0,0,0,0,0,0
479873.937676,0,0,0,0,0,0,0,0,0,0,0,0,0
479873.942695,0,0,0,0,0,0,0,0,0,0,0,0,0
479873.947764,0,0,0,0,0,0,0,0,0,0,0,0,0
479873.952719,0,0,0,0,0,0,0,0,0,0,0,0,0
479873.957641,0,0,0,0,0,0,0,0,0,0,0,0,0
479873.962617,0,0,0,0,0,0,0,0,0,0,0,0,0
479873.967802,0,0,0,0,0,0,0,0,0,0,0,0,0
479873.972700,0,0,0,0,0,0,0,0,0,0,0,0,0
479873.977686,0,0,0,0,0,0,0,0,0,0,0,0,0
479873.982768,0,0,0,0,0,0,0,0,0,0,0,0,0
479873.987768,0,0,0,0,0,0,0,0,0,0,0,0,0
479873.992752,0,0,0,0,0,0,0,0,0,0,0,0,0
479873.997824,0,0,0,0,0,0,0,0,0,0,0,0,0
479874.002787,0,0,0,0,0,0,0,0,0,0,0,0,0
479874.007722,0,0,0,0,0,0,0,0,0,0,0,0,0
479874.012797,0,0,0,0,0,0,0,0,0,0,0,0,0
479874.017827,0,0,0,0,0,0,0,0,0,0,0,0,0
479874.022792,0,0,0,0,0,0,0,0,0,0,0,0,0
479874.027817,0,0,0,0,0,0,0,0,0,0,0,0,0
479874.032749,0,0,0,0,0,0,0,0,0,0,0,0,0
479874.037813,0,0,0,0,0,0,0,0,0,0,0,0,0
479874.042790,0,0,0,0,0,0,0,0,0,0,0,0,0
479874.047925,0,0,0,0,0,0,0,0,0,0,0,0,0
479874.052828,0,0,0,0,0,0,0,0,0,0,0,0,0
479874.057784,0,0,0,0,0,0,0,0,0,0,0,0,0
479874.062775,0,0,0,0,0,0,0,0,0,0,0,0,0
479874.067803,0,0,0,0,0,0,0,0,0,0,0,0,0
479874.072725,0,0,0,0,0,0,0,0,0,0,0,0,0
479874.077638,0,0,0,0,0,0,0,0,0,0,0,0,0
479874.082660,0,0,0,0,0,0,0,0,0,0,0,0,0
479874.087589,0,0,0,0,0,0,0,0,0,0,0,0,0
479874.092606,0,0,0,0,0,0,0,0,0,0,0,0,0
479874.097785,0,0,0,0,0,0,0,0,0,0,0,0,0
479874.102763,0,0,0,0,0,0,0,0,0,0,0,0,0
479874.107657,0,0,0,0,0,0,0,0,0,0,0,0,0
479874.112686,0,0,0,0,0,0,0,0,0,0,0,0,0
479874.117744,0,0,0,0,0,0,0,0,0,0,0,0,0
479874.122562,0,0,0,0,0,0,0,0,0,0,0,0,0
479874.127641,0,0,0,0,0,0,0,0,0,0,0,0,0
479874.132602,0,0,0,0,0,0,0,0,0,0,0,0,0
479874.137710,0,0,0,0,0,0,0,0,0,0,0,0,0
479874.142679,0,0,0,0,0,0,0,0,0,0,0,0,0
479874.147670,0,0,0,0,0,0,0,0,0,0,0,0,0
479874.152676,0,0,0,0,0,0,0,0,0,0,0,0,0
479874.157620,0,0,0,0,0,0,0,0,0,0,0,0,0
479874.162690,0,0,0,0,0,0,0,0,0,0,0,0,0
479874.167688,0,0,0,0,0,0,0,0,0,0,0,0,0
479874.172694,0,0,0,0,0,0,0,0,0,0,0,0,0
479874.177620,0,0,0,0,0,0,0,0,0,0,0,0,0
479874.182675,0,0,0,0,0,0,0,0,0,0,0,0,0
479874.187609,0,0,0,0,0,0,0,0,0,0,0,0,0
479874.192616,0,0,0,0,0,0,0,0,0,0,0,0,0
479874.197789,0,0,0,0,0,0,0,0,0,0,0,0,0
479874.202717,0,0,0,0,0,0,0,0,0,0,0,0,0
479874.207734,0,0,0,0,0,0,0,0,0,0,0,0,0
479874.212611,0,0,0,0,0,0,0,0,0,0,0,0,0
479874.217650,0,0,0,0,0,0,0,0,0,0,0,0,0
479874.222610,0,0,0,0,0,0,0,0,0,0,0,0,0
479874.227683,0,0,0,0,0,0,0,0,0,0,0,0,0
479874.232645,0,0,0,0,0,0,0,0,0,0,0,0,0
479874.237663,0,0,0,0,0,0,0,0,0,0,0,0,0
479874.242680,0,0,0,0,0,0,0,0,0,0,0,0,0
479874.247602,0,0,0,0,0,0,0,0,0,0,0,0,0
479874.252650,0,0,0,0,0,0,0,0,0,0,0,0,0
479874.257601,0,0,0,0,0,0,0,0,0,0,0,0,0
479874.262673,0,0,0,0,0,0,0,0,0,0,0,0,0
479874.267705,0,0,0,0,0,0,0,0,0,0,0,0,0
479874.272694,0,0,0,0,0,0,0,0,0,0,0,0,0
479874.277616,0,0,0,0,0,0,0,0,0,0,0,0,0
479874.282677,0,0,0,0,0,0,0,0,0,0,0,0,0
479874.287592,0,0,0,0,0,0,0,0,0,0,0,0,0
479874.292688,0,0,0,0,0,0,0,0,0,0,0,0,0
479874.297772,0,0,0,0,0,0,0,0,0,0,0,0,0
479874.302711,0,0,0,0,0,0,0,0,0,0,0,0,0
479874.307700,0,0,0,0,0,0,0,0,0,0,0,0,0
479874.312647,0,0,0,0,0,0,0,0,0,0,0,0,0
479874.317675,0,0,0,0,0,0,0,0,0,0,0,0,0
479874.322608,0,0,0,0,0,0,0,0,0,0,0,0,0
479874.327678,0,0,0,0,0,0,0,0,0,0,0,0,0
479874.332659,0,0,0,0,0,0,0,0,0,0,0,0,0
479874.337713,0,0,0,0,0,0,0,0,0,0,0,0,0
479874.342630,0,0,0,0,0,0,0,0,0,0,0,0,0
479874.347636,0,0,0,0,0,0,0,0,0,0,0,0,0
479874.352665,0,0,0,0,0,0,0,0,0,0,0,0,0
479874.357680,0,0,0,0,0,0,0,0,0,0,0,0,0
479874.362675,0,0,0,0,0,0,0,0,0,0,0,0,0
479874.367673,0,0,0,0,0,0,0,0,0,0,0,0,0
479874.372639,0,0,0,0,0,0,0,0,0,0,0,0,0
479874.377624,0,0,0,0,0,0,0,0,0,0,0,0,0
479874.382714,0,0,0,0,0,0,0,0,0,0,0,0,0
479874.387683,0,0,0,0,0,0,0,0,0,0,0,0,0
479874.392728,0,0,0,0,0,0,0,0,0,0,0,0,0
479874.397801,0,0,0,0,0,0,0,0,0,0,0,0,0
479874.402675,0,0,0,0,0,0,0,0,0,0,0,0,0
479874.407728,0,0,0,0,0,0,0,0,0,0,0,0,0
479874.412632,0,0,0,0,0,0,0,0,0,0,0,0,0
479874.417695,0,0,0,0,0,0,0,0,0,0,0,0,0
479874.422682,0,0,0,0,0,0,0,0,0,0,0,0,0
479874.427677,0,0,0,0,0,0,0,0,0,0,0,0,0
479874.432654,0,0,0,0,0,0,0,0,0,0,0,0,0
479874.437734,0,0,0,0,0,0,0,0,0,0,0,0,0
479874.442627,0,0,0,0,0,0,0,0,0,0,0,0,0
479874.447647,0,0,0,0,0,0,0,0,0,0,0,0,0
479874.452657,0,0,0,0,0,0,0,0,0,0,0,0,0
479874.457690,0,0,0,0,0,0,0,0,0,0,0,0,0
479874.462682,0,0,0,0,0,0,0,0,0,0,0,0,0
479874.467709,0,0,0,0,0,0,0,0,0,0,0,0,0
479874.472739,0,0,0,0,0,0,0,0,0,0,0,0,0
479874.477604,0,0,0,0,0,0,0,0,0,0,0,0,0
479874.482674,0,0,0,0,0,0,0,0,0,0,0,0,0
479874.487603,0,0,0,0,0,0,0,0,0,0,0,0,0
479874.492693,0,0,0,0,0,0,0,0,0,0,0,0,0
479874.497816,0,0,0,0,0,0,0,0,0,0,0,0,0
479874.502726,0,0,0,0,0,0,0,0,0,0,0,0,0
479874.507650,0,0,0,0,0,0,0,0,0,0,0,0,0
479874.512620,0,0,0,0,0,0,0,0,0,0,0,0,0
479874.517679,0,0,0,0,0,0,0,0,0,0,0,0,0
479874.522665,0,0,0,0,0,0,0,0,0,0,0,0,0
479874.527679,0,0,0,0,0,0,0,0,0,0,0,0,0
479874.532611,0,0,0,0,0,0,0,0,0,0,0,0,0
479874.537705,0,0,0,0,0,0,0,0,0,0,0,0,0
479874.542678,0,0,0,0,0,0,0,0,0,0,0,0,0
479874.547644,0,0,0,0,0,0,0,0,0,0,0,0,0
479874.552730,0,0,0,0,0,0,0,0,0,0,0,0,0
479874.557639,0,0,0,0,0,0,0,0,0,0,0,0,0
479874.562685,0,0,0,0,0,0,0,0,0,0,0,0,0
479874.567696,0,0,0,0,0,0,0,0,0,0,0,0,0
479874.572699,0,0,0,0,0,0,0,0,0,0,0,0,0
479874.577619,0,0,0,0,0,0,0,0,0,0,0,0,0
479874.582668,0,0,0,0,0,0,0,0,0,0,0,0,0
479874.587615,0,0,0,0,0,0,0,0,0,0,0,0,0
479874.592680,0,0,0,0,0,0,0,0,0,0,0,0,0
479874.597805,0,0,0,0,0,0,0,0,0,0,0,0,0
479874.602780,0,0,0,0,0,0,0,0,0,0,0,0,0
479874.607607,0,0,0,0,0,0,0,0,0,0,0,0,0
479874.612625,0,0,0,0,0,0,0,0,0,0,0,0,0
479874.617669,0,0,0,0,0,0,0,0,0,0,0,0,0
479874.622653,0,0,0,0,0,0,0,0,0,0,0,0,0
479874.627654,0,0,0,0,0,0,0,0,0,0,0,0,0
479874.632631,0,0,0,0,0,0,0,0,0,0,0,0,0
479874.637683,0,0,0,0,0,0,0,0,0,0,0,0,0
479874.642700,0,0,0,0,0,0,0,0,0,0,0,0,0
479874.647598,0,0,0,0,0,0,0,0,0,0,0,0,0
479874.652737,0,0,0,0,0,0,0,0,0,0,0,0,0
479874.657667,0,0,0,0,0,0,0,0,0,0,0,0,0
479874.662670,0,0,0,0,0,0,0,0,0,0,0,0,0
479874.667673,0,0,0,0,0,0,0,0,0,0,0,0,0
479874.672635,0,0,0,0,0,0,0,0,0,0,0,0,0
479874.677619,0,0,0,0,0,0,0,0,0,0,0,0,0
479874.682621,0,0,0,0,0,0,0,0,0,0,0,0,0
479874.687640,0,0,0,0,0,0,0,0,0,0,0,0,0
479874.692699,0,0,0,0,0,0,0,0,0,0,0,0,0
479874.697799,0,0,0,0,0,0,0,0,0,0,0,0,0
479874.702754,0,0,0,0,0,0,0,0,0,0,0,0,0
479874.707640,0,0,0,0,0,0,0,0,0,0,0,0,0
479874.712907,0,0,0,0,0,0,0,0,0,0,0,0,0
479874.717689,0,0,0,0,0,0,0,0,0,0,0,0,0
479874.722685,0,0,0,0,0,0,0,0,0,0,0,0,0
479874.727680,0,0,0,0,0,0,0,0,0,0,0,0,0
479874.732652,0,0,0,0,0,0,0,0,0,0,0,0,0
479874.737673,0,0,0,0,0,0,0,0,0,0,0,0,0
479874.742636,0,0,0,0,0,0,0,0,0,0,0,0,0
479874.747741,0,0,0,0,0,0,0,0,0,0,0,0,0
479874.752707,0,0,0,0,0,0,0,0,0,0,0,0,0
479874.757628,0,0,0,0,0,0,0,0,0,0,0,0,0
479874.762772,0,0,0,0,0,0,0,0,0,0,0,0,0
479874.767735,0,0,0,0,0,0,0,0,0,0,0,0,0
479874.772771,0,0,0,0,0,0,0,0,0,0,0,0,0
479874.777635,0,0,0,0,0,0,0,0,0,0,0,0,0
479874.782784,0,0,0,0,0,0,0,0,0,0,0,0,0
479874.787615,0,0,0,0,0,0,0,0,0,0,0,0,0
479874.792746,0,0,0,0,0,0,0,0,0,0,0,0,0
479874.797790,0,0,0,0,0,0,0,0,0,0,0,0,0
479874.802824,0,0,0,0,0,0,0,0,0,0,0,0,0
479874.807690,0,0,0,0,0,0,0,0,0,0,0,0,0
479874.812706,0,0,0,0,0,0,0,0,0,0,0,0,0
479874.817789,0,0,0,0,0,0,0,0,0,0,0,0,0
479874.822758,0,0,0,0,0,0,0,0,0,0,0,0,0
479874.827616,0,0,0,0,0,0,0,0,0,0,0,0,0
479874.832684,0,0,0,0,0,0,0,0,0,0,0,0,0
479874.837754,0,0,0,0,0,0,0,0,0,0,0,0,0
479874.842595,0,0,0,0,0,0,0,0,0,0,0,0,0
479874.847710,0,0,0,0,0,0,0,0,0,0,0,0,0
479874.852816,0,0,0,0,0,0,0,0,0,0,0,0,0
479874.857802,0,0,0,0,0,0,0,0,0,0,0,0,0
479874.862812,0,0,0,0,0,0,0,0,0,0,0,0,0
479874.867845,0,0,0,0,0,0,0,0,0,0,0,0,0
479874.872802,0,0,0,0,0,0,0,0,0,0,0,0,0
479874.877673,0,0,0,0,0,0,0,0,0,0,0,0,0
479874.882791,0,0,0,0,0,0,0,0,0,0,0,0,0
479874.887654,0,0,0,0,0,0,0,0,0,0,0,0,0
479874.892722,0,0,0,0,0,0,0,0,0,0,0,0,0
479874.897850,0,0,0,0,0,0,0,0,0,0,0,0,0
479874.902738,0,0,0,0,0,0,0,0,0,0,0,0,0
479874.907731,0,0,0,0,0,0,0,0,0,0,0,0,0
479874.912690,0,0,0,0,0,0,0,0,0,0,0,0,0
479874.917858,0,0,0,0,0,0,0,0,0,0,0,0,0
479874.922725,0,0,0,0,0,0,0,0,0,0,0,0,0
479874.927638,0,0,0,0,0,0,0,0,0,0,0,0,0
479874.932658,0,0,0,0,0,0,0,0,0,0,0,0,0
479874.937702,0,0,0,0,0,0,0,0,0,0,0,0,0
479874.942634,0,0,0,0,0,0,0,0,0,0,0,0,0
479874.947712,0,0,0,0,0,0,0,0,0,0,0,0,0
479874.952810,0,0,0,0,0,0,0,0,0,0,0,0,0
479874.957678,0,0,0,0,0,0,0,0,0,0,0,0,0
479874.962668,0,0,0,0,0,0,0,0,0,0,0,0,0
479874.967783,0,0,0,0,0,0,0,0,0,0,0,0,0
479874.972666,0,0,0,0,0,0,0,0,0,0,0,0,0
479874.977656,0,0,0,0,0,0,0,0,0,0,0,0,0
479874.982707,0,0,0,0,0,0,0,0,0,0,0,0,0
479874.987650,0,0,0,0,0,0,0,0,0,0,0,0,0
479874.992827,0,0,0,0,0,0,0,0,0,0,0,0,0
479874.997848,0,0,0,0,0,0,0,0,0,0,0,0,0
479875.002725,0,0,0,0,0,0,0,0,0,0,0,0,0
479875.007754,0,0,0,0,0,0,0,0,0,0,0,0,0
479875.012673,0,0,0,0,0,0,0,0,0,0,0,0,0
479875.017786,0,0,0,0,0,0,0,0,0,0,0,0,0
479875.022739,0,0,0,0,0,0,0,0,0,0,0,0,0
479875.027620,0,0,0,0,0,0,0,0,0,0,0,0,0
479875.032689,0,0,0,0,0,0,0,0,0,0,0,0,0
479875.037715,0,0,0,0,0,0,0,0,0,0,0,0,0
479875.042645,0,0,0,0,0,0,0,0,0,0,0,0,0
479875.047729,0,0,0,0,0,0,0,0,0,0,0,0,0
479875.052773,0,0,0,0,0,0,0,0,0,0,0,0,0
479875.057710,0,0,0,0,0,0,0,0,0,0,0,0,0
479875.062683,0,0,0,0,0,0,0,0,0,0,0,0,0
479875.067804,0,0,0,0,0,0,0,0,0,0,0,0,0
479875.072830,0,0,0,0,0,0,0,0,0,0,0,0,0
479875.077675,0,0,0,0,0,0,0,0,0,0,0,0,0
479875.082845,0,0,0,0,0,0,0,0,0,0,0,0,0
479875.087788,0,0,0,0,0,0,0,0,0,0,0,0,0
479875.092792,0,0,0,0,0,0,0,0,0,0,0,0,0
479875.097897,0,0,0,0,0,0,0,0,0,0,0,0,0
479875.102870,0,0,0,0,0,0,0,0,0,0,0,0,0
479875.107829,0,0,0,0,0,0,0,0,0,0,0,0,0
479875.112799,0,0,0,0,0,0,0,0,0,0,0,0,0
479875.117855,0,0,0,0,0,0,0,0,0,0,0,0,0
479875.122776,0,0,0,0,0,0,0,0,0,0,0,0,0
479875.127828,0,0,0,0,0,0,0,0,0,0,0,0,0
479875.132769,0,0,0,0,0,0,0,0,0,0,0,0,0
479875.137852,0,0,0,0,0,0,0,0,0,0,0,0,0
479875.142690,0,0,0,0,0,0,0,0,0,0,0,0,0
479875.147836,0,0,0,0,0,0,0,0,0,0,0,0,0
479875.152746,0,0,0,0,0,0,0,0,0,0,0,0,0
479875.157705,0,0,0,0,0,0,0,0,0,0,0,0,0
479875.162732,0,0,0,0,0,0,0,0,0,0,0,0,0
479875.167733,0,0,0,0,0,0,0,0,0,0,0,0,0
479875.172738,0,0,0,0,0,0,0,0,0,0,0,0,0
479875.177658,0,0,0,0,0,0,0,0,0,0,0,0,0
479875.182716,0,0,0,0,0,0,0,0,0,0,0,0,0
479875.187741,0,0,0,0,0,0,0,0,0,0,0,0,0
479875.192736,0,0,0,0,0,0,0,0,0,0,0,0,0
479875.197834,0,0,0,0,0,0,0,0,0,0,0,0,0
479875.202662,0,0,0,0,0,0,0,0,0,0,0,0,0
479875.207720,0,0,0,0,0,0,0,0,0,0,0,0,0
479875.212702,0,0,0,0,0,0,0,0,0,0,0,0,0
479875.217715,0,0,0,0,0,0,0,0,0,0,0,0,0
479875.222737,0,0,0,0,0,0,0,0,0,0,0,0,0
479875.227704,0,0,0,0,0,0,0,0,0,0,0,0,0
479875.232702,0,0,0,0,0,0,0,0,0,0,0,0,0
479875.237719,0,0,0,0,0,0,0,0,0,0,0,0,0
479875.242608,0,0,0,0,0,0,0,0,0,0,0,0,0
479875.247712,0,0,0,0,0,0,0,0,0,0,0,0,0
479875.252689,0,0,0,0,0,0,0,0,0,0,0,0,0
479875.257673,0,0,0,0,0,0,0,0,0,0,0,0,0
479875.262609,0,0,0,0,0,0,0,0,0,0,0,0,0
479875.267704,0,0,0,0,0,0,0,0,0,0,0,0,0
479875.272732,0,0,0,0,0,0,0,0,0,0,0,0,0
479875.277666,0,0,0,0,0,0,0,0,0,0,0,0,0
479875.282690,0,0,0,0,0,0,0,0,0,0,0,0,0
479875.287678,0,0,0,0,0,0,0,0,0,0,0,0,0
479875.292787,0,0,0,0,0,0,0,0,0,0,0,0,0
479875.297897,0,0,0,0,0,0,0,0,0,0,0,0,0
479875.302865,0,0,0,0,0,0,0,0,0,0,0,0,0
479875.307792,0,0,0,0,0,0,0,0,0,0,0,0,0
479875.312798,0,0,0,0,0,0,0,0,0,0,0,0,0
479875.317803,0,0,0,0,0,0,0,0,0,0,0,0,0
479875.322796,0,0,0,0,0,0,0,0,0,0,0,0,0
479875.327846,0,0,0,0,0,0,0,0,0,0,0,0,0
479875.332737,0,0,0,0,0,0,0,0,0,0,0,0,0
479875.337901,0,0,0,0,0,0,0,0,0,0,0,0,0
479875.342726,0,0,0,0,0,0,0,0,0,0,0,0,0
479875.347848,0,0,0,0,0,0,0,0,0,0,0,0,0
479875.352850,0,0,0,0,0,0,0,0,0,0,0,0,0
479875.357824,0,0,0,0,0,0,0,0,0,0,0,0,0
479875.362816,0,0,0,0,0,0,0,0,0,0,0,0,0
479875.367838,0,0,0,0,0,0,0,0,0,0,0,0,0
479875.372843,0,0,0,0,0,0,0,0,0,0,0,0,0
479875.377741,0,0,0,0,0,0,0,0,0,0,0,0,0
479875.382885,0,0,0,0,0,0,0,0,0,0,0,0,0
479875.387754,0,0,0,0,0,0,0,0,0,0,0,0,0
479875.392793,0,0,0,0,0,0,0,0,0,0,0,0,0
479875.397893,0,0,0,0,0,0,0,0,0,0,0,0,0
479875.402820,0,0,0,0,0,0,0,0,0,0,0,0,0
479875.407747,0,0,0,0,0,0,0,0,0,0,0,0,0
479875.412748,0,0,0,0,0,0,0,0,0,0,0,0,0
479875.417771,0,0,0,0,0,0,0,0,0,0,0,0,0
479875.422756,0,0,0,0,0,0,0,0,0,0,0,0,0
479875.427824,0,0,0,0,0,0,0,0,0,0,0,0,0
479875.432700,0,0,0,0,0,0,0,0,0,0,0,0,0
479875.437846,0,0,0,0,0,0,0,0,0,0,0,0,0
479875.442663,0,0,0,0,0,0,0,0,0,0,0,0,0
479875.447822,0,0,0,0,0,0,0,0,0,0,0,0,0
479875.452865,0,0,0,0,0,0,0,0,0,0,0,0,0
479875.457822,0,0,0,0,0,0,0,0,0,0,0,0,0
479875.462811,0,0,0,0,0,0,0,0,0,0,0,0,0
479875.467853,0,0,0,0,0,0,0,0,0,0,0,0,0
479875.472853,0,0,0,0,0,0,0,0,0,0,0,0,0
479875.477724,0,0,0,0,0,0,0,0,0,0,0,0,0
479875.482862,0,0,0,0,0,0,0,0,0,0,0,0,0
479875.487748,0,0,0,0,0,0,0,0,0,0,0,0,0
479875.492812,0,0,0,0,0,0,0,0,0,0,0,0,0
479875.497954,0,0,0,0,0,0,0,0,0,0,0,0,0
479875.502814,0,0,0,0,0,0,0,0,0,0,0,0,0
479875.507833,0,0,0,0,0,0,0,0,0,0,0,0,0
479875.512694,0,0,0,0,0,0,0,0,0,0,0,0,0
479875.517856,0,0,0,0,0,0,0,0,0,0,0,0,0
479875.522771,0,0,0,0,0,0,0,0,0,0,0,0,0
479875.527833,0,0,0,0,0,0,0,0,0,0,0,0,0
479875.532709,0,0,0,0,0,0,0,0,0,0,0,0,0
479875.537862,0,0,0,0,0,0,0,0,0,0,0,0,0
479875.542729,0,0,0,0,0,0,0,0,0,0,0,0,0
479875.547827,0,0,0,0,0,0,0,0,0,0,0,0,0
479875.552803,0,0,0,0,0,0,0,0,0,0,0,0,0
479875.557811,0,0,0,0,0,0,0,0,0,0,0,0,0
479875.562742,0,0,0,0,0,0,0,0,0,0,0,0,0
479875.567826,0,0,0,0,0,0,0,0,0,0,0,0,0
479875.572761,0,0,0,0,0,0,0,0,0,0,0,0,0
479875.577751,0,0,0,0,0,0,0,0,0,0,0,0,0
479875.582813,0,0,0,0,0,0,0,0,0,0,0,0,0
479875.587783,0,0,0,0,0,0,0,0,0,0,0,0,0
479875.592820,0,0,0,0,0,0,0,0,0,0,0,0,0
479875.597935,0,0,0,0,0,0,0,0,0,0,0,0,0
479875.602861,0,0,0,0,0,0,0,0,0,0,0,0,0
479875.607789,0,0,0,0,0,0,0,0,0,0,0,0,0
479875.612785,0,0,0,0,0,0,0,0,0,0,0,0,0
479875.617799,0,0,0,0,0,0,0,0,0,0,0,0,0
479875.622822,0,0,0,0,0,0,0,0,0,0,0,0,0
479875.627767,0,0,0,0,0,0,0,0,0,0,0,0,0
479875.632746,0,0,0,0,0,0,0,0,0,0,0,0,0
479875.637771,0,0,0,0,0,0,0,0,0,0,0,0,0
479875.642773,0,0,0,0,0,0,0,0,0,0,0,0,0
479875.647710,0,0,0,0,0,0,0,0,0,0,0,0,0
479875.652826,0,0,0,0,0,0,0,0,0,0,0,0,0
479875.657740,0,0,0,0,0,0,0,0,0,0,0,0,0
479875.662671,0,0,0,0,0,0,0,0,0,0,0,0,0
479875.667796,0,0,0,0,0,0,0,0,0,0,0,0,0
479875.672744,0,0,0,0,0,0,0,0,0,0,0,0,0
479875.677748,0,0,0,0,0,0,0,0,0,0,0,0,0
479875.682721,0,0,0,0,0,0,0,0,0,0,0,0,0
479875.687671,0,0,0,0,0,0,0,0,0,0,0,0,0
479875.692696,0,0,0,0,0,0,0,0,0,0,0,0,0
479875.697875,0,0,0,0,0,0,0,0,0,0,0,0,0
479875.702797,0,0,0,0,0,0,0,0,0,0,0,0,0
479875.707738,0,0,0,0,0,0,0,0,0,0,0,0,0
479875.712693,0,0,0,0,0,0,0,0,0,0,0,0,0
479875.717796,0,0,0,0,0,0,0,0,0,0,0,0,0
479875.722714,0,0,0,0,0,0,0,0,0,0,0,0,0
479875.727789,0,0,0,0,0,0,0,0,0,0,0,0,0
479875.732685,0,0,0,0,0,0,0,0,0,0,0,0,0
479875.737864,0,0,0,0,0,0,0,0,0,0,0,0,0
479875.742678,0,0,0,0,0,0,0,0,0,0,0,0,0
479875.747751,0,0,0,0,0,0,0,0,0,0,0,0,0
479875.752778,0,0,0,0,0,0,0,0,0,0,0,0,0
479875.757800,0,0,0,0,0,0,0,0,0,0,0,0,0
479875.762738,0,0,0,0,0,0,0,0,0,0,0,0,0
479875.767843,0,0,0,0,0,0,0,0,0,0,0,0,0
479875.772845,0,0,0,0,0,0,0,0,0,0,0,0,0
479875.777755,0,0,0,0,0,0,0,0,0,0,0,0,0
479875.782842,0,0,0,0,0,0,0,0,0,0,0,0,0
479875.787768,0,0,0,0,0,0,0,0,0,0,0,0,0
479875.792823,0,0,0,0,0,0,0,0,0,0,0,0,0
479875.797935,0,0,0,0,0,0,0,0,0,0,0,0,0
479875.802799,0,0,0,0,0,0,0,0,0,0,0,0,0
479875.807781,0,0,0,0,0,0,0,0,0,0,0,0,0
479875.812675,0,0,0,0,0,0,0,0,0,0,0,0,0
479875.817856,0,0,0,0,0,0,0,0,0,0,0,0,0
479875.822828,0,0,0,0,0,0,0,0,0,0,0,0,0
479875.827726,0,0,0,0,0,0,0,0,0,0,0,0,0
479875.832761,0,0,0,0,0,0,0,0,0,0,0,0,0
479875.837800,0,0,0,0,0,0,0,0,0,0,0,0,0
479875.842752,0,0,0,0,0,0,0,0,0,0,0,0,0
479875.847671,0,0,0,0,0,0,0,0,0,0,0,0,0
479875.852872,0,0,0,0,0,0,0,0,0,0,0,0,0
479875.857752,0,0,0,0,0,0,0,0,0,0,0,0,0
479875.862745,0,0,0,0,0,0,0,0,0,0,0,0,0
479875.867770,0,0,0,0,0,0,0,0,0,0,0,0,0
479875.872825,0,0,0,0,0,0,0,0,0,0,0,0,0
479875.877754,0,0,0,0,0,0,0,0,0,0,0,0,0
479875.882732,0,0,0,0,0,0,0,0,0,0,0,0,0
479875.887782,0,0,0,0,0,0,0,0,0,0,0,0,0
479875.892790,0,0,0,0,0,0,0,0,0,0,0,0,0
479875.897838,0,0,0,0,0,0,0,0,0,0,0,0,0
479875.902838,0,0,0,0,0,0,0,0,0,0,0,0,0
479875.907837,0,0,0,0,0,0,0,0,0,0,0,0,0
479875.912734,0,0,0,0,0,0,0,0,0,0,0,0,0
479875.917887,0,0,0,0,0,0,0,0,0,0,0,0,0
479875.922650,0,0,0,0,0,0,0,0,0,0,0,0,0
479875.927810,0,0,0,0,0,0,0,0,0,0,0,0,0
479875.932904,0,0,0,0,0,0,0,0,0,0,0,0,0
479875.937750,0,0,0,0,0,0,0,0,0,0,0,0,0
479875.942688,0,0,0,0,0,0,0,0,0,0,0,0,0
479875.947716,0,0,0,0,0,0,0,0,0,0,0,0,0
479875.952771,0,0,0,0,0,0,0,0,0,0,0,0,0
479875.957748,0,0,0,0,0,0,0,0,0,0,0,0,0
479875.962663,0,0,0,0,0,0,0,0,0,0,0,0,0
479875.967772,0,0,0,0,0,0,0,0,0,0,0,0,0
479875.972720,0,0,0,0,0,0,0,0,0,0,0,0,0
479875.977716,0,0,0,0,0,0,0,0,0,0,0,0,0
479875.982775,0,0,0,0,0,0,0,0,0,0,0,0,0
479875.987777,0,0,0,0,0,0,0,0,0,0,0,0,0
479875.992861,0,0,0,0,0,0,0,0,0,0,0,0,0
479875.998265,0,0,0,0,0,0,0,0,0,0,0,0,0
479876.002800,0,0,0,0,0,0,0,0,0,0,0,0,0
479876.007755,0,0,0,0,0,0,0,0,0,0,0,0,0
479876.012661,0,0,0,0,0,0,0,0,0,0,0,0,0
479876.017834,0,0,0,0,0,0,0,0,0,0,0,0,0
479876.022818,0,0,0,0,0,0,0,0,0,0,0,0,0
479876.027813,0,0,0,0,0,0,0,0,0,0,0,0,0
479876.032747,0,0,0,0,0,0,0,0,0,0,0,0,0
479876.037825,0,0,0,0,0,0,0,0,0,0,0,0,0
479876.042754,0,0,0,0,0,0,0,0,0,0,0,0,0
479876.047802,0,0,0,0,0,0,0,0,0,0,0,0,0
479876.052822,0,0,0,0,0,0,0,0,0,0,0,0,0
479876.057791,0,0,0,0,0,0,0,0,0,0,0,0,0
479876.062696,0,0,0,0,0,0,0,0,0,0,0,0,0
479876.067840,0,0,0,0,0,0,0,0,0,0,0,0,0
479876.072820,0,0,0,0,0,0,0,0,0,0,0,0,0
479876.077793,0,0,0,0,0,0,0,0,0,0,0,0,0
479876.082847,0,0,0,0,0,0,0,0,0,0,0,0,0
479876.087712,0,0,0,0,0,0,0,0,0,0,0,0,0
479876.092757,0,0,0,0,0,0,0,0,0,0,0,0,0
479876.097905,0,0,0,0,0,0,0,0,0,0,0,0,0
479876.102846,0,0,0,0,0,0,0,0,0,0,0,0,0
479876.107786,0,0,0,0,0,0,0,0,0,0,0,0,0
479876.112686,0,0,0,0,0,0,0,0,0,0,0,0,0
479876.117776,0,0,0,0,0,0,0,0,0,0,0,0,0
479876.122792,0,0,0,0,0,0,0,0,0,0,0,0,0
479876.127740,0,0,0,0,0,0,0,0,0,0,0,0,0
479876.132874,0,0,0,0,0,0,0,0,0,0,0,0,0
479876.137717,0,0,0,0,0,0,0,0,0,0,0,0,0
479876.142642,0,0,0,0,0,0,0,0,0,0,0,0,0
479876.147701,0,0,0,0,0,0,0,0,0,0,0,0,0
479876.152985,0,0,0,0,0,0,0,0,0,0,0,0,0
479876.157679,0,0,0,0,0,0,0,0,0,0,0,0,0
479876.162661,0,0,0,0,0,0,0,0,0,0,0,0,0
479876.167695,0,0,0,0,0,0,0,0,0,0,0,0,0
479876.172728,0,0,0,0,0,0,0,0,0,0,0,0,0
479876.177730,0,0,0,0,0,0,0,0,0,0,0,0,0
479876.182670,0,0,0,0,0,0,0,0,0,0,0,0,0
479876.187679,0,0,0,0,0,0,0,0,0,0,0,0,0
479876.192712,0,0,0,0,0,0,0,0,0,0,0,0,0
479876.197727,0,0,0,0,0,0,0,0,0,0,0,0,0
479876.202737,0,0,0,0,0,0,0,0,0,0,0,0,0
479876.207661,0,0,0,0,0,0,0,0,0,0,0,0,0
479876.212682,0,0,0,0,0,0,0,0,0,0,0,0,0
479876.217721,0,0,0,0,0,0,0,0,0,0,0,0,0
479876.222671,0,0,0,0,0,0,0,0,0,0,0,0,0
479876.227661,0,0,0,0,0,0,0,0,0,0,0,0,0
479876.232669,0,0,0,0,0,0,0,0,0,0,0,0,0
479876.237780,0,0,0,0,0,0,0,0,0,0,0,0,0
479876.242721,0,0,0,0,0,0,0,0,0,0,0,0,0
479876.247748,0,0,0,0,0,0,0,0,0,0,0,0,0
479876.252809,0,0,0,0,0,0,0,0,0,0,0,0,0
479876.257821,0,0,0,0,0,0,0,0,0,0,0,0,0
479876.262823,0,0,0,0,0,0,0,0,0,0,0,0,0
479876.267837,0,0,0,0,0,0,0,0,0,0,0,0,0
479876.272816,0,0,0,0,0,0,0,0,0,0,0,0,0
479876.277740,0,0,0,0,0,0,0,0,0,0,0,0,0
479876.282773,0,0,0,0,0,0,0,0,0,0,0,0,0
479876.287800,0,0,0,0,0,0,0,0,0,0,0,0,0
479876.292812,0,0,0,0,0,0,0,0,0,0,0,0,0
479876.297917,0,0,0,0,0,0,0,0,0,0,0,0,0
479876.303027,0,0,0,0,0,0,0,0,0,0,0,0,0
479876.307967,0,0,0,0,0,0,0,0,0,0,0,0,0
479876.312980,0,0,0,0,0,0,0,0,0,0,0,0,0
479876.318042,0,0,0,0,0,0,0,0,0,0,0,0,0
479876.322982,0,0,0,0,0,0,0,0,0,0,0,0,0
479876.327960,0,0,0,0,0,0,0,0,0,0,0,0,0
479876.332691,0,0,0,0,0,0,0,0,0,0,0,0,0
479876.337813,0,0,0,0,0,0,0,0,0,0,0,0,0
479876.342826,0,0,0,0,0,0,0,0,0,0,0,0,0
479876.347783,0,0,0,0,0,0,0,0,0,0,0,0,0
479876.352865,0,0,0,0,0,0,0,0,0,0,0,0,0
479876.357834,0,0,0,0,0,0,0,0,0,0,0,0,0
479876.362737,0,0,0,0,0,0,0,0,0,0,0,0,0
479876.367808,0,0,0,0,0,0,0,0,0,0,0,0,0
479876.372875,0,0,0,0,0,0,0,0,0,0,0,0,0
479876.377912,0,0,0,0,0,0,0,0,0,0,0,0,0
479876.382800,0,0,0,0,0,0,0,0,0,0,0,0,0
479876.387774,0,0,0,0,0,0,0,0,0,0,0,0,0
479876.392756,0,0,0,0,0,0,0,0,0,0,0,0,0
479876.397941,0,0,0,0,0,0,0,0,0,0,0,0,0
479876.402880,0,0,0,0,0,0,0,0,0,0,0,0,0
479876.407806,0,0,0,0,0,0,0,0,0,0,0,0,0
479876.412788,0,0,0,0,0,0,0,0,0,0,0,0,0
479876.417899,0,0,0,0,0,0,0,0,0,0,0,0,0
479876.422807,0,0,0,0,0,0,0,0,0,0,0,0,0
479876.427997,0,0,0,0,0,0,0,0,0,0,0,0,0
479876.432768,0,0,0,0,0,0,0,0,0,0,0,0,0
479876.437880,0,0,0,0,0,0,0,0,0,0,0,0,0
479876.442848,0,0,0,0,0,0,0,0,0,0,0,0,0
479876.447775,0,0,0,0,0,0,0,0,0,0,0,0,0
479876.452883,0,0,0,0,0,0,0,0,0,0,0,0,0
479876.457817,0,0,0,0,0,0,0,0,0,0,0,0,0
479876.462716,0,0,0,0,0,0,0,0,0,0,0,0,0
479876.467891,0,0,0,0,0,0,0,0,0,0,0,0,0
479876.472874,0,0,0,0,0,0,0,0,0,0,0,0,0
479876.477896,0,0,0,0,0,0,0,0,0,0,0,0,0
479876.482829,0,0,0,0,0,0,0,0,0,0,0,0,0
479876.487782,0,0,0,0,0,0,0,0,0,0,0,0,0
479876.492750,0,0,0,0,0,0,0,0,0,0,0,0,0
479876.497885,0,0,0,0,0,0,0,0,0,0,0,0,0
479876.502811,0,0,0,0,0,0,0,0,0,0,0,0,0
479876.507862,0,0,0,0,0,0,0,0,0,0,0,0,0
479876.512743,0,0,0,0,0,0,0,0,0,0,0,0,0
479876.517881,0,0,0,0,0,0,0,0,0,0,0,0,0
479876.522766,0,0,0,0,0,0,0,0,0,0,0,0,0
479876.527959,0,0,0,0,0,0,0,0,0,0,0,0,0
479876.532699,0,0,0,0,0,0,0,0,0,0,0,0,0
479876.537811,0,0,0,0,0,0,0,0,0,0,0,0,0
479876.542851,0,0,0,0,0,0,0,0,0,0,0,0,0
479876.547760,0,0,0,0,0,0,0,0,0,0,0,0,0
479876.552818,0,0,0,0,0,0,0,0,0,0,0,0,0
479876.557821,0,0,0,0,0,0,0,0,0,0,0,0,0
479876.562720,0,0,0,0,0,0,0,0,0,0,0,0,0
479876.567883,0,0,0,0,0,0,0,0,0,0,0,0,0
479876.572868,0,0,0,0,0,0,0,0,0,0,0,0,0
479876.577888,0,0,0,0,0,0,0,0,0,0,0,0,0
479876.582819,0,0,0,0,0,0,0,0,0,0,0,0,0
479876.587780,0,0,0,0,0,0,0,0,0,0,0,0,0
479876.592843,0,0,0,0,0,0,0,0,0,0,0,0,0
479876.597932,0,0,0,0,0,0,0,0,0,0,0,0,0
479876.602874,0,0,0,0,0,0,0,0,0,0,0,0,0
479876.607784,0,0,0,0,0,0,0,0,0,0,0,0,0
479876.612679,0,0,0,0,0,0,0,0,0,0,0,0,0
479876.617818,0,0,0,0,0,0,0,0,0,0,0,0,0
479876.622766,0,0,0,0,0,0,0,0,0,0,0,0,0
479876.627942,0,0,0,0,0,0,0,0,0,0,0,0,0
479876.632642,0,0,0,0,0,0,0,0,0,0,0,0,0
479876.637736,0,0,0,0,0,0,0,0,0,0,0,0,0
479876.642783,0,0,0,0,0,0,0,0,0,0,0,0,0
479876.647710,0,0,0,0,0,0,0,0,0,0,0,0,0
479876.652796,0,0,0,0,0,0,0,0,0,0,0,0,0
479876.657714,0,0,0,0,0,0,0,0,0,0,0,0,0
479876.662710,0,0,0,0,0,0,0,0,0,0,0,0,0
479876.667782,0,0,0,0,0,0,0,0,0,0,0,0,0
479876.672779,0,0,0,0,0,0,0,0,0,0,0,0,0
479876.677721,0,0,0,0,0,0,0,0,0,0,0,0,0
479876.682794,0,0,0,0,0,0,0,0,0,0,0,0,0
479876.687773,0,0,0,0,0,0,0,0,0,0,0,0,0
479876.692801,0,0,0,0,0,0,0,0,0,0,0,0,0
479876.697814,0,0,0,0,0,0,0,0,0,0,0,0,0
479876.702699,0,0,0,0,0,0,0,0,0,0,0,0,0
479876.707774,0,0,0,0,0,0,0,0,0,0,0,0,0
479876.712686,0,0,0,0,0,0,0,0,0,0,0,0,0
479876.717820,0,0,0,0,0,0,0,0,0,0,0,0,0
479876.722709,0,0,0,0,0,0,0,0,0,0,0,0,0
479876.727767,0,0,0,0,0,0,0,0,0,0,0,0,0
479876.732720,0,0,0,0,0,0,0,0,0,0,0,0,0
479876.737767,0,0,0,0,0,0,0,0,0,0,0,0,0
479876.742820,0,0,0,0,0,0,0,0,0,0,0,0,0
479876.747815,0,0,0,0,0,0,0,0,0,0,0,0,0
479876.752828,0,0,0,0,0,0,0,0,0,0,0,0,0
479876.757758,0,0,0,0,0,0,0,0,0,0,0,0,0
479876.762706,0,0,0,0,0,0,0,0,0,0,0,0,0
479876.767807,0,0,0,0,0,0,0,0,0,0,0,0,0
479876.772812,0,0,0,0,0,0,0,0,0,0,0,0,0
479876.777636,0,0,0,0,0,0,0,0,0,0,0,0,0
479876.782762,0,0,0,0,0,0,0,0,0,0,0,0,0
479876.787692,0,0,0,0,0,0,0,0,0,0,0,0,0
479876.792849,0,0,0,0,0,0,0,0,0,0,0,0,0
479876.797972,0,0,0,0,0,0,0,0,0,0,0,0,0
479876.802793,0,0,0,0,0,0,0,0,0,0,0,0,0
479876.807809,0,0,0,0,0,0,0,0,0,0,0,0,0
479876.812687,0,0,0,0,0,0,0,0,0,0,0,0,0
479876.817789,0,0,0,0,0,0,0,0,0,0,0,0,0
479876.822845,0,0,0,0,0,0,0,0,0,0,0,0,0
479876.827873,0,0,0,0,0,0,0,0,0,0,0,0,0
479876.832678,0,0,0,0,0,0,0,0,0,0,0,0,0
479876.837880,0,0,0,0,0,0,0,0,0,0,0,0,0
479876.842818,0,0,0,0,0,0,0,0,0,0,0,0,0
479876.847688,0,0,0,0,0,0,0,0,0,0,0,0,0
479876.852812,0,0,0,0,0,0,0,0,0,0,0,0,0
479876.857759,0,0,0,0,0,0,0,0,0,0,0,0,0
479876.862670,0,0,0,0,0,0,0,0,0,0,0,0,0
479876.867759,0,0,0,0,0,0,0,0,0,0,0,0,0
479876.872804,0,0,0,0,0,0,0,0,0,0,0,0,0
479876.877697,0,0,0,0,0,0,0,0,0,0,0,0,0
479876.882743,0,0,0,0,0,0,0,0,0,0,0,0,0
479876.887705,0,0,0,0,0,0,0,0,0,0,0,0,0
479876.892763,0,0,0,0,0,0,0,0,0,0,0,0,0
479876.897886,0,0,0,0,0,0,0,0,0,0,0,0,0
479876.902790,0,0,0,0,0,0,0,0,0,0,0,0,0
479876.907855,0,0,0,0,0,0,0,0,0,0,0,0,0
479876.912739,0,0,0,0,0,0,0,0,0,0,0,0,0
479876.917839,0,0,0,0,0,0,0,0,0,0,0,0,0
479876.922830,0,0,0,0,0,0,0,0,0,0,0,0,0
479876.927865,0,0,0,0,0,0,0,0,0,0,0,0,0
479876.932780,0,0,0,0,0,0,0,0,0,0,0,0,0
479876.937903,0,0,0,0,0,0,0,0,0,0,0,0,0
479876.942789,0,0,0,0,0,0,0,0,0,0,0,0,0
479876.947774,0,0,0,0,0,0,0,0,0,0,0,0,0
479876.952856,0,0,0,0,0,0,0,0,0,0,0,0,0
479876.957773,0,0,0,0,0,0,0,0,0,0,0,0,0
479876.962704,0,0,0,0,0,0,0,0,0,0,0,0,0
479876.967818,0,0,0,0,0,0,0,0,0,0,0,0,0
479876.972801,0,0,0,0,0,0,0,0,0,0,0,0,0
479876.977646,0,0,0,0,0,0,0,0,0,0,0,0,0
479876.982783,0,0,0,0,0,0,0,0,0,0,0,0,0
479876.987688,0,0,0,0,0,0,0,0,0,0,0,0,0
479876.992761,0,0,0,0,0,0,0,0,0,0,0,0,0
479876.997842,0,0,0,0,0,0,0,0,0,0,0,0,0
479877.002833,0,0,0,0,0,0,0,0,0,0,0,0,0
479877.007789,0,0,0,0,0,0,0,0,0,0,0,0,0
479877.012766,0,0,0,0,0,0,0,0,0,0,0,0,0
479877.017761,0,0,0,0,0,0,0,0,0,0,0,0,0
479877.022786,0,0,0,0,0,0,0,0,0,0,0,0,0
479877.027862,0,0,0,0,0,0,0,0,0,0,0,0,0
479877.032727,0,0,0,0,0,0,0,0,0,0,0,0,0
479877.037910,0,0,0,0,0,0,0,0,0,0,0,0,0
479877.042828,0,0,0,0,0,0,0,0,0,0,0,0,0
479877.047911,0,0,0,0,0,0,0,0,0,0,0,0,0
479877.052906,0,0,0,0,0,0,0,0,0,0,0,0,0
479877.057863,0,0,0,0,0,0,0,0,0,0,0,0,0
479877.062772,0,0,0,0,0,0,0,0,0,0,0,0,0
479877.067884,0,0,0,0,0,0,0,0,0,0,0,0,0
479877.072900,0,0,0,0,0,0,0,0,0,0,0,0,0
479877.077783,0,0,0,0,0,0,0,0,0,0,0,0,0
479877.082858,0,0,0,0,0,0,0,0,0,0,0,0,0
479877.087803,0,0,0,0,0,0,0,0,0,0,0,0,0
479877.092848,0,0,0,0,0,0,0,0,0,0,0,0,0
479877.097987,0,0,0,0,0,0,0,0,0,0,0,0,0
479877.102840,0,0,0,0,0,0,0,0,0,0,0,0,0
479877.107881,0,0,0,0,0,0,0,0,0,0,0,0,0
479877.112771,0,0,0,0,0,0,0,0,0,0,0,0,0
479877.117911,0,0,0,0,0,0,0,0,0,0,0,0,0
479877.122842,0,0,0,0,0,0,0,0,0,0,0,0,0
479877.127855,0,0,0,0,0,0,0,0,0,0,0,0,0
479877.132775,0,0,0,0,0,0,0,0,0,0,0,0,0
479877.137908,0,0,0,0,0,0,0,0,0,0,0,0,0
479877.142834,0,0,0,0,0,0,0,0,0,0,0,0,0
479877.147815,0,0,0,0,0,0,0,0,0,0,0,0,0
479877.152900,0,0,0,0,0,0,0,0,0,0,0,0,0
479877.157799,0,0,0,0,0,0,0,0,0,0,0,0,0
479877.162721,0,0,0,0,0,0,0,0,0,0,0,0,0
479877.167799,0,0,0,0,0,0,0,0,0,0,0,0,0
479877.172797,0,0,0,0,0,0,0,0,0,0,0,0,0
479877.177761,0,0,0,0,0,0,0,0,0,0,0,0,0
479877.183098,0,0,0,0,0,0,0,0,0,0,0,0,0
479877.187711,0,0,0,0,0,0,0,0,0,0,0,0,0
479877.192748,0,0,0,0,0,0,0,0,0,0,0,0,0
479877.197833,0,0,0,0,0,0,0,0,0,0,0,0,0
479877.202759,0,0,0,0,0,0,0,0,0,0,0,0,0
479877.207757,0,0,0,0,0,0,0,0,0,0,0,0,0
479877.212767,0,0,0,0,0,0,0,0,0,0,0,0,0
479877.217853,0,0,0,0,0,0,0,0,0,0,0,0,0
479877.222777,0,0,0,0,0,0,0,0,0,0,0,0,0
479877.227768,0,0,0,0,0,0,0,0,0,0,0,0,0
479877.232701,0,0,0,0,0,0,0,0,0,0,0,0,0
479877.237831,0,0,0,0,0,0,0,0,0,0,0,0,0
479877.242873,0,0,0,0,0,0,0,0,0,0,0,0,0
479877.247807,0,0,0,0,0,0,0,0,0,0,0,0,0
479877.252836,0,0,0,0,0,0,0,0,0,0,0,0,0
479877.257816,0,0,0,0,0,0,0,0,0,0,0,0,0
479877.262806,0,0,0,0,0,0,0,0,0,0,0,0,0
479877.267815,0,0,0,0,0,0,0,0,0,0,0,0,0
479877.272784,0,0,0,0,0,0,0,0,0,0,0,0,0
479877.277711,0,0,0,0,0,0,0,0,0,0,0,0,0
479877.282725,0,0,0,0,0,0,0,0,0,0,0,0,0
479877.287683,0,0,0,0,0,0,0,0,0,0,0,0,0
479877.292710,0,0,0,0,0,0,0,0,0,0,0,0,0
479877.297947,0,0,0,0,0,0,0,0,0,0,0,0,0
479877.302882,0,0,0,0,0,0,0,0,0,0,0,0,0
479877.307861,0,0,0,0,0,0,0,0,0,0,0,0,0
479877.312788,0,0,0,0,0,0,0,0,0,0,0,0,0
479877.317871,0,0,0,0,0,0,0,0,0,0,0,0,0
479877.322841,0,0,0,0,0,0,0,0,0,0,0,0,0
479877.327840,0,0,0,0,0,0,0,0,0,0,0,0,0
479877.332781,0,0,0,0,0,0,0,0,0,0,0,0,0
479877.337894,0,0,0,0,0,0,0,0,0,0,0,0,0
479877.342882,0,0,0,0,0,0,0,0,0,0,0,0,0
479877.347810,0,0,0,0,0,0,0,0,0,0,0,0,0
479877.352894,0,0,0,0,0,0,0,0,0,0,0,0,0
479877.357987,0,0,0,0,0,0,0,0,0,0,0,0,0
479877.362848,0,0,0,0,0,0,0,0,0,0,0,0,0
479877.367862,0,0,0,0,0,0,0,0,0,0,0,0,0
479877.372864,0,0,0,0,0,0,0,0,0,0,0,0,0
479877.377804,0,0,0,0,0,0,0,0,0,0,0,0,0
479877.382790,0,0,0,0,0,0,0,0,0,0,0,0,0
479877.387800,0,0,0,0,0,0,0,0,0,0,0,0,0
479877.392728,0,0,0,0,0,0,0,0,0,0,0,0,0
479877.397934,0,0,0,0,0,0,0,0,0,0,0,0,0
479877.402861,0,0,0,0,0,0,0,0,0,0,0,0,0
479877.407802,0,0,0,0,0,0,0,0,0,0,0,0,0
479877.412841,0,0,0,0,0,0,0,0,0,0,0,0,0
479877.417872,0,0,0,0,0,0,0,0,0,0,0,0,0
479877.422787,0,0,0,0,0,0,0,0,0,0,0,0,0
479877.427726,0,0,0,0,0,0,0,0,0,0,0,0,0
479877.432724,0,0,0,0,0,0,0,0,0,0,0,0,0
479877.437835,0,0,0,0,0,0,0,0,0,0,0,0,0
479877.442815,0,0,0,0,0,0,0,0,0,0,0,0,0
479877.447764,0,0,0,0,0,0,0,0,0,0,0,0,0
479877.452856,0,0,0,0,0,0,0,0,0,0,0,0,0
479877.457767,0,0,0,0,0,0,0,0,0,0,0,0,0
479877.462789,0,0,0,0,0,0,0,0,0,0,0,0,0
479877.467855,0,0,0,0,0,0,0,0,0,0,0,0,0
479877.473073,0,0,0,0,0,0,0,0,0,0,0,0,0
479877.477814,0,0,0,0,0,0,0,0,0,0,0,0,0
479877.482797,0,0,0,0,0,0,0,0,0,0,0,0,0
479877.487805,0,0,0,0,0,0,0,0,0,0,0,0,0
479877.492861,0,0,0,0,0,0,0,0,0,0,0,0,0
479877.497947,0,0,0,0,0,0,0,0,0,0,0,0,0
479877.502856,0,0,0,0,0,0,0,0,0,0,0,0,0
479877.507900,0,0,0,0,0,0,0,0,0,0,0,0,0
479877.512849,0,0,0,0,0,0,0,0,0,0,0,0,0
479877.517900,0,0,0,0,0,0,0,0,0,0,0,0,0
479877.522842,0,0,0,0,0,0,0,0,0,0,0,0,0
479877.527861,0,0,0,0,0,0,0,0,0,0,0,0,0
479877.532807,0,0,0,0,0,0,0,0,0,0,0,0,0
479877.537911,0,0,0,0,0,0,0,0,0,0,0,0,0
479877.542889,0,0,0,0,0,0,0,0,0,0,0,0,0
479877.547820,0,0,0,0,0,0,0,0,0,0,0,0,0
479877.552907,0,0,0,0,0,0,0,0,0,0,0,0,0
479877.557828,0,0,0,0,0,0,0,0,0,0,0,0,0
479877.562858,0,0,0,0,0,0,0,0,0,0,0,0,0
479877.567851,0,0,0,0,0,0,0,0,0,0,0,0,0
479877.572879,0,0,0,0,0,0,0,0,0,0,0,0,0
479877.577745,0,0,0,0,0,0,0,0,0,0,0,0,0
479877.582794,0,0,0,0,0,0,0,0,0,0,0,0,0
479877.587808,0,0,0,0,0,0,0,0,0,0,0,0,0
479877.592857,0,0,0,0,0,0,0,0,0,0,0,0,0
479877.597932,0,0,0,0,0,0,0,0,0,0,0,0,0
479877.602918,0,0,0,0,0,0,0,0,0,0,0,0,0
479877.607813,0,0,0,0,0,0,0,0,0,0,0,0,0
479877.612769,0,0,0,0,0,0,0,0,0,0,0,0,0
479877.617779,0,0,0,0,0,0,0,0,0,0,0,0,0
479877.622770,0,0,0,0,0,0,0,0,0,0,0,0,0
479877.627763,0,0,0,0,0,0,0,0,0,0,0,0,0
479877.632734,0,0,0,0,0,0,0,0,0,0,0,0,0
479877.638206,0,0,0,0,0,0,0,0,0,0,0,0,0
479877.642900,0,0,0,0,0,0,0,0,0,0,0,0,0
479877.647815,0,0,0,0,0,0,0,0,0,0,0,0,0
479877.652866,0,0,0,0,0,0,0,0,0,0,0,0,0
479877.657814,0,0,0,0,0,0,0,0,0,0,0,0,0
479877.662868,0,0,0,0,0,0,0,0,0,0,0,0,0
479877.667854,0,0,0,0,0,0,0,0,0,0,0,0,0
479877.672866,0,0,0,0,0,0,0,0,0,0,0,0,0
479877.677839,0,0,0,0,0,0,0,0,0,0,0,0,0
479877.682790,0,0,0,0,0,0,0,0,0,0,0,0,0
479877.687810,0,0,0,0,0,0,0,0,0,0,0,0,0
479877.692841,0,0,0,0,0,0,0,0,0,0,0,0,0
479877.697935,0,0,0,0,0,0,0,0,0,0,0,0,0
479877.702795,0,0,0,0,0,0,0,0,0,0,0,0,0
479877.707826,0,0,0,0,0,0,0,0,0,0,0,0,0
479877.712846,0,0,0,0,0,0,0,0,0,0,0,0,0
479877.717799,0,0,0,0,0,0,0,0,0,0,0,0,0
479877.722720,0,0,0,0,0,0,0,0,0,0,0,0,0
479877.727771,0,0,0,0,0,0,0,0,0,0,0,0,0
479877.732803,0,0,0,0,0,0,0,0,0,0,0,0,0
479877.737888,0,0,0,0,0,0,0,0,0,0,0,0,0
479877.742935,0,0,0,0,0,0,0,0,0,0,0,0,0
479877.747817,0,0,0,0,0,0,0,0,0,0,0,0,0
479877.752877,0,0,0,0,0,0,0,0,0,0,0,0,0
479877.757883,0,0,0,0,0,0,0,0,0,0,0,0,0
479877.762857,0,0,0,0,0,0,0,0,0,0,0,0,0
479877.767809,0,0,0,0,0,0,0,0,0,0,0,0,0
479877.772900,0,0,0,0,0,0,0,0,0,0,0,0,0
479877.777817,0,0,0,0,0,0,0,0,0,0,0,0,0
479877.782799,0,0,0,0,0,0,0,0,0,0,0,0,0
479877.787803,0,0,0,0,0,0,0,0,0,0,0,0,0
479877.792870,0,0,0,0,0,0,0,0,0,0,0,0,0
479877.797887,0,0,0,0,0,0,0,0,0,0,0,0,0
479877.802977,0,0,0,0,0,0,0,0,0,0,0,0,0
479877.807878,0,0,0,0,0,0,0,0,0,0,0,0,0
479877.813020,0,0,0,0,0,0,0,0,0,0,0,0,0
479877.817999,0,0,0,0,0,0,0,0,0,0,0,0,0
479877.822898,0,0,0,0,0,0,0,0,0,0,0,0,0
479877.827867,0,0,0,0,0,0,0,0,0,0,0,0,0
479877.832799,0,0,0,0,0,0,0,0,0,0,0,0,0
479877.837923,0,0,0,0,0,0,0,0,0,0,0,0,0
479877.842824,0,0,0,0,0,0,0,0,0,0,0,0,0
479877.847842,0,0,0,0,0,0,0,0,0,0,0,0,0
479877.852835,0,0,0,0,0,0,0,0,0,0,0,0,0
479877.857869,0,0,0,0,0,0,0,0,0,0,0,0,0
479877.862810,0,0,0,0,0,0,0,0,0,0,0,0,0
479877.867862,0,0,0,0,0,0,0,0,0,0,0,0,0
479877.872906,0,0,0,0,0,0,0,0,0,0,0,0,0
479877.877733,0,0,0,0,0,0,0,0,0,0,0,0,0
479877.882762,0,0,0,0,0,0,0,0,0,0,0,0,0
479877.887783,0,0,0,0,0,0,0,0,0,0,0,0,0
479877.892853,0,0,0,0,0,0,0,0,0,0,0,0,0
479877.897955,0,0,0,0,0,0,0,0,0,0,0,0,0
479877.902929,0,0,0,0,0,0,0,0,0,0,0,0,0
479877.907790,0,0,0,0,0,0,0,0,0,0,0,0,0
479877.912789,0,0,0,0,0,0,0,0,0,0,0,0,0
479877.917857,0,0,0,0,0,0,0,0,0,0,0,0,0
479877.922881,0,0,0,0,0,0,0,0,0,0,0,0,0
479877.927864,0,0,0,0,0,0,0,0,0,0,0,0,0
479877.932776,0,0,0,0,0,0,0,0,0,0,0,0,0
479877.937917,0,0,0,0,0,0,0,0,0,0,0,0,0
479877.942862,0,0,0,0,0,0,0,0,0,0,0,0,0
479877.947855,0,0,0,0,0,0,0,0,0,0,0,0,0
479877.952916,0,0,0,0,0,0,0,0,0,0,0,0,0
479877.957878,0,0,0,0,0,0,0,0,0,0,0,0,0
479877.962859,0,0,0,0,0,0,0,0,0,0,0,0,0
479877.967830,0,0,0,0,0,0,0,0,0,0,0,0,0
479877.972903,0,0,0,0,0,0,0,0,0,0,0,0,0
479877.977779,0,0,0,0,0,0,0,0,0,0,0,0,0
479877.982873,0,0,0,0,0,0,0,0,0,0,0,0,0
479877.987803,0,0,0,0,0,0,0,0,0,0,0,0,0
479877.992903,0,0,0,0,0,0,0,0,0,0,0,0,0
479877.997954,0,0,0,0,0,0,0,0,0,0,0,0,0
479878.002941,0,0,0,0,0,0,0,0,0,0,0,0,0
479878.007905,0,0,0,0,0,0,0,0,0,0,0,0,0
479878.012770,0,0,0,0,0,0,0,0,0,0,0,0,0
479878.017734,0,0,0,0,0,0,0,0,0,0,0,0,0
479878.022904,0,0,0,0,0,0,0,0,0,0,0,0,0
479878.027844,0,0,0,0,0,0,0,0,0,0,0,0,0
479878.032776,0,0,0,0,0,0,0,0,0,0,0,0,0
479878.037878,0,0,0,0,0,0,0,0,0,0,0,0,0
479878.042696,0,0,0,0,0,0,0,0,0,0,0,0,0
479878.047772,0,0,0,0,0,0,0,0,0,0,0,0,0
479878.052847,0,0,0,0,0,0,0,0,0,0,0,0,0
479878.057878,0,0,0,0,0,0,0,0,0,0,0,0,0
479878.062875,0,0,0,0,0,0,0,0,0,0,0,0,0
479878.067871,0,0,0,0,0,0,0,0,0,0,0,0,0
479878.072920,0,0,0,0,0,0,0,0,0,0,0,0,0
479878.077785,0,0,0,0,0,0,0,0,0,0,0,0,0
479878.082862,0,0,0,0,0,0,0,0,0,0,0,0,0
479878.087826,0,0,0,0,0,0,0,0,0,0,0,0,0
479878.092875,0,0,0,0,0,0,0,0,0,0,0,0,0
479878.097944,0,0,0,0,0,0,0,0,0,0,0,0,0
479878.102939,0,0,0,0,0,0,0,0,0,0,0,0,0
479878.107825,0,0,0,0,0,0,0,0,0,0,0,0,0
479878.112856,0,0,0,0,0,0,0,0,0,0,0,0,0
479878.117915,0,0,0,0,0,0,0,0,0,0,0,0,0
479878.122889,0,0,0,0,0,0,0,0,0,0,0,0,0
479878.127864,0,0,0,0,0,0,0,0,0,0,0,0,0
479878.132800,0,0,0,0,0,0,0,0,0,0,0,0,0
479878.137919,0,0,0,0,0,0,0,0,0,0,0,0,0
479878.142870,0,0,0,0,0,0,0,0,0,0,0,0,0
479878.147847,0,0,0,0,0,0,0,0,0,0,0,0,0
479878.152765,0,0,0,0,0,0,0,0,0,0,0,0,0
479878.157722,0,0,0,0,0,0,0,0,0,0,0,0,0
479878.162728,0,0,0,0,0,0,0,0,0,0,0,0,0
479878.167673,0,0,0,0,0,0,0,0,0,0,0,0,0
479878.172745,0,0,0,0,0,0,0,0,0,0,0,0,0
479878.177669,0,0,0,0,0,0,0,0,0,0,0,0,0
479878.182674,0,0,0,0,0,0,0,0,0,0,0,0,0
479878.187684,0,0,0,0,0,0,0,0,0,0,0,0,0
479878.192689,0,0,0,0,0,0,0,0,0,0,0,0,0
479878.197899,0,0,0,0,0,0,0,0,0,0,0,0,0
479878.202779,0,0,0,0,0,0,0,0,0,0,0,0,0
479878.207879,0,0,0,0,0,0,0,0,0,0,0,0,0
479878.212824,0,0,0,0,0,0,0,0,0,0,0,0,0
479878.217776,0,0,0,0,0,0,0,0,0,0,0,0,0
479878.222878,0,0,0,0,0,0,0,0,0,0,0,0,0
479878.227860,0,0,0,0,0,0,0,0,0,0,0,0,0
479878.232717,0,0,0,0,0,0,0,0,0,0,0,0,0
479878.237842,0,0,0,0,0,0,0,0,0,0,0,0,0
479878.242902,0,0,0,0,0,0,0,0,0,0,0,0,0
479878.247842,0,0,0,0,0,0,0,0,0,0,0,0,0
479878.252897,0,0,0,0,0,0,0,0,0,0,0,0,0
479878.257842,0,0,0,0,0,0,0,0,0,0,0,0,0
479878.262830,0,0,0,0,0,0,0,0,0,0,0,0,0
479878.267854,0,0,0,0,0,0,0,0,0,0,0,0,0
479878.272887,0,0,0,0,0,0,0,0,0,0,0,0,0
479878.277733,0,0,0,0,0,0,0,0,0,0,0,0,0
479878.282851,0,0,0,0,0,0,0,0,0,0,0,0,0
479878.287774,0,0,0,0,0,0,0,0,0,0,0,0,0
479878.292857,0,0,0,0,0,0,0,0,0,0,0,0,0
479878.297957,0,0,0,0,0,0,0,0,0,0,0,0,0
479878.302909,0,0,0,0,0,0,0,0,0,0,0,0,0
479878.307880,0,0,0,0,0,0,0,0,0,0,0,0,0
479878.312831,0,0,0,0,0,0,0,0,0,0,0,0,0
479878.317881,0,0,0,0,0,0,0,0,0,0,0,0,0
479878.322894,0,0,0,0,0,0,0,0,0,0,0,0,0
479878.327860,0,0,0,0,0,0,0,0,0,0,0,0,0
479878.332773,0,0,0,0,0,0,0,0,0,0,0,0,0
479878.337866,0,0,0,0,0,0,0,0,0,0,0,0,0
479878.342855,0,0,0,0,0,0,0,0,0,0,0,0,0
479878.347875,0,0,0,0,0,0,0,0,0,0,0,0,0
479878.352910,0,0,0,0,0,0,0,0,0,0,0,0,0
479878.357890,0,0,0,0,0,0,0,0,0,0,0,0,0
479878.362849,0,0,0,0,0,0,0,0,0,0,0,0,0
479878.367828,0,0,0,0,0,0,0,0,0,0,0,0,0
479878.372896,0,0,0,0,0,0,0,0,0,0,0,0,0
479878.377829,0,0,0,0,0,0,0,0,0,0,0,0,0
479878.382769,0,0,0,0,0,0,0,0,0,0,0,0,0
479878.387714,0,0,0,0,0,0,0,0,0,0,0,0,0
479878.392741,0,0,0,0,0,0,0,0,0,0,0,0,0
479878.397854,0,0,0,0,0,0,0,0,0,0,0,0,0
479878.402905,0,0,0,0,0,0,0,0,0,0,0,0,0
479878.407889,0,0,0,0,0,0,0,0,0,0,0,0,0
479878.412807,0,0,0,0,0,0,0,0,0,0,0,0,0
479878.417881,0,0,0,0,0,0,0,0,0,0,0,0,0
479878.422884,0,0,0,0,0,0,0,0,0,0,0,0,0
479878.427868,0,0,0,0,0,0,0,0,0,0,0,0,0
479878.432763,0,0,0,0,0,0,0,0,0,0,0,0,0
479878.437776,0,0,0,0,0,0,0,0,0,0,0,0,0
479878.442865,0,0,0,0,0,0,0,0,0,0,0,0,0
479878.447836,0,0,0,0,0,0,0,0,0,0,0,0,0
479878.452911,0,0,0,0,0,0,0,0,0,0,0,0,0
479878.457894,0,0,0,0,0,0,0,0,0,0,0,0,0
479878.462877,0,0,0,0,0,0,0,0,0,0,0,0,0
479878.467852,0,0,0,0,0,0,0,0,0,0,0,0,0
479878.472925,0,0,0,0,0,0,0,0,0,0,0,0,0
479878.477841,0,0,0,0,0,0,0,0,0,0,0,0,0
479878.482817,0,0,0,0,0,0,0,0,0,0,0,0,0
479878.487839,0,0,0,0,0,0,0,0,0,0,0,0,0
479878.492849,0,0,0,0,0,0,0,0,0,0,0,0,0
479878.497939,0,0,0,0,0,0,0,0,0,0,0,0,0
479878.502928,0,0,0,0,0,0,0,0,0,0,0,0,0
479878.507891,0,0,0,0,0,0,0,0,0,0,0,0,0
479878.512813,0,0,0,0,0,0,0,0,0,0,0,0,0
479878.517909,0,0,0,0,0,0,0,0,0,0,0,0,0
479878.522903,0,0,0,0,0,0,0,0,0,0,0,0,0
479878.527870,0,0,0,0,0,0,0,0,0,0,0,0,0
479878.532750,0,0,0,0,0,0,0,0,0,0,0,0,0
479878.537900,0,0,0,0,0,0,0,0,0,0,0,0,0
479878.542861,0,0,0,0,0,0,0,0,0,0,0,0,0
479878.547811,0,0,0,0,0,0,0,0,0,0,0,0,0
479878.552911,0,0,0,0,0,0,0,0,0,0,0,0,0
479878.557887,0,0,0,0,0,0,0,0,0,0,0,0,0
479878.562834,0,0,0,0,0,0,0,0,0,0,0,0,0
479878.567842,0,0,0,0,0,0,0,0,0,0,0,0,0
479878.572821,0,0,0,0,0,0,0,0,0,0,0,0,0
479878.577773,0,0,0,0,0,0,0,0,0,0,0,0,0
479878.582823,0,0,0,0,0,0,0,0,0,0,0,0,0
479878.587793,0,0,0,0,0,0,0,0,0,0,0,0,0
479878.592870,0,0,0,0,0,0,0,0,0,0,0,0,0
479878.597947,0,0,0,0,0,0,0,0,0,0,0,0,0
479878.602926,0,0,0,0,0,0,0,0,0,0,0,0,0
479878.607890,0,0,0,0,0,0,0,0,0,0,0,0,0
479878.612855,0,0,0,0,0,0,0,0,0,0,0,0,0
479878.617870,0,0,0,0,0,0,0,0,0,0,0,0,0
479878.622880,0,0,0,0,0,0,0,0,0,0,0,0,0
479878.627896,0,0,0,0,0,0,0,0,0,0,0,0,0
479878.632810,0,0,0,0,0,0,0,0,0,0,0,0,0
479878.637924,0,0,0,0,0,0,0,0,0,0,0,0,0
479878.642749,0,0,0,0,0,0,0,0,0,0,0,0,0
479878.647745,0,0,0,0,0,0,0,0,0,0,0,0,0
479878.652907,0,0,0,0,0,0,0,0,0,0,0,0,0
479878.657876,0,0,0,0,0,0,0,0,0,0,0,0,0
479878.662871,0,0,0,0,0,0,0,0,0,0,0,0,0
479878.667858,0,0,0,0,0,0,0,0,0,0,0,0,0
479878.672946,0,0,0,0,0,0,0,0,0,0,0,0,0
479878.677791,0,0,0,0,0,0,0,0,0,0,0,0,0
479878.682876,0,0,0,0,0,0,0,0,0,0,0,0,0
479878.687795,0,0,0,0,0,0,0,0,0,0,0,0,0
479878.692872,0,0,0,0,0,0,0,0,0,0,0,0,0
479878.697957,0,0,0,0,0,0,0,0,0,0,0,0,0
479878.702922,0,0,0,0,0,0,0,0,0,0,0,0,0
479878.707861,0,0,0,0,0,0,0,0,0,0,0,0,0
479878.713054,0,0,0,0,0,0,0,0,0,0,0,0,0
479878.717879,0,0,0,0,0,0,0,0,0,0,0,0,0
479878.722919,0,0,0,0,0,0,0,0,0,0,0,0,0
479878.727890,0,0,0,0,0,0,0,0,0,0,0,0,0
479878.732793,0,0,0,0,0,0,0,0,0,0,0,0,0
479878.737937,0,0,0,0,0,0,0,0,0,0,0,0,0
479878.742859,0,0,0,0,0,0,0,0,0,0,0,0,0
479878.747863,0,0,0,0,0,0,0,0,0,0,0,0,0
479878.752931,0,0,0,0,0,0,0,0,0,0,0,0,0
479878.757871,0,0,0,0,0,0,0,0,0,0,0,0,0
479878.762873,0,0,0,0,0,0,0,0,0,0,0,0,0
479878.767782,0,0,0,0,0,0,0,0,0,0,0,0,0
479878.772829,0,0,0,0,0,0,0,0,0,0,0,0,0
479878.777768,0,0,0,0,0,0,0,0,0,0,0,0,0
479878.782865,0,0,0,0,0,0,0,0,0,0,0,0,0
479878.787796,0,0,0,0,0,0,0,0,0,0,0,0,0
479878.792806,0,0,0,0,0,0,0,0,0,0,0,0,0
479878.797927,0,0,0,0,0,0,0,0,0,0,0,0,0
479878.802883,0,0,0,0,0,0,0,0,0,0,0,0,0
479878.807901,0,0,0,0,0,0,0,0,0,0,0,0,0
479878.812847,0,0,0,0,0,0,0,0,0,0,0,0,0
479878.817911,0,0,0,0,0,0,0,0,0,0,0,0,0
479878.822846,0,0,0,0,0,0,0,0,0,0,0,0,0
479878.827872,0,0,0,0,0,0,0,0,0,0,0,0,0
479878.832777,0,0,0,0,0,0,0,0,0,0,0,0,0
479878.837911,0,0,0,0,0,0,0,0,0,0,0,0,0
479878.842825,0,0,0,0,0,0,0,0,0,0,0,0,0
479878.847844,0,0,0,0,0,0,0,0,0,0,0,0,0
479878.852895,0,0,0,0,0,0,0,0,0,0,0,0,0
479878.857863,0,0,0,0,0,0,0,0,0,0,0,0,0
479878.862859,0,0,0,0,0,0,0,0,0,0,0,0,0
479878.867853,0,0,0,0,0,0,0,0,0,0,0,0,0
479878.872899,0,0,0,0,0,0,0,0,0,0,0,0,0
479878.877766,0,0,0,0,0,0,0,0,0,0,0,0,0
479878.882815,0,0,0,0,0,0,0,0,0,0,0,0,0
479878.887796,0,0,0,0,0,0,0,0,0,0,0,0,0
479878.892877,0,0,0,0,0,0,0,0,0,0,0,0,0
479878.897921,0,0,0,0,0,0,0,0,0,0,0,0,0
479878.902920,0,0,0,0,0,0,0,0,0,0,0,0,0
479878.907875,0,0,0,0,0,0,0,0,0,0,0,0,0
479878.912852,0,0,0,0,0,0,0,0,0,0,0,0,0
479878.917802,0,0,0,0,0,0,0,0,0,0,0,0,0
479878.922901,0,0,0,0,0,0,0,0,0,0,0,0,0
479878.927871,0,0,0,0,0,0,0,0,0,0,0,0,0
479878.932827,0,0,0,0,0,0,0,0,0,0,0,0,0
479878.937921,0,0,0,0,0,0,0,0,0,0,0,0,0
479878.942883,0,0,0,0,0,0,0,0,0,0,0,0,0
479878.947781,0,0,0,0,0,0,0,0,0,0,0,0,0
479878.952934,0,0,0,0,0,0,0,0,0,0,0,0,0
479878.957905,0,0,0,0,0,0,0,0,0,0,0,0,0
479878.962792,0,0,0,0,0,0,0,0,0,0,0,0,0
479878.967837,0,0,0,0,0,0,0,0,0,0,0,0,0
479878.972936,0,0,0,0,0,0,0,0,0,0,0,0,0
479878.977796,0,0,0,0,0,0,0,0,0,0,0,0,0
479878.982817,0,0,0,0,0,0,0,0,0,0,0,0,0
479878.987825,0,0,0,0,0,0,0,0,0,0,0,0,0
479878.992916,0,0,0,0,0,0,0,0,0,0,0,0,0
479878.997903,0,0,0,0,0,0,0,0,0,0,0,0,0
479879.002959,0,0,0,0,0,0,0,0,0,0,0,0,0
479879.007938,0,0,0,0,0,0,0,0,0,0,0,0,0
479879.012749,0,0,0,0,0,0,0,0,0,0,0,0,0
479879.017860,0,0,0,0,0,0,0,0,0,0,0,0,0
479879.022875,0,0,0,0,0,0,0,0,0,0,0,0,0
479879.027819,0,0,0,0,0,0,0,0,0,0,0,0,0
479879.032747,0,0,0,0,0,0,0,0,0,0,0,0,0
479879.037829,0,0,0,0,0,0,0,0,0,0,0,0,0
479879.042865,0,0,0,0,0,0,0,0,0,0,0,0,0
479879.047764,0,0,0,0,0,0,0,0,0,0,0,0,0
479879.052955,0,0,0,0,0,0,0,0,0,0,0,0,0
479879.057853,0,0,0,0,0,0,0,0,0,0,0,0,0
479879.062893,0,0,0,0,0,0,0,0,0,0,0,0,0
479879.067891,0,0,0,0,0,0,0,0,0,0,0,0,0
479879.072931,0,0,0,0,0,0,0,0,0,0,0,0,0
479879.077826,0,0,0,0,0,0,0,0,0,0,0,0,0
479879.082897,0,0,0,0,0,0,0,0,0,0,0,0,0
479879.087824,0,0,0,0,0,0,0,0,0,0,0,0,0
479879.092864,0,0,0,0,0,0,0,0,0,0,0,0,0
479879.097896,0,0,0,0,0,0,0,0,0,0,0,0,0
479879.102912,0,0,0,0,0,0,0,0,0,0,0,0,0
479879.107919,0,0,0,0,0,0,0,0,0,0,0,0,0
479879.112817,0,0,0,0,0,0,0,0,0,0,0,0,0
479879.117883,0,0,0,0,0,0,0,0,0,0,0,0,0
479879.122873,0,0,0,0,0,0,0,0,0,0,0,0,0
479879.127898,0,0,0,0,0,0,0,0,0,0,0,0,0
479879.132822,0,0,0,0,0,0,0,0,0,0,0,0,0
479879.137953,0,0,0,0,0,0,0,0,0,0,0,0,0
479879.142760,0,0,0,0,0,0,0,0,0,0,0,0,0
479879.147806,0,0,0,0,0,0,0,0,0,0,0,0,0
479879.152833,0,0,0,0,0,0,0,0,0,0,0,0,0
479879.157908,0,0,0,0,0,0,0,0,0,0,0,0,0
479879.162901,0,0,0,0,0,0,0,0,0,0,0,0,0
479879.167757,0,0,0,0,0,0,0,0,0,0,0,0,0
479879.172866,0,0,0,0,0,0,0,0,0,0,0,0,0
479879.177753,0,0,0,0,0,0,0,0,0,0,0,0,0
479879.182810,0,0,0,0,0,0,0,0,0,0,0,0,0
479879.187830,0,0,0,0,0,0,0,0,0,0,0,0,0
479879.192909,0,0,0,0,0,0,0,0,0,0,0,0,0
479879.197905,0,0,0,0,0,0,0,0,0,0,0,0,0
479879.202950,0,0,0,0,0,0,0,0,0,0,0,0,0
479879.207948,0,0,0,0,0,0,0,0,0,0,0,0,0
479879.212780,0,0,0,0,0,0,0,0,0,0,0,0,0
479879.217802,0,0,0,0,0,0,0,0,0,0,0,0,0
479879.222919,0,0,0,0,0,0,0,0,0,0,0,0,0
479879.227889,0,0,0,0,0,0,0,0,0,0,0,0,0
479879.232776,0,0,0,0,0,0,0,0,0,0,0,0,0
479879.237958,0,0,0,0,0,0,0,0,0,0,0,0,0
479879.242823,0,0,0,0,0,0,0,0,0,0,0,0,0
479879.247816,0,0,0,0,0,0,0,0,0,0,0,0,0
479879.252964,0,0,0,0,0,0,0,0,0,0,0,0,0
479879.257926,0,0,0,0,0,0,0,0,0,0,0,0,0
479879.262869,0,0,0,0,0,0,0,0,0,0,0,0,0
479879.267807,0,0,0,0,0,0,0,0,0,0,0,0,0
479879.272798,0,0,0,0,0,0,0,0,0,0,0,0,0
479879.277771,0,0,0,0,0,0,0,0,0,0,0,0,0
479879.282663,0,0,0,0,0,0,0,0,0,0,0,0,0
479879.287718,0,0,0,0,0,0,0,0,0,0,0,0,0
479879.292726,0,0,0,0,0,0,0,0,0,0,0,0,0
479879.297798,0,0,0,0,0,0,0,0,0,0,0,0,0
479879.302857,0,0,0,0,0,0,0,0,0,0,0,0,0
479879.307811,0,0,0,0,0,0,0,0,0,0,0,0,0
479879.312707,0,0,0,0,0,0,0,0,0,0,0,0,0
479879.317788,0,0,0,0,0,0,0,0,0,0,0,0,0
479879.322847,0,0,0,0,0,0,0,0,0,0,0,0,0
479879.327883,0,0,0,0,0,0,0,0,0,0,0,0,0
479879.332765,0,0,0,0,0,0,0,0,0,0,0,0,0
479879.337940,0,0,0,0,0,0,0,0,0,0,0,0,0
479879.342893,0,0,0,0,0,0,0,0,0,0,0,0,0
479879.347888,0,0,0,0,0,0,0,0,0,0,0,0,0
479879.352901,0,0,0,0,0,0,0,0,0,0,0,0,0
479879.357927,0,0,0,0,0,0,0,0,0,0,0,0,0
479879.362851,0,0,0,0,0,0,0,0,0,0,0,0,0
479879.367795,0,0,0,0,0,0,0,0,0,0,0,0,0
479879.372905,0,0,0,0,0,0,0,0,0,0,0,0,0
479879.377780,0,0,0,0,0,0,0,0,0,0,0,0,0
479879.382867,0,0,0,0,0,0,0,0,0,0,0,0,0
479879.387802,0,0,0,0,0,0,0,0,0,0,0,0,0
479879.392997,0,0,0,0,0,0,0,0,0,0,0,0,0
479879.397953,0,0,0,0,0,0,0,0,0,0,0,0,0
479879.402947,0,0,0,0,0,0,0,0,0,0,0,0,0
479879.407925,0,0,0,0,0,0,0,0,0,0,0,0,0
479879.412793,0,0,0,0,0,0,0,0,0,0,0,0,0
479879.417837,0,0,0,0,0,0,0,0,0,0,0,0,0
479879.422854,0,0,0,0,0,0,0,0,0,0,0,0,0
479879.427754,0,0,0,0,0,0,0,0,0,0,0,0,0
479879.432740,0,0,0,0,0,0,0,0,0,0,0,0,0
479879.437878,0,0,0,0,0,0,0,0,0,0,0,0,0
479879.442790,0,0,0,0,0,0,0,0,0,0,0,0,0
479879.447860,0,0,0,0,0,0,0,0,0,0,0,0,0
479879.452784,0,0,0,0,0,0,0,0,0,0,0,0,0
479879.457794,0,0,0,0,0,0,0,0,0,0,0,0,0
479879.462754,0,0,0,0,0,0,0,0,0,0,0,0,0
479879.467770,0,0,0,0,0,0,0,0,0,0,0,0,0
479879.472943,0,0,0,0,0,0,0,0,0,0,0,0,0
479879.477856,0,0,0,0,0,0,0,0,0,0,0,0,0
479879.482895,0,0,0,0,0,0,0,0,0,0,0,0,0
479879.487809,0,0,0,0,0,0,0,0,0,0,0,0,0
479879.492899,0,0,0,0,0,0,0,0,0,0,0,0,0
479879.498016,0,0,0,0,0,0,0,0,0,0,0,0,0
479879.502970,0,0,0,0,0,0,0,0,0,0,0,0,0
479879.507836,0,0,0,0,0,0,0,0,0,0,0,0,0
479879.512701,0,0,0,0,0,0,0,0,0,0,0,0,0
479879.517769,0,0,0,0,0,0,0,0,0,0,0,0,0
479879.522804,0,0,0,0,0,0,0,0,0,0,0,0,0
479879.527878,0,0,0,0,0,0,0,0,0,0,0,0,0
479879.532771,0,0,0,0,0,0,0,0,0,0,0,0,0
479879.537943,0,0,0,0,0,0,0,0,0,0,0,0,0
479879.542861,0,0,0,0,0,0,0,0,0,0,0,0,0
479879.547870,0,0,0,0,0,0,0,0,0,0,0,0,0
479879.552925,0,0,0,0,0,0,0,0,0,0,0,0,0
479879.557857,0,0,0,0,0,0,0,0,0,0,0,0,0
479879.562855,0,0,0,0,0,0,0,0,0,0,0,0,0
479879.567829,0,0,0,0,0,0,0,0,0,0,0,0,0
479879.572778,0,0,0,0,0,0,0,0,0,0,0,0,0
479879.577953,0,0,0,0,0,0,0,0,0,0,0,0,0
479879.582862,0,0,0,0,0,0,0,0,0,0,0,0,0
479879.587794,0,0,0,0,0,0,0,0,0,0,0,0,0
479879.592880,0,0,0,0,0,0,0,0,0,0,0,0,0
479879.598018,0,0,0,0,0,0,0,0,0,0,0,0,0
479879.602932,0,0,0,0,0,0,0,0,0,0,0,0,0
479879.607883,0,0,0,0,0,0,0,0,0,0,0,0,0
479879.612932,0,0,0,0,0,0,0,0,0,0,0,0,0
479879.617933,0,0,0,0,0,0,0,0,0,0,0,0,0
479879.622923,0,0,0,0,0,0,0,0,0,0,0,0,0
479879.627879,0,0,0,0,0,0,0,0,0,0,0,0,0
479879.632696,0,0,0,0,0,0,0,0,0,0,0,0,0
479879.637838,0,0,0,0,0,0,0,0,0,0,0,0,0
479879.642732,0,0,0,0,0,0,0,0,0,0,0,0,0
479879.647728,0,0,0,0,0,0,0,0,0,0,0,0,0
479879.652773,0,0,0,0,0,0,0,0,0,0,0,0,0
479879.657742,0,0,0,0,0,0,0,0,0,0,0,0,0
479879.662837,0,0,0,0,0,0,0,0,0,0,0,0,0
479879.667823,0,0,0,0,0,0,0,0,0,0,0,0,0
479879.672892,0,0,0,0,0,0,0,0,0,0,0,0,0
479879.677771,0,0,0,0,0,0,0,0,0,0,0,0,0
479879.682870,0,0,0,0,0,0,0,0,0,0,0,0,0
479879.687849,0,0,0,0,0,0,0,0,0,0,0,0,0
479879.692889,0,0,0,0,0,0,0,0,0,0,0,0,0
479879.697964,0,0,0,0,0,0,0,0,0,0,0,0,0
479879.702806,0,0,0,0,0,0,0,0,0,0,0,0,0
479879.707836,0,0,0,0,0,0,0,0,0,0,0,0,0
479879.712807,0,0,0,0,0,0,0,0,0,0,0,0,0
479879.717775,0,0,0,0,0,0,0,0,0,0,0,0,0
479879.722777,0,0,0,0,0,0,0,0,0,0,0,0,0
479879.727740,0,0,0,0,0,0,0,0,0,0,0,0,0
479879.732727,0,0,0,0,0,0,0,0,0,0,0,0,0
479879.737841,0,0,0,0,0,0,0,0,0,0,0,0,0
479879.742777,0,0,0,0,0,0,0,0,0,0,0,0,0
479879.747718,0,0,0,0,0,0,0,0,0,0,0,0,0
479879.752836,0,0,0,0,0,0,0,0,0,0,0,0,0
479879.757772,0,0,0,0,0,0,0,0,0,0,0,0,0
479879.762817,0,0,0,0,0,0,0,0,0,0,0,0,0
479879.767762,0,0,0,0,0,0,0,0,0,0,0,0,0
479879.772800,0,0,0,0,0,0,0,0,0,0,0,0,0
479879.777717,0,0,0,0,0,0,0,0,0,0,0,0,0
479879.782812,0,0,0,0,0,0,0,0,0,0,0,0,0
479879.787764,0,0,0,0,0,0,0,0,0,0,0,0,0
479879.792808,0,0,0,0,0,0,0,0,0,0,0,0,0
479879.798251,0,0,0,0,0,0,0,0,0,0,0,0,0
479879.802847,0,0,0,0,0,0,0,0,0,0,0,0,0
479879.807864,0,0,0,0,0,0,0,0,0,0,0,0,0
479879.812697,0,0,0,0,0,0,0,0,0,0,0,0,0
479879.817809,0,0,0,0,0,0,0,0,0,0,0,0,0
479879.822753,0,0,0,0,0,0,0,0,0,0,0,0,0
479879.827839,0,0,0,0,0,0,0,0,0,0,0,0,0
479879.832736,0,0,0,0,0,0,0,0,0,0,0,0,0
479879.837770,0,0,0,0,0,0,0,0,0,0,0,0,0
479879.842829,0,0,0,0,0,0,0,0,0,0,0,0,0
479879.847858,0,0,0,0,0,0,0,0,0,0,0,0,0
479879.852739,0,0,0,0,0,0,0,0,0,0,0,0,0
479879.857824,0,0,0,0,0,0,0,0,0,0,0,0,0
479879.862758,0,0,0,0,0,0,0,0,0,0,0,0,0
479879.867778,0,0,0,0,0,0,0,0,0,0,0,0,0
479879.872788,0,0,0,0,0,0,0,0,0,0,0,0,0
479879.877899,0,0,0,0,0,0,0,0,0,0,0,0,0
479879.882779,0,0,0,0,0,0,0,0,0,0,0,0,0
479879.887744,0,0,0,0,0,0,0,0,0,0,0,0,0
479879.892926,0,0,0,0,0,0,0,0,0,0,0,0,0
479879.897952,0,0,0,0,0,0,0,0,0,0,0,0,0
479879.902957,0,0,0,0,0,0,0,0,0,0,0,0,0
479879.907888,0,0,0,0,0,0,0,0,0,0,0,0,0
479879.912757,0,0,0,0,0,0,0,0,0,0,0,0,0
479879.917815,0,0,0,0,0,0,0,0,0,0,0,0,0
479879.922827,0,0,0,0,0,0,0,0,0,0,0,0,0
479879.927840,0,0,0,0,0,0,0,0,0,0,0,0,0
479879.932726,0,0,0,0,0,0,0,0,0,0,0,0,0
479879.937778,0,0,0,0,0,0,0,0,0,0,0,0,0
479879.942761,0,0,0,0,0,0,0,0,0,0,0,0,0
479879.947825,0,0,0,0,0,0,0,0,0,0,0,0,0
479879.952836,0,0,0,0,0,0,0,0,0,0,0,0,0
479879.957868,0,0,0,0,0,0,0,0,0,0,0,0,0
479879.962754,0,0,0,0,0,0,0,0,0,0,0,0,0
479879.967799,0,0,0,0,0,0,0,0,0,0,0,0,0
479879.972869,0,0,0,0,0,0,0,0,0,0,0,0,0
479879.977887,0,0,0,0,0,0,0,0,0,0,0,0,0
479879.982773,0,0,0,0,0,0,0,0,0,0,0,0,0
479879.987836,0,0,0,0,0,0,0,0,0,0,0,0,0
479879.992888,0,0,0,0,0,0,0,0,0,0,0,0,0
479879.998039,0,0,0,0,0,0,0,0,0,0,0,0,0
479880.002951,0,0,0,0,0,0,0,0,0,0,0,0,0
479880.007902,0,0,0,0,0,0,0,0,0,0,0,0,0
479880.012797,0,0,0,0,0,0,0,0,0,0,0,0,0
479880.018762,0,0,0,0,0,0,0,0,0,0,0,0,0
479880.022827,0,0,0,0,0,0,0,0,0,0,0,0,0
479880.027818,0,0,0,0,0,0,0,0,0,0,0,0,0
479880.032927,0,0,0,0,0,0,0,0,0,0,0,0,0
479880.037845,0,0,0,0,0,0,0,0,0,0,0,0,0
479880.042828,0,0,0,0,0,0,0,0,0,0,0,0,0
479880.047784,0,0,0,0,0,0,0,0,0,0,0,0,0
479880.052872,0,0,0,0,0,0,0,0,0,0,0,0,0
479880.057862,0,0,0,0,0,0,0,0,0,0,0,0,0
479880.062809,0,0,0,0,0,0,0,0,0,0,0,0,0
479880.067817,0,0,0,0,0,0,0,0,0,0,0,0,0
479880.072861,0,0,0,0,0,0,0,0,0,0,0,0,0
479880.077804,0,0,0,0,0,0,0,0,0,0,0,0,0
479880.082720,0,0,0,0,0,0,0,0,0,0,0,0,0
479880.087760,0,0,0,0,0,0,0,0,0,0,0,0,0
479880.092833,0,0,0,0,0,0,0,0,0,0,0,0,0
479880.098076,0,0,0,0,0,0,0,0,0,0,0,0,0
479880.104442,0,0,0,0,0,0,0,0,0,0,0,0,0
479880.107912,0,0,0,0,0,0,0,0,0,0,0,0,0
479880.112718,0,0,0,0,0,0,0,0,0,0,0,0,0
479880.117835,0,0,0,0,0,0,0,0,0,0,0,0,0
479880.122868,0,0,0,0,0,0,0,0,0,0,0,0,0
479880.127782,0,0,0,0,0,0,0,0,0,0,0,0,0
479880.132772,0,0,0,0,0,0,0,0,0,0,0,0,0
479880.137865,0,0,0,0,0,0,0,0,0,0,0,0,0
479880.142817,0,0,0,0,0,0,0,0,0,0,0,0,0
479880.147653,0,0,0,0,0,0,0,0,0,0,0,0,0
479880.152895,0,0,0,0,0,0,0,0,0,0,0,0,0
479880.157798,0,0,0,0,0,0,0,0,0,0,0,0,0
479880.162763,0,0,0,0,0,0,0,0,0,0,0,0,0
479880.167747,0,0,0,0,0,0,0,0,0,0,0,0,0
479880.172890,0,0,0,0,0,0,0,0,0,0,0,0,0
479880.177728,0,0,0,0,0,0,0,0,0,0,0,0,0
479880.182723,0,0,0,0,0,0,0,0,0,0,0,0,0
479880.187714,0,0,0,0,0,0,0,0,0,0,0,0,0
479880.192767,0,0,0,0,0,0,0,0,0,0,0,0,0
479880.197960,0,0,0,0,0,0,0,0,0,0,0,0,0
479880.202942,0,0,0,0,0,0,0,0,0,0,0,0,0
479880.207953,0,0,0,0,0,0,0,0,0,0,0,0,0
479880.212807,0,0,0,0,0,0,0,0,0,0,0,0,0
479880.217894,0,0,0,0,0,0,0,0,0,0,0,0,0
479880.222776,0,0,0,0,0,0,0,0,0,0,0,0,0
479880.227746,0,0,0,0,0,0,0,0,0,0,0,0,0
479880.232738,0,0,0,0,0,0,0,0,0,0,0,0,0
479880.237747,0,0,0,0,0,0,0,0,0,0,0,0,0
479880.242686,0,0,0,0,0,0,0,0,0,0,0,0,0
479880.247718,0,0,0,0,0,0,0,0,0,0,0,0,0
479880.252705,0,0,0,0,0,0,0,0,0,0,0,0,0
479880.257767,0,0,0,0,0,0,0,0,0,0,0,0,0
479880.262742,0,0,0,0,0,0,0,0,0,0,0,0,0
479880.267711,0,0,0,0,0,0,0,0,0,0,0,0,0
479880.272732,0,0,0,0,0,0,0,0,0,0,0,0,0
479880.277718,0,0,0,0,0,0,0,0,0,0,0,0,0
479880.282856,0,0,0,0,0,0,0,0,0,0,0,0,0
479880.287844,0,0,0,0,0,0,0,0,0,0,0,0,0
479880.292794,0,0,0,0,0,0,0,0,0,0,0,0,0
479880.297784,0,0,0,0,0,0,0,0,0,0,0,0,0
479880.302849,0,0,0,0,0,0,0,0,0,0,0,0,0
479880.307933,0,0,0,0,0,0,0,0,0,0,0,0,0
479880.312798,0,0,0,0,0,0,0,0,0,0,0,0,0
479880.317842,0,0,0,0,0,0,0,0,0,0,0,0,0
479880.322953,0,0,0,0,0,0,0,0,0,0,0,0,0
479880.327932,0,0,0,0,0,0,0,0,0,0,0,0,0
479880.332813,0,0,0,0,0,0,0,0,0,0,0,0,0
479880.337956,0,0,0,0,0,0,0,0,0,0,0,0,0
479880.342829,0,0,0,0,0,0,0,0,0,0,0,0,0
479880.348011,0,0,0,0,0,0,0,0,0,0,0,0,0
479880.352874,0,0,0,0,0,0,0,0,0,0,0,0,0
479880.357879,0,0,0,0,0,0,0,0,0,0,0,0,0
479880.362884,0,0,0,0,0,0,0,0,0,0,0,0,0
479880.367883,0,0,0,0,0,0,0,0,0,0,0,0,0
479880.372864,0,0,0,0,0,0,0,0,0,0,0,0,0
479880.377754,0,0,0,0,0,0,0,0,0,0,0,0,0
479880.382723,0,0,0,0,0,0,0,0,0,0,0,0,0
479880.387851,0,0,0,0,0,0,0,0,0,0,0,0,0
479880.392913,0,0,0,0,0,0,0,0,0,0,0,0,0
479880.398133,0,0,0,0,0,0,0,0,0,0,0,0,0
479880.402967,0,0,0,0,0,0,0,0,0,0,0,0,0
479880.407969,0,0,0,0,0,0,0,0,0,0,0,0,0
479880.412827,0,0,0,0,0,0,0,0,0,0,0,0,0
479880.417928,0,0,0,0,0,0,0,0,0,0,0,0,0
479880.422871,0,0,0,0,0,0,0,0,0,0,0,0,0
479880.427793,0,0,0,0,0,0,0,0,0,0,0,0,0
479880.432802,0,0,0,0,0,0,0,0,0,0,0,0,0
479880.437945,0,0,0,0,0,0,0,0,0,0,0,0,0
479880.442844,0,0,0,0,0,0,0,0,0,0,0,0,0
479880.448033,0,0,0,0,0,0,0,0,0,0,0,0,0
479880.452900,0,0,0,0,0,0,0,0,0,0,0,0,0
479880.457894,0,0,0,0,0,0,0,0,0,0,0,0,0
479880.462940,0,0,0,0,0,0,0,0,0,0,0,0,0
479880.467875,0,0,0,0,0,0,0,0,0,0,0,0,0
479880.472905,0,0,0,0,0,0,0,0,0,0,0,0,0
479880.477811,0,0,0,0,0,0,0,0,0,0,0,0,0
479880.482771,0,0,0,0,0,0,0,0,0,0,0,0,0
479880.487861,0,0,0,0,0,0,0,0,0,0,0,0,0
479880.492905,0,0,0,0,0,0,0,0,0,0,0,0,0
479880.498091,0,0,0,0,0,0,0,0,0,0,0,0,0
479880.502966,0,0,0,0,0,0,0,0,0,0,0,0,0
479880.507971,0,0,0,0,0,0,0,0,0,0,0,0,0
479880.512887,0,0,0,0,0,0,0,0,0,0,0,0,0
479880.517872,0,0,0,0,0,0,0,0,0,0,0,0,0
479880.522963,0,0,0,0,0,0,0,0,0,0,0,0,0
479880.527848,0,0,0,0,0,0,0,0,0,0,0,0,0
479880.532816,0,0,0,0,0,0,0,0,0,0,0,0,0
479880.537940,0,0,0,0,0,0,0,0,0,0,0,0,0
479880.542899,0,0,0,0,0,0,0,0,0,0,0,0,0
479880.548034,0,0,0,0,0,0,0,0,0,0,0,0,0
479880.552916,0,0,0,0,0,0,0,0,0,0,0,0,0
479880.557939,0,0,0,0,0,0,0,0,0,0,0,0,0
479880.562953,0,0,0,0,0,0,0,0,0,0,0,0,0
479880.567933,0,0,0,0,0,0,0,0,0,0,0,0,0
479880.572873,0,0,0,0,0,0,0,0,0,0,0,0,0
479880.577846,0,0,0,0,0,0,0,0,0,0,0,0,0
479880.582779,0,0,0,0,0,0,0,0,0,0,0,0,0
479880.587802,0,0,0,0,0,0,0,0,0,0,0,0,0
479880.592870,0,0,0,0,0,0,0,0,0,0,0,0,0
479880.598042,0,0,0,0,0,0,0,0,0,0,0,0,0
479880.602872,0,0,0,0,0,0,0,0,0,0,0,0,0
479880.607831,0,0,0,0,0,0,0,0,0,0,0,0,0
479880.612790,0,0,0,0,0,0,0,0,0,0,0,0,0
479880.617835,0,0,0,0,0,0,0,0,0,0,0,0,0
479880.622847,0,0,0,0,0,0,0,0,0,0,0,0,0
479880.627830,0,0,0,0,0,0,0,0,0,0,0,0,0
479880.632702,0,0,0,0,0,0,0,0,0,0,0,0,0
479880.637883,0,0,0,0,0,0,0,0,0,0,0,0,0
479880.642835,0,0,0,0,0,0,0,0,0,0,0,0,0
479880.647939,0,0,0,0,0,0,0,0,0,0,0,0,0
479880.652798,0,0,0,0,0,0,0,0,0,0,0,0,0
479880.657851,0,0,0,0,0,0,0,0,0,0,0,0,0
479880.662955,0,0,0,0,0,0,0,0,0,0,0,0,0
479880.667865,0,0,0,0,0,0,0,0,0,0,0,0,0
479880.672884,0,0,0,0,0,0,0,0,0,0,0,0,0
479880.677779,0,0,0,0,0,0,0,0,0,0,0,0,0
479880.682768,0,0,0,0,0,0,0,0,0,0,0,0,0
479880.687832,0,0,0,0,0,0,0,0,0,0,0,0,0
479880.692863,0,0,0,0,0,0,0,0,0,0,0,0,0
479880.698078,0,0,0,0,0,0,0,0,0,0,0,0,0
479880.702907,0,0,0,0,0,0,0,0,0,0,0,0,0
479880.707846,0,0,0,0,0,0,0,0,0,0,0,0,0
479880.712826,0,0,0,0,0,0,0,0,0,0,0,0,0
479880.717831,0,0,0,0,0,0,0,0,0,0,0,0,0
479880.722832,0,0,0,0,0,0,0,0,0,0,0,0,0
479880.727845,0,0,0,0,0,0,0,0,0,0,0,0,0
479880.732755,0,0,0,0,0,0,0,0,0,0,0,0,0
479880.737851,0,0,0,0,0,0,0,0,0,0,0,0,0
479880.742818,0,0,0,0,0,0,0,0,0,0,0,0,0
479880.747808,0,0,0,0,0,0,0,0,0,0,0,0,0
479880.752820,0,0,0,0,0,0,0,0,0,0,0,0,0
479880.757873,0,0,0,0,0,0,0,0,0,0,0,0,0
479880.762851,0,0,0,0,0,0,0,0,0,0,0,0,0
479880.767842,0,0,0,0,0,0,0,0,0,0,0,0,0
479880.772860,0,0,0,0,0,0,0,0,0,0,0,0,0
479880.777835,0,0,0,0,0,0,0,0,0,0,0,0,0
479880.782785,0,0,0,0,0,0,0,0,0,0,0,0,0
479880.787809,0,0,0,0,0,0,0,0,0,0,0,0,0
479880.792866,0,0,0,0,0,0,0,0,0,0,0,0,0
479880.798094,0,0,0,0,0,0,0,0,0,0,0,0,0
479880.802899,0,0,0,0,0,0,0,0,0,0,0,0,0
479880.807920,0,0,0,0,0,0,0,0,0,0,0,0,0
479880.812826,0,0,0,0,0,0,0,0,0,0,0,0,0
479880.817834,0,0,0,0,0,0,0,0,0,0,0,0,0
479880.822796,0,0,0,0,0,0,0,0,0,0,0,0,0
479880.827839,0,0,0,0,0,0,0,0,0,0,0,0,0
479880.832746,0,0,0,0,0,0,0,0,0,0,0,0,0
479880.838109,0,0,0,0,0,0,0,0,0,0,0,0,0
479880.842758,0,0,0,0,0,0,0,0,0,0,0,0,0
479880.847786,0,0,0,0,0,0,0,0,0,0,0,0,0
479880.852786,0,0,0,0,0,0,0,0,0,0,0,0,0
479880.857793,0,0,0,0,0,0,0,0,0,0,0,0,0
479880.862834,0,0,0,0,0,0,0,0,0,0,0,0,0
479880.867828,0,0,0,0,0,0,0,0,0,0,0,0,0
479880.872976,0,0,0,0,0,0,0,0,0,0,0,0,0
479880.877821,0,0,0,0,0,0,0,0,0,0,0,0,0
479880.882757,0,0,0,0,0,0,0,0,0,0,0,0,0
479880.887782,0,0,0,0,0,0,0,0,0,0,0,0,0
479880.892869,0,0,0,0,0,0,0,0,0,0,0,0,0
479880.898127,0,0,0,0,0,0,0,0,0,0,0,0,0
479880.902863,0,0,0,0,0,0,0,0,0,0,0,0,0
479880.907887,0,0,0,0,0,0,0,0,0,0,0,0,0
479880.912793,0,0,0,0,0,0,0,0,0,0,0,0,0
479880.917784,0,0,0,0,0,0,0,0,0,0,0,0,0
479880.922861,0,0,0,0,0,0,0,0,0,0,0,0,0
479880.927857,0,0,0,0,0,0,0,0,0,0,0,0,0
479880.932717,0,0,0,0,0,0,0,0,0,0,0,0,0
479880.937907,0,0,0,0,0,0,0,0,0,0,0,0,0
479880.942814,0,0,0,0,0,0,0,0,0,0,0,0,0
479880.947806,0,0,0,0,0,0,0,0,0,0,0,0,0
479880.952804,0,0,0,0,0,0,0,0,0,0,0,0,0
479880.957868,0,0,0,0,0,0,0,0,0,0,0,0,0
479880.962786,0,0,0,0,0,0,0,0,0,0,0,0,0
479880.967830,0,0,0,0,0,0,0,0,0,0,0,0,0
479880.972905,0,0,0,0,0,0,0,0,0,0,0,0,0
479880.977818,0,0,0,0,0,0,0,0,0,0,0,0,0
479880.982752,0,0,0,0,0,0,0,0,0,0,0,0,0
479880.987787,0,0,0,0,0,0,0,0,0,0,0,0,0
479880.992812,0,0,0,0,0,0,0,0,0,0,0,0,0
479880.997907,0,0,0,0,0,0,0,0,0,0,0,0,0
479881.002920,0,0,0,0,0,0,0,0,0,0,0,0,0
479881.007916,0,0,0,0,0,0,0,0,0,0,0,0,0
479881.012884,0,0,0,0,0,0,0,0,0,0,0,0,0
479881.017896,0,0,0,0,0,0,0,0,0,0,0,0,0
479881.022918,0,0,0,0,0,0,0,0,0,0,0,0,0
479881.027890,0,0,0,0,0,0,0,0,0,0,0,0,0
479881.032789,0,0,0,0,0,0,0,0,0,0,0,0,0
479881.037887,0,0,0,0,0,0,0,0,0,0,0,0,0
479881.042837,0,0,0,0,0,0,0,0,0,0,0,0,0
479881.047848,0,0,0,0,0,0,0,0,0,0,0,0,0
479881.052835,0,0,0,0,0,0,0,0,0,0,0,0,0
479881.057895,0,0,0,0,0,0,0,0,0,0,0,0,0
479881.062892,0,0,0,0,0,0,0,0,0,0,0,0,0
479881.067847,0,0,0,0,0,0,0,0,0,0,0,0,0
479881.072878,0,0,0,0,0,0,0,0,0,0,0,0,0
479881.077808,0,0,0,0,0,0,0,0,0,0,0,0,0
479881.082764,0,0,0,0,0,0,0,0,0,0,0,0,0
479881.087845,0,0,0,0,0,0,0,0,0,0,0,0,0
479881.092891,0,0,0,0,0,0,0,0,0,0,0,0,0
479881.097983,0,0,0,0,0,0,0,0,0,0,0,0,0
479881.102916,0,0,0,0,0,0,0,0,0,0,0,0,0
479881.107896,0,0,0,0,0,0,0,0,0,0,0,0,0
479881.112864,0,0,0,0,0,0,0,0,0,0,0,0,0
479881.117993,0,0,0,0,0,0,0,0,0,0,0,0,0
479881.124033,0,0,0,0,0,0,0,0,0,0,0,0,0
479881.127828,0,0,0,0,0,0,0,0,0,0,0,0,0
479881.132775,0,0,0,0,0,0,0,0,0,0,0,0,0
479881.137897,0,0,0,0,0,0,0,0,0,0,0,0,0
479881.142775,0,0,0,0,0,0,0,0,0,0,0,0,0
479881.147913,0,0,0,0,0,0,0,0,0,0,0,0,0
479881.152877,0,0,0,0,0,0,0,0,0,0,0,0,0
479881.158008,0,0,0,0,0,0,0,0,0,0,0,0,0
479881.162937,0,0,0,0,0,0,0,0,0,0,0,0,0
479881.167979,0,0,0,0,0,0,0,0,0,0,0,0,0
479881.172903,0,0,0,0,0,0,0,0,0,0,0,0,0
479881.177798,0,0,0,0,0,0,0,0,0,0,0,0,0
479881.182840,0,0,0,0,0,0,0,0,0,0,0,0,0
479881.187874,0,0,0,0,0,0,0,0,0,0,0,0,0
479881.192914,0,0,0,0,0,0,0,0,0,0,0,0,0
479881.198039,0,0,0,0,0,0,0,0,0,0,0,0,0
479881.202901,0,0,0,0,0,0,0,0,0,0,0,0,0
479881.207967,0,0,0,0,0,0,0,0,0,0,0,0,0
479881.212925,0,0,0,0,0,0,0,0,0,0,0,0,0
479881.217909,0,0,0,0,0,0,0,0,0,0,0,0,0
479881.222857,0,0,0,0,0,0,0,0,0,0,0,0,0
479881.227952,0,0,0,0,0,0,0,0,0,0,0,0,0
479881.232823,0,0,0,0,0,0,0,0,0,0,0,0,0
479881.237994,0,0,0,0,0,0,0,0,0,0,0,0,0
479881.242945,0,0,0,0,0,0,0,0,0,0,0,0,0
479881.247902,0,0,0,0,0,0,0,0,0,0,0,0,0
479881.252828,0,0,0,0,0,0,0,0,0,0,0,0,0
479881.257956,0,0,0,0,0,0,0,0,0,0,0,0,0
479881.262928,0,0,0,0,0,0,0,0,0,0,0,0,0
479881.267926,0,0,0,0,0,0,0,0,0,0,0,0,0
479881.272919,0,0,0,0,0,0,0,0,0,0,0,0,0
479881.277826,0,0,0,0,0,0,0,0,0,0,0,0,0
479881.282770,0,0,0,0,0,0,0,0,0,0,0,0,0
479881.287839,0,0,0,0,0,0,0,0,0,0,0,0,0
479881.292807,0,0,0,0,0,0,0,0,0,0,0,0,0
479881.297820,0,0,0,0,0,0,0,0,0,0,0,0,0
479881.302803,0,0,0,0,0,0,0,0,0,0,0,0,0
479881.307844,0,0,0,0,0,0,0,0,0,0,0,0,0
479881.312857,0,0,0,0,0,0,0,0,0,0,0,0,0
479881.317826,0,0,0,0,0,0,0,0,0,0,0,0,0
479881.322873,0,0,0,0,0,0,0,0,0,0,0,0,0
479881.327865,0,0,0,0,0,0,0,0,0,0,0,0,0
479881.332764,0,0,0,0,0,0,0,0,0,0,0,0,0
479881.337892,0,0,0,0,0,0,0,0,0,0,0,0,0
479881.342840,0,0,0,0,0,0,0,0,0,0,0,0,0
479881.347817,0,0,0,0,0,0,0,0,0,0,0,0,0
479881.352897,0,0,0,0,0,0,0,0,0,0,0,0,0
479881.357896,0,0,0,0,0,0,0,0,0,0,0,0,0
479881.362865,0,0,0,0,0,0,0,0,0,0,0,0,0
479881.367886,0,0,0,0,0,0,0,0,0,0,0,0,0
479881.372863,0,0,0,0,0,0,0,0,0,0,0,0,0
479881.377837,0,0,0,0,0,0,0,0,0,0,0,0,0
479881.382842,0,0,0,0,0,0,0,0,0,0,0,0,0
479881.387808,0,0,0,0,0,0,0,0,0,0,0,0,0
479881.392870,0,0,0,0,0,0,0,0,0,0,0,0,0
479881.397989,0,0,0,0,0,0,0,0,0,0,0,0,0
479881.402922,0,0,0,0,0,0,0,0,0,0,0,0,0
479881.407888,0,0,0,0,0,0,0,0,0,0,0,0,0
479881.412879,0,0,0,0,0,0,0,0,0,0,0,0,0
479881.417887,0,0,0,0,0,0,0,0,0,0,0,0,0
479881.422887,0,0,0,0,0,0,0,0,0,0,0,0,0
479881.427835,0,0,0,0,0,0,0,0,0,0,0,0,0
479881.432752,0,0,0,0,0,0,0,0,0,0,0,0,0
479881.437888,0,0,0,0,0,0,0,0,0,0,0,0,0
479881.442847,0,0,0,0,0,0,0,0,0,0,0,0,0
479881.447710,0,0,0,0,0,0,0,0,0,0,0,0,0
479881.452834,0,0,0,0,0,0,0,0,0,0,0,0,0
479881.457873,0,0,0,0,0,0,0,0,0,0,0,0,0
479881.462850,0,0,0,0,0,0,0,0,0,0,0,0,0
479881.467800,0,0,0,0,0,0,0,0,0,0,0,0,0
479881.472863,0,0,0,0,0,0,0,0,0,0,0,0,0
479881.477779,0,0,0,0,0,0,0,0,0,0,0,0,0
479881.482817,0,0,0,0,0,0,0,0,0,0,0,0,0
479881.487791,0,0,0,0,0,0,0,0,0,0,0,0,0
479881.492839,0,0,0,0,0,0,0,0,0,0,0,0,0
479881.497938,0,0,0,0,0,0,0,0,0,0,0,0,0
479881.502851,0,0,0,0,0,0,0,0,0,0,0,0,0
479881.508457,0,0,0,0,0,0,0,0,0,0,0,0,0
479881.512838,0,0,0,0,0,0,0,0,0,0,0,0,0
479881.517855,0,0,0,0,0,0,0,0,0,0,0,0,0
479881.522881,0,0,0,0,0,0,0,0,0,0,0,0,0
479881.527868,0,0,0,0,0,0,0,0,0,0,0,0,0
479881.532775,0,0,0,0,0,0,0,0,0,0,0,0,0
479881.537867,0,0,0,0,0,0,0,0,0,0,0,0,0
479881.542820,0,0,0,0,0,0,0,0,0,0,0,0,0
479881.547771,0,0,0,0,0,0,0,0,0,0,0,0,0
479881.552852,0,0,0,0,0,0,0,0,0,0,0,0,0
479881.557837,0,0,0,0,0,0,0,0,0,0,0,0,0
479881.562788,0,0,0,0,0,0,0,0,0,0,0,0,0
479881.567820,0,0,0,0,0,0,0,0,0,0,0,0,0
479881.572975,0,0,0,0,0,0,0,0,0,0,0,0,0
479881.577855,0,0,0,0,0,0,0,0,0,0,0,0,0
479881.582910,0,0,0,0,0,0,0,0,0,0,0,0,0
479881.587868,0,0,0,0,0,0,0,0,0,0,0,0,0
479881.592962,0,0,0,0,0,0,0,0,0,0,0,0,0
479881.598071,0,0,0,0,0,0,0,0,0,0,0,0,0
479881.602977,0,0,0,0,0,0,0,0,0,0,0,0,0
479881.607991,0,0,0,0,0,0,0,0,0,0,0,0,0
479881.612885,0,0,0,0,0,0,0,0,0,0,0,0,0
479881.618679,0,0,0,0,0,0,0,0,0,0,0,0,0
479881.622984,0,0,0,0,0,0,0,0,0,0,0,0,0
479881.627945,0,0,0,0,0,0,0,0,0,0,0,0,0
479881.632782,0,0,0,0,0,0,0,0,0,0,0,0,0
479881.637865,0,0,0,0,0,0,0,0,0,0,0,0,0
479881.642909,0,0,0,0,0,0,0,0,0,0,0,0,0
479881.647820,0,0,0,0,0,0,0,0,0,0,0,0,0
479881.652940,0,0,0,0,0,0,0,0,0,0,0,0,0
479881.657971,0,0,0,0,0,0,0,0,0,0,0,0,0
479881.662953,0,0,0,0,0,0,0,0,0,0,0,0,0
479881.667915,0,0,0,0,0,0,0,0,0,0,0,0,0
479881.673270,0,0,0,0,0,0,0,0,0,0,0,0,0
479881.677847,0,0,0,0,0,0,0,0,0,0,0,0,0
479881.682840,0,0,0,0,0,0,0,0,0,0,0,0,0
479881.687877,0,0,0,0,0,0,0,0,0,0,0,0,0
479881.692888,0,0,0,0,0,0,0,0,0,0,0,0,0
479881.698074,0,0,0,0,0,0,0,0,0,0,0,0,0
479881.702935,0,0,0,0,0,0,0,0,0,0,0,0,0
479881.707974,0,0,0,0,0,0,0,0,0,0,0,0,0
479881.712921,0,0,0,0,0,0,0,0,0,0,0,0,0
479881.717931,0,0,0,0,0,0,0,0,0,0,0,0,0
479881.722939,0,0,0,0,0,0,0,0,0,0,0,0,0
479881.727953,0,0,0,0,0,0,0,0,0,0,0,0,0
479881.732813,0,0,0,0,0,0,0,0,0,0,0,0,0
479881.737822,0,0,0,0,0,0,0,0,0,0,0,0,0
479881.742807,0,0,0,0,0,0,0,0,0,0,0,0,0
479881.747738,0,0,0,0,0,0,0,0,0,0,0,0,0
479881.752834,0,0,0,0,0,0,0,0,0,0,0,0,0
479881.757866,0,0,0,0,0,0,0,0,0,0,0,0,0
479881.762804,0,0,0,0,0,0,0,0,0,0,0,0,0
479881.767819,0,0,0,0,0,0,0,0,0,0,0,0,0
479881.772856,0,0,0,0,0,0,0,0,0,0,0,0,0
479881.777794,0,0,0,0,0,0,0,0,0,0,0,0,0
479881.782832,0,0,0,0,0,0,0,0,0,0,0,0,0
479881.787853,0,0,0,0,0,0,0,0,0,0,0,0,0
479881.792941,0,0,0,0,0,0,0,0,0,0,0,0,0
479881.798059,0,0,0,0,0,0,0,0,0,0,0,0,0
479881.802937,0,0,0,0,0,0,0,0,0,0,0,0,0
479881.807943,0,0,0,0,0,0,0,0,0,0,0,0,0
479881.812888,0,0,0,0,0,0,0,0,0,0,0,0,0
479881.817904,0,0,0,0,0,0,0,0,0,0,0,0,0
479881.822947,0,0,0,0,0,0,0,0,0,0,0,0,0
479881.827931,0,0,0,0,0,0,0,0,0,0,0,0,0
479881.832820,0,0,0,0,0,0,0,0,0,0,0,0,0
479881.837915,0,0,0,0,0,0,0,0,0,0,0,0,0
479881.842920,0,0,0,0,0,0,0,0,0,0,0,0,0
479881.847817,0,0,0,0,0,0,0,0,0,0,0,0,0
479881.852871,0,0,0,0,0,0,0,0,0,0,0,0,0
479881.857837,0,0,0,0,0,0,0,0,0,0,0,0,0
479881.862828,0,0,0,0,0,0,0,0,0,0,0,0,0
479881.867797,0,0,0,0,0,0,0,0,0,0,0,0,0
479881.872849,0,0,0,0,0,0,0,0,0,0,0,0,0
479881.877803,0,0,0,0,0,0,0,0,0,0,0,0,0
479881.882908,0,0,0,0,0,0,0,0,0,0,0,0,0
479881.887841,0,0,0,0,0,0,0,0,0,0,0,0,0
479881.892987,0,0,0,0,0,0,0,0,0,0,0,0,0
479881.898060,0,0,0,0,0,0,0,0,0,0,0,0,0
479881.902979,0,0,0,0,0,0,0,0,0,0,0,0,0
479881.907990,0,0,0,0,0,0,0,0,0,0,0,0,0
479881.912940,0,0,0,0,0,0,0,0,0,0,0,0,0
479881.917896,0,0,0,0,0,0,0,0,0,0,0,0,0
479881.922932,0,0,0,0,0,0,0,0,0,0,0,0,0
479881.927941,0,0,0,0,0,0,0,0,0,0,0,0,0
479881.932834,0,0,0,0,0,0,0,0,0,0,0,0,0
479881.937917,0,0,0,0,0,0,0,0,0,0,0,0,0
479881.942904,0,0,0,0,0,0,0,0,0,0,0,0,0
479881.947818,0,0,0,0,0,0,0,0,0,0,0,0,0
479881.952832,0,0,0,0,0,0,0,0,0,0,0,0,0
479881.957947,0,0,0,0,0,0,0,0,0,0,0,0,0
479881.962877,0,0,0,0,0,0,0,0,0,0,0,0,0
479881.967838,0,0,0,0,0,0,0,0,0,0,0,0,0
479881.972994,0,0,0,0,0,0,0,0,0,0,0,0,0
479881.977918,0,0,0,0,0,0,0,0,0,0,0,0,0
479881.982929,0,0,0,0,0,0,0,0,0,0,0,0,0
479881.987864,0,0,0,0,0,0,0,0,0,0,0,0,0
479881.992976,0,0,0,0,0,0,0,0,0,0,0,0,0
479881.998079,0,0,0,0,0,0,0,0,0,0,0,0,0
479882.002979,0,0,0,0,0,0,0,0,0,0,0,0,0
479882.007974,0,0,0,0,0,0,0,0,0,0,0,0,0
479882.012938,0,0,0,0,0,0,0,0,0,0,0,0,0
479882.018468,0,0,0,0,0,0,0,0,0,0,0,0,0
479882.022904,0,0,0,0,0,0,0,0,0,0,0,0,0
479882.027920,0,0,0,0,0,0,0,0,0,0,0,0,0
479882.032823,0,0,0,0,0,0,0,0,0,0,0,0,0
479882.037925,0,0,0,0,0,0,0,0,0,0,0,0,0
479882.042908,0,0,0,0,0,0,0,0,0,0,0,0,0
479882.047828,0,0,0,0,0,0,0,0,0,0,0,0,0
479882.052912,0,0,0,0,0,0,0,0,0,0,0,0,0
479882.057955,0,0,0,0,0,0,0,0,0,0,0,0,0
479882.062895,0,0,0,0,0,0,0,0,0,0,0,0,0
479882.067808,0,0,0,0,0,0,0,0,0,0,0,0,0
479882.072993,0,0,0,0,0,0,0,0,0,0,0,0,0
479882.077833,0,0,0,0,0,0,0,0,0,0,0,0,0
479882.082893,0,0,0,0,0,0,0,0,0,0,0,0,0
479882.087831,0,0,0,0,0,0,0,0,0,0,0,0,0
479882.092963,0,0,0,0,0,0,0,0,0,0,0,0,0
479882.098084,0,0,0,0,0,0,0,0,0,0,0,0,0
479882.103010,0,0,0,0,0,0,0,0,0,0,0,0,0
479882.107985,0,0,0,0,0,0,0,0,0,0,0,0,0
479882.112898,0,0,0,0,0,0,0,0,0,0,0,0,0
479882.117794,0,0,0,0,0,0,0,0,0,0,0,0,0
479882.122981,0,0,0,0,0,0,0,0,0,0,0,0,0
479882.127971,0,0,0,0,0,0,0,0,0,0,0,0,0
479882.132828,0,0,0,0,0,0,0,0,0,0,0,0,0
479882.137903,0,0,0,0,0,0,0,0,0,0,0,0,0
479882.142939,0,0,0,0,0,0,0,0,0,0,0,0,0
479882.147858,0,0,0,0,0,0,0,0,0,0,0,0,0
479882.152954,0,0,0,0,0,0,0,0,0,0,0,0,0
479882.157969,0,0,0,0,0,0,0,0,0,0,0,0,0
479882.162969,0,0,0,0,0,0,0,0,0,0,0,0,0
479882.167840,0,0,0,0,0,0,0,0,0,0,0,0,0
479882.172927,0,0,0,0,0,0,0,0,0,0,0,0,0
479882.177823,0,0,0,0,0,0,0,0,0,0,0,0,0
479882.182858,0,0,0,0,0,0,0,0,0,0,0,0,0
479882.187745,0,0,0,0,0,0,0,0,0,0,0,0,0
479882.192791,0,0,0,0,0,0,0,0,0,0,0,0,0
479882.197938,0,0,0,0,0,0,0,0,0,0,0,0,0
479882.202854,0,0,0,0,0,0,0,0,0,0,0,0,0
479882.207851,0,0,0,0,0,0,0,0,0,0,0,0,0
479882.212806,0,0,0,0,0,0,0,0,0,0,0,0,0
479882.217755,0,0,0,0,0,0,0,0,0,0,0,0,0
479882.222974,0,0,0,0,0,0,0,0,0,0,0,0,0
479882.227884,0,0,0,0,0,0,0,0,0,0,0,0,0
479882.232739,0,0,0,0,0,0,0,0,0,0,0,0,0
479882.237933,0,0,0,0,0,0,0,0,0,0,0,0,0
479882.242863,0,0,0,0,0,0,0,0,0,0,0,0,0
479882.247862,0,0,0,0,0,0,0,0,0,0,0,0,0
479882.252855,0,0,0,0,0,0,0,0,0,0,0,0,0
479882.257963,0,0,0,0,0,0,0,0,0,0,0,0,0
479882.262938,0,0,0,0,0,0,0,0,0,0,0,0,0
479882.267855,0,0,0,0,0,0,0,0,0,0,0,0,0
479882.272979,0,0,0,0,0,0,0,0,0,0,0,0,0
479882.277942,0,0,0,0,0,0,0,0,0,0,0,0,0
479882.282838,0,0,0,0,0,0,0,0,0,0,0,0,0
479882.287844,0,0,0,0,0,0,0,0,0,0,0,0,0
479882.292968,0,0,0,0,0,0,0,0,0,0,0,0,0
479882.298031,0,0,0,0,0,0,0,0,0,0,0,0,0
479882.303019,0,0,0,0,0,0,0,0,0,0,0,0,0
479882.307965,0,0,0,0,0,0,0,0,0,0,0,0,0
479882.312930,0,0,0,0,0,0,0,0,0,0,0,0,0
479882.317867,0,0,0,0,0,0,0,0,0,0,0,0,0
479882.322961,0,0,0,0,0,0,0,0,0,0,0,0,0
479882.327948,0,0,0,0,0,0,0,0,0,0,0,0,0
479882.332816,0,0,0,0,0,0,0,0,0,0,0,0,0
479882.337931,0,0,0,0,0,0,0,0,0,0,0,0,0
479882.342910,0,0,0,0,0,0,0,0,0,0,0,0,0
479882.347871,0,0,0,0,0,0,0,0,0,0,0,0,0
479882.352921,0,0,0,0,0,0,0,0,0,0,0,0,0
479882.357994,0,0,0,0,0,0,0,0,0,0,0,0,0
479882.362978,0,0,0,0,0,0,0,0,0,0,0,0,0
479882.367875,0,0,0,0,0,0,0,0,0,0,0,0,0
479882.372857,0,0,0,0,0,0,0,0,0,0,0,0,0
479882.377886,0,0,0,0,0,0,0,0,0,0,0,0,0
479882.382842,0,0,0,0,0,0,0,0,0,0,0,0,0
479882.388224,0,0,0,0,0,0,0,0,0,0,0,0,0
479882.392845,0,0,0,0,0,0,0,0,0,0,0,0,0
479882.397883,0,0,0,0,0,0,0,0,0,0,0,0,0
479882.402881,0,0,0,0,0,0,0,0,0,0,0,0,0
479882.407854,0,0,0,0,0,0,0,0,0,0,0,0,0
479882.412816,0,0,0,0,0,0,0,0,0,0,0,0,0
479882.417785,0,0,0,0,0,0,0,0,0,0,0,0,0
479882.422810,0,0,0,0,0,0,0,0,0,0,0,0,0
479882.427890,0,0,0,0,0,0,0,0,0,0,0,0,0
479882.432789,0,0,0,0,0,0,0,0,0,0,0,0,0
479882.437836,0,0,0,0,0,0,0,0,0,0,0,0,0
479882.442770,0,0,0,0,0,0,0,0,0,0,0,0,0
479882.447849,0,0,0,0,0,0,0,0,0,0,0,0,0
479882.452905,0,0,0,0,0,0,0,0,0,0,0,0,0
479882.457957,0,0,0,0,0,0,0,0,0,0,0,0,0
479882.462881,0,0,0,0,0,0,0,0,0,0,0,0,0
479882.467892,0,0,0,0,0,0,0,0,0,0,0,0,0
479882.472914,0,0,0,0,0,0,0,0,0,0,0,0,0
479882.477930,0,0,0,0,0,0,0,0,0,0,0,0,0
479882.482938,0,0,0,0,0,0,0,0,0,0,0,0,0
479882.487898,0,0,0,0,0,0,0,0,0,0,0,0,0
479882.493023,0,0,0,0,0,0,0,0,0,0,0,0,0
479882.498055,0,0,0,0,0,0,0,0,0,0,0,0,0
479882.502936,0,0,0,0,0,0,0,0,0,0,0,0,0
479882.507974,0,0,0,0,0,0,0,0,0,0,0,0,0
479882.512953,0,0,0,0,0,0,0,0,0,0,0,0,0
479882.517942,0,0,0,0,0,0,0,0,0,0,0,0,0
479882.522894,0,0,0,0,0,0,0,0,0,0,0,0,0
479882.527933,0,0,0,0,0,0,0,0,0,0,0,0,0
479882.532842,0,0,0,0,0,0,0,0,0,0,0,0,0
479882.537922,0,0,0,0,0,0,0,0,0,0,0,0,0
479882.542812,0,0,0,0,0,0,0,0,0,0,0,0,0
479882.547926,0,0,0,0,0,0,0,0,0,0,0,0,0
479882.552902,0,0,0,0,0,0,0,0,0,0,0,0,0
479882.557997,0,0,0,0,0,0,0,0,0,0,0,0,0
479882.562966,0,0,0,0,0,0,0,0,0,0,0,0,0
479882.567839,0,0,0,0,0,0,0,0,0,0,0,0,0
479882.572892,0,0,0,0,0,0,0,0,0,0,0,0,0
479882.577849,0,0,0,0,0,0,0,0,0,0,0,0,0
479882.582950,0,0,0,0,0,0,0,0,0,0,0,0,0
479882.587774,0,0,0,0,0,0,0,0,0,0,0,0,0
479882.592913,0,0,0,0,0,0,0,0,0,0,0,0,0
479882.597968,0,0,0,0,0,0,0,0,0,0,0,0,0
479882.602928,0,0,0,0,0,0,0,0,0,0,0,0,0
479882.607898,0,0,0,0,0,0,0,0,0,0,0,0,0
479882.612966,0,0,0,0,0,0,0,0,0,0,0,0,0
479882.617848,0,0,0,0,0,0,0,0,0,0,0,0,0
479882.622895,0,0,0,0,0,0,0,0,0,0,0,0,0
479882.627882,0,0,0,0,0,0,0,0,0,0,0,0,0
479882.632746,0,0,0,0,0,0,0,0,0,0,0,0,0
479882.637838,0,0,0,0,0,0,0,0,0,0,0,0,0
479882.642873,0,0,0,0,0,0,0,0,0,0,0,0,0
479882.647830,0,0,0,0,0,0,0,0,0,0,0,0,0
479882.652890,0,0,0,0,0,0,0,0,0,0,0,0,0
479882.657898,0,0,0,0,0,0,0,0,0,0,0,0,0
479882.662952,0,0,0,0,0,0,0,0,0,0,0,0,0
479882.667796,0,0,0,0,0,0,0,0,0,0,0,0,0
479882.673028,0,0,0,0,0,0,0,0,0,0,0,0,0
479882.677819,0,0,0,0,0,0,0,0,0,0,0,0,0
479882.682984,0,0,0,0,0,0,0,0,0,0,0,0,0
479882.687794,0,0,0,0,0,0,0,0,0,0,0,0,0
479882.692880,0,0,0,0,0,0,0,0,0,0,0,0,0
479882.697879,0,0,0,0,0,0,0,0,0,0,0,0,0
479882.702896,0,0,0,0,0,0,0,0,0,0,0,0,0
479882.707797,0,0,0,0,0,0,0,0,0,0,0,0,0
479882.712799,0,0,0,0,0,0,0,0,0,0,0,0,0
479882.717773,0,0,0,0,0,0,0,0,0,0,0,0,0
479882.722736,0,0,0,0,0,0,0,0,0,0,0,0,0
479882.727921,0,0,0,0,0,0,0,0,0,0,0,0,0
479882.732847,0,0,0,0,0,0,0,0,0,0,0,0,0
479882.737935,0,0,0,0,0,0,0,0,0,0,0,0,0
479882.742882,0,0,0,0,0,0,0,0,0,0,0,0,0
479882.747878,0,0,0,0,0,0,0,0,0,0,0,0,0
479882.752826,0,0,0,0,0,0,0,0,0,0,0,0,0
479882.757956,0,0,0,0,0,0,0,0,0,0,0,0,0
479882.762830,0,0,0,0,0,0,0,0,0,0,0,0,0
479882.767850,0,0,0,0,0,0,0,0,0,0,0,0,0
479882.772869,0,0,0,0,0,0,0,0,0,0,0,0,0
479882.777893,0,0,0,0,0,0,0,0,0,0,0,0,0
479882.782857,0,0,0,0,0,0,0,0,0,0,0,0,0
479882.787829,0,0,0,0,0,0,0,0,0,0,0,0,0
479882.792973,0,0,0,0,0,0,0,0,0,0,0,0,0
479882.798020,0,0,0,0,0,0,0,0,0,0,0,0,0
479882.802947,0,0,0,0,0,0,0,0,0,0,0,0,0
479882.807894,0,0,0,0,0,0,0,0,0,0,0,0,0
479882.812851,0,0,0,0,0,0,0,0,0,0,0,0,0
479882.817934,0,0,0,0,0,0,0,0,0,0,0,0,0
479882.822927,0,0,0,0,0,0,0,0,0,0,0,0,0
479882.827939,0,0,0,0,0,0,0,0,0,0,0,0,0
479882.832844,0,0,0,0,0,0,0,0,0,0,0,0,0
479882.837859,0,0,0,0,0,0,0,0,0,0,0,0,0
479882.842887,0,0,0,0,0,0,0,0,0,0,0,0,0
479882.847960,0,0,0,0,0,0,0,0,0,0,0,0,0
479882.852833,0,0,0,0,0,0,0,0,0,0,0,0,0
479882.857952,0,0,0,0,0,0,0,0,0,0,0,0,0
479882.862996,0,0,0,0,0,0,0,0,0,0,0,0,0
479882.867846,0,0,0,0,0,0,0,0,0,0,0,0,0
479882.872955,0,0,0,0,0,0,0,0,0,0,0,0,0
479882.877940,0,0,0,0,0,0,0,0,0,0,0,0,0
479882.882974,0,0,0,0,0,0,0,0,0,0,0,0,0
479882.887777,0,0,0,0,0,0,0,0,0,0,0,0,0
479882.892917,0,0,0,0,0,0,0,0,0,0,0,0,0
479882.898052,0,0,0,0,0,0,0,0,0,0,0,0,0
479882.902983,0,0,0,0,0,0,0,0,0,0,0,0,0
479882.907988,0,0,0,0,0,0,0,0,0,0,0,0,0
479882.912885,0,0,0,0,0,0,0,0,0,0,0,0,0
479882.917833,0,0,0,0,0,0,0,0,0,0,0,0,0
479882.922942,0,0,0,0,0,0,0,0,0,0,0,0,0
479882.927861,0,0,0,0,0,0,0,0,0,0,0,0,0
479882.932855,0,0,0,0,0,0,0,0,0,0,0,0,0
479882.937911,0,0,0,0,0,0,0,0,0,0,0,0,0
479882.942921,0,0,0,0,0,0,0,0,0,0,0,0,0
479882.947945,0,0,0,0,0,0,0,0,0,0,0,0,0
479882.952915,0,0,0,0,0,0,0,0,0,0,0,0,0
479882.957909,0,0,0,0,0,0,0,0,0,0,0,0,0
479882.962883,0,0,0,0,0,0,0,0,0,0,0,0,0
479882.967830,0,0,0,0,0,0,0,0,0,0,0,0,0
479882.972883,0,0,0,0,0,0,0,0,0,0,0,0,0
479882.977853,0,0,0,0,0,0,0,0,0,0,0,0,0
479882.982794,0,0,0,0,0,0,0,0,0,0,0,0,0
479882.987793,0,0,0,0,0,0,0,0,0,0,0,0,0
479882.992902,0,0,0,0,0,0,0,0,0,0,0,0,0
479882.998024,0,0,0,0,0,0,0,0,0,0,0,0,0
479883.002882,0,0,0,0,0,0,0,0,0,0,0,0,0
479883.007955,0,0,0,0,0,0,0,0,0,0,0,0,0
479883.012818,0,0,0,0,0,0,0,0,0,0,0,0,0
479883.017892,0,0,0,0,0,0,0,0,0,0,0,0,0
479883.022993,0,0,0,0,0,0,0,0,0,0,0,0,0
479883.027997,0,0,0,0,0,0,0,0,0,0,0,0,0
479883.032796,0,0,0,0,0,0,0,0,0,0,0,0,0
479883.037862,0,0,0,0,0,0,0,0,0,0,0,0,0
479883.042967,0,0,0,0,0,0,0,0,0,0,0,0,0
479883.047868,0,0,0,0,0,0,0,0,0,0,0,0,0
479883.052958,0,0,0,0,0,0,0,0,0,0,0,0,0
479883.057927,0,0,0,0,0,0,0,0,0,0,0,0,0
479883.062993,0,0,0,0,0,0,0,0,0,0,0,0,0
479883.067859,0,0,0,0,0,0,0,0,0,0,0,0,0
479883.072998,0,0,0,0,0,0,0,0,0,0,0,0,0
479883.077839,0,0,0,0,0,0,0,0,0,0,0,0,0
479883.082948,0,0,0,0,0,0,0,0,0,0,0,0,0
479883.087860,0,0,0,0,0,0,0,0,0,0,0,0,0
479883.093017,0,0,0,0,0,0,0,0,0,0,0,0,0
479883.098057,0,0,0,0,0,0,0,0,0,0,0,0,0
479883.103010,0,0,0,0,0,0,0,0,0,0,0,0,0
479883.107988,0,0,0,0,0,0,0,0,0,0,0,0,0
479883.112951,0,0,0,0,0,0,0,0,0,0,0,0,0
479883.117887,0,0,0,0,0,0,0,0,0,0,0,0,0
479883.122977,0,0,0,0,0,0,0,0,0,0,0,0,0
479883.127974,0,0,0,0,0,0,0,0,0,0,0,0,0
479883.132785,0,0,0,0,0,0,0,0,0,0,0,0,0
479883.137966,0,0,0,0,0,0,0,0,0,0,0,0,0
479883.142953,0,0,0,0,0,0,0,0,0,0,0,0,0
479883.147945,0,0,0,0,0,0,0,0,0,0,0,0,0
479883.152927,0,0,0,0,0,0,0,0,0,0,0,0,0
479883.157969,0,0,0,0,0,0,0,0,0,0,0,0,0
479883.162964,0,0,0,0,0,0,0,0,0,0,0,0,0
479883.167799,0,0,0,0,0,0,0,0,0,0,0,0,0
479883.172966,0,0,0,0,0,0,0,0,0,0,0,0,0
479883.177946,0,0,0,0,0,0,0,0,0,0,0,0,0
479883.182838,0,0,0,0,0,0,0,0,0,0,0,0,0
479883.187777,0,0,0,0,0,0,0,0,0,0,0,0,0
479883.192982,0,0,0,0,0,0,0,0,0,0,0,0,0
479883.198039,0,0,0,0,0,0,0,0,0,0,0,0,0
479883.202992,0,0,0,0,0,0,0,0,0,0,0,0,0
479883.207965,0,0,0,0,0,0,0,0,0,0,0,0,0
479883.212870,0,0,0,0,0,0,0,0,0,0,0,0,0
479883.217881,0,0,0,0,0,0,0,0,0,0,0,0,0
479883.222973,0,0,0,0,0,0,0,0,0,0,0,0,0
479883.227959,0,0,0,0,0,0,0,0,0,0,0,0,0
479883.232811,0,0,0,0,0,0,0,0,0,0,0,0,0
479883.237787,0,0,0,0,0,0,0,0,0,0,0,0,0
479883.242838,0,0,0,0,0,0,0,0,0,0,0,0,0
479883.247824,0,0,0,0,0,0,0,0,0,0,0,0,0
479883.252856,0,0,0,0,0,0,0,0,0,0,0,0,0
479883.257849,0,0,0,0,0,0,0,0,0,0,0,0,0
479883.262858,0,0,0,0,0,0,0,0,0,0,0,0,0
479883.267870,0,0,0,0,0,0,0,0,0,0,0,0,0
479883.272990,0,0,0,0,0,0,0,0,0,0,0,0,0
479883.277947,0,0,0,0,0,0,0,0,0,0,0,0,0
479883.282926,0,0,0,0,0,0,0,0,0,0,0,0,0
479883.287849,0,0,0,0,0,0,0,0,0,0,0,0,0
479883.292929,0,0,0,0,0,0,0,0,0,0,0,0,0
479883.297954,0,0,0,0,0,0,0,0,0,0,0,0,0
479883.302960,0,0,0,0,0,0,0,0,0,0,0,0,0
479883.307941,0,0,0,0,0,0,0,0,0,0,0,0,0
479883.312827,0,0,0,0,0,0,0,0,0,0,0,0,0
479883.317867,0,0,0,0,0,0,0,0,0,0,0,0,0
479883.322918,0,0,0,0,0,0,0,0,0,0,0,0,0
479883.328122,0,0,0,0,0,0,0,0,0,0,0,0,0
479883.332935,0,0,0,0,0,0,0,0,0,0,0,0,0
479883.337873,0,0,0,0,0,0,0,0,0,0,0,0,0
479883.342969,0,0,0,0,0,0,0,0,0,0,0,0,0
479883.347947,0,0,0,0,0,0,0,0,0,0,0,0,0
479883.352855,0,0,0,0,0,0,0,0,0,0,0,0,0
479883.358148,0,0,0,0,0,0,0,0,0,0,0,0,0
479883.362886,0,0,0,0,0,0,0,0,0,0,0,0,0
479883.367880,0,0,0,0,0,0,0,0,0,0,0,0,0
479883.372868,0,0,0,0,0,0,0,0,0,0,0,0,0
479883.377999,0,0,0,0,0,0,0,0,0,0,0,0,0
479883.382844,0,0,0,0,0,0,0,0,0,0,0,0,0
479883.387869,0,0,0,0,0,0,0,0,0,0,0,0,0
479883.392884,0,0,0,0,0,0,0,0,0,0,0,0,0
479883.397959,0,0,0,0,0,0,0,0,0,0,0,0,0
479883.402907,0,0,0,0,0,0,0,0,0,0,0,0,0
479883.407920,0,0,0,0,0,0,0,0,0,0,0,0,0
479883.412902,0,0,0,0,0,0,0,0,0,0,0,0,0
479883.417946,0,0,0,0,0,0,0,0,0,0,0,0,0
479883.422944,0,0,0,0,0,0,0,0,0,0,0,0,0
479883.427920,0,0,0,0,0,0,0,0,0,0,0,0,0
479883.432846,0,0,0,0,0,0,0,0,0,0,0,0,0
479883.437897,0,0,0,0,0,0,0,0,0,0,0,0,0
479883.442941,0,0,0,0,0,0,0,0,0,0,0,0,0
479883.447940,0,0,0,0,0,0,0,0,0,0,0,0,0
479883.452903,0,0,0,0,0,0,0,0,0,0,0,0,0
479883.457909,0,0,0,0,0,0,0,0,0,0,0,0,0
479883.462891,0,0,0,0,0,0,0,0,0,0,0,0,0
479883.467954,0,0,0,0,0,0,0,0,0,0,0,0,0
479883.472991,0,0,0,0,0,0,0,0,0,0,0,0,0
479883.477905,0,0,0,0,0,0,0,0,0,0,0,0,0
479883.482954,0,0,0,0,0,0,0,0,0,0,0,0,0
479883.487851,0,0,0,0,0,0,0,0,0,0,0,0,0
479883.493011,0,0,0,0,0,0,0,0,0,0,0,0,0
479883.498022,0,0,0,0,0,0,0,0,0,0,0,0,0
479883.502937,0,0,0,0,0,0,0,0,0,0,0,0,0
479883.507998,0,0,0,0,0,0,0,0,0,0,0,0,0
479883.512879,0,0,0,0,0,0,0,0,0,0,0,0,0
479883.517935,0,0,0,0,0,0,0,0,0,0,0,0,0
479883.522983,0,0,0,0,0,0,0,0,0,0,0,0,0
479883.527980,0,0,0,0,0,0,0,0,0,0,0,0,0
479883.532814,0,0,0,0,0,0,0,0,0,0,0,0,0
479883.537925,0,0,0,0,0,0,0,0,0,0,0,0,0
479883.542944,0,0,0,0,0,0,0,0,0,0,0,0,0
479883.547959,0,0,0,0,0,0,0,0,0,0,0,0,0
479883.552925,0,0,0,0,0,0,0,0,0,0,0,0,0
479883.557949,0,0,0,0,0,0,0,0,0,0,0,0,0
479883.562948,0,0,0,0,0,0,0,0,0,0,0,0,0
479883.567935,0,0,0,0,0,0,0,0,0,0,0,0,0
479883.572962,0,0,0,0,0,0,0,0,0,0,0,0,0
479883.577963,0,0,0,0,0,0,0,0,0,0,0,0,0
479883.582918,0,0,0,0,0,0,0,0,0,0,0,0,0
479883.587892,0,0,0,0,0,0,0,0,0,0,0,0,0
479883.592938,0,0,0,0,0,0,0,0,0,0,0,0,0
479883.597967,0,0,0,0,0,0,0,0,0,0,0,0,0
479883.602910,0,0,0,0,0,0,0,0,0,0,0,0,0
479883.607934,0,0,0,0,0,0,0,0,0,0,0,0,0
479883.612897,0,0,0,0,0,0,0,0,0,0,0,0,0
479883.617880,0,0,0,0,0,0,0,0,0,0,0,0,0
479883.622899,0,0,0,0,0,0,0,0,0,0,0,0,0
479883.628029,0,0,0,0,0,0,0,0,0,0,0,0,0
479883.632830,0,0,0,0,0,0,0,0,0,0,0,0,0
479883.637858,0,0,0,0,0,0,0,0,0,0,0,0,0
479883.642957,0,0,0,0,0,0,0,0,0,0,0,0,0
479883.647958,0,0,0,0,0,0,0,0,0,0,0,0,0
479883.652892,0,0,0,0,0,0,0,0,0,0,0,0,0
479883.657981,0,0,0,0,0,0,0,0,0,0,0,0,0
479883.662964,0,0,0,0,0,0,0,0,0,0,0,0,0
479883.667914,0,0,0,0,0,0,0,0,0,0,0,0,0
479883.672948,0,0,0,0,0,0,0,0,0,0,0,0,0
479883.677963,0,0,0,0,0,0,0,0,0,0,0,0,0
479883.683027,0,0,0,0,0,0,0,0,0,0,0,0,0
479883.687890,0,0,0,0,0,0,0,0,0,0,0,0,0
479883.693016,0,0,0,0,0,0,0,0,0,0,0,0,0
479883.698071,0,0,0,0,0,0,0,0,0,0,0,0,0
479883.703019,0,0,0,0,0,0,0,0,0,0,0,0,0
479883.708027,0,0,0,0,0,0,0,0,0,0,0,0,0
479883.712879,0,0,0,0,0,0,0,0,0,0,0,0,0
479883.717906,0,0,0,0,0,0,0,0,0,0,0,0,0
479883.722975,0,0,0,0,0,0,0,0,0,0,0,0,0
479883.728016,0,0,0,0,0,0,0,0,0,0,0,0,0
479883.732893,0,0,0,0,0,0,0,0,0,0,0,0,0
479883.737969,0,0,0,0,0,0,0,0,0,0,0,0,0
479883.742807,0,0,0,0,0,0,0,0,0,0,0,0,0
479883.747872,0,0,0,0,0,0,0,0,0,0,0,0,0
479883.752785,0,0,0,0,0,0,0,0,0,0,0,0,0
479883.757889,0,0,0,0,0,0,0,0,0,0,0,0,0
479883.762869,0,0,0,0,0,0,0,0,0,0,0,0,0
479883.767815,0,0,0,0,0,0,0,0,0,0,0,0,0
479883.772979,0,0,0,0,0,0,0,0,0,0,0,0,0
479883.777958,0,0,0,0,0,0,0,0,0,0,0,0,0
479883.783066,0,0,0,0,0,0,0,0,0,0,0,0,0
479883.787806,0,0,0,0,0,0,0,0,0,0,0,0,0
479883.792944,0,0,0,0,0,0,0,0,0,0,0,0,0
479883.798055,0,0,0,0,0,0,0,0,0,0,0,0,0
479883.802936,0,0,0,0,0,0,0,0,0,0,0,0,0
479883.807995,0,0,0,0,0,0,0,0,0,0,0,0,0
479883.812877,0,0,0,0,0,0,0,0,0,0,0,0,0
479883.817956,0,0,0,0,0,0,0,0,0,0,0,0,0
479883.822899,0,0,0,0,0,0,0,0,0,0,0,0,0
479883.827913,0,0,0,0,0,0,0,0,0,0,0,0,0
479883.832783,0,0,0,0,0,0,0,0,0,0,0,0,0
479883.837947,0,0,0,0,0,0,0,0,0,0,0,0,0
479883.842990,0,0,0,0,0,0,0,0,0,0,0,0,0
479883.848011,0,0,0,0,0,0,0,0,0,0,0,0,0
479883.852884,0,0,0,0,0,0,0,0,0,0,0,0,0
479883.857880,0,0,0,0,0,0,0,0,0,0,0,0,0
479883.862967,0,0,0,0,0,0,0,0,0,0,0,0,0
479883.867926,0,0,0,0,0,0,0,0,0,0,0,0,0
479883.872893,0,0,0,0,0,0,0,0,0,0,0,0,0
479883.877836,0,0,0,0,0,0,0,0,0,0,0,0,0
479883.882928,0,0,0,0,0,0,0,0,0,0,0,0,0
479883.887781,0,0,0,0,0,0,0,0,0,0,0,0,0
479883.892980,0,0,0,0,0,0,0,0,0,0,0,0,0
479883.898089,0,0,0,0,0,0,0,0,0,0,0,0,0
479883.902979,0,0,0,0,0,0,0,0,0,0,0,0,0
479883.908010,0,0,0,0,0,0,0,0,0,0,0,0,0
479883.912886,0,0,0,0,0,0,0,0,0,0,0,0,0
479883.917905,0,0,0,0,0,0,0,0,0,0,0,0,0
479883.922896,0,0,0,0,0,0,0,0,0,0,0,0,0
479883.927930,0,0,0,0,0,0,0,0,0,0,0,0,0
479883.932787,0,0,0,0,0,0,0,0,0,0,0,0,0
479883.937867,0,0,0,0,0,0,0,0,0,0,0,0,0
479883.942762,0,0,0,0,0,0,0,0,0,0,0,0,0
479883.947894,0,0,0,0,0,0,0,0,0,0,0,0,0
479883.952977,0,0,0,0,0,0,0,0,0,0,0,0,0
479883.958191,0,0,0,0,0,0,0,0,0,0,0,0,0
479883.962909,0,0,0,0,0,0,0,0,0,0,0,0,0
479883.967912,0,0,0,0,0,0,0,0,0,0,0,0,0
479883.972945,0,0,0,0,0,0,0,0,0,0,0,0,0
479883.977893,0,0,0,0,0,0,0,0,0,0,0,0,0
479883.982998,0,0,0,0,0,0,0,0,0,0,0,0,0
479883.987881,0,0,0,0,0,0,0,0,0,0,0,0,0
479883.992951,0,0,0,0,0,0,0,0,0,0,0,0,0
479883.997877,0,0,0,0,0,0,0,0,0,0,0,0,0
479884.002869,0,0,0,0,0,0,0,0,0,0,0,0,0
479884.007996,0,0,0,0,0,0,0,0,0,0,0,0,0
479884.012882,0,0,0,0,0,0,0,0,0,0,0,0,0
479884.017899,0,0,0,0,0,0,0,0,0,0,0,0,0
479884.022910,0,0,0,0,0,0,0,0,0,0,0,0,0
479884.028028,0,0,0,0,0,0,0,0,0,0,0,0,0
479884.032872,0,0,0,0,0,0,0,0,0,0,0,0,0
479884.038022,0,0,0,0,0,0,0,0,0,0,0,0,0
479884.042810,0,0,0,0,0,0,0,0,0,0,0,0,0
479884.047907,0,0,0,0,0,0,0,0,0,0,0,0,0
479884.052871,0,0,0,0,0,0,0,0,0,0,0,0,0
479884.058058,0,0,0,0,0,0,0,0,0,0,0,0,0
479884.063023,0,0,0,0,0,0,0,0,0,0,0,0,0
479884.067977,0,0,0,0,0,0,0,0,0,0,0,0,0
479884.072956,0,0,0,0,0,0,0,0,0,0,0,0,0
479884.077981,0,0,0,0,0,0,0,0,0,0,0,0,0
479884.082990,0,0,0,0,0,0,0,0,0,0,0,0,0
479884.087901,0,0,0,0,0,0,0,0,0,0,0,0,0
479884.093057,0,0,0,0,0,0,0,0,0,0,0,0,0
479884.098168,0,0,0,0,0,0,0,0,0,0,0,0,0
479884.102944,0,0,0,0,0,0,0,0,0,0,0,0,0
479884.108038,0,0,0,0,0,0,0,0,0,0,0,0,0
479884.112971,0,0,0,0,0,0,0,0,0,0,0,0,0
479884.117929,0,0,0,0,0,0,0,0,0,0,0,0,0
479884.122907,0,0,0,0,0,0,0,0,0,0,0,0,0
479884.128028,0,0,0,0,0,0,0,0,0,0,0,0,0
479884.132875,0,0,0,0,0,0,0,0,0,0,0,0,0
479884.137899,0,0,0,0,0,0,0,0,0,0,0,0,0
479884.142915,0,0,0,0,0,0,0,0,0,0,0,0,0
479884.147975,0,0,0,0,0,0,0,0,0,0,0,0,0
479884.152908,0,0,0,0,0,0,0,0,0,0,0,0,0
479884.157916,0,0,0,0,0,0,0,0,0,0,0,0,0
479884.163025,0,0,0,0,0,0,0,0,0,0,0,0,0
479884.167881,0,0,0,0,0,0,0,0,0,0,0,0,0
479884.172941,0,0,0,0,0,0,0,0,0,0,0,0,0
479884.177900,0,0,0,0,0,0,0,0,0,0,0,0,0
479884.182975,0,0,0,0,0,0,0,0,0,0,0,0,0
479884.187892,0,0,0,0,0,0,0,0,0,0,0,0,0
479884.192926,0,0,0,0,0,0,0,0,0,0,0,0,0
479884.197882,0,0,0,0,0,0,0,0,0,0,0,0,0
479884.202863,0,0,0,0,0,0,0,0,0,0,0,0,0
479884.207830,0,0,0,0,0,0,0,0,0,0,0,0,0
479884.212809,0,0,0,0,0,0,0,0,0,0,0,0,0
479884.217760,0,0,0,0,0,0,0,0,0,0,0,0,0
479884.222837,0,0,0,0,0,0,0,0,0,0,0,0,0
479884.227891,0,0,0,0,0,0,0,0,0,0,0,0,0
479884.232772,0,0,0,0,0,0,0,0,0,0,0,0,0
479884.237816,0,0,0,0,0,0,0,0,0,0,0,0,0
479884.242951,0,0,0,0,0,0,0,0,0,0,0,0,0
479884.247985,0,0,0,0,0,0,0,0,0,0,0,0,0
479884.252876,0,0,0,0,0,0,0,0,0,0,0,0,0
479884.257961,0,0,0,0,0,0,0,0,0,0,0,0,0
479884.262989,0,0,0,0,0,0,0,0,0,0,0,0,0
479884.267942,0,0,0,0,0,0,0,0,0,0,0,0,0
479884.272930,0,0,0,0,0,0,0,0,0,0,0,0,0
479884.277931,0,0,0,0,0,0,0,0,0,0,0,0,0
479884.282965,0,0,0,0,0,0,0,0,0,0,0,0,0
479884.287977,0,0,0,0,0,0,0,0,0,0,0,0,0
479884.292996,0,0,0,0,0,0,0,0,0,0,0,0,0
479884.298017,0,0,0,0,0,0,0,0,0,0,0,0,0
479884.302939,0,0,0,0,0,0,0,0,0,0,0,0,0
479884.307995,0,0,0,0,0,0,0,0,0,0,0,0,0
479884.312975,0,0,0,0,0,0,0,0,0,0,0,0,0
479884.317961,0,0,0,0,0,0,0,0,0,0,0,0,0
479884.322978,0,0,0,0,0,0,0,0,0,0,0,0,0
479884.328028,0,0,0,0,0,0,0,0,0,0,0,0,0
479884.332854,0,0,0,0,0,0,0,0,0,0,0,0,0
479884.337892,0,0,0,0,0,0,0,0,0,0,0,0,0
479884.342911,0,0,0,0,0,0,0,0,0,0,0,0,0
479884.347985,0,0,0,0,0,0,0,0,0,0,0,0,0
479884.352977,0,0,0,0,0,0,0,0,0,0,0,0,0
479884.357984,0,0,0,0,0,0,0,0,0,0,0,0,0
479884.363020,0,0,0,0,0,0,0,0,0,0,0,0,0
479884.367980,0,0,0,0,0,0,0,0,0,0,0,0,0
479884.372980,0,0,0,0,0,0,0,0,0,0,0,0,0
479884.377960,0,0,0,0,0,0,0,0,0,0,0,0,0
479884.382972,0,0,0,0,0,0,0,0,0,0,0,0,0
479884.387872,0,0,0,0,0,0,0,0,0,0,0,0,0
479884.392922,0,0,0,0,0,0,0,0,0,0,0,0,0
479884.397986,0,0,0,0,0,0,0,0,0,0,0,0,0
479884.402983,0,0,0,0,0,0,0,0,0,0,0,0,0
479884.407995,0,0,0,0,0,0,0,0,0,0,0,0,0
479884.412896,0,0,0,0,0,0,0,0,0,0,0,0,0
479884.417953,0,0,0,0,0,0,0,0,0,0,0,0,0
479884.422868,0,0,0,0,0,0,0,0,0,0,0,0,0
479884.427995,0,0,0,0,0,0,0,0,0,0,0,0,0
479884.432889,0,0,0,0,0,0,0,0,0,0,0,0,0
479884.437914,0,0,0,0,0,0,0,0,0,0,0,0,0
479884.442805,0,0,0,0,0,0,0,0,0,0,0,0,0
479884.447844,0,0,0,0,0,0,0,0,0,0,0,0,0
479884.452808,0,0,0,0,0,0,0,0,0,0,0,0,0
479884.457889,0,0,0,0,0,0,0,0,0,0,0,0,0
479884.463031,0,0,0,0,0,0,0,0,0,0,0,0,0
479884.467977,0,0,0,0,0,0,0,0,0,0,0,0,0
479884.472981,0,0,0,0,0,0,0,0,0,0,0,0,0
479884.477999,0,0,0,0,0,0,0,0,0,0,0,0,0
479884.482931,0,0,0,0,0,0,0,0,0,0,0,0,0
479884.487905,0,0,0,0,0,0,0,0,0,0,0,0,0
479884.493070,0,0,0,0,0,0,0,0,0,0,0,0,0
479884.498196,0,0,0,0,0,0,0,0,0,0,0,0,0
479884.502946,0,0,0,0,0,0,0,0,0,0,0,0,0
479884.508059,0,0,0,0,0,0,0,0,0,0,0,0,0
479884.513099,0,0,0,0,0,0,0,0,0,0,0,0,0
479884.517983,0,0,0,0,0,0,0,0,0,0,0,0,0
479884.522947,0,0,0,0,0,0,0,0,0,0,0,0,0
479884.528059,0,0,0,0,0,0,0,0,0,0,0,0,0
479884.532854,0,0,0,0,0,0,0,0,0,0,0,0,0
479884.537983,0,0,0,0,0,0,0,0,0,0,0,0,0
479884.542884,0,0,0,0,0,0,0,0,0,0,0,0,0
479884.547980,0,0,0,0,0,0,0,0,0,0,0,0,0
479884.552971,0,0,0,0,0,0,0,0,0,0,0,0,0
479884.558107,0,0,0,0,0,0,0,0,0,0,0,0,0
479884.563029,0,0,0,0,0,0,0,0,0,0,0,0,0
479884.567986,0,0,0,0,0,0,0,0,0,0,0,0,0
479884.572981,0,0,0,0,0,0,0,0,0,0,0,0,0
479884.578012,0,0,0,0,0,0,0,0,0,0,0,0,0
479884.583026,0,0,0,0,0,0,0,0,0,0,0,0,0
479884.587876,0,0,0,0,0,0,0,0,0,0,0,0,0
479884.592999,0,0,0,0,0,0,0,0,0,0,0,0,0
479884.598209,0,0,0,0,0,0,0,0,0,0,0,0,0
479884.602905,0,0,0,0,0,0,0,0,0,0,0,0,0
479884.608017,0,0,0,0,0,0,0,0,0,0,0,0,0
479884.612954,0,0,0,0,0,0,0,0,0,0,0,0,0
479884.617960,0,0,0,0,0,0,0,0,0,0,0,0,0
479884.622974,0,0,0,0,0,0,0,0,0,0,0,0,0
479884.628039,0,0,0,0,0,0,0,0,0,0,0,0,0
479884.632956,0,0,0,0,0,0,0,0,0,0,0,0,0
479884.637903,0,0,0,0,0,0,0,0,0,0,0,0,0
479884.642985,0,0,0,0,0,0,0,0,0,0,0,0,0
479884.647927,0,0,0,0,0,0,0,0,0,0,0,0,0
479884.652919,0,0,0,0,0,0,0,0,0,0,0,0,0
479884.658045,0,0,0,0,0,0,0,0,0,0,0,0,0
479884.663034,0,0,0,0,0,0,0,0,0,0,0,0,0
479884.667962,0,0,0,0,0,0,0,0,0,0,0,0,0
479884.672989,0,0,0,0,0,0,0,0,0,0,0,0,0
479884.677975,0,0,0,0,0,0,0,0,0,0,0,0,0
479884.682975,0,0,0,0,0,0,0,0,0,0,0,0,0
479884.687905,0,0,0,0,0,0,0,0,0,0,0,0,0
479884.692975,0,0,0,0,0,0,0,0,0,0,0,0,0
479884.698060,0,0,0,0,0,0,0,0,0,0,0,0,0
479884.703107,0,0,0,0,0,0,0,0,0,0,0,0,0
479884.708107,0,0,0,0,0,0,0,0,0,0,0,0,0
479884.713017,0,0,0,0,0,0,0,0,0,0,0,0,0
479884.718012,0,0,0,0,0,0,0,0,0,0,0,0,0
479884.723007,0,0,0,0,0,0,0,0,0,0,0,0,0
479884.728049,0,0,0,0,0,0,0,0,0,0,0,0,0
479884.732891,0,0,0,0,0,0,0,0,0,0,0,0,0
479884.737911,0,0,0,0,0,0,0,0,0,0,0,0,0
479884.742999,0,0,0,0,0,0,0,0,0,0,0,0,0
479884.747963,0,0,0,0,0,0,0,0,0,0,0,0,0
479884.753019,0,0,0,0,0,0,0,0,0,0,0,0,0
479884.758059,0,0,0,0,0,0,0,0,0,0,0,0,0
479884.763367,0,0,0,0,0,0,0,0,0,0,0,0,0
479884.767896,0,0,0,0,0,0,0,0,0,0,0,0,0
479884.772985,0,0,0,0,0,0,0,0,0,0,0,0,0
479884.777943,0,0,0,0,0,0,0,0,0,0,0,0,0
479884.782890,0,0,0,0,0,0,0,0,0,0,0,0,0
479884.787886,0,0,0,0,0,0,0,0,0,0,0,0,0
479884.793032,0,0,0,0,0,0,0,0,0,0,0,0,0
479884.798251,0,0,0,0,0,0,0,0,0,0,0,0,0
479884.802917,0,0,0,0,0,0,0,0,0,0,0,0,0
479884.808038,0,0,0,0,0,0,0,0,0,0,0,0,0
479884.812974,0,0,0,0,0,0,0,0,0,0,0,0,0
479884.817979,0,0,0,0,0,0,0,0,0,0,0,0,0
479884.823008,0,0,0,0,0,0,0,0,0,0,0,0,0
479884.828034,0,0,0,0,0,0,0,0,0,0,0,0,0
479884.832870,0,0,0,0,0,0,0,0,0,0,0,0,0
479884.837885,0,0,0,0,0,0,0,0,0,0,0,0,0
479884.842982,0,0,0,0,0,0,0,0,0,0,0,0,0
479884.848098,0,0,0,0,0,0,0,0,0,0,0,0,0
479884.852933,0,0,0,0,0,0,0,0,0,0,0,0,0
479884.857951,0,0,0,0,0,0,0,0,0,0,0,0,0
479884.862910,0,0,0,0,0,0,0,0,0,0,0,0,0
479884.867956,0,0,0,0,0,0,0,0,0,0,0,0,0
479884.872879,0,0,0,0,0,0,0,0,0,0,0,0,0
479884.877986,0,0,0,0,0,0,0,0,0,0,0,0,0
479884.882881,0,0,0,0,0,0,0,0,0,0,0,0,0
479884.887870,0,0,0,0,0,0,0,0,0,0,0,0,0
479884.892938,0,0,0,0,0,0,0,0,0,0,0,0,0
479884.898049,0,0,0,0,0,0,0,0,0,0,0,0,0
479884.903018,0,0,0,0,0,0,0,0,0,0,0,0,0
479884.907997,0,0,0,0,0,0,0,0,0,0,0,0,0
479884.912987,0,0,0,0,0,0,0,0,0,0,0,0,0
479884.917939,0,0,0,0,0,0,0,0,0,0,0,0,0
479884.922968,0,0,0,0,0,0,0,0,0,0,0,0,0
479884.928021,0,0,0,0,0,0,0,0,0,0,0,0,0
479884.932873,0,0,0,0,0,0,0,0,0,0,0,0,0
479884.937919,0,0,0,0,0,0,0,0,0,0,0,0,0
479884.942982,0,0,0,0,0,0,0,0,0,0,0,0,0
479884.947979,0,0,0,0,0,0,0,0,0,0,0,0,0
479884.952968,0,0,0,0,0,0,0,0,0,0,0,0,0
479884.957984,0,0,0,0,0,0,0,0,0,0,0,0,0
479884.963011,0,0,0,0,0,0,0,0,0,0,0,0,0
479884.967966,0,0,0,0,0,0,0,0,0,0,0,0,0
479884.972963,0,0,0,0,0,0,0,0,0,0,0,0,0
479884.978008,0,0,0,0,0,0,0,0,0,0,0,0,0
479884.982959,0,0,0,0,0,0,0,0,0,0,0,0,0
479884.987849,0,0,0,0,0,0,0,0,0,0,0,0,0
479884.992913,0,0,0,0,0,0,0,0,0,0,0,0,0
479884.997979,0,0,0,0,0,0,0,0,0,0,0,0,0
479885.002980,0,0,0,0,0,0,0,0,0,0,0,0,0
479885.008010,0,0,0,0,0,0,0,0,0,0,0,0,0
479885.012992,0,0,0,0,0,0,0,0,0,0,0,0,0
479885.017935,0,0,0,0,0,0,0,0,0,0,0,0,0
479885.022949,0,0,0,0,0,0,0,0,0,0,0,0,0
479885.028018,0,0,0,0,0,0,0,0,0,0,0,0,0
479885.032870,0,0,0,0,0,0,0,0,0,0,0,0,0
479885.037956,0,0,0,0,0,0,0,0,0,0,0,0,0
479885.042976,0,0,0,0,0,0,0,0,0,0,0,0,0
479885.047984,0,0,0,0,0,0,0,0,0,0,0,0,0
479885.052974,0,0,0,0,0,0,0,0,0,0,0,0,0
479885.057965,0,0,0,0,0,0,0,0,0,0,0,0,0
479885.062973,0,0,0,0,0,0,0,0,0,0,0,0,0
479885.067979,0,0,0,0,0,0,0,0,0,0,0,0,0
479885.072986,0,0,0,0,0,0,0,0,0,0,0,0,0
479885.077967,0,0,0,0,0,0,0,0,0,0,0,0,0
479885.082987,0,0,0,0,0,0,0,0,0,0,0,0,0
479885.087877,0,0,0,0,0,0,0,0,0,0,0,0,0
479885.093034,0,0,0,0,0,0,0,0,0,0,0,0,0
479885.098109,0,0,0,0,0,0,0,0,0,0,0,0,0
479885.102987,0,0,0,0,0,0,0,0,0,0,0,0,0
479885.108051,0,0,0,0,0,0,0,0,0,0,0,0,0
479885.112993,0,0,0,0,0,0,0,0,0,0,0,0,0
479885.117922,0,0,0,0,0,0,0,0,0,0,0,0,0
479885.122976,0,0,0,0,0,0,0,0,0,0,0,0,0
479885.127968,0,0,0,0,0,0,0,0,0,0,0,0,0
479885.132899,0,0,0,0,0,0,0,0,0,0,0,0,0
479885.138058,0,0,0,0,0,0,0,0,0,0,0,0,0
479885.143018,0,0,0,0,0,0,0,0,0,0,0,0,0
479885.148023,0,0,0,0,0,0,0,0,0,0,0,0,0
479885.152979,0,0,0,0,0,0,0,0,0,0,0,0,0
479885.157987,0,0,0,0,0,0,0,0,0,0,0,0,0
479885.163014,0,0,0,0,0,0,0,0,0,0,0,0,0
479885.167997,0,0,0,0,0,0,0,0,0,0,0,0,0
479885.172899,0,0,0,0,0,0,0,0,0,0,0,0,0
479885.178021,0,0,0,0,0,0,0,0,0,0,0,0,0
479885.183012,0,0,0,0,0,0,0,0,0,0,0,0,0
479885.187883,0,0,0,0,0,0,0,0,0,0,0,0,0
479885.192885,0,0,0,0,0,0,0,0,0,0,0,0,0
479885.197927,0,0,0,0,0,0,0,0,0,0,0,0,0
479885.202933,0,0,0,0,0,0,0,0,0,0,0,0,0
479885.208020,0,0,0,0,0,0,0,0,0,0,0,0,0
479885.212963,0,0,0,0,0,0,0,0,0,0,0,0,0
479885.217972,0,0,0,0,0,0,0,0,0,0,0,0,0
479885.222978,0,0,0,0,0,0,0,0,0,0,0,0,0
479885.228021,0,0,0,0,0,0,0,0,0,0,0,0,0
479885.232899,0,0,0,0,0,0,0,0,0,0,0,0,0
479885.238140,0,0,0,0,0,0,0,0,0,0,0,0,0
479885.242970,0,0,0,0,0,0,0,0,0,0,0,0,0
479885.247995,0,0,0,0,0,0,0,0,0,0,0,0,0
479885.252974,0,0,0,0,0,0,0,0,0,0,0,0,0
479885.257994,0,0,0,0,0,0,0,0,0,0,0,0,0
479885.262983,0,0,0,0,0,0,0,0,0,0,0,0,0
479885.267954,0,0,0,0,0,0,0,0,0,0,0,0,0
479885.272974,0,0,0,0,0,0,0,0,0,0,0,0,0
479885.278016,0,0,0,0,0,0,0,0,0,0,0,0,0
479885.282967,0,0,0,0,0,0,0,0,0,0,0,0,0
479885.287880,0,0,0,0,0,0,0,0,0,0,0,0,0
479885.292997,0,0,0,0,0,0,0,0,0,0,0,0,0
479885.298149,0,0,0,0,0,0,0,0,0,0,0,0,0
479885.302994,0,0,0,0,0,0,0,0,0,0,0,0,0
479885.308059,0,0,0,0,0,0,0,0,0,0,0,0,0
479885.312977,0,0,0,0,0,0,0,0,0,0,0,0,0
479885.317914,0,0,0,0,0,0,0,0,0,0,0,0,0
479885.322887,0,0,0,0,0,0,0,0,0,0,0,0,0
479885.327951,0,0,0,0,0,0,0,0,0,0,0,0,0
479885.332891,0,0,0,0,0,0,0,0,0,0,0,0,0
479885.337881,0,0,0,0,0,0,0,0,0,0,0,0,0
479885.342898,0,0,0,0,0,0,0,0,0,0,0,0,0
479885.347931,0,0,0,0,0,0,0,0,0,0,0,0,0
479885.352924,0,0,0,0,0,0,0,0,0,0,0,0,0
479885.357945,0,0,0,0,0,0,0,0,0,0,0,0,0
479885.362984,0,0,0,0,0,0,0,0,0,0,0,0,0
479885.368125,0,0,0,0,0,0,0,0,0,0,0,0,0
479885.372946,0,0,0,0,0,0,0,0,0,0,0,0,0
479885.377958,0,0,0,0,0,0,0,0,0,0,0,0,0
479885.382956,0,0,0,0,0,0,0,0,0,0,0,0,0
479885.388027,0,0,0,0,0,0,0,0,0,0,0,0,0
479885.393092,0,0,0,0,0,0,0,0,0,0,0,0,0
479885.398183,0,0,0,0,0,0,0,0,0,0,0,0,0
479885.402911,0,0,0,0,0,0,0,0,0,0,0,0,0
479885.408035,0,0,0,0,0,0,0,0,0,0,0,0,0
479885.412959,0,0,0,0,0,0,0,0,0,0,0,0,0
479885.417969,0,0,0,0,0,0,0,0,0,0,0,0,0
479885.422955,0,0,0,0,0,0,0,0,0,0,0,0,0
479885.427981,0,0,0,0,0,0,0,0,0,0,0,0,0
479885.432874,0,0,0,0,0,0,0,0,0,0,0,0,0
479885.438020,0,0,0,0,0,0,0,0,0,0,0,0,0
479885.442974,0,0,0,0,0,0,0,0,0,0,0,0,0
479885.448028,0,0,0,0,0,0,0,0,0,0,0,0,0
479885.452898,0,0,0,0,0,0,0,0,0,0,0,0,0
479885.457852,0,0,0,0,0,0,0,0,0,0,0,0,0
479885.462846,0,0,0,0,0,0,0,0,0,0,0,0,0
479885.467797,0,0,0,0,0,0,0,0,0,0,0,0,0
479885.472824,0,0,0,0,0,0,0,0,0,0,0,0,0
479885.477813,0,0,0,0,0,0,0,0,0,0,0,0,0
479885.482810,0,0,0,0,0,0,0,0,0,0,0,0,0
479885.487863,0,0,0,0,0,0,0,0,0,0,0,0,0
479885.492857,0,0,0,0,0,0,0,0,0,0,0,0,0
479885.497853,0,0,0,0,0,0,0,0,0,0,0,0,0
479885.502812,0,0,0,0,0,0,0,0,0,0,0,0,0
479885.507818,0,0,0,0,0,0,0,0,0,0,0,0,0
479885.512827,0,0,0,0,0,0,0,0,0,0,0,0,0
479885.517837,0,0,0,0,0,0,0,0,0,0,0,0,0
479885.522842,0,0,0,0,0,0,0,0,0,0,0,0,0
479885.527831,0,0,0,0,0,0,0,0,0,0,0,0,0
479885.532821,0,0,0,0,0,0,0,0,0,0,0,0,0
479885.537808,0,0,0,0,0,0,0,0,0,0,0,0,0
479885.542819,0,0,0,0,0,0,0,0,0,0,0,0,0
479885.547831,0,0,0,0,0,0,0,0,0,0,0,0,0
479885.552817,0,0,0,0,0,0,0,0,0,0,0,0,0
479885.557842,0,0,0,0,0,0,0,0,0,0,0,0,0
479885.562850,0,0,0,0,0,0,0,0,0,0,0,0,0
479885.567936,0,0,0,0,0,0,0,0,0,0,0,0,0
479885.573014,0,0,0,0,0,0,0,0,0,0,0,0,0
479885.578031,0,0,0,0,0,0,0,0,0,0,0,0,0
479885.582994,0,0,0,0,0,0,0,0,0,0,0,0,0
479885.587912,0,0,0,0,0,0,0,0,0,0,0,0,0
479885.593027,0,0,0,0,0,0,0,0,0,0,0,0,0
479885.598090,0,0,0,0,0,0,0,0,0,0,0,0,0
479885.603031,0,0,0,0,0,0,0,0,0,0,0,0,0
479885.608040,0,0,0,0,0,0,0,0,0,0,0,0,0
479885.612997,0,0,0,0,0,0,0,0,0,0,0,0,0
479885.617968,0,0,0,0,0,0,0,0,0,0,0,0,0
479885.622972,0,0,0,0,0,0,0,0,0,0,0,0,0
479885.628036,0,0,0,0,0,0,0,0,0,0,0,0,0
479885.632889,0,0,0,0,0,0,0,0,0,0,0,0,0
479885.637979,0,0,0,0,0,0,0,0,0,0,0,0,0
479885.642940,0,0,0,0,0,0,0,0,0,0,0,0,0
479885.647959,0,0,0,0,0,0,0,0,0,0,0,0,0
479885.652912,0,0,0,0,0,0,0,0,0,0,0,0,0
479885.657997,0,0,0,0,0,0,0,0,0,0,0,0,0
479885.662965,0,0,0,0,0,0,0,0,0,0,0,0,0
479885.667921,0,0,0,0,0,0,0,0,0,0,0,0,0
479885.672975,0,0,0,0,0,0,0,0,0,0,0,0,0
479885.677962,0,0,0,0,0,0,0,0,0,0,0,0,0
479885.682907,0,0,0,0,0,0,0,0,0,0,0,0,0
479885.687879,0,0,0,0,0,0,0,0,0,0,0,0,0
479885.692937,0,0,0,0,0,0,0,0,0,0,0,0,0
479885.698035,0,0,0,0,0,0,0,0,0,0,0,0,0
479885.703024,0,0,0,0,0,0,0,0,0,0,0,0,0
479885.708027,0,0,0,0,0,0,0,0,0,0,0,0,0
479885.712989,0,0,0,0,0,0,0,0,0,0,0,0,0
479885.717932,0,0,0,0,0,0,0,0,0,0,0,0,0
479885.722893,0,0,0,0,0,0,0,0,0,0,0,0,0
479885.727934,0,0,0,0,0,0,0,0,0,0,0,0,0
479885.732804,0,0,0,0,0,0,0,0,0,0,0,0,0
479885.737969,0,0,0,0,0,0,0,0,0,0,0,0,0
479885.742946,0,0,0,0,0,0,0,0,0,0,0,0,0
479885.748178,0,0,0,0,0,0,0,0,0,0,0,0,0
479885.752931,0,0,0,0,0,0,0,0,0,0,0,0,0
479885.757989,0,0,0,0,0,0,0,0,0,0,0,0,0
479885.763042,0,0,0,0,0,0,0,0,0,0,0,0,0
479885.767946,0,0,0,0,0,0,0,0,0,0,0,0,0
479885.772962,0,0,0,0,0,0,0,0,0,0,0,0,0
479885.777992,0,0,0,0,0,0,0,0,0,0,0,0,0
479885.782996,0,0,0,0,0,0,0,0,0,0,0,0,0
479885.787878,0,0,0,0,0,0,0,0,0,0,0,0,0
479885.793034,0,0,0,0,0,0,0,0,0,0,0,0,0
479885.798085,0,0,0,0,0,0,0,0,0,0,0,0,0
479885.802975,0,0,0,0,0,0,0,0,0,0,0,0,0
479885.807984,0,0,0,0,0,0,0,0,0,0,0,0,0
479885.813024,0,0,0,0,0,0,0,0,0,0,0,0,0
479885.817999,0,0,0,0,0,0,0,0,0,0,0,0,0
479885.822979,0,0,0,0,0,0,0,0,0,0,0,0,0
479885.827963,0,0,0,0,0,0,0,0,0,0,0,0,0
479885.832882,0,0,0,0,0,0,0,0,0,0,0,0,0
479885.837977,0,0,0,0,0,0,0,0,0,0,0,0,0
479885.842973,0,0,0,0,0,0,0,0,0,0,0,0,0
479885.847973,0,0,0,0,0,0,0,0,0,0,0,0,0
479885.852922,0,0,0,0,0,0,0,0,0,0,0,0,0
479885.857930,0,0,0,0,0,0,0,0,0,0,0,0,0
479885.862898,0,0,0,0,0,0,0,0,0,0,0,0,0
479885.867976,0,0,0,0,0,0,0,0,0,0,0,0,0
479885.872955,0,0,0,0,0,0,0,0,0,0,0,0,0
479885.878048,0,0,0,0,0,0,0,0,0,0,0,0,0
479885.882946,0,0,0,0,0,0,0,0,0,0,0,0,0
479885.887824,0,0,0,0,0,0,0,0,0,0,0,0,0
479885.892899,0,0,0,0,0,0,0,0,0,0,0,0,0
479885.898201,0,0,0,0,0,0,0,0,0,0,0,0,0
479885.902977,0,0,0,0,0,0,0,0,0,0,0,0,0
479885.908125,0,0,0,0,0,0,0,0,0,0,0,0,0
479885.912943,0,0,0,0,0,0,0,0,0,0,0,0,0
479885.917940,0,0,0,0,0,0,0,0,0,0,0,0,0
479885.922770,0,0,0,0,0,0,0,0,0,0,0,0,0
479885.927883,0,0,0,0,0,0,0,0,0,0,0,0,0
479885.932826,0,0,0,0,0,0,0,0,0,0,0,0,0
479885.937826,0,0,0,0,0,0,0,0,0,0,0,0,0
479885.942797,0,0,0,0,0,0,0,0,0,0,0,0,0
479885.947897,0,0,0,0,0,0,0,0,0,0,0,0,0
479885.952843,0,0,0,0,0,0,0,0,0,0,0,0,0
479885.957907,0,0,0,0,0,0,0,0,0,0,0,0,0
479885.962991,0,0,0,0,0,0,0,0,0,0,0,0,0
479885.967983,0,0,0,0,0,0,0,0,0,0,0,0,0
479885.972899,0,0,0,0,0,0,0,0,0,0,0,0,0
479885.977997,0,0,0,0,0,0,0,0,0,0,0,0,0
479885.982968,0,0,0,0,0,0,0,0,0,0,0,0,0
479885.987904,0,0,0,0,0,0,0,0,0,0,0,0,0
479885.993008,0,0,0,0,0,0,0,0,0,0,0,0,0
479885.998114,0,0,0,0,0,0,0,0,0,0,0,0,0
479886.003052,0,0,0,0,0,0,0,0,0,0,0,0,0
479886.008047,0,0,0,0,0,0,0,0,0,0,0,0,0
479886.013130,0,0,0,0,0,0,0,0,0,0,0,0,0
479886.018074,0,0,0,0,0,0,0,0,0,0,0,0,0
479886.022924,0,0,0,0,0,0,0,0,0,0,0,0,0
479886.027977,0,0,0,0,0,0,0,0,0,0,0,0,0
479886.032918,0,0,0,0,0,0,0,0,0,0,0,0,0
479886.037935,0,0,0,0,0,0,0,0,0,0,0,0,0
479886.043023,0,0,0,0,0,0,0,0,0,0,0,0,0
479886.048013,0,0,0,0,0,0,0,0,0,0,0,0,0
479886.053024,0,0,0,0,0,0,0,0,0,0,0,0,0
479886.057994,0,0,0,0,0,0,0,0,0,0,0,0,0
479886.063060,0,0,0,0,0,0,0,0,0,0,0,0,0
479886.067995,0,0,0,0,0,0,0,0,0,0,0,0,0
479886.073025,0,0,0,0,0,0,0,0,0,0,0,0,0
479886.078035,0,0,0,0,0,0,0,0,0,0,0,0,0
479886.083049,0,0,0,0,0,0,0,0,0,0,0,0,0
479886.087902,0,0,0,0,0,0,0,0,0,0,0,0,0
479886.093041,0,0,0,0,0,0,0,0,0,0,0,0,0
479886.098130,0,0,0,0,0,0,0,0,0,0,0,0,0
479886.103074,0,0,0,0,0,0,0,0,0,0,0,0,0
479886.108058,0,0,0,0,0,0,0,0,0,0,0,0,0
479886.113065,0,0,0,0,0,0,0,0,0,0,0,0,0
479886.118031,0,0,0,0,0,0,0,0,0,0,0,0,0
479886.122954,0,0,0,0,0,0,0,0,0,0,0,0,0
479886.128064,0,0,0,0,0,0,0,0,0,0,0,0,0
479886.132868,0,0,0,0,0,0,0,0,0,0,0,0,0
479886.138056,0,0,0,0,0,0,0,0,0,0,0,0,0
479886.143028,0,0,0,0,0,0,0,0,0,0,0,0,0
479886.148051,0,0,0,0,0,0,0,0,0,0,0,0,0
479886.153047,0,0,0,0,0,0,0,0,0,0,0,0,0
479886.157982,0,0,0,0,0,0,0,0,0,0,0,0,0
479886.163080,0,0,0,0,0,0,0,0,0,0,0,0,0
479886.167997,0,0,0,0,0,0,0,0,0,0,0,0,0
479886.172987,0,0,0,0,0,0,0,0,0,0,0,0,0
479886.177934,0,0,0,0,0,0,0,0,0,0,0,0,0
479886.183078,0,0,0,0,0,0,0,0,0,0,0,0,0
479886.187899,0,0,0,0,0,0,0,0,0,0,0,0,0
479886.193038,0,0,0,0,0,0,0,0,0,0,0,0,0
479886.198126,0,0,0,0,0,0,0,0,0,0,0,0,0
479886.203184,0,0,0,0,0,0,0,0,0,0,0,0,0
479886.208008,0,0,0,0,0,0,0,0,0,0,0,0,0
479886.212931,0,0,0,0,0,0,0,0,0,0,0,0,0
479886.217826,0,0,0,0,0,0,0,0,0,0,0,0,0
479886.223179,0,0,0,0,0,0,0,0,0,0,0,0,0
479886.228056,0,0,0,0,0,0,0,0,0,0,0,0,0
479886.232845,0,0,0,0,0,0,0,0,0,0,0,0,0
479886.237936,0,0,0,0,0,0,0,0,0,0,0,0,0
479886.242838,0,0,0,0,0,0,0,0,0,0,0,0,0
479886.247901,0,0,0,0,0,0,0,0,0,0,0,0,0
479886.253196,0,0,0,0,0,0,0,0,0,0,0,0,0
479886.257932,0,0,0,0,0,0,0,0,0,0,0,0,0
479886.263026,0,0,0,0,0,0,0,0,0,0,0,0,0
479886.267888,0,0,0,0,0,0,0,0,0,0,0,0,0
479886.273023,0,0,0,0,0,0,0,0,0,0,0,0,0
479886.278020,0,0,0,0,0,0,0,0,0,0,0,0,0
479886.283246,0,0,0,0,0,0,0,0,0,0,0,0,0
479886.287923,0,0,0,0,0,0,0,0,0,0,0,0,0
479886.293066,0,0,0,0,0,0,0,0,0,0,0,0,0
479886.298109,0,0,0,0,0,0,0,0,0,0,0,0,0
479886.303032,0,0,0,0,0,0,0,0,0,0,0,0,0
479886.308056,0,0,0,0,0,0,0,0,0,0,0,0,0
479886.313185,0,0,0,0,0,0,0,0,0,0,0,0,0
479886.317966,0,0,0,0,0,0,0,0,0,0,0,0,0
479886.322853,0,0,0,0,0,0,0,0,0,0,0,0,0
479886.327876,0,0,0,0,0,0,0,0,0,0,0,0,0
479886.332818,0,0,0,0,0,0,0,0,0,0,0,0,0
479886.337896,0,0,0,0,0,0,0,0,0,0,0,0,0
479886.342901,0,0,0,0,0,0,0,0,0,0,0,0,0
479886.348036,0,0,0,0,0,0,0,0,0,0,0,0,0
479886.352940,0,0,0,0,0,0,0,0,0,0,0,0,0
479886.357982,0,0,0,0,0,0,0,0,0,0,0,0,0
479886.363047,0,0,0,0,0,0,0,0,0,0,0,0,0
479886.367986,0,0,0,0,0,0,0,0,0,0,0,0,0
479886.372942,0,0,0,0,0,0,0,0,0,0,0,0,0
479886.378022,0,0,0,0,0,0,0,0,0,0,0,0,0
479886.383190,0,0,0,0,0,0,0,0,0,0,0,0,0
479886.387844,0,0,0,0,0,0,0,0,0,0,0,0,0
479886.392873,0,0,0,0,0,0,0,0,0,0,0,0,0
479886.397869,0,0,0,0,0,0,0,0,0,0,0,0,0
479886.402950,0,0,0,0,0,0,0,0,0,0,0,0,0
479886.408048,0,0,0,0,0,0,0,0,0,0,0,0,0
479886.413071,0,0,0,0,0,0,0,0,0,0,0,0,0
479886.418015,0,0,0,0,0,0,0,0,0,0,0,0,0
479886.422989,0,0,0,0,0,0,0,0,0,0,0,0,0
479886.428056,0,0,0,0,0,0,0,0,0,0,0,0,0
479886.432901,0,0,0,0,0,0,0,0,0,0,0,0,0
479886.437862,0,0,0,0,0,0,0,0,0,0,0,0,0
479886.443147,0,0,0,0,0,0,0,0,0,0,0,0,0
479886.448043,0,0,0,0,0,0,0,0,0,0,0,0,0
479886.452908,0,0,0,0,0,0,0,0,0,0,0,0,0
479886.457857,0,0,0,0,0,0,0,0,0,0,0,0,0
479886.463034,0,0,0,0,0,0,0,0,0,0,0,0,0
479886.467987,0,0,0,0,0,0,0,0,0,0,0,0,0
479886.472985,0,0,0,0,0,0,0,0,0,0,0,0,0
479886.477984,0,0,0,0,0,0,0,0,0,0,0,0,0
479886.482912,0,0,0,0,0,0,0,0,0,0,0,0,0
479886.487953,0,0,0,0,0,0,0,0,0,0,0,0,0
479886.492968,0,0,0,0,0,0,0,0,0,0,0,0,0
479886.498127,0,0,0,0,0,0,0,0,0,0,0,0,0
479886.503058,0,0,0,0,0,0,0,0,0,0,0,0,0
479886.508018,0,0,0,0,0,0,0,0,0,0,0,0,0
479886.513047,0,0,0,0,0,0,0,0,0,0,0,0,0
479886.517987,0,0,0,0,0,0,0,0,0,0,0,0,0
479886.522881,0,0,0,0,0,0,0,0,0,0,0,0,0
479886.528060,0,0,0,0,0,0,0,0,0,0,0,0,0
479886.532918,0,0,0,0,0,0,0,0,0,0,0,0,0
479886.537904,0,0,0,0,0,0,0,0,0,0,0,0,0
479886.543018,0,0,0,0,0,0,0,0,0,0,0,0,0
479886.548045,0,0,0,0,0,0,0,0,0,0,0,0,0
479886.552998,0,0,0,0,0,0,0,0,0,0,0,0,0
479886.558007,0,0,0,0,0,0,0,0,0,0,0,0,0
479886.563036,0,0,0,0,0,0,0,0,0,0,0,0,0
479886.567991,0,0,0,0,0,0,0,0,0,0,0,0,0
479886.572992,0,0,0,0,0,0,0,0,0,0,0,0,0
479886.578038,0,0,0,0,0,0,0,0,0,0,0,0,0
479886.583007,0,0,0,0,0,0,0,0,0,0,0,0,0
479886.587900,0,0,0,0,0,0,0,0,0,0,0,0,0
479886.593045,0,0,0,0,0,0,0,0,0,0,0,0,0
479886.598155,0,0,0,0,0,0,0,0,0,0,0,0,0
479886.603103,0,0,0,0,0,0,0,0,0,0,0,0,0
479886.608050,0,0,0,0,0,0,0,0,0,0,0,0,0
479886.613057,0,0,0,0,0,0,0,0,0,0,0,0,0
479886.618018,0,0,0,0,0,0,0,0,0,0,0,0,0
479886.623049,0,0,0,0,0,0,0,0,0,0,0,0,0
479886.628067,0,0,0,0,0,0,0,0,0,0,0,0,0
479886.632922,0,0,0,0,0,0,0,0,0,0,0,0,0
479886.637887,0,0,0,0,0,0,0,0,0,0,0,0,0
479886.642948,0,0,0,0,0,0,0,0,0,0,0,0,0
479886.648022,0,0,0,0,0,0,0,0,0,0,0,0,0
479886.653019,0,0,0,0,0,0,0,0,0,0,0,0,0
479886.658071,0,0,0,0,0,0,0,0,0,0,0,0,0
479886.663075,0,0,0,0,0,0,0,0,0,0,0,0,0
479886.668020,0,0,0,0,0,0,0,0,0,0,0,0,0
479886.673015,0,0,0,0,0,0,0,0,0,0,0,0,0
479886.678099,0,0,0,0,0,0,0,0,0,0,0,0,0
479886.682980,0,0,0,0,0,0,0,0,0,0,0,0,0
479886.687914,0,0,0,0,0,0,0,0,0,0,0,0,0
479886.693081,0,0,0,0,0,0,0,0,0,0,0,0,0
479886.698239,0,0,0,0,0,0,0,0,0,0,0,0,0
479886.703058,0,0,0,0,0,0,0,0,0,0,0,0,0
479886.708069,0,0,0,0,0,0,0,0,0,0,0,0,0
479886.713057,0,0,0,0,0,0,0,0,0,0,0,0,0
479886.717881,0,0,0,0,0,0,0,0,0,0,0,0,0
479886.723060,0,0,0,0,0,0,0,0,0,0,0,0,0
479886.728067,0,0,0,0,0,0,0,0,0,0,0,0,0
479886.732933,0,0,0,0,0,0,0,0,0,0,0,0,0
479886.737892,0,0,0,0,0,0,0,0,0,0,0,0,0
479886.743054,0,0,0,0,0,0,0,0,0,0,0,0,0
479886.748069,0,0,0,0,0,0,0,0,0,0,0,0,0
479886.753019,0,0,0,0,0,0,0,0,0,0,0,0,0
479886.757913,0,0,0,0,0,0,0,0,0,0,0,0,0
479886.763096,0,0,0,0,0,0,0,0,0,0,0,0,0
479886.768020,0,0,0,0,0,0,0,0,0,0,0,0,0
479886.773033,0,0,0,0,0,0,0,0,0,0,0,0,0
479886.778135,0,0,0,0,0,0,0,0,0,0,0,0,0
479886.782954,0,0,0,0,0,0,0,0,0,0,0,0,0
479886.787941,0,0,0,0,0,0,0,0,0,0,0,0,0
479886.793035,0,0,0,0,0,0,0,0,0,0,0,0,0
479886.798111,0,0,0,0,0,0,0,0,0,0,0,0,0
479886.803078,0,0,0,0,0,0,0,0,0,0,0,0,0
479886.808070,0,0,0,0,0,0,0,0,0,0,0,0,0
479886.813024,0,0,0,0,0,0,0,0,0,0,0,0,0
479886.817979,0,0,0,0,0,0,0,0,0,0,0,0,0
479886.823100,0,0,0,0,0,0,0,0,0,0,0,0,0
479886.828012,0,0,0,0,0,0,0,0,0,0,0,0,0
479886.832906,0,0,0,0,0,0,0,0,0,0,0,0,0
479886.837929,0,0,0,0,0,0,0,0,0,0,0,0,0
479886.843082,0,0,0,0,0,0,0,0,0,0,0,0,0
479886.847989,0,0,0,0,0,0,0,0,0,0,0,0,0
479886.852994,0,0,0,0,0,0,0,0,0,0,0,0,0
479886.857941,0,0,0,0,0,0,0,0,0,0,0,0,0
479886.863037,0,0,0,0,0,0,0,0,0,0,0,0,0
479886.867897,0,0,0,0,0,0,0,0,0,0,0,0,0
479886.873070,0,0,0,0,0,0,0,0,0,0,0,0,0
479886.877896,0,0,0,0,0,0,0,0,0,0,0,0,0
479886.882981,0,0,0,0,0,0,0,0,0,0,0,0,0
479886.887865,0,0,0,0,0,0,0,0,0,0,0,0,0
479886.892911,0,0,0,0,0,0,0,0,0,0,0,0,0
479886.898150,0,0,0,0,0,0,0,0,0,0,0,0,0
479886.903063,0,0,0,0,0,0,0,0,0,0,0,0,0
479886.908075,0,0,0,0,0,0,0,0,0,0,0,0,0
479886.912955,0,0,0,0,0,0,0,0,0,0,0,0,0
479886.918085,0,0,0,0,0,0,0,0,0,0,0,0,0
479886.922873,0,0,0,0,0,0,0,0,0,0,0,0,0
479886.928046,0,0,0,0,0,0,0,0,0,0,0,0,0
479886.932906,0,0,0,0,0,0,0,0,0,0,0,0,0
479886.937907,0,0,0,0,0,0,0,0,0,0,0,0,0
479886.943017,0,0,0,0,0,0,0,0,0,0,0,0,0
479886.948018,0,0,0,0,0,0,0,0,0,0,0,0,0
479886.952973,0,0,0,0,0,0,0,0,0,0,0,0,0
479886.957945,0,0,0,0,0,0,0,0,0,0,0,0,0
479886.962953,0,0,0,0,0,0,0,0,0,0,0,0,0
479886.967981,0,0,0,0,0,0,0,0,0,0,0,0,0
479886.973017,0,0,0,0,0,0,0,0,0,0,0,0,0
479886.978066,0,0,0,0,0,0,0,0,0,0,0,0,0
479886.982971,0,0,0,0,0,0,0,0,0,0,0,0,0
479886.987905,0,0,0,0,0,0,0,0,0,0,0,0,0
479886.992969,0,0,0,0,0,0,0,0,0,0,0,0,0
479886.998154,0,0,0,0,0,0,0,0,0,0,0,0,0
479887.003049,0,0,0,0,0,0,0,0,0,0,0,0,0
479887.008018,0,0,0,0,0,0,0,0,0,0,0,0,0
479887.012925,0,0,0,0,0,0,0,0,0,0,0,0,0
479887.017927,0,0,0,0,0,0,0,0,0,0,0,0,0
479887.022856,0,0,0,0,0,0,0,0,0,0,0,0,0
479887.027965,0,0,0,0,0,0,0,0,0,0,0,0,0
479887.032804,0,0,0,0,0,0,0,0,0,0,0,0,0
479887.037856,0,0,0,0,0,0,0,0,0,0,0,0,0
479887.042899,0,0,0,0,0,0,0,0,0,0,0,0,0
479887.047952,0,0,0,0,0,0,0,0,0,0,0,0,0
479887.053014,0,0,0,0,0,0,0,0,0,0,0,0,0
479887.058038,0,0,0,0,0,0,0,0,0,0,0,0,0
479887.063066,0,0,0,0,0,0,0,0,0,0,0,0,0
479887.068038,0,0,0,0,0,0,0,0,0,0,0,0,0
479887.073015,0,0,0,0,0,0,0,0,0,0,0,0,0
479887.078073,0,0,0,0,0,0,0,0,0,0,0,0,0
479887.083047,0,0,0,0,0,0,0,0,0,0,0,0,0
479887.087915,0,0,0,0,0,0,0,0,0,0,0,0,0
479887.092944,0,0,0,0,0,0,0,0,0,0,0,0,0
479887.098301,0,0,0,0,0,0,0,0,0,0,0,0,0
479887.103104,0,0,0,0,0,0,0,0,0,0,0,0,0
479887.107986,0,0,0,0,0,0,0,0,0,0,0,0,0
479887.112992,0,0,0,0,0,0,0,0,0,0,0,0,0
479887.117852,0,0,0,0,0,0,0,0,0,0,0,0,0
479887.122916,0,0,0,0,0,0,0,0,0,0,0,0,0
479887.127963,0,0,0,0,0,0,0,0,0,0,0,0,0
479887.132845,0,0,0,0,0,0,0,0,0,0,0,0,0
479887.137961,0,0,0,0,0,0,0,0,0,0,0,0,0
479887.143013,0,0,0,0,0,0,0,0,0,0,0,0,0
479887.148029,0,0,0,0,0,0,0,0,0,0,0,0,0
479887.153025,0,0,0,0,0,0,0,0,0,0,0,0,0
479887.157904,0,0,0,0,0,0,0,0,0,0,0,0,0
479887.163013,0,0,0,0,0,0,0,0,0,0,0,0,0
479887.168045,0,0,0,0,0,0,0,0,0,0,0,0,0
479887.173050,0,0,0,0,0,0,0,0,0,0,0,0,0
479887.178037,0,0,0,0,0,0,0,0,0,0,0,0,0
479887.183214,0,0,0,0,0,0,0,0,0,0,0,0,0
479887.187885,0,0,0,0,0,0,0,0,0,0,0,0,0
479887.193108,0,0,0,0,0,0,0,0,0,0,0,0,0
479887.197989,0,0,0,0,0,0,0,0,0,0,0,0,0
479887.203072,0,0,0,0,0,0,0,0,0,0,0,0,0
479887.208047,0,0,0,0,0,0,0,0,0,0,0,0,0
479887.212995,0,0,0,0,0,0,0,0,0,0,0,0,0
479887.217918,0,0,0,0,0,0,0,0,0,0,0,0,0
479887.222922,0,0,0,0,0,0,0,0,0,0,0,0,0
479887.228097,0,0,0,0,0,0,0,0,0,0,0,0,0
479887.232941,0,0,0,0,0,0,0,0,0,0,0,0,0
479887.237938,0,0,0,0,0,0,0,0,0,0,0,0,0
479887.242981,0,0,0,0,0,0,0,0,0,0,0,0,0
479887.247981,0,0,0,0,0,0,0,0,0,0,0,0,0
479887.252901,0,0,0,0,0,0,0,0,0,0,0,0,0
479887.257977,0,0,0,0,0,0,0,0,0,0,0,0,0
479887.262994,0,0,0,0,0,0,0,0,0,0,0,0,0
479887.267947,0,0,0,0,0,0,0,0,0,0,0,0,0
479887.272984,0,0,0,0,0,0,0,0,0,0,0,0,0
479887.278071,0,0,0,0,0,0,0,0,0,0,0,0,0
479887.283054,0,0,0,0,0,0,0,0,0,0,0,0,0
479887.287934,0,0,0,0,0,0,0,0,0,0,0,0,0
479887.293075,0,0,0,0,0,0,0,0,0,0,0,0,0
479887.298166,0,0,0,0,0,0,0,0,0,0,0,0,0
479887.304366,0,0,0,0,0,0,0,0,0,0,0,0,0
479887.308088,0,0,0,0,0,0,0,0,0,0,0,0,0
479887.313090,0,0,0,0,0,0,0,0,0,0,0,0,0
479887.317945,0,0,0,0,0,0,0,0,0,0,0,0,0
479887.322949,0,0,0,0,0,0,0,0,0,0,0,0,0
479887.328074,0,0,0,0,0,0,0,0,0,0,0,0,0
479887.332906,0,0,0,0,0,0,0,0,0,0,0,0,0
479887.337895,0,0,0,0,0,0,0,0,0,0,0,0,0
479887.342845,0,0,0,0,0,0,0,0,0,0,0,0,0
479887.347926,0,0,0,0,0,0,0,0,0,0,0,0,0
479887.352916,0,0,0,0,0,0,0,0,0,0,0,0,0
479887.357963,0,0,0,0,0,0,0,0,0,0,0,0,0
479887.363085,0,0,0,0,0,0,0,0,0,0,0,0,0
479887.368012,0,0,0,0,0,0,0,0,0,0,0,0,0
479887.372936,0,0,0,0,0,0,0,0,0,0,0,0,0
479887.378040,0,0,0,0,0,0,0,0,0,0,0,0,0
479887.383036,0,0,0,0,0,0,0,0,0,0,0,0,0
479887.387933,0,0,0,0,0,0,0,0,0,0,0,0,0
479887.393066,0,0,0,0,0,0,0,0,0,0,0,0,0
479887.398028,0,0,0,0,0,0,0,0,0,0,0,0,0
479887.402955,0,0,0,0,0,0,0,0,0,0,0,0,0
479887.408074,0,0,0,0,0,0,0,0,0,0,0,0,0
479887.412976,0,0,0,0,0,0,0,0,0,0,0,0,0
479887.417906,0,0,0,0,0,0,0,0,0,0,0,0,0
479887.422899,0,0,0,0,0,0,0,0,0,0,0,0,0
479887.427982,0,0,0,0,0,0,0,0,0,0,0,0,0
479887.432830,0,0,0,0,0,0,0,0,0,0,0,0,0
479887.437851,0,0,0,0,0,0,0,0,0,0,0,0,0
479887.442927,0,0,0,0,0,0,0,0,0,0,0,0,0
479887.447946,0,0,0,0,0,0,0,0,0,0,0,0,0
479887.452856,0,0,0,0,0,0,0,0,0,0,0,0,0
479887.457820,0,0,0,0,0,0,0,0,0,0,0,0,0
479887.462981,0,0,0,0,0,0,0,0,0,0,0,0,0
479887.467895,0,0,0,0,0,0,0,0,0,0,0,0,0
479887.472855,0,0,0,0,0,0,0,0,0,0,0,0,0
479887.477928,0,0,0,0,0,0,0,0,0,0,0,0,0
479887.482940,0,0,0,0,0,0,0,0,0,0,0,0,0
479887.487913,0,0,0,0,0,0,0,0,0,0,0,0,0
479887.492987,0,0,0,0,0,0,0,0,0,0,0,0,0
479887.498163,0,0,0,0,0,0,0,0,0,0,0,0,0
479887.503104,0,0,0,0,0,0,0,0,0,0,0,0,0
479887.508060,0,0,0,0,0,0,0,0,0,0,0,0,0
479887.513062,0,0,0,0,0,0,0,0,0,0,0,0,0
479887.517968,0,0,0,0,0,0,0,0,0,0,0,0,0
479887.522989,0,0,0,0,0,0,0,0,0,0,0,0,0
479887.528055,0,0,0,0,0,0,0,0,0,0,0,0,0
479887.532926,0,0,0,0,0,0,0,0,0,0,0,0,0
479887.537963,0,0,0,0,0,0,0,0,0,0,0,0,0
479887.542940,0,0,0,0,0,0,0,0,0,0,0,0,0
479887.548083,0,0,0,0,0,0,0,0,0,0,0,0,0
479887.553016,0,0,0,0,0,0,0,0,0,0,0,0,0
479887.557963,0,0,0,0,0,0,0,0,0,0,0,0,0
479887.562980,0,0,0,0,0,0,0,0,0,0,0,0,0
479887.567936,0,0,0,0,0,0,0,0,0,0,0,0,0
479887.572991,0,0,0,0,0,0,0,0,0,0,0,0,0
479887.577948,0,0,0,0,0,0,0,0,0,0,0,0,0
479887.583063,0,0,0,0,0,0,0,0,0,0,0,0,0
479887.587877,0,0,0,0,0,0,0,0,0,0,0,0,0
479887.593012,0,0,0,0,0,0,0,0,0,0,0,0,0
479887.597965,0,0,0,0,0,0,0,0,0,0,0,0,0
479887.602930,0,0,0,0,0,0,0,0,0,0,0,0,0
479887.607968,0,0,0,0,0,0,0,0,0,0,0,0,0
479887.612994,0,0,0,0,0,0,0,0,0,0,0,0,0
479887.617882,0,0,0,0,0,0,0,0,0,0,0,0,0
479887.622866,0,0,0,0,0,0,0,0,0,0,0,0,0
479887.627975,0,0,0,0,0,0,0,0,0,0,0,0,0
479887.632858,0,0,0,0,0,0,0,0,0,0,0,0,0
479887.637818,0,0,0,0,0,0,0,0,0,0,0,0,0
479887.642912,0,0,0,0,0,0,0,0,0,0,0,0,0
479887.647934,0,0,0,0,0,0,0,0,0,0,0,0,0
479887.652988,0,0,0,0,0,0,0,0,0,0,0,0,0
479887.657884,0,0,0,0,0,0,0,0,0,0,0,0,0
479887.663033,0,0,0,0,0,0,0,0,0,0,0,0,0
479887.667921,0,0,0,0,0,0,0,0,0,0,0,0,0
479887.672973,0,0,0,0,0,0,0,0,0,0,0,0,0
479887.677934,0,0,0,0,0,0,0,0,0,0,0,0,0
479887.683010,0,0,0,0,0,0,0,0,0,0,0,0,0
479887.687845,0,0,0,0,0,0,0,0,0,0,0,0,0
479887.692919,0,0,0,0,0,0,0,0,0,0,0,0,0
479887.697973,0,0,0,0,0,0,0,0,0,0,0,0,0
479887.702969,0,0,0,0,0,0,0,0,0,0,0,0,0
479887.708023,0,0,0,0,0,0,0,0,0,0,0,0,0
479887.712943,0,0,0,0,0,0,0,0,0,0,0,0,0
479887.717890,0,0,0,0,0,0,0,0,0,0,0,0,0
479887.722908,0,0,0,0,0,0,0,0,0,0,0,0,0
479887.727985,0,0,0,0,0,0,0,0,0,0,0,0,0
479887.732884,0,0,0,0,0,0,0,0,0,0,0,0,0
479887.737947,0,0,0,0,0,0,0,0,0,0,0,0,0
479887.742883,0,0,0,0,0,0,0,0,0,0,0,0,0
479887.747977,0,0,0,0,0,0,0,0,0,0,0,0,0
479887.752912,0,0,0,0,0,0,0,0,0,0,0,0,0
479887.757935,0,0,0,0,0,0,0,0,0,0,0,0,0
479887.762987,0,0,0,0,0,0,0,0,0,0,0,0,0
479887.767878,0,0,0,0,0,0,0,0,0,0,0,0,0
479887.772861,0,0,0,0,0,0,0,0,0,0,0,0,0
479887.777938,0,0,0,0,0,0,0,0,0,0,0,0,0
479887.782908,0,0,0,0,0,0,0,0,0,0,0,0,0
479887.787859,0,0,0,0,0,0,0,0,0,0,0,0,0
479887.792956,0,0,0,0,0,0,0,0,0,0,0,0,0
479887.797957,0,0,0,0,0,0,0,0,0,0,0,0,0
479887.802975,0,0,0,0,0,0,0,0,0,0,0,0,0
479887.807956,0,0,0,0,0,0,0,0,0,0,0,0,0
479887.813011,0,0,0,0,0,0,0,0,0,0,0,0,0
479887.817938,0,0,0,0,0,0,0,0,0,0,0,0,0
479887.822925,0,0,0,0,0,0,0,0,0,0,0,0,0
479887.827960,0,0,0,0,0,0,0,0,0,0,0,0,0
479887.832828,0,0,0,0,0,0,0,0,0,0,0,0,0
479887.838085,0,0,0,0,0,0,0,0,0,0,0,0,0
479887.843034,0,0,0,0,0,0,0,0,0,0,0,0,0
479887.847956,0,0,0,0,0,0,0,0,0,0,0,0,0
479887.852976,0,0,0,0,0,0,0,0,0,0,0,0,0
479887.857927,0,0,0,0,0,0,0,0,0,0,0,0,0
479887.862875,0,0,0,0,0,0,0,0,0,0,0,0,0
479887.867836,0,0,0,0,0,0,0,0,0,0,0,0,0
479887.872853,0,0,0,0,0,0,0,0,0,0,0,0,0
479887.877883,0,0,0,0,0,0,0,0,0,0,0,0,0
479887.882866,0,0,0,0,0,0,0,0,0,0,0,0,0
479887.887840,0,0,0,0,0,0,0,0,0,0,0,0,0
479887.892914,0,0,0,0,0,0,0,0,0,0,0,0,0
479887.897915,0,0,0,0,0,0,0,0,0,0,0,0,0
479887.902972,0,0,0,0,0,0,0,0,0,0,0,0,0
479887.908039,0,0,0,0,0,0,0,0,0,0,0,0,0
479887.913068,0,0,0,0,0,0,0,0,0,0,0,0,0
479887.917969,0,0,0,0,0,0,0,0,0,0,0,0,0
479887.922872,0,0,0,0,0,0,0,0,0,0,0,0,0
479887.927990,0,0,0,0,0,0,0,0,0,0,0,0,0
479887.932832,0,0,0,0,0,0,0,0,0,0,0,0,0
479887.937982,0,0,0,0,0,0,0,0,0,0,0,0,0
479887.942886,0,0,0,0,0,0,0,0,0,0,0,0,0
479887.948041,0,0,0,0,0,0,0,0,0,0,0,0,0
479887.952857,0,0,0,0,0,0,0,0,0,0,0,0,0
479887.957987,0,0,0,0,0,0,0,0,0,0,0,0,0
479887.962948,0,0,0,0,0,0,0,0,0,0,0,0,0
479887.967980,0,0,0,0,0,0,0,0,0,0,0,0,0
479887.972949,0,0,0,0,0,0,0,0,0,0,0,0,0
479887.977966,0,0,0,0,0,0,0,0,0,0,0,0,0
479887.982865,0,0,0,0,0,0,0,0,0,0,0,0,0
479887.987862,0,0,0,0,0,0,0,0,0,0,0,0,0
479887.992957,0,0,0,0,0,0,0,0,0,0,0,0,0
479887.998076,0,0,0,0,0,0,0,0,0,0,0,0,0
479888.003062,0,0,0,0,0,0,0,0,0,0,0,0,0
479888.008093,0,0,0,0,0,0,0,0,0,0,0,0,0
479888.013102,0,0,0,0,0,0,0,0,0,0,0,0,0
479888.017974,0,0,0,0,0,0,0,0,0,0,0,0,0
479888.022928,0,0,0,0,0,0,0,0,0,0,0,0,0
479888.027927,0,0,0,0,0,0,0,0,0,0,0,0,0
479888.032923,0,0,0,0,0,0,0,0,0,0,0,0,0
479888.037922,0,0,0,0,0,0,0,0,0,0,0,0,0
479888.042977,0,0,0,0,0,0,0,0,0,0,0,0,0
479888.047959,0,0,0,0,0,0,0,0,0,0,0,0,0
479888.052891,0,0,0,0,0,0,0,0,0,0,0,0,0
479888.057996,0,0,0,0,0,0,0,0,0,0,0,0,0
479888.062969,0,0,0,0,0,0,0,0,0,0,0,0,0
479888.067997,0,0,0,0,0,0,0,0,0,0,0,0,0
479888.072947,0,0,0,0,0,0,0,0,0,0,0,0,0
479888.078034,0,0,0,0,0,0,0,0,0,0,0,0,0
479888.083101,0,0,0,0,0,0,0,0,0,0,0,0,0
479888.087933,0,0,0,0,0,0,0,0,0,0,0,0,0
479888.092961,0,0,0,0,0,0,0,0,0,0,0,0,0
479888.098057,0,0,0,0,0,0,0,0,0,0,0,0,0
479888.103058,0,0,0,0,0,0,0,0,0,0,0,0,0
479888.108110,0,0,0,0,0,0,0,0,0,0,0,0,0
479888.113093,0,0,0,0,0,0,0,0,0,0,0,0,0
479888.117953,0,0,0,0,0,0,0,0,0,0,0,0,0
479888.122942,0,0,0,0,0,0,0,0,0,0,0,0,0
479888.128064,0,0,0,0,0,0,0,0,0,0,0,0,0
479888.132920,0,0,0,0,0,0,0,0,0,0,0,0,0
479888.138015,0,0,0,0,0,0,0,0,0,0,0,0,0
479888.143070,0,0,0,0,0,0,0,0,0,0,0,0,0
479888.147943,0,0,0,0,0,0,0,0,0,0,0,0,0
479888.152940,0,0,0,0,0,0,0,0,0,0,0,0,0
479888.157902,0,0,0,0,0,0,0,0,0,0,0,0,0
479888.163041,0,0,0,0,0,0,0,0,0,0,0,0,0
479888.167911,0,0,0,0,0,0,0,0,0,0,0,0,0
479888.172989,0,0,0,0,0,0,0,0,0,0,0,0,0
479888.177987,0,0,0,0,0,0,0,0,0,0,0,0,0
479888.182959,0,0,0,0,0,0,0,0,0,0,0,0,0
479888.187874,0,0,0,0,0,0,0,0,0,0,0,0,0
479888.192933,0,0,0,0,0,0,0,0,0,0,0,0,0
479888.198036,0,0,0,0,0,0,0,0,0,0,0,0,0
479888.202951,0,0,0,0,0,0,0,0,0,0,0,0,0
479888.208055,0,0,0,0,0,0,0,0,0,0,0,0,0
479888.212973,0,0,0,0,0,0,0,0,0,0,0,0,0
479888.217939,0,0,0,0,0,0,0,0,0,0,0,0,0
479888.222878,0,0,0,0,0,0,0,0,0,0,0,0,0
479888.228008,0,0,0,0,0,0,0,0,0,0,0,0,0
479888.232901,0,0,0,0,0,0,0,0,0,0,0,0,0
479888.237821,0,0,0,0,0,0,0,0,0,0,0,0,0
479888.242908,0,0,0,0,0,0,0,0,0,0,0,0,0
479888.247950,0,0,0,0,0,0,0,0,0,0,0,0,0
479888.252940,0,0,0,0,0,0,0,0,0,0,0,0,0
479888.257881,0,0,0,0,0,0,0,0,0,0,0,0,0
479888.262942,0,0,0,0,0,0,0,0,0,0,0,0,0
479888.267900,0,0,0,0,0,0,0,0,0,0,0,0,0
479888.273034,0,0,0,0,0,0,0,0,0,0,0,0,0
479888.278076,0,0,0,0,0,0,0,0,0,0,0,0,0
479888.283077,0,0,0,0,0,0,0,0,0,0,0,0,0
479888.287953,0,0,0,0,0,0,0,0,0,0,0,0,0
479888.292933,0,0,0,0,0,0,0,0,0,0,0,0,0
479888.298162,0,0,0,0,0,0,0,0,0,0,0,0,0
479888.303130,0,0,0,0,0,0,0,0,0,0,0,0,0
479888.308111,0,0,0,0,0,0,0,0,0,0,0,0,0
479888.313117,0,0,0,0,0,0,0,0,0,0,0,0,0
479888.318072,0,0,0,0,0,0,0,0,0,0,0,0,0
479888.322985,0,0,0,0,0,0,0,0,0,0,0,0,0
479888.328115,0,0,0,0,0,0,0,0,0,0,0,0,0
479888.332974,0,0,0,0,0,0,0,0,0,0,0,0,0
479888.338022,0,0,0,0,0,0,0,0,0,0,0,0,0
479888.343045,0,0,0,0,0,0,0,0,0,0,0,0,0
479888.348174,0,0,0,0,0,0,0,0,0,0,0,0,0
479888.353025,0,0,0,0,0,0,0,0,0,0,0,0,0
479888.357927,0,0,0,0,0,0,0,0,0,0,0,0,0
479888.363092,0,0,0,0,0,0,0,0,0,0,0,0,0
479888.367929,0,0,0,0,0,0,0,0,0,0,0,0,0
479888.372911,0,0,0,0,0,0,0,0,0,0,0,0,0
479888.377977,0,0,0,0,0,0,0,0,0,0,0,0,0
479888.383017,0,0,0,0,0,0,0,0,0,0,0,0,0
479888.387906,0,0,0,0,0,0,0,0,0,0,0,0,0
479888.392948,0,0,0,0,0,0,0,0,0,0,0,0,0
479888.398060,0,0,0,0,0,0,0,0,0,0,0,0,0
479888.402984,0,0,0,0,0,0,0,0,0,0,0,0,0
479888.407956,0,0,0,0,0,0,0,0,0,0,0,0,0
479888.412967,0,0,0,0,0,0,0,0,0,0,0,0,0
479888.417935,0,0,0,0,0,0,0,0,0,0,0,0,0
479888.422845,0,0,0,0,0,0,0,0,0,0,0,0,0
479888.427973,0,0,0,0,0,0,0,0,0,0,0,0,0
479888.432840,0,0,0,0,0,0,0,0,0,0,0,0,0
479888.437902,0,0,0,0,0,0,0,0,0,0,0,0,0
479888.442912,0,0,0,0,0,0,0,0,0,0,0,0,0
479888.447985,0,0,0,0,0,0,0,0,0,0,0,0,0
479888.452893,0,0,0,0,0,0,0,0,0,0,0,0,0
479888.458029,0,0,0,0,0,0,0,0,0,0,0,0,0
479888.463071,0,0,0,0,0,0,0,0,0,0,0,0,0
479888.468022,0,0,0,0,0,0,0,0,0,0,0,0,0
479888.472973,0,0,0,0,0,0,0,0,0,0,0,0,0
479888.478070,0,0,0,0,0,0,0,0,0,0,0,0,0
479888.483121,0,0,0,0,0,0,0,0,0,0,0,0,0
479888.487943,0,0,0,0,0,0,0,0,0,0,0,0,0
479888.492924,0,0,0,0,0,0,0,0,0,0,0,0,0
479888.498094,0,0,0,0,0,0,0,0,0,0,0,0,0
479888.502983,0,0,0,0,0,0,0,0,0,0,0,0,0
479888.507974,0,0,0,0,0,0,0,0,0,0,0,0,0
479888.513061,0,0,0,0,0,0,0,0,0,0,0,0,0
479888.518049,0,0,0,0,0,0,0,0,0,0,0,0,0
479888.523750,0,0,0,0,0,0,0,0,0,0,0,0,0
479888.528046,0,0,0,0,0,0,0,0,0,0,0,0,0
479888.532961,0,0,0,0,0,0,0,0,0,0,0,0,0
479888.538024,0,0,0,0,0,0,0,0,0,0,0,0,0
479888.542918,0,0,0,0,0,0,0,0,0,0,0,0,0
479888.547941,0,0,0,0,0,0,0,0,0,0,0,0,0
479888.552956,0,0,0,0,0,0,0,0,0,0,0,0,0
479888.557932,0,0,0,0,0,0,0,0,0,0,0,0,0
479888.563055,0,0,0,0,0,0,0,0,0,0,0,0,0
479888.567984,0,0,0,0,0,0,0,0,0,0,0,0,0
479888.573019,0,0,0,0,0,0,0,0,0,0,0,0,0
479888.578104,0,0,0,0,0,0,0,0,0,0,0,0,0
479888.583168,0,0,0,0,0,0,0,0,0,0,0,0,0
479888.587942,0,0,0,0,0,0,0,0,0,0,0,0,0
479888.593037,0,0,0,0,0,0,0,0,0,0,0,0,0
479888.598165,0,0,0,0,0,0,0,0,0,0,0,0,0
479888.603026,0,0,0,0,0,0,0,0,0,0,0,0,0
479888.608061,0,0,0,0,0,0,0,0,0,0,0,0,0
479888.613091,0,0,0,0,0,0,0,0,0,0,0,0,0
479888.618051,0,0,0,0,0,0,0,0,0,0,0,0,0
479888.623042,0,0,0,0,0,0,0,0,0,0,0,0,0
479888.627954,0,0,0,0,0,0,0,0,0,0,0,0,0
479888.632875,0,0,0,0,0,0,0,0,0,0,0,0,0
479888.637980,0,0,0,0,0,0,0,0,0,0,0,0,0
479888.643045,0,0,0,0,0,0,0,0,0,0,0,0,0
479888.648089,0,0,0,0,0,0,0,0,0,0,0,0,0
479888.653082,0,0,0,0,0,0,0,0,0,0,0,0,0
479888.657969,0,0,0,0,0,0,0,0,0,0,0,0,0
479888.663043,0,0,0,0,0,0,0,0,0,0,0,0,0
479888.667902,0,0,0,0,0,0,0,0,0,0,0,0,0
479888.672947,0,0,0,0,0,0,0,0,0,0,0,0,0
479888.678045,0,0,0,0,0,0,0,0,0,0,0,0,0
479888.682972,0,0,0,0,0,0,0,0,0,0,0,0,0
479888.687852,0,0,0,0,0,0,0,0,0,0,0,0,0
479888.693059,0,0,0,0,0,0,0,0,0,0,0,0,0
479888.698064,0,0,0,0,0,0,0,0,0,0,0,0,0
479888.702900,0,0,0,0,0,0,0,0,0,0,0,0,0
479888.707877,0,0,0,0,0,0,0,0,0,0,0,0,0
479888.712915,0,0,0,0,0,0,0,0,0,0,0,0,0
479888.718015,0,0,0,0,0,0,0,0,0,0,0,0,0
479888.722893,0,0,0,0,0,0,0,0,0,0,0,0,0
479888.727970,0,0,0,0,0,0,0,0,0,0,0,0,0
479888.732879,0,0,0,0,0,0,0,0,0,0,0,0,0
479888.737952,0,0,0,0,0,0,0,0,0,0,0,0,0
479888.743083,0,0,0,0,0,0,0,0,0,0,0,0,0
479888.748016,0,0,0,0,0,0,0,0,0,0,0,0,0
479888.753080,0,0,0,0,0,0,0,0,0,0,0,0,0
479888.757995,0,0,0,0,0,0,0,0,0,0,0,0,0
479888.762984,0,0,0,0,0,0,0,0,0,0,0,0,0
479888.768027,0,0,0,0,0,0,0,0,0,0,0,0,0
479888.772959,0,0,0,0,0,0,0,0,0,0,0,0,0
479888.778095,0,0,0,0,0,0,0,0,0,0,0,0,0
479888.783068,0,0,0,0,0,0,0,0,0,0,0,0,0
479888.787944,0,0,0,0,0,0,0,0,0,0,0,0,0
479888.792954,0,0,0,0,0,0,0,0,0,0,0,0,0
479888.798431,0,0,0,0,0,0,0,0,0,0,0,0,0
479888.802994,0,0,0,0,0,0,0,0,0,0,0,0,0
479888.807955,0,0,0,0,0,0,0,0,0,0,0,0,0
479888.812997,0,0,0,0,0,0,0,0,0,0,0,0,0
479888.817980,0,0,0,0,0,0,0,0,0,0,0,0,0
479888.822942,0,0,0,0,0,0,0,0,0,0,0,0,0
479888.827942,0,0,0,0,0,0,0,0,0,0,0,0,0
479888.832979,0,0,0,0,0,0,0,0,0,0,0,0,0
479888.837987,0,0,0,0,0,0,0,0,0,0,0,0,0
479888.842920,0,0,0,0,0,0,0,0,0,0,0,0,0
479888.848075,0,0,0,0,0,0,0,0,0,0,0,0,0
479888.852971,0,0,0,0,0,0,0,0,0,0,0,0,0
479888.857874,0,0,0,0,0,0,0,0,0,0,0,0,0
479888.862975,0,0,0,0,0,0,0,0,0,0,0,0,0
479888.867891,0,0,0,0,0,0,0,0,0,0,0,0,0
479888.872843,0,0,0,0,0,0,0,0,0,0,0,0,0
479888.877947,0,0,0,0,0,0,0,0,0,0,0,0,0
479888.882919,0,0,0,0,0,0,0,0,0,0,0,0,0
479888.887850,0,0,0,0,0,0,0,0,0,0,0,0,0
479888.892858,0,0,0,0,0,0,0,0,0,0,0,0,0
479888.897967,0,0,0,0,0,0,0,0,0,0,0,0,0
479888.902998,0,0,0,0,0,0,0,0,0,0,0,0,0
479888.908061,0,0,0,0,0,0,0,0,0,0,0,0,0
479888.913039,0,0,0,0,0,0,0,0,0,0,0,0,0
479888.918117,0,0,0,0,0,0,0,0,0,0,0,0,0
479888.922934,0,0,0,0,0,0,0,0,0,0,0,0,0
479888.928119,0,0,0,0,0,0,0,0,0,0,0,0,0
479888.932969,0,0,0,0,0,0,0,0,0,0,0,0,0
479888.938029,0,0,0,0,0,0,0,0,0,0,0,0,0
479888.943034,0,0,0,0,0,0,0,0,0,0,0,0,0
479888.948094,0,0,0,0,0,0,0,0,0,0,0,0,0
479888.952955,0,0,0,0,0,0,0,0,0,0,0,0,0
479888.957943,0,0,0,0,0,0,0,0,0,0,0,0,0
479888.963085,0,0,0,0,0,0,0,0,0,0,0,0,0
479888.968053,0,0,0,0,0,0,0,0,0,0,0,0,0
479888.973047,0,0,0,0,0,0,0,0,0,0,0,0,0
479888.978018,0,0,0,0,0,0,0,0,0,0,0,0,0
479888.983185,0,0,0,0,0,0,0,0,0,0,0,0,0
479888.987948,0,0,0,0,0,0,0,0,0,0,0,0,0
479888.993010,0,0,0,0,0,0,0,0,0,0,0,0,0
479888.998191,0,0,0,0,0,0,0,0,0,0,0,0,0
479889.003066,0,0,0,0,0,0,0,0,0,0,0,0,0
479889.008059,0,0,0,0,0,0,0,0,0,0,0,0,0
479889.013085,0,0,0,0,0,0,0,0,0,0,0,0,0
479889.018324,0,0,0,0,0,0,0,0,0,0,0,0,0
479889.023102,0,0,0,0,0,0,0,0,0,0,0,0,0
479889.028031,0,0,0,0,0,0,0,0,0,0,0,0,0
479889.032898,0,0,0,0,0,0,0,0,0,0,0,0,0
479889.037988,0,0,0,0,0,0,0,0,0,0,0,0,0
479889.042936,0,0,0,0,0,0,0,0,0,0,0,0,0
479889.048127,0,0,0,0,0,0,0,0,0,0,0,0,0
479889.052972,0,0,0,0,0,0,0,0,0,0,0,0,0
479889.058039,0,0,0,0,0,0,0,0,0,0,0,0,0
479889.063080,0,0,0,0,0,0,0,0,0,0,0,0,0
479889.068035,0,0,0,0,0,0,0,0,0,0,0,0,0
479889.073050,0,0,0,0,0,0,0,0,0,0,0,0,0
479889.078259,0,0,0,0,0,0,0,0,0,0,0,0,0
479889.083181,0,0,0,0,0,0,0,0,0,0,0,0,0
479889.087962,0,0,0,0,0,0,0,0,0,0,0,0,0
479889.093048,0,0,0,0,0,0,0,0,0,0,0,0,0
479889.098055,0,0,0,0,0,0,0,0,0,0,0,0,0
479889.103136,0,0,0,0,0,0,0,0,0,0,0,0,0
479889.108110,0,0,0,0,0,0,0,0,0,0,0,0,0
479889.113133,0,0,0,0,0,0,0,0,0,0,0,0,0
479889.118128,0,0,0,0,0,0,0,0,0,0,0,0,0
479889.122913,0,0,0,0,0,0,0,0,0,0,0,0,0
479889.128045,0,0,0,0,0,0,0,0,0,0,0,0,0
479889.133006,0,0,0,0,0,0,0,0,0,0,0,0,0
479889.138056,0,0,0,0,0,0,0,0,0,0,0,0,0
479889.143080,0,0,0,0,0,0,0,0,0,0,0,0,0
479889.148125,0,0,0,0,0,0,0,0,0,0,0,0,0
479889.153018,0,0,0,0,0,0,0,0,0,0,0,0,0
479889.158065,0,0,0,0,0,0,0,0,0,0,0,0,0
479889.163128,0,0,0,0,0,0,0,0,0,0,0,0,0
479889.168081,0,0,0,0,0,0,0,0,0,0,0,0,0
479889.172966,0,0,0,0,0,0,0,0,0,0,0,0,0
479889.178099,0,0,0,0,0,0,0,0,0,0,0,0,0
479889.183110,0,0,0,0,0,0,0,0,0,0,0,0,0
479889.187936,0,0,0,0,0,0,0,0,0,0,0,0,0
479889.193058,0,0,0,0,0,0,0,0,0,0,0,0,0
479889.198178,0,0,0,0,0,0,0,0,0,0,0,0,0
479889.203104,0,0,0,0,0,0,0,0,0,0,0,0,0
479889.207900,0,0,0,0,0,0,0,0,0,0,0,0,0
479889.213098,0,0,0,0,0,0,0,0,0,0,0,0,0
479889.218141,0,0,0,0,0,0,0,0,0,0,0,0,0
479889.222906,0,0,0,0,0,0,0,0,0,0,0,0,0
479889.228111,0,0,0,0,0,0,0,0,0,0,0,0,0
479889.232939,0,0,0,0,0,0,0,0,0,0,0,0,0
479889.238019,0,0,0,0,0,0,0,0,0,0,0,0,0
479889.243158,0,0,0,0,0,0,0,0,0,0,0,0,0
479889.248105,0,0,0,0,0,0,0,0,0,0,0,0,0
479889.253006,0,0,0,0,0,0,0,0,0,0,0,0,0
479889.257946,0,0,0,0,0,0,0,0,0,0,0,0,0
479889.263048,0,0,0,0,0,0,0,0,0,0,0,0,0
479889.268070,0,0,0,0,0,0,0,0,0,0,0,0,0
479889.272936,0,0,0,0,0,0,0,0,0,0,0,0,0
479889.278083,0,0,0,0,0,0,0,0,0,0,0,0,0
479889.283154,0,0,0,0,0,0,0,0,0,0,0,0,0
479889.287921,0,0,0,0,0,0,0,0,0,0,0,0,0
479889.292928,0,0,0,0,0,0,0,0,0,0,0,0,0
479889.298109,0,0,0,0,0,0,0,0,0,0,0,0,0
479889.302908,0,0,0,0,0,0,0,0,0,0,0,0,0
479889.308077,0,0,0,0,0,0,0,0,0,0,0,0,0
479889.313092,0,0,0,0,0,0,0,0,0,0,0,0,0
479889.318103,0,0,0,0,0,0,0,0,0,0,0,0,0
479889.322875,0,0,0,0,0,0,0,0,0,0,0,0,0
479889.328027,0,0,0,0,0,0,0,0,0,0,0,0,0
479889.332925,0,0,0,0,0,0,0,0,0,0,0,0,0
479889.338046,0,0,0,0,0,0,0,0,0,0,0,0,0
479889.343031,0,0,0,0,0,0,0,0,0,0,0,0,0
479889.348005,0,0,0,0,0,0,0,0,0,0,0,0,0
479889.352921,0,0,0,0,0,0,0,0,0,0,0,0,0
479889.357860,0,0,0,0,0,0,0,0,0,0,0,0,0
479889.362921,0,0,0,0,0,0,0,0,0,0,0,0,0
479889.367988,0,0,0,0,0,0,0,0,0,0,0,0,0
479889.372875,0,0,0,0,0,0,0,0,0,0,0,0,0
479889.377995,0,0,0,0,0,0,0,0,0,0,0,0,0
479889.382953,0,0,0,0,0,0,0,0,0,0,0,0,0
479889.387852,0,0,0,0,0,0,0,0,0,0,0,0,0
479889.392995,0,0,0,0,0,0,0,0,0,0,0,0,0
479889.398045,0,0,0,0,0,0,0,0,0,0,0,0,0
479889.403022,0,0,0,0,0,0,0,0,0,0,0,0,0
479889.408045,0,0,0,0,0,0,0,0,0,0,0,0,0
479889.413104,0,0,0,0,0,0,0,0,0,0,0,0,0
479889.417998,0,0,0,0,0,0,0,0,0,0,0,0,0
479889.422882,0,0,0,0,0,0,0,0,0,0,0,0,0
479889.428026,0,0,0,0,0,0,0,0,0,0,0,0,0
479889.432876,0,0,0,0,0,0,0,0,0,0,0,0,0
479889.437948,0,0,0,0,0,0,0,0,0,0,0,0,0
479889.442969,0,0,0,0,0,0,0,0,0,0,0,0,0
479889.448094,0,0,0,0,0,0,0,0,0,0,0,0,0
479889.452951,0,0,0,0,0,0,0,0,0,0,0,0,0
479889.457941,0,0,0,0,0,0,0,0,0,0,0,0,0
479889.462965,0,0,0,0,0,0,0,0,0,0,0,0,0
479889.467969,0,0,0,0,0,0,0,0,0,0,0,0,0
479889.472967,0,0,0,0,0,0,0,0,0,0,0,0,0
479889.478027,0,0,0,0,0,0,0,0,0,0,0,0,0
479889.482990,0,0,0,0,0,0,0,0,0,0,0,0,0
479889.487876,0,0,0,0,0,0,0,0,0,0,0,0,0
479889.492942,0,0,0,0,0,0,0,0,0,0,0,0,0
479889.498024,0,0,0,0,0,0,0,0,0,0,0,0,0
479889.503011,0,0,0,0,0,0,0,0,0,0,0,0,0
479889.507934,0,0,0,0,0,0,0,0,0,0,0,0,0
479889.513062,0,0,0,0,0,0,0,0,0,0,0,0,0
479889.518008,0,0,0,0,0,0,0,0,0,0,0,0,0
479889.522913,0,0,0,0,0,0,0,0,0,0,0,0,0
479889.527955,0,0,0,0,0,0,0,0,0,0,0,0,0
479889.532891,0,0,0,0,0,0,0,0,0,0,0,0,0
479889.538012,0,0,0,0,0,0,0,0,0,0,0,0,0
479889.542933,0,0,0,0,0,0,0,0,0,0,0,0,0
479889.547985,0,0,0,0,0,0,0,0,0,0,0,0,0
479889.552990,0,0,0,0,0,0,0,0,0,0,0,0,0
479889.557878,0,0,0,0,0,0,0,0,0,0,0,0,0
479889.562915,0,0,0,0,0,0,0,0,0,0,0,0,0
479889.567952,0,0,0,0,0,0,0,0,0,0,0,0,0
479889.572991,0,0,0,0,0,0,0,0,0,0,0,0,0
479889.578057,0,0,0,0,0,0,0,0,0,0,0,0,0
479889.583089,0,0,0,0,0,0,0,0,0,0,0,0,0
479889.587909,0,0,0,0,0,0,0,0,0,0,0,0,0
479889.592999,0,0,0,0,0,0,0,0,0,0,0,0,0
479889.598094,0,0,0,0,0,0,0,0,0,0,0,0,0
479889.603009,0,0,0,0,0,0,0,0,0,0,0,0,0
479889.608014,0,0,0,0,0,0,0,0,0,0,0,0,0
479889.613162,0,0,0,0,0,0,0,0,0,0,0,0,0
479889.618091,0,0,0,0,0,0,0,0,0,0,0,0,0
479889.623069,0,0,0,0,0,0,0,0,0,0,0,0,0
479889.628177,0,0,0,0,0,0,0,0,0,0,0,0,0
479889.632985,0,0,0,0,0,0,0,0,0,0,0,0,0
479889.638041,0,0,0,0,0,0,0,0,0,0,0,0,0
479889.643053,0,0,0,0,0,0,0,0,0,0,0,0,0
479889.648099,0,0,0,0,0,0,0,0,0,0,0,0,0
479889.652971,0,0,0,0,0,0,0,0,0,0,0,0,0
479889.657986,0,0,0,0,0,0,0,0,0,0,0,0,0
479889.663047,0,0,0,0,0,0,0,0,0,0,0,0,0
479889.667924,0,0,0,0,0,0,0,0,0,0,0,0,0
479889.672923,0,0,0,0,0,0,0,0,0,0,0,0,0
479889.678055,0,0,0,0,0,0,0,0,0,0,0,0,0
479889.683027,0,0,0,0,0,0,0,0,0,0,0,0,0
479889.687904,0,0,0,0,0,0,0,0,0,0,0,0,0
479889.692966,0,0,0,0,0,0,0,0,0,0,0,0,0
479889.698110,0,0,0,0,0,0,0,0,0,0,0,0,0
479889.703058,0,0,0,0,0,0,0,0,0,0,0,0,0
479889.707962,0,0,0,0,0,0,0,0,0,0,0,0,0
479889.713078,0,0,0,0,0,0,0,0,0,0,0,0,0
479889.718063,0,0,0,0,0,0,0,0,0,0,0,0,0
479889.722929,0,0,0,0,0,0,0,0,0,0,0,0,0
479889.728086,0,0,0,0,0,0,0,0,0,0,0,0,0
479889.732978,0,0,0,0,0,0,0,0,0,0,0,0,0
479889.738060,0,0,0,0,0,0,0,0,0,0,0,0,0
479889.743082,0,0,0,0,0,0,0,0,0,0,0,0,0
479889.748138,0,0,0,0,0,0,0,0,0,0,0,0,0
479889.753086,0,0,0,0,0,0,0,0,0,0,0,0,0
479889.757994,0,0,0,0,0,0,0,0,0,0,0,0,0
479889.763016,0,0,0,0,0,0,0,0,0,0,0,0,0
479889.768076,0,0,0,0,0,0,0,0,0,0,0,0,0
479889.772994,0,0,0,0,0,0,0,0,0,0,0,0,0
479889.777975,0,0,0,0,0,0,0,0,0,0,0,0,0
479889.783034,0,0,0,0,0,0,0,0,0,0,0,0,0
479889.787880,0,0,0,0,0,0,0,0,0,0,0,0,0
479889.792935,0,0,0,0,0,0,0,0,0,0,0,0,0
479889.797952,0,0,0,0,0,0,0,0,0,0,0,0,0
479889.802910,0,0,0,0,0,0,0,0,0,0,0,0,0
479889.807959,0,0,0,0,0,0,0,0,0,0,0,0,0
479889.812933,0,0,0,0,0,0,0,0,0,0,0,0,0
479889.818025,0,0,0,0,0,0,0,0,0,0,0,0,0
479889.822948,0,0,0,0,0,0,0,0,0,0,0,0,0
479889.827963,0,0,0,0,0,0,0,0,0,0,0,0,0
479889.832939,0,0,0,0,0,0,0,0,0,0,0,0,0
479889.837983,0,0,0,0,0,0,0,0,0,0,0,0,0
479889.842906,0,0,0,0,0,0,0,0,0,0,0,0,0
479889.847936,0,0,0,0,0,0,0,0,0,0,0,0,0
479889.852880,0,0,0,0,0,0,0,0,0,0,0,0,0
479889.857941,0,0,0,0,0,0,0,0,0,0,0,0,0
479889.862970,0,0,0,0,0,0,0,0,0,0,0,0,0
479889.867905,0,0,0,0,0,0,0,0,0,0,0,0,0
479889.872934,0,0,0,0,0,0,0,0,0,0,0,0,0
479889.877894,0,0,0,0,0,0,0,0,0,0,0,0,0
479889.882987,0,0,0,0,0,0,0,0,0,0,0,0,0
479889.887898,0,0,0,0,0,0,0,0,0,0,0,0,0
479889.893243,0,0,0,0,0,0,0,0,0,0,0,0,0
479889.898387,0,0,0,0,0,0,0,0,0,0,0,0,0
479889.903192,0,0,0,0,0,0,0,0,0,0,0,0,0
479889.908224,0,0,0,0,0,0,0,0,0,0,0,0,0
479889.913234,0,0,0,0,0,0,0,0,0,0,0,0,0
479889.918167,0,0,0,0,0,0,0,0,0,0,0,0,0
479889.922912,0,0,0,0,0,0,0,0,0,0,0,0,0
479889.927959,0,0,0,0,0,0,0,0,0,0,0,0,0
479889.932909,0,0,0,0,0,0,0,0,0,0,0,0,0
479889.937896,0,0,0,0,0,0,0,0,0,0,0,0,0
479889.942881,0,0,0,0,0,0,0,0,0,0,0,0,0
479889.947927,0,0,0,0,0,0,0,0,0,0,0,0,0
479889.952900,0,0,0,0,0,0,0,0,0,0,0,0,0
479889.957839,0,0,0,0,0,0,0,0,0,0,0,0,0
479889.963056,0,0,0,0,0,0,0,0,0,0,0,0,0
479889.967994,0,0,0,0,0,0,0,0,0,0,0,0,0
479889.972928,0,0,0,0,0,0,0,0,0,0,0,0,0
479889.977902,0,0,0,0,0,0,0,0,0,0,0,0,0
479889.982954,0,0,0,0,0,0,0,0,0,0,0,0,0
479889.987907,0,0,0,0,0,0,0,0,0,0,0,0,0
479889.992965,0,0,0,0,0,0,0,0,0,0,0,0,0
479889.998187,0,0,0,0,0,0,0,0,0,0,0,0,0
479890.003187,0,0,0,0,0,0,0,0,0,0,0,0,0
479890.007966,0,0,0,0,0,0,0,0,0,0,0,0,0
479890.012968,0,0,0,0,0,0,0,0,0,0,0,0,0
479890.018132,0,0,0,0,0,0,0,0,0,0,0,0,0
479890.022892,0,0,0,0,0,0,0,0,0,0,0,0,0
479890.027970,0,0,0,0,0,0,0,0,0,0,0,0,0
479890.032978,0,0,0,0,0,0,0,0,0,0,0,0,0
479890.038058,0,0,0,0,0,0,0,0,0,0,0,0,0
479890.043038,0,0,0,0,0,0,0,0,0,0,0,0,0
479890.048122,0,0,0,0,0,0,0,0,0,0,0,0,0
479890.053038,0,0,0,0,0,0,0,0,0,0,0,0,0
479890.058032,0,0,0,0,0,0,0,0,0,0,0,0,0
479890.063173,0,0,0,0,0,0,0,0,0,0,0,0,0
479890.068087,0,0,0,0,0,0,0,0,0,0,0,0,0
479890.073095,0,0,0,0,0,0,0,0,0,0,0,0,0
479890.078112,0,0,0,0,0,0,0,0,0,0,0,0,0
479890.083206,0,0,0,0,0,0,0,0,0,0,0,0,0
479890.087985,0,0,0,0,0,0,0,0,0,0,0,0,0
479890.093007,0,0,0,0,0,0,0,0,0,0,0,0,0
479890.098208,0,0,0,0,0,0,0,0,0,0,0,0,0
479890.103228,0,0,0,0,0,0,0,0,0,0,0,0,0
479890.108157,0,0,0,0,0,0,0,0,0,0,0,0,0
479890.112971,0,0,0,0,0,0,0,0,0,0,0,0,0
479890.117964,0,0,0,0,0,0,0,0,0,0,0,0,0
479890.122853,0,0,0,0,0,0,0,0,0,0,0,0,0
479890.127958,0,0,0,0,0,0,0,0,0,0,0,0,0
479890.132897,0,0,0,0,0,0,0,0,0,0,0,0,0
479890.137885,0,0,0,0,0,0,0,0,0,0,0,0,0
479890.142904,0,0,0,0,0,0,0,0,0,0,0,0,0
479890.147945,0,0,0,0,0,0,0,0,0,0,0,0,0
479890.152888,0,0,0,0,0,0,0,0,0,0,0,0,0
479890.157886,0,0,0,0,0,0,0,0,0,0,0,0,0
479890.163130,0,0,0,0,0,0,0,0,0,0,0,0,0
479890.168043,0,0,0,0,0,0,0,0,0,0,0,0,0
479890.173115,0,0,0,0,0,0,0,0,0,0,0,0,0
479890.178086,0,0,0,0,0,0,0,0,0,0,0,0,0
479890.183028,0,0,0,0,0,0,0,0,0,0,0,0,0
479890.187980,0,0,0,0,0,0,0,0,0,0,0,0,0
479890.192960,0,0,0,0,0,0,0,0,0,0,0,0,0
479890.198197,0,0,0,0,0,0,0,0,0,0,0,0,0
479890.203104,0,0,0,0,0,0,0,0,0,0,0,0,0
479890.208028,0,0,0,0,0,0,0,0,0,0,0,0,0
479890.212959,0,0,0,0,0,0,0,0,0,0,0,0,0
479890.218087,0,0,0,0,0,0,0,0,0,0,0,0,0
479890.222983,0,0,0,0,0,0,0,0,0,0,0,0,0
479890.228029,0,0,0,0,0,0,0,0,0,0,0,0,0
479890.232971,0,0,0,0,0,0,0,0,0,0,0,0,0
479890.238074,0,0,0,0,0,0,0,0,0,0,0,0,0
479890.242905,0,0,0,0,0,0,0,0,0,0,0,0,0
479890.247962,0,0,0,0,0,0,0,0,0,0,0,0,0
479890.252919,0,0,0,0,0,0,0,0,0,0,0,0,0
479890.258048,0,0,0,0,0,0,0,0,0,0,0,0,0
479890.262930,0,0,0,0,0,0,0,0,0,0,0,0,0
479890.267944,0,0,0,0,0,0,0,0,0,0,0,0,0
479890.272974,0,0,0,0,0,0,0,0,0,0,0,0,0
479890.277940,0,0,0,0,0,0,0,0,0,0,0,0,0
479890.283160,0,0,0,0,0,0,0,0,0,0,0,0,0
479890.287975,0,0,0,0,0,0,0,0,0,0,0,0,0
479890.293029,0,0,0,0,0,0,0,0,0,0,0,0,0
479890.298206,0,0,0,0,0,0,0,0,0,0,0,0,0
479890.303211,0,0,0,0,0,0,0,0,0,0,0,0,0
479890.308221,0,0,0,0,0,0,0,0,0,0,0,0,0
479890.313131,0,0,0,0,0,0,0,0,0,0,0,0,0
479890.318142,0,0,0,0,0,0,0,0,0,0,0,0,0
479890.322981,0,0,0,0,0,0,0,0,0,0,0,0,0
479890.328088,0,0,0,0,0,0,0,0,0,0,0,0,0
479890.332972,0,0,0,0,0,0,0,0,0,0,0,0,0
479890.338096,0,0,0,0,0,0,0,0,0,0,0,0,0
479890.343043,0,0,0,0,0,0,0,0,0,0,0,0,0
479890.348499,0,0,0,0,0,0,0,0,0,0,0,0,0
479890.353072,0,0,0,0,0,0,0,0,0,0,0,0,0
479890.358121,0,0,0,0,0,0,0,0,0,0,0,0,0
479890.363125,0,0,0,0,0,0,0,0,0,0,0,0,0
479890.368107,0,0,0,0,0,0,0,0,0,0,0,0,0
479890.373055,0,0,0,0,0,0,0,0,0,0,0,0,0
479890.378097,0,0,0,0,0,0,0,0,0,0,0,0,0
479890.383139,0,0,0,0,0,0,0,0,0,0,0,0,0
479890.387974,0,0,0,0,0,0,0,0,0,0,0,0,0
479890.393051,0,0,0,0,0,0,0,0,0,0,0,0,0
479890.398226,0,0,0,0,0,0,0,0,0,0,0,0,0
479890.403041,0,0,0,0,0,0,0,0,0,0,0,0,0
479890.407968,0,0,0,0,0,0,0,0,0,0,0,0,0
479890.413125,0,0,0,0,0,0,0,0,0,0,0,0,0
479890.418106,0,0,0,0,0,0,0,0,0,0,0,0,0
479890.422960,0,0,0,0,0,0,0,0,0,0,0,0,0
479890.427921,0,0,0,0,0,0,0,0,0,0,0,0,0
479890.432895,0,0,0,0,0,0,0,0,0,0,0,0,0
479890.437900,0,0,0,0,0,0,0,0,0,0,0,0,0
479890.442843,0,0,0,0,0,0,0,0,0,0,0,0,0
479890.447947,0,0,0,0,0,0,0,0,0,0,0,0,0
479890.452979,0,0,0,0,0,0,0,0,0,0,0,0,0
479890.457928,0,0,0,0,0,0,0,0,0,0,0,0,0
479890.463024,0,0,0,0,0,0,0,0,0,0,0,0,0
479890.468087,0,0,0,0,0,0,0,0,0,0,0,0,0
479890.473049,0,0,0,0,0,0,0,0,0,0,0,0,0
479890.478094,0,0,0,0,0,0,0,0,0,0,0,0,0
479890.483139,0,0,0,0,0,0,0,0,0,0,0,0,0
479890.487937,0,0,0,0,0,0,0,0,0,0,0,0,0
479890.492875,0,0,0,0,0,0,0,0,0,0,0,0,0
479890.498064,0,0,0,0,0,0,0,0,0,0,0,0,0
479890.502933,0,0,0,0,0,0,0,0,0,0,0,0,0
479890.508115,0,0,0,0,0,0,0,0,0,0,0,0,0
479890.513058,0,0,0,0,0,0,0,0,0,0,0,0,0
479890.518158,0,0,0,0,0,0,0,0,0,0,0,0,0
479890.522937,0,0,0,0,0,0,0,0,0,0,0,0,0
479890.528016,0,0,0,0,0,0,0,0,0,0,0,0,0
479890.532974,0,0,0,0,0,0,0,0,0,0,0,0,0
479890.537903,0,0,0,0,0,0,0,0,0,0,0,0,0
479890.542890,0,0,0,0,0,0,0,0,0,0,0,0,0
479890.547998,0,0,0,0,0,0,0,0,0,0,0,0,0
479890.552973,0,0,0,0,0,0,0,0,0,0,0,0,0
479890.558102,0,0,0,0,0,0,0,0,0,0,0,0,0
479890.562985,0,0,0,0,0,0,0,0,0,0,0,0,0
479890.567905,0,0,0,0,0,0,0,0,0,0,0,0,0
479890.572916,0,0,0,0,0,0,0,0,0,0,0,0,0
479890.577915,0,0,0,0,0,0,0,0,0,0,0,0,0
479890.582962,0,0,0,0,0,0,0,0,0,0,0,0,0
479890.587991,0,0,0,0,0,0,0,0,0,0,0,0,0
479890.593102,0,0,0,0,0,0,0,0,0,0,0,0,0
479890.598241,0,0,0,0,0,0,0,0,0,0,0,0,0
479890.603114,0,0,0,0,0,0,0,0,0,0,0,0,0
479890.608022,0,0,0,0,0,0,0,0,0,0,0,0,0
479890.613151,0,0,0,0,0,0,0,0,0,0,0,0,0
479890.618116,0,0,0,0,0,0,0,0,0,0,0,0,0
479890.622954,0,0,0,0,0,0,0,0,0,0,0,0,0
479890.628127,0,0,0,0,0,0,0,0,0,0,0,0,0
479890.633008,0,0,0,0,0,0,0,0,0,0,0,0,0
479890.638082,0,0,0,0,0,0,0,0,0,0,0,0,0
479890.643017,0,0,0,0,0,0,0,0,0,0,0,0,0
479890.648130,0,0,0,0,0,0,0,0,0,0,0,0,0
479890.653159,0,0,0,0,0,0,0,0,0,0,0,0,0
479890.657949,0,0,0,0,0,0,0,0,0,0,0,0,0
479890.663025,0,0,0,0,0,0,0,0,0,0,0,0,0
479890.667947,0,0,0,0,0,0,0,0,0,0,0,0,0
479890.672963,0,0,0,0,0,0,0,0,0,0,0,0,0
479890.678094,0,0,0,0,0,0,0,0,0,0,0,0,0
479890.683136,0,0,0,0,0,0,0,0,0,0,0,0,0
479890.687923,0,0,0,0,0,0,0,0,0,0,0,0,0
479890.692974,0,0,0,0,0,0,0,0,0,0,0,0,0
479890.698168,0,0,0,0,0,0,0,0,0,0,0,0,0
479890.702981,0,0,0,0,0,0,0,0,0,0,0,0,0
479890.707965,0,0,0,0,0,0,0,0,0,0,0,0,0
479890.713141,0,0,0,0,0,0,0,0,0,0,0,0,0
479890.718027,0,0,0,0,0,0,0,0,0,0,0,0,0
479890.722947,0,0,0,0,0,0,0,0,0,0,0,0,0
479890.728078,0,0,0,0,0,0,0,0,0,0,0,0,0
479890.733025,0,0,0,0,0,0,0,0,0,0,0,0,0
479890.738090,0,0,0,0,0,0,0,0,0,0,0,0,0
479890.743030,0,0,0,0,0,0,0,0,0,0,0,0,0
479890.748134,0,0,0,0,0,0,0,0,0,0,0,0,0
479890.753038,0,0,0,0,0,0,0,0,0,0,0,0,0
479890.757979,0,0,0,0,0,0,0,0,0,0,0,0,0
479890.763126,0,0,0,0,0,0,0,0,0,0,0,0,0
479890.768083,0,0,0,0,0,0,0,0,0,0,0,0,0
479890.773078,0,0,0,0,0,0,0,0,0,0,0,0,0
479890.778100,0,0,0,0,0,0,0,0,0,0,0,0,0
479890.783126,0,0,0,0,0,0,0,0,0,0,0,0,0
479890.787953,0,0,0,0,0,0,0,0,0,0,0,0,0
479890.792939,0,0,0,0,0,0,0,0,0,0,0,0,0
479890.798189,0,0,0,0,0,0,0,0,0,0,0,0,0
479890.803088,0,0,0,0,0,0,0,0,0,0,0,0,0
479890.808021,0,0,0,0,0,0,0,0,0,0,0,0,0
479890.813187,0,0,0,0,0,0,0,0,0,0,0,0,0
479890.817978,0,0,0,0,0,0,0,0,0,0,0,0,0
479890.822966,0,0,0,0,0,0,0,0,0,0,0,0,0
479890.827967,0,0,0,0,0,0,0,0,0,0,0,0,0
479890.832966,0,0,0,0,0,0,0,0,0,0,0,0,0
479890.837956,0,0,0,0,0,0,0,0,0,0,0,0,0
479890.842905,0,0,0,0,0,0,0,0,0,0,0,0,0
479890.848110,0,0,0,0,0,0,0,0,0,0,0,0,0
479890.853089,0,0,0,0,0,0,0,0,0,0,0,0,0
479890.857973,0,0,0,0,0,0,0,0,0,0,0,0,0
479890.863049,0,0,0,0,0,0,0,0,0,0,0,0,0
479890.867970,0,0,0,0,0,0,0,0,0,0,0,0,0
479890.873125,0,0,0,0,0,0,0,0,0,0,0,0,0
479890.877912,0,0,0,0,0,0,0,0,0,0,0,0,0
479890.883029,0,0,0,0,0,0,0,0,0,0,0,0,0
479890.887965,0,0,0,0,0,0,0,0,0,0,0,0,0
479890.893030,0,0,0,0,0,0,0,0,0,0,0,0,0
479890.898176,0,0,0,0,0,0,0,0,0,0,0,0,0
479890.903068,0,0,0,0,0,0,0,0,0,0,0,0,0
479890.908075,0,0,0,0,0,0,0,0,0,0,0,0,0
479890.913087,0,0,0,0,0,0,0,0,0,0,0,0,0
479890.918050,0,0,0,0,0,0,0,0,0,0,0,0,0
479890.923144,0,0,0,0,0,0,0,0,0,0,0,0,0
479890.928038,0,0,0,0,0,0,0,0,0,0,0,0,0
479890.932951,0,0,0,0,0,0,0,0,0,0,0,0,0
479890.937990,0,0,0,0,0,0,0,0,0,0,0,0,0
479890.943014,0,0,0,0,0,0,0,0,0,0,0,0,0
479890.948055,0,0,0,0,0,0,0,0,0,0,0,0,0
479890.953022,0,0,0,0,0,0,0,0,0,0,0,0,0
479890.957948,0,0,0,0,0,0,0,0,0,0,0,0,0
479890.963095,0,0,0,0,0,0,0,0,0,0,0,0,0
479890.967994,0,0,0,0,0,0,0,0,0,0,0,0,0
479890.973183,0,0,0,0,0,0,0,0,0,0,0,0,0
479890.977911,0,0,0,0,0,0,0,0,0,0,0,0,0
479890.983099,0,0,0,0,0,0,0,0,0,0,0,0,0
479890.987931,0,0,0,0,0,0,0,0,0,0,0,0,0
479890.992997,0,0,0,0,0,0,0,0,0,0,0,0,0
479890.998121,0,0,0,0,0,0,0,0,0,0,0,0,0
479891.003097,0,0,0,0,0,0,0,0,0,0,0,0,0
479891.007948,0,0,0,0,0,0,0,0,0,0,0,0,0
479891.013103,0,0,0,0,0,0,0,0,0,0,0,0,0
479891.018030,0,0,0,0,0,0,0,0,0,0,0,0,0
479891.022985,0,0,0,0,0,0,0,0,0,0,0,0,0
479891.027991,0,0,0,0,0,0,0,0,0,0,0,0,0
479891.032961,0,0,0,0,0,0,0,0,0,0,0,0,0
479891.037979,0,0,0,0,0,0,0,0,0,0,0,0,0
479891.043009,0,0,0,0,0,0,0,0,0,0,0,0,0
479891.048038,0,0,0,0,0,0,0,0,0,0,0,0,0
479891.053079,0,0,0,0,0,0,0,0,0,0,0,0,0
479891.057963,0,0,0,0,0,0,0,0,0,0,0,0,0
479891.063030,0,0,0,0,0,0,0,0,0,0,0,0,0
479891.068023,0,0,0,0,0,0,0,0,0,0,0,0,0
479891.072990,0,0,0,0,0,0,0,0,0,0,0,0,0
479891.077967,0,0,0,0,0,0,0,0,0,0,0,0,0
479891.083096,0,0,0,0,0,0,0,0,0,0,0,0,0
479891.087938,0,0,0,0,0,0,0,0,0,0,0,0,0
479891.093075,0,0,0,0,0,0,0,0,0,0,0,0,0
479891.098144,0,0,0,0,0,0,0,0,0,0,0,0,0
479891.103075,0,0,0,0,0,0,0,0,0,0,0,0,0
479891.107955,0,0,0,0,0,0,0,0,0,0,0,0,0
479891.113084,0,0,0,0,0,0,0,0,0,0,0,0,0
479891.118061,0,0,0,0,0,0,0,0,0,0,0,0,0
479891.122934,0,0,0,0,0,0,0,0,0,0,0,0,0
479891.128017,0,0,0,0,0,0,0,0,0,0,0,0,0
479891.132959,0,0,0,0,0,0,0,0,0,0,0,0,0
479891.138029,0,0,0,0,0,0,0,0,0,0,0,0,0
479891.142957,0,0,0,0,0,0,0,0,0,0,0,0,0
479891.148068,0,0,0,0,0,0,0,0,0,0,0,0,0
479891.153021,0,0,0,0,0,0,0,0,0,0,0,0,0
479891.157952,0,0,0,0,0,0,0,0,0,0,0,0,0
479891.163073,0,0,0,0,0,0,0,0,0,0,0,0,0
479891.168043,0,0,0,0,0,0,0,0,0,0,0,0,0
479891.173093,0,0,0,0,0,0,0,0,0,0,0,0,0
479891.177995,0,0,0,0,0,0,0,0,0,0,0,0,0
479891.183091,0,0,0,0,0,0,0,0,0,0,0,0,0
479891.187936,0,0,0,0,0,0,0,0,0,0,0,0,0
479891.192936,0,0,0,0,0,0,0,0,0,0,0,0,0
479891.198179,0,0,0,0,0,0,0,0,0,0,0,0,0
479891.203078,0,0,0,0,0,0,0,0,0,0,0,0,0
479891.207950,0,0,0,0,0,0,0,0,0,0,0,0,0
479891.213090,0,0,0,0,0,0,0,0,0,0,0,0,0
479891.218046,0,0,0,0,0,0,0,0,0,0,0,0,0
479891.223010,0,0,0,0,0,0,0,0,0,0,0,0,0
479891.228013,0,0,0,0,0,0,0,0,0,0,0,0,0
479891.232954,0,0,0,0,0,0,0,0,0,0,0,0,0
479891.238011,0,0,0,0,0,0,0,0,0,0,0,0,0
479891.243038,0,0,0,0,0,0,0,0,0,0,0,0,0
479891.248109,0,0,0,0,0,0,0,0,0,0,0,0,0
479891.253158,0,0,0,0,0,0,0,0,0,0,0,0,0
479891.258028,0,0,0,0,0,0,0,0,0,0,0,0,0
479891.263088,0,0,0,0,0,0,0,0,0,0,0,0,0
479891.268096,0,0,0,0,0,0,0,0,0,0,0,0,0
479891.273027,0,0,0,0,0,0,0,0,0,0,0,0,0
479891.278009,0,0,0,0,0,0,0,0,0,0,0,0,0
479891.283149,0,0,0,0,0,0,0,0,0,0,0,0,0
479891.287998,0,0,0,0,0,0,0,0,0,0,0,0,0
479891.293116,0,0,0,0,0,0,0,0,0,0,0,0,0
479891.298253,0,0,0,0,0,0,0,0,0,0,0,0,0
479891.303136,0,0,0,0,0,0,0,0,0,0,0,0,0
479891.308090,0,0,0,0,0,0,0,0,0,0,0,0,0
479891.313357,0,0,0,0,0,0,0,0,0,0,0,0,0
479891.318181,0,0,0,0,0,0,0,0,0,0,0,0,0
479891.322988,0,0,0,0,0,0,0,0,0,0,0,0,0
479891.328106,0,0,0,0,0,0,0,0,0,0,0,0,0
479891.333043,0,0,0,0,0,0,0,0,0,0,0,0,0
479891.338343,0,0,0,0,0,0,0,0,0,0,0,0,0
479891.343116,0,0,0,0,0,0,0,0,0,0,0,0,0
479891.348183,0,0,0,0,0,0,0,0,0,0,0,0,0
479891.353075,0,0,0,0,0,0,0,0,0,0,0,0,0
479891.358028,0,0,0,0,0,0,0,0,0,0,0,0,0
479891.363065,0,0,0,0,0,0,0,0,0,0,0,0,0
479891.367892,0,0,0,0,0,0,0,0,0,0,0,0,0
479891.372964,0,0,0,0,0,0,0,0,0,0,0,0,0
479891.377961,0,0,0,0,0,0,0,0,0,0,0,0,0
479891.383078,0,0,0,0,0,0,0,0,0,0,0,0,0
479891.387961,0,0,0,0,0,0,0,0,0,0,0,0,0
479891.393034,0,0,0,0,0,0,0,0,0,0,0,0,0
479891.398137,0,0,0,0,0,0,0,0,0,0,0,0,0
479891.402997,0,0,0,0,0,0,0,0,0,0,0,0,0
479891.407991,0,0,0,0,0,0,0,0,0,0,0,0,0
479891.412983,0,0,0,0,0,0,0,0,0,0,0,0,0
479891.418037,0,0,0,0,0,0,0,0,0,0,0,0,0
479891.423027,0,0,0,0,0,0,0,0,0,0,0,0,0
479891.428082,0,0,0,0,0,0,0,0,0,0,0,0,0
479891.433030,0,0,0,0,0,0,0,0,0,0,0,0,0
479891.438059,0,0,0,0,0,0,0,0,0,0,0,0,0
479891.443105,0,0,0,0,0,0,0,0,0,0,0,0,0
479891.448182,0,0,0,0,0,0,0,0,0,0,0,0,0
479891.453188,0,0,0,0,0,0,0,0,0,0,0,0,0
479891.458008,0,0,0,0,0,0,0,0,0,0,0,0,0
479891.463121,0,0,0,0,0,0,0,0,0,0,0,0,0
479891.468149,0,0,0,0,0,0,0,0,0,0,0,0,0
479891.473125,0,0,0,0,0,0,0,0,0,0,0,0,0
479891.478102,0,0,0,0,0,0,0,0,0,0,0,0,0
479891.483120,0,0,0,0,0,0,0,0,0,0,0,0,0
479891.488017,0,0,0,0,0,0,0,0,0,0,0,0,0
479891.493127,0,0,0,0,0,0,0,0,0,0,0,0,0
479891.498230,0,0,0,0,0,0,0,0,0,0,0,0,0
479891.503154,0,0,0,0,0,0,0,0,0,0,0,0,0
479891.507979,0,0,0,0,0,0,0,0,0,0,0,0,0
479891.513191,0,0,0,0,0,0,0,0,0,0,0,0,0
479891.518156,0,0,0,0,0,0,0,0,0,0,0,0,0
479891.522996,0,0,0,0,0,0,0,0,0,0,0,0,0
479891.528102,0,0,0,0,0,0,0,0,0,0,0,0,0
479891.533057,0,0,0,0,0,0,0,0,0,0,0,0,0
479891.538124,0,0,0,0,0,0,0,0,0,0,0,0,0
479891.543114,0,0,0,0,0,0,0,0,0,0,0,0,0
479891.548154,0,0,0,0,0,0,0,0,0,0,0,0,0
479891.553121,0,0,0,0,0,0,0,0,0,0,0,0,0
479891.558010,0,0,0,0,0,0,0,0,0,0,0,0,0
479891.562997,0,0,0,0,0,0,0,0,0,0,0,0,0
479891.568150,0,0,0,0,0,0,0,0,0,0,0,0,0
479891.573148,0,0,0,0,0,0,0,0,0,0,0,0,0
479891.578116,0,0,0,0,0,0,0,0,0,0,0,0,0
479891.583120,0,0,0,0,0,0,0,0,0,0,0,0,0
479891.588024,0,0,0,0,0,0,0,0,0,0,0,0,0
479891.593032,0,0,0,0,0,0,0,0,0,0,0,0,0
479891.598267,0,0,0,0,0,0,0,0,0,0,0,0,0
479891.603156,0,0,0,0,0,0,0,0,0,0,0,0,0
479891.608025,0,0,0,0,0,0,0,0,0,0,0,0,0
479891.613098,0,0,0,0,0,0,0,0,0,0,0,0,0
479891.618167,0,0,0,0,0,0,0,0,0,0,0,0,0
479891.622993,0,0,0,0,0,0,0,0,0,0,0,0,0
479891.628010,0,0,0,0,0,0,0,0,0,0,0,0,0
479891.632984,0,0,0,0,0,0,0,0,0,0,0,0,0
479891.638030,0,0,0,0,0,0,0,0,0,0,0,0,0
479891.642944,0,0,0,0,0,0,0,0,0,0,0,0,0
479891.648098,0,0,0,0,0,0,0,0,0,0,0,0,0
479891.653067,0,0,0,0,0,0,0,0,0,0,0,0,0
479891.657977,0,0,0,0,0,0,0,0,0,0,0,0,0
479891.663075,0,0,0,0,0,0,0,0,0,0,0,0,0
479891.668061,0,0,0,0,0,0,0,0,0,0,0,0,0
479891.673110,0,0,0,0,0,0,0,0,0,0,0,0,0
479891.678012,0,0,0,0,0,0,0,0,0,0,0,0,0
479891.683038,0,0,0,0,0,0,0,0,0,0,0,0,0
479891.688007,0,0,0,0,0,0,0,0,0,0,0,0,0
479891.693034,0,0,0,0,0,0,0,0,0,0,0,0,0
479891.698105,0,0,0,0,0,0,0,0,0,0,0,0,0
479891.703076,0,0,0,0,0,0,0,0,0,0,0,0,0
479891.707969,0,0,0,0,0,0,0,0,0,0,0,0,0
479891.713062,0,0,0,0,0,0,0,0,0,0,0,0,0
479891.718021,0,0,0,0,0,0,0,0,0,0,0,0,0
479891.723056,0,0,0,0,0,0,0,0,0,0,0,0,0
479891.728047,0,0,0,0,0,0,0,0,0,0,0,0,0
479891.733021,0,0,0,0,0,0,0,0,0,0,0,0,0
479891.738085,0,0,0,0,0,0,0,0,0,0,0,0,0
479891.743104,0,0,0,0,0,0,0,0,0,0,0,0,0
479891.748096,0,0,0,0,0,0,0,0,0,0,0,0,0
479891.753149,0,0,0,0,0,0,0,0,0,0,0,0,0
479891.758142,0,0,0,0,0,0,0,0,0,0,0,0,0
479891.763071,0,0,0,0,0,0,0,0,0,0,0,0,0
479891.768016,0,0,0,0,0,0,0,0,0,0,0,0,0
479891.773151,0,0,0,0,0,0,0,0,0,0,0,0,0
479891.778113,0,0,0,0,0,0,0,0,0,0,0,0,0
479891.783145,0,0,0,0,0,0,0,0,0,0,0,0,0
479891.788018,0,0,0,0,0,0,0,0,0,0,0,0,0
479891.792967,0,0,0,0,0,0,0,0,0,0,0,0,0
479891.798167,0,0,0,0,0,0,0,0,0,0,0,0,0
479891.802971,0,0,0,0,0,0,0,0,0,0,0,0,0
479891.807989,0,0,0,0,0,0,0,0,0,0,0,0,0
479891.812985,0,0,0,0,0,0,0,0,0,0,0,0,0
479891.818145,0,0,0,0,0,0,0,0,0,0,0,0,0
479891.823027,0,0,0,0,0,0,0,0,0,0,0,0,0
479891.827977,0,0,0,0,0,0,0,0,0,0,0,0,0
479891.832889,0,0,0,0,0,0,0,0,0,0,0,0,0
479891.838103,0,0,0,0,0,0,0,0,0,0,0,0,0
479891.843102,0,0,0,0,0,0,0,0,0,0,0,0,0
479891.848114,0,0,0,0,0,0,0,0,0,0,0,0,0
479891.853130,0,0,0,0,0,0,0,0,0,0,0,0,0
479891.858067,0,0,0,0,0,0,0,0,0,0,0,0,0
479891.863110,0,0,0,0,0,0,0,0,0,0,0,0,0
479891.868128,0,0,0,0,0,0,0,0,0,0,0,0,0
479891.873069,0,0,0,0,0,0,0,0,0,0,0,0,0
479891.878085,0,0,0,0,0,0,0,0,0,0,0,0,0
479891.883118,0,0,0,0,0,0,0,0,0,0,0,0,0
479891.887997,0,0,0,0,0,0,0,0,0,0,0,0,0
479891.892991,0,0,0,0,0,0,0,0,0,0,0,0,0
479891.898325,0,0,0,0,0,0,0,0,0,0,0,0,0
479891.903156,0,0,0,0,0,0,0,0,0,0,0,0,0
479891.908098,0,0,0,0,0,0,0,0,0,0,0,0,0
479891.913142,0,0,0,0,0,0,0,0,0,0,0,0,0
479891.918097,0,0,0,0,0,0,0,0,0,0,0,0,0
479891.922992,0,0,0,0,0,0,0,0,0,0,0,0,0
479891.928100,0,0,0,0,0,0,0,0,0,0,0,0,0
479891.933048,0,0,0,0,0,0,0,0,0,0,0,0,0
479891.938048,0,0,0,0,0,0,0,0,0,0,0,0,0
479891.943093,0,0,0,0,0,0,0,0,0,0,0,0,0
479891.948055,0,0,0,0,0,0,0,0,0,0,0,0,0
479891.952968,0,0,0,0,0,0,0,0,0,0,0,0,0
479891.957959,0,0,0,0,0,0,0,0,0,0,0,0,0
479891.962981,0,0,0,0,0,0,0,0,0,0,0,0,0
479891.967964,0,0,0,0,0,0,0,0,0,0,0,0,0
479891.972979,0,0,0,0,0,0,0,0,0,0,0,0,0
479891.978013,0,0,0,0,0,0,0,0,0,0,0,0,0
479891.983091,0,0,0,0,0,0,0,0,0,0,0,0,0
479891.988160,0,0,0,0,0,0,0,0,0,0,0,0,0
479891.993145,0,0,0,0,0,0,0,0,0,0,0,0,0
479891.998340,0,0,0,0,0,0,0,0,0,0,0,0,0
479892.003115,0,0,0,0,0,0,0,0,0,0,0,0,0
479892.008161,0,0,0,0,0,0,0,0,0,0,0,0,0
479892.013156,0,0,0,0,0,0,0,0,0,0,0,0,0
479892.018089,0,0,0,0,0,0,0,0,0,0,0,0,0
479892.023039,0,0,0,0,0,0,0,0,0,0,0,0,0
479892.028017,0,0,0,0,0,0,0,0,0,0,0,0,0
479892.032985,0,0,0,0,0,0,0,0,0,0,0,0,0
479892.037997,0,0,0,0,0,0,0,0,0,0,0,0,0
479892.042977,0,0,0,0,0,0,0,0,0,0,0,0,0
479892.048171,0,0,0,0,0,0,0,0,0,0,0,0,0
479892.053159,0,0,0,0,0,0,0,0,0,0,0,0,0
479892.058109,0,0,0,0,0,0,0,0,0,0,0,0,0
479892.063122,0,0,0,0,0,0,0,0,0,0,0,0,0
479892.068138,0,0,0,0,0,0,0,0,0,0,0,0,0
479892.073121,0,0,0,0,0,0,0,0,0,0,0,0,0
479892.078138,0,0,0,0,0,0,0,0,0,0,0,0,0
479892.083167,0,0,0,0,0,0,0,0,0,0,0,0,0
479892.087999,0,0,0,0,0,0,0,0,0,0,0,0,0
479892.093109,0,0,0,0,0,0,0,0,0,0,0,0,0
479892.098341,0,0,0,0,0,0,0,0,0,0,0,0,0
479892.103135,0,0,0,0,0,0,0,0,0,0,0,0,0
479892.108053,0,0,0,0,0,0,0,0,0,0,0,0,0
479892.113185,0,0,0,0,0,0,0,0,0,0,0,0,0
479892.118094,0,0,0,0,0,0,0,0,0,0,0,0,0
479892.123029,0,0,0,0,0,0,0,0,0,0,0,0,0
479892.128182,0,0,0,0,0,0,0,0,0,0,0,0,0
479892.133161,0,0,0,0,0,0,0,0,0,0,0,0,0
479892.138129,0,0,0,0,0,0,0,0,0,0,0,0,0
479892.143153,0,0,0,0,0,0,0,0,0,0,0,0,0
479892.148134,0,0,0,0,0,0,0,0,0,0,0,0,0
479892.153167,0,0,0,0,0,0,0,0,0,0,0,0,0
479892.158085,0,0,0,0,0,0,0,0,0,0,0,0,0
479892.163295,0,0,0,0,0,0,0,0,0,0,0,0,0
479892.168160,0,0,0,0,0,0,0,0,0,0,0,0,0
479892.173224,0,0,0,0,0,0,0,0,0,0,0,0,0
479892.178131,0,0,0,0,0,0,0,0,0,0,0,0,0
479892.183136,0,0,0,0,0,0,0,0,0,0,0,0,0
479892.188033,0,0,0,0,0,0,0,0,0,0,0,0,0
479892.193051,0,0,0,0,0,0,0,0,0,0,0,0,0
479892.198306,0,0,0,0,0,0,0,0,0,0,0,0,0
479892.203180,0,0,0,0,0,0,0,0,0,0,0,0,0
479892.208095,0,0,0,0,0,0,0,0,0,0,0,0,0
479892.213135,0,0,0,0,0,0,0,0,0,0,0,0,0
479892.218174,0,0,0,0,0,0,0,0,0,0,0,0,0
479892.223131,0,0,0,0,0,0,0,0,0,0,0,0,0
479892.228109,0,0,0,0,0,0,0,0,0,0,0,0,0
479892.233084,0,0,0,0,0,0,0,0,0,0,0,0,0
479892.238139,0,0,0,0,0,0,0,0,0,0,0,0,0
479892.243122,0,0,0,0,0,0,0,0,0,0,0,0,0
479892.248095,0,0,0,0,0,0,0,0,0,0,0,0,0
479892.253176,0,0,0,0,0,0,0,0,0,0,0,0,0
479892.258027,0,0,0,0,0,0,0,0,0,0,0,0,0
479892.263051,0,0,0,0,0,0,0,0,0,0,0,0,0
479892.267968,0,0,0,0,0,0,0,0,0,0,0,0,0
479892.272946,0,0,0,0,0,0,0,0,0,0,0,0,0
479892.278009,0,0,0,0,0,0,0,0,0,0,0,0,0
479892.282973,0,0,0,0,0,0,0,0,0,0,0,0,0
479892.287925,0,0,0,0,0,0,0,0,0,0,0,0,0
479892.292941,0,0,0,0,0,0,0,0,0,0,0,0,0
479892.298266,0,0,0,0,0,0,0,0,0,0,0,0,0
479892.303170,0,0,0,0,0,0,0,0,0,0,0,0,0
479892.308124,0,0,0,0,0,0,0,0,0,0,0,0,0
479892.313112,0,0,0,0,0,0,0,0,0,0,0,0,0
479892.318217,0,0,0,0,0,0,0,0,0,0,0,0,0
479892.323061,0,0,0,0,0,0,0,0,0,0,0,0,0
479892.328126,0,0,0,0,0,0,0,0,0,0,0,0,0
479892.333079,0,0,0,0,0,0,0,0,0,0,0,0,0
479892.338112,0,0,0,0,0,0,0,0,0,0,0,0,0
479892.343092,0,0,0,0,0,0,0,0,0,0,0,0,0
479892.348292,0,0,0,0,0,0,0,0,0,0,0,0,0
479892.353190,0,0,0,0,0,0,0,0,0,0,0,0,0
479892.358068,0,0,0,0,0,0,0,0,0,0,0,0,0
479892.363121,0,0,0,0,0,0,0,0,0,0,0,0,0
479892.368160,0,0,0,0,0,0,0,0,0,0,0,0,0
479892.373147,0,0,0,0,0,0,0,0,0,0,0,0,0
479892.378081,0,0,0,0,0,0,0,0,0,0,0,0,0
479892.383170,0,0,0,0,0,0,0,0,0,0,0,0,0
479892.388008,0,0,0,0,0,0,0,0,0,0,0,0,0
479892.393047,0,0,0,0,0,0,0,0,0,0,0,0,0
479892.398299,0,0,0,0,0,0,0,0,0,0,0,0,0
479892.403234,0,0,0,0,0,0,0,0,0,0,0,0,0
479892.408131,0,0,0,0,0,0,0,0,0,0,0,0,0
479892.413127,0,0,0,0,0,0,0,0,0,0,0,0,0
479892.418069,0,0,0,0,0,0,0,0,0,0,0,0,0
479892.423093,0,0,0,0,0,0,0,0,0,0,0,0,0
479892.428026,0,0,0,0,0,0,0,0,0,0,0,0,0
479892.433047,0,0,0,0,0,0,0,0,0,0,0,0,0
479892.438174,0,0,0,0,0,0,0,0,0,0,0,0,0
479892.443065,0,0,0,0,0,0,0,0,0,0,0,0,0
479892.448185,0,0,0,0,0,0,0,0,0,0,0,0,0
479892.453160,0,0,0,0,0,0,0,0,0,0,0,0,0
479892.458044,0,0,0,0,0,0,0,0,0,0,0,0,0
479892.463017,0,0,0,0,0,0,0,0,0,0,0,0,0
479892.468028,0,0,0,0,0,0,0,0,0,0,0,0,0
479892.473182,0,0,0,0,0,0,0,0,0,0,0,0,0
479892.478090,0,0,0,0,0,0,0,0,0,0,0,0,0
479892.483154,0,0,0,0,0,0,0,0,0,0,0,0,0
479892.488012,0,0,0,0,0,0,0,0,0,0,0,0,0
479892.493071,0,0,0,0,0,0,0,0,0,0,0,0,0
479892.498360,0,0,0,0,0,0,0,0,0,0,0,0,0
479892.503194,0,0,0,0,0,0,0,0,0,0,0,0,0
479892.508133,0,0,0,0,0,0,0,0,0,0,0,0,0
479892.513122,0,0,0,0,0,0,0,0,0,0,0,0,0
479892.518131,0,0,0,0,0,0,0,0,0,0,0,0,0
479892.523099,0,0,0,0,0,0,0,0,0,0,0,0,0
479892.528192,0,0,0,0,0,0,0,0,0,0,0,0,0
479892.533037,0,0,0,0,0,0,0,0,0,0,0,0,0
479892.538120,0,0,0,0,0,0,0,0,0,0,0,0,0
479892.543080,0,0,0,0,0,0,0,0,0,0,0,0,0
479892.548167,0,0,0,0,0,0,0,0,0,0,0,0,0
479892.553129,0,0,0,0,0,0,0,0,0,0,0,0,0
479892.558080,0,0,0,0,0,0,0,0,0,0,0,0,0
479892.563068,0,0,0,0,0,0,0,0,0,0,0,0,0
479892.568108,0,0,0,0,0,0,0,0,0,0,0,0,0
479892.573021,0,0,0,0,0,0,0,0,0,0,0,0,0
479892.578099,0,0,0,0,0,0,0,0,0,0,0,0,0
479892.583148,0,0,0,0,0,0,0,0,0,0,0,0,0
479892.588011,0,0,0,0,0,0,0,0,0,0,0,0,0
479892.593045,0,0,0,0,0,0,0,0,0,0,0,0,0
479892.598319,0,0,0,0,0,0,0,0,0,0,0,0,0
479892.603095,0,0,0,0,0,0,0,0,0,0,0,0,0
479892.608121,0,0,0,0,0,0,0,0,0,0,0,0,0
479892.613130,0,0,0,0,0,0,0,0,0,0,0,0,0
479892.618062,0,0,0,0,0,0,0,0,0,0,0,0,0
479892.622954,0,0,0,0,0,0,0,0,0,0,0,0,0
479892.628111,0,0,0,0,0,0,0,0,0,0,0,0,0
479892.632998,0,0,0,0,0,0,0,0,0,0,0,0,0
479892.638118,0,0,0,0,0,0,0,0,0,0,0,0,0
479892.643120,0,0,0,0,0,0,0,0,0,0,0,0,0
479892.648143,0,0,0,0,0,0,0,0,0,0,0,0,0
479892.653160,0,0,0,0,0,0,0,0,0,0,0,0,0
479892.658097,0,0,0,0,0,0,0,0,0,0,0,0,0
479892.663077,0,0,0,0,0,0,0,0,0,0,0,0,0
479892.668131,0,0,0,0,0,0,0,0,0,0,0,0,0
479892.673125,0,0,0,0,0,0,0,0,0,0,0,0,0
479892.678123,0,0,0,0,0,0,0,0,0,0,0,0,0
479892.683171,0,0,0,0,0,0,0,0,0,0,0,0,0
479892.688058,0,0,0,0,0,0,0,0,0,0,0,0,0
479892.693073,0,0,0,0,0,0,0,0,0,0,0,0,0
479892.698232,0,0,0,0,0,0,0,0,0,0,0,0,0
479892.703161,0,0,0,0,0,0,0,0,0,0,0,0,0
479892.708093,0,0,0,0,0,0,0,0,0,0,0,0,0
479892.713163,0,0,0,0,0,0,0,0,0,0,0,0,0
479892.718200,0,0,0,0,0,0,0,0,0,0,0,0,0
479892.723942,0,0,0,0,0,0,0,0,0,0,0,0,0
479892.728139,0,0,0,0,0,0,0,0,0,0,0,0,0
479892.733095,0,0,0,0,0,0,0,0,0,0,0,0,0
479892.738155,0,0,0,0,0,0,0,0,0,0,0,0,0
479892.743041,0,0,0,0,0,0,0,0,0,0,0,0,0
479892.748192,0,0,0,0,0,0,0,0,0,0,0,0,0
479892.753182,0,0,0,0,0,0,0,0,0,0,0,0,0
479892.758092,0,0,0,0,0,0,0,0,0,0,0,0,0
479892.763136,0,0,0,0,0,0,0,0,0,0,0,0,0
479892.768153,0,0,0,0,0,0,0,0,0,0,0,0,0
479892.773140,0,0,0,0,0,0,0,0,0,0,0,0,0
479892.778126,0,0,0,0,0,0,0,0,0,0,0,0,0
479892.783181,0,0,0,0,0,0,0,0,0,0,0,0,0
479892.788059,0,0,0,0,0,0,0,0,0,0,0,0,0
479892.793135,0,0,0,0,0,0,0,0,0,0,0,0,0
479892.798206,0,0,0,0,0,0,0,0,0,0,0,0,0
479892.803198,0,0,0,0,0,0,0,0,0,0,0,0,0
479892.808126,0,0,0,0,0,0,0,0,0,0,0,0,0
479892.813167,0,0,0,0,0,0,0,0,0,0,0,0,0
479892.818105,0,0,0,0,0,0,0,0,0,0,0,0,0
479892.823052,0,0,0,0,0,0,0,0,0,0,0,0,0
479892.828008,0,0,0,0,0,0,0,0,0,0,0,0,0
479892.833012,0,0,0,0,0,0,0,0,0,0,0,0,0
479892.838100,0,0,0,0,0,0,0,0,0,0,0,0,0
479892.842984,0,0,0,0,0,0,0,0,0,0,0,0,0
479892.848099,0,0,0,0,0,0,0,0,0,0,0,0,0
479892.853158,0,0,0,0,0,0,0,0,0,0,0,0,0
479892.858097,0,0,0,0,0,0,0,0,0,0,0,0,0
479892.863103,0,0,0,0,0,0,0,0,0,0,0,0,0
479892.868140,0,0,0,0,0,0,0,0,0,0,0,0,0
479892.873101,0,0,0,0,0,0,0,0,0,0,0,0,0
479892.877933,0,0,0,0,0,0,0,0,0,0,0,0,0
479892.882992,0,0,0,0,0,0,0,0,0,0,0,0,0
479892.887929,0,0,0,0,0,0,0,0,0,0,0,0,0
479892.892938,0,0,0,0,0,0,0,0,0,0,0,0,0
479892.898143,0,0,0,0,0,0,0,0,0,0,0,0,0
479892.903031,0,0,0,0,0,0,0,0,0,0,0,0,0
479892.907999,0,0,0,0,0,0,0,0,0,0,0,0,0
479892.913091,0,0,0,0,0,0,0,0,0,0,0,0,0
479892.918035,0,0,0,0,0,0,0,0,0,0,0,0,0
479892.923022,0,0,0,0,0,0,0,0,0,0,0,0,0
479892.927985,0,0,0,0,0,0,0,0,0,0,0,0,0
479892.933068,0,0,0,0,0,0,0,0,0,0,0,0,0
479892.938122,0,0,0,0,0,0,0,0,0,0,0,0,0
479892.943061,0,0,0,0,0,0,0,0,0,0,0,0,0
479892.948162,0,0,0,0,0,0,0,0,0,0,0,0,0
479892.953174,0,0,0,0,0,0,0,0,0,0,0,0,0
479892.958038,0,0,0,0,0,0,0,0,0,0,0,0,0
479892.963012,0,0,0,0,0,0,0,0,0,0,0,0,0
479892.967989,0,0,0,0,0,0,0,0,0,0,0,0,0
479892.973052,0,0,0,0,0,0,0,0,0,0,0,0,0
479892.978108,0,0,0,0,0,0,0,0,0,0,0,0,0
479892.983159,0,0,0,0,0,0,0,0,0,0,0,0,0
479892.988075,0,0,0,0,0,0,0,0,0,0,0,0,0
479892.993084,0,0,0,0,0,0,0,0,0,0,0,0,0
479892.998239,0,0,0,0,0,0,0,0,0,0,0,0,0
479893.003109,0,0,0,0,0,0,0,0,0,0,0,0,0
479893.008134,0,0,0,0,0,0,0,0,0,0,0,0,0
479893.013134,0,0,0,0,0,0,0,0,0,0,0,0,0
479893.018072,0,0,0,0,0,0,0,0,0,0,0,0,0
479893.023086,0,0,0,0,0,0,0,0,0,0,0,0,0
479893.028093,0,0,0,0,0,0,0,0,0,0,0,0,0
479893.033035,0,0,0,0,0,0,0,0,0,0,0,0,0
479893.038147,0,0,0,0,0,0,0,0,0,0,0,0,0
479893.043114,0,0,0,0,0,0,0,0,0,0,0,0,0
479893.048182,0,0,0,0,0,0,0,0,0,0,0,0,0
479893.053125,0,0,0,0,0,0,0,0,0,0,0,0,0
479893.058127,0,0,0,0,0,0,0,0,0,0,0,0,0
479893.063026,0,0,0,0,0,0,0,0,0,0,0,0,0
479893.068181,0,0,0,0,0,0,0,0,0,0,0,0,0
479893.072969,0,0,0,0,0,0,0,0,0,0,0,0,0
479893.077954,0,0,0,0,0,0,0,0,0,0,0,0,0
479893.083019,0,0,0,0,0,0,0,0,0,0,0,0,0
479893.088126,0,0,0,0,0,0,0,0,0,0,0,0,0
479893.093092,0,0,0,0,0,0,0,0,0,0,0,0,0
479893.098162,0,0,0,0,0,0,0,0,0,0,0,0,0
479893.103132,0,0,0,0,0,0,0,0,0,0,0,0,0
479893.108018,0,0,0,0,0,0,0,0,0,0,0,0,0
479893.113066,0,0,0,0,0,0,0,0,0,0,0,0,0
479893.118197,0,0,0,0,0,0,0,0,0,0,0,0,0
479893.123052,0,0,0,0,0,0,0,0,0,0,0,0,0
479893.128052,0,0,0,0,0,0,0,0,0,0,0,0,0
479893.133119,0,0,0,0,0,0,0,0,0,0,0,0,0
479893.138120,0,0,0,0,0,0,0,0,0,0,0,0,0
479893.143049,0,0,0,0,0,0,0,0,0,0,0,0,0
479893.148123,0,0,0,0,0,0,0,0,0,0,0,0,0
479893.153209,0,0,0,0,0,0,0,0,0,0,0,0,0
479893.158265,0,0,0,0,0,0,0,0,0,0,0,0,0
479893.163149,0,0,0,0,0,0,0,0,0,0,0,0,0
479893.168172,0,0,0,0,0,0,0,0,0,0,0,0,0
479893.173163,0,0,0,0,0,0,0,0,0,0,0,0,0
479893.178134,0,0,0,0,0,0,0,0,0,0,0,0,0
479893.183158,0,0,0,0,0,0,0,0,0,0,0,0,0
479893.188124,0,0,0,0,0,0,0,0,0,0,0,0,0
479893.193009,0,0,0,0,0,0,0,0,0,0,0,0,0
479893.198279,0,0,0,0,0,0,0,0,0,0,0,0,0
479893.203210,0,0,0,0,0,0,0,0,0,0,0,0,0
479893.208161,0,0,0,0,0,0,0,0,0,0,0,0,0
479893.213160,0,0,0,0,0,0,0,0,0,0,0,0,0
479893.218226,0,0,0,0,0,0,0,0,0,0,0,0,0
479893.223053,0,0,0,0,0,0,0,0,0,0,0,0,0
479893.228036,0,0,0,0,0,0,0,0,0,0,0,0,0
479893.233043,0,0,0,0,0,0,0,0,0,0,0,0,0
479893.238142,0,0,0,0,0,0,0,0,0,0,0,0,0
479893.243049,0,0,0,0,0,0,0,0,0,0,0,0,0
479893.248231,0,0,0,0,0,0,0,0,0,0,0,0,0
479893.253190,0,0,0,0,0,0,0,0,0,0,0,0,0
479893.258084,0,0,0,0,0,0,0,0,0,0,0,0,0
479893.263101,0,0,0,0,0,0,0,0,0,0,0,0,0
479893.268164,0,0,0,0,0,0,0,0,0,0,0,0,0
479893.273158,0,0,0,0,0,0,0,0,0,0,0,0,0
479893.278144,0,0,0,0,0,0,0,0,0,0,0,0,0
479893.283184,0,0,0,0,0,0,0,0,0,0,0,0,0
479893.288117,0,0,0,0,0,0,0,0,0,0,0,0,0
479893.293042,0,0,0,0,0,0,0,0,0,0,0,0,0
479893.298257,0,0,0,0,0,0,0,0,0,0,0,0,0
479893.303184,0,0,0,0,0,0,0,0,0,0,0,0,0
479893.308148,0,0,0,0,0,0,0,0,0,0,0,0,0
479893.313161,0,0,0,0,0,0,0,0,0,0,0,0,0
479893.318160,0,0,0,0,0,0,0,0,0,0,0,0,0
479893.323155,0,0,0,0,0,0,0,0,0,0,0,0,0
479893.328140,0,0,0,0,0,0,0,0,0,0,0,0,0
479893.333105,0,0,0,0,0,0,0,0,0,0,0,0,0
479893.338107,0,0,0,0,0,0,0,0,0,0,0,0,0
479893.343092,0,0,0,0,0,0,0,0,0,0,0,0,0
479893.348117,0,0,0,0,0,0,0,0,0,0,0,0,0
479893.353174,0,0,0,0,0,0,0,0,0,0,0,0,0
479893.358055,0,0,0,0,0,0,0,0,0,0,0,0,0
479893.363120,0,0,0,0,0,0,0,0,0,0,0,0,0
479893.368087,0,0,0,0,0,0,0,0,0,0,0,0,0
479893.373083,0,0,0,0,0,0,0,0,0,0,0,0,0
479893.378022,0,0,0,0,0,0,0,0,0,0,0,0,0
479893.383133,0,0,0,0,0,0,0,0,0,0,0,0,0
479893.387965,0,0,0,0,0,0,0,0,0,0,0,0,0
479893.392945,0,0,0,0,0,0,0,0,0,0,0,0,0
479893.398023,0,0,0,0,0,0,0,0,0,0,0,0,0
479893.403052,0,0,0,0,0,0,0,0,0,0,0,0,0
479893.408010,0,0,0,0,0,0,0,0,0,0,0,0,0
479893.413066,0,0,0,0,0,0,0,0,0,0,0,0,0
479893.418059,0,0,0,0,0,0,0,0,0,0,0,0,0
479893.423021,0,0,0,0,0,0,0,0,0,0,0,0,0
479893.428092,0,0,0,0,0,0,0,0,0,0,0,0,0
479893.433010,0,0,0,0,0,0,0,0,0,0,0,0,0
479893.438096,0,0,0,0,0,0,0,0,0,0,0,0,0
479893.442996,0,0,0,0,0,0,0,0,0,0,0,0,0
479893.448055,0,0,0,0,0,0,0,0,0,0,0,0,0
479893.453046,0,0,0,0,0,0,0,0,0,0,0,0,0
479893.458153,0,0,0,0,0,0,0,0,0,0,0,0,0
479893.463095,0,0,0,0,0,0,0,0,0,0,0,0,0
479893.468036,0,0,0,0,0,0,0,0,0,0,0,0,0
479893.473038,0,0,0,0,0,0,0,0,0,0,0,0,0
479893.477992,0,0,0,0,0,0,0,0,0,0,0,0,0
479893.482992,0,0,0,0,0,0,0,0,0,0,0,0,0
479893.487923,0,0,0,0,0,0,0,0,0,0,0,0,0
479893.492949,0,0,0,0,0,0,0,0,0,0,0,0,0
479893.498041,0,0,0,0,0,0,0,0,0,0,0,0,0
479893.503183,0,0,0,0,0,0,0,0,0,0,0,0,0
479893.508103,0,0,0,0,0,0,0,0,0,0,0,0,0
479893.513145,0,0,0,0,0,0,0,0,0,0,0,0,0
479893.518228,0,0,0,0,0,0,0,0,0,0,0,0,0
479893.523326,0,0,0,0,0,0,0,0,0,0,0,0,0
479893.528107,0,0,0,0,0,0,0,0,0,0,0,0,0
479893.533085,0,0,0,0,0,0,0,0,0,0,0,0,0
479893.538154,0,0,0,0,0,0,0,0,0,0,0,0,0
479893.543038,0,0,0,0,0,0,0,0,0,0,0,0,0
479893.548169,0,0,0,0,0,0,0,0,0,0,0,0,0
479893.553168,0,0,0,0,0,0,0,0,0,0,0,0,0
479893.558124,0,0,0,0,0,0,0,0,0,0,0,0,0
479893.563149,0,0,0,0,0,0,0,0,0,0,0,0,0
479893.568145,0,0,0,0,0,0,0,0,0,0,0,0,0
479893.573146,0,0,0,0,0,0,0,0,0,0,0,0,0
479893.578156,0,0,0,0,0,0,0,0,0,0,0,0,0
479893.583205,0,0,0,0,0,0,0,0,0,0,0,0,0
479893.588061,0,0,0,0,0,0,0,0,0,0,0,0,0
479893.593079,0,0,0,0,0,0,0,0,0,0,0,0,0
479893.598301,0,0,0,0,0,0,0,0,0,0,0,0,0
479893.603212,0,0,0,0,0,0,0,0,0,0,0,0,0
479893.608148,0,0,0,0,0,0,0,0,0,0,0,0,0
479893.613186,0,0,0,0,0,0,0,0,0,0,0,0,0
479893.618212,0,0,0,0,0,0,0,0,0,0,0,0,0
479893.623048,0,0,0,0,0,0,0,0,0,0,0,0,0
479893.628092,0,0,0,0,0,0,0,0,0,0,0,0,0
479893.633099,0,0,0,0,0,0,0,0,0,0,0,0,0
479893.638178,0,0,0,0,0,0,0,0,0,0,0,0,0
479893.643049,0,0,0,0,0,0,0,0,0,0,0,0,0
479893.648271,0,0,0,0,0,0,0,0,0,0,0,0,0
479893.653142,0,0,0,0,0,0,0,0,0,0,0,0,0
479893.658139,0,0,0,0,0,0,0,0,0,0,0,0,0
479893.662991,0,0,0,0,0,0,0,0,0,0,0,0,0
479893.668185,0,0,0,0,0,0,0,0,0,0,0,0,0
479893.673073,0,0,0,0,0,0,0,0,0,0,0,0,0
479893.678149,0,0,0,0,0,0,0,0,0,0,0,0,0
479893.683121,0,0,0,0,0,0,0,0,0,0,0,0,0
479893.688063,0,0,0,0,0,0,0,0,0,0,0,0,0
479893.693081,0,0,0,0,0,0,0,0,0,0,0,0,0
479893.698339,0,0,0,0,0,0,0,0,0,0,0,0,0
479893.703122,0,0,0,0,0,0,0,0,0,0,0,0,0
479893.708154,0,0,0,0,0,0,0,0,0,0,0,0,0
479893.713044,0,0,0,0,0,0,0,0,0,0,0,0,0
479893.718219,0,0,0,0,0,0,0,0,0,0,0,0,0
479893.723045,0,0,0,0,0,0,0,0,0,0,0,0,0
479893.728095,0,0,0,0,0,0,0,0,0,0,0,0,0
479893.733036,0,0,0,0,0,0,0,0,0,0,0,0,0
479893.738085,0,0,0,0,0,0,0,0,0,0,0,0,0
479893.743031,0,0,0,0,0,0,0,0,0,0,0,0,0
479893.748130,0,0,0,0,0,0,0,0,0,0,0,0,0
479893.753193,0,0,0,0,0,0,0,0,0,0,0,0,0
479893.758209,0,0,0,0,0,0,0,0,0,0,0,0,0
479893.763081,0,0,0,0,0,0,0,0,0,0,0,0,0
479893.768228,0,0,0,0,0,0,0,0,0,0,0,0,0
479893.773196,0,0,0,0,0,0,0,0,0,0,0,0,0
479893.778168,0,0,0,0,0,0,0,0,0,0,0,0,0
479893.783215,0,0,0,0,0,0,0,0,0,0,0,0,0
479893.788085,0,0,0,0,0,0,0,0,0,0,0,0,0
479893.792999,0,0,0,0,0,0,0,0,0,0,0,0,0
479893.798136,0,0,0,0,0,0,0,0,0,0,0,0,0
479893.803121,0,0,0,0,0,0,0,0,0,0,0,0,0
479893.808058,0,0,0,0,0,0,0,0,0,0,0,0,0
479893.813140,0,0,0,0,0,0,0,0,0,0,0,0,0
479893.818085,0,0,0,0,0,0,0,0,0,0,0,0,0
479893.822989,0,0,0,0,0,0,0,0,0,0,0,0,0
479893.828093,0,0,0,0,0,0,0,0,0,0,0,0,0
479893.832992,0,0,0,0,0,0,0,0,0,0,0,0,0
479893.838055,0,0,0,0,0,0,0,0,0,0,0,0,0
479893.842904,0,0,0,0,0,0,0,0,0,0,0,0,0
479893.848122,0,0,0,0,0,0,0,0,0,0,0,0,0
479893.853178,0,0,0,0,0,0,0,0,0,0,0,0,0
479893.858114,0,0,0,0,0,0,0,0,0,0,0,0,0
479893.863125,0,0,0,0,0,0,0,0,0,0,0,0,0
479893.868083,0,0,0,0,0,0,0,0,0,0,0,0,0
479893.873074,0,0,0,0,0,0,0,0,0,0,0,0,0
479893.877963,0,0,0,0,0,0,0,0,0,0,0,0,0
479893.882998,0,0,0,0,0,0,0,0,0,0,0,0,0
479893.888026,0,0,0,0,0,0,0,0,0,0,0,0,0
479893.892939,0,0,0,0,0,0,0,0,0,0,0,0,0
479893.898119,0,0,0,0,0,0,0,0,0,0,0,0,0
479893.903084,0,0,0,0,0,0,0,0,0,0,0,0,0
479893.908105,0,0,0,0,0,0,0,0,0,0,0,0,0
479893.913150,0,0,0,0,0,0,0,0,0,0,0,0,0
479893.918189,0,0,0,0,0,0,0,0,0,0,0,0,0
479893.923138,0,0,0,0,0,0,0,0,0,0,0,0,0
479893.928145,0,0,0,0,0,0,0,0,0,0,0,0,0
479893.933084,0,0,0,0,0,0,0,0,0,0,0,0,0
479893.938170,0,0,0,0,0,0,0,0,0,0,0,0,0
479893.943127,0,0,0,0,0,0,0,0,0,0,0,0,0
479893.948189,0,0,0,0,0,0,0,0,0,0,0,0,0
479893.953177,0,0,0,0,0,0,0,0,0,0,0,0,0
479893.958120,0,0,0,0,0,0,0,0,0,0,0,0,0
479893.963142,0,0,0,0,0,0,0,0,0,0,0,0,0
479893.968181,0,0,0,0,0,0,0,0,0,0,0,0,0
479893.973145,0,0,0,0,0,0,0,0,0,0,0,0,0
479893.978129,0,0,0,0,0,0,0,0,0,0,0,0,0
479893.983181,0,0,0,0,0,0,0,0,0,0,0,0,0
479893.988045,0,0,0,0,0,0,0,0,0,0,0,0,0
479893.993065,0,0,0,0,0,0,0,0,0,0,0,0,0
479893.998238,0,0,0,0,0,0,0,0,0,0,0,0,0
479894.003184,0,0,0,0,0,0,0,0,0,0,0,0,0
479894.008073,0,0,0,0,0,0,0,0,0,0,0,0,0
479894.013151,0,0,0,0,0,0,0,0,0,0,0,0,0
479894.018086,0,0,0,0,0,0,0,0,0,0,0,0,0
479894.023046,0,0,0,0,0,0,0,0,0,0,0,0,0
479894.028084,0,0,0,0,0,0,0,0,0,0,0,0,0
479894.033016,0,0,0,0,0,0,0,0,0,0,0,0,0
479894.038211,0,0,0,0,0,0,0,0,0,0,0,0,0
479894.043134,0,0,0,0,0,0,0,0,0,0,0,0,0
479894.048222,0,0,0,0,0,0,0,0,0,0,0,0,0
479894.053249,0,0,0,0,0,0,0,0,0,0,0,0,0
479894.058131,0,0,0,0,0,0,0,0,0,0,0,0,0
479894.063175,0,0,0,0,0,0,0,0,0,0,0,0,0
479894.068098,0,0,0,0,0,0,0,0,0,0,0,0,0
479894.073022,0,0,0,0,0,0,0,0,0,0,0,0,0
479894.077980,0,0,0,0,0,0,0,0,0,0,0,0,0
479894.083117,0,0,0,0,0,0,0,0,0,0,0,0,0
479894.087953,0,0,0,0,0,0,0,0,0,0,0,0,0
479894.092932,0,0,0,0,0,0,0,0,0,0,0,0,0
479894.098201,0,0,0,0,0,0,0,0,0,0,0,0,0
479894.103307,0,0,0,0,0,0,0,0,0,0,0,0,0
479894.108194,0,0,0,0,0,0,0,0,0,0,0,0,0
479894.113171,0,0,0,0,0,0,0,0,0,0,0,0,0
479894.118217,0,0,0,0,0,0,0,0,0,0,0,0,0
479894.123136,0,0,0,0,0,0,0,0,0,0,0,0,0
479894.128141,0,0,0,0,0,0,0,0,0,0,0,0,0
479894.133105,0,0,0,0,0,0,0,0,0,0,0,0,0
479894.138170,0,0,0,0,0,0,0,0,0,0,0,0,0
479894.143144,0,0,0,0,0,0,0,0,0,0,0,0,0
479894.148083,0,0,0,0,0,0,0,0,0,0,0,0,0
479894.153232,0,0,0,0,0,0,0,0,0,0,0,0,0
479894.158090,0,0,0,0,0,0,0,0,0,0,0,0,0
479894.163245,0,0,0,0,0,0,0,0,0,0,0,0,0
479894.168146,0,0,0,0,0,0,0,0,0,0,0,0,0
479894.173153,0,0,0,0,0,0,0,0,0,0,0,0,0
479894.178155,0,0,0,0,0,0,0,0,0,0,0,0,0
479894.183157,0,0,0,0,0,0,0,0,0,0,0,0,0
479894.188058,0,0,0,0,0,0,0,0,0,0,0,0,0
479894.193058,0,0,0,0,0,0,0,0,0,0,0,0,0
479894.198153,0,0,0,0,0,0,0,0,0,0,0,0,0
479894.203066,0,0,0,0,0,0,0,0,0,0,0,0,0
479894.208188,0,0,0,0,0,0,0,0,0,0,0,0,0
479894.213192,0,0,0,0,0,0,0,0,0,0,0,0,0
479894.218182,0,0,0,0,0,0,0,0,0,0,0,0,0
479894.223147,0,0,0,0,0,0,0,0,0,0,0,0,0
479894.228062,0,0,0,0,0,0,0,0,0,0,0,0,0
479894.233008,0,0,0,0,0,0,0,0,0,0,0,0,0
479894.238181,0,0,0,0,0,0,0,0,0,0,0,0,0
479894.243169,0,0,0,0,0,0,0,0,0,0,0,0,0
479894.248116,0,0,0,0,0,0,0,0,0,0,0,0,0
479894.253373,0,0,0,0,0,0,0,0,0,0,0,0,0
479894.258150,0,0,0,0,0,0,0,0,0,0,0,0,0
479894.263207,0,0,0,0,0,0,0,0,0,0,0,0,0
479894.268136,0,0,0,0,0,0,0,0,0,0,0,0,0
479894.273129,0,0,0,0,0,0,0,0,0,0,0,0,0
479894.278107,0,0,0,0,0,0,0,0,0,0,0,0,0
479894.283100,0,0,0,0,0,0,0,0,0,0,0,0,0
479894.288064,0,0,0,0,0,0,0,0,0,0,0,0,0
479894.292984,0,0,0,0,0,0,0,0,0,0,0,0,0
479894.298090,0,0,0,0,0,0,0,0,0,0,0,0,0
479894.303072,0,0,0,0,0,0,0,0,0,0,0,0,0
479894.307969,0,0,0,0,0,0,0,0,0,0,0,0,0
479894.313046,0,0,0,0,0,0,0,0,0,0,0,0,0
479894.318234,0,0,0,0,0,0,0,0,0,0,0,0,0
479894.323059,0,0,0,0,0,0,0,0,0,0,0,0,0
479894.328182,0,0,0,0,0,0,0,0,0,0,0,0,0
479894.333126,0,0,0,0,0,0,0,0,0,0,0,0,0
479894.338185,0,0,0,0,0,0,0,0,0,0,0,0,0
479894.343041,0,0,0,0,0,0,0,0,0,0,0,0,0
479894.348126,0,0,0,0,0,0,0,0,0,0,0,0,0
479894.353115,0,0,0,0,0,0,0,0,0,0,0,0,0
479894.358167,0,0,0,0,0,0,0,0,0,0,0,0,0
479894.363203,0,0,0,0,0,0,0,0,0,0,0,0,0
479894.368174,0,0,0,0,0,0,0,0,0,0,0,0,0
479894.373169,0,0,0,0,0,0,0,0,0,0,0,0,0
479894.378165,0,0,0,0,0,0,0,0,0,0,0,0,0
479894.383234,0,0,0,0,0,0,0,0,0,0,0,0,0
479894.388081,0,0,0,0,0,0,0,0,0,0,0,0,0
479894.393160,0,0,0,0,0,0,0,0,0,0,0,0,0
479894.398184,0,0,0,0,0,0,0,0,0,0,0,0,0
479894.403225,0,0,0,0,0,0,0,0,0,0,0,0,0
479894.408071,0,0,0,0,0,0,0,0,0,0,0,0,0
479894.413218,0,0,0,0,0,0,0,0,0,0,0,0,0
479894.418196,0,0,0,0,0,0,0,0,0,0,0,0,0
479894.423076,0,0,0,0,0,0,0,0,0,0,0,0,0
479894.428153,0,0,0,0,0,0,0,0,0,0,0,0,0
479894.433009,0,0,0,0,0,0,0,0,0,0,0,0,0
479894.438152,0,0,0,0,0,0,0,0,0,0,0,0,0
479894.443021,0,0,0,0,0,0,0,0,0,0,0,0,0
479894.448061,0,0,0,0,0,0,0,0,0,0,0,0,0
479894.453175,0,0,0,0,0,0,0,0,0,0,0,0,0
479894.458155,0,0,0,0,0,0,0,0,0,0,0,0,0
479894.463161,0,0,0,0,0,0,0,0,0,0,0,0,0
479894.468148,0,0,0,0,0,0,0,0,0,0,0,0,0
479894.473171,0,0,0,0,0,0,0,0,0,0,0,0,0
479894.478131,0,0,0,0,0,0,0,0,0,0,0,0,0
479894.483191,0,0,0,0,0,0,0,0,0,0,0,0,0
479894.488047,0,0,0,0,0,0,0,0,0,0,0,0,0
479894.493139,0,0,0,0,0,0,0,0,0,0,0,0,0
479894.498247,0,0,0,0,0,0,0,0,0,0,0,0,0
479894.503275,0,0,0,0,0,0,0,0,0,0,0,0,0
479894.508174,0,0,0,0,0,0,0,0,0,0,0,0,0
479894.513142,0,0,0,0,0,0,0,0,0,0,0,0,0
479894.518181,0,0,0,0,0,0,0,0,0,0,0,0,0
479894.523069,0,0,0,0,0,0,0,0,0,0,0,0,0
479894.528164,0,0,0,0,0,0,0,0,0,0,0,0,0
479894.533181,0,0,0,0,0,0,0,0,0,0,0,0,0
479894.538157,0,0,0,0,0,0,0,0,0,0,0,0,0
479894.542990,0,0,0,0,0,0,0,0,0,0,0,0,0
479894.548157,0,0,0,0,0,0,0,0,0,0,0,0,0
479894.553157,0,0,0,0,0,0,0,0,0,0,0,0,0
479894.558164,0,0,0,0,0,0,0,0,0,0,0,0,0
479894.563167,0,0,0,0,0,0,0,0,0,0,0,0,0
479894.568154,0,0,0,0,0,0,0,0,0,0,0,0,0
479894.573170,0,0,0,0,0,0,0,0,0,0,0,0,0
479894.578106,0,0,0,0,0,0,0,0,0,0,0,0,0
479894.583200,0,0,0,0,0,0,0,0,0,0,0,0,0
479894.587983,0,0,0,0,0,0,0,0,0,0,0,0,0
479894.592967,0,0,0,0,0,0,0,0,0,0,0,0,0
479894.598013,0,0,0,0,0,0,0,0,0,0,0,0,0
479894.603093,0,0,0,0,0,0,0,0,0,0,0,0,0
479894.608042,0,0,0,0,0,0,0,0,0,0,0,0,0
479894.613010,0,0,0,0,0,0,0,0,0,0,0,0,0
479894.618200,0,0,0,0,0,0,0,0,0,0,0,0,0
479894.623047,0,0,0,0,0,0,0,0,0,0,0,0,0
479894.628006,0,0,0,0,0,0,0,0,0,0,0,0,0
479894.633006,0,0,0,0,0,0,0,0,0,0,0,0,0
479894.638017,0,0,0,0,0,0,0,0,0,0,0,0,0
479894.642999,0,0,0,0,0,0,0,0,0,0,0,0,0
479894.647989,0,0,0,0,0,0,0,0,0,0,0,0,0
479894.653141,0,0,0,0,0,0,0,0,0,0,0,0,0
479894.657962,0,0,0,0,0,0,0,0,0,0,0,0,0
479894.663088,0,0,0,0,0,0,0,0,0,0,0,0,0
479894.668071,0,0,0,0,0,0,0,0,0,0,0,0,0
479894.673151,0,0,0,0,0,0,0,0,0,0,0,0,0
479894.677971,0,0,0,0,0,0,0,0,0,0,0,0,0
479894.683086,0,0,0,0,0,0,0,0,0,0,0,0,0
479894.688054,0,0,0,0,0,0,0,0,0,0,0,0,0
479894.693144,0,0,0,0,0,0,0,0,0,0,0,0,0
479894.698238,0,0,0,0,0,0,0,0,0,0,0,0,0
479894.703232,0,0,0,0,0,0,0,0,0,0,0,0,0
479894.708163,0,0,0,0,0,0,0,0,0,0,0,0,0
479894.713016,0,0,0,0,0,0,0,0,0,0,0,0,0
479894.718196,0,0,0,0,0,0,0,0,0,0,0,0,0
479894.723105,0,0,0,0,0,0,0,0,0,0,0,0,0
479894.728129,0,0,0,0,0,0,0,0,0,0,0,0,0
479894.733088,0,0,0,0,0,0,0,0,0,0,0,0,0
479894.738174,0,0,0,0,0,0,0,0,0,0,0,0,0
479894.743049,0,0,0,0,0,0,0,0,0,0,0,0,0
479894.748059,0,0,0,0,0,0,0,0,0,0,0,0,0
479894.753177,0,0,0,0,0,0,0,0,0,0,0,0,0
479894.758135,0,0,0,0,0,0,0,0,0,0,0,0,0
479894.763165,0,0,0,0,0,0,0,0,0,0,0,0,0
479894.768207,0,0,0,0,0,0,0,0,0,0,0,0,0
479894.773201,0,0,0,0,0,0,0,0,0,0,0,0,0
479894.778149,0,0,0,0,0,0,0,0,0,0,0,0,0
479894.783222,0,0,0,0,0,0,0,0,0,0,0,0,0
479894.788082,0,0,0,0,0,0,0,0,0,0,0,0,0
479894.793168,0,0,0,0,0,0,0,0,0,0,0,0,0
479894.798286,0,0,0,0,0,0,0,0,0,0,0,0,0
479894.803216,0,0,0,0,0,0,0,0,0,0,0,0,0
479894.808092,0,0,0,0,0,0,0,0,0,0,0,0,0
479894.813138,0,0,0,0,0,0,0,0,0,0,0,0,0
479894.818213,0,0,0,0,0,0,0,0,0,0,0,0,0
479894.823157,0,0,0,0,0,0,0,0,0,0,0,0,0
479894.828070,0,0,0,0,0,0,0,0,0,0,0,0,0
479894.833018,0,0,0,0,0,0,0,0,0,0,0,0,0
479894.838083,0,0,0,0,0,0,0,0,0,0,0,0,0
479894.843061,0,0,0,0,0,0,0,0,0,0,0,0,0
479894.848049,0,0,0,0,0,0,0,0,0,0,0,0,0
479894.853220,0,0,0,0,0,0,0,0,0,0,0,0,0
479894.858038,0,0,0,0,0,0,0,0,0,0,0,0,0
479894.863077,0,0,0,0,0,0,0,0,0,0,0,0,0
479894.868088,0,0,0,0,0,0,0,0,0,0,0,0,0
479894.873070,0,0,0,0,0,0,0,0,0,0,0,0,0
479894.878888,0,0,0,0,0,0,0,0,0,0,0,0,0
479894.883037,0,0,0,0,0,0,0,0,0,0,0,0,0
479894.887957,0,0,0,0,0,0,0,0,0,0,0,0,0
479894.893027,0,0,0,0,0,0,0,0,0,0,0,0,0
479894.898132,0,0,0,0,0,0,0,0,0,0,0,0,0
479894.903215,0,0,0,0,0,0,0,0,0,0,0,0,0
479894.908185,0,0,0,0,0,0,0,0,0,0,0,0,0
479894.913192,0,0,0,0,0,0,0,0,0,0,0,0,0
479894.918228,0,0,0,0,0,0,0,0,0,0,0,0,0
479894.923156,0,0,0,0,0,0,0,0,0,0,0,0,0
479894.928163,0,0,0,0,0,0,0,0,0,0,0,0,0
479894.933131,0,0,0,0,0,0,0,0,0,0,0,0,0
479894.938209,0,0,0,0,0,0,0,0,0,0,0,0,0
479894.943112,0,0,0,0,0,0,0,0,0,0,0,0,0
479894.948097,0,0,0,0,0,0,0,0,0,0,0,0,0
479894.953217,0,0,0,0,0,0,0,0,0,0,0,0,0
479894.958156,0,0,0,0,0,0,0,0,0,0,0,0,0
479894.963090,0,0,0,0,0,0,0,0,0,0,0,0,0
479894.968097,0,0,0,0,0,0,0,0,0,0,0,0,0
479894.973203,0,0,0,0,0,0,0,0,0,0,0,0,0
479894.978155,0,0,0,0,0,0,0,0,0,0,0,0,0
479894.983224,0,0,0,0,0,0,0,0,0,0,0,0,0
479894.988692,0,0,0,0,0,0,0,0,0,0,0,0,0
479894.993137,0,0,0,0,0,0,0,0,0,0,0,0,0
479894.998277,0,0,0,0,0,0,0,0,0,0,0,0,0
479895.003117,0,0,0,0,0,0,0,0,0,0,0,0,0
479895.008181,0,0,0,0,0,0,0,0,0,0,0,0,0
479895.013168,0,0,0,0,0,0,0,0,0,0,0,0,0
479895.018157,0,0,0,0,0,0,0,0,0,0,0,0,0
479895.023181,0,0,0,0,0,0,0,0,0,0,0,0,0
479895.028105,0,0,0,0,0,0,0,0,0,0,0,0,0
479895.033036,0,0,0,0,0,0,0,0,0,0,0,0,0
479895.038096,0,0,0,0,0,0,0,0,0,0,0,0,0
479895.043118,0,0,0,0,0,0,0,0,0,0,0,0,0
479895.048099,0,0,0,0,0,0,0,0,0,0,0,0,0
479895.053223,0,0,0,0,0,0,0,0,0,0,0,0,0
479895.058140,0,0,0,0,0,0,0,0,0,0,0,0,0
479895.063169,0,0,0,0,0,0,0,0,0,0,0,0,0
479895.068241,0,0,0,0,0,0,0,0,0,0,0,0,0
479895.073127,0,0,0,0,0,0,0,0,0,0,0,0,0
479895.078067,0,0,0,0,0,0,0,0,0,0,0,0,0
479895.083144,0,0,0,0,0,0,0,0,0,0,0,0,0
479895.088092,0,0,0,0,0,0,0,0,0,0,0,0,0
479895.093077,0,0,0,0,0,0,0,0,0,0,0,0,0
479895.098278,0,0,0,0,0,0,0,0,0,0,0,0,0
479895.103244,0,0,0,0,0,0,0,0,0,0,0,0,0
479895.108203,0,0,0,0,0,0,0,0,0,0,0,0,0
479895.113162,0,0,0,0,0,0,0,0,0,0,0,0,0
479895.118225,0,0,0,0,0,0,0,0,0,0,0,0,0
479895.123088,0,0,0,0,0,0,0,0,0,0,0,0,0
479895.128164,0,0,0,0,0,0,0,0,0,0,0,0,0
479895.133137,0,0,0,0,0,0,0,0,0,0,0,0,0
479895.138087,0,0,0,0,0,0,0,0,0,0,0,0,0
479895.143165,0,0,0,0,0,0,0,0,0,0,0,0,0
479895.148161,0,0,0,0,0,0,0,0,0,0,0,0,0
479895.153230,0,0,0,0,0,0,0,0,0,0,0,0,0
479895.158158,0,0,0,0,0,0,0,0,0,0,0,0,0
479895.163158,0,0,0,0,0,0,0,0,0,0,0,0,0
479895.168252,0,0,0,0,0,0,0,0,0,0,0,0,0
479895.173221,0,0,0,0,0,0,0,0,0,0,0,0,0
479895.178165,0,0,0,0,0,0,0,0,0,0,0,0,0
479895.183194,0,0,0,0,0,0,0,0,0,0,0,0,0
479895.188083,0,0,0,0,0,0,0,0,0,0,0,0,0
479895.193161,0,0,0,0,0,0,0,0,0,0,0,0,0
479895.198297,0,0,0,0,0,0,0,0,0,0,0,0,0
479895.203194,0,0,0,0,0,0,0,0,0,0,0,0,0
479895.208209,0,0,0,0,0,0,0,0,0,0,0,0,0
479895.213162,0,0,0,0,0,0,0,0,0,0,0,0,0
479895.218230,0,0,0,0,0,0,0,0,0,0,0,0,0
479895.223096,0,0,0,0,0,0,0,0,0,0,0,0,0
479895.228071,0,0,0,0,0,0,0,0,0,0,0,0,0
479895.233043,0,0,0,0,0,0,0,0,0,0,0,0,0
479895.238080,0,0,0,0,0,0,0,0,0,0,0,0,0
479895.242968,0,0,0,0,0,0,0,0,0,0,0,0,0
479895.248078,0,0,0,0,0,0,0,0,0,0,0,0,0
479895.253162,0,0,0,0,0,0,0,0,0,0,0,0,0
479895.258098,0,0,0,0,0,0,0,0,0,0,0,0,0
479895.263177,0,0,0,0,0,0,0,0,0,0,0,0,0
479895.268217,0,0,0,0,0,0,0,0,0,0,0,0,0
479895.273120,0,0,0,0,0,0,0,0,0,0,0,0,0
479895.277961,0,0,0,0,0,0,0,0,0,0,0,0,0
479895.283115,0,0,0,0,0,0,0,0,0,0,0,0,0
479895.287967,0,0,0,0,0,0,0,0,0,0,0,0,0
479895.293146,0,0,0,0,0,0,0,0,0,0,0,0,0
479895.298286,0,0,0,0,0,0,0,0,0,0,0,0,0
479895.303236,0,0,0,0,0,0,0,0,0,0,0,0,0
479895.308213,0,0,0,0,0,0,0,0,0,0,0,0,0
479895.313159,0,0,0,0,0,0,0,0,0,0,0,0,0
479895.318208,0,0,0,0,0,0,0,0,0,0,0,0,0
479895.323082,0,0,0,0,0,0,0,0,0,0,0,0,0
479895.328180,0,0,0,0,0,0,0,0,0,0,0,0,0
479895.333134,0,0,0,0,0,0,0,0,0,0,0,0,0
479895.338192,0,0,0,0,0,0,0,0,0,0,0,0,0
479895.343205,0,0,0,0,0,0,0,0,0,0,0,0,0
479895.348080,0,0,0,0,0,0,0,0,0,0,0,0,0
479895.353225,0,0,0,0,0,0,0,0,0,0,0,0,0
479895.358161,0,0,0,0,0,0,0,0,0,0,0,0,0
479895.363177,0,0,0,0,0,0,0,0,0,0,0,0,0
479895.368228,0,0,0,0,0,0,0,0,0,0,0,0,0
479895.373201,0,0,0,0,0,0,0,0,0,0,0,0,0
479895.378165,0,0,0,0,0,0,0,0,0,0,0,0,0
479895.383160,0,0,0,0,0,0,0,0,0,0,0,0,0
479895.388184,0,0,0,0,0,0,0,0,0,0,0,0,0
479895.393075,0,0,0,0,0,0,0,0,0,0,0,0,0
479895.398156,0,0,0,0,0,0,0,0,0,0,0,0,0
479895.403104,0,0,0,0,0,0,0,0,0,0,0,0,0
479895.407963,0,0,0,0,0,0,0,0,0,0,0,0,0
479895.413121,0,0,0,0,0,0,0,0,0,0,0,0,0
479895.418120,0,0,0,0,0,0,0,0,0,0,0,0,0
479895.423070,0,0,0,0,0,0,0,0,0,0,0,0,0
479895.428049,0,0,0,0,0,0,0,0,0,0,0,0,0
479895.433022,0,0,0,0,0,0,0,0,0,0,0,0,0
479895.437990,0,0,0,0,0,0,0,0,0,0,0,0,0
479895.442989,0,0,0,0,0,0,0,0,0,0,0,0,0
479895.448033,0,0,0,0,0,0,0,0,0,0,0,0,0
479895.453121,0,0,0,0,0,0,0,0,0,0,0,0,0
479895.458052,0,0,0,0,0,0,0,0,0,0,0,0,0
479895.463024,0,0,0,0,0,0,0,0,0,0,0,0,0
479895.468078,0,0,0,0,0,0,0,0,0,0,0,0,0
479895.473179,0,0,0,0,0,0,0,0,0,0,0,0,0
479895.478068,0,0,0,0,0,0,0,0,0,0,0,0,0
479895.483225,0,0,0,0,0,0,0,0,0,0,0,0,0
479895.488135,0,0,0,0,0,0,0,0,0,0,0,0,0
479895.493119,0,0,0,0,0,0,0,0,0,0,0,0,0
479895.498146,0,0,0,0,0,0,0,0,0,0,0,0,0
479895.503201,0,0,0,0,0,0,0,0,0,0,0,0,0
479895.508177,0,0,0,0,0,0,0,0,0,0,0,0,0
479895.513136,0,0,0,0,0,0,0,0,0,0,0,0,0
479895.518226,0,0,0,0,0,0,0,0,0,0,0,0,0
479895.523129,0,0,0,0,0,0,0,0,0,0,0,0,0
479895.528163,0,0,0,0,0,0,0,0,0,0,0,0,0
479895.533076,0,0,0,0,0,0,0,0,0,0,0,0,0
479895.538207,0,0,0,0,0,0,0,0,0,0,0,0,0
479895.543089,0,0,0,0,0,0,0,0,0,0,0,0,0
479895.548161,0,0,0,0,0,0,0,0,0,0,0,0,0
479895.553239,0,0,0,0,0,0,0,0,0,0,0,0,0
479895.558161,0,0,0,0,0,0,0,0,0,0,0,0,0
479895.563178,0,0,0,0,0,0,0,0,0,0,0,0,0
479895.568152,0,0,0,0,0,0,0,0,0,0,0,0,0
479895.573195,0,0,0,0,0,0,0,0,0,0,0,0,0
479895.578157,0,0,0,0,0,0,0,0,0,0,0,0,0
479895.583223,0,0,0,0,0,0,0,0,0,0,0,0,0
479895.588100,0,0,0,0,0,0,0,0,0,0,0,0,0
479895.593148,0,0,0,0,0,0,0,0,0,0,0,0,0
479895.598261,0,0,0,0,0,0,0,0,0,0,0,0,0
479895.603206,0,0,0,0,0,0,0,0,0,0,0,0,0
479895.608168,0,0,0,0,0,0,0,0,0,0,0,0,0
479895.613156,0,0,0,0,0,0,0,0,0,0,0,0,0
479895.618217,0,0,0,0,0,0,0,0,0,0,0,0,0
479895.623113,0,0,0,0,0,0,0,0,0,0,0,0,0
479895.628137,0,0,0,0,0,0,0,0,0,0,0,0,0
479895.633084,0,0,0,0,0,0,0,0,0,0,0,0,0
479895.638156,0,0,0,0,0,0,0,0,0,0,0,0,0
479895.643026,0,0,0,0,0,0,0,0,0,0,0,0,0
479895.648144,0,0,0,0,0,0,0,0,0,0,0,0,0
479895.653218,0,0,0,0,0,0,0,0,0,0,0,0,0
479895.658162,0,0,0,0,0,0,0,0,0,0,0,0,0
479895.663161,0,0,0,0,0,0,0,0,0,0,0,0,0
479895.668193,0,0,0,0,0,0,0,0,0,0,0,0,0
479895.673188,0,0,0,0,0,0,0,0,0,0,0,0,0
479895.678083,0,0,0,0,0,0,0,0,0,0,0,0,0
479895.683136,0,0,0,0,0,0,0,0,0,0,0,0,0
479895.688064,0,0,0,0,0,0,0,0,0,0,0,0,0
479895.693148,0,0,0,0,0,0,0,0,0,0,0,0,0
479895.698259,0,0,0,0,0,0,0,0,0,0,0,0,0
479895.703285,0,0,0,0,0,0,0,0,0,0,0,0,0
479895.708105,0,0,0,0,0,0,0,0,0,0,0,0,0
479895.713135,0,0,0,0,0,0,0,0,0,0,0,0,0
479895.718153,0,0,0,0,0,0,0,0,0,0,0,0,0
479895.723189,0,0,0,0,0,0,0,0,0,0,0,0,0
479895.728166,0,0,0,0,0,0,0,0,0,0,0,0,0
479895.733111,0,0,0,0,0,0,0,0,0,0,0,0,0
479895.738185,0,0,0,0,0,0,0,0,0,0,0,0,0
479895.743094,0,0,0,0,0,0,0,0,0,0,0,0,0
479895.748163,0,0,0,0,0,0,0,0,0,0,0,0,0
479895.753220,0,0,0,0,0,0,0,0,0,0,0,0,0
479895.758161,0,0,0,0,0,0,0,0,0,0,0,0,0
479895.763114,0,0,0,0,0,0,0,0,0,0,0,0,0
479895.768173,0,0,0,0,0,0,0,0,0,0,0,0,0
479895.773170,0,0,0,0,0,0,0,0,0,0,0,0,0
479895.778152,0,0,0,0,0,0,0,0,0,0,0,0,0
479895.783225,0,0,0,0,0,0,0,0,0,0,0,0,0
479895.788104,0,0,0,0,0,0,0,0,0,0,0,0,0
479895.793149,0,0,0,0,0,0,0,0,0,0,0,0,0
479895.798274,0,0,0,0,0,0,0,0,0,0,0,0,0
479895.803252,0,0,0,0,0,0,0,0,0,0,0,0,0
479895.808180,0,0,0,0,0,0,0,0,0,0,0,0,0
479895.813098,0,0,0,0,0,0,0,0,0,0,0,0,0
479895.818233,0,0,0,0,0,0,0,0,0,0,0,0,0
479895.822996,0,0,0,0,0,0,0,0,0,0,0,0,0
479895.828107,0,0,0,0,0,0,0,0,0,0,0,0,0
479895.833008,0,0,0,0,0,0,0,0,0,0,0,0,0
479895.838153,0,0,0,0,0,0,0,0,0,0,0,0,0
479895.843040,0,0,0,0,0,0,0,0,0,0,0,0,0
479895.848232,0,0,0,0,0,0,0,0,0,0,0,0,0
479895.853252,0,0,0,0,0,0,0,0,0,0,0,0,0
479895.858105,0,0,0,0,0,0,0,0,0,0,0,0,0
479895.863167,0,0,0,0,0,0,0,0,0,0,0,0,0
479895.868267,0,0,0,0,0,0,0,0,0,0,0,0,0
479895.873471,0,0,0,0,0,0,0,0,0,0,0,0,0
479895.878170,0,0,0,0,0,0,0,0,0,0,0,0,0
479895.883087,0,0,0,0,0,0,0,0,0,0,0,0,0
479895.888043,0,0,0,0,0,0,0,0,0,0,0,0,0
479895.892977,0,0,0,0,0,0,0,0,0,0,0,0,0
479895.898138,0,0,0,0,0,0,0,0,0,0,0,0,0
479895.903104,0,0,0,0,0,0,0,0,0,0,0,0,0
479895.908062,0,0,0,0,0,0,0,0,0,0,0,0,0
479895.913086,0,0,0,0,0,0,0,0,0,0,0,0,0
479895.918155,0,0,0,0,0,0,0,0,0,0,0,0,0
479895.923208,0,0,0,0,0,0,0,0,0,0,0,0,0
479895.928160,0,0,0,0,0,0,0,0,0,0,0,0,0
479895.933091,0,0,0,0,0,0,0,0,0,0,0,0,0
479895.938233,0,0,0,0,0,0,0,0,0,0,0,0,0
479895.943058,0,0,0,0,0,0,0,0,0,0,0,0,0
479895.948135,0,0,0,0,0,0,0,0,0,0,0,0,0
479895.953258,0,0,0,0,0,0,0,0,0,0,0,0,0
479895.958086,0,0,0,0,0,0,0,0,0,0,0,0,0
479895.963183,0,0,0,0,0,0,0,0,0,0,0,0,0
479895.968134,0,0,0,0,0,0,0,0,0,0,0,0,0
479895.973227,0,0,0,0,0,0,0,0,0,0,0,0,0
479895.978210,0,0,0,0,0,0,0,0,0,0,0,0,0
479895.983210,0,0,0,0,0,0,0,0,0,0,0,0,0
479895.988126,0,0,0,0,0,0,0,0,0,0,0,0,0
479895.993157,0,0,0,0,0,0,0,0,0,0,0,0,0
479895.998295,0,0,0,0,0,0,0,0,0,0,0,0,0
479896.003259,0,0,0,0,0,0,0,0,0,0,0,0,0
479896.008223,0,0,0,0,0,0,0,0,0,0,0,0,0
479896.013192,0,0,0,0,0,0,0,0,0,0,0,0,0
479896.018231,0,0,0,0,0,0,0,0,0,0,0,0,0
479896.023178,0,0,0,0,0,0,0,0,0,0,0,0,0
479896.028177,0,0,0,0,0,0,0,0,0,0,0,0,0
479896.033127,0,0,0,0,0,0,0,0,0,0,0,0,0
479896.038252,0,0,0,0,0,0,0,0,0,0,0,0,0
479896.043190,0,0,0,0,0,0,0,0,0,0,0,0,0
479896.048200,0,0,0,0,0,0,0,0,0,0,0,0,0
479896.053265,0,0,0,0,0,0,0,0,0,0,0,0,0
479896.058069,0,0,0,0,0,0,0,0,0,0,0,0,0
479896.063102,0,0,0,0,0,0,0,0,0,0,0,0,0
479896.068236,0,0,0,0,0,0,0,0,0,0,0,0,0
479896.073207,0,0,0,0,0,0,0,0,0,0,0,0,0
479896.078078,0,0,0,0,0,0,0,0,0,0,0,0,0
479896.083013,0,0,0,0,0,0,0,0,0,0,0,0,0
479896.088015,0,0,0,0,0,0,0,0,0,0,0,0,0
479896.093065,0,0,0,0,0,0,0,0,0,0,0,0,0
479896.098153,0,0,0,0,0,0,0,0,0,0,0,0,0
479896.103232,0,0,0,0,0,0,0,0,0,0,0,0,0
479896.108224,0,0,0,0,0,0,0,0,0,0,0,0,0
479896.113175,0,0,0,0,0,0,0,0,0,0,0,0,0
479896.118264,0,0,0,0,0,0,0,0,0,0,0,0,0
479896.123199,0,0,0,0,0,0,0,0,0,0,0,0,0
479896.128102,0,0,0,0,0,0,0,0,0,0,0,0,0
479896.133153,0,0,0,0,0,0,0,0,0,0,0,0,0
479896.138252,0,0,0,0,0,0,0,0,0,0,0,0,0
479896.143103,0,0,0,0,0,0,0,0,0,0,0,0,0
479896.148248,0,0,0,0,0,0,0,0,0,0,0,0,0
479896.153238,0,0,0,0,0,0,0,0,0,0,0,0,0
479896.158092,0,0,0,0,0,0,0,0,0,0,0,0,0
479896.163103,0,0,0,0,0,0,0,0,0,0,0,0,0
479896.168115,0,0,0,0,0,0,0,0,0,0,0,0,0
479896.173190,0,0,0,0,0,0,0,0,0,0,0,0,0
479896.178047,0,0,0,0,0,0,0,0,0,0,0,0,0
479896.183066,0,0,0,0,0,0,0,0,0,0,0,0,0
479896.188115,0,0,0,0,0,0,0,0,0,0,0,0,0
479896.193187,0,0,0,0,0,0,0,0,0,0,0,0,0
479896.204871,0,0,0,0,0,0,0,0,0,0,0,0,0
479896.205150,0,0,0,0,0,0,0,0,0,0,0,0,0
479896.208185,0,0,0,0,0,0,0,0,0,0,0,0,0
479896.213200,0,0,0,0,0,0,0,0,0,0,0,0,0
479896.218214,0,0,0,0,0,0,0,0,0,0,0,0,0
479896.223206,0,0,0,0,0,0,0,0,0,0,0,0,0
479896.228177,0,0,0,0,0,0,0,0,0,0,0,0,0
479896.233109,0,0,0,0,0,0,0,0,0,0,0,0,0
479896.238217,0,0,0,0,0,0,0,0,0,0,0,0,0
479896.243106,0,0,0,0,0,0,0,0,0,0,0,0,0
479896.248206,0,0,0,0,0,0,0,0,0,0,0,0,0
479896.253253,0,0,0,0,0,0,0,0,0,0,0,0,0
479896.258105,0,0,0,0,0,0,0,0,0,0,0,0,0
479896.263209,0,0,0,0,0,0,0,0,0,0,0,0,0
479896.268273,0,0,0,0,0,0,0,0,0,0,0,0,0
479896.273210,0,0,0,0,0,0,0,0,0,0,0,0,0
479896.278138,0,0,0,0,0,0,0,0,0,0,0,0,0
479896.283249,0,0,0,0,0,0,0,0,0,0,0,0,0
479896.288047,0,0,0,0,0,0,0,0,0,0,0,0,0
479896.293090,0,0,0,0,0,0,0,0,0,0,0,0,0
479896.298066,0,0,0,0,0,0,0,0,0,0,0,0,0
479896.303197,0,0,0,0,0,0,0,0,0,0,0,0,0
479896.308025,0,0,0,0,0,0,0,0,0,0,0,0,0
479896.313089,0,0,0,0,0,0,0,0,0,0,0,0,0
479896.318104,0,0,0,0,0,0,0,0,0,0,0,0,0
479896.323105,0,0,0,0,0,0,0,0,0,0,0,0,0
479896.328205,0,0,0,0,0,0,0,0,0,0,0,0,0
479896.333151,0,0,0,0,0,0,0,0,0,0,0,0,0
479896.338262,0,0,0,0,0,0,0,0,0,0,0,0,0
479896.343276,0,0,0,0,0,0,0,0,0,0,0,0,0
479896.348201,0,0,0,0,0,0,0,0,0,0,0,0,0
479896.353246,0,0,0,0,0,0,0,0,0,0,0,0,0
479896.358114,0,0,0,0,0,0,0,0,0,0,0,0,0
479896.363179,0,0,0,0,0,0,0,0,0,0,0,0,0
479896.368280,0,0,0,0,0,0,0,0,0,0,0,0,0
479896.373275,0,0,0,0,0,0,0,0,0,0,0,0,0
479896.378198,0,0,0,0,0,0,0,0,0,0,0,0,0
479896.383211,0,0,0,0,0,0,0,0,0,0,0,0,0
479896.388137,0,0,0,0,0,0,0,0,0,0,0,0,0
479896.393192,0,0,0,0,0,0,0,0,0,0,0,0,0
479896.398301,0,0,0,0,0,0,0,0,0,0,0,0,0
479896.403250,0,0,0,0,0,0,0,0,0,0,0,0,0
479896.408219,0,0,0,0,0,0,0,0,0,0,0,0,0
479896.413173,0,0,0,0,0,0,0,0,0,0,0,0,0
479896.418185,0,0,0,0,0,0,0,0,0,0,0,0,0
479896.423115,0,0,0,0,0,0,0,0,0,0,0,0,0
479896.428154,0,0,0,0,0,0,0,0,0,0,0,0,0
479896.433114,0,0,0,0,0,0,0,0,0,0,0,0,0
479896.438254,0,0,0,0,0,0,0,0,0,0,0,0,0
479896.443095,0,0,0,0,0,0,0,0,0,0,0,0,0
479896.448157,0,0,0,0,0,0,0,0,0,0,0,0,0
479896.453257,0,0,0,0,0,0,0,0,0,0,0,0,0
479896.458107,0,0,0,0,0,0,0,0,0,0,0,0,0
479896.463199,0,0,0,0,0,0,0,0,0,0,0,0,0
479896.468195,0,0,0,0,0,0,0,0,0,0,0,0,0
479896.473258,0,0,0,0,0,0,0,0,0,0,0,0,0
479896.478136,0,0,0,0,0,0,0,0,0,0,0,0,0
479896.483428,0,0,0,0,0,0,0,0,0,0,0,0,0
479896.488077,0,0,0,0,0,0,0,0,0,0,0,0,0
479896.493038,0,0,0,0,0,0,0,0,0,0,0,0,0
479896.498146,0,0,0,0,0,0,0,0,0,0,0,0,0
479896.503282,0,0,0,0,0,0,0,0,0,0,0,0,0
479896.508234,0,0,0,0,0,0,0,0,0,0,0,0,0
479896.513184,0,0,0,0,0,0,0,0,0,0,0,0,0
479896.518263,0,0,0,0,0,0,0,0,0,0,0,0,0
479896.523186,0,0,0,0,0,0,0,0,0,0,0,0,0
479896.528444,0,0,0,0,0,0,0,0,0,0,0,0,0
479896.533124,0,0,0,0,0,0,0,0,0,0,0,0,0
479896.538277,0,0,0,0,0,0,0,0,0,0,0,0,0
479896.543086,0,0,0,0,0,0,0,0,0,0,0,0,0
479896.548198,0,0,0,0,0,0,0,0,0,0,0,0,0
479896.553257,0,0,0,0,0,0,0,0,0,0,0,0,0
479896.558043,0,0,0,0,0,0,0,0,0,0,0,0,0
479896.563186,0,0,0,0,0,0,0,0,0,0,0,0,0
479896.568224,0,0,0,0,0,0,0,0,0,0,0,0,0
479896.573229,0,0,0,0,0,0,0,0,0,0,0,0,0
479896.578190,0,0,0,0,0,0,0,0,0,0,0,0,0
479896.583202,0,0,0,0,0,0,0,0,0,0,0,0,0
479896.588125,0,0,0,0,0,0,0,0,0,0,0,0,0
479896.593179,0,0,0,0,0,0,0,0,0,0,0,0,0
479896.598271,0,0,0,0,0,0,0,0,0,0,0,0,0
479896.603226,0,0,0,0,0,0,0,0,0,0,0,0,0
479896.608235,0,0,0,0,0,0,0,0,0,0,0,0,0
479896.613189,0,0,0,0,0,0,0,0,0,0,0,0,0
479896.618229,0,0,0,0,0,0,0,0,0,0,0,0,0
479896.623194,0,0,0,0,0,0,0,0,0,0,0,0,0
479896.628185,0,0,0,0,0,0,0,0,0,0,0,0,0
479896.633088,0,0,0,0,0,0,0,0,0,0,0,0,0
479896.638219,0,0,0,0,0,0,0,0,0,0,0,0,0
479896.643083,0,0,0,0,0,0,0,0,0,0,0,0,0
479896.648200,0,0,0,0,0,0,0,0,0,0,0,0,0
479896.653236,0,0,0,0,0,0,0,0,0,0,0,0,0
479896.658135,0,0,0,0,0,0,0,0,0,0,0,0,0
479896.663105,0,0,0,0,0,0,0,0,0,0,0,0,0
479896.668134,0,0,0,0,0,0,0,0,0,0,0,0,0
479896.673211,0,0,0,0,0,0,0,0,0,0,0,0,0
479896.678191,0,0,0,0,0,0,0,0,0,0,0,0,0
479896.683155,0,0,0,0,0,0,0,0,0,0,0,0,0
479896.688045,0,0,0,0,0,0,0,0,0,0,0,0,0
479896.693096,0,0,0,0,0,0,0,0,0,0,0,0,0
479896.698166,0,0,0,0,0,0,0,0,0,0,0,0,0
479896.703198,0,0,0,0,0,0,0,0,0,0,0,0,0
479896.708203,0,0,0,0,0,0,0,0,0,0,0,0,0
479896.713174,0,0,0,0,0,0,0,0,0,0,0,0,0
479896.718229,0,0,0,0,0,0,0,0,0,0,0,0,0
479896.723187,0,0,0,0,0,0,0,0,0,0,0,0,0
479896.728180,0,0,0,0,0,0,0,0,0,0,0,0,0
479896.733082,0,0,0,0,0,0,0,0,0,0,0,0,0
479896.738208,0,0,0,0,0,0,0,0,0,0,0,0,0
479896.743094,0,0,0,0,0,0,0,0,0,0,0,0,0
479896.748196,0,0,0,0,0,0,0,0,0,0,0,0,0
479896.753241,0,0,0,0,0,0,0,0,0,0,0,0,0
479896.758056,0,0,0,0,0,0,0,0,0,0,0,0,0
479896.763181,0,0,0,0,0,0,0,0,0,0,0,0,0
479896.768227,0,0,0,0,0,0,0,0,0,0,0,0,0
479896.773213,0,0,0,0,0,0,0,0,0,0,0,0,0
479896.778159,0,0,0,0,0,0,0,0,0,0,0,0,0
479896.783195,0,0,0,0,0,0,0,0,0,0,0,0,0
479896.788120,0,0,0,0,0,0,0,0,0,0,0,0,0
479896.793183,0,0,0,0,0,0,0,0,0,0,0,0,0
479896.798290,0,0,0,0,0,0,0,0,0,0,0,0,0
479896.803259,0,0,0,0,0,0,0,0,0,0,0,0,0
479896.808201,0,0,0,0,0,0,0,0,0,0,0,0,0
479896.813205,0,0,0,0,0,0,0,0,0,0,0,0,0
479896.818281,0,0,0,0,0,0,0,0,0,0,0,0,0
479896.823221,0,0,0,0,0,0,0,0,0,0,0,0,0
479896.828178,0,0,0,0,0,0,0,0,0,0,0,0,0
479896.833100,0,0,0,0,0,0,0,0,0,0,0,0,0
479896.838218,0,0,0,0,0,0,0,0,0,0,0,0,0
479896.843198,0,0,0,0,0,0,0,0,0,0,0,0,0
479896.848206,0,0,0,0,0,0,0,0,0,0,0,0,0
479896.853278,0,0,0,0,0,0,0,0,0,0,0,0,0
479896.858097,0,0,0,0,0,0,0,0,0,0,0,0,0
479896.863130,0,0,0,0,0,0,0,0,0,0,0,0,0
479896.868219,0,0,0,0,0,0,0,0,0,0,0,0,0
479896.873245,0,0,0,0,0,0,0,0,0,0,0,0,0
479896.878292,0,0,0,0,0,0,0,0,0,0,0,0,0
479896.883121,0,0,0,0,0,0,0,0,0,0,0,0,0
479896.888038,0,0,0,0,0,0,0,0,0,0,0,0,0
479896.893022,0,0,0,0,0,0,0,0,0,0,0,0,0
479896.898025,0,0,0,0,0,0,0,0,0,0,0,0,0
479896.903124,0,0,0,0,0,0,0,0,0,0,0,0,0
479896.908101,0,0,0,0,0,0,0,0,0,0,0,0,0
479896.913144,0,0,0,0,0,0,0,0,0,0,0,0,0
479896.918165,0,0,0,0,0,0,0,0,0,0,0,0,0
479896.923090,0,0,0,0,0,0,0,0,0,0,0,0,0
479896.928211,0,0,0,0,0,0,0,0,0,0,0,0,0
479896.933090,0,0,0,0,0,0,0,0,0,0,0,0,0
479896.938241,0,0,0,0,0,0,0,0,0,0,0,0,0
479896.943102,0,0,0,0,0,0,0,0,0,0,0,0,0
479896.948186,0,0,0,0,0,0,0,0,0,0,0,0,0
479896.953196,0,0,0,0,0,0,0,0,0,0,0,0,0
479896.958214,0,0,0,0,0,0,0,0,0,0,0,0,0
479896.963173,0,0,0,0,0,0,0,0,0,0,0,0,0
479896.968169,0,0,0,0,0,0,0,0,0,0,0,0,0
479896.973135,0,0,0,0,0,0,0,0,0,0,0,0,0
479896.978019,0,0,0,0,0,0,0,0,0,0,0,0,0
479896.983117,0,0,0,0,0,0,0,0,0,0,0,0,0
479896.988016,0,0,0,0,0,0,0,0,0,0,0,0,0
479896.993035,0,0,0,0,0,0,0,0,0,0,0,0,0
479896.998299,0,0,0,0,0,0,0,0,0,0,0,0,0
479897.003241,0,0,0,0,0,0,0,0,0,0,0,0,0
479897.008228,0,0,0,0,0,0,0,0,0,0,0,0,0
479897.013145,0,0,0,0,0,0,0,0,0,0,0,0,0
479897.018269,0,0,0,0,0,0,0,0,0,0,0,0,0
479897.023182,0,0,0,0,0,0,0,0,0,0,0,0,0
479897.028214,0,0,0,0,0,0,0,0,0,0,0,0,0
479897.033163,0,0,0,0,0,0,0,0,0,0,0,0,0
479897.038100,0,0,0,0,0,0,0,0,0,0,0,0,0
479897.043109,0,0,0,0,0,0,0,0,0,0,0,0,0
479897.048221,0,0,0,0,0,0,0,0,0,0,0,0,0
479897.053243,0,0,0,0,0,0,0,0,0,0,0,0,0
479897.058234,0,0,0,0,0,0,0,0,0,0,0,0,0
479897.063172,0,0,0,0,0,0,0,0,0,0,0,0,0
479897.068238,0,0,0,0,0,0,0,0,0,0,0,0,0
479897.073219,0,0,0,0,0,0,0,0,0,0,0,0,0
479897.078182,0,0,0,0,0,0,0,0,0,0,0,0,0
479897.083207,0,0,0,0,0,0,0,0,0,0,0,0,0
479897.088051,0,0,0,0,0,0,0,0,0,0,0,0,0
479897.093018,0,0,0,0,0,0,0,0,0,0,0,0,0
479897.098122,0,0,0,0,0,0,0,0,0,0,0,0,0
479897.103157,0,0,0,0,0,0,0,0,0,0,0,0,0
479897.108223,0,0,0,0,0,0,0,0,0,0,0,0,0
479897.113171,0,0,0,0,0,0,0,0,0,0,0,0,0
479897.118243,0,0,0,0,0,0,0,0,0,0,0,0,0
479897.123216,0,0,0,0,0,0,0,0,0,0,0,0,0
479897.128252,0,0,0,0,0,0,0,0,0,0,0,0,0
479897.133040,0,0,0,0,0,0,0,0,0,0,0,0,0
479897.138156,0,0,0,0,0,0,0,0,0,0,0,0,0
479897.143007,0,0,0,0,0,0,0,0,0,0,0,0,0
479897.147969,0,0,0,0,0,0,0,0,0,0,0,0,0
479897.153325,0,0,0,0,0,0,0,0,0,0,0,0,0
479897.158134,0,0,0,0,0,0,0,0,0,0,0,0,0
479897.163176,0,0,0,0,0,0,0,0,0,0,0,0,0
479897.168235,0,0,0,0,0,0,0,0,0,0,0,0,0
479897.173207,0,0,0,0,0,0,0,0,0,0,0,0,0
479897.178223,0,0,0,0,0,0,0,0,0,0,0,0,0
479897.183217,0,0,0,0,0,0,0,0,0,0,0,0,0
479897.188116,0,0,0,0,0,0,0,0,0,0,0,0,0
479897.193153,0,0,0,0,0,0,0,0,0,0,0,0,0
479897.198281,0,0,0,0,0,0,0,0,0,0,0,0,0
479897.203232,0,0,0,0,0,0,0,0,0,0,0,0,0
479897.208192,0,0,0,0,0,0,0,0,0,0,0,0,0
479897.213200,0,0,0,0,0,0,0,0,0,0,0,0,0
479897.218224,0,0,0,0,0,0,0,0,0,0,0,0,0
479897.223222,0,0,0,0,0,0,0,0,0,0,0,0,0
479897.228160,0,0,0,0,0,0,0,0,0,0,0,0,0
479897.233061,0,0,0,0,0,0,0,0,0,0,0,0,0
479897.238224,0,0,0,0,0,0,0,0,0,0,0,0,0
479897.243101,0,0,0,0,0,0,0,0,0,0,0,0,0
479897.248150,0,0,0,0,0,0,0,0,0,0,0,0,0
479897.253787,0,0,0,0,0,0,0,0,0,0,0,0,0
479897.258205,0,0,0,0,0,0,0,0,0,0,0,0,0
479897.263201,0,0,0,0,0,0,0,0,0,0,0,0,0
479897.268241,0,0,0,0,0,0,0,0,0,0,0,0,0
479897.273235,0,0,0,0,0,0,0,0,0,0,0,0,0
479897.278195,0,0,0,0,0,0,0,0,0,0,0,0,0
479897.283194,0,0,0,0,0,0,0,0,0,0,0,0,0
479897.288145,0,0,0,0,0,0,0,0,0,0,0,0,0
479897.293114,0,0,0,0,0,0,0,0,0,0,0,0,0
479897.298299,0,0,0,0,0,0,0,0,0,0,0,0,0
479897.303258,0,0,0,0,0,0,0,0,0,0,0,0,0
479897.308146,0,0,0,0,0,0,0,0,0,0,0,0,0
479897.313178,0,0,0,0,0,0,0,0,0,0,0,0,0
479897.318255,0,0,0,0,0,0,0,0,0,0,0,0,0
479897.323172,0,0,0,0,0,0,0,0,0,0,0,0,0
479897.328188,0,0,0,0,0,0,0,0,0,0,0,0,0
479897.333129,0,0,0,0,0,0,0,0,0,0,0,0,0
479897.338269,0,0,0,0,0,0,0,0,0,0,0,0,0
479897.343117,0,0,0,0,0,0,0,0,0,0,0,0,0
479897.348189,0,0,0,0,0,0,0,0,0,0,0,0,0
479897.353235,0,0,0,0,0,0,0,0,0,0,0,0,0
479897.358200,0,0,0,0,0,0,0,0,0,0,0,0,0
479897.363172,0,0,0,0,0,0,0,0,0,0,0,0,0
479897.368225,0,0,0,0,0,0,0,0,0,0,0,0,0
479897.373235,0,0,0,0,0,0,0,0,0,0,0,0,0
479897.378165,0,0,0,0,0,0,0,0,0,0,0,0,0
479897.383220,0,0,0,0,0,0,0,0,0,0,0,0,0
479897.388151,0,0,0,0,0,0,0,0,0,0,0,0,0
479897.393167,0,0,0,0,0,0,0,0,0,0,0,0,0
479897.398310,0,0,0,0,0,0,0,0,0,0,0,0,0
479897.403279,0,0,0,0,0,0,0,0,0,0,0,0,0
479897.408149,0,0,0,0,0,0,0,0,0,0,0,0,0
479897.412977,0,0,0,0,0,0,0,0,0,0,0,0,0
479897.418065,0,0,0,0,0,0,0,0,0,0,0,0,0
479897.423044,0,0,0,0,0,0,0,0,0,0,0,0,0
479897.428032,0,0,0,0,0,0,0,0,0,0,0,0,0
479897.432982,0,0,0,0,0,0,0,0,0,0,0,0,0
479897.438221,0,0,0,0,0,0,0,0,0,0,0,0,0
479897.443014,0,0,0,0,0,0,0,0,0,0,0,0,0
479897.448182,0,0,0,0,0,0,0,0,0,0,0,0,0
479897.453235,0,0,0,0,0,0,0,0,0,0,0,0,0
479897.458094,0,0,0,0,0,0,0,0,0,0,0,0,0
479897.463188,0,0,0,0,0,0,0,0,0,0,0,0,0
479897.468148,0,0,0,0,0,0,0,0,0,0,0,0,0
479897.473233,0,0,0,0,0,0,0,0,0,0,0,0,0
479897.478189,0,0,0,0,0,0,0,0,0,0,0,0,0
479897.483213,0,0,0,0,0,0,0,0,0,0,0,0,0
479897.488181,0,0,0,0,0,0,0,0,0,0,0,0,0
479897.493185,0,0,0,0,0,0,0,0,0,0,0,0,0
479897.498285,0,0,0,0,0,0,0,0,0,0,0,0,0
479897.503234,0,0,0,0,0,0,0,0,0,0,0,0,0
479897.508239,0,0,0,0,0,0,0,0,0,0,0,0,0
479897.513180,0,0,0,0,0,0,0,0,0,0,0,0,0
479897.518280,0,0,0,0,0,0,0,0,0,0,0,0,0
479897.523240,0,0,0,0,0,0,0,0,0,0,0,0,0
479897.528215,0,0,0,0,0,0,0,0,0,0,0,0,0
479897.533139,0,0,0,0,0,0,0,0,0,0,0,0,0
479897.538232,0,0,0,0,0,0,0,0,0,0,0,0,0
479897.543146,0,0,0,0,0,0,0,0,0,0,0,0,0
479897.548214,0,0,0,0,0,0,0,0,0,0,0,0,0
479897.553203,0,0,0,0,0,0,0,0,0,0,0,0,0
479897.558127,0,0,0,0,0,0,0,0,0,0,0,0,0
479897.563241,0,0,0,0,0,0,0,0,0,0,0,0,0
479897.568263,0,0,0,0,0,0,0,0,0,0,0,0,0
479897.573253,0,0,0,0,0,0,0,0,0,0,0,0,0
479897.578195,0,0,0,0,0,0,0,0,0,0,0,0,0
479897.583233,0,0,0,0,0,0,0,0,0,0,0,0,0
479897.588150,0,0,0,0,0,0,0,0,0,0,0,0,0
479897.593200,0,0,0,0,0,0,0,0,0,0,0,0,0
479897.598312,0,0,0,0,0,0,0,0,0,0,0,0,0
479897.603267,0,0,0,0,0,0,0,0,0,0,0,0,0
479897.608219,0,0,0,0,0,0,0,0,0,0,0,0,0
479897.613204,0,0,0,0,0,0,0,0,0,0,0,0,0
479897.618235,0,0,0,0,0,0,0,0,0,0,0,0,0
479897.623169,0,0,0,0,0,0,0,0,0,0,0,0,0
479897.628206,0,0,0,0,0,0,0,0,0,0,0,0,0
479897.633110,0,0,0,0,0,0,0,0,0,0,0,0,0
479897.638247,0,0,0,0,0,0,0,0,0,0,0,0,0
479897.643078,0,0,0,0,0,0,0,0,0,0,0,0,0
479897.648172,0,0,0,0,0,0,0,0,0,0,0,0,0
479897.653257,0,0,0,0,0,0,0,0,0,0,0,0,0
479897.658197,0,0,0,0,0,0,0,0,0,0,0,0,0
479897.663196,0,0,0,0,0,0,0,0,0,0,0,0,0
479897.668146,0,0,0,0,0,0,0,0,0,0,0,0,0
479897.673089,0,0,0,0,0,0,0,0,0,0,0,0,0
479897.678062,0,0,0,0,0,0,0,0,0,0,0,0,0
479897.683077,0,0,0,0,0,0,0,0,0,0,0,0,0
479897.688130,0,0,0,0,0,0,0,0,0,0,0,0,0
479897.693103,0,0,0,0,0,0,0,0,0,0,0,0,0
479897.698110,0,0,0,0,0,0,0,0,0,0,0,0,0
479897.703104,0,0,0,0,0,0,0,0,0,0,0,0,0
479897.708144,0,0,0,0,0,0,0,0,0,0,0,0,0
479897.713089,0,0,0,0,0,0,0,0,0,0,0,0,0
479897.718130,0,0,0,0,0,0,0,0,0,0,0,0,0
479897.723118,0,0,0,0,0,0,0,0,0,0,0,0,0
479897.728153,0,0,0,0,0,0,0,0,0,0,0,0,0
479897.733111,0,0,0,0,0,0,0,0,0,0,0,0,0
479897.738156,0,0,0,0,0,0,0,0,0,0,0,0,0
479897.743108,0,0,0,0,0,0,0,0,0,0,0,0,0
479897.748073,0,0,0,0,0,0,0,0,0,0,0,0,0
479897.753113,0,0,0,0,0,0,0,0,0,0,0,0,0
479897.758156,0,0,0,0,0,0,0,0,0,0,0,0,0
479897.763242,0,0,0,0,0,0,0,0,0,0,0,0,0
479897.768108,0,0,0,0,0,0,0,0,0,0,0,0,0
479897.773086,0,0,0,0,0,0,0,0,0,0,0,0,0
479897.778073,0,0,0,0,0,0,0,0,0,0,0,0,0
479897.783093,0,0,0,0,0,0,0,0,0,0,0,0,0
479897.788055,0,0,0,0,0,0,0,0,0,0,0,0,0
479897.793089,0,0,0,0,0,0,0,0,0,0,0,0,0
479897.798168,0,0,0,0,0,0,0,0,0,0,0,0,0
479897.803171,0,0,0,0,0,0,0,0,0,0,0,0,0
479897.808206,0,0,0,0,0,0,0,0,0,0,0,0,0
479897.813073,0,0,0,0,0,0,0,0,0,0,0,0,0
479897.818159,0,0,0,0,0,0,0,0,0,0,0,0,0
479897.823147,0,0,0,0,0,0,0,0,0,0,0,0,0
479897.828074,0,0,0,0,0,0,0,0,0,0,0,0,0
479897.833044,0,0,0,0,0,0,0,0,0,0,0,0,0
479897.838166,0,0,0,0,0,0,0,0,0,0,0,0,0
479897.843022,0,0,0,0,0,0,0,0,0,0,0,0,0
479897.848096,0,0,0,0,0,0,0,0,0,0,0,0,0
479897.853055,0,0,0,0,0,0,0,0,0,0,0,0,0
479897.858146,0,0,0,0,0,0,0,0,0,0,0,0,0
479897.863175,0,0,0,0,0,0,0,0,0,0,0,0,0
479897.868179,0,0,0,0,0,0,0,0,0,0,0,0,0
479897.873108,0,0,0,0,0,0,0,0,0,0,0,0,0
479897.878116,0,0,0,0,0,0,0,0,0,0,0,0,0
479897.883215,0,0,0,0,0,0,0,0,0,0,0,0,0
479897.888057,0,0,0,0,0,0,0,0,0,0,0,0,0
479897.893200,0,0,0,0,0,0,0,0,0,0,0,0,0
479897.898119,0,0,0,0,0,0,0,0,0,0,0,0,0
479897.903143,0,0,0,0,0,0,0,0,0,0,0,0,0
479897.908227,0,0,0,0,0,0,0,0,0,0,0,0,0
479897.913099,0,0,0,0,0,0,0,0,0,0,0,0,0
479897.918133,0,0,0,0,0,0,0,0,0,0,0,0,0
479897.923125,0,0,0,0,0,0,0,0,0,0,0,0,0
479897.928100,0,0,0,0,0,0,0,0,0,0,0,0,0
479897.933141,0,0,0,0,0,0,0,0,0,0,0,0,0
479897.938147,0,0,0,0,0,0,0,0,0,0,0,0,0
479897.942987,0,0,0,0,0,0,0,0,0,0,0,0,0
479897.948157,0,0,0,0,0,0,0,0,0,0,0,0,0
479897.953127,0,0,0,0,0,0,0,0,0,0,0,0,0
479897.958222,0,0,0,0,0,0,0,0,0,0,0,0,0
479897.963128,0,0,0,0,0,0,0,0,0,0,0,0,0
479897.968040,0,0,0,0,0,0,0,0,0,0,0,0,0
479897.973234,0,0,0,0,0,0,0,0,0,0,0,0,0
479897.978087,0,0,0,0,0,0,0,0,0,0,0,0,0
479897.983219,0,0,0,0,0,0,0,0,0,0,0,0,0
479897.988095,0,0,0,0,0,0,0,0,0,0,0,0,0
479897.993109,0,0,0,0,0,0,0,0,0,0,0,0,0
479897.998250,0,0,0,0,0,0,0,0,0,0,0,0,0
479898.003132,0,0,0,0,0,0,0,0,0,0,0,0,0
479898.008129,0,0,0,0,0,0,0,0,0,0,0,0,0
479898.013043,0,0,0,0,0,0,0,0,0,0,0,0,0
479898.018190,0,0,0,0,0,0,0,0,0,0,0,0,0
479898.023225,0,0,0,0,0,0,0,0,0,0,0,0,0
479898.028113,0,0,0,0,0,0,0,0,0,0,0,0,0
479898.033024,0,0,0,0,0,0,0,0,0,0,0,0,0
479898.038166,0,0,0,0,0,0,0,0,0,0,0,0,0
479898.043104,0,0,0,0,0,0,0,0,0,0,0,0,0
479898.048054,0,0,0,0,0,0,0,0,0,0,0,0,0
479898.053105,0,0,0,0,0,0,0,0,0,0,0,0,0
479898.058162,0,0,0,0,0,0,0,0,0,0,0,0,0
479898.063041,0,0,0,0,0,0,0,0,0,0,0,0,0
479898.068093,0,0,0,0,0,0,0,0,0,0,0,0,0
479898.073214,0,0,0,0,0,0,0,0,0,0,0,0,0
479898.078149,0,0,0,0,0,0,0,0,0,0,0,0,0
479898.083205,0,0,0,0,0,0,0,0,0,0,0,0,0
479898.088131,0,0,0,0,0,0,0,0,0,0,0,0,0
479898.093309,0,0,0,0,0,0,0,0,0,0,0,0,0
479898.098275,0,0,0,0,0,0,0,0,0,0,0,0,0
479898.103143,0,0,0,0,0,0,0,0,0,0,0,0,0
479898.108163,0,0,0,0,0,0,0,0,0,0,0,0,0
479898.113089,0,0,0,0,0,0,0,0,0,0,0,0,0
479898.118164,0,0,0,0,0,0,0,0,0,0,0,0,0
479898.123176,0,0,0,0,0,0,0,0,0,0,0,0,0
479898.128125,0,0,0,0,0,0,0,0,0,0,0,0,0
479898.133113,0,0,0,0,0,0,0,0,0,0,0,0,0
479898.138178,0,0,0,0,0,0,0,0,0,0,0,0,0
479898.143052,0,0,0,0,0,0,0,0,0,0,0,0,0
479898.148097,0,0,0,0,0,0,0,0,0,0,0,0,0
479898.153221,0,0,0,0,0,0,0,0,0,0,0,0,0
479898.158152,0,0,0,0,0,0,0,0,0,0,0,0,0
479898.163101,0,0,0,0,0,0,0,0,0,0,0,0,0
479898.168130,0,0,0,0,0,0,0,0,0,0,0,0,0
479898.173160,0,0,0,0,0,0,0,0,0,0,0,0,0
479898.178036,0,0,0,0,0,0,0,0,0,0,0,0,0
479898.183204,0,0,0,0,0,0,0,0,0,0,0,0,0
479898.188073,0,0,0,0,0,0,0,0,0,0,0,0,0
479898.193099,0,0,0,0,0,0,0,0,0,0,0,0,0
479898.198176,0,0,0,0,0,0,0,0,0,0,0,0,0
479898.203134,0,0,0,0,0,0,0,0,0,0,0,0,0
479898.208134,0,0,0,0,0,0,0,0,0,0,0,0,0
479898.213113,0,0,0,0,0,0,0,0,0,0,0,0,0
479898.218080,0,0,0,0,0,0,0,0,0,0,0,0,0
479898.223185,0,0,0,0,0,0,0,0,0,0,0,0,0
479898.228109,0,0,0,0,0,0,0,0,0,0,0,0,0
479898.233056,0,0,0,0,0,0,0,0,0,0,0,0,0
479898.238209,0,0,0,0,0,0,0,0,0,0,0,0,0
479898.243027,0,0,0,0,0,0,0,0,0,0,0,0,0
479898.248097,0,0,0,0,0,0,0,0,0,0,0,0,0
479898.253173,0,0,0,0,0,0,0,0,0,0,0,0,0
479898.258227,0,0,0,0,0,0,0,0,0,0,0,0,0
479898.263126,0,0,0,0,0,0,0,0,0,0,0,0,0
479898.268098,0,0,0,0,0,0,0,0,0,0,0,0,0
479898.273158,0,0,0,0,0,0,0,0,0,0,0,0,0
479898.278051,0,0,0,0,0,0,0,0,0,0,0,0,0
479898.283177,0,0,0,0,0,0,0,0,0,0,0,0,0
479898.288049,0,0,0,0,0,0,0,0,0,0,0,0,0
479898.293178,0,0,0,0,0,0,0,0,0,0,0,0,0
479898.298301,0,0,0,0,0,0,0,0,0,0,0,0,0
479898.303271,0,0,0,0,0,0,0,0,0,0,0,0,0
479898.308121,0,0,0,0,0,0,0,0,0,0,0,0,0
479898.313097,0,0,0,0,0,0,0,0,0,0,0,0,0
479898.318034,0,0,0,0,0,0,0,0,0,0,0,0,0
479898.323168,0,0,0,0,0,0,0,0,0,0,0,0,0
479898.328203,0,0,0,0,0,0,0,0,0,0,0,0,0
479898.333042,0,0,0,0,0,0,0,0,0,0,0,0,0
479898.338086,0,0,0,0,0,0,0,0,0,0,0,0,0
479898.343025,0,0,0,0,0,0,0,0,0,0,0,0,0
479898.348122,0,0,0,0,0,0,0,0,0,0,0,0,0
479898.353127,0,0,0,0,0,0,0,0,0,0,0,0,0
479898.358121,0,0,0,0,0,0,0,0,0,0,0,0,0
479898.363087,0,0,0,0,0,0,0,0,0,0,0,0,0
479898.368111,0,0,0,0,0,0,0,0,0,0,0,0,0
479898.373251,0,0,0,0,0,0,0,0,0,0,0,0,0
479898.378150,0,0,0,0,0,0,0,0,0,0,0,0,0
479898.383150,0,0,0,0,0,0,0,0,0,0,0,0,0
479898.388098,0,0,0,0,0,0,0,0,0,0,0,0,0
479898.393249,0,0,0,0,0,0,0,0,0,0,0,0,0
479898.398939,0,0,0,0,0,0,0,0,0,0,0,0,0
479898.403295,0,0,0,0,0,0,0,0,0,0,0,0,0
479898.408853,0,0,0,0,0,0,0,0,0,0,0,0,0
479898.413104,0,0,0,0,0,0,0,0,0,0,0,0,0
479898.418147,0,0,0,0,0,0,0,0,0,0,0,0,0
479898.423146,0,0,0,0,0,0,0,0,0,0,0,0,0
479898.428198,0,0,0,0,0,0,0,0,0,0,0,0,0
479898.433075,0,0,0,0,0,0,0,0,0,0,0,0,0
479898.438182,0,0,0,0,0,0,0,0,0,0,0,0,0
479898.443040,0,0,0,0,0,0,0,0,0,0,0,0,0
479898.448064,0,0,0,0,0,0,0,0,0,0,0,0,0
479898.453161,0,0,0,0,0,0,0,0,0,0,0,0,0
479898.458118,0,0,0,0,0,0,0,0,0,0,0,0,0
479898.463117,0,0,0,0,0,0,0,0,0,0,0,0,0
479898.468032,0,0,0,0,0,0,0,0,0,0,0,0,0
479898.473148,0,0,0,0,0,0,0,0,0,0,0,0,0
479898.478100,0,0,0,0,0,0,0,0,0,0,0,0,0
479898.483135,0,0,0,0,0,0,0,0,0,0,0,0,0
479898.488058,0,0,0,0,0,0,0,0,0,0,0,0,0
479898.493199,0,0,0,0,0,0,0,0,0,0,0,0,0
479898.498192,0,0,0,0,0,0,0,0,0,0,0,0,0
479898.503115,0,0,0,0,0,0,0,0,0,0,0,0,0
479898.508133,0,0,0,0,0,0,0,0,0,0,0,0,0
479898.513065,0,0,0,0,0,0,0,0,0,0,0,0,0
479898.518068,0,0,0,0,0,0,0,0,0,0,0,0,0
479898.523121,0,0,0,0,0,0,0,0,0,0,0,0,0
479898.528105,0,0,0,0,0,0,0,0,0,0,0,0,0
479898.533051,0,0,0,0,0,0,0,0,0,0,0,0,0
479898.538160,0,0,0,0,0,0,0,0,0,0,0,0,0
479898.543040,0,0,0,0,0,0,0,0,0,0,0,0,0
479898.548124,0,0,0,0,0,0,0,0,0,0,0,0,0
479898.553208,0,0,0,0,0,0,0,0,0,0,0,0,0
479898.558205,0,0,0,0,0,0,0,0,0,0,0,0,0
479898.563129,0,0,0,0,0,0,0,0,0,0,0,0,0
479898.568065,0,0,0,0,0,0,0,0,0,0,0,0,0
479898.573167,0,0,0,0,0,0,0,0,0,0,0,0,0
479898.578091,0,0,0,0,0,0,0,0,0,0,0,0,0
479898.583184,0,0,0,0,0,0,0,0,0,0,0,0,0
479898.588059,0,0,0,0,0,0,0,0,0,0,0,0,0
479898.593076,0,0,0,0,0,0,0,0,0,0,0,0,0
479898.598315,0,0,0,0,0,0,0,0,0,0,0,0,0
479898.603199,0,0,0,0,0,0,0,0,0,0,0,0,0
479898.608177,0,0,0,0,0,0,0,0,0,0,0,0,0
479898.613219,0,0,0,0,0,0,0,0,0,0,0,0,0
479898.618154,0,0,0,0,0,0,0,0,0,0,0,0,0
479898.623184,0,0,0,0,0,0,0,0,0,0,0,0,0
479898.628245,0,0,0,0,0,0,0,0,0,0,0,0,0
479898.633174,0,0,0,0,0,0,0,0,0,0,0,0,0
479898.638120,0,0,0,0,0,0,0,0,0,0,0,0,0
479898.643130,0,0,0,0,0,0,0,0,0,0,0,0,0
479898.648156,0,0,0,0,0,0,0,0,0,0,0,0,0
479898.653213,0,0,0,0,0,0,0,0,0,0,0,0,0
479898.658233,0,0,0,0,0,0,0,0,0,0,0,0,0
479898.663221,0,0,0,0,0,0,0,0,0,0,0,0,0
479898.668102,0,0,0,0,0,0,0,0,0,0,0,0,0
479898.673216,0,0,0,0,0,0,0,0,0,0,0,0,0
479898.678141,0,0,0,0,0,0,0,0,0,0,0,0,0
479898.683398,0,0,0,0,0,0,0,0,0,0,0,0,0
479898.688174,0,0,0,0,0,0,0,0,0,0,0,0,0
479898.693195,0,0,0,0,0,0,0,0,0,0,0,0,0
479898.698307,0,0,0,0,0,0,0,0,0,0,0,0,0
479898.703381,0,0,0,0,0,0,0,0,0,0,0,0,0
479898.708174,0,0,0,0,0,0,0,0,0,0,0,0,0
479898.713165,0,0,0,0,0,0,0,0,0,0,0,0,0
479898.718126,0,0,0,0,0,0,0,0,0,0,0,0,0
479898.723191,0,0,0,0,0,0,0,0,0,0,0,0,0
479898.728125,0,0,0,0,0,0,0,0,0,0,0,0,0
479898.733072,0,0,0,0,0,0,0,0,0,0,0,0,0
479898.738108,0,0,0,0,0,0,0,0,0,0,0,0,0
479898.743055,0,0,0,0,0,0,0,0,0,0,0,0,0
479898.748203,0,0,0,0,0,0,0,0,0,0,0,0,0
479898.753325,0,0,0,0,0,0,0,0,0,0,0,0,0
479898.758156,0,0,0,0,0,0,0,0,0,0,0,0,0
479898.763211,0,0,0,0,0,0,0,0,0,0,0,0,0
479898.768118,0,0,0,0,0,0,0,0,0,0,0,0,0
479898.773161,0,0,0,0,0,0,0,0,0,0,0,0,0
479898.778048,0,0,0,0,0,0,0,0,0,0,0,0,0
479898.783184,0,0,0,0,0,0,0,0,0,0,0,0,0
479898.788027,0,0,0,0,0,0,0,0,0,0,0,0,0
479898.793105,0,0,0,0,0,0,0,0,0,0,0,0,0
479898.798203,0,0,0,0,0,0,0,0,0,0,0,0,0
479898.803174,0,0,0,0,0,0,0,0,0,0,0,0,0
479898.808134,0,0,0,0,0,0,0,0,0,0,0,0,0
479898.813118,0,0,0,0,0,0,0,0,0,0,0,0,0
479898.818124,0,0,0,0,0,0,0,0,0,0,0,0,0
479898.823175,0,0,0,0,0,0,0,0,0,0,0,0,0
479898.828131,0,0,0,0,0,0,0,0,0,0,0,0,0
479898.833058,0,0,0,0,0,0,0,0,0,0,0,0,0
479898.838181,0,0,0,0,0,0,0,0,0,0,0,0,0
479898.843081,0,0,0,0,0,0,0,0,0,0,0,0,0
479898.848124,0,0,0,0,0,0,0,0,0,0,0,0,0
479898.853264,0,0,0,0,0,0,0,0,0,0,0,0,0
479898.858272,0,0,0,0,0,0,0,0,0,0,0,0,0
479898.863221,0,0,0,0,0,0,0,0,0,0,0,0,0
479898.868201,0,0,0,0,0,0,0,0,0,0,0,0,0
479898.873236,0,0,0,0,0,0,0,0,0,0,0,0,0
479898.878125,0,0,0,0,0,0,0,0,0,0,0,0,0
479898.883242,0,0,0,0,0,0,0,0,0,0,0,0,0
479898.888116,0,0,0,0,0,0,0,0,0,0,0,0,0
479898.893178,0,0,0,0,0,0,0,0,0,0,0,0,0
479898.898210,0,0,0,0,0,0,0,0,0,0,0,0,0
479898.903167,0,0,0,0,0,0,0,0,0,0,0,0,0
479898.908105,0,0,0,0,0,0,0,0,0,0,0,0,0
479898.913152,0,0,0,0,0,0,0,0,0,0,0,0,0
479898.918112,0,0,0,0,0,0,0,0,0,0,0,0,0
479898.923141,0,0,0,0,0,0,0,0,0,0,0,0,0
479898.928160,0,0,0,0,0,0,0,0,0,0,0,0,0
479898.933036,0,0,0,0,0,0,0,0,0,0,0,0,0
479898.938189,0,0,0,0,0,0,0,0,0,0,0,0,0
479898.943132,0,0,0,0,0,0,0,0,0,0,0,0,0
479898.948134,0,0,0,0,0,0,0,0,0,0,0,0,0
479898.953289,0,0,0,0,0,0,0,0,0,0,0,0,0
479898.958255,0,0,0,0,0,0,0,0,0,0,0,0,0
479898.963176,0,0,0,0,0,0,0,0,0,0,0,0,0
479898.968252,0,0,0,0,0,0,0,0,0,0,0,0,0
479898.973198,0,0,0,0,0,0,0,0,0,0,0,0,0
479898.978302,0,0,0,0,0,0,0,0,0,0,0,0,0
479898.983171,0,0,0,0,0,0,0,0,0,0,0,0,0
479898.988206,0,0,0,0,0,0,0,0,0,0,0,0,0
479898.993195,0,0,0,0,0,0,0,0,0,0,0,0,0
479898.998211,0,0,0,0,0,0,0,0,0,0,0,0,0
479899.003273,0,0,0,0,0,0,0,0,0,0,0,0,0
479899.008215,0,0,0,0,0,0,0,0,0,0,0,0,0
479899.013155,0,0,0,0,0,0,0,0,0,0,0,0,0
479899.018111,0,0,0,0,0,0,0,0,0,0,0,0,0
479899.023098,0,0,0,0,0,0,0,0,0,0,0,0,0
479899.028218,0,0,0,0,0,0,0,0,0,0,0,0,0
479899.033099,0,0,0,0,0,0,0,0,0,0,0,0,0
479899.038243,0,0,0,0,0,0,0,0,0,0,0,0,0
479899.043030,0,0,0,0,0,0,0,0,0,0,0,0,0
479899.048164,0,0,0,0,0,0,0,0,0,0,0,0,0
479899.053233,0,0,0,0,0,0,0,0,0,0,0,0,0
479899.058241,0,0,0,0,0,0,0,0,0,0,0,0,0
479899.063113,0,0,0,0,0,0,0,0,0,0,0,0,0
479899.068494,0,0,0,0,0,0,0,0,0,0,0,0,0
479899.073267,0,0,0,0,0,0,0,0,0,0,0,0,0
479899.078221,0,0,0,0,0,0,0,0,0,0,0,0,0
479899.083244,0,0,0,0,0,0,0,0,0,0,0,0,0
479899.088181,0,0,0,0,0,0,0,0,0,0,0,0,0
479899.093203,0,0,0,0,0,0,0,0,0,0,0,0,0
479899.098240,0,0,0,0,0,0,0,0,0,0,0,0,0
479899.103426,0,0,0,0,0,0,0,0,0,0,0,0,0
479899.108264,0,0,0,0,0,0,0,0,0,0,0,0,0
479899.113219,0,0,0,0,0,0,0,0,0,0,0,0,0
479899.118228,0,0,0,0,0,0,0,0,0,0,0,0,0
479899.123255,0,0,0,0,0,0,0,0,0,0,0,0,0
479899.128254,0,0,0,0,0,0,0,0,0,0,0,0,0
479899.133143,0,0,0,0,0,0,0,0,0,0,0,0,0
479899.138274,0,0,0,0,0,0,0,0,0,0,0,0,0
479899.143084,0,0,0,0,0,0,0,0,0,0,0,0,0
479899.148144,0,0,0,0,0,0,0,0,0,0,0,0,0
479899.153286,0,0,0,0,0,0,0,0,0,0,0,0,0
479899.158278,0,0,0,0,0,0,0,0,0,0,0,0,0
479899.163168,0,0,0,0,0,0,0,0,0,0,0,0,0
479899.168240,0,0,0,0,0,0,0,0,0,0,0,0,0
479899.173255,0,0,0,0,0,0,0,0,0,0,0,0,0
479899.178255,0,0,0,0,0,0,0,0,0,0,0,0,0
479899.183264,0,0,0,0,0,0,0,0,0,0,0,0,0
479899.188202,0,0,0,0,0,0,0,0,0,0,0,0,0
479899.193193,0,0,0,0,0,0,0,0,0,0,0,0,0
479899.198222,0,0,0,0,0,0,0,0,0,0,0,0,0
479899.203299,0,0,0,0,0,0,0,0,0,0,0,0,0
479899.208229,0,0,0,0,0,0,0,0,0,0,0,0,0
479899.213228,0,0,0,0,0,0,0,0,0,0,0,0,0
479899.218253,0,0,0,0,0,0,0,0,0,0,0,0,0
479899.223301,0,0,0,0,0,0,0,0,0,0,0,0,0
479899.228232,0,0,0,0,0,0,0,0,0,0,0,0,0
479899.233083,0,0,0,0,0,0,0,0,0,0,0,0,0
479899.238256,0,0,0,0,0,0,0,0,0,0,0,0,0
479899.243047,0,0,0,0,0,0,0,0,0,0,0,0,0
479899.248073,0,0,0,0,0,0,0,0,0,0,0,0,0
479899.253183,0,0,0,0,0,0,0,0,0,0,0,0,0
479899.258185,0,0,0,0,0,0,0,0,0,0,0,0,0
479899.263194,0,0,0,0,0,0,0,0,0,0,0,0,0
479899.268121,0,0,0,0,0,0,0,0,0,0,0,0,0
479899.273290,0,0,0,0,0,0,0,0,0,0,0,0,0
479899.278227,0,0,0,0,0,0,0,0,0,0,0,0,0
479899.283119,0,0,0,0,0,0,0,0,0,0,0,0,0
479899.288097,0,0,0,0,0,0,0,0,0,0,0,0,0
479899.293055,0,0,0,0,0,0,0,0,0,0,0,0,0
479899.298190,0,0,0,0,0,0,0,0,0,0,0,0,0
479899.303258,0,0,0,0,0,0,0,0,0,0,0,0,0
479899.308179,0,0,0,0,0,0,0,0,0,0,0,0,0
479899.313105,0,0,0,0,0,0,0,0,0,0,0,0,0
479899.318221,0,0,0,0,0,0,0,0,0,0,0,0,0
479899.323223,0,0,0,0,0,0,0,0,0,0,0,0,0
479899.328106,0,0,0,0,0,0,0,0,0,0,0,0,0
479899.333130,0,0,0,0,0,0,0,0,0,0,0,0,0
479899.338268,0,0,0,0,0,0,0,0,0,0,0,0,0
479899.343139,0,0,0,0,0,0,0,0,0,0,0,0,0
479899.348176,0,0,0,0,0,0,0,0,0,0,0,0,0
479899.353263,0,0,0,0,0,0,0,0,0,0,0,0,0
479899.358275,0,0,0,0,0,0,0,0,0,0,0,0,0
479899.363231,0,0,0,0,0,0,0,0,0,0,0,0,0
479899.368258,0,0,0,0,0,0,0,0,0,0,0,0,0
479899.373282,0,0,0,0,0,0,0,0,0,0,0,0,0
479899.378221,0,0,0,0,0,0,0,0,0,0,0,0,0
479899.383235,0,0,0,0,0,0,0,0,0,0,0,0,0
479899.388150,0,0,0,0,0,0,0,0,0,0,0,0,0
479899.393193,0,0,0,0,0,0,0,0,0,0,0,0,0
479899.398431,0,0,0,0,0,0,0,0,0,0,0,0,0
479899.403202,0,0,0,0,0,0,0,0,0,0,0,0,0
479899.408163,0,0,0,0,0,0,0,0,0,0,0,0,0
479899.413181,0,0,0,0,0,0,0,0,0,0,0,0,0
479899.418220,0,0,0,0,0,0,0,0,0,0,0,0,0
479899.423132,0,0,0,0,0,0,0,0,0,0,0,0,0
479899.428080,0,0,0,0,0,0,0,0,0,0,0,0,0
479899.433038,0,0,0,0,0,0,0,0,0,0,0,0,0
479899.438114,0,0,0,0,0,0,0,0,0,0,0,0,0
479899.443025,0,0,0,0,0,0,0,0,0,0,0,0,0
479899.448205,0,0,0,0,0,0,0,0,0,0,0,0,0
479899.453136,0,0,0,0,0,0,0,0,0,0,0,0,0
479899.458132,0,0,0,0,0,0,0,0,0,0,0,0,0
479899.463163,0,0,0,0,0,0,0,0,0,0,0,0,0
479899.468066,0,0,0,0,0,0,0,0,0,0,0,0,0
479899.473152,0,0,0,0,0,0,0,0,0,0,0,0,0
479899.478074,0,0,0,0,0,0,0,0,0,0,0,0,0
479899.483099,0,0,0,0,0,0,0,0,0,0,0,0,0
479899.488070,0,0,0,0,0,0,0,0,0,0,0,0,0
479899.493150,0,0,0,0,0,0,0,0,0,0,0,0,0
479899.498193,0,0,0,0,0,0,0,0,0,0,0,0,0
479899.503196,0,0,0,0,0,0,0,0,0,0,0,0,0
479899.508258,0,0,0,0,0,0,0,0,0,0,0,0,0
479899.513225,0,0,0,0,0,0,0,0,0,0,0,0,0
479899.518184,0,0,0,0,0,0,0,0,0,0,0,0,0
479899.523245,0,0,0,0,0,0,0,0,0,0,0,0,0
479899.528226,0,0,0,0,0,0,0,0,0,0,0,0,0
479899.533131,0,0,0,0,0,0,0,0,0,0,0,0,0
479899.538243,0,0,0,0,0,0,0,0,0,0,0,0,0
479899.543130,0,0,0,0,0,0,0,0,0,0,0,0,0
479899.548141,0,0,0,0,0,0,0,0,0,0,0,0,0
479899.553262,0,0,0,0,0,0,0,0,0,0,0,0,0
479899.558203,0,0,0,0,0,0,0,0,0,0,0,0,0
479899.563244,0,0,0,0,0,0,0,0,0,0,0,0,0
479899.568241,0,0,0,0,0,0,0,0,0,0,0,0,0
479899.573241,0,0,0,0,0,0,0,0,0,0,0,0,0
479899.578190,0,0,0,0,0,0,0,0,0,0,0,0,0
479899.583240,0,0,0,0,0,0,0,0,0,0,0,0,0
479899.588181,0,0,0,0,0,0,0,0,0,0,0,0,0
479899.593122,0,0,0,0,0,0,0,0,0,0,0,0,0
479899.598135,0,0,0,0,0,0,0,0,0,0,0,0,0
479899.603176,0,0,0,0,0,0,0,0,0,0,0,0,0
479899.608194,0,0,0,0,0,0,0,0,0,0,0,0,0
479899.613216,0,0,0,0,0,0,0,0,0,0,0,0,0
479899.618378,0,0,0,0,0,0,0,0,0,0,0,0,0
479899.623244,0,0,0,0,0,0,0,0,0,0,0,0,0
479899.628244,0,0,0,0,0,0,0,0,0,0,0,0,0
479899.633153,0,0,0,0,0,0,0,0,0,0,0,0,0
479899.638265,0,0,0,0,0,0,0,0,0,0,0,0,0
479899.643154,0,0,0,0,0,0,0,0,0,0,0,0,0
479899.648137,0,0,0,0,0,0,0,0,0,0,0,0,0
479899.653263,0,0,0,0,0,0,0,0,0,0,0,0,0
479899.658240,0,0,0,0,0,0,0,0,0,0,0,0,0
479899.663238,0,0,0,0,0,0,0,0,0,0,0,0,0
479899.668220,0,0,0,0,0,0,0,0,0,0,0,0,0
479899.673404,0,0,0,0,0,0,0,0,0,0,0,0,0
479899.678135,0,0,0,0,0,0,0,0,0,0,0,0,0
479899.683210,0,0,0,0,0,0,0,0,0,0,0,0,0
479899.688089,0,0,0,0,0,0,0,0,0,0,0,0,0
479899.693267,0,0,0,0,0,0,0,0,0,0,0,0,0
479899.698266,0,0,0,0,0,0,0,0,0,0,0,0,0
479899.703289,0,0,0,0,0,0,0,0,0,0,0,0,0
479899.708263,0,0,0,0,0,0,0,0,0,0,0,0,0
479899.713233,0,0,0,0,0,0,0,0,0,0,0,0,0
479899.718254,0,0,0,0,0,0,0,0,0,0,0,0,0
479899.723206,0,0,0,0,0,0,0,0,0,0,0,0,0
479899.728223,0,0,0,0,0,0,0,0,0,0,0,0,0
479899.733161,0,0,0,0,0,0,0,0,0,0,0,0,0
479899.738289,0,0,0,0,0,0,0,0,0,0,0,0,0
479899.743102,0,0,0,0,0,0,0,0,0,0,0,0,0
479899.748155,0,0,0,0,0,0,0,0,0,0,0,0,0
479899.753251,0,0,0,0,0,0,0,0,0,0,0,0,0
479899.758278,0,0,0,0,0,0,0,0,0,0,0,0,0
479899.763245,0,0,0,0,0,0,0,0,0,0,0,0,0
479899.768217,0,0,0,0,0,0,0,0,0,0,0,0,0
479899.773272,0,0,0,0,0,0,0,0,0,0,0,0,0
479899.778216,0,0,0,0,0,0,0,0,0,0,0,0,0
479899.783221,0,0,0,0,0,0,0,0,0,0,0,0,0
479899.788146,0,0,0,0,0,0,0,0,0,0,0,0,0
479899.793273,0,0,0,0,0,0,0,0,0,0,0,0,0
479899.798197,0,0,0,0,0,0,0,0,0,0,0,0,0
479899.803328,0,0,0,0,0,0,0,0,0,0,0,0,0
479899.808282,0,0,0,0,0,0,0,0,0,0,0,0,0
479899.813155,0,0,0,0,0,0,0,0,0,0,0,0,0
479899.818258,0,0,0,0,0,0,0,0,0,0,0,0,0
479899.823281,0,0,0,0,0,0,0,0,0,0,0,0,0
479899.828203,0,0,0,0,0,0,0,0,0,0,0,0,0
479899.833075,0,0,0,0,0,0,0,0,0,0,0,0,0
479899.838207,0,0,0,0,0,0,0,0,0,0,0,0,0
479899.843113,0,0,0,0,0,0,0,0,0,0,0,0,0
479899.848045,0,0,0,0,0,0,0,0,0,0,0,0,0
479899.853107,0,0,0,0,0,0,0,0,0,0,0,0,0
479899.858201,0,0,0,0,0,0,0,0,0,0,0,0,0
479899.863171,0,0,0,0,0,0,0,0,0,0,0,0,0
479899.868308,0,0,0,0,0,0,0,0,0,0,0,0,0
479899.873300,0,0,0,0,0,0,0,0,0,0,0,0,0
479899.878107,0,0,0,0,0,0,0,0,0,0,0,0,0
479899.883132,0,0,0,0,0,0,0,0,0,0,0,0,0
479899.888143,0,0,0,0,0,0,0,0,0,0,0,0,0
479899.893258,0,0,0,0,0,0,0,0,0,0,0,0,0
479899.898307,0,0,0,0,0,0,0,0,0,0,0,0,0
479899.903210,0,0,0,0,0,0,0,0,0,0,0,0,0
479899.908168,0,0,0,0,0,0,0,0,0,0,0,0,0
479899.913079,0,0,0,0,0,0,0,0,0,0,0,0,0
479899.918163,0,0,0,0,0,0,0,0,0,0,0,0,0
479899.923203,0,0,0,0,0,0,0,0,0,0,0,0,0
479899.928133,0,0,0,0,0,0,0,0,0,0,0,0,0
479899.933086,0,0,0,0,0,0,0,0,0,0,0,0,0
479899.938185,0,0,0,0,0,0,0,0,0,0,0,0,0
479899.943067,0,0,0,0,0,0,0,0,0,0,0,0,0
479899.948110,0,0,0,0,0,0,0,0,0,0,0,0,0
479899.953254,0,0,0,0,0,0,0,0,0,0,0,0,0
479899.958278,0,0,0,0,0,0,0,0,0,0,0,0,0
479899.963257,0,0,0,0,0,0,0,0,0,0,0,0,0
479899.968230,0,0,0,0,0,0,0,0,0,0,0,0,0
479899.973333,0,0,0,0,0,0,0,0,0,0,0,0,0
479899.978289,0,0,0,0,0,0,0,0,0,0,0,0,0
479899.983246,0,0,0,0,0,0,0,0,0,0,0,0,0
479899.988199,0,0,0,0,0,0,0,0,0,0,0,0,0
479899.993188,0,0,0,0,0,0,0,0,0,0,0,0,0
479899.998349,0,0,0,0,0,0,0,0,0,0,0,0,0
479900.003281,0,0,0,0,0,0,0,0,0,0,0,0,0
479900.008302,0,0,0,0,0,0,0,0,0,0,0,0,0
479900.013221,0,0,0,0,0,0,0,0,0,0,0,0,0
479900.018242,0,0,0,0,0,0,0,0,0,0,0,0,0
479900.023305,0,0,0,0,0,0,0,0,0,0,0,0,0
479900.028284,0,0,0,0,0,0,0,0,0,0,0,0,0
479900.033131,0,0,0,0,0,0,0,0,0,0,0,0,0
479900.038259,0,0,0,0,0,0,0,0,0,0,0,0,0
479900.043107,0,0,0,0,0,0,0,0,0,0,0,0,0
479900.048082,0,0,0,0,0,0,0,0,0,0,0,0,0
479900.053171,0,0,0,0,0,0,0,0,0,0,0,0,0
479900.058171,0,0,0,0,0,0,0,0,0,0,0,0,0
479900.063167,0,0,0,0,0,0,0,0,0,0,0,0,0
479900.068175,0,0,0,0,0,0,0,0,0,0,0,0,0
479900.073147,0,0,0,0,0,0,0,0,0,0,0,0,0
479900.078145,0,0,0,0,0,0,0,0,0,0,0,0,0
479900.083129,0,0,0,0,0,0,0,0,0,0,0,0,0
479900.088094,0,0,0,0,0,0,0,0,0,0,0,0,0
479900.093079,0,0,0,0,0,0,0,0,0,0,0,0,0
479900.098383,0,0,0,0,0,0,0,0,0,0,0,0,0
479900.103326,0,0,0,0,0,0,0,0,0,0,0,0,0
479900.108263,0,0,0,0,0,0,0,0,0,0,0,0,0
479900.113264,0,0,0,0,0,0,0,0,0,0,0,0,0
479900.118282,0,0,0,0,0,0,0,0,0,0,0,0,0
479900.123187,0,0,0,0,0,0,0,0,0,0,0,0,0
479900.128111,0,0,0,0,0,0,0,0,0,0,0,0,0
479900.133071,0,0,0,0,0,0,0,0,0,0,0,0,0
479900.138178,0,0,0,0,0,0,0,0,0,0,0,0,0
479900.143046,0,0,0,0,0,0,0,0,0,0,0,0,0
479900.148133,0,0,0,0,0,0,0,0,0,0,0,0,0
479900.153171,0,0,0,0,0,0,0,0,0,0,0,0,0
479900.158186,0,0,0,0,0,0,0,0,0,0,0,0,0
479900.163256,0,0,0,0,0,0,0,0,0,0,0,0,0
479900.168277,0,0,0,0,0,0,0,0,0,0,0,0,0
479900.173303,0,0,0,0,0,0,0,0,0,0,0,0,0
479900.178171,0,0,0,0,0,0,0,0,0,0,0,0,0
479900.183217,0,0,0,0,0,0,0,0,0,0,0,0,0
479900.188206,0,0,0,0,0,0,0,0,0,0,0,0,0
479900.193229,0,0,0,0,0,0,0,0,0,0,0,0,0
479900.198368,0,0,0,0,0,0,0,0,0,0,0,0,0
479900.203313,0,0,0,0,0,0,0,0,0,0,0,0,0
479900.208294,0,0,0,0,0,0,0,0,0,0,0,0,0
479900.213259,0,0,0,0,0,0,0,0,0,0,0,0,0
479900.218230,0,0,0,0,0,0,0,0,0,0,0,0,0
479900.223301,0,0,0,0,0,0,0,0,0,0,0,0,0
479900.228212,0,0,0,0,0,0,0,0,0,0,0,0,0
479900.233104,0,0,0,0,0,0,0,0,0,0,0,0,0
479900.238233,0,0,0,0,0,0,0,0,0,0,0,0,0
479900.243094,0,0,0,0,0,0,0,0,0,0,0,0,0
479900.248102,0,0,0,0,0,0,0,0,0,0,0,0,0
479900.253122,0,0,0,0,0,0,0,0,0,0,0,0,0
479900.258222,0,0,0,0,0,0,0,0,0,0,0,0,0
479900.263131,0,0,0,0,0,0,0,0,0,0,0,0,0
479900.268166,0,0,0,0,0,0,0,0,0,0,0,0,0
479900.273212,0,0,0,0,0,0,0,0,0,0,0,0,0
479900.278138,0,0,0,0,0,0,0,0,0,0,0,0,0
479900.283258,0,0,0,0,0,0,0,0,0,0,0,0,0
479900.288184,0,0,0,0,0,0,0,0,0,0,0,0,0
479900.293232,0,0,0,0,0,0,0,0,0,0,0,0,0
479900.298209,0,0,0,0,0,0,0,0,0,0,0,0,0
479900.303297,0,0,0,0,0,0,0,0,0,0,0,0,0
479900.308329,0,0,0,0,0,0,0,0,0,0,0,0,0
479900.313145,0,0,0,0,0,0,0,0,0,0,0,0,0
479900.318166,0,0,0,0,0,0,0,0,0,0,0,0,0
479900.323178,0,0,0,0,0,0,0,0,0,0,0,0,0
479900.328158,0,0,0,0,0,0,0,0,0,0,0,0,0
479900.333088,0,0,0,0,0,0,0,0,0,0,0,0,0
479900.338112,0,0,0,0,0,0,0,0,0,0,0,0,0
479900.343057,0,0,0,0,0,0,0,0,0,0,0,0,0
479900.348210,0,0,0,0,0,0,0,0,0,0,0,0,0
479900.353162,0,0,0,0,0,0,0,0,0,0,0,0,0
479900.358321,0,0,0,0,0,0,0,0,0,0,0,0,0
479900.363191,0,0,0,0,0,0,0,0,0,0,0,0,0
479900.368254,0,0,0,0,0,0,0,0,0,0,0,0,0
479900.373242,0,0,0,0,0,0,0,0,0,0,0,0,0
479900.378280,0,0,0,0,0,0,0,0,0,0,0,0,0
479900.383280,0,0,0,0,0,0,0,0,0,0,0,0,0
479900.388221,0,0,0,0,0,0,0,0,0,0,0,0,0
479900.393220,0,0,0,0,0,0,0,0,0,0,0,0,0
479900.398366,0,0,0,0,0,0,0,0,0,0,0,0,0
479900.403301,0,0,0,0,0,0,0,0,0,0,0,0,0
479900.408303,0,0,0,0,0,0,0,0,0,0,0,0,0
479900.413190,0,0,0,0,0,0,0,0,0,0,0,0,0
479900.418158,0,0,0,0,0,0,0,0,0,0,0,0,0
479900.423199,0,0,0,0,0,0,0,0,0,0,0,0,0
479900.428194,0,0,0,0,0,0,0,0,0,0,0,0,0
479900.433182,0,0,0,0,0,0,0,0,0,0,0,0,0
479900.438304,0,0,0,0,0,0,0,0,0,0,0,0,0
479900.443149,0,0,0,0,0,0,0,0,0,0,0,0,0
479900.448121,0,0,0,0,0,0,0,0,0,0,0,0,0
479900.453190,0,0,0,0,0,0,0,0,0,0,0,0,0
479900.458251,0,0,0,0,0,0,0,0,0,0,0,0,0
479900.463266,0,0,0,0,0,0,0,0,0,0,0,0,0
479900.468249,0,0,0,0,0,0,0,0,0,0,0,0,0
479900.473315,0,0,0,0,0,0,0,0,0,0,0,0,0
479900.478257,0,0,0,0,0,0,0,0,0,0,0,0,0
479900.483249,0,0,0,0,0,0,0,0,0,0,0,0,0
479900.488193,0,0,0,0,0,0,0,0,0,0,0,0,0
479900.493308,0,0,0,0,0,0,0,0,0,0,0,0,0
479900.498266,0,0,0,0,0,0,0,0,0,0,0,0,0
479900.503211,0,0,0,0,0,0,0,0,0,0,0,0,0
479900.508419,0,0,0,0,0,0,0,0,0,0,0,0,0
479900.513221,0,0,0,0,0,0,0,0,0,0,0,0,0
479900.518248,0,0,0,0,0,0,0,0,0,0,0,0,0
479900.523295,0,0,0,0,0,0,0,0,0,0,0,0,0
479900.528262,0,0,0,0,0,0,0,0,0,0,0,0,0
479900.533156,0,0,0,0,0,0,0,0,0,0,0,0,0
479900.538280,0,0,0,0,0,0,0,0,0,0,0,0,0
479900.543170,0,0,0,0,0,0,0,0,0,0,0,0,0
479900.548253,0,0,0,0,0,0,0,0,0,0,0,0,0
479900.553271,0,0,0,0,0,0,0,0,0,0,0,0,0
479900.558287,0,0,0,0,0,0,0,0,0,0,0,0,0
479900.563262,0,0,0,0,0,0,0,0,0,0,0,0,0
479900.568247,0,0,0,0,0,0,0,0,0,0,0,0,0
479900.573300,0,0,0,0,0,0,0,0,0,0,0,0,0
479900.578253,0,0,0,0,0,0,0,0,0,0,0,0,0
479900.583251,0,0,0,0,0,0,0,0,0,0,0,0,0
479900.588191,0,0,0,0,0,0,0,0,0,0,0,0,0
479900.593324,0,0,0,0,0,0,0,0,0,0,0,0,0
479900.598368,0,0,0,0,0,0,0,0,0,0,0,0,0
479900.603298,0,0,0,0,0,0,0,0,0,0,0,0,0
479900.608306,0,0,0,0,0,0,0,0,0,0,0,0,0
479900.613245,0,0,0,0,0,0,0,0,0,0,0,0,0
479900.618227,0,0,0,0,0,0,0,0,0,0,0,0,0
479900.623302,0,0,0,0,0,0,0,0,0,0,0,0,0
479900.628288,0,0,0,0,0,0,0,0,0,0,0,0,0
479900.633145,0,0,0,0,0,0,0,0,0,0,0,0,0
479900.638259,0,0,0,0,0,0,0,0,0,0,0,0,0
479900.643177,0,0,0,0,0,0,0,0,0,0,0,0,0
479900.648111,0,0,0,0,0,0,0,0,0,0,0,0,0
479900.653115,0,0,0,0,0,0,0,0,0,0,0,0,0
479900.658263,0,0,0,0,0,0,0,0,0,0,0,0,0
479900.663192,0,0,0,0,0,0,0,0,0,0,0,0,0
479900.668147,0,0,0,0,0,0,0,0,0,0,0,0,0
479900.673192,0,0,0,0,0,0,0,0,0,0,0,0,0
479900.678238,0,0,0,0,0,0,0,0,0,0,0,0,0
479900.683254,0,0,0,0,0,0,0,0,0,0,0,0,0
479900.688190,0,0,0,0,0,0,0,0,0,0,0,0,0
479900.693307,0,0,0,0,0,0,0,0,0,0,0,0,0
479900.698282,0,0,0,0,0,0,0,0,0,0,0,0,0
479900.703290,0,0,0,0,0,0,0,0,0,0,0,0,0
479900.708277,0,0,0,0,0,0,0,0,0,0,0,0,0
479900.713231,0,0,0,0,0,0,0,0,0,0,0,0,0
479900.718231,0,0,0,0,0,0,0,0,0,0,0,0,0
479900.723300,0,0,0,0,0,0,0,0,0,0,0,0,0
479900.728277,0,0,0,0,0,0,0,0,0,0,0,0,0
479900.733179,0,0,0,0,0,0,0,0,0,0,0,0,0
479900.738285,0,0,0,0,0,0,0,0,0,0,0,0,0
479900.743161,0,0,0,0,0,0,0,0,0,0,0,0,0
479900.748245,0,0,0,0,0,0,0,0,0,0,0,0,0
479900.753294,0,0,0,0,0,0,0,0,0,0,0,0,0
479900.758294,0,0,0,0,0,0,0,0,0,0,0,0,0
479900.763273,0,0,0,0,0,0,0,0,0,0,0,0,0
479900.768223,0,0,0,0,0,0,0,0,0,0,0,0,0
479900.773277,0,0,0,0,0,0,0,0,0,0,0,0,0
479900.778228,0,0,0,0,0,0,0,0,0,0,0,0,0
479900.783223,0,0,0,0,0,0,0,0,0,0,0,0,0
479900.788183,0,0,0,0,0,0,0,0,0,0,0,0,0
479900.793364,0,0,0,0,0,0,0,0,0,0,0,0,0
479900.798374,0,0,0,0,0,0,0,0,0,0,0,0,0
479900.803116,0,0,0,0,0,0,0,0,0,0,0,0,0
479900.808297,0,0,0,0,0,0,0,0,0,0,0,0,0
479900.813257,0,0,0,0,0,0,0,0,0,0,0,0,0
479900.818264,0,0,0,0,0,0,0,0,0,0,0,0,0
479900.823259,0,0,0,0,0,0,0,0,0,0,0,0,0
479900.828187,0,0,0,0,0,0,0,0,0,0,0,0,0
479900.833084,0,0,0,0,0,0,0,0,0,0,0,0,0
479900.838920,0,0,0,0,0,0,0,0,0,0,0,0,0
479900.843180,0,0,0,0,0,0,0,0,0,0,0,0,0
479900.848219,0,0,0,0,0,0,0,0,0,0,0,0,0
479900.853359,0,0,0,0,0,0,0,0,0,0,0,0,0
479900.858280,0,0,0,0,0,0,0,0,0,0,0,0,0
479900.863277,0,0,0,0,0,0,0,0,0,0,0,0,0
479900.868203,0,0,0,0,0,0,0,0,0,0,0,0,0
479900.873313,0,0,0,0,0,0,0,0,0,0,0,0,0
479900.878270,0,0,0,0,0,0,0,0,0,0,0,0,0
479900.883259,0,0,0,0,0,0,0,0,0,0,0,0,0
479900.888211,0,0,0,0,0,0,0,0,0,0,0,0,0
479900.893286,0,0,0,0,0,0,0,0,0,0,0,0,0
479900.898247,0,0,0,0,0,0,0,0,0,0,0,0,0
479900.903256,0,0,0,0,0,0,0,0,0,0,0,0,0
479900.908162,0,0,0,0,0,0,0,0,0,0,0,0,0
479900.913200,0,0,0,0,0,0,0,0,0,0,0,0,0
479900.918175,0,0,0,0,0,0,0,0,0,0,0,0,0
479900.923186,0,0,0,0,0,0,0,0,0,0,0,0,0
479900.928172,0,0,0,0,0,0,0,0,0,0,0,0,0
479900.933091,0,0,0,0,0,0,0,0,0,0,0,0,0
479900.938168,0,0,0,0,0,0,0,0,0,0,0,0,0
479900.943208,0,0,0,0,0,0,0,0,0,0,0,0,0
479900.948198,0,0,0,0,0,0,0,0,0,0,0,0,0
479900.953137,0,0,0,0,0,0,0,0,0,0,0,0,0
479900.958223,0,0,0,0,0,0,0,0,0,0,0,0,0
479900.963137,0,0,0,0,0,0,0,0,0,0,0,0,0
479900.968078,0,0,0,0,0,0,0,0,0,0,0,0,0
479900.973259,0,0,0,0,0,0,0,0,0,0,0,0,0
479900.978185,0,0,0,0,0,0,0,0,0,0,0,0,0
479900.983159,0,0,0,0,0,0,0,0,0,0,0,0,0
479900.988204,0,0,0,0,0,0,0,0,0,0,0,0,0
479900.993289,0,0,0,0,0,0,0,0,0,0,0,0,0
479900.998381,0,0,0,0,0,0,0,0,0,0,0,0,0
479901.003260,0,0,0,0,0,0,0,0,0,0,0,0,0
479901.008180,0,0,0,0,0,0,0,0,0,0,0,0,0
479901.013184,0,0,0,0,0,0,0,0,0,0,0,0,0
479901.018249,0,0,0,0,0,0,0,0,0,0,0,0,0
479901.023273,0,0,0,0,0,0,0,0,0,0,0,0,0
479901.028285,0,0,0,0,0,0,0,0,0,0,0,0,0
479901.033162,0,0,0,0,0,0,0,0,0,0,0,0,0
479901.038292,0,0,0,0,0,0,0,0,0,0,0,0,0
479901.043168,0,0,0,0,0,0,0,0,0,0,0,0,0
479901.048275,0,0,0,0,0,0,0,0,0,0,0,0,0
479901.053203,0,0,0,0,0,0,0,0,0,0,0,0,0
479901.058222,0,0,0,0,0,0,0,0,0,0,0,0,0
479901.063287,0,0,0,0,0,0,0,0,0,0,0,0,0
479901.068126,0,0,0,0,0,0,0,0,0,0,0,0,0
479901.073218,0,0,0,0,0,0,0,0,0,0,0,0,0
479901.078170,0,0,0,0,0,0,0,0,0,0,0,0,0
479901.083267,0,0,0,0,0,0,0,0,0,0,0,0,0
479901.088226,0,0,0,0,0,0,0,0,0,0,0,0,0
479901.093312,0,0,0,0,0,0,0,0,0,0,0,0,0
479901.098359,0,0,0,0,0,0,0,0,0,0,0,0,0
479901.103324,0,0,0,0,0,0,0,0,0,0,0,0,0
479901.108302,0,0,0,0,0,0,0,0,0,0,0,0,0
479901.113208,0,0,0,0,0,0,0,0,0,0,0,0,0
479901.118144,0,0,0,0,0,0,0,0,0,0,0,0,0
479901.123204,0,0,0,0,0,0,0,0,0,0,0,0,0
479901.128168,0,0,0,0,0,0,0,0,0,0,0,0,0
479901.133095,0,0,0,0,0,0,0,0,0,0,0,0,0
479901.138214,0,0,0,0,0,0,0,0,0,0,0,0,0
479901.143031,0,0,0,0,0,0,0,0,0,0,0,0,0
479901.148245,0,0,0,0,0,0,0,0,0,0,0,0,0
479901.153127,0,0,0,0,0,0,0,0,0,0,0,0,0
479901.158308,0,0,0,0,0,0,0,0,0,0,0,0,0
479901.163269,0,0,0,0,0,0,0,0,0,0,0,0,0
479901.168175,0,0,0,0,0,0,0,0,0,0,0,0,0
479901.173287,0,0,0,0,0,0,0,0,0,0,0,0,0
479901.178251,0,0,0,0,0,0,0,0,0,0,0,0,0
479901.183228,0,0,0,0,0,0,0,0,0,0,0,0,0
479901.188206,0,0,0,0,0,0,0,0,0,0,0,0,0
479901.193297,0,0,0,0,0,0,0,0,0,0,0,0,0
479901.198354,0,0,0,0,0,0,0,0,0,0,0,0,0
479901.203285,0,0,0,0,0,0,0,0,0,0,0,0,0
479901.208284,0,0,0,0,0,0,0,0,0,0,0,0,0
479901.213149,0,0,0,0,0,0,0,0,0,0,0,0,0
479901.218262,0,0,0,0,0,0,0,0,0,0,0,0,0
479901.223170,0,0,0,0,0,0,0,0,0,0,0,0,0
479901.228183,0,0,0,0,0,0,0,0,0,0,0,0,0
479901.233086,0,0,0,0,0,0,0,0,0,0,0,0,0
479901.238216,0,0,0,0,0,0,0,0,0,0,0,0,0
479901.243032,0,0,0,0,0,0,0,0,0,0,0,0,0
479901.248245,0,0,0,0,0,0,0,0,0,0,0,0,0
479901.253135,0,0,0,0,0,0,0,0,0,0,0,0,0
479901.258228,0,0,0,0,0,0,0,0,0,0,0,0,0
479901.263179,0,0,0,0,0,0,0,0,0,0,0,0,0
479901.268151,0,0,0,0,0,0,0,0,0,0,0,0,0
479901.273288,0,0,0,0,0,0,0,0,0,0,0,0,0
479901.278603,0,0,0,0,0,0,0,0,0,0,0,0,0
479901.283248,0,0,0,0,0,0,0,0,0,0,0,0,0
479901.288196,0,0,0,0,0,0,0,0,0,0,0,0,0
479901.293304,0,0,0,0,0,0,0,0,0,0,0,0,0
479901.298242,0,0,0,0,0,0,0,0,0,0,0,0,0
479901.303215,0,0,0,0,0,0,0,0,0,0,0,0,0
479901.308183,0,0,0,0,0,0,0,0,0,0,0,0,0
479901.313163,0,0,0,0,0,0,0,0,0,0,0,0,0
479901.318202,0,0,0,0,0,0,0,0,0,0,0,0,0
479901.323187,0,0,0,0,0,0,0,0,0,0,0,0,0
479901.328283,0,0,0,0,0,0,0,0,0,0,0,0,0
479901.333126,0,0,0,0,0,0,0,0,0,0,0,0,0
479901.338337,0,0,0,0,0,0,0,0,0,0,0,0,0
479901.343177,0,0,0,0,0,0,0,0,0,0,0,0,0
479901.348192,0,0,0,0,0,0,0,0,0,0,0,0,0
479901.353298,0,0,0,0,0,0,0,0,0,0,0,0,0
479901.358302,0,0,0,0,0,0,0,0,0,0,0,0,0
479901.363309,0,0,0,0,0,0,0,0,0,0,0,0,0
479901.368260,0,0,0,0,0,0,0,0,0,0,0,0,0
479901.373309,0,0,0,0,0,0,0,0,0,0,0,0,0
479901.378126,0,0,0,0,0,0,0,0,0,0,0,0,0
479901.383244,0,0,0,0,0,0,0,0,0,0,0,0,0
479901.388195,0,0,0,0,0,0,0,0,0,0,0,0,0
479901.393315,0,0,0,0,0,0,0,0,0,0,0,0,0
479901.398355,0,0,0,0,0,0,0,0,0,0,0,0,0
479901.403298,0,0,0,0,0,0,0,0,0,0,0,0,0
479901.408360,0,0,0,0,0,0,0,0,0,0,0,0,0
479901.413295,0,0,0,0,0,0,0,0,0,0,0,0,0
479901.418282,0,0,0,0,0,0,0,0,0,0,0,0,0
479901.423314,0,0,0,0,0,0,0,0,0,0,0,0,0
479901.428153,0,0,0,0,0,0,0,0,0,0,0,0,0
479901.433173,0,0,0,0,0,0,0,0,0,0,0,0,0
479901.438294,0,0,0,0,0,0,0,0,0,0,0,0,0
479901.443048,0,0,0,0,0,0,0,0,0,0,0,0,0
479901.448096,0,0,0,0,0,0,0,0,0,0,0,0,0
479901.453043,0,0,0,0,0,0,0,0,0,0,0,0,0
479901.458141,0,0,0,0,0,0,0,0,0,0,0,0,0
479901.463124,0,0,0,0,0,0,0,0,0,0,0,0,0
479901.468078,0,0,0,0,0,0,0,0,0,0,0,0,0
479901.473152,0,0,0,0,0,0,0,0,0,0,0,0,0
479901.478143,0,0,0,0,0,0,0,0,0,0,0,0,0
479901.483165,0,0,0,0,0,0,0,0,0,0,0,0,0
479901.488198,0,0,0,0,0,0,0,0,0,0,0,0,0
479901.493284,0,0,0,0,0,0,0,0,0,0,0,0,0
479901.498320,0,0,0,0,0,0,0,0,0,0,0,0,0
479901.503251,0,0,0,0,0,0,0,0,0,0,0,0,0
479901.508330,0,0,0,0,0,0,0,0,0,0,0,0,0
479901.513231,0,0,0,0,0,0,0,0,0,0,0,0,0
479901.518248,0,0,0,0,0,0,0,0,0,0,0,0,0
479901.523237,0,0,0,0,0,0,0,0,0,0,0,0,0
479901.528196,0,0,0,0,0,0,0,0,0,0,0,0,0
479901.533111,0,0,0,0,0,0,0,0,0,0,0,0,0
479901.538202,0,0,0,0,0,0,0,0,0,0,0,0,0
479901.543089,0,0,0,0,0,0,0,0,0,0,0,0,0
479901.548154,0,0,0,0,0,0,0,0,0,0,0,0,0
479901.553255,0,0,0,0,0,0,0,0,0,0,0,0,0
479901.558308,0,0,0,0,0,0,0,0,0,0,0,0,0
479901.563172,0,0,0,0,0,0,0,0,0,0,0,0,0
479901.568262,0,0,0,0,0,0,0,0,0,0,0,0,0
479901.573235,0,0,0,0,0,0,0,0,0,0,0,0,0
479901.578190,0,0,0,0,0,0,0,0,0,0,0,0,0
479901.583130,0,0,0,0,0,0,0,0,0,0,0,0,0
479901.588155,0,0,0,0,0,0,0,0,0,0,0,0,0
479901.593219,0,0,0,0,0,0,0,0,0,0,0,0,0
479901.598268,0,0,0,0,0,0,0,0,0,0,0,0,0
479901.603197,0,0,0,0,0,0,0,0,0,0,0,0,0
479901.608253,0,0,0,0,0,0,0,0,0,0,0,0,0
479901.613172,0,0,0,0,0,0,0,0,0,0,0,0,0
479901.618220,0,0,0,0,0,0,0,0,0,0,0,0,0
479901.623235,0,0,0,0,0,0,0,0,0,0,0,0,0
479901.628290,0,0,0,0,0,0,0,0,0,0,0,0,0
479901.633175,0,0,0,0,0,0,0,0,0,0,0,0,0
479901.638322,0,0,0,0,0,0,0,0,0,0,0,0,0
479901.643191,0,0,0,0,0,0,0,0,0,0,0,0,0
479901.648175,0,0,0,0,0,0,0,0,0,0,0,0,0
479901.653166,0,0,0,0,0,0,0,0,0,0,0,0,0
479901.658174,0,0,0,0,0,0,0,0,0,0,0,0,0
479901.663256,0,0,0,0,0,0,0,0,0,0,0,0,0
479901.668154,0,0,0,0,0,0,0,0,0,0,0,0,0
479901.673250,0,0,0,0,0,0,0,0,0,0,0,0,0
479901.678219,0,0,0,0,0,0,0,0,0,0,0,0,0
479901.683179,0,0,0,0,0,0,0,0,0,0,0,0,0
479901.688199,0,0,0,0,0,0,0,0,0,0,0,0,0
479901.693314,0,0,0,0,0,0,0,0,0,0,0,0,0
479901.698385,0,0,0,0,0,0,0,0,0,0,0,0,0
479901.703317,0,0,0,0,0,0,0,0,0,0,0,0,0
479901.708334,0,0,0,0,0,0,0,0,0,0,0,0,0
479901.713265,0,0,0,0,0,0,0,0,0,0,0,0,0
479901.718259,0,0,0,0,0,0,0,0,0,0,0,0,0
479901.723315,0,0,0,0,0,0,0,0,0,0,0,0,0
479901.728283,0,0,0,0,0,0,0,0,0,0,0,0,0
479901.733164,0,0,0,0,0,0,0,0,0,0,0,0,0
479901.738328,0,0,0,0,0,0,0,0,0,0,0,0,0
479901.743207,0,0,0,0,0,0,0,0,0,0,0,0,0
479901.748256,0,0,0,0,0,0,0,0,0,0,0,0,0
479901.753282,0,0,0,0,0,0,0,0,0,0,0,0,0
479901.758219,0,0,0,0,0,0,0,0,0,0,0,0,0
479901.763328,0,0,0,0,0,0,0,0,0,0,0,0,0
479901.768226,0,0,0,0,0,0,0,0,0,0,0,0,0
479901.773169,0,0,0,0,0,0,0,0,0,0,0,0,0
479901.778159,0,0,0,0,0,0,0,0,0,0,0,0,0
479901.783142,0,0,0,0,0,0,0,0,0,0,0,0,0
479901.788130,0,0,0,0,0,0,0,0,0,0,0,0,0
479901.793189,0,0,0,0,0,0,0,0,0,0,0,0,0
479901.798414,0,0,0,0,0,0,0,0,0,0,0,0,0
479901.803314,0,0,0,0,0,0,0,0,0,0,0,0,0
479901.808307,0,0,0,0,0,0,0,0,0,0,0,0,0
479901.813274,0,0,0,0,0,0,0,0,0,0,0,0,0
479901.818257,0,0,0,0,0,0,0,0,0,0,0,0,0
479901.823294,0,0,0,0,0,0,0,0,0,0,0,0,0
479901.828252,0,0,0,0,0,0,0,0,0,0,0,0,0
479901.833106,0,0,0,0,0,0,0,0,0,0,0,0,0
479901.838218,0,0,0,0,0,0,0,0,0,0,0,0,0
479901.843190,0,0,0,0,0,0,0,0,0,0,0,0,0
479901.848157,0,0,0,0,0,0,0,0,0,0,0,0,0
479901.853204,0,0,0,0,0,0,0,0,0,0,0,0,0
479901.858193,0,0,0,0,0,0,0,0,0,0,0,0,0
479901.863208,0,0,0,0,0,0,0,0,0,0,0,0,0
479901.868625,0,0,0,0,0,0,0,0,0,0,0,0,0
479901.873350,0,0,0,0,0,0,0,0,0,0,0,0,0
479901.878208,0,0,0,0,0,0,0,0,0,0,0,0,0
479901.883179,0,0,0,0,0,0,0,0,0,0,0,0,0
479901.888126,0,0,0,0,0,0,0,0,0,0,0,0,0
479901.893178,0,0,0,0,0,0,0,0,0,0,0,0,0
479901.898289,0,0,0,0,0,0,0,0,0,0,0,0,0
479901.903146,0,0,0,0,0,0,0,0,0,0,0,0,0
479901.908161,0,0,0,0,0,0,0,0,0,0,0,0,0
479901.913226,0,0,0,0,0,0,0,0,0,0,0,0,0
479901.918137,0,0,0,0,0,0,0,0,0,0,0,0,0
479901.923189,0,0,0,0,0,0,0,0,0,0,0,0,0
479901.928283,0,0,0,0,0,0,0,0,0,0,0,0,0
479901.933231,0,0,0,0,0,0,0,0,0,0,0,0,0
479901.938264,0,0,0,0,0,0,0,0,0,0,0,0,0
479901.943200,0,0,0,0,0,0,0,0,0,0,0,0,0
479901.948275,0,0,0,0,0,0,0,0,0,0,0,0,0
479901.953242,0,0,0,0,0,0,0,0,0,0,0,0,0
479901.958328,0,0,0,0,0,0,0,0,0,0,0,0,0
479901.963241,0,0,0,0,0,0,0,0,0,0,0,0,0
479901.968284,0,0,0,0,0,0,0,0,0,0,0,0,0
479901.973288,0,0,0,0,0,0,0,0,0,0,0,0,0
479901.978302,0,0,0,0,0,0,0,0,0,0,0,0,0
479901.983279,0,0,0,0,0,0,0,0,0,0,0,0,0
479901.988214,0,0,0,0,0,0,0,0,0,0,0,0,0
479901.993316,0,0,0,0,0,0,0,0,0,0,0,0,0
479901.998386,0,0,0,0,0,0,0,0,0,0,0,0,0
479902.003334,0,0,0,0,0,0,0,0,0,0,0,0,0
479902.008352,0,0,0,0,0,0,0,0,0,0,0,0,0
479902.013309,0,0,0,0,0,0,0,0,0,0,0,0,0
479902.018300,0,0,0,0,0,0,0,0,0,0,0,0,0
479902.023352,0,0,0,0,0,0,0,0,0,0,0,0,0
479902.028287,0,0,0,0,0,0,0,0,0,0,0,0,0
479902.033194,0,0,0,0,0,0,0,0,0,0,0,0,0
479902.038293,0,0,0,0,0,0,0,0,0,0,0,0,0
479902.043197,0,0,0,0,0,0,0,0,0,0,0,0,0
479902.048148,0,0,0,0,0,0,0,0,0,0,0,0,0
479902.053196,0,0,0,0,0,0,0,0,0,0,0,0,0
479902.058301,0,0,0,0,0,0,0,0,0,0,0,0,0
479902.063230,0,0,0,0,0,0,0,0,0,0,0,0,0
479902.068249,0,0,0,0,0,0,0,0,0,0,0,0,0
479902.073314,0,0,0,0,0,0,0,0,0,0,0,0,0
479902.078276,0,0,0,0,0,0,0,0,0,0,0,0,0
479902.083261,0,0,0,0,0,0,0,0,0,0,0,0,0
479902.088198,0,0,0,0,0,0,0,0,0,0,0,0,0
479902.093301,0,0,0,0,0,0,0,0,0,0,0,0,0
479902.098365,0,0,0,0,0,0,0,0,0,0,0,0,0
479902.103229,0,0,0,0,0,0,0,0,0,0,0,0,0
479902.108333,0,0,0,0,0,0,0,0,0,0,0,0,0
479902.113268,0,0,0,0,0,0,0,0,0,0,0,0,0
479902.118322,0,0,0,0,0,0,0,0,0,0,0,0,0
479902.123305,0,0,0,0,0,0,0,0,0,0,0,0,0
479902.128315,0,0,0,0,0,0,0,0,0,0,0,0,0
479902.133195,0,0,0,0,0,0,0,0,0,0,0,0,0
479902.138234,0,0,0,0,0,0,0,0,0,0,0,0,0
479902.143212,0,0,0,0,0,0,0,0,0,0,0,0,0
479902.148281,0,0,0,0,0,0,0,0,0,0,0,0,0
479902.153308,0,0,0,0,0,0,0,0,0,0,0,0,0
479902.158213,0,0,0,0,0,0,0,0,0,0,0,0,0
479902.163292,0,0,0,0,0,0,0,0,0,0,0,0,0
479902.168320,0,0,0,0,0,0,0,0,0,0,0,0,0
479902.173334,0,0,0,0,0,0,0,0,0,0,0,0,0
479902.178288,0,0,0,0,0,0,0,0,0,0,0,0,0
479902.183288,0,0,0,0,0,0,0,0,0,0,0,0,0
479902.188203,0,0,0,0,0,0,0,0,0,0,0,0,0
479902.193340,0,0,0,0,0,0,0,0,0,0,0,0,0
479902.198373,0,0,0,0,0,0,0,0,0,0,0,0,0
479902.203327,0,0,0,0,0,0,0,0,0,0,0,0,0
479902.208281,0,0,0,0,0,0,0,0,0,0,0,0,0
479902.213274,0,0,0,0,0,0,0,0,0,0,0,0,0
479902.218340,0,0,0,0,0,0,0,0,0,0,0,0,0
479902.223354,0,0,0,0,0,0,0,0,0,0,0,0,0
479902.228334,0,0,0,0,0,0,0,0,0,0,0,0,0
479902.233182,0,0,0,0,0,0,0,0,0,0,0,0,0
479902.238282,0,0,0,0,0,0,0,0,0,0,0,0,0
479902.243173,0,0,0,0,0,0,0,0,0,0,0,0,0
479902.248204,0,0,0,0,0,0,0,0,0,0,0,0,0
479902.253160,0,0,0,0,0,0,0,0,0,0,0,0,0
479902.258343,0,0,0,0,0,0,0,0,0,0,0,0,0
479902.263296,0,0,0,0,0,0,0,0,0,0,0,0,0
479902.268230,0,0,0,0,0,0,0,0,0,0,0,0,0
479902.273330,0,0,0,0,0,0,0,0,0,0,0,0,0
479902.278281,0,0,0,0,0,0,0,0,0,0,0,0,0
479902.283282,0,0,0,0,0,0,0,0,0,0,0,0,0
479902.288180,0,0,0,0,0,0,0,0,0,0,0,0,0
479902.293319,0,0,0,0,0,0,0,0,0,0,0,0,0
479902.298365,0,0,0,0,0,0,0,0,0,0,0,0,0
479902.303204,0,0,0,0,0,0,0,0,0,0,0,0,0
479902.308222,0,0,0,0,0,0,0,0,0,0,0,0,0
479902.313174,0,0,0,0,0,0,0,0,0,0,0,0,0
479902.318205,0,0,0,0,0,0,0,0,0,0,0,0,0
479902.323324,0,0,0,0,0,0,0,0,0,0,0,0,0
479902.328316,0,0,0,0,0,0,0,0,0,0,0,0,0
479902.333132,0,0,0,0,0,0,0,0,0,0,0,0,0
479902.338195,0,0,0,0,0,0,0,0,0,0,0,0,0
479902.343144,0,0,0,0,0,0,0,0,0,0,0,0,0
479902.348134,0,0,0,0,0,0,0,0,0,0,0,0,0
479902.353212,0,0,0,0,0,0,0,0,0,0,0,0,0
479902.358141,0,0,0,0,0,0,0,0,0,0,0,0,0
479902.363271,0,0,0,0,0,0,0,0,0,0,0,0,0
479902.368207,0,0,0,0,0,0,0,0,0,0,0,0,0
479902.373219,0,0,0,0,0,0,0,0,0,0,0,0,0
479902.378164,0,0,0,0,0,0,0,0,0,0,0,0,0
479902.383248,0,0,0,0,0,0,0,0,0,0,0,0,0
479902.388107,0,0,0,0,0,0,0,0,0,0,0,0,0
479902.393185,0,0,0,0,0,0,0,0,0,0,0,0,0
479902.398392,0,0,0,0,0,0,0,0,0,0,0,0,0
479902.403311,0,0,0,0,0,0,0,0,0,0,0,0,0
479902.408191,0,0,0,0,0,0,0,0,0,0,0,0,0
479902.413209,0,0,0,0,0,0,0,0,0,0,0,0,0
479902.418322,0,0,0,0,0,0,0,0,0,0,0,0,0
479902.423181,0,0,0,0,0,0,0,0,0,0,0,0,0
479902.428204,0,0,0,0,0,0,0,0,0,0,0,0,0
479902.433168,0,0,0,0,0,0,0,0,0,0,0,0,0
479902.438132,0,0,0,0,0,0,0,0,0,0,0,0,0
479902.443168,0,0,0,0,0,0,0,0,0,0,0,0,0
479902.448232,0,0,0,0,0,0,0,0,0,0,0,0,0
479902.453238,0,0,0,0,0,0,0,0,0,0,0,0,0
479902.458261,0,0,0,0,0,0,0,0,0,0,0,0,0
479902.463264,0,0,0,0,0,0,0,0,0,0,0,0,0
479902.468164,0,0,0,0,0,0,0,0,0,0,0,0,0
479902.473188,0,0,0,0,0,0,0,0,0,0,0,0,0
479902.478157,0,0,0,0,0,0,0,0,0,0,0,0,0
479902.483186,0,0,0,0,0,0,0,0,0,0,0,0,0
479902.488121,0,0,0,0,0,0,0,0,0,0,0,0,0
479902.493192,0,0,0,0,0,0,0,0,0,0,0,0,0
479902.498295,0,0,0,0,0,0,0,0,0,0,0,0,0
479902.503167,0,0,0,0,0,0,0,0,0,0,0,0,0
479902.508234,0,0,0,0,0,0,0,0,0,0,0,0,0
479902.513194,0,0,0,0,0,0,0,0,0,0,0,0,0
479902.518242,0,0,0,0,0,0,0,0,0,0,0,0,0
479902.523224,0,0,0,0,0,0,0,0,0,0,0,0,0
479902.528203,0,0,0,0,0,0,0,0,0,0,0,0,0
479902.533254,0,0,0,0,0,0,0,0,0,0,0,0,0
479902.538142,0,0,0,0,0,0,0,0,0,0,0,0,0
479902.543252,0,0,0,0,0,0,0,0,0,0,0,0,0
479902.548276,0,0,0,0,0,0,0,0,0,0,0,0,0
479902.553250,0,0,0,0,0,0,0,0,0,0,0,0,0
479902.558330,0,0,0,0,0,0,0,0,0,0,0,0,0
479902.563293,0,0,0,0,0,0,0,0,0,0,0,0,0
479902.568270,0,0,0,0,0,0,0,0,0,0,0,0,0
479902.573300,0,0,0,0,0,0,0,0,0,0,0,0,0
479902.578304,0,0,0,0,0,0,0,0,0,0,0,0,0
479902.583289,0,0,0,0,0,0,0,0,0,0,0,0,0
479902.588361,0,0,0,0,0,0,0,0,0,0,0,0,0
479902.593397,0,0,0,0,0,0,0,0,0,0,0,0,0
479902.598303,0,0,0,0,0,0,0,0,0,0,0,0,0
479902.603144,0,0,0,0,0,0,0,0,0,0,0,0,0
479902.608194,0,0,0,0,0,0,0,0,0,0,0,0,0
479902.613167,0,0,0,0,0,0,0,0,0,0,0,0,0
479902.618158,0,0,0,0,0,0,0,0,0,0,0,0,0
479902.623173,0,0,0,0,0,0,0,0,0,0,0,0,0
479902.628186,0,0,0,0,0,0,0,0,0,0,0,0,0
479902.633175,0,0,0,0,0,0,0,0,0,0,0,0,0
479902.638279,0,0,0,0,0,0,0,0,0,0,0,0,0
479902.643080,0,0,0,0,0,0,0,0,0,0,0,0,0
479902.648252,0,0,0,0,0,0,0,0,0,0,0,0,0
479902.653217,0,0,0,0,0,0,0,0,0,0,0,0,0
479902.658231,0,0,0,0,0,0,0,0,0,0,0,0,0
479902.663245,0,0,0,0,0,0,0,0,0,0,0,0,0
479902.668173,0,0,0,0,0,0,0,0,0,0,0,0,0
479902.673208,0,0,0,0,0,0,0,0,0,0,0,0,0
479902.678178,0,0,0,0,0,0,0,0,0,0,0,0,0
479902.683281,0,0,0,0,0,0,0,0,0,0,0,0,0
479902.688200,0,0,0,0,0,0,0,0,0,0,0,0,0
479902.693253,0,0,0,0,0,0,0,0,0,0,0,0,0
479902.698398,0,0,0,0,0,0,0,0,0,0,0,0,0
479902.703281,0,0,0,0,0,0,0,0,0,0,0,0,0
479902.708321,0,0,0,0,0,0,0,0,0,0,0,0,0
479902.713197,0,0,0,0,0,0,0,0,0,0,0,0,0
479902.718168,0,0,0,0,0,0,0,0,0,0,0,0,0
479902.723219,0,0,0,0,0,0,0,0,0,0,0,0,0
479902.728243,0,0,0,0,0,0,0,0,0,0,0,0,0
479902.733092,0,0,0,0,0,0,0,0,0,0,0,0,0
479902.738249,0,0,0,0,0,0,0,0,0,0,0,0,0
479902.743113,0,0,0,0,0,0,0,0,0,0,0,0,0
479902.748155,0,0,0,0,0,0,0,0,0,0,0,0,0
479902.753224,0,0,0,0,0,0,0,0,0,0,0,0,0
479902.758255,0,0,0,0,0,0,0,0,0,0,0,0,0
479902.763278,0,0,0,0,0,0,0,0,0,0,0,0,0
479902.768279,0,0,0,0,0,0,0,0,0,0,0,0,0
479902.773241,0,0,0,0,0,0,0,0,0,0,0,0,0
479902.778279,0,0,0,0,0,0,0,0,0,0,0,0,0
479902.783244,0,0,0,0,0,0,0,0,0,0,0,0,0
479902.788202,0,0,0,0,0,0,0,0,0,0,0,0,0
479902.793290,0,0,0,0,0,0,0,0,0,0,0,0,0
479902.798383,0,0,0,0,0,0,0,0,0,0,0,0,0
479902.803308,0,0,0,0,0,0,0,0,0,0,0,0,0
479902.808407,0,0,0,0,0,0,0,0,0,0,0,0,0
479902.813233,0,0,0,0,0,0,0,0,0,0,0,0,0
479902.818219,0,0,0,0,0,0,0,0,0,0,0,0,0
479902.823310,0,0,0,0,0,0,0,0,0,0,0,0,0
479902.828366,0,0,0,0,0,0,0,0,0,0,0,0,0
479902.833174,0,0,0,0,0,0,0,0,0,0,0,0,0
479902.838202,0,0,0,0,0,0,0,0,0,0,0,0,0
479902.843224,0,0,0,0,0,0,0,0,0,0,0,0,0
479902.848336,0,0,0,0,0,0,0,0,0,0,0,0,0
479902.853202,0,0,0,0,0,0,0,0,0,0,0,0,0
479902.858340,0,0,0,0,0,0,0,0,0,0,0,0,0
479902.863290,0,0,0,0,0,0,0,0,0,0,0,0,0
479902.868176,0,0,0,0,0,0,0,0,0,0,0,0,0
479902.873254,0,0,0,0,0,0,0,0,0,0,0,0,0
479902.878306,0,0,0,0,0,0,0,0,0,0,0,0,0
479902.883126,0,0,0,0,0,0,0,0,0,0,0,0,0
479902.888113,0,0,0,0,0,0,0,0,0,0,0,0,0
479902.893224,0,0,0,0,0,0,0,0,0,0,0,0,0
479902.898286,0,0,0,0,0,0,0,0,0,0,0,0,0
479902.903184,0,0,0,0,0,0,0,0,0,0,0,0,0
479902.908140,0,0,0,0,0,0,0,0,0,0,0,0,0
479902.913135,0,0,0,0,0,0,0,0,0,0,0,0,0
479902.918111,0,0,0,0,0,0,0,0,0,0,0,0,0
479902.923194,0,0,0,0,0,0,0,0,0,0,0,0,0
479902.928310,0,0,0,0,0,0,0,0,0,0,0,0,0
479902.933194,0,0,0,0,0,0,0,0,0,0,0,0,0
479902.938298,0,0,0,0,0,0,0,0,0,0,0,0,0
479902.943221,0,0,0,0,0,0,0,0,0,0,0,0,0
479902.948344,0,0,0,0,0,0,0,0,0,0,0,0,0
479902.953301,0,0,0,0,0,0,0,0,0,0,0,0,0
479902.958286,0,0,0,0,0,0,0,0,0,0,0,0,0
479902.963249,0,0,0,0,0,0,0,0,0,0,0,0,0
479902.968241,0,0,0,0,0,0,0,0,0,0,0,0,0
479902.973238,0,0,0,0,0,0,0,0,0,0,0,0,0
479902.978098,0,0,0,0,0,0,0,0,0,0,0,0,0
479902.983200,0,0,0,0,0,0,0,0,0,0,0,0,0
479902.988196,0,0,0,0,0,0,0,0,0,0,0,0,0
479902.993282,0,0,0,0,0,0,0,0,0,0,0,0,0
479902.998275,0,0,0,0,0,0,0,0,0,0,0,0,0
479903.003205,0,0,0,0,0,0,0,0,0,0,0,0,0
479903.008178,0,0,0,0,0,0,0,0,0,0,0,0,0
479903.013154,0,0,0,0,0,0,0,0,0,0,0,0,0
479903.018212,0,0,0,0,0,0,0,0,0,0,0,0,0
479903.023204,0,0,0,0,0,0,0,0,0,0,0,0,0
479903.028157,0,0,0,0,0,0,0,0,0,0,0,0,0
479903.033142,0,0,0,0,0,0,0,0,0,0,0,0,0
479903.038240,0,0,0,0,0,0,0,0,0,0,0,0,0
479903.043228,0,0,0,0,0,0,0,0,0,0,0,0,0
479903.048260,0,0,0,0,0,0,0,0,0,0,0,0,0
479903.053216,0,0,0,0,0,0,0,0,0,0,0,0,0
479903.058287,0,0,0,0,0,0,0,0,0,0,0,0,0
479903.063292,0,0,0,0,0,0,0,0,0,0,0,0,0
479903.068288,0,0,0,0,0,0,0,0,0,0,0,0,0
479903.073210,0,0,0,0,0,0,0,0,0,0,0,0,0
479903.078280,0,0,0,0,0,0,0,0,0,0,0,0,0
479903.083287,0,0,0,0,0,0,0,0,0,0,0,0,0
479903.088192,0,0,0,0,0,0,0,0,0,0,0,0,0
479903.093337,0,0,0,0,0,0,0,0,0,0,0,0,0
479903.098388,0,0,0,0,0,0,0,0,0,0,0,0,0
479903.103331,0,0,0,0,0,0,0,0,0,0,0,0,0
479903.108285,0,0,0,0,0,0,0,0,0,0,0,0,0
479903.113189,0,0,0,0,0,0,0,0,0,0,0,0,0
479903.118254,0,0,0,0,0,0,0,0,0,0,0,0,0
479903.123229,0,0,0,0,0,0,0,0,0,0,0,0,0
479903.128224,0,0,0,0,0,0,0,0,0,0,0,0,0
479903.133205,0,0,0,0,0,0,0,0,0,0,0,0,0
479903.138346,0,0,0,0,0,0,0,0,0,0,0,0,0
479903.143213,0,0,0,0,0,0,0,0,0,0,0,0,0
479903.148291,0,0,0,0,0,0,0,0,0,0,0,0,0
479903.153307,0,0,0,0,0,0,0,0,0,0,0,0,0
479903.158361,0,0,0,0,0,0,0,0,0,0,0,0,0
479903.163313,0,0,0,0,0,0,0,0,0,0,0,0,0
479903.168284,0,0,0,0,0,0,0,0,0,0,0,0,0
479903.173344,0,0,0,0,0,0,0,0,0,0,0,0,0
479903.178249,0,0,0,0,0,0,0,0,0,0,0,0,0
479903.183285,0,0,0,0,0,0,0,0,0,0,0,0,0
479903.188205,0,0,0,0,0,0,0,0,0,0,0,0,0
479903.193247,0,0,0,0,0,0,0,0,0,0,0,0,0
479903.198393,0,0,0,0,0,0,0,0,0,0,0,0,0
479903.203340,0,0,0,0,0,0,0,0,0,0,0,0,0
479903.208337,0,0,0,0,0,0,0,0,0,0,0,0,0
479903.213305,0,0,0,0,0,0,0,0,0,0,0,0,0
479903.218256,0,0,0,0,0,0,0,0,0,0,0,0,0
479903.223319,0,0,0,0,0,0,0,0,0,0,0,0,0
479903.228313,0,0,0,0,0,0,0,0,0,0,0,0,0
479903.233196,0,0,0,0,0,0,0,0,0,0,0,0,0
479903.238328,0,0,0,0,0,0,0,0,0,0,0,0,0
479903.243221,0,0,0,0,0,0,0,0,0,0,0,0,0
479903.248289,0,0,0,0,0,0,0,0,0,0,0,0,0
479903.253204,0,0,0,0,0,0,0,0,0,0,0,0,0
479903.258322,0,0,0,0,0,0,0,0,0,0,0,0,0
479903.263322,0,0,0,0,0,0,0,0,0,0,0,0,0
479903.268272,0,0,0,0,0,0,0,0,0,0,0,0,0
479903.273345,0,0,0,0,0,0,0,0,0,0,0,0,0
479903.278223,0,0,0,0,0,0,0,0,0,0,0,0,0
479903.283312,0,0,0,0,0,0,0,0,0,0,0,0,0
479903.288194,0,0,0,0,0,0,0,0,0,0,0,0,0
479903.293285,0,0,0,0,0,0,0,0,0,0,0,0,0
479903.298304,0,0,0,0,0,0,0,0,0,0,0,0,0
479903.303267,0,0,0,0,0,0,0,0,0,0,0,0,0
479903.308231,0,0,0,0,0,0,0,0,0,0,0,0,0
479903.313182,0,0,0,0,0,0,0,0,0,0,0,0,0
479903.318248,0,0,0,0,0,0,0,0,0,0,0,0,0
479903.323337,0,0,0,0,0,0,0,0,0,0,0,0,0
479903.328319,0,0,0,0,0,0,0,0,0,0,0,0,0
479903.333183,0,0,0,0,0,0,0,0,0,0,0,0,0
479903.338300,0,0,0,0,0,0,0,0,0,0,0,0,0
479903.343223,0,0,0,0,0,0,0,0,0,0,0,0,0
479903.348279,0,0,0,0,0,0,0,0,0,0,0,0,0
479903.353277,0,0,0,0,0,0,0,0,0,0,0,0,0
479903.358335,0,0,0,0,0,0,0,0,0,0,0,0,0
479903.363264,0,0,0,0,0,0,0,0,0,0,0,0,0
479903.368283,0,0,0,0,0,0,0,0,0,0,0,0,0
479903.373335,0,0,0,0,0,0,0,0,0,0,0,0,0
479903.378271,0,0,0,0,0,0,0,0,0,0,0,0,0
479903.383244,0,0,0,0,0,0,0,0,0,0,0,0,0
479903.388214,0,0,0,0,0,0,0,0,0,0,0,0,0
479903.393345,0,0,0,0,0,0,0,0,0,0,0,0,0
479903.398378,0,0,0,0,0,0,0,0,0,0,0,0,0
479903.403341,0,0,0,0,0,0,0,0,0,0,0,0,0
479903.408360,0,0,0,0,0,0,0,0,0,0,0,0,0
479903.413235,0,0,0,0,0,0,0,0,0,0,0,0,0
479903.418306,0,0,0,0,0,0,0,0,0,0,0,0,0
479903.423343,0,0,0,0,0,0,0,0,0,0,0,0,0
479903.428334,0,0,0,0,0,0,0,0,0,0,0,0,0
479903.433689,0,0,0,0,0,0,0,0,0,0,0,0,0
479903.438205,0,0,0,0,0,0,0,0,0,0,0,0,0
479903.443182,0,0,0,0,0,0,0,0,0,0,0,0,0
479903.448288,0,0,0,0,0,0,0,0,0,0,0,0,0
479903.453253,0,0,0,0,0,0,0,0,0,0,0,0,0
479903.458247,0,0,0,0,0,0,0,0,0,0,0,0,0
479903.463161,0,0,0,0,0,0,0,0,0,0,0,0,0
479903.468132,0,0,0,0,0,0,0,0,0,0,0,0,0
479903.473184,0,0,0,0,0,0,0,0,0,0,0,0,0
479903.478191,0,0,0,0,0,0,0,0,0,0,0,0,0
479903.483170,0,0,0,0,0,0,0,0,0,0,0,0,0
479903.488130,0,0,0,0,0,0,0,0,0,0,0,0,0
479903.493178,0,0,0,0,0,0,0,0,0,0,0,0,0
479903.498446,0,0,0,0,0,0,0,0,0,0,0,0,0
479903.503339,0,0,0,0,0,0,0,0,0,0,0,0,0
479903.508323,0,0,0,0,0,0,0,0,0,0,0,0,0
479903.513277,0,0,0,0,0,0,0,0,0,0,0,0,0
479903.518288,0,0,0,0,0,0,0,0,0,0,0,0,0
479903.523344,0,0,0,0,0,0,0,0,0,0,0,0,0
479903.528336,0,0,0,0,0,0,0,0,0,0,0,0,0
479903.533181,0,0,0,0,0,0,0,0,0,0,0,0,0
479903.538238,0,0,0,0,0,0,0,0,0,0,0,0,0
479903.543236,0,0,0,0,0,0,0,0,0,0,0,0,0
479903.548310,0,0,0,0,0,0,0,0,0,0,0,0,0
479903.553302,0,0,0,0,0,0,0,0,0,0,0,0,0
479903.558276,0,0,0,0,0,0,0,0,0,0,0,0,0
479903.563310,0,0,0,0,0,0,0,0,0,0,0,0,0
479903.568313,0,0,0,0,0,0,0,0,0,0,0,0,0
479903.573280,0,0,0,0,0,0,0,0,0,0,0,0,0
479903.578294,0,0,0,0,0,0,0,0,0,0,0,0,0
479903.583309,0,0,0,0,0,0,0,0,0,0,0,0,0
479903.588231,0,0,0,0,0,0,0,0,0,0,0,0,0
479903.593427,0,0,0,0,0,0,0,0,0,0,0,0,0
479903.598437,0,0,0,0,0,0,0,0,0,0,0,0,0
479903.603380,0,0,0,0,0,0,0,0,0,0,0,0,0
479903.608348,0,0,0,0,0,0,0,0,0,0,0,0,0
479903.613373,0,0,0,0,0,0,0,0,0,0,0,0,0
479903.618332,0,0,0,0,0,0,0,0,0,0,0,0,0
479903.623341,0,0,0,0,0,0,0,0,0,0,0,0,0
479903.628345,0,0,0,0,0,0,0,0,0,0,0,0,0
479903.633231,0,0,0,0,0,0,0,0,0,0,0,0,0
479903.638283,0,0,0,0,0,0,0,0,0,0,0,0,0
479903.643160,0,0,0,0,0,0,0,0,0,0,0,0,0
479903.648257,0,0,0,0,0,0,0,0,0,0,0,0,0
479903.653330,0,0,0,0,0,0,0,0,0,0,0,0,0
479903.658327,0,0,0,0,0,0,0,0,0,0,0,0,0
479903.663323,0,0,0,0,0,0,0,0,0,0,0,0,0
479903.668356,0,0,0,0,0,0,0,0,0,0,0,0,0
479903.673367,0,0,0,0,0,0,0,0,0,0,0,0,0
479903.678204,0,0,0,0,0,0,0,0,0,0,0,0,0
479903.683181,0,0,0,0,0,0,0,0,0,0,0,0,0
479903.688285,0,0,0,0,0,0,0,0,0,0,0,0,0
479903.693330,0,0,0,0,0,0,0,0,0,0,0,0,0
479903.698378,0,0,0,0,0,0,0,0,0,0,0,0,0
479903.703282,0,0,0,0,0,0,0,0,0,0,0,0,0
479903.708259,0,0,0,0,0,0,0,0,0,0,0,0,0
479903.713190,0,0,0,0,0,0,0,0,0,0,0,0,0
479903.718211,0,0,0,0,0,0,0,0,0,0,0,0,0
479903.723313,0,0,0,0,0,0,0,0,0,0,0,0,0
479903.728326,0,0,0,0,0,0,0,0,0,0,0,0,0
479903.733195,0,0,0,0,0,0,0,0,0,0,0,0,0
479903.738297,0,0,0,0,0,0,0,0,0,0,0,0,0
479903.743130,0,0,0,0,0,0,0,0,0,0,0,0,0
479903.748232,0,0,0,0,0,0,0,0,0,0,0,0,0
479903.753234,0,0,0,0,0,0,0,0,0,0,0,0,0
479903.758247,0,0,0,0,0,0,0,0,0,0,0,0,0
479903.763330,0,0,0,0,0,0,0,0,0,0,0,0,0
479903.768223,0,0,0,0,0,0,0,0,0,0,0,0,0
479903.773403,0,0,0,0,0,0,0,0,0,0,0,0,0
479903.778307,0,0,0,0,0,0,0,0,0,0,0,0,0
479903.783283,0,0,0,0,0,0,0,0,0,0,0,0,0
479903.788221,0,0,0,0,0,0,0,0,0,0,0,0,0
479903.793370,0,0,0,0,0,0,0,0,0,0,0,0,0
479903.798408,0,0,0,0,0,0,0,0,0,0,0,0,0
479903.803379,0,0,0,0,0,0,0,0,0,0,0,0,0
479903.808390,0,0,0,0,0,0,0,0,0,0,0,0,0
479903.813289,0,0,0,0,0,0,0,0,0,0,0,0,0
479903.818266,0,0,0,0,0,0,0,0,0,0,0,0,0
479903.823357,0,0,0,0,0,0,0,0,0,0,0,0,0
479903.828298,0,0,0,0,0,0,0,0,0,0,0,0,0
479903.833127,0,0,0,0,0,0,0,0,0,0,0,0,0
479903.838203,0,0,0,0,0,0,0,0,0,0,0,0,0
479903.843099,0,0,0,0,0,0,0,0,0,0,0,0,0
479903.848184,0,0,0,0,0,0,0,0,0,0,0,0,0
479903.853295,0,0,0,0,0,0,0,0,0,0,0,0,0
479903.858252,0,0,0,0,0,0,0,0,0,0,0,0,0
479903.863226,0,0,0,0,0,0,0,0,0,0,0,0,0
479903.868166,0,0,0,0,0,0,0,0,0,0,0,0,0
479903.873199,0,0,0,0,0,0,0,0,0,0,0,0,0
479903.878164,0,0,0,0,0,0,0,0,0,0,0,0,0
479903.883214,0,0,0,0,0,0,0,0,0,0,0,0,0
479903.888250,0,0,0,0,0,0,0,0,0,0,0,0,0
479903.893244,0,0,0,0,0,0,0,0,0,0,0,0,0
479903.898416,0,0,0,0,0,0,0,0,0,0,0,0,0
479903.903393,0,0,0,0,0,0,0,0,0,0,0,0,0
479903.908289,0,0,0,0,0,0,0,0,0,0,0,0,0
479903.913189,0,0,0,0,0,0,0,0,0,0,0,0,0
479903.918180,0,0,0,0,0,0,0,0,0,0,0,0,0
479903.923223,0,0,0,0,0,0,0,0,0,0,0,0,0
479903.928194,0,0,0,0,0,0,0,0,0,0,0,0,0
479903.933196,0,0,0,0,0,0,0,0,0,0,0,0,0
479903.938178,0,0,0,0,0,0,0,0,0,0,0,0,0
479903.943137,0,0,0,0,0,0,0,0,0,0,0,0,0
479903.948136,0,0,0,0,0,0,0,0,0,0,0,0,0
479903.953229,0,0,0,0,0,0,0,0,0,0,0,0,0
479903.958268,0,0,0,0,0,0,0,0,0,0,0,0,0
479903.963198,0,0,0,0,0,0,0,0,0,0,0,0,0
479903.968147,0,0,0,0,0,0,0,0,0,0,0,0,0
479903.973213,0,0,0,0,0,0,0,0,0,0,0,0,0
479903.978216,0,0,0,0,0,0,0,0,0,0,0,0,0
479903.983197,0,0,0,0,0,0,0,0,0,0,0,0,0
479903.988147,0,0,0,0,0,0,0,0,0,0,0,0,0
479903.993312,0,0,0,0,0,0,0,0,0,0,0,0,0
479903.998411,0,0,0,0,0,0,0,0,0,0,0,0,0
479904.003356,0,0,0,0,0,0,0,0,0,0,0,0,0
479904.008258,0,0,0,0,0,0,0,0,0,0,0,0,0
479904.013192,0,0,0,0,0,0,0,0,0,0,0,0,0
479904.018205,0,0,0,0,0,0,0,0,0,0,0,0,0
479904.023102,0,0,0,0,0,0,0,0,0,0,0,0,0
479904.028320,0,0,0,0,0,0,0,0,0,0,0,0,0
479904.033157,0,0,0,0,0,0,0,0,0,0,0,0,0
479904.038200,0,0,0,0,0,0,0,0,0,0,0,0,0
479904.043151,0,0,0,0,0,0,0,0,0,0,0,0,0
479904.048168,0,0,0,0,0,0,0,0,0,0,0,0,0
479904.053280,0,0,0,0,0,0,0,0,0,0,0,0,0
479904.058239,0,0,0,0,0,0,0,0,0,0,0,0,0
479904.063213,0,0,0,0,0,0,0,0,0,0,0,0,0
479904.068169,0,0,0,0,0,0,0,0,0,0,0,0,0
479904.073219,0,0,0,0,0,0,0,0,0,0,0,0,0
479904.078170,0,0,0,0,0,0,0,0,0,0,0,0,0
479904.083201,0,0,0,0,0,0,0,0,0,0,0,0,0
479904.088110,0,0,0,0,0,0,0,0,0,0,0,0,0
479904.093235,0,0,0,0,0,0,0,0,0,0,0,0,0
479904.098333,0,0,0,0,0,0,0,0,0,0,0,0,0
479904.103400,0,0,0,0,0,0,0,0,0,0,0,0,0
479904.108279,0,0,0,0,0,0,0,0,0,0,0,0,0
479904.113215,0,0,0,0,0,0,0,0,0,0,0,0,0
479904.118234,0,0,0,0,0,0,0,0,0,0,0,0,0
479904.123267,0,0,0,0,0,0,0,0,0,0,0,0,0
479904.128327,0,0,0,0,0,0,0,0,0,0,0,0,0
479904.133218,0,0,0,0,0,0,0,0,0,0,0,0,0
479904.138271,0,0,0,0,0,0,0,0,0,0,0,0,0
479904.143154,0,0,0,0,0,0,0,0,0,0,0,0,0
479904.148265,0,0,0,0,0,0,0,0,0,0,0,0,0
479904.153368,0,0,0,0,0,0,0,0,0,0,0,0,0
479904.158334,0,0,0,0,0,0,0,0,0,0,0,0,0
479904.163321,0,0,0,0,0,0,0,0,0,0,0,0,0
479904.168231,0,0,0,0,0,0,0,0,0,0,0,0,0
479904.173349,0,0,0,0,0,0,0,0,0,0,0,0,0
479904.178326,0,0,0,0,0,0,0,0,0,0,0,0,0
479904.183345,0,0,0,0,0,0,0,0,0,0,0,0,0
479904.188257,0,0,0,0,0,0,0,0,0,0,0,0,0
479904.193372,0,0,0,0,0,0,0,0,0,0,0,0,0
479904.198580,0,0,0,0,0,0,0,0,0,0,0,0,0
479904.203425,0,0,0,0,0,0,0,0,0,0,0,0,0
479904.208384,0,0,0,0,0,0,0,0,0,0,0,0,0
479904.213360,0,0,0,0,0,0,0,0,0,0,0,0,0
479904.218264,0,0,0,0,0,0,0,0,0,0,0,0,0
479904.223356,0,0,0,0,0,0,0,0,0,0,0,0,0
479904.228358,0,0,0,0,0,0,0,0,0,0,0,0,0
479904.233261,0,0,0,0,0,0,0,0,0,0,0,0,0
479904.238378,0,0,0,0,0,0,0,0,0,0,0,0,0
479904.243246,0,0,0,0,0,0,0,0,0,0,0,0,0
479904.248312,0,0,0,0,0,0,0,0,0,0,0,0,0
479904.253327,0,0,0,0,0,0,0,0,0,0,0,0,0
479904.258289,0,0,0,0,0,0,0,0,0,0,0,0,0
479904.263172,0,0,0,0,0,0,0,0,0,0,0,0,0
479904.268177,0,0,0,0,0,0,0,0,0,0,0,0,0
479904.273278,0,0,0,0,0,0,0,0,0,0,0,0,0
479904.278249,0,0,0,0,0,0,0,0,0,0,0,0,0
479904.283300,0,0,0,0,0,0,0,0,0,0,0,0,0
479904.288222,0,0,0,0,0,0,0,0,0,0,0,0,0
479904.293379,0,0,0,0,0,0,0,0,0,0,0,0,0
479904.298399,0,0,0,0,0,0,0,0,0,0,0,0,0
479904.303306,0,0,0,0,0,0,0,0,0,0,0,0,0
479904.308299,0,0,0,0,0,0,0,0,0,0,0,0,0
479904.313626,0,0,0,0,0,0,0,0,0,0,0,0,0
479904.318173,0,0,0,0,0,0,0,0,0,0,0,0,0
479904.323239,0,0,0,0,0,0,0,0,0,0,0,0,0
479904.328373,0,0,0,0,0,0,0,0,0,0,0,0,0
479904.333245,0,0,0,0,0,0,0,0,0,0,0,0,0
479904.338264,0,0,0,0,0,0,0,0,0,0,0,0,0
479904.343227,0,0,0,0,0,0,0,0,0,0,0,0,0
479904.348261,0,0,0,0,0,0,0,0,0,0,0,0,0
479904.353308,0,0,0,0,0,0,0,0,0,0,0,0,0
479904.358197,0,0,0,0,0,0,0,0,0,0,0,0,0
479904.363192,0,0,0,0,0,0,0,0,0,0,0,0,0
479904.368099,0,0,0,0,0,0,0,0,0,0,0,0,0
479904.373225,0,0,0,0,0,0,0,0,0,0,0,0,0
479904.378242,0,0,0,0,0,0,0,0,0,0,0,0,0
479904.383206,0,0,0,0,0,0,0,0,0,0,0,0,0
479904.388140,0,0,0,0,0,0,0,0,0,0,0,0,0
479904.393255,0,0,0,0,0,0,0,0,0,0,0,0,0
479904.398291,0,0,0,0,0,0,0,0,0,0,0,0,0
479904.403299,0,0,0,0,0,0,0,0,0,0,0,0,0
479904.408271,0,0,0,0,0,0,0,0,0,0,0,0,0
479904.413305,0,0,0,0,0,0,0,0,0,0,0,0,0
479904.418185,0,0,0,0,0,0,0,0,0,0,0,0,0
479904.423202,0,0,0,0,0,0,0,0,0,0,0,0,0
479904.428298,0,0,0,0,0,0,0,0,0,0,0,0,0
479904.433197,0,0,0,0,0,0,0,0,0,0,0,0,0
479904.438218,0,0,0,0,0,0,0,0,0,0,0,0,0
479904.443181,0,0,0,0,0,0,0,0,0,0,0,0,0
479904.448320,0,0,0,0,0,0,0,0,0,0,0,0,0
479904.453329,0,0,0,0,0,0,0,0,0,0,0,0,0
479904.458285,0,0,0,0,0,0,0,0,0,0,0,0,0
479904.463245,0,0,0,0,0,0,0,0,0,0,0,0,0
479904.468153,0,0,0,0,0,0,0,0,0,0,0,0,0
479904.473225,0,0,0,0,0,0,0,0,0,0,0,0,0
479904.478203,0,0,0,0,0,0,0,0,0,0,0,0,0
479904.483267,0,0,0,0,0,0,0,0,0,0,0,0,0
479904.488298,0,0,0,0,0,0,0,0,0,0,0,0,0
479904.493343,0,0,0,0,0,0,0,0,0,0,0,0,0
479904.498317,0,0,0,0,0,0,0,0,0,0,0,0,0
479904.503351,0,0,0,0,0,0,0,0,0,0,0,0,0
479904.508184,0,0,0,0,0,0,0,0,0,0,0,0,0
479904.513249,0,0,0,0,0,0,0,0,0,0,0,0,0
479904.518323,0,0,0,0,0,0,0,0,0,0,0,0,0
479904.523235,0,0,0,0,0,0,0,0,0,0,0,0,0
479904.528325,0,0,0,0,0,0,0,0,0,0,0,0,0
479904.533202,0,0,0,0,0,0,0,0,0,0,0,0,0
479904.538201,0,0,0,0,0,0,0,0,0,0,0,0,0
479904.543199,0,0,0,0,0,0,0,0,0,0,0,0,0
479904.548351,0,0,0,0,0,0,0,0,0,0,0,0,0
479904.553278,0,0,0,0,0,0,0,0,0,0,0,0,0
479904.558342,0,0,0,0,0,0,0,0,0,0,0,0,0
479904.563292,0,0,0,0,0,0,0,0,0,0,0,0,0
479904.568366,0,0,0,0,0,0,0,0,0,0,0,0,0
479904.573337,0,0,0,0,0,0,0,0,0,0,0,0,0
479904.578316,0,0,0,0,0,0,0,0,0,0,0,0,0
479904.583354,0,0,0,0,0,0,0,0,0,0,0,0,0
479904.588256,0,0,0,0,0,0,0,0,0,0,0,0,0
479904.593363,0,0,0,0,0,0,0,0,0,0,0,0,0
479904.598413,0,0,0,0,0,0,0,0,0,0,0,0,0
479904.603383,0,0,0,0,0,0,0,0,0,0,0,0,0
479904.608382,0,0,0,0,0,0,0,0,0,0,0,0,0
479904.613358,0,0,0,0,0,0,0,0,0,0,0,0,0
479904.618219,0,0,0,0,0,0,0,0,0,0,0,0,0
479904.623202,0,0,0,0,0,0,0,0,0,0,0,0,0
479904.628290,0,0,0,0,0,0,0,0,0,0,0,0,0
479904.633241,0,0,0,0,0,0,0,0,0,0,0,0,0
479904.638198,0,0,0,0,0,0,0,0,0,0,0,0,0
479904.643186,0,0,0,0,0,0,0,0,0,0,0,0,0
479904.648262,0,0,0,0,0,0,0,0,0,0,0,0,0
479904.653285,0,0,0,0,0,0,0,0,0,0,0,0,0
479904.658232,0,0,0,0,0,0,0,0,0,0,0,0,0
479904.663247,0,0,0,0,0,0,0,0,0,0,0,0,0
479904.668280,0,0,0,0,0,0,0,0,0,0,0,0,0
479904.673270,0,0,0,0,0,0,0,0,0,0,0,0,0
479904.678220,0,0,0,0,0,0,0,0,0,0,0,0,0
479904.683278,0,0,0,0,0,0,0,0,0,0,0,0,0
479904.688199,0,0,0,0,0,0,0,0,0,0,0,0,0
479904.693276,0,0,0,0,0,0,0,0,0,0,0,0,0
479904.698347,0,0,0,0,0,0,0,0,0,0,0,0,0
479904.703287,0,0,0,0,0,0,0,0,0,0,0,0,0
479904.708417,0,0,0,0,0,0,0,0,0,0,0,0,0
479904.713219,0,0,0,0,0,0,0,0,0,0,0,0,0
479904.718237,0,0,0,0,0,0,0,0,0,0,0,0,0
479904.723164,0,0,0,0,0,0,0,0,0,0,0,0,0
479904.728276,0,0,0,0,0,0,0,0,0,0,0,0,0
479904.733130,0,0,0,0,0,0,0,0,0,0,0,0,0
479904.738315,0,0,0,0,0,0,0,0,0,0,0,0,0
479904.743191,0,0,0,0,0,0,0,0,0,0,0,0,0
479904.748253,0,0,0,0,0,0,0,0,0,0,0,0,0
479904.753276,0,0,0,0,0,0,0,0,0,0,0,0,0
479904.758272,0,0,0,0,0,0,0,0,0,0,0,0,0
479904.763235,0,0,0,0,0,0,0,0,0,0,0,0,0
479904.768078,0,0,0,0,0,0,0,0,0,0,0,0,0
479904.773240,0,0,0,0,0,0,0,0,0,0,0,0,0
479904.778243,0,0,0,0,0,0,0,0,0,0,0,0,0
479904.783267,0,0,0,0,0,0,0,0,0,0,0,0,0
479904.788176,0,0,0,0,0,0,0,0,0,0,0,0,0
479904.793289,0,0,0,0,0,0,0,0,0,0,0,0,0
479904.798366,0,0,0,0,0,0,0,0,0,0,0,0,0
479904.803311,0,0,0,0,0,0,0,0,0,0,0,0,0
479904.808250,0,0,0,0,0,0,0,0,0,0,0,0,0
479904.813234,0,0,0,0,0,0,0,0,0,0,0,0,0
479904.818298,0,0,0,0,0,0,0,0,0,0,0,0,0
479904.823212,0,0,0,0,0,0,0,0,0,0,0,0,0
479904.828215,0,0,0,0,0,0,0,0,0,0,0,0,0
479904.833290,0,0,0,0,0,0,0,0,0,0,0,0,0
479904.838393,0,0,0,0,0,0,0,0,0,0,0,0,0
479904.843190,0,0,0,0,0,0,0,0,0,0,0,0,0
479904.848268,0,0,0,0,0,0,0,0,0,0,0,0,0
479904.853258,0,0,0,0,0,0,0,0,0,0,0,0,0
479904.858273,0,0,0,0,0,0,0,0,0,0,0,0,0
479904.863247,0,0,0,0,0,0,0,0,0,0,0,0,0
479904.868241,0,0,0,0,0,0,0,0,0,0,0,0,0
479904.873337,0,0,0,0,0,0,0,0,0,0,0,0,0
479904.878200,0,0,0,0,0,0,0,0,0,0,0,0,0
479904.883220,0,0,0,0,0,0,0,0,0,0,0,0,0
479904.888158,0,0,0,0,0,0,0,0,0,0,0,0,0
479904.893248,0,0,0,0,0,0,0,0,0,0,0,0,0
479904.898398,0,0,0,0,0,0,0,0,0,0,0,0,0
479904.903328,0,0,0,0,0,0,0,0,0,0,0,0,0
479904.908254,0,0,0,0,0,0,0,0,0,0,0,0,0
479904.913205,0,0,0,0,0,0,0,0,0,0,0,0,0
479904.918222,0,0,0,0,0,0,0,0,0,0,0,0,0
479904.923217,0,0,0,0,0,0,0,0,0,0,0,0,0
479904.928231,0,0,0,0,0,0,0,0,0,0,0,0,0
479904.933195,0,0,0,0,0,0,0,0,0,0,0,0,0
479904.938243,0,0,0,0,0,0,0,0,0,0,0,0,0
479904.943204,0,0,0,0,0,0,0,0,0,0,0,0,0
479904.948332,0,0,0,0,0,0,0,0,0,0,0,0,0
479904.953263,0,0,0,0,0,0,0,0,0,0,0,0,0
479904.958359,0,0,0,0,0,0,0,0,0,0,0,0,0
479904.963325,0,0,0,0,0,0,0,0,0,0,0,0,0
479904.968312,0,0,0,0,0,0,0,0,0,0,0,0,0
479904.973310,0,0,0,0,0,0,0,0,0,0,0,0,0
479904.978309,0,0,0,0,0,0,0,0,0,0,0,0,0
479904.983324,0,0,0,0,0,0,0,0,0,0,0,0,0
479904.988239,0,0,0,0,0,0,0,0,0,0,0,0,0
479904.993356,0,0,0,0,0,0,0,0,0,0,0,0,0
479904.998318,0,0,0,0,0,0,0,0,0,0,0,0,0
479905.003685,0,0,0,0,0,0,0,0,0,0,0,0,0
479905.008260,0,0,0,0,0,0,0,0,0,0,0,0,0
479905.013290,0,0,0,0,0,0,0,0,0,0,0,0,0
479905.018287,0,0,0,0,0,0,0,0,0,0,0,0,0
479905.023294,0,0,0,0,0,0,0,0,0,0,0,0,0
479905.028287,0,0,0,0,0,0,0,0,0,0,0,0,0
479905.033320,0,0,0,0,0,0,0,0,0,0,0,0,0
479905.038319,0,0,0,0,0,0,0,0,0,0,0,0,0
479905.043242,0,0,0,0,0,0,0,0,0,0,0,0,0
479905.048329,0,0,0,0,0,0,0,0,0,0,0,0,0
479905.053366,0,0,0,0,0,0,0,0,0,0,0,0,0
479905.058282,0,0,0,0,0,0,0,0,0,0,0,0,0
479905.063325,0,0,0,0,0,0,0,0,0,0,0,0,0
479905.068210,0,0,0,0,0,0,0,0,0,0,0,0,0
479905.073202,0,0,0,0,0,0,0,0,0,0,0,0,0
479905.078207,0,0,0,0,0,0,0,0,0,0,0,0,0
479905.083335,0,0,0,0,0,0,0,0,0,0,0,0,0
479905.088239,0,0,0,0,0,0,0,0,0,0,0,0,0
479905.093340,0,0,0,0,0,0,0,0,0,0,0,0,0
479905.098441,0,0,0,0,0,0,0,0,0,0,0,0,0
479905.103258,0,0,0,0,0,0,0,0,0,0,0,0,0
479905.108267,0,0,0,0,0,0,0,0,0,0,0,0,0
479905.113258,0,0,0,0,0,0,0,0,0,0,0,0,0
479905.118268,0,0,0,0,0,0,0,0,0,0,0,0,0
479905.123175,0,0,0,0,0,0,0,0,0,0,0,0,0
479905.128281,0,0,0,0,0,0,0,0,0,0,0,0,0
479905.133420,0,0,0,0,0,0,0,0,0,0,0,0,0
479905.138217,0,0,0,0,0,0,0,0,0,0,0,0,0
479905.143223,0,0,0,0,0,0,0,0,0,0,0,0,0
479905.148340,0,0,0,0,0,0,0,0,0,0,0,0,0
479905.153203,0,0,0,0,0,0,0,0,0,0,0,0,0
479905.158376,0,0,0,0,0,0,0,0,0,0,0,0,0
479905.163377,0,0,0,0,0,0,0,0,0,0,0,0,0
479905.168335,0,0,0,0,0,0,0,0,0,0,0,0,0
479905.173307,0,0,0,0,0,0,0,0,0,0,0,0,0
479905.178365,0,0,0,0,0,0,0,0,0,0,0,0,0
479905.183330,0,0,0,0,0,0,0,0,0,0,0,0,0
479905.188240,0,0,0,0,0,0,0,0,0,0,0,0,0
479905.193336,0,0,0,0,0,0,0,0,0,0,0,0,0
479905.198487,0,0,0,0,0,0,0,0,0,0,0,0,0
479905.203275,0,0,0,0,0,0,0,0,0,0,0,0,0
479905.208356,0,0,0,0,0,0,0,0,0,0,0,0,0
479905.213350,0,0,0,0,0,0,0,0,0,0,0,0,0
479905.218360,0,0,0,0,0,0,0,0,0,0,0,0,0
479905.223281,0,0,0,0,0,0,0,0,0,0,0,0,0
479905.228402,0,0,0,0,0,0,0,0,0,0,0,0,0
479905.233163,0,0,0,0,0,0,0,0,0,0,0,0,0
479905.238238,0,0,0,0,0,0,0,0,0,0,0,0,0
479905.243195,0,0,0,0,0,0,0,0,0,0,0,0,0
479905.248368,0,0,0,0,0,0,0,0,0,0,0,0,0
479905.253210,0,0,0,0,0,0,0,0,0,0,0,0,0
479905.258269,0,0,0,0,0,0,0,0,0,0,0,0,0
479905.263321,0,0,0,0,0,0,0,0,0,0,0,0,0
479905.268284,0,0,0,0,0,0,0,0,0,0,0,0,0
479905.273245,0,0,0,0,0,0,0,0,0,0,0,0,0
479905.278221,0,0,0,0,0,0,0,0,0,0,0,0,0
479905.283173,0,0,0,0,0,0,0,0,0,0,0,0,0
479905.288184,0,0,0,0,0,0,0,0,0,0,0,0,0
479905.293319,0,0,0,0,0,0,0,0,0,0,0,0,0
479905.298391,0,0,0,0,0,0,0,0,0,0,0,0,0
479905.303280,0,0,0,0,0,0,0,0,0,0,0,0,0
479905.308338,0,0,0,0,0,0,0,0,0,0,0,0,0
479905.313349,0,0,0,0,0,0,0,0,0,0,0,0,0
479905.318363,0,0,0,0,0,0,0,0,0,0,0,0,0
479905.323318,0,0,0,0,0,0,0,0,0,0,0,0,0
479905.328339,0,0,0,0,0,0,0,0,0,0,0,0,0
479905.333223,0,0,0,0,0,0,0,0,0,0,0,0,0
479905.338339,0,0,0,0,0,0,0,0,0,0,0,0,0
479905.343246,0,0,0,0,0,0,0,0,0,0,0,0,0
479905.348324,0,0,0,0,0,0,0,0,0,0,0,0,0
479905.353262,0,0,0,0,0,0,0,0,0,0,0,0,0
479905.358359,0,0,0,0,0,0,0,0,0,0,0,0,0
479905.363409,0,0,0,0,0,0,0,0,0,0,0,0,0
479905.368317,0,0,0,0,0,0,0,0,0,0,0,0,0
479905.373261,0,0,0,0,0,0,0,0,0,0,0,0,0
479905.378313,0,0,0,0,0,0,0,0,0,0,0,0,0
479905.383285,0,0,0,0,0,0,0,0,0,0,0,0,0
479905.388157,0,0,0,0,0,0,0,0,0,0,0,0,0
479905.393262,0,0,0,0,0,0,0,0,0,0,0,0,0
479905.398219,0,0,0,0,0,0,0,0,0,0,0,0,0
479905.403305,0,0,0,0,0,0,0,0,0,0,0,0,0
479905.408226,0,0,0,0,0,0,0,0,0,0,0,0,0
479905.413250,0,0,0,0,0,0,0,0,0,0,0,0,0
479905.418299,0,0,0,0,0,0,0,0,0,0,0,0,0
479905.423221,0,0,0,0,0,0,0,0,0,0,0,0,0
479905.428356,0,0,0,0,0,0,0,0,0,0,0,0,0
479905.433157,0,0,0,0,0,0,0,0,0,0,0,0,0
479905.438245,0,0,0,0,0,0,0,0,0,0,0,0,0
479905.443271,0,0,0,0,0,0,0,0,0,0,0,0,0
479905.448275,0,0,0,0,0,0,0,0,0,0,0,0,0
479905.453331,0,0,0,0,0,0,0,0,0,0,0,0,0
479905.458364,0,0,0,0,0,0,0,0,0,0,0,0,0
479905.463307,0,0,0,0,0,0,0,0,0,0,0,0,0
479905.468230,0,0,0,0,0,0,0,0,0,0,0,0,0
479905.473290,0,0,0,0,0,0,0,0,0,0,0,0,0
479905.478196,0,0,0,0,0,0,0,0,0,0,0,0,0
479905.483217,0,0,0,0,0,0,0,0,0,0,0,0,0
479905.488159,0,0,0,0,0,0,0,0,0,0,0,0,0
479905.493296,0,0,0,0,0,0,0,0,0,0,0,0,0
479905.498352,0,0,0,0,0,0,0,0,0,0,0,0,0
479905.503202,0,0,0,0,0,0,0,0,0,0,0,0,0
479905.508206,0,0,0,0,0,0,0,0,0,0,0,0,0
479905.513193,0,0,0,0,0,0,0,0,0,0,0,0,0
479905.518203,0,0,0,0,0,0,0,0,0,0,0,0,0
479905.523430,0,0,0,0,0,0,0,0,0,0,0,0,0
479905.528432,0,0,0,0,0,0,0,0,0,0,0,0,0
479905.533214,0,0,0,0,0,0,0,0,0,0,0,0,0
479905.538305,0,0,0,0,0,0,0,0,0,0,0,0,0
479905.543262,0,0,0,0,0,0,0,0,0,0,0,0,0
479905.548354,0,0,0,0,0,0,0,0,0,0,0,0,0
479905.553271,0,0,0,0,0,0,0,0,0,0,0,0,0
479905.558377,0,0,0,0,0,0,0,0,0,0,0,0,0
479905.563411,0,0,0,0,0,0,0,0,0,0,0,0,0
479905.568259,0,0,0,0,0,0,0,0,0,0,0,0,0
479905.573314,0,0,0,0,0,0,0,0,0,0,0,0,0
479905.578341,0,0,0,0,0,0,0,0,0,0,0,0,0
479905.583351,0,0,0,0,0,0,0,0,0,0,0,0,0
479905.588256,0,0,0,0,0,0,0,0,0,0,0,0,0
479905.593334,0,0,0,0,0,0,0,0,0,0,0,0,0
479905.598432,0,0,0,0,0,0,0,0,0,0,0,0,0
479905.603288,0,0,0,0,0,0,0,0,0,0,0,0,0
479905.608227,0,0,0,0,0,0,0,0,0,0,0,0,0
479905.613192,0,0,0,0,0,0,0,0,0,0,0,0,0
479905.618292,0,0,0,0,0,0,0,0,0,0,0,0,0
479905.623240,0,0,0,0,0,0,0,0,0,0,0,0,0
479905.628180,0,0,0,0,0,0,0,0,0,0,0,0,0
479905.633283,0,0,0,0,0,0,0,0,0,0,0,0,0
