t_mono,changed,ch0,ch1,ch2,ch3,ch4,ch5,ch6,ch7,ch8,ch9,ch10,ch11
479838.130139,0,0,0,0,0,0,0,0,0,0,0,0,0
479838.141310,0,0,0,0,0,0,0,0,0,0,0,0,0
479838.152400,0,0,0,0,0,0,0,0,0,0,0,0,0
479838.163516,0,0,0,0,0,0,0,0,0,0,0,0,0
479838.174622,0,0,0,0,0,0,0,0,0,0,0,0,0
479838.185826,0,0,0,0,0,0,0,0,0,0,0,0,0
479838.197018,0,0,0,0,0,0,0,0,0,0,0,0,0
479838.207910,0,0,0,0,0,0,0,0,0,0,0,0,0
479838.219070,0,0,0,0,0,0,0,0,0,0,0,0,0
479838.230179,0,0,0,0,0,0,0,0,0,0,0,0,0
479838.241341,0,0,0,0,0,0,0,0,0,0,0,0,0
479838.252368,0,0,0,0,0,0,0,0,0,0,0,0,0
479838.263493,0,0,0,0,0,0,0,0,0,0,0,0,0
479838.274599,0,0,0,0,0,0,0,0,0,0,0,0,0
479838.285744,0,0,0,0,0,0,0,0,0,0,0,0,0
479838.297105,0,0,0,0,0,0,0,0,0,0,0,0,0
479838.307970,0,0,0,0,0,0,0,0,0,0,0,0,0
479838.319104,0,0,0,0,0,0,0,0,0,0,0,0,0
479838.330197,0,0,0,0,0,0,0,0,0,0,0,0,0
479838.341347,0,0,0,0,0,0,0,0,0,0,0,0,0
479838.352411,0,0,0,0,0,0,0,0,0,0,0,0,0
479838.363484,0,0,0,0,0,0,0,0,0,0,0,0,0
479838.374637,0,0,0,0,0,0,0,0,0,0,0,0,0
479838.385796,0,0,0,0,0,0,0,0,0,0,0,0,0
479838.397064,0,0,0,0,0,0,0,0,0,0,0,0,0
479838.407913,0,0,0,0,0,0,0,0,0,0,0,0,0
479838.419124,0,0,0,0,0,0,0,0,0,0,0,0,0
479838.430158,0,0,0,0,0,0,0,0,0,0,0,0,0
479838.441284,0,0,0,0,0,0,0,0,0,0,0,0,0
479838.452439,0,0,0,0,0,0,0,0,0,0,0,0,0
479838.463471,0,0,0,0,0,0,0,0,0,0,0,0,0
479838.474640,0,0,0,0,0,0,0,0,0,0,0,0,0
479838.485781,0,0,0,0,0,0,0,0,0,0,0,0,0
479838.496962,0,0,0,0,0,0,0,0,0,0,0,0,0
479838.507940,0,0,0,0,0,0,0,0,0,0,0,0,0
479838.519105,0,0,0,0,0,0,0,0,0,0,0,0,0
479838.530170,0,0,0,0,0,0,0,0,0,0,0,0,0
479838.541301,0,0,0,0,0,0,0,0,0,0,0,0,0
479838.552370,0,0,0,0,0,0,0,0,0,0,0,0,0
479838.563476,0,0,0,0,0,0,0,0,0,0,0,0,0
479838.574591,0,0,0,0,0,0,0,0,0,0,0,0,0
479838.585789,0,0,0,0,0,0,0,0,0,0,0,0,0
479838.596947,0,0,0,0,0,0,0,0,0,0,0,0,0
479838.607930,0,0,0,0,0,0,0,0,0,0,0,0,0
479838.619084,0,0,0,0,0,0,0,0,0,0,0,0,0
479838.630175,0,0,0,0,0,0,0,0,0,0,0,0,0
479838.641325,0,0,0,0,0,0,0,0,0,0,0,0,0
479838.652495,0,0,0,0,0,0,0,0,0,0,0,0,0
479838.663469,0,0,0,0,0,0,0,0,0,0,0,0,0
479838.674608,0,0,0,0,0,0,0,0,0,0,0,0,0
479838.685793,0,0,0,0,0,0,0,0,0,0,0,0,0
479838.697012,0,0,0,0,0,0,0,0,0,0,0,0,0
479838.707891,0,0,0,0,0,0,0,0,0,0,0,0,0
479838.719098,0,0,0,0,0,0,0,0,0,0,0,0,0
479838.730108,0,0,0,0,0,0,0,0,0,0,0,0,0
479838.741278,0,0,0,0,0,0,0,0,0,0,0,0,0
479838.752447,0,0,0,0,0,0,0,0,0,0,0,0,0
479838.763440,0,0,0,0,0,0,0,0,0,0,0,0,0
479838.774636,0,0,0,0,0,0,0,0,0,0,0,0,0
479838.785800,0,0,0,0,0,0,0,0,0,0,0,0,0
479838.797072,0,0,0,0,0,0,0,0,0,0,0,0,0
479838.807917,0,0,0,0,0,0,0,0,0,0,0,0,0
479838.819072,0,0,0,0,0,0,0,0,0,0,0,0,0
479838.830171,0,0,0,0,0,0,0,0,0,0,0,0,0
479838.841317,0,0,0,0,0,0,0,0,0,0,0,0,0
479838.852467,0,0,0,0,0,0,0,0,0,0,0,0,0
479838.863476,0,0,0,0,0,0,0,0,0,0,0,0,0
479838.874591,0,0,0,0,0,0,0,0,0,0,0,0,0
479838.885761,0,0,0,0,0,0,0,0,0,0,0,0,0
479838.896970,0,0,0,0,0,0,0,0,0,0,0,0,0
479838.907930,0,0,0,0,0,0,0,0,0,0,0,0,0
479838.919108,0,0,0,0,0,0,0,0,0,0,0,0,0
479838.930131,0,0,0,0,0,0,0,0,0,0,0,0,0
479838.941354,0,0,0,0,0,0,0,0,0,0,0,0,0
479838.952393,0,0,0,0,0,0,0,0,0,0,0,0,0
479838.963491,0,0,0,0,0,0,0,0,0,0,0,0,0
479838.974657,0,0,0,0,0,0,0,0,0,0,0,0,0
479838.985792,0,0,0,0,0,0,0,0,0,0,0,0,0
479838.996990,0,0,0,0,0,0,0,0,0,0,0,0,0
479839.007982,0,0,0,0,0,0,0,0,0,0,0,0,0
479839.019137,0,0,0,0,0,0,0,0,0,0,0,0,0
479839.030201,0,0,0,0,0,0,0,0,0,0,0,0,0
479839.041328,0,0,0,0,0,0,0,0,0,0,0,0,0
479839.052740,0,0,0,0,0,0,0,0,0,0,0,0,0
479839.063511,0,0,0,0,0,0,0,0,0,0,0,0,0
479839.074595,0,0,0,0,0,0,0,0,0,0,0,0,0
479839.090098,0,0,0,0,0,0,0,0,0,0,0,0,0
479839.097128,0,0,0,0,0,0,0,0,0,0,0,0,0
479839.107941,0,0,0,0,0,0,0,0,0,0,0,0,0
479839.120081,0,0,0,0,0,0,0,0,0,0,0,0,0
479839.130374,0,0,0,0,0,0,0,0,0,0,0,0,0
479839.142715,0,0,0,0,0,0,0,0,0,0,0,0,0
479839.152364,0,0,0,0,0,0,0,0,0,0,0,0,0
479839.163626,0,0,0,0,0,0,0,0,0,0,0,0,0
479839.174613,0,0,0,0,0,0,0,0,0,0,0,0,0
479839.207941,0,0,0,0,0,0,0,0,0,0,0,0,0
479839.230166,0,0,0,0,0,0,0,0,0,0,0,0,0
479839.241340,0,0,0,0,0,0,0,0,0,0,0,0,0
479839.252414,0,0,0,0,0,0,0,0,0,0,0,0,0
479839.263514,0,0,0,0,0,0,0,0,0,0,0,0,0
479839.274666,0,0,0,0,0,0,0,0,0,0,0,0,0
479839.285818,0,0,0,0,0,0,0,0,0,0,0,0,0
479839.297105,0,0,0,0,0,0,0,0,0,0,0,0,0
479839.307924,0,0,0,0,0,0,0,0,0,0,0,0,0
479839.319104,0,0,0,0,0,0,0,0,0,0,0,0,0
479839.330163,0,0,0,0,0,0,0,0,0,0,0,0,0
479839.341329,0,0,0,0,0,0,0,0,0,0,0,0,0
479839.354078,0,0,0,0,0,0,0,0,0,0,0,0,0
479839.363491,0,0,0,0,0,0,0,0,0,0,0,0,0
479839.374615,0,0,0,0,0,0,0,0,0,0,0,0,0
479839.385802,0,0,0,0,0,0,0,0,0,0,0,0,0
479839.397073,0,0,0,0,0,0,0,0,0,0,0,0,0
479839.407958,0,0,0,0,0,0,0,0,0,0,0,0,0
479839.419079,0,0,0,0,0,0,0,0,0,0,0,0,0
479839.430177,0,0,0,0,0,0,0,0,0,0,0,0,0
479839.441327,0,0,0,0,0,0,0,0,0,0,0,0,0
479839.452395,0,0,0,0,0,0,0,0,0,0,0,0,0
479839.463525,0,0,0,0,0,0,0,0,0,0,0,0,0
479839.474644,0,0,0,0,0,0,0,0,0,0,0,0,0
479839.485820,0,0,0,0,0,0,0,0,0,0,0,0,0
479839.497065,0,0,0,0,0,0,0,0,0,0,0,0,0
479839.507962,0,0,0,0,0,0,0,0,0,0,0,0,0
479839.519100,0,0,0,0,0,0,0,0,0,0,0,0,0
479839.530453,0,0,0,0,0,0,0,0,0,0,0,0,0
479839.541350,0,0,0,0,0,0,0,0,0,0,0,0,0
479839.552411,0,0,0,0,0,0,0,0,0,0,0,0,0
479839.563523,0,0,0,0,0,0,0,0,0,0,0,0,0
479839.574637,0,0,0,0,0,0,0,0,0,0,0,0,0
479839.586098,0,0,0,0,0,0,0,0,0,0,0,0,0
479839.597037,0,0,0,0,0,0,0,0,0,0,0,0,0
479839.607965,0,0,0,0,0,0,0,0,0,0,0,0,0
479839.619091,0,0,0,0,0,0,0,0,0,0,0,0,0
479839.631095,0,0,0,0,0,0,0,0,0,0,0,0,0
479839.642098,0,0,0,0,0,0,0,0,0,0,0,0,0
479839.654102,0,0,0,0,0,0,0,0,0,0,0,0,0
479839.663546,0,0,0,0,0,0,0,0,0,0,0,0,0
479839.674649,0,0,0,0,0,0,0,0,0,0,0,0,0
479839.685806,0,0,0,0,0,0,0,0,0,0,0,0,0
479839.697077,0,0,0,0,0,0,0,0,0,0,0,0,0
479839.707946,0,0,0,0,0,0,0,0,0,0,0,0,0
479839.719058,0,0,0,0,0,0,0,0,0,0,0,0,0
479839.730161,0,0,0,0,0,0,0,0,0,0,0,0,0
479839.741297,0,0,0,0,0,0,0,0,0,0,0,0,0
479839.752397,0,0,0,0,0,0,0,0,0,0,0,0,0
479839.763486,0,0,0,0,0,0,0,0,0,0,0,0,0
479839.774658,0,0,0,0,0,0,0,0,0,0,0,0,0
479839.785772,0,0,0,0,0,0,0,0,0,0,0,0,0
479839.797170,0,0,0,0,0,0,0,0,0,0,0,0,0
479839.807965,0,0,0,0,0,0,0,0,0,0,0,0,0
479839.819133,0,0,0,0,0,0,0,0,0,0,0,0,0
479839.830180,0,0,0,0,0,0,0,0,0,0,0,0,0
479839.841368,0,0,0,0,0,0,0,0,0,0,0,0,0
479839.852391,0,0,0,0,0,0,0,0,0,0,0,0,0
479839.863487,0,0,0,0,0,0,0,0,0,0,0,0,0
479839.874628,0,0,0,0,0,0,0,0,0,0,0,0,0
479839.885828,0,0,0,0,0,0,0,0,0,0,0,0,0
479839.897139,0,0,0,0,0,0,0,0,0,0,0,0,0
479839.907963,0,0,0,0,0,0,0,0,0,0,0,0,0
479839.919120,0,0,0,0,0,0,0,0,0,0,0,0,0
479839.930171,0,0,0,0,0,0,0,0,0,0,0,0,0
479839.941334,0,0,0,0,0,0,0,0,0,0,0,0,0
479839.952389,0,0,0,0,0,0,0,0,0,0,0,0,0
479839.963478,0,0,0,0,0,0,0,0,0,0,0,0,0
479839.974634,0,0,0,0,0,0,0,0,0,0,0,0,0
479839.985803,0,0,0,0,0,0,0,0,0,0,0,0,0
479839.997079,0,0,0,0,0,0,0,0,0,0,0,0,0
479840.007950,0,0,0,0,0,0,0,0,0,0,0,0,0
479840.019101,0,0,0,0,0,0,0,0,0,0,0,0,0
479840.030182,0,0,0,0,0,0,0,0,0,0,0,0,0
479840.041301,0,0,0,0,0,0,0,0,0,0,0,0,0
479840.052395,0,0,0,0,0,0,0,0,0,0,0,0,0
479840.063494,0,0,0,0,0,0,0,0,0,0,0,0,0
479840.074653,0,0,0,0,0,0,0,0,0,0,0,0,0
479840.085874,0,0,0,0,0,0,0,0,0,0,0,0,0
479840.097055,0,0,0,0,0,0,0,0,0,0,0,0,0
479840.107957,0,0,0,0,0,0,0,0,0,0,0,0,0
479840.119093,0,0,0,0,0,0,0,0,0,0,0,0,0
479840.130178,0,0,0,0,0,0,0,0,0,0,0,0,0
479840.141334,0,0,0,0,0,0,0,0,0,0,0,0,0
479840.152375,0,0,0,0,0,0,0,0,0,0,0,0,0
479840.163497,0,0,0,0,0,0,0,0,0,0,0,0,0
479840.174642,0,0,0,0,0,0,0,0,0,0,0,0,0
479840.185750,0,0,0,0,0,0,0,0,0,0,0,0,0
479840.197172,0,0,0,0,0,0,0,0,0,0,0,0,0
479840.207956,0,0,0,0,0,0,0,0,0,0,0,0,0
479840.219066,0,0,0,0,0,0,0,0,0,0,0,0,0
479840.230168,0,0,0,0,0,0,0,0,0,0,0,0,0
479840.241321,0,0,0,0,0,0,0,0,0,0,0,0,0
479840.252385,0,0,0,0,0,0,0,0,0,0,0,0,0
479840.263546,0,0,0,0,0,0,0,0,0,0,0,0,0
479840.285765,0,0,0,0,0,0,0,0,0,0,0,0,0
479840.297068,0,0,0,0,0,0,0,0,0,0,0,0,0
479840.308043,0,0,0,0,0,0,0,0,0,0,0,0,0
479840.319142,0,0,0,0,0,0,0,0,0,0,0,0,0
479840.330267,0,0,0,0,0,0,0,0,0,0,0,0,0
479840.341363,0,0,0,0,0,0,0,0,0,0,0,0,0
479840.352500,0,0,0,0,0,0,0,0,0,0,0,0,0
479840.363507,0,0,0,0,0,0,0,0,0,0,0,0,0
479840.374683,0,0,0,0,0,0,0,0,0,0,0,0,0
479840.385794,0,0,0,0,0,0,0,0,0,0,0,0,0
479840.397177,0,0,0,0,0,0,0,0,0,0,0,0,0
479840.407965,0,0,0,0,0,0,0,0,0,0,0,0,0
479840.419065,0,0,0,0,0,0,0,0,0,0,0,0,0
479840.430193,0,0,0,0,0,0,0,0,0,0,0,0,0
479840.441348,0,0,0,0,0,0,0,0,0,0,0,0,0
479840.452420,0,0,0,0,0,0,0,0,0,0,0,0,0
479840.463750,0,0,0,0,0,0,0,0,0,0,0,0,0
479840.512187,0,0,0,0,0,0,0,0,0,0,0,0,0
479840.561697,0,0,0,0,0,0,0,0,0,0,0,0,0
479840.585418,0,0,0,0,0,0,0,0,0,0,0,0,0
479840.585976,0,0,0,0,0,0,0,0,0,0,0,0,0
479840.586161,0,0,0,0,0,0,0,0,0,0,0,0,0
479840.597007,0,0,0,0,0,0,0,0,0,0,0,0,0
479840.607976,0,0,0,0,0,0,0,0,0,0,0,0,0
479840.619080,0,0,0,0,0,0,0,0,0,0,0,0,0
479840.630197,0,0,0,0,0,0,0,0,0,0,0,0,0
479840.641350,0,0,0,0,0,0,0,0,0,0,0,0,0
479840.652393,0,0,0,0,0,0,0,0,0,0,0,0,0
479840.663514,0,0,0,0,0,0,0,0,0,0,0,0,0
479840.674672,0,0,0,0,0,0,0,0,0,0,0,0,0
479840.685768,0,0,0,0,0,0,0,0,0,0,0,0,0
479840.697262,0,0,0,0,0,0,0,0,0,0,0,0,0
479840.707973,0,0,0,0,0,0,0,0,0,0,0,0,0
479840.719105,0,0,0,0,0,0,0,0,0,0,0,0,0
479840.730215,0,0,0,0,0,0,0,0,0,0,0,0,0
479840.741368,0,0,0,0,0,0,0,0,0,0,0,0,0
479840.752602,0,0,0,0,0,0,0,0,0,0,0,0,0
479840.763537,0,0,0,0,0,0,0,0,0,0,0,0,0
479840.774655,0,0,0,0,0,0,0,0,0,0,0,0,0
479840.785729,0,0,0,0,0,0,0,0,0,0,0,0,0
479840.797007,0,0,0,0,0,0,0,0,0,0,0,0,0
479840.807987,0,0,0,0,0,0,0,0,0,0,0,0,0
479840.819063,0,0,0,0,0,0,0,0,0,0,0,0,0
479840.830174,0,0,0,0,0,0,0,0,0,0,0,0,0
479840.841350,0,0,0,0,0,0,0,0,0,0,0,0,0
479840.852399,0,0,0,0,0,0,0,0,0,0,0,0,0
479840.863486,0,0,0,0,0,0,0,0,0,0,0,0,0
479840.874662,0,0,0,0,0,0,0,0,0,0,0,0,0
479840.885787,0,0,0,0,0,0,0,0,0,0,0,0,0
479840.897046,0,0,0,0,0,0,0,0,0,0,0,0,0
479840.908053,0,0,0,0,0,0,0,0,0,0,0,0,0
479840.919115,0,0,0,0,0,0,0,0,0,0,0,0,0
479840.930155,0,0,0,0,0,0,0,0,0,0,0,0,0
479840.941321,0,0,0,0,0,0,0,0,0,0,0,0,0
479840.952420,0,0,0,0,0,0,0,0,0,0,0,0,0
479840.963498,0,0,0,0,0,0,0,0,0,0,0,0,0
479840.974688,0,0,0,0,0,0,0,0,0,0,0,0,0
479840.985765,0,0,0,0,0,0,0,0,0,0,0,0,0
479840.997009,0,0,0,0,0,0,0,0,0,0,0,0,0
479841.007957,0,0,0,0,0,0,0,0,0,0,0,0,0
479841.019095,0,0,0,0,0,0,0,0,0,0,0,0,0
479841.030197,0,0,0,0,0,0,0,0,0,0,0,0,0
479841.041346,0,0,0,0,0,0,0,0,0,0,0,0,0
479841.052481,0,0,0,0,0,0,0,0,0,0,0,0,0
479841.063486,0,0,0,0,0,0,0,0,0,0,0,0,0
479841.074686,0,0,0,0,0,0,0,0,0,0,0,0,0
479841.085831,0,0,0,0,0,0,0,0,0,0,0,0,0
479841.097101,0,0,0,0,0,0,0,0,0,0,0,0,0
479841.107975,0,0,0,0,0,0,0,0,0,0,0,0,0
479841.119102,0,0,0,0,0,0,0,0,0,0,0,0,0
479841.130194,0,0,0,0,0,0,0,0,0,0,0,0,0
479841.141300,0,0,0,0,0,0,0,0,0,0,0,0,0
479841.152404,0,0,0,0,0,0,0,0,0,0,0,0,0
479841.163487,0,0,0,0,0,0,0,0,0,0,0,0,0
479841.174710,0,0,0,0,0,0,0,0,0,0,0,0,0
479841.185799,0,0,0,0,0,0,0,0,0,0,0,0,0
479841.197246,0,0,0,0,0,0,0,0,0,0,0,0,0
479841.208017,0,0,0,0,0,0,0,0,0,0,0,0,0
479841.219092,0,0,0,0,0,0,0,0,0,0,0,0,0
479841.230200,0,0,0,0,0,0,0,0,0,0,0,0,0
479841.241355,0,0,0,0,0,0,0,0,0,0,0,0,0
479841.252474,0,0,0,0,0,0,0,0,0,0,0,0,0
479841.263488,0,0,0,0,0,0,0,0,0,0,0,0,0
479841.274718,0,0,0,0,0,0,0,0,0,0,0,0,0
479841.285806,0,0,0,0,0,0,0,0,0,0,0,0,0
479841.297069,0,0,0,0,0,0,0,0,0,0,0,0,0
479841.307993,0,0,0,0,0,0,0,0,0,0,0,0,0
479841.319123,0,0,0,0,0,0,0,0,0,0,0,0,0
479841.330258,0,0,0,0,0,0,0,0,0,0,0,0,0
479841.341355,0,0,0,0,0,0,0,0,0,0,0,0,0
479841.352405,0,0,0,0,0,0,0,0,0,0,0,0,0
479841.363540,0,0,0,0,0,0,0,0,0,0,0,0,0
479841.374699,0,0,0,0,0,0,0,0,0,0,0,0,0
479841.385776,0,0,0,0,0,0,0,0,0,0,0,0,0
479841.397261,0,0,0,0,0,0,0,0,0,0,0,0,0
479841.407973,0,0,0,0,0,0,0,0,0,0,0,0,0
479841.419113,0,0,0,0,0,0,0,0,0,0,0,0,0
479841.430190,0,0,0,0,0,0,0,0,0,0,0,0,0
479841.441392,0,0,0,0,0,0,0,0,0,0,0,0,0
479841.452451,0,0,0,0,0,0,0,0,0,0,0,0,0
479841.463555,0,0,0,0,0,0,0,0,0,0,0,0,0
479841.474681,0,0,0,0,0,0,0,0,0,0,0,0,0
479841.485785,0,0,0,0,0,0,0,0,0,0,0,0,0
479841.497045,0,0,0,0,0,0,0,0,0,0,0,0,0
479841.507974,0,0,0,0,0,0,0,0,0,0,0,0,0
479841.519094,0,0,0,0,0,0,0,0,0,0,0,0,0
479841.530181,0,0,0,0,0,0,0,0,0,0,0,0,0
479841.541412,0,0,0,0,0,0,0,0,0,0,0,0,0
479841.552421,0,0,0,0,0,0,0,0,0,0,0,0,0
479841.563535,0,0,0,0,0,0,0,0,0,0,0,0,0
479841.574690,0,0,0,0,0,0,0,0,0,0,0,0,0
479841.585784,0,0,0,0,0,0,0,0,0,0,0,0,0
479841.597228,0,0,0,0,0,0,0,0,0,0,0,0,0
479841.608021,0,0,0,0,0,0,0,0,0,0,0,0,0
479841.619111,0,0,0,0,0,0,0,0,0,0,0,0,0
479841.630219,0,0,0,0,0,0,0,0,0,0,0,0,0
479841.641420,0,0,0,0,0,0,0,0,0,0,0,0,0
479841.652452,0,0,0,0,0,0,0,0,0,0,0,0,0
479841.663547,0,0,0,0,0,0,0,0,0,0,0,0,0
479841.674691,0,0,0,0,0,0,0,0,0,0,0,0,0
479841.685801,0,0,0,0,0,0,0,0,0,0,0,0,0
479841.697155,0,0,0,0,0,0,0,0,0,0,0,0,0
479841.708032,0,0,0,0,0,0,0,0,0,0,0,0,0
479841.719180,0,0,0,0,0,0,0,0,0,0,0,0,0
479841.730184,0,0,0,0,0,0,0,0,0,0,0,0,0
479841.741364,0,0,0,0,0,0,0,0,0,0,0,0,0
479841.752480,0,0,0,0,0,0,0,0,0,0,0,0,0
479841.763522,0,0,0,0,0,0,0,0,0,0,0,0,0
479841.774702,0,0,0,0,0,0,0,0,0,0,0,0,0
479841.785766,0,0,0,0,0,0,0,0,0,0,0,0,0
479841.797082,0,0,0,0,0,0,0,0,0,0,0,0,0
479841.807960,0,0,0,0,0,0,0,0,0,0,0,0,0
479841.819191,0,0,0,0,0,0,0,0,0,0,0,0,0
479841.830242,0,0,0,0,0,0,0,0,0,0,0,0,0
479841.841387,0,0,0,0,0,0,0,0,0,0,0,0,0
479841.852481,0,0,0,0,0,0,0,0,0,0,0,0,0
479841.863548,0,0,0,0,0,0,0,0,0,0,0,0,0
479841.874710,0,0,0,0,0,0,0,0,0,0,0,0,0
479841.885838,0,0,0,0,0,0,0,0,0,0,0,0,0
479841.897079,0,0,0,0,0,0,0,0,0,0,0,0,0
479841.907942,0,0,0,0,0,0,0,0,0,0,0,0,0
479841.919143,0,0,0,0,0,0,0,0,0,0,0,0,0
479841.930214,0,0,0,0,0,0,0,0,0,0,0,0,0
479841.941356,0,0,0,0,0,0,0,0,0,0,0,0,0
479841.952459,0,0,0,0,0,0,0,0,0,0,0,0,0
479841.963500,0,0,0,0,0,0,0,0,0,0,0,0,0
479841.974727,0,0,0,0,0,0,0,0,0,0,0,0,0
479841.985819,0,0,0,0,0,0,0,0,0,0,0,0,0
479841.997209,0,0,0,0,0,0,0,0,0,0,0,0,0
479842.008043,0,0,0,0,0,0,0,0,0,0,0,0,0
479842.019189,0,0,0,0,0,0,0,0,0,0,0,0,0
479842.030287,0,0,0,0,0,0,0,0,0,0,0,0,0
479842.041370,0,0,0,0,0,0,0,0,0,0,0,0,0
479842.052440,0,0,0,0,0,0,0,0,0,0,0,0,0
479842.063524,0,0,0,0,0,0,0,0,0,0,0,0,0
479842.074713,0,0,0,0,0,0,0,0,0,0,0,0,0
479842.085798,0,0,0,0,0,0,0,0,0,0,0,0,0
479842.097136,0,0,0,0,0,0,0,0,0,0,0,0,0
479842.107996,0,0,0,0,0,0,0,0,0,0,0,0,0
479842.119171,0,0,0,0,0,0,0,0,0,0,0,0,0
479842.130289,0,0,0,0,0,0,0,0,0,0,0,0,0
479842.141462,0,0,0,0,0,0,0,0,0,0,0,0,0
479842.152469,0,0,0,0,0,0,0,0,0,0,0,0,0
479842.163534,0,0,0,0,0,0,0,0,0,0,0,0,0
479842.174767,0,0,0,0,0,0,0,0,0,0,0,0,0
479842.185862,0,0,0,0,0,0,0,0,0,0,0,0,0
479842.197133,0,0,0,0,0,0,0,0,0,0,0,0,0
479842.208048,0,0,0,0,0,0,0,0,0,0,0,0,0
479842.219100,0,0,0,0,0,0,0,0,0,0,0,0,0
479842.230284,0,0,0,0,0,0,0,0,0,0,0,0,0
479842.241489,0,0,0,0,0,0,0,0,0,0,0,0,0
479842.252409,0,0,0,0,0,0,0,0,0,0,0,0,0
479842.263538,0,0,0,0,0,0,0,0,0,0,0,0,0
479842.274729,0,0,0,0,0,0,0,0,0,0,0,0,0
479842.285803,0,0,0,0,0,0,0,0,0,0,0,0,0
479842.297351,0,0,0,0,0,0,0,0,0,0,0,0,0
479842.308059,0,0,0,0,0,0,0,0,0,0,0,0,0
479842.319186,0,0,0,0,0,0,0,0,0,0,0,0,0
479842.330286,0,0,0,0,0,0,0,0,0,0,0,0,0
479842.341444,0,0,0,0,0,0,0,0,0,0,0,0,0
479842.352417,0,0,0,0,0,0,0,0,0,0,0,0,0
479842.363587,0,0,0,0,0,0,0,0,0,0,0,0,0
479842.374782,0,0,0,0,0,0,0,0,0,0,0,0,0
479842.385866,0,0,0,0,0,0,0,0,0,0,0,0,0
479842.397192,0,0,0,0,0,0,0,0,0,0,0,0,0
479842.408049,0,0,0,0,0,0,0,0,0,0,0,0,0
479842.419186,0,0,0,0,0,0,0,0,0,0,0,0,0
479842.430279,0,0,0,0,0,0,0,0,0,0,0,0,0
479842.441412,0,0,0,0,0,0,0,0,0,0,0,0,0
479842.452423,0,0,0,0,0,0,0,0,0,0,0,0,0
479842.463548,0,0,0,0,0,0,0,0,0,0,0,0,0
479842.474712,0,0,0,0,0,0,0,0,0,0,0,0,0
479842.485845,0,0,0,0,0,0,0,0,0,0,0,0,0
479842.497204,0,0,0,0,0,0,0,0,0,0,0,0,0
479842.508041,0,0,0,0,0,0,0,0,0,0,0,0,0
479842.519145,0,0,0,0,0,0,0,0,0,0,0,0,0
479842.530304,0,0,0,0,0,0,0,0,0,0,0,0,0
479842.541498,0,0,0,0,0,0,0,0,0,0,0,0,0
479842.552487,0,0,0,0,0,0,0,0,0,0,0,0,0
479842.563581,0,0,0,0,0,0,0,0,0,0,0,0,0
479842.574786,0,0,0,0,0,0,0,0,0,0,0,0,0
479842.585880,0,0,0,0,0,0,0,0,0,0,0,0,0
479842.597209,0,0,0,0,0,0,0,0,0,0,0,0,0
479842.608041,0,0,0,0,0,0,0,0,0,0,0,0,0
479842.619137,0,0,0,0,0,0,0,0,0,0,0,0,0
479842.630304,0,0,0,0,0,0,0,0,0,0,0,0,0
479842.641497,0,0,0,0,0,0,0,0,0,0,0,0,0
479842.652706,0,0,0,0,0,0,0,0,0,0,0,0,0
479842.663573,0,0,0,0,0,0,0,0,0,0,0,0,0
479842.674728,0,0,0,0,0,0,0,0,0,0,0,0,0
479842.685800,0,0,0,0,0,0,0,0,0,0,0,0,0
479842.697132,0,0,0,0,0,0,0,0,0,0,0,0,0
479842.708073,0,0,0,0,0,0,0,0,0,0,0,0,0
479842.719202,0,0,0,0,0,0,0,0,0,0,0,0,0
479842.730622,0,0,0,0,0,0,0,0,0,0,0,0,0
479842.741599,0,0,0,0,0,0,0,0,0,0,0,0,0
479842.752740,0,0,0,0,0,0,0,0,0,0,0,0,0
479842.763700,0,0,0,0,0,0,0,0,0,0,0,0,0
479842.775099,0,0,0,0,0,0,0,0,0,0,0,0,0
479842.785837,0,0,0,0,0,0,0,0,0,0,0,0,0
479842.797167,0,0,0,0,0,0,0,0,0,0,0,0,0
479842.808022,0,0,0,0,0,0,0,0,0,0,0,0,0
479842.819100,0,0,0,0,0,0,0,0,0,0,0,0,0
479842.830236,0,0,0,0,0,0,0,0,0,0,0,0,0
479842.841542,0,0,0,0,0,0,0,0,0,0,0,0,0
479842.852450,0,0,0,0,0,0,0,0,0,0,0,0,0
479842.863536,0,0,0,0,0,0,0,0,0,0,0,0,0
479842.874708,0,0,0,0,0,0,0,0,0,0,0,0,0
479842.885827,0,0,0,0,0,0,0,0,0,0,0,0,0
479842.897141,0,0,0,0,0,0,0,0,0,0,0,0,0
479842.907992,0,0,0,0,0,0,0,0,0,0,0,0,0
479842.919160,0,0,0,0,0,0,0,0,0,0,0,0,0
479842.930349,0,0,0,0,0,0,0,0,0,0,0,0,0
479842.941470,0,0,0,0,0,0,0,0,0,0,0,0,0
479842.952443,0,0,0,0,0,0,0,0,0,0,0,0,0
479842.963571,0,0,0,0,0,0,0,0,0,0,0,0,0
479842.974794,0,0,0,0,0,0,0,0,0,0,0,0,0
479842.985866,0,0,0,0,0,0,0,0,0,0,0,0,0
479842.997221,0,0,0,0,0,0,0,0,0,0,0,0,0
479843.007995,0,0,0,0,0,0,0,0,0,0,0,0,0
479843.019131,0,0,0,0,0,0,0,0,0,0,0,0,0
479843.030253,0,0,0,0,0,0,0,0,0,0,0,0,0
479843.041429,0,0,0,0,0,0,0,0,0,0,0,0,0
479843.052456,0,0,0,0,0,0,0,0,0,0,0,0,0
479843.063523,0,0,0,0,0,0,0,0,0,0,0,0,0
479843.074781,0,0,0,0,0,0,0,0,0,0,0,0,0
479843.085895,0,0,0,0,0,0,0,0,0,0,0,0,0
479843.097175,0,0,0,0,0,0,0,0,0,0,0,0,0
479843.108053,0,0,0,0,0,0,0,0,0,0,0,0,0
479843.119154,0,0,0,0,0,0,0,0,0,0,0,0,0
479843.130268,0,0,0,0,0,0,0,0,0,0,0,0,0
479843.141432,0,0,0,0,0,0,0,0,0,0,0,0,0
479843.152496,0,0,0,0,0,0,0,0,0,0,0,0,0
479843.163581,0,0,0,0,0,0,0,0,0,0,0,0,0
479843.174738,0,0,0,0,0,0,0,0,0,0,0,0,0
479843.185847,0,0,0,0,0,0,0,0,0,0,0,0,0
479843.197099,0,0,0,0,0,0,0,0,0,0,0,0,0
479843.208053,0,0,0,0,0,0,0,0,0,0,0,0,0
479843.219190,0,0,0,0,0,0,0,0,0,0,0,0,0
479843.230258,0,0,0,0,0,0,0,0,0,0,0,0,0
479843.241536,0,0,0,0,0,0,0,0,0,0,0,0,0
479843.252508,0,0,0,0,0,0,0,0,0,0,0,0,0
479843.263538,0,0,0,0,0,0,0,0,0,0,0,0,0
479843.274807,0,0,0,0,0,0,0,0,0,0,0,0,0
479843.285910,0,0,0,0,0,0,0,0,0,0,0,0,0
479843.297253,0,0,0,0,0,0,0,0,0,0,0,0,0
479843.308085,0,0,0,0,0,0,0,0,0,0,0,0,0
479843.319190,0,0,0,0,0,0,0,0,0,0,0,0,0
479843.330338,0,0,0,0,0,0,0,0,0,0,0,0,0
479843.341521,0,0,0,0,0,0,0,0,0,0,0,0,0
479843.352494,0,0,0,0,0,0,0,0,0,0,0,0,0
479843.363616,0,0,0,0,0,0,0,0,0,0,0,0,0
479843.374815,0,0,0,0,0,0,0,0,0,0,0,0,0
479843.385880,0,0,0,0,0,0,0,0,0,0,0,0,0
479843.397222,0,0,0,0,0,0,0,0,0,0,0,0,0
479843.408004,0,0,0,0,0,0,0,0,0,0,0,0,0
479843.419153,0,0,0,0,0,0,0,0,0,0,0,0,0
479843.430267,0,0,0,0,0,0,0,0,0,0,0,0,0
479843.441429,0,0,0,0,0,0,0,0,0,0,0,0,0
479843.452426,0,0,0,0,0,0,0,0,0,0,0,0,0
479843.463569,0,0,0,0,0,0,0,0,0,0,0,0,0
479843.474742,0,0,0,0,0,0,0,0,0,0,0,0,0
479843.485815,0,0,0,0,0,0,0,0,0,0,0,0,0
479843.497242,0,0,0,0,0,0,0,0,0,0,0,0,0
479843.508021,0,0,0,0,0,0,0,0,0,0,0,0,0
479843.519135,0,0,0,0,0,0,0,0,0,0,0,0,0
479843.530258,0,0,0,0,0,0,0,0,0,0,0,0,0
479843.541439,0,0,0,0,0,0,0,0,0,0,0,0,0
479843.552495,0,0,0,0,0,0,0,0,0,0,0,0,0
479843.563532,0,0,0,0,0,0,0,0,0,0,0,0,0
479843.574782,0,0,0,0,0,0,0,0,0,0,0,0,0
479843.585834,0,0,0,0,0,0,0,0,0,0,0,0,0
479843.597237,0,0,0,0,0,0,0,0,0,0,0,0,0
479843.608051,0,0,0,0,0,0,0,0,0,0,0,0,0
479843.619144,0,0,0,0,0,0,0,0,0,0,0,0,0
479843.630270,0,0,0,0,0,0,0,0,0,0,0,0,0
479843.641476,0,0,0,0,0,0,0,0,0,0,0,0,0
479843.652534,0,0,0,0,0,0,0,0,0,0,0,0,0
479843.663595,0,0,0,0,0,0,0,0,0,0,0,0,0
479843.674802,0,0,0,0,0,0,0,0,0,0,0,0,0
479843.685789,0,0,0,0,0,0,0,0,0,0,0,0,0
479843.697305,0,0,0,0,0,0,0,0,0,0,0,0,0
479843.708016,0,0,0,0,0,0,0,0,0,0,0,0,0
479843.719123,0,0,0,0,0,0,0,0,0,0,0,0,0
479843.730264,0,0,0,0,0,0,0,0,0,0,0,0,0
479843.741472,0,0,0,0,0,0,0,0,0,0,0,0,0
479843.752476,0,0,0,0,0,0,0,0,0,0,0,0,0
479843.763601,0,0,0,0,0,0,0,0,0,0,0,0,0
479843.774809,0,0,0,0,0,0,0,0,0,0,0,0,0
479843.785802,0,0,0,0,0,0,0,0,0,0,0,0,0
479843.797277,0,0,0,0,0,0,0,0,0,0,0,0,0
479843.808069,0,0,0,0,0,0,0,0,0,0,0,0,0
479843.819144,0,0,0,0,0,0,0,0,0,0,0,0,0
479843.830309,0,0,0,0,0,0,0,0,0,0,0,0,0
479843.841537,0,0,0,0,0,0,0,0,0,0,0,0,0
479843.852463,0,0,0,0,0,0,0,0,0,0,0,0,0
479843.863592,0,0,0,0,0,0,0,0,0,0,0,0,0
479843.874780,0,0,0,0,0,0,0,0,0,0,0,0,0
479843.885877,0,0,0,0,0,0,0,0,0,0,0,0,0
479843.897261,0,0,0,0,0,0,0,0,0,0,0,0,0
479843.908033,0,0,0,0,0,0,0,0,0,0,0,0,0
479843.919153,0,0,0,0,0,0,0,0,0,0,0,0,0
479843.930258,0,0,0,0,0,0,0,0,0,0,0,0,0
479843.941528,0,0,0,0,0,0,0,0,0,0,0,0,0
479843.952464,0,0,0,0,0,0,0,0,0,0,0,0,0
479843.963581,0,0,0,0,0,0,0,0,0,0,0,0,0
479843.974821,0,0,0,0,0,0,0,0,0,0,0,0,0
479843.985838,0,0,0,0,0,0,0,0,0,0,0,0,0
479843.997244,0,0,0,0,0,0,0,0,0,0,0,0,0
479844.008062,0,0,0,0,0,0,0,0,0,0,0,0,0
479844.019132,0,0,0,0,0,0,0,0,0,0,0,0,0
479844.030319,0,0,0,0,0,0,0,0,0,0,0,0,0
479844.041491,0,0,0,0,0,0,0,0,0,0,0,0,0
479844.052452,0,0,0,0,0,0,0,0,0,0,0,0,0
479844.063535,0,0,0,0,0,0,0,0,0,0,0,0,0
479844.074768,0,0,0,0,0,0,0,0,0,0,0,0,0
479844.085826,0,0,0,0,0,0,0,0,0,0,0,0,0
479844.097358,0,0,0,0,0,0,0,0,0,0,0,0,0
479844.108064,0,0,0,0,0,0,0,0,0,0,0,0,0
479844.119147,0,0,0,0,0,0,0,0,0,0,0,0,0
479844.130322,0,0,0,0,0,0,0,0,0,0,0,0,0
479844.141489,0,0,0,0,0,0,0,0,0,0,0,0,0
479844.152450,0,0,0,0,0,0,0,0,0,0,0,0,0
479844.163620,0,0,0,0,0,0,0,0,0,0,0,0,0
479844.174836,0,0,0,0,0,0,0,0,0,0,0,0,0
479844.185809,0,0,0,0,0,0,0,0,0,0,0,0,0
479844.197177,0,0,0,0,0,0,0,0,0,0,0,0,0
479844.208107,0,0,0,0,0,0,0,0,0,0,0,0,0
479844.219219,0,0,0,0,0,0,0,0,0,0,0,0,0
479844.230297,0,0,0,0,0,0,0,0,0,0,0,0,0
479844.241513,0,0,0,0,0,0,0,0,0,0,0,0,0
479844.252461,0,0,0,0,0,0,0,0,0,0,0,0,0
479844.263573,0,0,0,0,0,0,0,0,0,0,0,0,0
479844.274846,0,0,0,0,0,0,0,0,0,0,0,0,0
479844.285849,0,0,0,0,0,0,0,0,0,0,0,0,0
479844.297315,0,0,0,0,0,0,0,0,0,0,0,0,0
479844.308079,0,0,0,0,0,0,0,0,0,0,0,0,0
479844.319199,0,0,0,0,0,0,0,0,0,0,0,0,0
479844.330336,0,0,0,0,0,0,0,0,0,0,0,0,0
479844.341519,0,0,0,0,0,0,0,0,0,0,0,0,0
479844.352499,0,0,0,0,0,0,0,0,0,0,0,0,0
479844.363619,0,0,0,0,0,0,0,0,0,0,0,0,0
479844.374832,0,0,0,0,0,0,0,0,0,0,0,0,0
479844.385840,0,0,0,0,0,0,0,0,0,0,0,0,0
479844.397322,0,0,0,0,0,0,0,0,0,0,0,0,0
479844.408107,0,0,0,0,0,0,0,0,0,0,0,0,0
479844.419167,0,0,0,0,0,0,0,0,0,0,0,0,0
479844.430356,0,0,0,0,0,0,0,0,0,0,0,0,0
479844.442532,0,0,0,0,0,0,0,0,0,0,0,0,0
479844.452496,0,0,0,0,0,0,0,0,0,0,0,0,0
479844.463609,0,0,0,0,0,0,0,0,0,0,0,0,0
479844.474824,0,0,0,0,0,0,0,0,0,0,0,0,0
479844.485853,0,0,0,0,0,0,0,0,0,0,0,0,0
479844.508096,0,0,0,0,0,0,0,0,0,0,0,0,0
479844.530352,0,0,0,0,0,0,0,0,0,0,0,0,0
479844.541484,0,0,0,0,0,0,0,0,0,0,0,0,0
479844.552502,0,0,0,0,0,0,0,0,0,0,0,0,0
479844.563614,0,0,0,0,0,0,0,0,0,0,0,0,0
479844.574814,0,0,0,0,0,0,0,0,0,0,0,0,0
479844.585838,0,0,0,0,0,0,0,0,0,0,0,0,0
479844.597342,0,0,0,0,0,0,0,0,0,0,0,0,0
479844.608119,0,0,0,0,0,0,0,0,0,0,0,0,0
479844.619185,0,0,0,0,0,0,0,0,0,0,0,0,0
479844.630355,0,0,0,0,0,0,0,0,0,0,0,0,0
479844.641551,0,0,0,0,0,0,0,0,0,0,0,0,0
479844.652503,0,0,0,0,0,0,0,0,0,0,0,0,0
479844.663612,0,0,0,0,0,0,0,0,0,0,0,0,0
479844.674835,0,0,0,0,0,0,0,0,0,0,0,0,0
479844.685844,0,0,0,0,0,0,0,0,0,0,0,0,0
479844.697336,0,0,0,0,0,0,0,0,0,0,0,0,0
479844.708101,0,0,0,0,0,0,0,0,0,0,0,0,0
479844.719180,0,0,0,0,0,0,0,0,0,0,0,0,0
479844.730343,0,0,0,0,0,0,0,0,0,0,0,0,0
479844.741477,0,0,0,0,0,0,0,0,0,0,0,0,0
479844.752478,0,0,0,0,0,0,0,0,0,0,0,0,0
479844.763627,0,0,0,0,0,0,0,0,0,0,0,0,0
479844.774821,0,0,0,0,0,0,0,0,0,0,0,0,0
479844.785831,0,0,0,0,0,0,0,0,0,0,0,0,0
479844.797287,0,0,0,0,0,0,0,0,0,0,0,0,0
479844.808058,0,0,0,0,0,0,0,0,0,0,0,0,0
479844.819181,0,0,0,0,0,0,0,0,0,0,0,0,0
479844.830328,0,0,0,0,0,0,0,0,0,0,0,0,0
479844.841488,0,0,0,0,0,0,0,0,0,0,0,0,0
479844.852472,0,0,0,0,0,0,0,0,0,0,0,0,0
479844.863582,0,0,0,0,0,0,0,0,0,0,0,0,0
479844.874745,0,0,0,0,0,0,0,0,0,0,0,0,0
479844.885824,0,0,0,0,0,0,0,0,0,0,0,0,0
479844.897181,0,0,0,0,0,0,0,0,0,0,0,0,0
479844.908047,0,0,0,0,0,0,0,0,0,0,0,0,0
479844.919110,0,0,0,0,0,0,0,0,0,0,0,0,0
479844.930292,0,0,0,0,0,0,0,0,0,0,0,0,0
479844.941438,0,0,0,0,0,0,0,0,0,0,0,0,0
479844.952551,0,0,0,0,0,0,0,0,0,0,0,0,0
479844.963625,0,0,0,0,0,0,0,0,0,0,0,0,0
479844.974791,0,0,0,0,0,0,0,0,0,0,0,0,0
479844.985847,0,0,0,0,0,0,0,0,0,0,0,0,0
479844.997232,0,0,0,0,0,0,0,0,0,0,0,0,0
479845.008082,0,0,0,0,0,0,0,0,0,0,0,0,0
479845.019147,0,0,0,0,0,0,0,0,0,0,0,0,0
479845.030294,0,0,0,0,0,0,0,0,0,0,0,0,0
479845.041427,0,0,0,0,0,0,0,0,0,0,0,0,0
479845.052489,0,0,0,0,0,0,0,0,0,0,0,0,0
479845.063561,0,0,0,0,0,0,0,0,0,0,0,0,0
479845.074749,0,0,0,0,0,0,0,0,0,0,0,0,0
479845.085817,0,0,0,0,0,0,0,0,0,0,0,0,0
479845.097198,0,0,0,0,0,0,0,0,0,0,0,0,0
479845.108052,0,0,0,0,0,0,0,0,0,0,0,0,0
479845.119206,0,0,0,0,0,0,0,0,0,0,0,0,0
479845.130317,0,0,0,0,0,0,0,0,0,0,0,0,0
479845.141460,0,0,0,0,0,0,0,0,0,0,0,0,0
479845.152453,0,0,0,0,0,0,0,0,0,0,0,0,0
479845.163598,0,0,0,0,0,0,0,0,0,0,0,0,0
479845.174796,0,0,0,0,0,0,0,0,0,0,0,0,0
479845.185853,0,0,0,0,0,0,0,0,0,0,0,0,0
479845.197170,0,0,0,0,0,0,0,0,0,0,0,0,0
479845.208101,0,0,0,0,0,0,0,0,0,0,0,0,0
479845.219165,0,0,0,0,0,0,0,0,0,0,0,0,0
479845.230328,0,0,0,0,0,0,0,0,0,0,0,0,0
479845.241484,0,0,0,0,0,0,0,0,0,0,0,0,0
479845.252517,0,0,0,0,0,0,0,0,0,0,0,0,0
479845.263609,0,0,0,0,0,0,0,0,0,0,0,0,0
479845.274769,0,0,0,0,0,0,0,0,0,0,0,0,0
479845.285800,0,0,0,0,0,0,0,0,0,0,0,0,0
479845.297253,0,0,0,0,0,0,0,0,0,0,0,0,0
479845.308090,0,0,0,0,0,0,0,0,0,0,0,0,0
479845.319196,0,0,0,0,0,0,0,0,0,0,0,0,0
479845.330357,0,0,0,0,0,0,0,0,0,0,0,0,0
479845.341516,0,0,0,0,0,0,0,0,0,0,0,0,0
479845.352555,0,0,0,0,0,0,0,0,0,0,0,0,0
479845.363582,0,0,0,0,0,0,0,0,0,0,0,0,0
479845.374839,0,0,0,0,0,0,0,0,0,0,0,0,0
479845.385891,0,0,0,0,0,0,0,0,0,0,0,0,0
479845.397549,0,0,0,0,0,0,0,0,0,0,0,0,0
479845.408107,0,0,0,0,0,0,0,0,0,0,0,0,0
479845.419173,0,0,0,0,0,0,0,0,0,0,0,0,0
479845.430358,0,0,0,0,0,0,0,0,0,0,0,0,0
479845.441523,0,0,0,0,0,0,0,0,0,0,0,0,0
479845.452679,0,0,0,0,0,0,0,0,0,0,0,0,0
479845.463637,0,0,0,0,0,0,0,0,0,0,0,0,0
479845.474825,0,0,0,0,0,0,0,0,0,0,0,0,0
479845.485846,0,0,0,0,0,0,0,0,0,0,0,0,0
479845.497230,0,0,0,0,0,0,0,0,0,0,0,0,0
479845.508067,0,0,0,0,0,0,0,0,0,0,0,0,0
479845.519142,0,0,0,0,0,0,0,0,0,0,0,0,0
479845.530298,0,0,0,0,0,0,0,0,0,0,0,0,0
479845.541408,0,0,0,0,0,0,0,0,0,0,0,0,0
479845.552566,0,0,0,0,0,0,0,0,0,0,0,0,0
479845.574786,0,0,0,0,0,0,0,0,0,0,0,0,0
479845.585906,0,0,0,0,0,0,0,0,0,0,0,0,0
479845.597313,0,0,0,0,0,0,0,0,0,0,0,0,0
479845.608145,0,0,0,0,0,0,0,0,0,0,0,0,0
479845.619187,0,0,0,0,0,0,0,0,0,0,0,0,0
479845.630358,0,0,0,0,0,0,0,0,0,0,0,0,0
479845.641492,0,0,0,0,0,0,0,0,0,0,0,0,0
479845.652770,0,0,0,0,0,0,0,0,0,0,0,0,0
479845.663642,0,0,0,0,0,0,0,0,0,0,0,0,0
479845.674804,0,0,0,0,0,0,0,0,0,0,0,0,0
479845.685850,0,0,0,0,0,0,0,0,0,0,0,0,0
479845.697419,0,0,0,0,0,0,0,0,0,0,0,0,0
479845.708091,0,0,0,0,0,0,0,0,0,0,0,0,0
479845.719186,0,0,0,0,0,0,0,0,0,0,0,0,0
479845.730363,0,0,0,0,0,0,0,0,0,0,0,0,0
479845.741470,0,0,0,0,0,0,0,0,0,0,0,0,0
479845.752764,0,0,0,0,0,0,0,0,0,0,0,0,0
479845.763659,0,0,0,0,0,0,0,0,0,0,0,0,0
479845.774804,0,0,0,0,0,0,0,0,0,0,0,0,0
479845.785877,0,0,0,0,0,0,0,0,0,0,0,0,0
479845.797399,0,0,0,0,0,0,0,0,0,0,0,0,0
479845.808135,0,0,0,0,0,0,0,0,0,0,0,0,0
479845.819229,0,0,0,0,0,0,0,0,0,0,0,0,0
479845.830404,0,0,0,0,0,0,0,0,0,0,0,0,0
479845.841568,0,0,0,0,0,0,0,0,0,0,0,0,0
479845.852562,0,0,0,0,0,0,0,0,0,0,0,0,0
479845.863657,0,0,0,0,0,0,0,0,0,0,0,0,0
479845.874781,0,0,0,0,0,0,0,0,0,0,0,0,0
479845.885918,0,0,0,0,0,0,0,0,0,0,0,0,0
479845.897247,0,0,0,0,0,0,0,0,0,0,0,0,0
479845.908128,0,0,0,0,0,0,0,0,0,0,0,0,0
479845.919238,0,0,0,0,0,0,0,0,0,0,0,0,0
479845.930337,0,0,0,0,0,0,0,0,0,0,0,0,0
479845.941547,0,0,0,0,0,0,0,0,0,0,0,0,0
479845.952681,0,0,0,0,0,0,0,0,0,0,0,0,0
479845.963653,0,0,0,0,0,0,0,0,0,0,0,0,0
479845.974805,0,0,0,0,0,0,0,0,0,0,0,0,0
479845.985993,0,0,0,0,0,0,0,0,0,0,0,0,0
479845.997201,0,0,0,0,0,0,0,0,0,0,0,0,0
479846.008108,0,0,0,0,0,0,0,0,0,0,0,0,0
479846.019291,0,0,0,0,0,0,0,0,0,0,0,0,0
479846.030399,0,0,0,0,0,0,0,0,0,0,0,0,0
479846.041497,0,0,0,0,0,0,0,0,0,0,0,0,0
479846.052674,0,0,0,0,0,0,0,0,0,0,0,0,0
479846.063640,0,0,0,0,0,0,0,0,0,0,0,0,0
479846.074810,0,0,0,0,0,0,0,0,0,0,0,0,0
479846.086057,0,0,0,0,0,0,0,0,0,0,0,0,0
479846.097222,0,0,0,0,0,0,0,0,0,0,0,0,0
479846.108116,0,0,0,0,0,0,0,0,0,0,0,0,0
479846.119212,0,0,0,0,0,0,0,0,0,0,0,0,0
479846.130329,0,0,0,0,0,0,0,0,0,0,0,0,0
479846.141466,0,0,0,0,0,0,0,0,0,0,0,0,0
479846.152537,0,0,0,0,0,0,0,0,0,0,0,0,0
479846.163620,0,0,0,0,0,0,0,0,0,0,0,0,0
479846.174762,0,0,0,0,0,0,0,0,0,0,0,0,0
479846.185852,0,0,0,0,0,0,0,0,0,0,0,0,0
479846.197503,0,0,0,0,0,0,0,0,0,0,0,0,0
479846.208122,0,0,0,0,0,0,0,0,0,0,0,0,0
479846.219181,0,0,0,0,0,0,0,0,0,0,0,0,0
479846.230348,0,0,0,0,0,0,0,0,0,0,0,0,0
479846.241485,0,0,0,0,0,0,0,0,0,0,0,0,0
479846.252531,0,0,0,0,0,0,0,0,0,0,0,0,0
479846.263637,0,0,0,0,0,0,0,0,0,0,0,0,0
479846.274759,0,0,0,0,0,0,0,0,0,0,0,0,0
479846.285846,0,0,0,0,0,0,0,0,0,0,0,0,0
479846.297247,0,0,0,0,0,0,0,0,0,0,0,0,0
479846.308117,0,0,0,0,0,0,0,0,0,0,0,0,0
479846.319247,0,0,0,0,0,0,0,0,0,0,0,0,0
479846.330375,0,0,0,0,0,0,0,0,0,0,0,0,0
479846.341478,0,0,0,0,0,0,0,0,0,0,0,0,0
479846.352499,0,0,0,0,0,0,0,0,0,0,0,0,0
479846.363645,0,0,0,0,0,0,0,0,0,0,0,0,0
479846.374811,0,0,0,0,0,0,0,0,0,0,0,0,0
479846.385897,0,0,0,0,0,0,0,0,0,0,0,0,0
479846.397238,0,0,0,0,0,0,0,0,0,0,0,0,0
479846.408084,0,0,0,0,0,0,0,0,0,0,0,0,0
479846.419177,0,0,0,0,0,0,0,0,0,0,0,0,0
479846.430314,0,0,0,0,0,0,0,0,0,0,0,0,0
479846.441496,0,0,0,0,0,0,0,0,0,0,0,0,0
479846.452524,0,0,0,0,0,0,0,0,0,0,0,0,0
479846.463615,0,0,0,0,0,0,0,0,0,0,0,0,0
479846.474747,0,0,0,0,0,0,0,0,0,0,0,0,0
479846.485848,0,0,0,0,0,0,0,0,0,0,0,0,0
479846.497212,0,0,0,0,0,0,0,0,0,0,0,0,0
479846.508086,0,0,0,0,0,0,0,0,0,0,0,0,0
479846.519168,0,0,0,0,0,0,0,0,0,0,0,0,0
479846.530326,0,0,0,0,0,0,0,0,0,0,0,0,0
479846.541432,0,0,0,0,0,0,0,0,0,0,0,0,0
479846.552519,0,0,0,0,0,0,0,0,0,0,0,0,0
479846.563619,0,0,0,0,0,0,0,0,0,0,0,0,0
479846.574764,0,0,0,0,0,0,0,0,0,0,0,0,0
479846.585874,0,0,0,0,0,0,0,0,0,0,0,0,0
479846.597314,0,0,0,0,0,0,0,0,0,0,0,0,0
479846.608107,0,0,0,0,0,0,0,0,0,0,0,0,0
479846.619213,0,0,0,0,0,0,0,0,0,0,0,0,0
479846.630334,0,0,0,0,0,0,0,0,0,0,0,0,0
479846.641472,0,0,0,0,0,0,0,0,0,0,0,0,0
479846.652522,0,0,0,0,0,0,0,0,0,0,0,0,0
479846.663633,0,0,0,0,0,0,0,0,0,0,0,0,0
479846.674769,0,0,0,0,0,0,0,0,0,0,0,0,0
479846.685922,0,0,0,0,0,0,0,0,0,0,0,0,0
479846.697188,0,0,0,0,0,0,0,0,0,0,0,0,0
479846.708124,0,0,0,0,0,0,0,0,0,0,0,0,0
479846.719221,0,0,0,0,0,0,0,0,0,0,0,0,0
479846.730303,0,0,0,0,0,0,0,0,0,0,0,0,0
479846.741453,0,0,0,0,0,0,0,0,0,0,0,0,0
479846.752497,0,0,0,0,0,0,0,0,0,0,0,0,0
479846.763617,0,0,0,0,0,0,0,0,0,0,0,0,0
479846.774775,0,0,0,0,0,0,0,0,0,0,0,0,0
479846.785895,0,0,0,0,0,0,0,0,0,0,0,0,0
479846.797314,0,0,0,0,0,0,0,0,0,0,0,0,0
479846.808079,0,0,0,0,0,0,0,0,0,0,0,0,0
479846.819172,0,0,0,0,0,0,0,0,0,0,0,0,0
479846.830322,0,0,0,0,0,0,0,0,0,0,0,0,0
479846.841421,0,0,0,0,0,0,0,0,0,0,0,0,0
479846.852488,0,0,0,0,0,0,0,0,0,0,0,0,0
479846.863660,0,0,0,0,0,0,0,0,0,0,0,0,0
479846.874758,0,0,0,0,0,0,0,0,0,0,0,0,0
479846.885822,0,0,0,0,0,0,0,0,0,0,0,0,0
479846.897203,0,0,0,0,0,0,0,0,0,0,0,0,0
479846.908082,0,0,0,0,0,0,0,0,0,0,0,0,0
479846.919157,0,0,0,0,0,0,0,0,0,0,0,0,0
479846.930344,0,0,0,0,0,0,0,0,0,0,0,0,0
479846.941427,0,0,0,0,0,0,0,0,0,0,0,0,0
479846.952527,0,0,0,0,0,0,0,0,0,0,0,0,0
479846.963629,0,0,0,0,0,0,0,0,0,0,0,0,0
479846.974768,0,0,0,0,0,0,0,0,0,0,0,0,0
479846.985858,0,0,0,0,0,0,0,0,0,0,0,0,0
479846.997272,0,0,0,0,0,0,0,0,0,0,0,0,0
479847.008115,0,0,0,0,0,0,0,0,0,0,0,0,0
479847.019184,0,0,0,0,0,0,0,0,0,0,0,0,0
479847.030354,0,0,0,0,0,0,0,0,0,0,0,0,0
479847.041414,0,0,0,0,0,0,0,0,0,0,0,0,0
479847.052509,0,0,0,0,0,0,0,0,0,0,0,0,0
479847.063664,0,0,0,0,0,0,0,0,0,0,0,0,0
479847.074750,0,0,0,0,0,0,0,0,0,0,0,0,0
479847.085851,0,0,0,0,0,0,0,0,0,0,0,0,0
479847.097352,0,0,0,0,0,0,0,0,0,0,0,0,0
479847.108083,0,0,0,0,0,0,0,0,0,0,0,0,0
479847.119184,0,0,0,0,0,0,0,0,0,0,0,0,0
479847.130336,0,0,0,0,0,0,0,0,0,0,0,0,0
479847.141387,0,0,0,0,0,0,0,0,0,0,0,0,0
479847.153202,0,0,0,0,0,0,0,0,0,0,0,0,0
479847.163664,0,0,0,0,0,0,0,0,0,0,0,0,0
479847.174763,0,0,0,0,0,0,0,0,0,0,0,0,0
479847.185881,0,0,0,0,0,0,0,0,0,0,0,0,0
479847.197186,0,0,0,0,0,0,0,0,0,0,0,0,0
479847.208076,0,0,0,0,0,0,0,0,0,0,0,0,0
479847.219227,0,0,0,0,0,0,0,0,0,0,0,0,0
479847.230372,0,0,0,0,0,0,0,0,0,0,0,0,0
479847.241441,0,0,0,0,0,0,0,0,0,0,0,0,0
479847.252501,0,0,0,0,0,0,0,0,0,0,0,0,0
479847.263656,0,0,0,0,0,0,0,0,0,0,0,0,0
479847.274747,0,0,0,0,0,0,0,0,0,0,0,0,0
479847.285926,0,0,0,0,0,0,0,0,0,0,0,0,0
479847.297283,0,0,0,0,0,0,0,0,0,0,0,0,0
479847.308083,0,0,0,0,0,0,0,0,0,0,0,0,0
479847.319199,0,0,0,0,0,0,0,0,0,0,0,0,0
479847.330346,0,0,0,0,0,0,0,0,0,0,0,0,0
479847.341476,0,0,0,0,0,0,0,0,0,0,0,0,0
479847.352472,0,0,0,0,0,0,0,0,0,0,0,0,0
479847.363672,0,0,0,0,0,0,0,0,0,0,0,0,0
479847.374787,0,0,0,0,0,0,0,0,0,0,0,0,0
479847.385906,0,0,0,0,0,0,0,0,0,0,0,0,0
479847.397231,0,0,0,0,0,0,0,0,0,0,0,0,0
479847.408050,0,0,0,0,0,0,0,0,0,0,0,0,0
479847.419193,0,0,0,0,0,0,0,0,0,0,0,0,0
479847.430395,0,0,0,0,0,0,0,0,0,0,0,0,0
479847.441430,0,0,0,0,0,0,0,0,0,0,0,0,0
479847.452469,0,0,0,0,0,0,0,0,0,0,0,0,0
479847.463667,0,0,0,0,0,0,0,0,0,0,0,0,0
479847.474743,0,0,0,0,0,0,0,0,0,0,0,0,0
479847.485856,0,0,0,0,0,0,0,0,0,0,0,0,0
479847.497196,0,0,0,0,0,0,0,0,0,0,0,0,0
479847.508059,0,0,0,0,0,0,0,0,0,0,0,0,0
479847.519179,0,0,0,0,0,0,0,0,0,0,0,0,0
479847.530339,0,0,0,0,0,0,0,0,0,0,0,0,0
479847.541443,0,0,0,0,0,0,0,0,0,0,0,0,0
479847.552548,0,0,0,0,0,0,0,0,0,0,0,0,0
479847.563687,0,0,0,0,0,0,0,0,0,0,0,0,0
479847.574818,0,0,0,0,0,0,0,0,0,0,0,0,0
479847.585899,0,0,0,0,0,0,0,0,0,0,0,0,0
479847.597420,0,0,0,0,0,0,0,0,0,0,0,0,0
479847.608108,0,0,0,0,0,0,0,0,0,0,0,0,0
479847.619243,0,0,0,0,0,0,0,0,0,0,0,0,0
479847.630383,0,0,0,0,0,0,0,0,0,0,0,0,0
479847.641444,0,0,0,0,0,0,0,0,0,0,0,0,0
479847.652580,0,0,0,0,0,0,0,0,0,0,0,0,0
479847.663709,0,0,0,0,0,0,0,0,0,0,0,0,0
479847.674828,0,0,0,0,0,0,0,0,0,0,0,0,0
479847.685938,0,0,0,0,0,0,0,0,0,0,0,0,0
479847.697209,0,0,0,0,0,0,0,0,0,0,0,0,0
479847.708130,0,0,0,0,0,0,0,0,0,0,0,0,0
479847.719235,0,0,0,0,0,0,0,0,0,0,0,0,0
479847.730385,0,0,0,0,0,0,0,0,0,0,0,0,0
479847.741468,0,0,0,0,0,0,0,0,0,0,0,0,0
479847.752503,0,0,0,0,0,0,0,0,0,0,0,0,0
479847.763638,1,0,0,0,0,0,0,0,0,0.1,0,0,0
479847.774766,1,0,0,0,0,0,0,0,0,0.2,0,0,0
479847.785875,1,0,0,0,0,0,0,0.1,0,0.2,0,0,0
479847.797153,0,0,0,0,0,0,0,0.1,0,0.2,0,0,0
479847.808107,0,0,0,0,0,0,0,0.1,0,0.2,0,0,0
479847.819199,1,0,0,0,0,0,0,0.1,0,0.3,0,0,0
479847.830359,0,0,0,0,0,0,0,0.1,0,0.3,0,0,0
479847.841479,1,0,0,0,0,0,0,0.2,0,0.4,0,0,0
479847.852560,0,0,0,0,0,0,0,0.2,0,0.4,0,0,0
479847.863681,1,0,0,0,0,0,0,0.2,0,0.5,0,0,0
479847.874730,0,0,0,0,0,0,0,0.2,0,0.5,0,0,0
479847.885954,0,0,0,0,0,0,0,0.2,0,0.5,0,0,0
479847.897231,0,0,0,0,0,0,0,0.2,0,0.5,0,0,0
479847.908137,1,0,0,0,0,0,0,0.2,0,0.6,0,0,0
479847.919222,1,0,0,0,0,0,0,0.3,0,0.6,0,0,0
479847.930350,0,0,0,0,0,0,0,0.3,0,0.6,0,0,0
479847.941455,0,0,0,0,0,0,0,0.3,0,0.6,0,0,0
479847.952513,0,0,0,0,0,0,0,0.3,0,0.6,0,0,0
479847.963642,0,0,0,0,0,0,0,0.3,0,0.6,0,0,0
479847.974737,1,0,0,0,0,0,0,0.3,0,0.7,0,0,0
479847.985922,0,0,0,0,0,0,0,0.3,0,0.7,0,0,0
479847.997340,0,0,0,0,0,0,0,0.3,0,0.7,0,0,0
479848.008119,0,0,0,0,0,0,0,0.3,0,0.7,0,0,0
479848.019241,0,0,0,0,0,0,0,0.3,0,0.7,0,0,0
479848.030409,0,0,0,0,0,0,0,0.3,0,0.7,0,0,0
479848.041529,0,0,0,0,0,0,0,0.3,0,0.7,0,0,0
479848.052573,0,0,0,0,0,0,0,0.3,0,0.7,0,0,0
479848.063691,0,0,0,0,0,0,0,0.3,0,0.7,0,0,0
479848.074869,0,0,0,0,0,0,0,0.3,0,0.7,0,0,0
479848.085971,0,0,0,0,0,0,0,0.3,0,0.7,0,0,0
479848.097316,0,0,0,0,0,0,0,0.3,0,0.7,0,0,0
479848.108087,0,0,0,0,0,0,0,0.3,0,0.7,0,0,0
479848.119230,0,0,0,0,0,0,0,0.3,0,0.7,0,0,0
479848.130372,1,0,0,0,0,0,0,0.3,0,0.8,0,0,0
479848.141530,0,0,0,0,0,0,0,0.3,0,0.8,0,0,0
479848.152549,0,0,0,0,0,0,0,0.3,0,0.8,0,0,0
479848.163664,0,0,0,0,0,0,0,0.3,0,0.8,0,0,0
479848.174751,0,0,0,0,0,0,0,0.3,0,0.8,0,0,0
479848.185907,0,0,0,0,0,0,0,0.3,0,0.8,0,0,0
479848.197356,1,-0.1,0,0.2,0,0,0,0.3,0,0.8,0,0,0
479848.208092,1,-0.1,0,0.3,0,0,0,0.3,0,0.9,0,0,0
479848.219162,1,-0.2,-0.1,0.3,0,0,0,0.3,0,0.9,0,0,0
479848.230345,1,-0.2,-0.1,0.4,0,0,0,0.2,0,0.9,0,0,0
479848.241450,1,-0.3,-0.1,0.5,0,0,0,0.1,0,0.7,0,0,0
479848.252499,0,-0.3,-0.1,0.5,0,0,0,0.1,0,0.7,0,0,0
479848.263661,1,-0.3,-0.1,0.6,0,0,0,0.1,0,0.7,0,0,0
479848.274755,1,-0.4,-0.1,0.7,0,0,0,0.1,0,0.8,0,0,0
479848.285895,0,-0.4,-0.1,0.7,0,0,0,0.1,0,0.8,0,0,0
479848.297386,1,-0.4,-0.1,0.8,0,0,0,0.1,0,0.8,0,0,0
479848.308057,0,-0.4,-0.1,0.8,0,0,0,0.1,0,0.8,0,0,0
479848.319219,0,-0.4,-0.1,0.8,0,0,0,0.1,0,0.8,0,0,0
479848.330366,1,-0.4,-0.1,0.8,0,0,0,0.1,0,0.8,-0.1,0,0.2
479848.341476,1,-0.5,-0.1,0.9,0,0,0,0.1,0,0.8,-0.1,0,0.2
479848.352531,1,-0.5,-0.2,0.9,0,0,0,0.1,0,0.8,-0.1,0,0.2
479848.363683,1,-0.5,-0.2,0.9,0,0,0,0.1,0,0.8,-0.1,-0.1,0.2
479848.374756,1,-0.5,-0.1,1,0,0,0,0.1,0,0.8,-0.2,-0.1,0.3
479848.385860,0,-0.5,-0.1,1,0,0,0,0.1,0,0.8,-0.2,-0.1,0.3
479848.397316,1,-0.5,-0.1,1.1,0.1,0,0.1,0.1,0,0.8,-0.2,-0.1,0.3
479848.408121,1,-0.4,0,1.2,0.2,-0.1,0.2,0.1,0,0.8,-0.2,-0.1,0.3
479848.419230,1,-0.4,0,1.3,0.2,-0.1,0.2,0.1,0,0.8,-0.2,-0.1,0.3
479848.430381,1,-0.4,0.1,1.3,0.2,-0.1,0.2,0,0,0.8,-0.2,-0.1,0.3
479848.441500,1,-0.4,0.1,1.4,0.2,-0.1,0.2,0,0,0.8,-0.2,-0.1,0.3
479848.452543,1,-0.4,0.1,1.4,0.2,-0.1,0.3,0,0,0.9,-0.2,-0.1,0.4
479848.463662,0,-0.4,0.1,1.4,0.2,-0.1,0.3,0,0,0.9,-0.2,-0.1,0.4
479848.474776,1,-0.4,0.1,1.5,0.3,-0.1,0.3,0,0,0.9,-0.3,-0.1,0.4
479848.485867,1,-0.4,0.1,1.6,0.3,-0.1,0.4,0,0,0.9,-0.3,-0.1,0.4
479848.497237,0,-0.4,0.1,1.6,0.3,-0.1,0.4,0,0,0.9,-0.3,-0.1,0.4
479848.508132,1,-0.4,0.1,1.7,0.3,-0.1,0.4,0,0,0.8,-0.3,-0.1,0.5
479848.519240,1,-0.4,0.2,1.7,0.3,-0.1,0.4,0,0,0.8,-0.3,-0.1,0.5
479848.530382,0,-0.4,0.2,1.7,0.3,-0.1,0.4,0,0,0.8,-0.3,-0.1,0.5
479848.541478,1,-0.4,0.2,1.8,0.3,-0.1,0.5,0,0,0.8,-0.3,-0.1,0.6
479848.552551,1,-0.3,0.2,1.9,0.4,-0.1,0.5,0,0,0.8,-0.4,-0.1,0.6
479848.563712,1,-0.3,0.2,1.9,0.4,-0.1,0.5,0,0,0.9,-0.4,-0.1,0.6
479848.574899,1,-0.3,0.2,2,0.4,-0.1,0.5,0,0,0.9,-0.4,-0.1,0.6
479848.586060,1,-0.2,0.3,2,0.4,-0.1,0.5,0,0,0.9,-0.4,-0.1,0.6
479848.597283,1,-0.2,0.3,2,0.4,-0.2,0.5,0,0,0.9,-0.4,-0.1,0.6
479848.608244,1,-0.2,0.3,2.1,0.4,-0.2,0.6,0,0,0.9,-0.4,-0.1,0.6
479848.619332,0,-0.2,0.3,2.1,0.4,-0.2,0.6,0,0,0.9,-0.4,-0.1,0.6
479848.630420,1,-0.1,0.3,2.2,0.4,-0.2,0.6,0,0,0.9,-0.4,-0.1,0.6
479848.641482,1,-0.1,0.4,2.2,0.4,-0.2,0.6,0,0,0.9,-0.4,-0.1,0.6
479848.652701,1,-0.1,0.4,2.3,0.4,-0.2,0.6,0,0,0.9,-0.4,-0.1,0.6
479848.663694,1,-0.1,0.4,2.3,0.5,-0.2,0.7,0,0,0.9,-0.4,-0.1,0.7
479848.674757,0,-0.1,0.4,2.3,0.5,-0.2,0.7,0,0,0.9,-0.4,-0.1,0.7
479848.685902,1,0,0.4,2.4,0.5,-0.2,0.7,0,0,0.9,-0.4,-0.1,0.7
479848.697324,0,0,0.4,2.4,0.5,-0.2,0.7,0,0,0.9,-0.4,-0.1,0.7
479848.708125,1,0,0.4,2.5,0.5,-0.2,0.6,0,0,1,-0.4,-0.1,0.7
479848.719252,0,0,0.4,2.5,0.5,-0.2,0.6,0,0,1,-0.4,-0.1,0.7
479848.730372,0,0,0.4,2.5,0.5,-0.2,0.6,0,0,1,-0.4,-0.1,0.7
479848.741481,1,0,0.4,2.6,0.5,-0.2,0.6,0,0,1,-0.4,-0.1,0.7
479848.752542,1,0,0.4,2.6,0.5,-0.2,0.7,-0.1,0,1,-0.4,-0.1,0.7
479848.763677,1,0.1,0.4,2.7,0.6,-0.2,0.7,-0.1,0,1,-0.4,-0.1,0.7
479848.774766,0,0.1,0.4,2.7,0.6,-0.2,0.7,-0.1,0,1,-0.4,-0.1,0.7
479848.785899,1,0.1,0.4,2.8,0.6,-0.2,0.7,-0.1,0,1,-0.4,-0.1,0.7
479848.797189,0,0.1,0.4,2.8,0.6,-0.2,0.7,-0.1,0,1,-0.4,-0.1,0.7
479848.808101,0,0.1,0.4,2.8,0.6,-0.2,0.7,-0.1,0,1,-0.4,-0.1,0.7
479848.819208,0,0.1,0.4,2.8,0.6,-0.2,0.7,-0.1,0,1,-0.4,-0.1,0.7
479848.830453,1,0.1,0.4,2.9,0.6,-0.2,0.7,-0.1,0,1,-0.4,-0.1,0.7
479848.841496,0,0.1,0.4,2.9,0.6,-0.2,0.7,-0.1,0,1,-0.4,-0.1,0.7
479848.852553,0,0.1,0.4,2.9,0.6,-0.2,0.7,-0.1,0,1,-0.4,-0.1,0.7
479848.863748,1,0.1,0.4,3,0.6,-0.2,0.7,-0.1,0,1,-0.4,-0.1,0.7
479848.874794,0,0.1,0.4,3,0.6,-0.2,0.7,-0.1,0,1,-0.4,-0.1,0.7
479848.885937,0,0.1,0.4,3,0.6,-0.2,0.7,-0.1,0,1,-0.4,-0.1,0.7
479848.897620,1,0.1,0.3,3,0.6,-0.2,0.7,-0.1,0,1,-0.4,-0.1,0.7
479848.908127,1,0.1,0.3,3.1,0.6,-0.2,0.7,-0.1,0,1,-0.4,-0.1,0.7
479848.919226,0,0.1,0.3,3.1,0.6,-0.2,0.7,-0.1,0,1,-0.4,-0.1,0.7
479848.930412,1,0.1,0.3,3.1,0.6,-0.2,0.8,-0.1,0,1,-0.4,-0.1,0.7
479848.941556,0,0.1,0.3,3.1,0.6,-0.2,0.8,-0.1,0,1,-0.4,-0.1,0.7
479848.952613,1,0.1,0.3,3.2,0.6,-0.2,0.8,-0.1,0,1,-0.4,-0.1,0.7
479848.963735,1,0.1,0.2,3.2,0.6,-0.2,0.8,-0.1,0,1,-0.4,-0.1,0.7
479848.974800,0,0.1,0.2,3.2,0.6,-0.2,0.8,-0.1,0,1,-0.4,-0.1,0.7
479848.985953,1,0,0.2,3.2,0.6,-0.2,0.8,-0.1,0,1,-0.4,-0.1,0.7
479848.997374,1,0,0.3,3.3,0.6,-0.2,0.8,-0.1,0,1,-0.4,-0.1,0.7
479849.008157,0,0,0.3,3.3,0.6,-0.2,0.8,-0.1,0,1,-0.4,-0.1,0.7
479849.019281,0,0,0.3,3.3,0.6,-0.2,0.8,-0.1,0,1,-0.4,-0.1,0.7
479849.030452,0,0,0.3,3.3,0.6,-0.2,0.8,-0.1,0,1,-0.4,-0.1,0.7
479849.041507,0,0,0.3,3.3,0.6,-0.2,0.8,-0.1,0,1,-0.4,-0.1,0.7
479849.052542,0,0,0.3,3.3,0.6,-0.2,0.8,-0.1,0,1,-0.4,-0.1,0.7
479849.063700,0,0,0.3,3.3,0.6,-0.2,0.8,-0.1,0,1,-0.4,-0.1,0.7
479849.074770,0,0,0.3,3.3,0.6,-0.2,0.8,-0.1,0,1,-0.4,-0.1,0.7
479849.085962,1,0,0.3,3.4,0.6,-0.2,0.8,-0.1,0,1.1,-0.4,-0.1,0.7
479849.097343,0,0,0.3,3.4,0.6,-0.2,0.8,-0.1,0,1.1,-0.4,-0.1,0.7
479849.108145,0,0,0.3,3.4,0.6,-0.2,0.8,-0.1,0,1.1,-0.4,-0.1,0.7
479849.119288,1,0,0.4,3.4,0.6,-0.2,0.8,-0.1,0,1.1,-0.4,-0.1,0.7
479849.130414,0,0,0.4,3.4,0.6,-0.2,0.8,-0.1,0,1.1,-0.4,-0.1,0.7
479849.141471,0,0,0.4,3.4,0.6,-0.2,0.8,-0.1,0,1.1,-0.4,-0.1,0.7
479849.152611,0,0,0.4,3.4,0.6,-0.2,0.8,-0.1,0,1.1,-0.4,-0.1,0.7
479849.163714,1,0,0.4,3.5,0.6,-0.2,0.9,-0.2,0,1.1,-0.4,-0.1,0.7
479849.174809,0,0,0.4,3.5,0.6,-0.2,0.9,-0.2,0,1.1,-0.4,-0.1,0.7
479849.185964,1,-0.1,0.4,3.5,0.5,-0.2,0.9,-0.2,0,1.2,-0.4,-0.1,0.7
479849.197423,1,-0.1,0.4,3.5,0.5,-0.2,1,-0.2,0,1.2,-0.4,-0.1,0.7
479849.208122,0,-0.1,0.4,3.5,0.5,-0.2,1,-0.2,0,1.2,-0.4,-0.1,0.7
479849.219244,1,-0.1,0.4,3.5,0.4,-0.1,1.1,-0.2,0,1.2,-0.4,-0.1,0.7
479849.230407,1,-0.1,0.4,3.6,0.4,-0.1,1.1,-0.2,0,1.2,-0.4,-0.1,0.7
479849.241515,1,-0.1,0.4,3.6,0.4,-0.1,1.1,-0.2,0,1.1,-0.4,-0.1,0.7
479849.252612,1,-0.1,0.4,3.6,0.4,-0.1,1.1,-0.2,-0.1,1.1,-0.4,-0.1,0.7
479849.263734,1,-0.1,0.4,3.6,0.3,-0.1,1.2,-0.2,-0.1,1.1,-0.4,-0.1,0.7
479849.274790,1,-0.1,0.4,3.6,0.3,-0.1,1.2,-0.2,-0.1,1.2,-0.4,-0.1,0.7
479849.285965,1,-0.1,0.4,3.6,0.3,-0.1,1.2,-0.1,-0.1,1.2,-0.4,-0.1,0.7
479849.297342,1,-0.1,0.3,3.7,0.3,-0.1,1.2,-0.2,-0.1,1.1,-0.4,-0.1,0.7
479849.308148,0,-0.1,0.3,3.7,0.3,-0.1,1.2,-0.2,-0.1,1.1,-0.4,-0.1,0.7
479849.319229,1,-0.1,0.3,3.7,0.3,-0.1,1.3,-0.2,-0.1,1.1,-0.4,-0.1,0.7
479849.330437,1,-0.1,0.3,3.7,0.3,0,1.3,-0.2,-0.1,1.1,-0.4,-0.1,0.7
479849.341574,0,-0.1,0.3,3.7,0.3,0,1.3,-0.2,-0.1,1.1,-0.4,-0.1,0.7
479849.352518,0,-0.1,0.3,3.7,0.3,0,1.3,-0.2,-0.1,1.1,-0.4,-0.1,0.7
479849.363727,1,-0.1,0.3,3.8,0.3,0,1.3,-0.2,-0.1,1.1,-0.4,-0.1,0.7
479849.374809,1,-0.1,0.3,3.8,0.3,0,1.3,-0.2,-0.1,1.2,-0.4,-0.1,0.7
479849.385964,0,-0.1,0.3,3.8,0.3,0,1.3,-0.2,-0.1,1.2,-0.4,-0.1,0.7
479849.397397,1,-0.1,0.3,3.8,0.3,0,1.3,-0.2,-0.1,1.2,-0.4,-0.1,0.8
479849.408164,0,-0.1,0.3,3.8,0.3,0,1.3,-0.2,-0.1,1.2,-0.4,-0.1,0.8
479849.419250,1,-0.1,0.3,3.9,0.3,0,1.4,-0.2,-0.1,1.2,-0.5,-0.1,0.8
479849.430488,0,-0.1,0.3,3.9,0.3,0,1.4,-0.2,-0.1,1.2,-0.5,-0.1,0.8
479849.441534,0,-0.1,0.3,3.9,0.3,0,1.4,-0.2,-0.1,1.2,-0.5,-0.1,0.8
479849.452627,0,-0.1,0.3,3.9,0.3,0,1.4,-0.2,-0.1,1.2,-0.5,-0.1,0.8
479849.463721,0,-0.1,0.3,3.9,0.3,0,1.4,-0.2,-0.1,1.2,-0.5,-0.1,0.8
479849.474822,0,-0.1,0.3,3.9,0.3,0,1.4,-0.2,-0.1,1.2,-0.5,-0.1,0.8
479849.485940,1,-0.1,0.4,3.9,0.3,0,1.4,-0.2,-0.1,1.2,-0.5,-0.1,0.8
479849.497354,0,-0.1,0.4,3.9,0.3,0,1.4,-0.2,-0.1,1.2,-0.5,-0.1,0.8
479849.508147,1,-0.1,0.4,3.9,0.3,0,1.4,-0.2,-0.1,1.3,-0.4,-0.1,0.6
479849.519270,0,-0.1,0.4,3.9,0.3,0,1.4,-0.2,-0.1,1.3,-0.4,-0.1,0.6
479849.530410,1,-0.1,0.4,4,0.3,0,1.4,-0.2,-0.1,1.3,-0.4,-0.1,0.6
479849.541458,0,-0.1,0.4,4,0.3,0,1.4,-0.2,-0.1,1.3,-0.4,-0.1,0.6
479849.552572,0,-0.1,0.4,4,0.3,0,1.4,-0.2,-0.1,1.3,-0.4,-0.1,0.6
479849.563733,1,-0.1,0.4,4,0.3,0,1.4,-0.2,0,1.3,-0.4,-0.1,0.6
479849.574811,1,-0.1,0.4,4,0.3,0,1.4,-0.2,-0.1,1.3,-0.4,-0.1,0.6
479849.585995,0,-0.1,0.4,4,0.3,0,1.4,-0.2,-0.1,1.3,-0.4,-0.1,0.6
479849.597324,0,-0.1,0.4,4,0.3,0,1.4,-0.2,-0.1,1.3,-0.4,-0.1,0.6
479849.608142,0,-0.1,0.4,4,0.3,0,1.4,-0.2,-0.1,1.3,-0.4,-0.1,0.6
479849.619259,1,-0.1,0.4,4.1,0.3,0,1.4,-0.2,-0.1,1.3,-0.4,-0.1,0.6
479849.630430,1,-0.1,0.4,4.1,0.3,0,1.5,-0.2,0,1.3,-0.4,-0.1,0.6
479849.641548,1,-0.1,0.4,4.1,0.3,0,1.5,-0.3,0,1.3,-0.4,-0.1,0.6
479849.652598,1,-0.1,0.4,4.1,0.2,0,1.5,-0.3,0,1.3,-0.4,-0.1,0.6
479849.663694,0,-0.1,0.4,4.1,0.2,0,1.5,-0.3,0,1.3,-0.4,-0.1,0.6
479849.674783,1,-0.1,0.4,4.1,0.2,0.1,1.5,-0.3,0,1.3,-0.4,-0.1,0.6
479849.685944,1,-0.1,0.3,4.1,0.2,0.1,1.5,-0.3,0,1.3,-0.4,-0.1,0.6
479849.697293,1,-0.1,0.3,4.1,0.2,0.1,1.5,-0.3,0,1.3,-0.4,-0.1,0.7
479849.708104,0,-0.1,0.3,4.1,0.2,0.1,1.5,-0.3,0,1.3,-0.4,-0.1,0.7
479849.719258,1,-0.1,0.3,4.1,0.2,0.1,1.5,-0.3,0.1,1.3,-0.4,-0.1,0.7
479849.730453,1,-0.1,0.3,4.1,0.2,0.1,1.5,-0.3,0.1,1.2,-0.4,-0.1,0.7
479849.741540,1,-0.1,0.3,4.2,0.2,0.1,1.5,-0.3,0.1,1.2,-0.4,-0.1,0.7
479849.752571,1,-0.1,0.3,4.2,0.2,0.1,1.5,-0.3,0.2,1.2,-0.4,-0.1,0.7
479849.763723,1,-0.1,0.3,4.2,0.2,0.1,1.5,-0.4,0.2,1.2,-0.4,-0.1,0.7
479849.774849,1,-0.1,0.3,4.2,0.2,0.1,1.6,-0.4,0.2,1.2,-0.4,-0.1,0.7
479849.786020,0,-0.1,0.3,4.2,0.2,0.1,1.6,-0.4,0.2,1.2,-0.4,-0.1,0.7
479849.797386,0,-0.1,0.3,4.2,0.2,0.1,1.6,-0.4,0.2,1.2,-0.4,-0.1,0.7
479849.808157,1,0,0.3,4.2,0.2,0.1,1.6,-0.4,0.2,1.2,-0.5,-0.1,0.7
479849.819260,0,0,0.3,4.2,0.2,0.1,1.6,-0.4,0.2,1.2,-0.5,-0.1,0.7
479849.830439,1,0,0.2,4.2,0.2,0.2,1.6,-0.4,0.2,1.2,-0.5,-0.1,0.8
479849.841547,1,0,0.2,4.2,0.2,0.2,1.6,-0.4,0.1,1.2,-0.5,-0.1,0.8
479849.852582,0,0,0.2,4.2,0.2,0.2,1.6,-0.4,0.1,1.2,-0.5,-0.1,0.8
479849.863752,1,0,0.2,4.3,0.2,0.2,1.6,-0.4,0.1,1.2,-0.6,-0.1,0.8
479849.874857,1,0,0.2,4.3,0.2,0.2,1.6,-0.4,0.1,1.2,-0.6,0,0.8
479849.885995,0,0,0.2,4.3,0.2,0.2,1.6,-0.4,0.1,1.2,-0.6,0,0.8
479849.897349,1,0,0.2,4.3,0.2,0.2,1.7,-0.4,0.1,1.2,-0.6,0,0.8
479849.908177,1,0,0.2,4.3,0.2,0.2,1.7,-0.4,0.1,1.3,-0.6,0,0.8
479849.919316,1,0,0.2,4.3,0.2,0.2,1.7,-0.5,0.1,1.3,-0.6,0,0.8
479849.930435,1,0,0.2,4.3,0.2,0.2,1.7,-0.5,0.1,1.3,-0.6,0,0.9
479849.941450,1,0,0.2,4.3,0.2,0.2,1.7,-0.5,0.1,1.3,-0.7,0,0.9
479849.952527,1,0,0.2,4.3,0.1,0.2,1.7,-0.5,0.1,1.3,-0.7,0,0.9
479849.963678,0,0,0.2,4.3,0.1,0.2,1.7,-0.5,0.1,1.3,-0.7,0,0.9
479849.974777,0,0,0.2,4.3,0.1,0.2,1.7,-0.5,0.1,1.3,-0.7,0,0.9
479849.985932,0,0,0.2,4.3,0.1,0.2,1.7,-0.5,0.1,1.3,-0.7,0,0.9
479849.997236,1,0,0.2,4.4,0.1,0.2,1.7,-0.5,0.1,1.3,-0.7,0,0.9
479850.008161,0,0,0.2,4.4,0.1,0.2,1.7,-0.5,0.1,1.3,-0.7,0,0.9
479850.019270,1,0,0.2,4.4,0.1,0.2,1.7,-0.5,0,1.4,-0.7,0.1,0.9
479850.030498,1,0,0.2,4.4,0,0.2,1.7,-0.5,0,1.4,-0.7,0.1,0.9
479850.041554,0,0,0.2,4.4,0,0.2,1.7,-0.5,0,1.4,-0.7,0.1,0.9
479850.052610,1,0,0.2,4.4,0,0.2,1.7,-0.5,0,1.4,-0.8,0.1,1
479850.063761,0,0,0.2,4.4,0,0.2,1.7,-0.5,0,1.4,-0.8,0.1,1
479850.074831,1,0.1,0.2,4.4,0,0.2,1.7,-0.5,0,1.4,-0.8,0.1,1
479850.085991,1,0.1,0.2,4.4,0,0.2,1.7,-0.6,0,1.4,-0.8,0.1,1
479850.097438,1,0.1,0.2,4.4,-0.1,0.2,1.7,-0.6,-0.1,1.4,-0.8,0.1,1
479850.108134,0,0.1,0.2,4.4,-0.1,0.2,1.7,-0.6,-0.1,1.4,-0.8,0.1,1
479850.119235,0,0.1,0.2,4.4,-0.1,0.2,1.7,-0.6,-0.1,1.4,-0.8,0.1,1
479850.130490,0,0.1,0.2,4.4,-0.1,0.2,1.7,-0.6,-0.1,1.4,-0.8,0.1,1
479850.141581,1,0.1,0.2,4.4,-0.1,0.2,1.7,-0.6,-0.1,1.4,-0.8,0.2,1
479850.152622,1,0.1,0.2,4.4,-0.1,0.2,1.7,-0.6,-0.1,1.5,-0.8,0.2,1
479850.163732,0,0.1,0.2,4.4,-0.1,0.2,1.7,-0.6,-0.1,1.5,-0.8,0.2,1
479850.174883,1,0.1,0.2,4.4,-0.2,0.3,1.7,-0.6,-0.1,1.5,-0.8,0.2,1
479850.185986,0,0.1,0.2,4.4,-0.2,0.3,1.7,-0.6,-0.1,1.5,-0.8,0.2,1
479850.197236,1,0.1,0.1,4.4,-0.2,0.3,1.7,-0.6,-0.1,1.5,-0.8,0.2,1
479850.208114,0,0.1,0.1,4.4,-0.2,0.3,1.7,-0.6,-0.1,1.5,-0.8,0.2,1
479850.219263,0,0.1,0.1,4.4,-0.2,0.3,1.7,-0.6,-0.1,1.5,-0.8,0.2,1
479850.230443,0,0.1,0.1,4.4,-0.2,0.3,1.7,-0.6,-0.1,1.5,-0.8,0.2,1
479850.241535,0,0.1,0.1,4.4,-0.2,0.3,1.7,-0.6,-0.1,1.5,-0.8,0.2,1
479850.252637,1,0.1,0.1,4.4,-0.3,0.3,1.7,-0.6,-0.2,1.5,-0.8,0.2,1
479850.263724,1,0.1,0.1,4.4,-0.3,0.3,1.7,-0.7,-0.2,1.5,-0.8,0.2,1
479850.274798,1,0.1,0.1,4.5,-0.3,0.3,1.7,-0.7,-0.2,1.5,-0.8,0.2,1
479850.285949,1,0.1,0.1,4.5,-0.3,0.3,1.7,-0.7,-0.2,1.5,-0.8,0.2,1.1
479850.297355,0,0.1,0.1,4.5,-0.3,0.3,1.7,-0.7,-0.2,1.5,-0.8,0.2,1.1
479850.308142,1,0.1,0.1,4.5,-0.3,0.3,1.7,-0.6,-0.2,1.5,-0.8,0.2,1.1
479850.319246,0,0.1,0.1,4.5,-0.3,0.3,1.7,-0.6,-0.2,1.5,-0.8,0.2,1.1
479850.330487,0,0.1,0.1,4.5,-0.3,0.3,1.7,-0.6,-0.2,1.5,-0.8,0.2,1.1
479850.341544,1,0.1,0.1,4.5,-0.4,0.3,1.7,-0.6,-0.2,1.6,-0.8,0.2,1.1
479850.352568,1,0.1,0,4.5,-0.4,0.3,1.6,-0.6,-0.2,1.6,-0.8,0.2,1.1
479850.363704,0,0.1,0,4.5,-0.4,0.3,1.6,-0.6,-0.2,1.6,-0.8,0.2,1.1
479850.374875,1,0.1,0,4.5,-0.4,0.3,1.6,-0.6,-0.3,1.6,-0.8,0.1,1.1
479850.385997,1,0.1,0,4.5,-0.4,0.3,1.6,-0.6,-0.2,1.6,-0.8,0.1,1.1
479850.397359,1,0.1,0,4.5,-0.4,0.3,1.6,-0.6,-0.2,1.6,-0.9,0.1,1.1
479850.408175,0,0.1,0,4.5,-0.4,0.3,1.6,-0.6,-0.2,1.6,-0.9,0.1,1.1
479850.419258,1,0.1,0,4.6,-0.4,0.3,1.6,-0.7,-0.2,1.6,-0.9,0.1,1.1
479850.430499,1,0.1,0,4.6,-0.5,0.3,1.6,-0.7,-0.2,1.7,-0.9,0.1,1.1
479850.441511,0,0.1,0,4.6,-0.5,0.3,1.6,-0.7,-0.2,1.7,-0.9,0.1,1.1
479850.452560,1,0.1,0,4.6,-0.5,0.3,1.6,-0.7,-0.2,1.7,-0.9,0.1,1
479850.463703,0,0.1,0,4.6,-0.5,0.3,1.6,-0.7,-0.2,1.7,-0.9,0.1,1
479850.474826,1,0.2,0,4.6,-0.5,0.2,1.6,-0.7,-0.2,1.7,-0.9,0.1,1.1
479850.485931,0,0.2,0,4.6,-0.5,0.2,1.6,-0.7,-0.2,1.7,-0.9,0.1,1.1
479850.497296,0,0.2,0,4.6,-0.5,0.2,1.6,-0.7,-0.2,1.7,-0.9,0.1,1.1
479850.508186,1,0.2,0,4.6,-0.6,0.2,1.6,-0.7,-0.2,1.7,-0.9,0.1,1.1
479850.519259,0,0.2,0,4.6,-0.6,0.2,1.6,-0.7,-0.2,1.7,-0.9,0.1,1.1
479850.530444,0,0.2,0,4.6,-0.6,0.2,1.6,-0.7,-0.2,1.7,-0.9,0.1,1.1
479850.541578,1,0.2,0,4.6,-0.6,0.2,1.5,-0.7,-0.1,1.7,-0.9,0.1,1.1
479850.552631,0,0.2,0,4.6,-0.6,0.2,1.5,-0.7,-0.1,1.7,-0.9,0.1,1.1
479850.563747,0,0.2,0,4.6,-0.6,0.2,1.5,-0.7,-0.1,1.7,-0.9,0.1,1.1
479850.574840,0,0.2,0,4.6,-0.6,0.2,1.5,-0.7,-0.1,1.7,-0.9,0.1,1.1
479850.585985,1,0.2,0,4.6,-0.6,0.1,1.5,-0.7,-0.1,1.7,-0.9,0.1,1.1
479850.597419,1,0.2,0,4.6,-0.6,0.1,1.5,-0.7,-0.1,1.8,-0.9,0.1,1.1
479850.608170,0,0.2,0,4.6,-0.6,0.1,1.5,-0.7,-0.1,1.8,-0.9,0.1,1.1
479850.619265,0,0.2,0,4.6,-0.6,0.1,1.5,-0.7,-0.1,1.8,-0.9,0.1,1.1
479850.630476,0,0.2,0,4.6,-0.6,0.1,1.5,-0.7,-0.1,1.8,-0.9,0.1,1.1
479850.641560,1,0.2,0.1,4.6,-0.7,0.1,1.5,-0.7,-0.1,1.8,-0.9,0.1,1.1
479850.652571,0,0.2,0.1,4.6,-0.7,0.1,1.5,-0.7,-0.1,1.8,-0.9,0.1,1.1
479850.663739,0,0.2,0.1,4.6,-0.7,0.1,1.5,-0.7,-0.1,1.8,-0.9,0.1,1.1
479850.674818,1,0.2,0.1,4.6,-0.7,0.1,1.5,-0.7,0,1.8,-0.9,0.1,1.1
479850.685973,0,0.2,0.1,4.6,-0.7,0.1,1.5,-0.7,0,1.8,-0.9,0.1,1.1
479850.697302,1,0.2,0.1,4.6,-0.7,0,1.5,-0.7,0,1.8,-0.9,0.1,1.1
479850.708796,1,0.2,0.1,4.6,-0.7,0,1.4,-0.7,0,1.8,-0.9,0.1,1.1
479850.719326,0,0.2,0.1,4.6,-0.7,0,1.4,-0.7,0,1.8,-0.9,0.1,1.1
479850.730469,0,0.2,0.1,4.6,-0.7,0,1.4,-0.7,0,1.8,-0.9,0.1,1.1
479850.741526,1,0.2,0.1,4.6,-0.7,0,1.4,-0.7,0.1,1.8,-0.9,0.1,1.1
479850.752630,0,0.2,0.1,4.6,-0.7,0,1.4,-0.7,0.1,1.8,-0.9,0.1,1.1
479850.763771,0,0.2,0.1,4.6,-0.7,0,1.4,-0.7,0.1,1.8,-0.9,0.1,1.1
479850.774866,1,0.2,0.1,4.6,-0.8,0,1.4,-0.7,0.1,1.8,-0.9,0.1,1.1
479850.797413,1,0.2,0.1,4.6,-0.8,-0.1,1.4,-0.7,0.1,1.8,-0.9,0.1,1.1
479850.808191,1,0.2,0.1,4.6,-0.8,-0.1,1.4,-0.7,0.1,1.8,-0.9,0,1.1
479850.819254,1,0.3,0.2,4.6,-0.8,-0.1,1.4,-0.7,0.1,1.8,-0.9,0,1.1
479850.830467,1,0.3,0.2,4.6,-0.8,-0.1,1.4,-0.7,0.2,1.8,-0.9,0,1.1
479850.841526,0,0.3,0.2,4.6,-0.8,-0.1,1.4,-0.7,0.2,1.8,-0.9,0,1.1
479850.852573,0,0.3,0.2,4.6,-0.8,-0.1,1.4,-0.7,0.2,1.8,-0.9,0,1.1
479850.863762,1,0.3,0.2,4.6,-0.8,-0.1,1.3,-0.7,0.2,1.8,-0.9,0,1.1
479850.874837,0,0.3,0.2,4.6,-0.8,-0.1,1.3,-0.7,0.2,1.8,-0.9,0,1.1
479850.885955,0,0.3,0.2,4.6,-0.8,-0.1,1.3,-0.7,0.2,1.8,-0.9,0,1.1
479850.897377,1,0.3,0.2,4.6,-0.9,-0.1,1.3,-0.7,0.2,1.8,-1,0,1.1
479850.908168,0,0.3,0.2,4.6,-0.9,-0.1,1.3,-0.7,0.2,1.8,-1,0,1.1
479850.919252,1,0.3,0.2,4.6,-0.9,-0.2,1.3,-0.7,0.2,1.8,-1,0,1.1
479850.930444,1,0.3,0.2,4.6,-0.9,-0.2,1.3,-0.7,0.3,1.8,-1,0,1.1
479850.941543,0,0.3,0.2,4.6,-0.9,-0.2,1.3,-0.7,0.3,1.8,-1,0,1.1
479850.952589,0,0.3,0.2,4.6,-0.9,-0.2,1.3,-0.7,0.3,1.8,-1,0,1.1
479850.963712,0,0.3,0.2,4.6,-0.9,-0.2,1.3,-0.7,0.3,1.8,-1,0,1.1
479850.974831,0,0.3,0.2,4.6,-0.9,-0.2,1.3,-0.7,0.3,1.8,-1,0,1.1
479850.985945,1,0.3,0.2,4.5,-0.9,-0.2,1.3,-0.7,0.3,1.8,-1,0,1.1
479850.997608,0,0.3,0.2,4.5,-0.9,-0.2,1.3,-0.7,0.3,1.8,-1,0,1.1
479851.008145,0,0.3,0.2,4.5,-0.9,-0.2,1.3,-0.7,0.3,1.8,-1,0,1.1
479851.019291,0,0.3,0.2,4.5,-0.9,-0.2,1.3,-0.7,0.3,1.8,-1,0,1.1
479851.030489,0,0.3,0.2,4.5,-0.9,-0.2,1.3,-0.7,0.3,1.8,-1,0,1.1
479851.041575,1,0.4,0.2,4.5,-0.9,-0.2,1.3,-0.7,0.3,1.8,-1,0,1.1
479851.052595,1,0.4,0.3,4.5,-0.9,-0.2,1.3,-0.6,0.3,1.8,-1,0,1.1
479851.063742,1,0.4,0.3,4.5,-1,-0.2,1.3,-0.7,0.3,1.8,-1,0,1.1
479851.074824,1,0.4,0.3,4.5,-1,-0.2,1.2,-0.7,0.3,1.8,-1,0,1.1
479851.085955,0,0.4,0.3,4.5,-1,-0.2,1.2,-0.7,0.3,1.8,-1,0,1.1
479851.097475,0,0.4,0.3,4.5,-1,-0.2,1.2,-0.7,0.3,1.8,-1,0,1.1
479851.108144,0,0.4,0.3,4.5,-1,-0.2,1.2,-0.7,0.3,1.8,-1,0,1.1
479851.119226,1,0.4,0.3,4.5,-1,-0.2,1.2,-0.7,0.3,1.8,-1,0,1.2
479851.130445,0,0.4,0.3,4.5,-1,-0.2,1.2,-0.7,0.3,1.8,-1,0,1.2
479851.141490,0,0.4,0.3,4.5,-1,-0.2,1.2,-0.7,0.3,1.8,-1,0,1.2
479851.152622,0,0.4,0.3,4.5,-1,-0.2,1.2,-0.7,0.3,1.8,-1,0,1.2
479851.163749,1,0.4,0.3,4.5,-1,-0.2,1.2,-0.7,0.3,1.9,-1,0,1.2
479851.174818,1,0.5,0.3,4.5,-1,-0.2,1.2,-0.7,0.3,1.9,-1,0,1.2
479851.185974,0,0.5,0.3,4.5,-1,-0.2,1.2,-0.7,0.3,1.9,-1,0,1.2
479851.197236,1,0.5,0.3,4.5,-1,-0.2,1.2,-0.7,0.3,1.9,-1,0.1,1.2
479851.208107,1,0.5,0.3,4.5,-1,-0.2,1.2,-0.7,0.3,1.9,-1.1,0.1,1.2
479851.219259,0,0.5,0.3,4.5,-1,-0.2,1.2,-0.7,0.3,1.9,-1.1,0.1,1.2
479851.230429,0,0.5,0.3,4.5,-1,-0.2,1.2,-0.7,0.3,1.9,-1.1,0.1,1.2
479851.241486,1,0.5,0.4,4.5,-1,-0.2,1.1,-0.7,0.3,1.9,-1.1,0.1,1.2
479851.252633,1,0.5,0.3,4.5,-1,-0.2,1.1,-0.7,0.2,1.9,-1.1,0.1,1.2
479851.263707,0,0.5,0.3,4.5,-1,-0.2,1.1,-0.7,0.2,1.9,-1.1,0.1,1.2
479851.274810,1,0.5,0.3,4.4,-0.9,-0.2,1.1,-0.7,0.2,1.8,-1.1,0.1,1.2
479851.286027,1,0.5,0.3,4.4,-0.9,-0.1,1.1,-0.7,0.1,1.8,-1.2,0.2,1.2
479851.297351,1,0.5,0.3,4.3,-0.9,-0.1,1.1,-0.7,0.1,1.8,-1.2,0.2,1.3
479851.308148,1,0.5,0.3,4.2,-0.9,-0.1,1.1,-0.7,0,1.7,-1.2,0.2,1.3
479851.319304,1,0.5,0.2,4.2,-0.8,0,1,-0.7,0,1.7,-1.2,0.2,1.3
479851.330524,1,0.5,0.2,4.1,-0.7,0,1,-0.7,-0.1,1.7,-1.3,0.3,1.3
479851.341555,1,0.5,0.1,4,-0.5,0,1,-0.7,-0.1,1.7,-1.3,0.3,1.3
479851.352656,1,0.5,0.1,4,-0.2,-0.1,0.9,-0.7,-0.1,1.7,-1.3,0.3,1.3
479851.363745,1,0.5,0.1,4,-0.2,-0.1,0.9,-0.7,-0.2,1.7,-1.4,0.4,1.3
479851.374815,1,0.5,0.1,3.9,0.2,-0.2,0.8,-0.7,-0.2,1.6,-1.4,0.4,1.4
479851.386038,1,0.5,0,3.9,0.4,-0.3,0.8,-0.6,-0.3,1.6,-1.4,0.4,1.4
479851.397416,1,0.5,0,3.9,0.3,-0.2,0.8,-0.6,-0.3,1.7,-1.4,0.4,1.4
479851.408157,1,0.4,-0.1,3.9,0.1,-0.1,0.8,-0.6,-0.3,1.7,-1.3,0.3,1.3
479851.419305,1,0.4,-0.1,3.9,-0.1,0,0.9,-0.6,-0.3,1.7,-1.3,0.3,1.3
479851.430509,1,0.4,-0.1,3.9,-0.3,0.1,0.9,-0.6,-0.3,1.7,-1.3,0.3,1.3
479851.441567,0,0.4,-0.1,3.9,-0.3,0.1,0.9,-0.6,-0.3,1.7,-1.3,0.3,1.3
479851.452635,1,0.4,-0.2,3.9,-0.4,0.1,0.9,-0.6,-0.3,1.7,-1.3,0.3,1.2
479851.463768,1,0.4,-0.2,3.9,-0.5,0.2,1,-0.5,-0.3,1.7,-1.3,0.3,1.2
479851.474795,1,0.3,-0.2,4,-0.6,0.2,1,-0.5,-0.3,1.7,-1.3,0.3,1.2
479851.485968,1,0.3,-0.2,4,-0.6,0.2,1,-0.5,-0.3,1.8,-1.3,0.3,1.2
479851.497343,0,0.3,-0.2,4,-0.6,0.2,1,-0.5,-0.3,1.8,-1.3,0.3,1.2
479851.508111,1,0.3,-0.2,4,-0.6,0.2,1,-0.5,-0.4,1.8,-1.3,0.3,1.2
479851.519324,1,0.4,-0.2,4,-0.5,0.2,1,-0.5,-0.4,1.8,-1.3,0.4,1.2
479851.530488,1,0.4,-0.2,4,-0.5,0.1,1,-0.5,-0.4,1.8,-1.3,0.4,1.2
479851.541527,1,0.4,-0.1,4.1,-0.3,0.1,0.9,-0.5,-0.5,1.8,-1.3,0.4,1.2
479851.552644,1,0.5,-0.1,4.1,-0.2,0,0.9,-0.5,-0.5,1.8,-1.4,0.4,1.2
479851.563789,1,0.5,-0.1,4.1,-0.2,0,0.9,-0.6,-0.5,1.8,-1.4,0.5,1.3
479851.574816,0,0.5,-0.1,4.1,-0.2,0,0.9,-0.6,-0.5,1.8,-1.4,0.5,1.3
479851.586026,1,0.6,-0.1,4.1,0,-0.1,0.9,-0.6,-0.6,1.8,-1.4,0.5,1.3
479851.597287,1,0.6,-0.1,4.1,0,-0.1,0.9,-0.6,-0.6,1.8,-1.4,0.5,1.4
479851.608129,1,0.7,0,4.1,0,-0.1,0.9,-0.6,-0.6,1.8,-1.4,0.5,1.4
479851.619340,1,0.7,0,4.1,0,-0.1,0.8,-0.6,-0.6,1.9,-1.4,0.5,1.4
479851.630491,1,0.7,0,4.1,-0.1,-0.1,0.8,-0.6,-0.6,1.9,-1.4,0.5,1.4
479851.641550,0,0.7,0,4.1,-0.1,-0.1,0.8,-0.6,-0.6,1.9,-1.4,0.5,1.4
479851.652612,1,0.8,0,4.1,-0.1,-0.1,0.8,-0.6,-0.6,1.9,-1.4,0.5,1.4
479851.663788,1,0.8,0.1,4.1,-0.2,-0.1,0.8,-0.6,-0.6,1.9,-1.4,0.5,1.4
479851.674811,1,0.8,0.1,4.2,-0.3,0,0.8,-0.6,-0.6,1.9,-1.4,0.5,1.4
479851.685973,1,0.9,0.1,4.1,-0.4,0,0.8,-0.7,-0.6,1.9,-1.4,0.5,1.4
479851.697355,1,0.9,0.2,4.1,-0.5,0,0.8,-0.7,-0.6,1.9,-1.4,0.5,1.4
479851.708160,0,0.9,0.2,4.1,-0.5,0,0.8,-0.7,-0.6,1.9,-1.4,0.5,1.4
479851.719316,1,0.9,0.2,4.1,-0.5,0,0.8,-0.7,-0.6,1.9,-1.4,0.6,1.4
479851.730418,1,1,0.2,4.1,-0.6,0.1,0.8,-0.7,-0.6,1.9,-1.4,0.6,1.4
479851.741545,1,1,0.3,4.1,-0.6,0.1,0.8,-0.7,-0.6,1.9,-1.4,0.6,1.4
479851.752592,0,1,0.3,4.1,-0.6,0.1,0.8,-0.7,-0.6,1.9,-1.4,0.6,1.4
479851.763786,1,1.1,0.3,4.1,-0.7,0.1,0.8,-0.7,-0.6,1.9,-1.4,0.6,1.4
479851.774855,0,1.1,0.3,4.1,-0.7,0.1,0.8,-0.7,-0.6,1.9,-1.4,0.6,1.4
479851.785981,1,1.1,0.3,4.1,-0.7,0.1,0.8,-0.8,-0.6,2,-1.4,0.6,1.4
479851.797314,1,1.1,0.4,4.1,-0.7,0.1,0.8,-0.8,-0.6,2,-1.4,0.6,1.4
479851.808182,1,1.1,0.4,4.1,-0.6,0,0.8,-0.8,-0.6,2,-1.4,0.6,1.4
479851.830436,1,1.2,0.4,4.1,-0.4,0,0.8,-0.8,-0.6,2,-1.4,0.7,1.4
479851.841538,0,1.2,0.4,4.1,-0.4,0,0.8,-0.8,-0.6,2,-1.4,0.7,1.4
479851.852620,0,1.2,0.4,4.1,-0.4,0,0.8,-0.8,-0.6,2,-1.4,0.7,1.4
479851.874807,0,1.2,0.4,4.1,-0.4,0,0.8,-0.8,-0.6,2,-1.4,0.7,1.4
479851.885957,1,1.2,0.4,4.1,-0.5,0,0.8,-0.8,-0.6,2,-1.4,0.7,1.4
479851.897293,0,1.2,0.4,4.1,-0.5,0,0.8,-0.8,-0.6,2,-1.4,0.7,1.4
479851.908164,1,1.2,0.4,4,-0.5,0,0.8,-0.8,-0.6,2,-1.4,0.8,1.4
479851.919364,1,1.3,0.5,4,-0.5,0,0.8,-0.8,-0.7,2,-1.4,0.8,1.4
479851.930441,1,1.3,0.5,4,-0.4,0,0.8,-0.8,-0.7,2,-1.4,0.8,1.4
479851.941521,1,1.3,0.5,4,-0.4,0,0.8,-0.9,-0.7,2,-1.4,0.8,1.4
479851.952628,1,1.3,0.5,4,-0.3,-0.1,0.8,-0.9,-0.7,2,-1.4,0.8,1.5
479851.963788,1,1.3,0.5,4,-0.2,-0.1,0.8,-0.9,-0.7,2,-1.4,0.8,1.5
479851.974824,1,1.3,0.5,4,0,-0.2,0.7,-0.9,-0.7,2,-1.4,0.8,1.5
479851.985984,1,1.3,0.5,4,0.3,-0.3,0.7,-0.9,-0.7,2,-1.4,0.8,1.5
479851.997392,1,1.3,0.5,4,0.5,-0.4,0.7,-0.9,-0.7,2,-1.4,0.9,1.5
479852.008129,1,1.4,0.5,4,0.6,-0.4,0.7,-0.9,-0.7,2,-1.4,0.9,1.5
479852.019355,1,1.4,0.6,3.9,0.6,-0.4,0.7,-0.9,-0.7,2,-1.4,0.9,1.5
479852.030465,1,1.4,0.6,3.9,0.7,-0.4,0.7,-0.9,-0.7,2,-1.4,0.9,1.5
479852.041577,1,1.4,0.6,3.9,0.7,-0.5,0.7,-0.9,-0.7,2,-1.4,0.9,1.5
479852.052653,1,1.4,0.6,3.9,0.8,-0.5,0.7,-0.9,-0.7,2,-1.4,0.9,1.5
479852.063800,1,1.4,0.6,3.9,0.8,-0.5,0.7,-0.9,-0.8,2,-1.4,0.9,1.5
479852.074876,0,1.4,0.6,3.9,0.8,-0.5,0.7,-0.9,-0.8,2,-1.4,0.9,1.5
479852.086078,0,1.4,0.6,3.9,0.8,-0.5,0.7,-0.9,-0.8,2,-1.4,0.9,1.5
479852.097395,1,1.4,0.6,3.8,0.8,-0.5,0.7,-0.9,-0.8,2,-1.4,0.9,1.5
479852.108193,0,1.4,0.6,3.8,0.8,-0.5,0.7,-0.9,-0.8,2,-1.4,0.9,1.5
479852.119339,0,1.4,0.6,3.8,0.8,-0.5,0.7,-0.9,-0.8,2,-1.4,0.9,1.5
479852.130498,0,1.4,0.6,3.8,0.8,-0.5,0.7,-0.9,-0.8,2,-1.4,0.9,1.5
479852.141547,1,1.4,0.6,3.8,0.8,-0.5,0.7,-0.9,-0.8,1.9,-1.4,1,1.5
479852.152610,1,1.4,0.6,3.8,0.8,-0.5,0.7,-0.9,-0.8,1.9,-1.4,0.9,1.5
479852.163781,0,1.4,0.6,3.8,0.8,-0.5,0.7,-0.9,-0.8,1.9,-1.4,0.9,1.5
479852.174780,0,1.4,0.6,3.8,0.8,-0.5,0.7,-0.9,-0.8,1.9,-1.4,0.9,1.5
479852.186008,1,1.4,0.6,3.7,0.8,-0.5,0.7,-0.9,-0.8,1.9,-1.4,0.9,1.5
479852.197270,1,1.4,0.6,3.7,0.8,-0.5,0.7,-0.9,-0.8,1.9,-1.4,0.9,1.4
479852.208134,1,1.4,0.5,3.7,0.8,-0.5,0.7,-0.9,-0.8,1.9,-1.4,0.9,1.4
479852.219311,1,1.3,0.5,3.7,0.8,-0.5,0.7,-0.9,-0.9,1.9,-1.4,0.9,1.4
479852.230507,1,1.3,0.5,3.7,0.8,-0.5,0.7,-0.9,-0.9,1.9,-1.4,0.8,1.4
479852.241560,1,1.2,0.4,3.7,0.8,-0.5,0.7,-0.9,-0.9,1.9,-1.4,0.8,1.3
479852.252618,1,1.2,0.4,3.7,0.8,-0.5,0.7,-0.8,-0.9,1.9,-1.4,0.8,1.3
479852.263766,1,1.2,0.4,3.7,0.8,-0.5,0.7,-0.8,-0.9,1.9,-1.4,0.7,1.3
479852.274832,1,1.1,0.3,3.7,0.8,-0.5,0.7,-0.8,-0.9,1.9,-1.4,0.7,1.3
479852.286011,1,1,0.2,3.7,0.8,-0.5,0.7,-0.8,-0.9,1.9,-1.4,0.7,1.2
479852.297410,1,1,0.2,3.7,0.9,-0.5,0.7,-0.8,-0.9,1.9,-1.4,0.6,1.2
479852.308209,1,0.9,0.1,3.8,0.9,-0.5,0.8,-0.8,-0.9,1.9,-1.4,0.6,1.2
479852.319346,1,0.9,0.1,3.8,0.9,-0.5,0.8,-0.8,-0.9,1.9,-1.4,0.6,1.1
479852.330515,1,0.8,0.1,3.8,0.9,-0.5,0.8,-0.7,-0.9,1.9,-1.4,0.6,1.1
479852.341589,1,0.8,0,3.8,0.9,-0.5,0.8,-0.7,-0.8,1.9,-1.4,0.6,1.1
479852.352693,1,0.8,-0.1,3.8,0.8,-0.5,0.8,-0.7,-0.8,1.9,-1.4,0.5,1.1
479852.363805,1,0.7,-0.1,3.8,0.8,-0.5,0.8,-0.7,-0.8,1.9,-1.3,0.5,1.1
479852.374891,0,0.7,-0.1,3.8,0.8,-0.5,0.8,-0.7,-0.8,1.9,-1.3,0.5,1.1
479852.386044,1,0.7,-0.1,3.8,0.8,-0.5,0.8,-0.7,-0.8,1.9,-1.3,0.4,1
479852.397395,1,0.6,-0.2,3.9,0.8,-0.5,0.8,-0.6,-0.8,1.9,-1.3,0.4,1
479852.408199,1,0.6,-0.2,3.9,0.7,-0.5,0.8,-0.6,-0.8,1.9,-1.3,0.4,1
479852.419332,1,0.6,-0.3,3.9,0.6,-0.5,0.8,-0.6,-0.7,1.9,-1.3,0.4,1
479852.430520,1,0.5,-0.3,3.9,0.5,-0.5,0.8,-0.6,-0.7,1.9,-1.3,0.3,1
479852.441568,1,0.5,-0.3,3.9,0.4,-0.4,0.8,-0.6,-0.7,1.9,-1.3,0.3,1
479852.452642,1,0.5,-0.3,3.9,0.4,-0.4,0.8,-0.6,-0.7,1.9,-1.3,0.3,0.9
479852.463817,1,0.4,-0.4,3.9,0.2,-0.4,0.8,-0.5,-0.7,1.9,-1.3,0.2,0.9
479852.474921,1,0.4,-0.4,3.9,-0.1,-0.3,0.8,-0.5,-0.7,1.9,-1.2,0.2,0.9
479852.486039,1,0.3,-0.5,3.9,-0.3,-0.2,0.8,-0.5,-0.6,1.9,-1.2,0.2,0.9
479852.497394,1,0.3,-0.5,3.9,-0.6,-0.2,0.8,-0.5,-0.6,1.9,-1.2,0.1,0.9
479852.508169,1,0.3,-0.5,3.9,-0.8,-0.1,0.8,-0.5,-0.6,1.9,-1.2,0.1,0.9
479852.519345,1,0.2,-0.5,3.9,-0.8,-0.1,0.8,-0.5,-0.6,1.9,-1.2,0.1,0.8
479852.530480,1,0.2,-0.5,3.9,-0.9,-0.1,0.8,-0.5,-0.5,1.9,-1.2,0.1,0.8
479852.541543,0,0.2,-0.5,3.9,-0.9,-0.1,0.8,-0.5,-0.5,1.9,-1.2,0.1,0.8
479852.552655,1,0.2,-0.5,3.9,-1,-0.1,0.8,-0.5,-0.4,1.9,-1.2,0.1,0.9
479852.563796,1,0.2,-0.4,3.9,-1,-0.1,0.8,-0.5,-0.4,1.9,-1.2,0.1,0.9
479852.574872,1,0.3,-0.3,3.9,-1,-0.1,0.8,-0.5,-0.3,1.9,-1.2,0.1,0.9
479852.586106,1,0.3,-0.2,3.9,-1,-0.1,0.8,-0.5,-0.3,1.9,-1.2,0.1,0.9
479852.597299,1,0.3,-0.2,3.9,-1,-0.1,0.8,-0.5,-0.3,1.9,-1.2,0.1,1
479852.608173,1,0.4,-0.1,3.8,-1.1,-0.2,0.8,-0.6,-0.2,1.9,-1.2,0.2,1
479852.619353,1,0.4,0,3.8,-1.1,-0.2,0.8,-0.6,-0.2,1.9,-1.2,0.2,1.1
479852.630472,1,0.5,0.1,3.8,-1.1,-0.2,0.8,-0.6,-0.2,1.8,-1.2,0.3,1.1
479852.641538,1,0.6,0.3,3.8,-1.1,-0.2,0.8,-0.6,-0.2,1.8,-1.2,0.3,1.1
479852.652655,1,0.7,0.4,3.7,-1.1,-0.2,0.8,-0.6,-0.2,1.8,-1.2,0.3,1.2
479852.663815,1,0.7,0.4,3.7,-1.1,-0.2,0.8,-0.7,-0.2,1.8,-1.1,0.4,1.2
479852.674925,1,0.8,0.5,3.7,-1.1,-0.2,0.8,-0.7,-0.2,1.8,-1.1,0.4,1.3
479852.686070,1,0.9,0.6,3.7,-1.1,-0.2,0.7,-0.7,-0.2,1.9,-1.1,0.4,1.3
479852.697310,1,1,0.6,3.6,-1.1,-0.2,0.7,-0.7,-0.2,1.9,-1.1,0.4,1.4
479852.708169,1,1.1,0.7,3.6,-1.1,-0.3,0.7,-0.7,-0.3,1.9,-1,0.4,1.4
479852.719299,1,1.2,0.7,3.6,-1.1,-0.3,0.7,-0.7,-0.3,1.9,-1,0.4,1.4
479852.730494,1,1.2,0.7,3.5,-1.1,-0.3,0.7,-0.7,-0.3,1.9,-1,0.4,1.4
479852.741565,1,1.2,0.7,3.5,-1.1,-0.3,0.7,-0.7,-0.4,1.9,-1,0.4,1.4
479852.752613,1,1.2,0.6,3.5,-1.1,-0.3,0.7,-0.7,-0.4,1.9,-0.9,0.4,1.3
479852.763814,1,1.2,0.6,3.5,-1.1,-0.3,0.7,-0.7,-0.4,1.9,-0.9,0.3,1.3
479852.774890,1,1.2,0.5,3.5,-1.1,-0.3,0.7,-0.6,-0.4,1.9,-0.9,0.3,1.3
479852.786065,1,1.1,0.4,3.5,-0.9,-0.4,0.7,-0.6,-0.4,1.8,-0.9,0.2,1.2
479852.797381,1,1,0.3,3.4,-0.9,-0.4,0.7,-0.6,-0.4,1.8,-0.8,0.2,1.1
479852.808182,1,1,0.3,3.4,0,-0.5,0.8,-0.6,-0.4,1.6,-0.8,0.2,1.1
479852.819351,1,0.8,0.2,3.3,1,-0.7,0.9,-0.6,-0.3,1.5,-0.8,0.1,1
479852.830465,1,0.7,0.2,3.2,1.1,-0.7,0.8,-0.6,-0.3,1.5,-0.6,0.1,0.8
479852.841565,1,0.5,0.1,3.1,1,-0.6,0.8,-0.5,-0.3,1.4,-0.3,0,0.6
479852.852670,1,0.4,0,3.1,1,-0.6,0.7,-0.5,-0.2,1.3,-0.4,0,0.8
479852.863831,1,0.3,0,3,1,-0.6,0.7,-0.5,-0.1,1.1,-0.4,0,0.7
479852.874897,1,0.2,-0.1,2.9,0.9,-0.5,0.7,0,-0.2,0.8,-0.4,0,0.7
479852.886049,1,0.1,-0.1,2.8,0.8,-0.5,0.6,0,-0.2,0.9,-0.4,0,0.6
479852.897372,1,0,-0.1,2.7,0.7,-0.4,0.5,0,-0.2,0.9,-0.3,0,0.6
479852.908197,1,0,0,2.6,0.6,-0.4,0.5,0,-0.1,0.8,-0.3,0,0.5
479852.919356,1,0.1,0,2.6,0.6,-0.4,0.5,0,-0.1,0.7,-0.3,0,0.6
479852.930480,1,0.1,0.1,2.6,0.6,-0.4,0.5,0,-0.1,0.8,-0.4,0,0.6
479852.941565,0,0.1,0.1,2.6,0.6,-0.4,0.5,0,-0.1,0.8,-0.4,0,0.6
479852.952618,1,0.2,0.2,2.6,0.6,-0.4,0.5,0,-0.1,0.9,-0.4,0,0.6
479852.963797,1,0.3,0.3,2.6,0.6,-0.4,0.5,0,-0.1,0.9,-0.4,0,0.7
479852.974888,1,0.4,0.4,2.6,0.6,-0.4,0.5,-0.2,0,0.9,-0.4,0,0.7
479852.986069,1,0.5,0.5,2.6,0.6,-0.4,0.5,-0.5,0.2,1,-0.4,0,0.8
479852.997395,1,0.6,0.6,2.7,0.6,-0.4,0.5,-0.6,0.2,1.1,-0.5,0,0.8
479853.008230,1,0.6,0.6,2.7,0.6,-0.4,0.5,-0.7,0.2,1.2,-0.4,0,0.7
479853.019335,1,0.7,0.7,2.7,0.7,-0.4,0.5,-0.7,0.2,1.2,-0.4,0,0.7
479853.030494,1,0.8,0.7,2.7,0.7,-0.4,0.6,-0.7,0.1,1.3,-0.4,0,0.7
479853.041574,1,0.9,0.7,2.7,0.8,-0.5,0.6,-0.7,0.1,1.3,-0.5,0.1,0.8
479853.052690,1,0.9,0.7,2.8,0.8,-0.5,0.6,-0.7,0.1,1.3,-0.5,0,0.8
479853.063805,1,0.9,0.6,2.8,0.8,-0.5,0.7,-0.7,0,1.3,-0.4,0,0.8
479853.074920,1,0.9,0.6,2.8,0.8,-0.5,0.7,-0.7,-0.1,1.4,-0.4,0,0.7
479853.086018,1,0.9,0.5,2.8,0.9,-0.6,0.7,-0.7,-0.1,1.4,-0.4,0,0.7
479853.097454,1,0.9,0.5,2.9,0.9,-0.6,0.7,-0.7,-0.2,1.4,-0.3,0,0.7
479853.108214,1,0.8,0.4,2.9,0.9,-0.6,0.7,-0.7,-0.3,1.4,-0.3,0,0.7
479853.119340,1,0.8,0.3,3,1,-0.6,0.8,-0.7,-0.3,1.4,-0.3,0,0.7
479853.130484,0,0.8,0.3,3,1,-0.6,0.8,-0.7,-0.3,1.4,-0.3,0,0.7
479853.141551,1,0.7,0.2,3,1,-0.6,0.8,-0.7,-0.4,1.4,-0.3,0,0.6
479853.152597,0,0.7,0.2,3,1,-0.6,0.8,-0.7,-0.4,1.4,-0.3,0,0.6
479853.163773,1,0.7,0.2,3.1,1,-0.6,0.8,-0.7,-0.4,1.4,-0.3,0,0.7
479853.174949,1,0.8,0.2,3.1,1,-0.6,0.8,-0.7,-0.4,1.4,-0.4,0,0.6
479853.186063,1,0.8,0.2,3.1,0.9,-0.6,0.8,-0.8,-0.4,1.4,-0.5,0,0.7
479853.197542,1,0.8,0.3,3.1,0.9,-0.6,0.8,-0.8,-0.3,1.4,-0.7,0.1,0.8
479853.208156,1,0.9,0.3,3.1,0.9,-0.6,0.8,-0.8,-0.3,1.4,-0.8,0.2,0.9
479853.219315,1,0.9,0.3,3.1,0.9,-0.5,0.8,-0.8,-0.3,1.4,-0.8,0.2,1
479853.230424,1,0.9,0.4,3.1,0.8,-0.5,0.7,-0.9,-0.3,1.4,-0.8,0.2,1
479853.241534,1,1,0.4,3.1,0.8,-0.5,0.7,-0.9,-0.3,1.4,-0.9,0.3,1
479853.252646,1,1,0.5,3.1,0.8,-0.5,0.7,-0.9,-0.3,1.5,-0.9,0.3,1
479853.263799,1,1.1,0.5,3.1,0.8,-0.5,0.7,-0.9,-0.3,1.5,-0.9,0.3,1.1
479853.274906,0,1.1,0.5,3.1,0.8,-0.5,0.7,-0.9,-0.3,1.5,-0.9,0.3,1.1
479853.286064,1,1.1,0.5,3.1,0.7,-0.5,0.7,-0.9,-0.3,1.5,-0.9,0.4,1.1
479853.297320,1,1.2,0.6,3.1,0.7,-0.5,0.7,-1,-0.3,1.5,-1,0.4,1.1
479853.308173,0,1.2,0.6,3.1,0.7,-0.5,0.7,-1,-0.3,1.5,-1,0.4,1.1
479853.319371,0,1.2,0.6,3.1,0.7,-0.5,0.7,-1,-0.3,1.5,-1,0.4,1.1
479853.330438,1,1.3,0.6,3.1,0.7,-0.5,0.7,-1,-0.3,1.5,-1,0.4,1.2
479853.341643,1,1.3,0.6,3.1,0.7,-0.5,0.7,-1,-0.4,1.5,-1,0.4,1.2
479853.352653,0,1.3,0.6,3.1,0.7,-0.5,0.7,-1,-0.4,1.5,-1,0.4,1.2
479853.363851,1,1.3,0.7,3.1,0.8,-0.6,0.7,-1,-0.4,1.5,-1,0.4,1.2
479853.374906,1,1.3,0.7,3.1,0.7,-0.5,0.7,-1,-0.4,1.5,-1,0.5,1.2
479853.386088,0,1.3,0.7,3.1,0.7,-0.5,0.7,-1,-0.4,1.5,-1,0.5,1.2
479853.397337,1,1.3,0.7,3.1,0.8,-0.6,0.7,-1,-0.4,1.5,-1,0.5,1.2
479853.408215,1,1.3,0.7,3.1,0.8,-0.5,0.7,-1,-0.4,1.6,-1,0.5,1.2
479853.419377,1,1.3,0.7,3.1,0.8,-0.5,0.7,-1,-0.4,1.6,-1.1,0.5,1.2
479853.430455,1,1.4,0.7,3.1,0.8,-0.5,0.7,-1,-0.4,1.6,-1.1,0.6,1.2
479853.441586,0,1.4,0.7,3.1,0.8,-0.5,0.7,-1,-0.4,1.6,-1.1,0.6,1.2
479853.452669,1,1.4,0.8,3.1,0.8,-0.5,0.7,-1,-0.4,1.6,-1.1,0.6,1.2
479853.463819,1,1.5,0.8,3.1,0.8,-0.5,0.7,-1,-0.4,1.6,-1.1,0.6,1.2
479853.474885,1,1.5,0.8,3.1,0.8,-0.5,0.7,-1,-0.4,1.6,-1.1,0.6,1.3
479853.486051,1,1.6,0.8,3.1,0.8,-0.5,0.7,-1,-0.4,1.5,-1.1,0.7,1.3
479853.497403,0,1.6,0.8,3.1,0.8,-0.5,0.7,-1,-0.4,1.5,-1.1,0.7,1.3
479853.508193,1,1.6,0.9,3.1,0.8,-0.5,0.7,-1,-0.4,1.5,-1.2,0.7,1.3
479853.519377,0,1.6,0.9,3.1,0.8,-0.5,0.7,-1,-0.4,1.5,-1.2,0.7,1.3
479853.530457,1,1.7,0.9,3.1,0.8,-0.5,0.6,-1,-0.5,1.5,-1.2,0.8,1.3
479853.541561,0,1.7,0.9,3.1,0.8,-0.5,0.6,-1,-0.5,1.5,-1.2,0.8,1.3
479853.552630,0,1.7,0.9,3.1,0.8,-0.5,0.6,-1,-0.5,1.5,-1.2,0.8,1.3
479853.563795,1,1.7,0.9,3.1,0.8,-0.5,0.6,-1,-0.5,1.5,-1.2,0.8,1.4
479853.574883,0,1.7,0.9,3.1,0.8,-0.5,0.6,-1,-0.5,1.5,-1.2,0.8,1.4
479853.585996,1,1.8,0.9,3.1,0.8,-0.5,0.6,-1,-0.5,1.5,-1.2,0.8,1.4
479853.597268,1,1.8,0.9,3,0.8,-0.5,0.6,-1,-0.5,1.5,-1.2,0.9,1.4
479853.608147,1,1.8,0.9,3,0.8,-0.5,0.6,-1,-0.5,1.5,-1.2,0.9,1.3
479853.619303,1,1.7,0.9,3,0.8,-0.5,0.6,-1,-0.5,1.5,-1.2,0.9,1.3
479853.630437,1,1.7,0.9,3,0.8,-0.5,0.6,-0.9,-0.5,1.5,-1.2,0.9,1.3
479853.641557,1,1.7,0.9,3,0.8,-0.5,0.6,-0.9,-0.5,1.5,-1.3,0.9,1.3
479853.652640,1,1.7,0.8,3,0.8,-0.5,0.6,-0.9,-0.5,1.5,-1.3,0.8,1.3
479853.663818,1,1.6,0.8,3,0.9,-0.6,0.7,-0.9,-0.5,1.5,-1.3,0.8,1.3
479853.674863,0,1.6,0.8,3,0.9,-0.6,0.7,-0.9,-0.5,1.5,-1.3,0.8,1.3
479853.686055,1,1.5,0.7,3,0.9,-0.6,0.7,-0.9,-0.5,1.5,-1.3,0.8,1.2
479853.697446,1,1.5,0.7,3,0.9,-0.6,0.7,-0.9,-0.5,1.5,-1.3,0.7,1.2
479853.708193,1,1.4,0.7,3,0.9,-0.6,0.7,-0.9,-0.5,1.5,-1.3,0.7,1.2
479853.719351,1,1.3,0.6,3,1,-0.6,0.7,-0.8,-0.5,1.5,-1.3,0.7,1.2
479853.730489,1,1.3,0.5,3,1,-0.6,0.7,-0.8,-0.5,1.5,-1.3,0.7,1.1
479853.741613,1,1.2,0.5,3,1,-0.6,0.7,-0.8,-0.5,1.5,-1.3,0.6,1.1
479853.752926,1,1.1,0.4,3,1,-0.6,0.7,-0.8,-0.5,1.5,-1.3,0.6,1
479853.763802,1,1,0.3,3.1,1,-0.7,0.8,-0.8,-0.5,1.5,-1.3,0.5,1
479853.774886,1,1,0.3,3.1,1.1,-0.7,0.8,-0.7,-0.5,1.5,-1.3,0.5,1
479853.786054,1,0.9,0.2,3.1,1.1,-0.7,0.8,-0.7,-0.5,1.5,-1.3,0.5,1
479853.797381,1,0.9,0.1,3.1,1.1,-0.7,0.8,-0.7,-0.5,1.5,-1.3,0.5,0.9
479853.808230,1,0.8,0.1,3.1,1.1,-0.7,0.8,-0.7,-0.5,1.5,-1.3,0.4,0.9
479853.819348,1,0.8,0,3.2,1.1,-0.7,0.8,-0.7,-0.5,1.5,-1.3,0.4,0.9
479853.830412,0,0.8,0,3.2,1.1,-0.7,0.8,-0.7,-0.5,1.5,-1.3,0.4,0.9
479853.841589,1,0.8,0,3.2,1.1,-0.7,0.8,-0.7,-0.5,1.5,-1.3,0.3,0.9
479853.852672,1,0.7,-0.1,3.2,1.1,-0.7,0.8,-0.7,-0.5,1.5,-1.3,0.3,0.9
479853.863790,0,0.7,-0.1,3.2,1.1,-0.7,0.8,-0.7,-0.5,1.5,-1.3,0.3,0.9
479853.874986,1,0.7,-0.1,3.2,1.1,-0.7,0.8,-0.7,-0.4,1.5,-1.3,0.3,0.9
479853.886036,0,0.7,-0.1,3.2,1.1,-0.7,0.8,-0.7,-0.4,1.5,-1.3,0.3,0.9
479853.897299,0,0.7,-0.1,3.2,1.1,-0.7,0.8,-0.7,-0.4,1.5,-1.3,0.3,0.9
479853.908192,0,0.7,-0.1,3.2,1.1,-0.7,0.8,-0.7,-0.4,1.5,-1.3,0.3,0.9
479853.919329,1,0.8,-0.1,3.2,1.1,-0.7,0.8,-0.7,-0.4,1.5,-1.3,0.3,0.9
479853.941533,1,0.8,-0.1,3.2,1,-0.7,0.8,-0.7,-0.4,1.5,-1.3,0.3,0.9
479853.952704,1,0.8,-0.1,3.2,1.1,-0.7,0.8,-0.6,-0.4,1.5,-1.3,0.3,0.9
479853.963741,1,0.8,0,3.2,1.1,-0.7,0.8,-0.6,-0.4,1.5,-1.3,0.3,0.9
479853.974864,0,0.8,0,3.2,1.1,-0.7,0.8,-0.6,-0.4,1.5,-1.3,0.3,0.9
479853.986051,1,0.8,0,3.2,1.1,-0.7,0.8,-0.6,-0.4,1.5,-1.3,0.3,1
479853.997335,1,0.9,0,3.2,1.1,-0.7,0.8,-0.6,-0.4,1.5,-1.3,0.3,1
479854.008203,0,0.9,0,3.2,1.1,-0.7,0.8,-0.6,-0.4,1.5,-1.3,0.3,1
479854.019370,1,0.9,0.1,3.2,1.1,-0.7,0.8,-0.6,-0.4,1.5,-1.3,0.3,1
479854.030474,0,0.9,0.1,3.2,1.1,-0.7,0.8,-0.6,-0.4,1.5,-1.3,0.3,1
479854.041557,0,0.9,0.1,3.2,1.1,-0.7,0.8,-0.6,-0.4,1.5,-1.3,0.3,1
479854.052619,1,0.9,0.1,3.2,1,-0.7,0.8,-0.6,-0.4,1.5,-1.3,0.3,1
479854.063780,1,1,0.2,3.2,1,-0.7,0.8,-0.7,-0.3,1.5,-1.3,0.3,1.1
479854.074869,0,1,0.2,3.2,1,-0.7,0.8,-0.7,-0.3,1.5,-1.3,0.3,1.1
479854.086034,0,1,0.2,3.2,1,-0.7,0.8,-0.7,-0.3,1.5,-1.3,0.3,1.1
479854.097409,1,1,0.3,3.2,0.9,-0.7,0.8,-0.7,-0.3,1.5,-1.3,0.3,1.1
479854.108233,1,1,0.3,3.2,0.9,-0.7,0.8,-0.7,-0.3,1.6,-1.3,0.4,1.1
479854.119389,1,1.1,0.3,3.1,0.8,-0.7,0.7,-0.7,-0.3,1.6,-1.3,0.4,1.1
479854.130466,1,1.1,0.4,3.1,0.8,-0.7,0.7,-0.7,-0.3,1.6,-1.3,0.4,1.1
479854.141562,0,1.1,0.4,3.1,0.8,-0.7,0.7,-0.7,-0.3,1.6,-1.3,0.4,1.1
479854.152664,1,1.2,0.4,3.1,0.8,-0.7,0.7,-0.8,-0.3,1.6,-1.3,0.4,1.2
479854.163810,1,1.2,0.5,3.1,0.8,-0.7,0.7,-0.8,-0.3,1.6,-1.3,0.4,1.2
479854.174933,0,1.2,0.5,3.1,0.8,-0.7,0.7,-0.8,-0.3,1.6,-1.3,0.4,1.2
479854.186090,0,1.2,0.5,3.1,0.8,-0.7,0.7,-0.8,-0.3,1.6,-1.3,0.4,1.2
479854.197386,1,1.2,0.6,3.1,0.8,-0.7,0.7,-0.8,-0.3,1.6,-1.3,0.5,1.2
479854.208205,1,1.3,0.6,3.1,0.8,-0.7,0.7,-0.8,-0.3,1.6,-1.3,0.5,1.2
479854.219377,1,1.3,0.6,3,0.8,-0.7,0.7,-0.8,-0.3,1.6,-1.3,0.5,1.2
479854.230468,1,1.3,0.7,3,0.8,-0.7,0.7,-0.8,-0.3,1.6,-1.3,0.5,1.2
479854.241594,1,1.3,0.7,3,0.9,-0.7,0.7,-0.9,-0.3,1.6,-1.3,0.5,1.2
479854.252664,1,1.3,0.7,3,0.8,-0.7,0.7,-0.9,-0.3,1.6,-1.3,0.5,1.2
479854.263764,1,1.4,0.7,3,0.8,-0.7,0.7,-0.9,-0.3,1.6,-1.3,0.5,1.3
479854.274895,1,1.4,0.7,3,0.9,-0.7,0.7,-0.9,-0.3,1.6,-1.3,0.5,1.3
479854.286027,0,1.4,0.7,3,0.9,-0.7,0.7,-0.9,-0.3,1.6,-1.3,0.5,1.3
479854.297396,1,1.4,0.8,3,0.9,-0.7,0.7,-0.9,-0.3,1.6,-1.3,0.5,1.3
479854.308212,1,1.4,0.8,3,1,-0.7,0.7,-0.9,-0.3,1.7,-1.3,0.5,1.3
479854.319403,0,1.4,0.8,3,1,-0.7,0.7,-0.9,-0.3,1.7,-1.3,0.5,1.3
479854.330451,1,1.4,0.7,2.9,1,-0.7,0.7,-0.9,-0.3,1.7,-1.3,0.5,1.3
479854.341622,1,1.4,0.7,2.9,1,-0.7,0.7,-0.9,-0.3,1.7,-1.3,0.5,1.2
479854.352687,0,1.4,0.7,2.9,1,-0.7,0.7,-0.9,-0.3,1.7,-1.3,0.5,1.2
479854.363769,0,1.4,0.7,2.9,1,-0.7,0.7,-0.9,-0.3,1.7,-1.3,0.5,1.2
479854.374957,1,1.4,0.7,2.9,1,-0.7,0.7,-0.9,-0.3,1.7,-1.3,0.4,1.2
479854.386087,0,1.4,0.7,2.9,1,-0.7,0.7,-0.9,-0.3,1.7,-1.3,0.4,1.2
479854.397397,1,1.4,0.6,2.9,1,-0.7,0.7,-0.8,-0.3,1.6,-1.2,0.4,1.2
479854.408234,1,1.3,0.6,2.9,1.1,-0.7,0.7,-0.8,-0.3,1.6,-1.2,0.4,1.2
479854.419368,1,1.3,0.5,2.9,1.1,-0.7,0.7,-0.8,-0.4,1.6,-1.2,0.4,1.2
479854.430488,1,1.2,0.5,2.9,1.1,-0.7,0.8,-0.8,-0.4,1.6,-1.2,0.4,1.1
479854.441628,1,1.2,0.4,2.9,1.1,-0.7,0.8,-0.7,-0.4,1.6,-1.2,0.4,1.1
479854.452724,1,1.2,0.4,3,1.1,-0.7,0.8,-0.7,-0.4,1.6,-1.2,0.4,1.1
479854.463778,0,1.2,0.4,3,1.1,-0.7,0.8,-0.7,-0.4,1.6,-1.2,0.4,1.1
479854.474871,1,1.1,0.3,3,1.1,-0.7,0.8,-0.7,-0.4,1.6,-1.2,0.4,1.1
479854.486037,0,1.1,0.3,3,1.1,-0.7,0.8,-0.7,-0.4,1.6,-1.2,0.4,1.1
479854.497393,1,1.1,0.2,3,1.2,-0.7,0.8,-0.7,-0.5,1.6,-1.2,0.4,1.1
479854.508175,1,1,0.2,3,1.2,-0.7,0.8,-0.7,-0.5,1.6,-1.2,0.4,1
479854.519345,0,1,0.2,3,1.2,-0.7,0.8,-0.7,-0.5,1.6,-1.2,0.4,1
479854.530486,0,1,0.2,3,1.2,-0.7,0.8,-0.7,-0.5,1.6,-1.2,0.4,1
479854.541583,0,1,0.2,3,1.2,-0.7,0.8,-0.7,-0.5,1.6,-1.2,0.4,1
479854.552696,1,1,0.2,3,1.2,-0.7,0.8,-0.7,-0.5,1.5,-1.2,0.4,1
479854.563813,1,1,0.2,3,1.2,-0.7,0.8,-0.7,-0.5,1.5,-1.3,0.5,1
479854.574954,1,1,0.2,3,1.2,-0.7,0.8,-0.7,-0.4,1.5,-1.3,0.5,1
479854.586090,0,1,0.2,3,1.2,-0.7,0.8,-0.7,-0.4,1.5,-1.3,0.5,1
479854.597440,0,1,0.2,3,1.2,-0.7,0.8,-0.7,-0.4,1.5,-1.3,0.5,1
479854.608233,1,1,0.2,3,1.1,-0.7,0.8,-0.7,-0.4,1.5,-1.3,0.5,1
479854.619393,1,1,0.2,3,1.2,-0.7,0.8,-0.7,-0.4,1.5,-1.3,0.5,1.1
479854.630460,1,1,0.3,3,1.1,-0.7,0.8,-0.7,-0.4,1.5,-1.3,0.5,1.1
479854.641597,1,1.1,0.3,3,1.1,-0.7,0.8,-0.7,-0.4,1.5,-1.3,0.5,1.1
479854.652711,1,1.1,0.3,3,1.1,-0.7,0.8,-0.8,-0.4,1.6,-1.3,0.5,1.1
479854.663817,1,1.1,0.4,3,1.1,-0.7,0.8,-0.8,-0.4,1.6,-1.3,0.5,1.1
479854.674896,0,1.1,0.4,3,1.1,-0.7,0.8,-0.8,-0.4,1.6,-1.3,0.5,1.1
479854.686056,1,1.2,0.4,3,1,-0.7,0.8,-0.8,-0.4,1.6,-1.4,0.5,1.2
479854.697416,1,1.2,0.4,3,1,-0.6,0.7,-0.8,-0.4,1.6,-1.4,0.5,1.2
479854.708234,1,1.2,0.5,3,1,-0.6,0.7,-0.8,-0.3,1.6,-1.4,0.5,1.2
479854.719413,1,1.3,0.5,3,1,-0.6,0.7,-0.8,-0.3,1.6,-1.3,0.5,1.2
479854.730488,1,1.3,0.5,2.9,1,-0.6,0.7,-0.8,-0.3,1.6,-1.3,0.5,1.2
479854.741610,1,1.3,0.5,2.9,1,-0.6,0.7,-0.8,-0.3,1.6,-1.3,0.4,1.2
479854.752695,0,1.3,0.5,2.9,1,-0.6,0.7,-0.8,-0.3,1.6,-1.3,0.4,1.2
479854.763815,1,1.3,0.5,2.9,1,-0.6,0.7,-0.8,-0.3,1.6,-1.3,0.4,1.3
479854.774928,1,1.4,0.5,2.9,1,-0.6,0.7,-0.8,-0.3,1.6,-1.3,0.4,1.3
479854.786099,0,1.4,0.5,2.9,1,-0.6,0.7,-0.8,-0.3,1.6,-1.3,0.4,1.3
479854.797405,0,1.4,0.5,2.9,1,-0.6,0.7,-0.8,-0.3,1.6,-1.3,0.4,1.3
479854.808243,0,1.4,0.5,2.9,1,-0.6,0.7,-0.8,-0.3,1.6,-1.3,0.4,1.3
479854.819426,1,1.4,0.5,2.9,0.9,-0.6,0.7,-0.8,-0.3,1.6,-1.2,0.4,1.3
479854.830486,0,1.4,0.5,2.9,0.9,-0.6,0.7,-0.8,-0.3,1.6,-1.2,0.4,1.3
479854.841603,1,1.4,0.5,2.9,1,-0.6,0.7,-0.8,-0.3,1.6,-1.2,0.4,1.3
479854.852676,1,1.4,0.5,2.8,1,-0.6,0.7,-0.8,-0.3,1.6,-1.2,0.4,1.3
479854.863799,1,1.4,0.4,2.8,1,-0.6,0.7,-0.8,-0.4,1.6,-1.2,0.4,1.2
479854.874970,0,1.4,0.4,2.8,1,-0.6,0.7,-0.8,-0.4,1.6,-1.2,0.4,1.2
479854.886127,0,1.4,0.4,2.8,1,-0.6,0.7,-0.8,-0.4,1.6,-1.2,0.4,1.2
479854.897308,1,1.3,0.4,2.8,1,-0.6,0.7,-0.8,-0.4,1.6,-1.2,0.4,1.2
479854.908238,1,1.3,0.3,2.8,1,-0.6,0.7,-0.8,-0.4,1.6,-1.2,0.4,1.2
479854.919443,1,1.2,0.3,2.8,1,-0.6,0.7,-0.8,-0.4,1.6,-1.2,0.4,1.1
479854.930521,1,1.2,0.3,2.9,1,-0.6,0.7,-0.8,-0.4,1.6,-1.3,0.4,1.1
479854.941636,1,1.1,0.2,2.9,1,-0.6,0.7,-0.8,-0.4,1.6,-1.3,0.4,1.1
479854.952730,0,1.1,0.2,2.9,1,-0.6,0.7,-0.8,-0.4,1.6,-1.3,0.4,1.1
479854.963803,0,1.1,0.2,2.9,1,-0.6,0.7,-0.8,-0.4,1.6,-1.3,0.4,1.1
479854.974976,1,1,0.1,2.9,1,-0.6,0.7,-0.7,-0.4,1.5,-1.3,0.4,1.1
479854.986103,1,1,0.1,2.9,1,-0.6,0.7,-0.7,-0.4,1.5,-1.3,0.4,1
479854.997332,1,0.9,0,2.9,1,-0.6,0.7,-0.7,-0.4,1.5,-1.3,0.4,1
479855.008239,0,0.9,0,2.9,1,-0.6,0.7,-0.7,-0.4,1.5,-1.3,0.4,1
479855.019430,0,0.9,0,2.9,1,-0.6,0.7,-0.7,-0.4,1.5,-1.3,0.4,1
479855.030472,0,0.9,0,2.9,1,-0.6,0.7,-0.7,-0.4,1.5,-1.3,0.4,1
479855.041635,0,0.9,0,2.9,1,-0.6,0.7,-0.7,-0.4,1.5,-1.3,0.4,1
479855.052731,1,0.9,0,2.9,1,-0.6,0.7,-0.7,-0.4,1.5,-1.4,0.4,1
479855.063812,1,0.9,0.1,2.9,1,-0.6,0.7,-0.7,-0.4,1.5,-1.4,0.4,1
479855.075014,0,0.9,0.1,2.9,1,-0.6,0.7,-0.7,-0.4,1.5,-1.4,0.4,1
479855.086096,1,0.9,0.1,2.9,1,-0.6,0.7,-0.7,-0.4,1.5,-1.4,0.4,1.1
479855.097337,0,0.9,0.1,2.9,1,-0.6,0.7,-0.7,-0.4,1.5,-1.4,0.4,1.1
479855.108179,1,0.9,0.2,2.9,1,-0.6,0.7,-0.7,-0.3,1.5,-1.4,0.4,1.1
479855.119370,1,1,0.2,2.9,1,-0.6,0.7,-0.7,-0.3,1.5,-1.4,0.4,1.1
479855.130412,1,1,0.3,2.9,1,-0.6,0.7,-0.7,-0.3,1.5,-1.4,0.5,1.1
479855.141570,0,1,0.3,2.9,1,-0.6,0.7,-0.7,-0.3,1.5,-1.4,0.5,1.1
479855.152632,1,1,0.3,2.9,1,-0.5,0.7,-0.7,-0.3,1.5,-1.4,0.5,1.1
479855.163807,1,1,0.3,2.9,1,-0.5,0.7,-0.7,-0.3,1.5,-1.4,0.5,1.2
479855.174982,1,1.1,0.4,2.9,1,-0.5,0.7,-0.7,-0.3,1.5,-1.4,0.5,1.2
479855.186093,1,1.1,0.4,2.9,1,-0.5,0.7,-0.7,-0.2,1.5,-1.4,0.5,1.2
479855.197545,1,1.1,0.4,2.9,0.9,-0.5,0.7,-0.8,-0.2,1.5,-1.4,0.5,1.2
479855.208247,0,1.1,0.4,2.9,0.9,-0.5,0.7,-0.8,-0.2,1.5,-1.4,0.5,1.2
479855.219433,0,1.1,0.4,2.9,0.9,-0.5,0.7,-0.8,-0.2,1.5,-1.4,0.5,1.2
479855.230519,0,1.1,0.4,2.9,0.9,-0.5,0.7,-0.8,-0.2,1.5,-1.4,0.5,1.2
479855.241633,0,1.1,0.4,2.9,0.9,-0.5,0.7,-0.8,-0.2,1.5,-1.4,0.5,1.2
479855.252709,0,1.1,0.4,2.9,0.9,-0.5,0.7,-0.8,-0.2,1.5,-1.4,0.5,1.2
479855.263817,1,1.2,0.4,2.9,0.9,-0.5,0.6,-0.8,-0.2,1.5,-1.4,0.5,1.2
479855.274942,1,1.2,0.4,2.8,0.9,-0.5,0.6,-0.8,-0.2,1.5,-1.4,0.5,1.2
479855.286070,1,1.2,0.4,2.8,0.9,-0.5,0.6,-0.8,-0.3,1.5,-1.4,0.5,1.2
479855.297341,0,1.2,0.4,2.8,0.9,-0.5,0.6,-0.8,-0.3,1.5,-1.4,0.5,1.2
479855.308241,0,1.2,0.4,2.8,0.9,-0.5,0.6,-0.8,-0.3,1.5,-1.4,0.5,1.2
479855.319458,1,1.2,0.5,2.8,0.9,-0.5,0.6,-0.8,-0.3,1.5,-1.4,0.5,1.2
479855.330463,0,1.2,0.5,2.8,0.9,-0.5,0.6,-0.8,-0.3,1.5,-1.4,0.5,1.2
479855.341646,1,1.3,0.5,2.8,0.9,-0.5,0.6,-0.8,-0.3,1.5,-1.4,0.5,1.2
479855.352714,0,1.3,0.5,2.8,0.9,-0.5,0.6,-0.8,-0.3,1.5,-1.4,0.5,1.2
479855.363825,0,1.3,0.5,2.8,0.9,-0.5,0.6,-0.8,-0.3,1.5,-1.4,0.5,1.2
479855.374941,0,1.3,0.5,2.8,0.9,-0.5,0.6,-0.8,-0.3,1.5,-1.4,0.5,1.2
479855.386130,0,1.3,0.5,2.8,0.9,-0.5,0.6,-0.8,-0.3,1.5,-1.4,0.5,1.2
479855.397413,1,1.3,0.5,2.8,0.9,-0.5,0.6,-0.8,-0.3,1.5,-1.4,0.6,1.2
479855.408234,1,1.3,0.5,2.8,0.9,-0.5,0.6,-0.8,-0.4,1.5,-1.4,0.6,1.2
479855.419402,0,1.3,0.5,2.8,0.9,-0.5,0.6,-0.8,-0.4,1.5,-1.4,0.6,1.2
479855.430467,0,1.3,0.5,2.8,0.9,-0.5,0.6,-0.8,-0.4,1.5,-1.4,0.6,1.2
479855.441646,1,1.3,0.5,2.8,0.8,-0.5,0.6,-0.8,-0.4,1.5,-1.4,0.6,1.2
479855.452695,1,1.3,0.5,2.8,0.8,-0.5,0.6,-0.8,-0.4,1.5,-1.5,0.6,1.2
479855.463825,1,1.3,0.5,2.8,0.8,-0.5,0.6,-0.8,-0.4,1.5,-1.5,0.7,1.2
479855.474883,0,1.3,0.5,2.8,0.8,-0.5,0.6,-0.8,-0.4,1.5,-1.5,0.7,1.2
479855.486101,0,1.3,0.5,2.8,0.8,-0.5,0.6,-0.8,-0.4,1.5,-1.5,0.7,1.2
479855.497493,1,1.3,0.5,2.7,0.8,-0.5,0.6,-0.8,-0.4,1.5,-1.5,0.7,1.2
479855.508234,0,1.3,0.5,2.7,0.8,-0.5,0.6,-0.8,-0.4,1.5,-1.5,0.7,1.2
479855.519372,1,1.3,0.5,2.7,0.8,-0.4,0.6,-0.8,-0.4,1.4,-1.5,0.7,1.2
479855.530463,0,1.3,0.5,2.7,0.8,-0.4,0.6,-0.8,-0.4,1.4,-1.5,0.7,1.2
479855.541678,1,1.3,0.5,2.7,0.8,-0.4,0.6,-0.7,-0.4,1.4,-1.5,0.7,1.2
479855.552687,1,1.3,0.6,2.7,0.8,-0.4,0.6,-0.7,-0.4,1.4,-1.5,0.7,1.2
479855.563782,0,1.3,0.6,2.7,0.8,-0.4,0.6,-0.7,-0.4,1.4,-1.5,0.7,1.2
479855.574918,1,1.3,0.6,2.7,0.8,-0.4,0.5,-0.7,-0.5,1.4,-1.5,0.7,1.2
479855.586105,0,1.3,0.6,2.7,0.8,-0.4,0.5,-0.7,-0.5,1.4,-1.5,0.7,1.2
479855.597248,1,1.3,0.6,2.7,0.8,-0.4,0.5,-0.7,-0.4,1.4,-1.5,0.8,1.2
479855.608205,0,1.3,0.6,2.7,0.8,-0.4,0.5,-0.7,-0.4,1.4,-1.5,0.8,1.2
479855.619376,0,1.3,0.6,2.7,0.8,-0.4,0.5,-0.7,-0.4,1.4,-1.5,0.8,1.2
479855.630432,1,1.3,0.6,2.6,0.8,-0.4,0.5,-0.7,-0.4,1.4,-1.5,0.8,1.2
479855.641610,1,1.3,0.6,2.6,0.7,-0.4,0.5,-0.7,-0.4,1.4,-1.5,0.8,1.2
479855.652690,0,1.3,0.6,2.6,0.7,-0.4,0.5,-0.7,-0.4,1.4,-1.5,0.8,1.2
479855.663786,1,1.3,0.6,2.6,0.7,-0.4,0.5,-0.7,-0.5,1.4,-1.5,0.8,1.2
479855.674916,0,1.3,0.6,2.6,0.7,-0.4,0.5,-0.7,-0.5,1.4,-1.5,0.8,1.2
479855.686136,0,1.3,0.6,2.6,0.7,-0.4,0.5,-0.7,-0.5,1.4,-1.5,0.8,1.2
479855.697566,0,1.3,0.6,2.6,0.7,-0.4,0.5,-0.7,-0.5,1.4,-1.5,0.8,1.2
479855.708224,0,1.3,0.6,2.6,0.7,-0.4,0.5,-0.7,-0.5,1.4,-1.5,0.8,1.2
479855.719405,0,1.3,0.6,2.6,0.7,-0.4,0.5,-0.7,-0.5,1.4,-1.5,0.8,1.2
479855.730482,1,1.3,0.6,2.6,0.7,-0.4,0.5,-0.6,-0.5,1.4,-1.5,0.8,1.3
479855.741627,0,1.3,0.6,2.6,0.7,-0.4,0.5,-0.6,-0.5,1.4,-1.5,0.8,1.3
479855.752696,0,1.3,0.6,2.6,0.7,-0.4,0.5,-0.6,-0.5,1.4,-1.5,0.8,1.3
479855.763822,0,1.3,0.6,2.6,0.7,-0.4,0.5,-0.6,-0.5,1.4,-1.5,0.8,1.3
479855.775010,1,1.3,0.5,2.6,0.7,-0.4,0.5,-0.6,-0.5,1.4,-1.5,0.8,1.3
479855.786147,0,1.3,0.5,2.6,0.7,-0.4,0.5,-0.6,-0.5,1.4,-1.5,0.8,1.3
479855.797442,0,1.3,0.5,2.6,0.7,-0.4,0.5,-0.6,-0.5,1.4,-1.5,0.8,1.3
479855.808275,0,1.3,0.5,2.6,0.7,-0.4,0.5,-0.6,-0.5,1.4,-1.5,0.8,1.3
479855.819417,0,1.3,0.5,2.6,0.7,-0.4,0.5,-0.6,-0.5,1.4,-1.5,0.8,1.3
479855.830440,0,1.3,0.5,2.6,0.7,-0.4,0.5,-0.6,-0.5,1.4,-1.5,0.8,1.3
479855.841573,0,1.3,0.5,2.6,0.7,-0.4,0.5,-0.6,-0.5,1.4,-1.5,0.8,1.3
479855.852695,0,1.3,0.5,2.6,0.7,-0.4,0.5,-0.6,-0.5,1.4,-1.5,0.8,1.3
479855.863823,0,1.3,0.5,2.6,0.7,-0.4,0.5,-0.6,-0.5,1.4,-1.5,0.8,1.3
479855.874978,0,1.3,0.5,2.6,0.7,-0.4,0.5,-0.6,-0.5,1.4,-1.5,0.8,1.3
479855.886104,1,1.3,0.5,2.6,0.7,-0.4,0.5,-0.6,-0.4,1.4,-1.5,0.8,1.3
479855.897327,0,1.3,0.5,2.6,0.7,-0.4,0.5,-0.6,-0.4,1.4,-1.5,0.8,1.3
479855.908211,0,1.3,0.5,2.6,0.7,-0.4,0.5,-0.6,-0.4,1.4,-1.5,0.8,1.3
479855.919371,0,1.3,0.5,2.6,0.7,-0.4,0.5,-0.6,-0.4,1.4,-1.5,0.8,1.3
479855.931287,0,1.3,0.5,2.6,0.7,-0.4,0.5,-0.6,-0.4,1.4,-1.5,0.8,1.3
479855.941669,0,1.3,0.5,2.6,0.7,-0.4,0.5,-0.6,-0.4,1.4,-1.5,0.8,1.3
479855.952729,0,1.3,0.5,2.6,0.7,-0.4,0.5,-0.6,-0.4,1.4,-1.5,0.8,1.3
479855.963780,1,1.3,0.5,2.6,0.7,-0.4,0.5,-0.6,-0.5,1.4,-1.6,0.8,1.3
479855.974889,0,1.3,0.5,2.6,0.7,-0.4,0.5,-0.6,-0.5,1.4,-1.6,0.8,1.3
479855.986058,0,1.3,0.5,2.6,0.7,-0.4,0.5,-0.6,-0.5,1.4,-1.6,0.8,1.3
479855.997472,1,1.3,0.5,2.6,0.7,-0.4,0.5,-0.6,-0.5,1.4,-1.5,0.8,1.3
479856.008186,1,1.3,0.5,2.6,0.7,-0.4,0.5,-0.6,-0.5,1.4,-1.5,0.7,1.3
479856.019373,1,1.3,0.4,2.6,0.7,-0.4,0.5,-0.6,-0.5,1.4,-1.5,0.7,1.3
479856.030496,0,1.3,0.4,2.6,0.7,-0.4,0.5,-0.6,-0.5,1.4,-1.5,0.7,1.3
479856.041654,0,1.3,0.4,2.6,0.7,-0.4,0.5,-0.6,-0.5,1.4,-1.5,0.7,1.3
479856.063829,1,1.3,0.4,2.6,0.7,-0.4,0.5,-0.6,-0.5,1.4,-1.5,0.7,1.2
479856.074949,1,1.3,0.4,2.6,0.7,-0.4,0.5,-0.6,-0.5,1.4,-1.5,0.6,1.2
479856.086118,1,1.2,0.4,2.6,0.7,-0.4,0.5,-0.6,-0.5,1.4,-1.5,0.6,1.2
479856.097391,1,1.2,0.3,2.6,0.7,-0.4,0.5,-0.6,-0.5,1.3,-1.5,0.6,1.2
479856.108264,1,1.2,0.3,2.6,0.7,-0.4,0.5,-0.5,-0.5,1.3,-1.4,0.6,1.2
479856.119446,0,1.2,0.3,2.6,0.7,-0.4,0.5,-0.5,-0.5,1.3,-1.4,0.6,1.2
479856.130514,0,1.2,0.3,2.6,0.7,-0.4,0.5,-0.5,-0.5,1.3,-1.4,0.6,1.2
479856.141598,1,1.1,0.3,2.6,0.7,-0.4,0.5,-0.5,-0.5,1.3,-1.4,0.6,1.2
479856.152687,0,1.1,0.3,2.6,0.7,-0.4,0.5,-0.5,-0.5,1.3,-1.4,0.6,1.2
479856.163792,1,1.1,0.3,2.6,0.7,-0.4,0.5,-0.5,-0.6,1.3,-1.4,0.6,1.1
479856.174938,1,1.1,0.2,2.6,0.7,-0.4,0.5,-0.4,-0.6,1.3,-1.4,0.5,1.1
479856.186103,1,1.1,0.2,2.6,0.7,-0.4,0.5,-0.4,-0.6,1.3,-1.3,0.5,1.1
479856.197524,1,1.1,0.2,2.6,0.8,-0.4,0.5,-0.4,-0.6,1.3,-1.3,0.5,1.1
479856.208237,1,1,0.2,2.6,0.8,-0.4,0.5,-0.4,-0.6,1.3,-1.3,0.5,1.1
479856.219379,0,1,0.2,2.6,0.8,-0.4,0.5,-0.4,-0.6,1.3,-1.3,0.5,1.1
479856.230451,1,1,0.2,2.7,0.8,-0.4,0.5,-0.4,-0.6,1.3,-1.3,0.5,1.1
479856.241601,0,1,0.2,2.7,0.8,-0.4,0.5,-0.4,-0.6,1.3,-1.3,0.5,1.1
479856.252719,1,1,0.2,2.7,0.8,-0.5,0.5,-0.4,-0.6,1.3,-1.3,0.5,1.1
479856.263786,1,1,0.2,2.7,0.9,-0.5,0.5,-0.4,-0.6,1.3,-1.3,0.5,1
479856.274881,0,1,0.2,2.7,0.9,-0.5,0.5,-0.4,-0.6,1.3,-1.3,0.5,1
479856.286147,1,1,0.2,2.7,0.9,-0.5,0.5,-0.3,-0.6,1.3,-1.3,0.5,1
479856.297319,1,1,0.2,2.7,0.9,-0.5,0.6,-0.3,-0.6,1.3,-1.3,0.4,1
479856.308241,1,1,0.2,2.7,0.9,-0.5,0.6,-0.3,-0.6,1.3,-1.2,0.4,1
479856.319437,0,1,0.2,2.7,0.9,-0.5,0.6,-0.3,-0.6,1.3,-1.2,0.4,1
479856.330513,0,1,0.2,2.7,0.9,-0.5,0.6,-0.3,-0.6,1.3,-1.2,0.4,1
479856.341640,1,0.9,0.2,2.7,0.9,-0.5,0.6,-0.3,-0.6,1.3,-1.2,0.4,1
479856.352713,0,0.9,0.2,2.7,0.9,-0.5,0.6,-0.3,-0.6,1.3,-1.2,0.4,1
479856.363827,0,0.9,0.2,2.7,0.9,-0.5,0.6,-0.3,-0.6,1.3,-1.2,0.4,1
479856.374948,1,0.9,0.2,2.7,1,-0.5,0.6,-0.3,-0.6,1.3,-1.2,0.4,1
479856.386135,1,0.9,0.2,2.7,1,-0.6,0.6,-0.2,-0.6,1.3,-1.1,0.4,1
479856.397419,1,0.9,0.2,2.7,1,-0.6,0.6,-0.2,-0.6,1.3,-1.1,0.3,1
479856.408249,0,0.9,0.2,2.7,1,-0.6,0.6,-0.2,-0.6,1.3,-1.1,0.3,1
479856.419462,0,0.9,0.2,2.7,1,-0.6,0.6,-0.2,-0.6,1.3,-1.1,0.3,1
479856.430497,0,0.9,0.2,2.7,1,-0.6,0.6,-0.2,-0.6,1.3,-1.1,0.3,1
479856.441646,0,0.9,0.2,2.7,1,-0.6,0.6,-0.2,-0.6,1.3,-1.1,0.3,1
479856.452770,1,0.9,0.1,2.7,1,-0.6,0.6,-0.2,-0.6,1.3,-1.1,0.3,1
479856.463837,0,0.9,0.1,2.7,1,-0.6,0.6,-0.2,-0.6,1.3,-1.1,0.3,1
479856.474889,0,0.9,0.1,2.7,1,-0.6,0.6,-0.2,-0.6,1.3,-1.1,0.3,1
479856.486113,1,0.9,0.1,2.7,1,-0.6,0.6,-0.2,-0.6,1.3,-1,0.3,1
479856.497320,0,0.9,0.1,2.7,1,-0.6,0.6,-0.2,-0.6,1.3,-1,0.3,1
479856.508209,1,0.9,0.1,2.7,1,-0.6,0.6,-0.2,-0.6,1.4,-1,0.3,1
479856.519462,1,0.9,0.1,2.7,1,-0.6,0.6,-0.2,-0.6,1.3,-1,0.3,1
479856.530442,0,0.9,0.1,2.7,1,-0.6,0.6,-0.2,-0.6,1.3,-1,0.3,1
479856.541607,1,0.9,0.1,2.7,1,-0.5,0.5,-0.2,-0.6,1.3,-1,0.3,1
479856.552726,0,0.9,0.1,2.7,1,-0.5,0.5,-0.2,-0.6,1.3,-1,0.3,1
479856.563815,1,0.9,0.1,2.7,1,-0.6,0.6,-0.2,-0.7,1.3,-1,0.3,1
479856.574942,1,0.9,0.1,2.8,1,-0.6,0.6,-0.2,-0.7,1.3,-1,0.4,1
479856.586090,1,0.9,0.1,2.8,1,-0.5,0.5,-0.2,-0.7,1.3,-1,0.4,1
479856.597348,0,0.9,0.1,2.8,1,-0.5,0.5,-0.2,-0.7,1.3,-1,0.4,1
479856.608223,0,0.9,0.1,2.8,1,-0.5,0.5,-0.2,-0.7,1.3,-1,0.4,1
479856.619420,1,0.9,0.1,2.8,1,-0.5,0.5,-0.2,-0.7,1.3,-1.1,0.4,1
479856.630469,1,0.9,0.1,2.8,1,-0.5,0.5,-0.2,-0.7,1.3,-1.1,0.5,1
479856.641610,0,0.9,0.1,2.8,1,-0.5,0.5,-0.2,-0.7,1.3,-1.1,0.5,1
479856.652720,1,0.9,0.1,2.8,1,-0.5,0.5,-0.3,-0.7,1.3,-1.1,0.5,1
479856.663806,1,0.9,0.1,2.8,1,-0.5,0.5,-0.3,-0.7,1.3,-1.2,0.5,1
479856.674908,0,0.9,0.1,2.8,1,-0.5,0.5,-0.3,-0.7,1.3,-1.2,0.5,1
479856.686149,1,0.9,0.1,2.8,0.9,-0.5,0.5,-0.3,-0.7,1.3,-1.2,0.6,1
479856.697347,0,0.9,0.1,2.8,0.9,-0.5,0.5,-0.3,-0.7,1.3,-1.2,0.6,1
479856.708206,1,0.9,0.1,2.8,0.9,-0.5,0.5,-0.4,-0.8,1.3,-1.2,0.6,1
479856.719409,1,0.9,0.1,2.9,0.9,-0.5,0.5,-0.4,-0.8,1.3,-1.3,0.6,1
479856.730459,1,1,0.1,2.9,0.9,-0.5,0.5,-0.4,-0.7,1.3,-1.3,0.6,1
479856.741629,1,0.9,0.1,2.9,0.9,-0.5,0.5,-0.4,-0.7,1.3,-1.3,0.6,1
479856.752733,1,0.9,0.1,2.9,0.9,-0.4,0.5,-0.4,-0.7,1.3,-1.3,0.6,1
479856.763841,0,0.9,0.1,2.9,0.9,-0.4,0.5,-0.4,-0.7,1.3,-1.3,0.6,1
479856.774967,1,0.9,0.1,2.9,0.9,-0.5,0.5,-0.5,-0.7,1.3,-1.3,0.6,1
479856.786168,1,1,0.1,2.9,0.9,-0.4,0.5,-0.5,-0.7,1.3,-1.4,0.6,1
479856.797433,1,0.9,0.1,2.9,0.9,-0.5,0.5,-0.5,-0.7,1.3,-1.4,0.6,1
479856.808299,1,1,0.1,2.9,0.9,-0.5,0.5,-0.5,-0.7,1.3,-1.4,0.6,1
479856.819445,0,1,0.1,2.9,0.9,-0.5,0.5,-0.5,-0.7,1.3,-1.4,0.6,1
479856.830532,0,1,0.1,2.9,0.9,-0.5,0.5,-0.5,-0.7,1.3,-1.4,0.6,1
479856.841671,0,1,0.1,2.9,0.9,-0.5,0.5,-0.5,-0.7,1.3,-1.4,0.6,1
479856.852709,0,1,0.1,2.9,0.9,-0.5,0.5,-0.5,-0.7,1.3,-1.4,0.6,1
479856.863847,1,1,0.1,2.9,0.9,-0.5,0.5,-0.5,-0.6,1.3,-1.5,0.6,1
479856.874926,1,1,0.1,2.9,0.9,-0.5,0.5,-0.5,-0.6,1.3,-1.5,0.6,1.1
479856.886093,1,1,0.1,2.9,0.9,-0.5,0.5,-0.6,-0.6,1.3,-1.5,0.6,1.1
479856.897407,1,1,0.1,2.9,0.9,-0.5,0.5,-0.6,-0.6,1.3,-1.5,0.7,1.1
479856.908257,1,1,0.2,2.9,0.9,-0.5,0.5,-0.6,-0.6,1.3,-1.5,0.7,1.1
479856.919449,0,1,0.2,2.9,0.9,-0.5,0.5,-0.6,-0.6,1.3,-1.5,0.7,1.1
479856.930551,0,1,0.2,2.9,0.9,-0.5,0.5,-0.6,-0.6,1.3,-1.5,0.7,1.1
479856.941669,0,1,0.2,2.9,0.9,-0.5,0.5,-0.6,-0.6,1.3,-1.5,0.7,1.1
479856.952750,1,1.1,0.3,2.9,0.9,-0.5,0.5,-0.6,-0.6,1.3,-1.5,0.7,1.2
479856.963846,0,1.1,0.3,2.9,0.9,-0.5,0.5,-0.6,-0.6,1.3,-1.5,0.7,1.2
479856.974991,1,1.1,0.3,2.9,0.9,-0.5,0.5,-0.6,-0.5,1.4,-1.5,0.7,1.2
479856.986140,1,1.1,0.3,2.8,0.9,-0.5,0.5,-0.6,-0.5,1.4,-1.5,0.7,1.2
479856.997539,1,1.1,0.4,2.8,0.9,-0.5,0.5,-0.6,-0.5,1.4,-1.5,0.7,1.2
479857.008247,1,1.2,0.4,2.8,0.8,-0.5,0.5,-0.6,-0.5,1.4,-1.5,0.7,1.2
479857.019422,0,1.2,0.4,2.8,0.8,-0.5,0.5,-0.6,-0.5,1.4,-1.5,0.7,1.2
479857.031105,1,1.2,0.5,2.8,0.8,-0.5,0.5,-0.6,-0.4,1.4,-1.5,0.7,1.2
479857.041668,1,1.2,0.5,2.8,0.8,-0.5,0.5,-0.6,-0.4,1.4,-1.5,0.7,1.3
479857.052712,1,1.2,0.5,2.7,0.8,-0.5,0.5,-0.7,-0.4,1.4,-1.5,0.7,1.3
479857.063822,1,1.2,0.5,2.7,0.8,-0.5,0.5,-0.7,-0.4,1.5,-1.5,0.7,1.3
479857.074997,1,1.2,0.6,2.7,0.8,-0.5,0.5,-0.7,-0.4,1.5,-1.5,0.7,1.3
479857.086172,1,1.3,0.6,2.7,0.8,-0.5,0.5,-0.7,-0.4,1.5,-1.4,0.7,1.3
479857.097407,1,1.3,0.6,2.7,0.8,-0.5,0.5,-0.6,-0.3,1.5,-1.4,0.7,1.2
479857.119391,1,1.3,0.6,2.6,0.8,-0.5,0.5,-0.6,-0.3,1.5,-1.3,0.6,1.2
479857.130493,0,1.3,0.6,2.6,0.8,-0.5,0.5,-0.6,-0.3,1.5,-1.3,0.6,1.2
479857.141599,1,1.2,0.6,2.6,0.8,-0.5,0.5,-0.6,-0.3,1.5,-1.3,0.6,1.2
479857.152701,1,1.2,0.6,2.6,0.8,-0.5,0.5,-0.5,-0.3,1.5,-1.2,0.6,1.2
479857.163795,1,1.2,0.6,2.6,0.8,-0.5,0.5,-0.5,-0.4,1.5,-1.2,0.6,1.2
479857.174933,1,1.2,0.5,2.6,0.8,-0.5,0.5,-0.5,-0.4,1.5,-1.2,0.6,1.2
479857.186152,1,1.2,0.5,2.6,0.8,-0.5,0.5,-0.4,-0.4,1.5,-1.1,0.6,1.1
479857.197454,1,1.2,0.5,2.6,0.8,-0.5,0.5,-0.4,-0.5,1.5,-1.1,0.5,1.1
479857.208232,1,1.1,0.5,2.6,0.9,-0.5,0.5,-0.3,-0.5,1.4,-1.1,0.5,1.1
479857.219448,1,1.1,0.4,2.6,0.9,-0.5,0.5,-0.3,-0.5,1.4,-1.1,0.5,1.1
479857.230558,1,1.1,0.4,2.6,0.9,-0.5,0.5,-0.3,-0.6,1.4,-1,0.5,1.1
479857.241695,1,1.1,0.4,2.6,0.9,-0.5,0.5,-0.3,-0.6,1.4,-1,0.5,1
479857.252997,1,1,0.3,2.6,0.9,-0.5,0.5,-0.3,-0.7,1.4,-1,0.5,1
479857.263830,1,1,0.3,2.6,0.9,-0.5,0.5,-0.2,-0.7,1.4,-1,0.5,1
479857.274991,1,1,0.2,2.6,0.9,-0.5,0.5,-0.2,-0.7,1.4,-1,0.5,1
479857.286112,1,0.9,0.2,2.6,1,-0.5,0.5,-0.2,-0.8,1.4,-1,0.5,0.9
479857.297369,0,0.9,0.2,2.6,1,-0.5,0.5,-0.2,-0.8,1.4,-1,0.5,0.9
479857.308238,0,0.9,0.2,2.6,1,-0.5,0.5,-0.2,-0.8,1.4,-1,0.5,0.9
479857.319403,1,0.9,0.1,2.7,1,-0.5,0.5,-0.2,-0.8,1.3,-1,0.5,0.9
479857.330488,1,0.8,0.1,2.7,1,-0.5,0.5,-0.2,-0.8,1.3,-1,0.5,0.9
479857.341596,0,0.8,0.1,2.7,1,-0.5,0.5,-0.2,-0.8,1.3,-1,0.5,0.9
479857.352708,1,0.8,0,2.7,1,-0.5,0.5,-0.2,-0.9,1.3,-1.1,0.5,0.9
479857.363828,1,0.8,0,2.7,1,-0.5,0.5,-0.2,-0.9,1.3,-1.1,0.6,0.9
479857.374936,0,0.8,0,2.7,1,-0.5,0.5,-0.2,-0.9,1.3,-1.1,0.6,0.9
479857.386187,0,0.8,0,2.7,1,-0.5,0.5,-0.2,-0.9,1.3,-1.1,0.6,0.9
479857.397430,1,0.8,0,2.8,1,-0.5,0.5,-0.2,-0.8,1.3,-1.1,0.6,0.9
479857.408320,1,0.9,0.1,2.8,1,-0.5,0.5,-0.3,-0.8,1.3,-1.1,0.7,0.9
479857.419483,1,0.9,0.1,2.7,1,-0.5,0.5,-0.3,-0.8,1.3,-1.2,0.7,0.9
479857.430561,1,0.9,0.2,2.7,1,-0.5,0.5,-0.3,-0.8,1.3,-1.2,0.8,0.9
479857.441696,1,0.9,0.2,2.7,1,-0.5,0.5,-0.3,-0.8,1.3,-1.2,0.8,1
479857.452740,1,0.9,0.2,2.7,0.9,-0.5,0.5,-0.3,-0.8,1.3,-1.2,0.8,1
479857.463849,1,1,0.3,2.7,0.9,-0.5,0.5,-0.4,-0.7,1.3,-1.2,0.9,1
479857.475031,0,1,0.3,2.7,0.9,-0.5,0.5,-0.4,-0.7,1.3,-1.2,0.9,1
479857.486174,1,1.1,0.4,2.7,0.9,-0.5,0.5,-0.5,-0.7,1.4,-1.2,0.9,1.1
479857.497334,1,1.1,0.5,2.7,0.8,-0.5,0.5,-0.5,-0.6,1.4,-1.2,1,1.1
479857.508259,1,1.1,0.5,2.7,0.8,-0.5,0.5,-0.5,-0.6,1.4,-1.2,1,1.2
479857.519461,1,1.2,0.5,2.6,0.8,-0.5,0.5,-0.5,-0.6,1.4,-1.2,1,1.2
479857.530524,1,1.2,0.6,2.6,0.8,-0.5,0.5,-0.5,-0.6,1.4,-1.2,1,1.2
479857.541610,1,1.3,0.6,2.6,0.8,-0.5,0.5,-0.6,-0.5,1.5,-1.2,1,1.2
479857.552729,1,1.4,0.7,2.5,0.8,-0.5,0.5,-0.6,-0.5,1.5,-1.1,1,1.3
479857.563848,1,1.4,0.7,2.5,0.8,-0.4,0.4,-0.6,-0.5,1.5,-1.1,1,1.3
479857.575024,1,1.4,0.7,2.5,0.8,-0.4,0.4,-0.6,-0.5,1.5,-1,1,1.3
479857.586150,1,1.4,0.8,2.5,0.7,-0.4,0.4,-0.5,-0.5,1.5,-1,1,1.3
479857.597314,1,1.5,0.8,2.5,0.7,-0.4,0.4,-0.5,-0.5,1.5,-0.9,1,1.3
479857.608230,1,1.5,0.9,2.4,0.7,-0.4,0.4,-0.5,-0.5,1.5,-0.9,1,1.3
479857.619461,1,1.5,0.9,2.4,0.7,-0.4,0.4,-0.5,-0.6,1.5,-0.9,1,1.3
479857.630467,0,1.5,0.9,2.4,0.7,-0.4,0.4,-0.5,-0.6,1.5,-0.9,1,1.3
479857.641687,1,1.5,0.9,2.4,0.7,-0.4,0.4,-0.5,-0.6,1.5,-0.8,1,1.3
479857.652740,1,1.5,0.9,2.4,0.7,-0.4,0.4,-0.4,-0.7,1.5,-0.8,1,1.3
479857.663848,1,1.5,0.8,2.3,0.7,-0.4,0.4,-0.4,-0.7,1.5,-0.7,1,1.3
479857.674989,1,1.5,0.8,2.3,0.7,-0.4,0.4,-0.3,-0.8,1.5,-0.7,0.9,1.3
479857.686240,1,1.5,0.8,2.3,0.7,-0.4,0.4,-0.3,-0.8,1.5,-0.6,0.9,1.3
479857.697374,1,1.5,0.7,2.3,0.7,-0.4,0.4,-0.3,-0.8,1.5,-0.6,0.9,1.3
479857.708298,1,1.4,0.7,2.3,0.7,-0.4,0.4,-0.3,-0.9,1.5,-0.6,0.9,1.3
479857.719491,1,1.4,0.7,2.3,0.7,-0.4,0.4,-0.2,-0.9,1.5,-0.6,0.9,1.3
479857.730541,1,1.4,0.6,2.3,0.7,-0.4,0.4,-0.2,-0.9,1.5,-0.5,0.9,1.2
479857.741660,1,1.3,0.5,2.3,0.7,-0.4,0.4,-0.1,-1,1.5,-0.5,0.8,1.2
479857.752698,1,1.2,0.4,2.3,0.7,-0.4,0.4,-0.1,-1,1.5,-0.5,0.8,1.1
479857.763840,1,1.1,0.3,2.3,0.8,-0.4,0.3,-0.1,-1,1.5,-0.5,0.7,1.1
479857.775023,1,1,0.2,2.3,0.8,-0.4,0.3,-0.1,-1,1.5,-0.5,0.7,1.1
479857.786218,1,1,0.2,2.3,0.8,-0.4,0.4,-0.1,-1,1.4,-0.6,0.7,1
479857.797462,1,1,0.1,2.4,0.8,-0.4,0.4,-0.1,-1,1.4,-0.6,0.6,1
479857.808296,1,0.9,0,2.4,0.9,-0.4,0.4,-0.1,-1,1.4,-0.6,0.4,0.9
479857.819494,1,0.8,-0.1,2.4,0.9,-0.4,0.4,-0.2,-1,1.4,-0.5,0.2,0.8
479857.830513,1,0.7,-0.2,2.5,0.9,-0.4,0.3,-0.2,-1,1.3,-0.5,0.1,0.8
479857.841678,1,0.7,-0.3,2.5,0.8,-0.4,0.3,-0.2,-1,1.3,-0.5,0.1,0.8
479857.852707,1,0.6,-0.4,2.5,0.8,-0.4,0.3,-0.2,-1,1.3,-0.5,0.1,0.8
479857.863854,1,0.6,-0.4,2.5,0.8,-0.4,0.3,-0.3,-1,1.3,-0.5,0.1,0.8
479857.874947,1,0.6,-0.4,2.6,0.8,-0.4,0.3,-0.3,-0.9,1.3,-0.6,0.1,0.8
479857.886175,1,0.6,-0.4,2.6,0.8,-0.4,0.3,-0.3,-0.9,1.3,-0.6,0.2,0.7
479857.897326,1,0.6,-0.5,2.6,0.8,-0.4,0.3,-0.4,-0.9,1.3,-0.8,0.2,0.7
479857.908277,1,0.6,-0.5,2.7,0.8,-0.4,0.3,-0.4,-0.8,1.3,-1,0.3,0.7
479857.919477,1,0.6,-0.5,2.7,0.8,-0.4,0.3,-0.4,-0.8,1.3,-1,0.4,0.7
479857.930526,0,0.6,-0.5,2.7,0.8,-0.4,0.3,-0.4,-0.8,1.3,-1,0.4,0.7
479857.941696,1,0.6,-0.4,2.7,0.8,-0.4,0.3,-0.5,-0.8,1.3,-1.1,0.4,0.7
479857.952736,1,0.6,-0.4,2.7,0.8,-0.4,0.3,-0.5,-0.7,1.3,-1.1,0.4,0.7
479857.963886,1,0.6,-0.3,2.7,0.8,-0.4,0.3,-0.5,-0.7,1.3,-1.2,0.4,0.7
479857.975010,1,0.7,-0.3,2.7,0.8,-0.4,0.3,-0.5,-0.6,1.3,-1.2,0.5,0.8
479857.986150,1,0.7,-0.2,2.6,0.8,-0.3,0.3,-0.6,-0.6,1.3,-1.2,0.5,0.8
479857.997319,1,0.7,-0.2,2.6,0.8,-0.3,0.3,-0.6,-0.6,1.3,-1.2,0.6,0.9
479858.008239,1,0.8,-0.1,2.6,0.7,-0.3,0.3,-0.6,-0.6,1.4,-1.2,0.6,0.9
479858.019416,1,0.8,0,2.6,0.7,-0.3,0.3,-0.6,-0.5,1.4,-1.2,0.6,0.9
479858.030453,1,0.9,0.1,2.6,0.8,-0.4,0.4,-0.6,-0.5,1.4,-1.2,0.7,1
479858.041661,1,1,0.2,2.5,0.8,-0.4,0.3,-0.7,-0.5,1.4,-1.2,0.8,1
479858.052729,1,1,0.4,2.5,0.8,-0.4,0.4,-0.7,-0.5,1.4,-1.2,0.8,1.1
479858.063841,1,1,0.4,2.5,0.8,-0.4,0.4,-0.6,-0.4,1.5,-1.1,0.9,1.1
479858.075044,1,1.1,0.5,2.4,0.8,-0.4,0.4,-0.6,-0.4,1.5,-1.1,0.9,1.2
479858.086195,1,1.2,0.6,2.4,0.8,-0.4,0.4,-0.6,-0.4,1.5,-1.1,0.9,1.2
479858.098726,1,1.2,0.7,2.4,0.8,-0.4,0.4,-0.6,-0.4,1.5,-1,1,1.2
479858.108300,1,1.3,0.7,2.3,0.8,-0.4,0.4,-0.6,-0.4,1.5,-1,1,1.3
479858.119960,1,1.3,0.8,2.3,0.8,-0.4,0.4,-0.5,-0.5,1.5,-0.8,1,1.3
479858.130534,0,1.3,0.8,2.3,0.8,-0.4,0.4,-0.5,-0.5,1.5,-0.8,1,1.3
479858.141688,1,1.3,0.8,2.3,0.8,-0.4,0.4,-0.5,-0.5,1.6,-0.8,1,1.4
479858.163894,1,1.3,0.8,2.2,0.8,-0.4,0.4,-0.4,-0.5,1.6,-0.7,1,1.4
479858.175039,1,1.3,0.7,2.2,0.8,-0.4,0.4,-0.4,-0.5,1.6,-0.7,0.9,1.4
479858.186190,1,1.2,0.6,2.2,0.8,-0.4,0.4,-0.4,-0.4,1.6,-0.6,0.8,1.3
479858.197619,1,1.2,0.6,2.2,0.8,-0.4,0.4,-0.3,-0.4,1.6,-0.6,0.8,1.3
479858.208331,1,1.1,0.5,2.2,0.8,-0.4,0.4,-0.3,-0.4,1.6,-0.6,0.7,1.2
479858.219554,1,1.1,0.4,2.2,0.8,-0.4,0.4,-0.3,-0.4,1.6,-0.6,0.5,1.2
479858.230578,1,1,0.3,2.2,0.8,-0.5,0.4,-0.3,-0.4,1.6,-0.6,0.4,1.1
479858.241695,1,0.9,0.1,2.2,0.9,-0.5,0.4,-0.3,-0.4,1.6,-0.6,0.4,1.1
479858.252738,1,0.8,0,2.2,0.9,-0.5,0.4,-0.2,-0.3,1.5,-0.6,0.3,1
479858.263836,1,0.8,0,2.2,1,-0.5,0.4,-0.2,-0.3,1.5,-0.5,0,0.8
479858.275243,1,0.7,-0.1,2.2,1,-0.5,0.5,-0.2,-0.3,1.5,-0.4,0,0.7
479858.286153,1,0.6,-0.3,2.2,1,-0.5,0.5,-0.2,-0.2,1.5,-0.4,0,0.7
479858.297590,1,0.5,-0.4,2.3,1,-0.5,0.5,-0.2,-0.2,1.5,-0.4,0,0.7
479858.308259,1,0.5,-0.5,2.3,1.1,-0.6,0.5,-0.2,-0.2,1.5,-0.4,0,0.7
479858.319435,1,0.4,-0.6,2.3,1.1,-0.6,0.5,-0.2,-0.1,1.5,-0.4,0,0.7
479858.330528,1,0.4,-0.7,2.4,1.1,-0.6,0.5,-0.2,-0.1,1.4,-0.4,0,0.7
479858.341676,1,0.4,-0.7,2.4,1.2,-0.6,0.5,-0.2,-0.1,1.4,-0.4,-0.1,0.8
479858.352758,1,0.4,-0.7,2.4,1.2,-0.6,0.5,-0.3,-0.1,1.4,-0.4,-0.1,0.8
479858.363890,1,0.3,-0.8,2.4,1.2,-0.6,0.5,-0.3,0,1.4,-0.4,-0.1,0.8
479858.374982,1,0.3,-0.8,2.5,1.2,-0.6,0.5,-0.3,0,1.4,-0.5,-0.1,0.8
479858.386152,0,0.3,-0.8,2.5,1.2,-0.6,0.5,-0.3,0,1.4,-0.5,-0.1,0.8
479858.397641,1,0.3,-0.8,2.5,1.3,-0.6,0.5,-0.3,0,1.4,-0.5,-0.1,0.8
479858.408261,1,0.3,-0.8,2.5,1.3,-0.6,0.5,-0.3,-0.1,1.4,-0.6,-0.1,0.7
479858.419469,1,0.4,-0.8,2.6,1.3,-0.6,0.5,-0.4,-0.1,1.4,-0.9,0,0.6
479858.430516,1,0.4,-0.8,2.6,1.3,-0.6,0.5,-0.4,-0.1,1.3,-1.1,0,0.6
479858.441658,1,0.4,-0.7,2.6,1.3,-0.6,0.5,-0.4,-0.1,1.3,-1.2,0.1,0.6
479858.452742,1,0.5,-0.7,2.6,1.3,-0.6,0.5,-0.5,-0.1,1.3,-1.2,0.2,0.7
479858.463821,1,0.5,-0.6,2.6,1.3,-0.6,0.5,-0.5,-0.1,1.3,-1.2,0.2,0.7
479858.474935,1,0.5,-0.6,2.6,1.2,-0.6,0.5,-0.5,-0.1,1.3,-1.3,0.2,0.7
479858.486116,1,0.5,-0.5,2.6,1.2,-0.6,0.5,-0.6,-0.1,1.3,-1.3,0.3,0.7
479858.497327,1,0.6,-0.4,2.6,1.2,-0.6,0.5,-0.6,-0.1,1.4,-1.4,0.3,0.8
479858.508295,1,0.6,-0.3,2.6,1.2,-0.6,0.5,-0.7,-0.1,1.4,-1.4,0.4,0.8
479858.519445,1,0.7,-0.3,2.6,1.2,-0.6,0.6,-0.7,-0.1,1.4,-1.4,0.4,0.9
479858.530519,1,0.7,-0.2,2.6,1.2,-0.6,0.6,-0.7,0,1.4,-1.3,0.5,1
479858.541675,1,0.7,-0.2,2.6,1.2,-0.6,0.5,-0.7,0,1.4,-1.3,0.5,1
479858.552758,1,0.8,-0.1,2.5,1.2,-0.6,0.5,-0.8,0,1.5,-1.3,0.5,1
479858.563840,1,0.9,0.1,2.5,1.2,-0.6,0.5,-0.8,0,1.5,-1.3,0.6,1.1
479858.574955,1,0.9,0.2,2.5,1.1,-0.6,0.5,-0.8,0,1.5,-1.2,0.6,1.2
479858.586194,1,1,0.3,2.4,1.1,-0.6,0.5,-0.7,0,1.5,-1.2,0.7,1.2
479858.597453,1,1.1,0.4,2.4,1.1,-0.6,0.6,-0.7,0,1.5,-1.1,0.7,1.3
479858.608319,1,1.1,0.5,2.3,1.1,-0.6,0.5,-0.6,-0.1,1.5,-1,0.8,1.3
479858.619508,0,1.1,0.5,2.3,1.1,-0.6,0.5,-0.6,-0.1,1.5,-1,0.8,1.3
479858.630511,1,1.2,0.6,2.3,1.1,-0.6,0.5,-0.6,-0.1,1.5,-0.9,0.8,1.4
479858.641637,1,1.3,0.7,2.2,1.1,-0.6,0.5,-0.5,-0.1,1.6,-0.8,0.9,1.4
479858.652761,1,1.3,0.8,2.2,1.1,-0.6,0.5,-0.4,-0.2,1.6,-0.7,0.9,1.4
479858.663841,1,1.4,0.8,2.1,1,-0.6,0.5,-0.4,-0.3,1.6,-0.6,0.9,1.5
479858.675019,1,1.4,0.8,2.1,1,-0.6,0.5,-0.3,-0.3,1.6,-0.6,0.9,1.5
479858.686186,1,1.4,0.8,2.1,1.1,-0.6,0.5,-0.3,-0.3,1.6,-0.5,0.9,1.5
479858.697328,1,1.4,0.8,2.1,1.1,-0.6,0.5,-0.3,-0.4,1.6,-0.5,0.9,1.5
479858.708265,1,1.3,0.8,2.1,1.1,-0.6,0.5,-0.2,-0.4,1.6,-0.5,0.8,1.4
479858.719408,1,1.3,0.7,2,1,-0.6,0.5,-0.2,-0.4,1.6,-0.4,0.8,1.4
479858.730562,1,1.2,0.6,2,1,-0.5,0.4,-0.2,-0.4,1.6,-0.4,0.7,1.4
479858.741702,1,1.1,0.5,2,1.1,-0.6,0.4,-0.2,-0.4,1.6,-0.4,0.6,1.3
479858.752713,1,1.1,0.5,2,1.1,-0.6,0.5,-0.1,-0.4,1.5,-0.4,0.5,1.3
479858.763846,1,1.1,0.4,2,1.1,-0.6,0.5,-0.1,-0.4,1.5,-0.4,0.4,1.2
479858.775026,1,1,0.3,2,1.1,-0.6,0.5,-0.1,-0.4,1.5,-0.4,0.4,1.2
479858.786126,1,0.9,0.2,2,1.1,-0.6,0.5,-0.1,-0.3,1.5,-0.4,0.3,1.1
479858.797436,1,0.8,0.1,2,1.2,-0.6,0.5,-0.1,-0.3,1.5,-0.4,0.1,1
479858.808318,1,0.7,0,2,1.2,-0.6,0.5,-0.1,-0.2,1.5,-0.4,0,0.8
479858.819494,1,0.7,-0.1,2.1,1.2,-0.6,0.5,-0.1,-0.2,1.5,-0.3,0,0.7
479858.830551,1,0.7,-0.1,2.1,1.3,-0.7,0.5,-0.2,-0.2,1.5,-0.3,0,0.7
479858.841710,1,0.6,-0.2,2.1,1.3,-0.7,0.5,-0.2,-0.2,1.5,-0.3,0,0.7
479858.852714,1,0.5,-0.3,2.1,1.3,-0.7,0.6,-0.2,-0.2,1.5,-0.3,0,0.7
479858.863859,1,0.5,-0.3,2.1,1.3,-0.7,0.6,-0.2,-0.1,1.5,-0.4,-0.1,0.8
479858.875023,1,0.5,-0.4,2.2,1.3,-0.7,0.6,-0.2,-0.1,1.5,-0.4,-0.1,0.8
479858.886149,1,0.4,-0.5,2.2,1.3,-0.7,0.6,-0.3,-0.1,1.4,-0.4,-0.1,0.8
479858.897407,1,0.4,-0.5,2.2,1.3,-0.7,0.6,-0.3,-0.2,1.4,-0.4,-0.1,0.8
479858.908320,1,0.4,-0.6,2.2,1.3,-0.7,0.6,-0.3,-0.2,1.4,-0.5,-0.1,0.9
479858.919497,1,0.4,-0.6,2.3,1.3,-0.6,0.5,-0.3,-0.2,1.4,-0.5,-0.1,0.9
479858.930582,1,0.4,-0.6,2.3,1.3,-0.6,0.5,-0.3,-0.3,1.4,-0.5,-0.1,0.8
479858.941696,1,0.4,-0.6,2.3,1.3,-0.6,0.5,-0.4,-0.3,1.3,-0.5,-0.1,0.8
479858.952744,1,0.4,-0.6,2.4,1.2,-0.6,0.5,-0.4,-0.4,1.3,-0.7,-0.1,0.7
479858.963816,1,0.4,-0.6,2.4,1.1,-0.5,0.5,-0.5,-0.4,1.3,-1,0,0.7
479858.974989,1,0.5,-0.6,2.4,1.1,-0.5,0.5,-0.5,-0.5,1.3,-1.1,0.1,0.7
479858.986194,1,0.5,-0.5,2.4,1.1,-0.5,0.5,-0.5,-0.6,1.2,-1.2,0.1,0.8
479858.997482,1,0.6,-0.5,2.4,1.1,-0.5,0.4,-0.5,-0.6,1.2,-1.2,0.1,0.8
479859.008337,1,0.6,-0.4,2.5,1,-0.4,0.4,-0.5,-0.6,1.2,-1.2,0.2,0.8
479859.019529,1,0.7,-0.3,2.5,1,-0.4,0.4,-0.6,-0.7,1.2,-1.3,0.3,0.9
479859.030542,1,0.7,-0.3,2.5,1,-0.4,0.4,-0.6,-0.7,1.2,-1.3,0.4,0.9
479859.041705,1,0.8,-0.2,2.5,0.9,-0.4,0.3,-0.6,-0.7,1.2,-1.3,0.5,1
479859.052758,1,0.9,-0.1,2.5,0.9,-0.4,0.3,-0.6,-0.8,1.2,-1.3,0.6,1
479859.063856,1,0.9,0,2.5,0.9,-0.4,0.3,-0.6,-0.8,1.2,-1.3,0.6,1.1
479859.075044,1,1,0.1,2.5,0.9,-0.4,0.3,-0.6,-0.8,1.2,-1.3,0.6,1.1
479859.086190,1,1.1,0.2,2.4,0.9,-0.4,0.3,-0.6,-0.8,1.2,-1.3,0.7,1.2
479859.097501,1,1.2,0.3,2.4,0.9,-0.4,0.3,-0.6,-0.8,1.2,-1.3,0.7,1.2
479859.108323,1,1.2,0.3,2.4,0.9,-0.4,0.3,-0.6,-0.7,1.2,-1.3,0.8,1.3
479859.119520,1,1.3,0.4,2.4,0.9,-0.5,0.4,-0.6,-0.7,1.2,-1.2,0.8,1.4
479859.130501,1,1.4,0.5,2.3,0.9,-0.5,0.4,-0.6,-0.7,1.3,-1.2,0.9,1.4
479859.141667,1,1.4,0.6,2.3,0.9,-0.5,0.4,-0.6,-0.7,1.3,-1.2,0.9,1.4
479859.152724,1,1.5,0.7,2.3,0.8,-0.5,0.4,-0.6,-0.7,1.3,-1.1,0.9,1.5
479859.163830,1,1.6,0.8,2.2,0.8,-0.4,0.3,-0.5,-0.6,1.3,-1.1,1,1.5
479859.175032,1,1.6,0.8,2.2,0.8,-0.4,0.4,-0.5,-0.6,1.3,-1,1,1.6
479859.186177,1,1.6,0.8,2.2,0.8,-0.4,0.3,-0.5,-0.6,1.3,-0.9,1,1.6
479859.197454,1,1.6,0.8,2.1,0.8,-0.4,0.3,-0.4,-0.7,1.3,-0.8,1,1.6
479859.208355,1,1.6,0.8,2.1,0.8,-0.4,0.3,-0.3,-0.7,1.4,-0.7,1,1.6
479859.219534,1,1.5,0.8,2.1,0.8,-0.4,0.3,-0.3,-0.7,1.4,-0.7,1,1.6
479859.230561,1,1.5,0.7,2,0.7,-0.4,0.3,-0.3,-0.7,1.4,-0.7,1,1.6
479859.241742,1,1.5,0.7,2,0.8,-0.4,0.3,-0.3,-0.7,1.4,-0.6,0.9,1.6
479859.252718,1,1.4,0.6,2,0.8,-0.4,0.3,-0.2,-0.7,1.4,-0.6,0.9,1.5
479859.263864,1,1.3,0.5,2,0.8,-0.4,0.3,-0.2,-0.7,1.4,-0.6,0.8,1.5
479859.275098,1,1.2,0.4,2,0.8,-0.4,0.3,-0.2,-0.7,1.3,-0.6,0.7,1.4
479859.286214,1,1.2,0.2,2,0.8,-0.4,0.3,-0.2,-0.7,1.3,-0.6,0.6,1.4
479859.297508,1,1.1,0.1,2,0.8,-0.4,0.3,-0.2,-0.7,1.3,-0.6,0.6,1.4
479859.308302,1,1.1,0.1,2,0.8,-0.4,0.3,-0.2,-0.7,1.3,-0.7,0.5,1.3
479859.319519,1,1,0,2,0.8,-0.4,0.4,-0.2,-0.7,1.3,-0.7,0.4,1.2
479859.330559,1,0.9,-0.1,2,0.8,-0.4,0.4,-0.2,-0.7,1.3,-0.7,0.4,1.2
479859.341737,1,0.8,-0.2,2,0.9,-0.5,0.4,-0.2,-0.7,1.2,-0.7,0.3,1.1
479859.352776,1,0.8,-0.3,2.1,0.9,-0.5,0.4,-0.2,-0.7,1.2,-0.8,0.2,1
479859.363922,1,0.7,-0.4,2.1,0.9,-0.5,0.4,-0.2,-0.7,1.2,-0.8,0.2,1
479859.375082,0,0.7,-0.4,2.1,0.9,-0.5,0.4,-0.2,-0.7,1.2,-0.8,0.2,1
479859.386198,1,0.7,-0.4,2.1,1,-0.5,0.4,-0.2,-0.7,1.2,-0.8,0.2,0.9
479859.397430,1,0.6,-0.5,2.1,1,-0.5,0.4,-0.3,-0.7,1.2,-0.9,0.2,0.9
479859.408358,1,0.6,-0.5,2.2,1,-0.5,0.4,-0.3,-0.7,1.1,-0.9,0.2,0.8
479859.419546,1,0.6,-0.5,2.2,1,-0.5,0.4,-0.3,-0.7,1.1,-1,0.3,0.8
479859.430568,1,0.6,-0.5,2.2,1,-0.5,0.4,-0.4,-0.7,1.1,-1.1,0.3,0.8
479859.441733,0,0.6,-0.5,2.2,1,-0.5,0.4,-0.4,-0.7,1.1,-1.1,0.3,0.8
479859.452772,1,0.6,-0.5,2.2,0.9,-0.4,0.4,-0.4,-0.7,1.1,-1.1,0.4,0.8
479859.463883,1,0.6,-0.4,2.2,0.9,-0.4,0.4,-0.5,-0.7,1.1,-1.2,0.4,0.8
479859.475036,1,0.7,-0.4,2.3,0.9,-0.4,0.4,-0.5,-0.6,1.1,-1.2,0.5,0.8
479859.486187,1,0.7,-0.3,2.3,0.9,-0.4,0.4,-0.5,-0.6,1.1,-1.3,0.6,0.9
479859.497412,1,0.7,-0.3,2.3,0.9,-0.4,0.3,-0.6,-0.6,1.1,-1.3,0.6,0.9
479859.508313,1,0.8,-0.2,2.3,0.9,-0.4,0.3,-0.6,-0.5,1.1,-1.4,0.7,0.9
479859.519513,0,0.8,-0.2,2.3,0.9,-0.4,0.3,-0.6,-0.5,1.1,-1.4,0.7,0.9
479859.530587,1,0.8,-0.2,2.3,0.9,-0.4,0.3,-0.6,-0.5,1.1,-1.4,0.7,1
479859.541725,1,0.9,-0.1,2.3,0.8,-0.4,0.3,-0.6,-0.4,1.1,-1.4,0.8,1
479859.552792,1,0.9,0,2.3,0.8,-0.4,0.3,-0.7,-0.4,1.2,-1.4,0.8,1
479859.563871,1,1,0.1,2.3,0.9,-0.4,0.3,-0.7,-0.4,1.2,-1.4,0.9,1.1
479859.575071,1,1.1,0.2,2.3,0.8,-0.4,0.3,-0.7,-0.3,1.2,-1.4,0.9,1.1
479859.586203,1,1.1,0.2,2.3,0.8,-0.4,0.3,-0.7,-0.3,1.2,-1.4,0.9,1.2
479859.597431,1,1.1,0.3,2.3,0.8,-0.4,0.3,-0.7,-0.3,1.2,-1.4,0.9,1.2
479859.608353,1,1.2,0.4,2.3,0.8,-0.4,0.3,-0.7,-0.3,1.2,-1.3,1,1.2
479859.619468,1,1.3,0.5,2.3,0.8,-0.4,0.3,-0.7,-0.3,1.3,-1.3,1.1,1.3
479859.630584,1,1.3,0.6,2.2,0.7,-0.4,0.3,-0.7,-0.3,1.3,-1.3,1.1,1.4
479859.641740,1,1.4,0.7,2.2,0.7,-0.4,0.3,-0.7,-0.3,1.3,-1.2,1.2,1.4
479859.652790,1,1.4,0.8,2.2,0.7,-0.4,0.3,-0.7,-0.3,1.3,-1.2,1.2,1.4
479859.663889,1,1.4,0.8,2.2,0.7,-0.4,0.3,-0.7,-0.3,1.3,-1.2,1.3,1.5
479859.675076,1,1.5,0.9,2.2,0.7,-0.4,0.3,-0.6,-0.4,1.3,-1.2,1.3,1.5
479859.686199,1,1.5,0.9,2.2,0.7,-0.4,0.3,-0.6,-0.4,1.3,-1.1,1.3,1.5
479859.697515,1,1.5,1,2.2,0.7,-0.4,0.3,-0.6,-0.4,1.3,-1.1,1.3,1.5
479859.708334,1,1.5,1,2.1,0.7,-0.4,0.3,-0.6,-0.4,1.3,-1.1,1.3,1.5
479859.719502,1,1.4,1,2.1,0.7,-0.4,0.3,-0.6,-0.5,1.3,-1,1.3,1.5
479859.730596,1,1.4,1,2.1,0.7,-0.4,0.3,-0.5,-0.5,1.3,-1,1.3,1.5
479859.741724,1,1.4,0.9,2.1,0.7,-0.4,0.3,-0.5,-0.5,1.3,-1,1.2,1.4
479859.752777,1,1.3,0.8,2.1,0.7,-0.4,0.3,-0.4,-0.5,1.3,-1,1.2,1.4
479859.763919,1,1.2,0.7,2.1,0.7,-0.4,0.3,-0.4,-0.5,1.3,-1,1.1,1.4
479859.775067,1,1.1,0.6,2.1,0.7,-0.4,0.3,-0.4,-0.6,1.3,-1,1,1.3
479859.786243,1,1.1,0.5,2.1,0.7,-0.4,0.3,-0.4,-0.6,1.2,-1,0.9,1.3
479859.797534,1,1.1,0.5,2.1,0.7,-0.4,0.3,-0.3,-0.6,1.2,-1,0.8,1.2
479859.808368,1,1,0.4,2.1,0.8,-0.4,0.3,-0.3,-0.6,1.2,-1,0.7,1.2
479859.819520,1,0.9,0.2,2.1,0.8,-0.4,0.3,-0.3,-0.6,1.2,-1,0.5,1.1
479859.830585,1,0.8,0.1,2.1,0.8,-0.4,0.3,-0.3,-0.6,1.2,-1,0.5,1.1
479859.841708,1,0.7,0,2.1,0.8,-0.4,0.3,-0.3,-0.6,1.2,-1,0.4,1.1
479859.852761,1,0.7,-0.2,2.1,0.8,-0.4,0.3,-0.3,-0.6,1.2,-1,0.4,1
479859.863866,1,0.6,-0.3,2.2,0.8,-0.4,0.3,-0.2,-0.6,1.2,-1,0.3,1
479859.875019,1,0.6,-0.3,2.2,0.9,-0.5,0.3,-0.2,-0.6,1.2,-1,0.2,1
479859.886176,1,0.5,-0.3,2.2,0.9,-0.5,0.3,-0.2,-0.5,1.2,-1,0.2,0.9
479859.897519,1,0.5,-0.4,2.2,0.9,-0.5,0.3,-0.2,-0.5,1.2,-1,0.2,0.9
479859.908316,0,0.5,-0.4,2.2,0.9,-0.5,0.3,-0.2,-0.5,1.2,-1,0.2,0.9
479859.919448,0,0.5,-0.4,2.2,0.9,-0.5,0.3,-0.2,-0.5,1.2,-1,0.2,0.9
479859.930577,1,0.5,-0.4,2.2,0.9,-0.5,0.3,-0.3,-0.4,1.2,-1.1,0.2,0.9
479859.941749,1,0.5,-0.4,2.2,0.9,-0.5,0.3,-0.3,-0.4,1.2,-1.1,0.3,0.9
479859.952814,1,0.5,-0.4,2.2,0.9,-0.5,0.3,-0.3,-0.3,1.2,-1.1,0.3,0.9
479859.963883,1,0.5,-0.3,2.2,0.9,-0.5,0.3,-0.3,-0.3,1.2,-1.1,0.4,1
479859.975074,1,0.6,-0.2,2.2,0.9,-0.5,0.3,-0.4,-0.3,1.2,-1.1,0.4,1
479859.986313,1,0.6,-0.1,2.2,0.9,-0.5,0.3,-0.4,-0.2,1.2,-1.2,0.5,1
479859.997557,1,0.7,0,2.2,0.9,-0.5,0.3,-0.4,-0.2,1.2,-1.2,0.6,1
479860.008337,1,0.7,0,2.2,0.8,-0.4,0.3,-0.5,-0.2,1.2,-1.2,0.7,1.1
479860.019406,1,0.8,0.1,2.2,0.8,-0.4,0.3,-0.5,-0.2,1.3,-1.2,0.8,1.1
479860.030507,1,0.8,0.2,2.1,0.8,-0.4,0.3,-0.6,-0.2,1.3,-1.2,0.8,1.2
479860.041674,1,0.9,0.3,2.1,0.8,-0.4,0.3,-0.6,-0.2,1.3,-1.2,0.9,1.2
479860.052747,1,0.9,0.3,2.1,0.7,-0.4,0.3,-0.6,-0.2,1.3,-1.2,0.9,1.2
479860.063879,1,0.9,0.4,2.1,0.7,-0.4,0.3,-0.6,-0.2,1.3,-1.2,0.9,1.3
479860.075080,0,0.9,0.4,2.1,0.7,-0.4,0.3,-0.6,-0.2,1.3,-1.2,0.9,1.3
479860.086201,1,1,0.4,2.1,0.7,-0.4,0.3,-0.6,-0.2,1.3,-1.2,0.9,1.3
479860.097581,1,1,0.5,2.1,0.7,-0.4,0.3,-0.7,-0.2,1.3,-1.2,0.9,1.3
479860.108339,1,1,0.5,2.1,0.7,-0.4,0.3,-0.7,-0.2,1.3,-1.2,0.9,1.4
479860.119500,1,1.1,0.5,2.1,0.6,-0.4,0.3,-0.7,-0.3,1.3,-1.2,0.8,1.4
479860.130585,0,1.1,0.5,2.1,0.6,-0.4,0.3,-0.7,-0.3,1.3,-1.2,0.8,1.4
479860.141731,1,1.1,0.5,2.1,0.6,-0.3,0.3,-0.7,-0.3,1.3,-1.2,0.8,1.4
479860.152776,1,1.1,0.5,2.1,0.6,-0.3,0.3,-0.7,-0.3,1.3,-1.2,0.7,1.4
479860.163914,1,1,0.5,2.1,0.6,-0.3,0.3,-0.6,-0.3,1.3,-1.2,0.7,1.4
479860.175025,1,1,0.4,2.1,0.6,-0.3,0.3,-0.6,-0.3,1.3,-1.2,0.6,1.3
479860.186147,0,1,0.4,2.1,0.6,-0.3,0.3,-0.6,-0.3,1.3,-1.2,0.6,1.3
479860.197510,1,1,0.3,2.1,0.7,-0.4,0.3,-0.6,-0.3,1.3,-1.2,0.5,1.3
479860.208329,0,1,0.3,2.1,0.7,-0.4,0.3,-0.6,-0.3,1.3,-1.2,0.5,1.3
479860.219475,0,1,0.3,2.1,0.7,-0.4,0.3,-0.6,-0.3,1.3,-1.2,0.5,1.3
479860.230577,1,1,0.2,2.1,0.7,-0.4,0.3,-0.6,-0.3,1.3,-1.2,0.4,1.3
479860.241720,1,0.9,0.2,2.1,0.7,-0.4,0.3,-0.6,-0.3,1.3,-1.2,0.4,1.3
479860.263895,1,0.9,0.1,2.1,0.7,-0.4,0.3,-0.6,-0.2,1.3,-1.3,0.3,1.2
479860.275122,0,0.9,0.1,2.1,0.7,-0.4,0.3,-0.6,-0.2,1.3,-1.3,0.3,1.2
479860.286209,1,0.8,0,2.1,0.7,-0.4,0.3,-0.6,-0.2,1.3,-1.3,0.3,1.2
479860.297406,1,0.8,0,2.1,0.7,-0.4,0.3,-0.6,-0.2,1.3,-1.3,0.2,1.2
479860.308316,0,0.8,0,2.1,0.7,-0.4,0.3,-0.6,-0.2,1.3,-1.3,0.2,1.2
479860.319447,0,0.8,0,2.1,0.7,-0.4,0.3,-0.6,-0.2,1.3,-1.3,0.2,1.2
479860.330607,1,0.8,0,2.1,0.6,-0.3,0.3,-0.6,-0.2,1.3,-1.3,0.3,1.1
479860.341755,0,0.8,0,2.1,0.6,-0.3,0.3,-0.6,-0.2,1.3,-1.3,0.3,1.1
479860.352785,1,0.8,0,2.1,0.6,-0.3,0.3,-0.6,-0.2,1.2,-1.3,0.3,1.1
479860.363916,0,0.8,0,2.1,0.6,-0.3,0.3,-0.6,-0.2,1.2,-1.3,0.3,1.1
479860.375079,1,0.8,0,2.1,0.6,-0.3,0.3,-0.5,-0.3,1.2,-1.3,0.3,1.1
479860.386163,1,0.8,0,2.1,0.6,-0.3,0.3,-0.5,-0.3,1.2,-1.3,0.4,1.1
479860.397512,1,0.8,0,2.1,0.7,-0.3,0.3,-0.5,-0.4,1.2,-1.3,0.4,1.1
479860.408368,1,0.8,0.1,2.1,0.7,-0.3,0.3,-0.5,-0.4,1.2,-1.3,0.5,1.1
479860.419491,0,0.8,0.1,2.1,0.7,-0.3,0.3,-0.5,-0.4,1.2,-1.3,0.5,1.1
479860.430580,1,0.8,0.1,2.1,0.7,-0.4,0.3,-0.5,-0.5,1.2,-1.3,0.6,1.1
479860.441780,0,0.8,0.1,2.1,0.7,-0.4,0.3,-0.5,-0.5,1.2,-1.3,0.6,1.1
479860.452799,1,0.8,0.1,2.1,0.7,-0.3,0.3,-0.5,-0.5,1.2,-1.3,0.6,1.2
479860.463883,0,0.8,0.1,2.1,0.7,-0.3,0.3,-0.5,-0.5,1.2,-1.3,0.6,1.2
479860.475076,1,0.8,0.2,2.1,0.6,-0.3,0.3,-0.5,-0.5,1.2,-1.3,0.7,1.2
479860.486190,0,0.8,0.2,2.1,0.6,-0.3,0.3,-0.5,-0.5,1.2,-1.3,0.7,1.2
479860.497499,0,0.8,0.2,2.1,0.6,-0.3,0.3,-0.5,-0.5,1.2,-1.3,0.7,1.2
479860.508326,1,0.9,0.2,2.1,0.6,-0.3,0.3,-0.5,-0.5,1.2,-1.3,0.7,1.3
479860.519383,0,0.9,0.2,2.1,0.6,-0.3,0.3,-0.5,-0.5,1.2,-1.3,0.7,1.3
479860.530564,1,0.9,0.2,2.1,0.6,-0.3,0.2,-0.5,-0.5,1.2,-1.3,0.6,1.3
479860.541810,1,0.9,0.2,2.1,0.7,-0.4,0.3,-0.5,-0.5,1.2,-1.3,0.6,1.3
479860.552877,0,0.9,0.2,2.1,0.7,-0.4,0.3,-0.5,-0.5,1.2,-1.3,0.6,1.3
479860.563913,0,0.9,0.2,2.1,0.7,-0.4,0.3,-0.5,-0.5,1.2,-1.3,0.6,1.3
479860.575091,1,0.8,0.2,2.1,0.7,-0.4,0.3,-0.5,-0.4,1.2,-1.3,0.6,1.3
479860.586175,0,0.8,0.2,2.1,0.7,-0.4,0.3,-0.5,-0.4,1.2,-1.3,0.6,1.3
479860.597441,0,0.8,0.2,2.1,0.7,-0.4,0.3,-0.5,-0.4,1.2,-1.3,0.6,1.3
479860.608388,1,0.8,0.2,2.1,0.7,-0.4,0.3,-0.5,-0.3,1.2,-1.3,0.5,1.3
479860.619515,1,0.8,0.2,2,0.7,-0.4,0.3,-0.5,-0.3,1.3,-1.3,0.5,1.3
479860.630613,1,0.8,0.2,2,0.6,-0.4,0.3,-0.6,-0.3,1.3,-1.3,0.5,1.3
479860.641747,0,0.8,0.2,2,0.6,-0.4,0.3,-0.6,-0.3,1.3,-1.3,0.5,1.3
479860.652737,1,0.8,0.2,2,0.6,-0.4,0.3,-0.6,-0.2,1.3,-1.3,0.4,1.3
479860.663901,0,0.8,0.2,2,0.6,-0.4,0.3,-0.6,-0.2,1.3,-1.3,0.4,1.3
479860.675096,0,0.8,0.2,2,0.6,-0.4,0.3,-0.6,-0.2,1.3,-1.3,0.4,1.3
479860.686175,0,0.8,0.2,2,0.6,-0.4,0.3,-0.6,-0.2,1.3,-1.3,0.4,1.3
479860.697492,0,0.8,0.2,2,0.6,-0.4,0.3,-0.6,-0.2,1.3,-1.3,0.4,1.3
479860.708355,0,0.8,0.2,2,0.6,-0.4,0.3,-0.6,-0.2,1.3,-1.3,0.4,1.3
479860.719426,0,0.8,0.2,2,0.6,-0.4,0.3,-0.6,-0.2,1.3,-1.3,0.4,1.3
479860.730561,1,0.8,0.1,2,0.6,-0.4,0.3,-0.6,-0.2,1.3,-1.3,0.3,1.3
479860.741762,1,0.8,0.1,2,0.6,-0.4,0.3,-0.6,-0.1,1.3,-1.2,0.3,1.3
479860.752777,0,0.8,0.1,2,0.6,-0.4,0.3,-0.6,-0.1,1.3,-1.2,0.3,1.3
479860.763891,1,0.7,0.1,2,0.6,-0.4,0.3,-0.5,-0.1,1.3,-1.2,0.3,1.3
479860.775090,1,0.7,0.1,2,0.6,-0.4,0.3,-0.5,-0.1,1.3,-1.2,0.2,1.2
479860.786172,1,0.7,0,2,0.6,-0.4,0.3,-0.5,-0.1,1.3,-1.2,0.2,1.2
479860.797348,1,0.7,0,2,0.6,-0.3,0.3,-0.5,-0.1,1.3,-1.1,0.1,1.2
479860.808354,1,0.7,-0.1,2,0.6,-0.3,0.3,-0.4,-0.1,1.3,-1.1,0.1,1.2
479860.819456,1,0.7,-0.1,2,0.6,-0.4,0.3,-0.4,-0.1,1.3,-1.1,0.1,1.2
479860.830590,1,0.7,-0.2,2,0.6,-0.4,0.3,-0.4,-0.1,1.3,-1.1,0,1.2
479860.841675,1,0.7,-0.2,2,0.6,-0.4,0.3,-0.4,-0.1,1.3,-1,-0.1,1.2
479860.852749,1,0.6,-0.2,2,0.7,-0.4,0.3,-0.3,-0.1,1.3,-1,-0.1,1.1
479860.863871,1,0.6,-0.3,2,0.7,-0.4,0.3,-0.3,-0.1,1.3,-1,-0.2,1.1
479860.875084,0,0.6,-0.3,2,0.7,-0.4,0.3,-0.3,-0.1,1.3,-1,-0.2,1.1
479860.886176,1,0.6,-0.4,2,0.7,-0.4,0.3,-0.3,-0.1,1.3,-0.9,-0.2,1.1
479860.897432,1,0.5,-0.4,2,0.7,-0.4,0.3,-0.2,-0.1,1.3,-0.9,-0.2,1.1
479860.908341,1,0.5,-0.4,2,0.7,-0.4,0.3,-0.2,-0.1,1.3,-0.9,-0.3,1
479860.919487,1,0.5,-0.5,2,0.8,-0.4,0.3,-0.2,-0.2,1.2,-1,-0.2,1
479860.930598,1,0.5,-0.5,2,0.6,-0.3,0.2,-0.2,-0.2,1.2,-1,-0.2,0.9
479860.941740,1,0.5,-0.5,2,0.6,-0.3,0.2,-0.1,-0.2,1.2,-1,-0.1,0.9
479860.952796,1,0.5,-0.5,2.1,0.6,-0.3,0.2,0,-0.3,1.2,-1,-0.1,0.9
479860.963896,1,0.5,-0.5,2.1,0.6,-0.3,0.2,0.1,-0.3,1.2,-1.1,0,0.9
479860.975109,1,0.5,-0.5,2.1,0.6,-0.3,0.2,0,-0.3,1.2,-1.1,0,0.9
479860.986174,1,0.5,-0.5,2.1,0.6,-0.3,0.2,0,-0.3,1.2,-1.1,0.1,0.9
479860.997502,1,0.5,-0.5,2.1,0.6,-0.3,0.2,0,-0.4,1.1,-1.2,0.2,0.9
479861.008394,1,0.5,-0.4,2.2,0.8,-0.3,0.3,0,-0.4,1.1,-1.2,0.3,0.9
479861.019499,1,0.5,-0.4,2.2,0.8,-0.3,0.3,-0.1,-0.4,1.1,-1.3,0.4,0.9
479861.030605,1,0.6,-0.4,2.2,0.8,-0.3,0.3,-0.2,-0.5,1.1,-1.3,0.5,0.9
479861.041744,1,0.6,-0.3,2.2,0.7,-0.3,0.2,-0.3,-0.5,1.1,-1.4,0.5,0.9
479861.052820,1,0.6,-0.3,2.2,0.7,-0.3,0.2,-0.4,-0.5,1.1,-1.4,0.5,0.9
479861.063885,1,0.6,-0.3,2.2,0.7,-0.3,0.2,-0.4,-0.5,1.1,-1.4,0.6,1
479861.075075,1,0.7,-0.2,2.2,0.7,-0.3,0.2,-0.5,-0.5,1.1,-1.5,0.7,1
479861.086179,1,0.7,-0.2,2.2,0.6,-0.3,0.2,-0.5,-0.5,1.1,-1.5,0.7,1
479861.097513,1,0.8,-0.1,2.2,0.6,-0.3,0.2,-0.6,-0.4,1.1,-1.5,0.7,1.1
479861.108366,1,0.8,-0.1,2.2,0.6,-0.3,0.2,-0.6,-0.4,1.2,-1.5,0.7,1.1
479861.119467,0,0.8,-0.1,2.2,0.6,-0.3,0.2,-0.6,-0.4,1.2,-1.5,0.7,1.1
479861.130600,1,0.9,0,2.2,0.5,-0.3,0.2,-0.6,-0.4,1.2,-1.6,0.8,1.1
479861.141714,1,0.9,0,2.2,0.5,-0.3,0.2,-0.6,-0.4,1.2,-1.6,0.8,1.2
479861.152716,1,1,0.1,2.2,0.5,-0.2,0.2,-0.6,-0.4,1.2,-1.6,0.8,1.2
479861.163859,1,1,0.1,2.2,0.5,-0.2,0.2,-0.6,-0.4,1.3,-1.5,0.8,1.2
479861.175043,1,1,0.2,2.2,0.5,-0.2,0.2,-0.6,-0.4,1.3,-1.5,0.8,1.3
479861.186072,0,1,0.2,2.2,0.5,-0.2,0.2,-0.6,-0.4,1.3,-1.5,0.8,1.3
479861.197383,1,1.1,0.2,2.2,0.4,-0.2,0.2,-0.6,-0.4,1.3,-1.5,0.8,1.3
479861.208341,1,1.1,0.3,2.2,0.4,-0.2,0.2,-0.6,-0.3,1.4,-1.5,0.8,1.3
479861.219506,0,1.1,0.3,2.2,0.4,-0.2,0.2,-0.6,-0.3,1.4,-1.5,0.8,1.3
479861.230607,1,1.1,0.4,2.1,0.4,-0.2,0.2,-0.6,-0.3,1.4,-1.4,0.7,1.4
479861.241769,1,1.1,0.4,2.1,0.4,-0.2,0.2,-0.5,-0.2,1.4,-1.4,0.7,1.4
479861.252771,1,1.1,0.4,2.1,0.4,-0.2,0.2,-0.5,-0.2,1.5,-1.4,0.7,1.4
479861.263930,1,1.1,0.4,2.1,0.4,-0.2,0.2,-0.5,-0.2,1.5,-1.3,0.6,1.4
479861.275103,1,1.1,0.3,2.1,0.4,-0.2,0.2,-0.5,-0.1,1.5,-1.3,0.6,1.4
479861.286175,1,1.1,0.3,2.1,0.4,-0.2,0.2,-0.5,-0.1,1.5,-1.3,0.5,1.4
479861.297510,1,1,0.2,2.1,0.4,-0.2,0.2,-0.5,-0.1,1.5,-1.3,0.4,1.4
479861.308389,1,1,0.1,2.1,0.4,-0.2,0.2,-0.4,0,1.5,-1.2,0.2,1.3
479861.319498,1,1,0.1,2.1,0.4,-0.2,0.2,-0.4,0,1.5,-1.2,0.1,1.3
479861.330613,1,0.9,0,2.1,0.4,-0.2,0.2,-0.4,0,1.5,-1.2,0.1,1.2
479861.341766,1,0.8,-0.1,2.1,0.5,-0.2,0.2,-0.4,0,1.5,-1.2,0.1,1.2
479861.352762,1,0.8,-0.2,2.1,0.5,-0.2,0.2,-0.4,0,1.5,-1.2,0,1.2
479861.363967,1,0.8,-0.3,2.1,0.5,-0.2,0.2,-0.4,0,1.5,-1.2,0,1.2
479861.375089,1,0.7,-0.4,2.1,0.5,-0.2,0.2,-0.3,-0.1,1.5,-1.2,-0.1,1.1
479861.386171,1,0.7,-0.4,2.1,0.5,-0.2,0.2,-0.3,-0.1,1.4,-1.2,-0.1,1.1
479861.397493,1,0.7,-0.5,2.1,0.5,-0.2,0.2,-0.3,-0.2,1.4,-1.2,-0.1,1
479861.408388,1,0.6,-0.6,2.2,0.5,-0.2,0.2,-0.2,-0.2,1.4,-1.2,-0.2,1
479861.419531,1,0.6,-0.6,2.2,0.5,-0.2,0.2,-0.2,-0.3,1.3,-1.2,-0.2,1
479861.430642,1,0.5,-0.7,2.2,0.6,-0.2,0.2,-0.2,-0.4,1.3,-1.2,-0.2,1
479861.441820,1,0.5,-0.7,2.2,0.6,-0.2,0.2,-0.2,-0.4,1.3,-1.2,-0.2,0.9
479861.452758,1,0.5,-0.8,2.3,0.6,-0.2,0.2,-0.2,-0.4,1.3,-1.2,-0.1,0.9
479861.463907,1,0.5,-0.8,2.3,0.6,-0.2,0.2,-0.2,-0.5,1.3,-1.2,-0.1,0.9
479861.475090,1,0.5,-0.8,2.3,0.6,-0.2,0.2,-0.2,-0.5,1.3,-1.3,-0.1,0.9
479861.486151,0,0.5,-0.8,2.3,0.6,-0.2,0.2,-0.2,-0.5,1.3,-1.3,-0.1,0.9
479861.497507,1,0.5,-0.8,2.3,0.6,-0.2,0.2,-0.3,-0.5,1.3,-1.3,-0.1,0.9
479861.508374,1,0.5,-0.8,2.3,0.6,-0.2,0.2,-0.3,-0.5,1.3,-1.3,0,0.9
479861.519497,1,0.5,-0.8,2.3,0.6,-0.2,0.2,-0.3,-0.5,1.3,-1.4,0.1,0.9
479861.530645,1,0.5,-0.8,2.3,0.5,-0.2,0.2,-0.4,-0.5,1.3,-1.5,0.1,0.9
479861.541796,1,0.5,-0.8,2.3,0.5,-0.2,0.2,-0.4,-0.5,1.3,-1.5,0.2,1
479861.552833,1,0.5,-0.7,2.4,0.5,-0.2,0.2,-0.5,-0.5,1.3,-1.6,0.3,1
479861.563927,1,0.6,-0.7,2.4,0.5,-0.2,0.1,-0.5,-0.4,1.3,-1.6,0.3,1
479861.575097,1,0.6,-0.6,2.4,0.5,-0.2,0.1,-0.6,-0.4,1.3,-1.7,0.4,1
479861.586184,1,0.6,-0.6,2.4,0.5,-0.2,0.1,-0.6,-0.4,1.3,-1.7,0.5,1.1
479861.597510,1,0.6,-0.6,2.4,0.4,-0.2,0.1,-0.6,-0.4,1.3,-1.8,0.5,1.1
479861.608392,1,0.6,-0.5,2.4,0.4,-0.2,0.1,-0.7,-0.3,1.4,-1.8,0.6,1.1
479861.619451,1,0.7,-0.4,2.4,0.4,-0.2,0.1,-0.7,-0.3,1.4,-1.8,0.6,1.1
479861.630553,1,0.7,-0.4,2.4,0.4,-0.2,0.1,-0.7,-0.3,1.4,-1.8,0.6,1.2
479861.641775,1,0.7,-0.3,2.4,0.4,-0.2,0.1,-0.7,-0.2,1.4,-1.8,0.6,1.2
479861.652769,1,0.8,-0.2,2.4,0.3,-0.2,0.1,-0.7,-0.2,1.4,-1.8,0.6,1.2
479861.663915,1,0.8,-0.1,2.4,0.3,-0.2,0.1,-0.8,-0.2,1.4,-1.8,0.6,1.2
479861.675079,0,0.8,-0.1,2.4,0.3,-0.2,0.1,-0.8,-0.2,1.4,-1.8,0.6,1.2
479861.686190,1,0.9,-0.1,2.3,0.3,-0.2,0.1,-0.7,-0.2,1.4,-1.7,0.6,1.3
479861.697476,1,0.9,0,2.3,0.3,-0.2,0.1,-0.7,-0.1,1.5,-1.7,0.6,1.3
479861.708377,1,1,0.1,2.3,0.3,-0.2,0.1,-0.7,-0.1,1.5,-1.7,0.6,1.3
479861.719471,1,1,0.2,2.3,0.3,-0.2,0.1,-0.7,-0.1,1.5,-1.6,0.6,1.4
479861.730590,1,1,0.2,2.2,0.3,-0.1,0.1,-0.6,-0.1,1.5,-1.6,0.6,1.4
479861.741775,1,1,0.2,2.2,0.3,-0.1,0.1,-0.6,-0.1,1.6,-1.5,0.6,1.4
479861.752741,1,1.1,0.3,2.2,0.3,-0.1,0.1,-0.6,-0.1,1.6,-1.4,0.6,1.5
479861.763903,1,1.1,0.3,2.2,0.3,-0.1,0.1,-0.6,-0.1,1.6,-1.4,0.5,1.5
479861.775052,1,1.1,0.4,2.1,0.3,-0.1,0.1,-0.5,-0.1,1.6,-1.3,0.5,1.5
479861.786164,1,1.1,0.4,2.1,0,0,0,-0.5,-0.2,1.6,-1.2,0.4,1.5
479861.797512,1,1.1,0.3,2.1,0,0,0,-0.4,-0.2,1.6,-1.2,0.4,1.5
479861.808377,1,1.1,0.3,2.1,0,0,0,-0.4,-0.2,1.6,-1.1,0.4,1.5
479861.819490,1,1.1,0.3,2.1,0,0,0,-0.3,-0.3,1.6,-1.1,0.3,1.4
479861.830615,1,1,0.3,2.1,0,0,0,-0.3,-0.3,1.6,-1,0.3,1.4
479861.841741,1,1,0.2,2,0,0,0,-0.3,-0.4,1.5,-0.9,0.2,1.4
479861.852770,1,1,0.1,2,0,0,0,-0.2,-0.5,1.5,-0.9,0.1,1.4
479861.863915,1,0.9,0,2,0,0,0,-0.2,-0.5,1.5,-0.9,0.1,1.4
479861.875107,1,0.9,0,2,0,0,0,-0.2,-0.6,1.5,-0.9,0.1,1.3
479861.886158,1,0.9,0,2,0,0,0,-0.1,-0.7,1.4,-0.8,0,1.3
479861.897636,1,0.8,-0.1,2,0,0,0,-0.1,-0.7,1.4,-0.8,0,1.2
479861.908357,1,0.8,-0.2,2,0,0,0,-0.1,-0.7,1.4,-0.8,-0.1,1.2
479861.919498,1,0.7,-0.3,2.1,0,0,0,-0.1,-0.7,1.4,-0.8,-0.1,1.2
479861.930582,1,0.7,-0.4,2.1,0,0,0,-0.1,-0.8,1.4,-0.8,-0.1,1.1
479861.941778,1,0.7,-0.5,2.1,0,0,0,-0.1,-0.8,1.4,-0.8,-0.1,1.1
479861.952794,1,0.7,-0.5,2.1,0,0,0,-0.1,-0.8,1.4,-0.8,-0.2,1.1
479861.963913,1,0.6,-0.5,2.1,0,0,0,-0.1,-0.8,1.4,-0.8,-0.2,1.1
479861.975120,1,0.6,-0.5,2.1,0,0,0,-0.2,-0.8,1.3,-0.9,-0.1,1.1
479861.986185,1,0.6,-0.6,2.2,0,0,0,-0.2,-0.8,1.3,-0.9,-0.1,1
479861.997616,1,0.6,-0.6,2.2,0,0,0,-0.2,-0.7,1.3,-1,0,1
479862.008407,1,0.7,-0.5,2.2,0,0,0,-0.3,-0.7,1.3,-1,0,1.1
479862.019472,0,0.7,-0.5,2.2,0,0,0,-0.3,-0.7,1.3,-1,0,1.1
479862.030583,1,0.7,-0.5,2.2,0,0,0,-0.4,-0.7,1.3,-1.1,0.1,1.1
479862.041729,1,0.7,-0.4,2.2,0,0,0,-0.4,-0.6,1.3,-1.2,0.2,1.1
479862.052749,1,0.8,-0.3,2.2,0,0,0,-0.5,-0.6,1.3,-1.2,0.3,1.1
479862.063906,1,0.9,-0.2,2.2,0,0,0,-0.5,-0.6,1.3,-1.3,0.4,1.2
479862.075094,1,0.9,-0.1,2.2,0,0,0,-0.5,-0.6,1.3,-1.3,0.5,1.2
479862.086200,0,0.9,-0.1,2.2,0,0,0,-0.5,-0.6,1.3,-1.3,0.5,1.2
479862.097575,1,1,0,2.2,0,0,0,-0.6,-0.5,1.4,-1.4,0.6,1.2
479862.108459,1,1,0.1,2.2,0,0,0,-0.6,-0.5,1.4,-1.4,0.6,1.3
479862.119490,1,1.1,0.2,2.2,0,0,0,-0.6,-0.5,1.4,-1.4,0.7,1.3
479862.130622,1,1.1,0.2,2.2,0,0,0,-0.6,-0.4,1.4,-1.5,0.8,1.3
479862.141759,1,1.1,0.3,2.2,0,0,0,-0.6,-0.4,1.4,-1.5,0.8,1.4
479862.152810,0,1.1,0.3,2.2,0,0,0,-0.6,-0.4,1.4,-1.5,0.8,1.4
479862.163912,0,1.1,0.3,2.2,0,0,0,-0.6,-0.4,1.4,-1.5,0.8,1.4
479862.175121,1,1.2,0.3,2.2,0,0,0,-0.6,-0.4,1.4,-1.5,0.8,1.4
479862.186195,1,1.2,0.4,2.2,0,0,0,-0.6,-0.3,1.4,-1.5,0.9,1.4
479862.197637,1,1.2,0.4,2.2,0,0,0,-0.6,-0.3,1.5,-1.5,0.9,1.4
479862.208410,1,1.2,0.4,2.1,0,0,0,-0.6,-0.3,1.5,-1.5,0.9,1.5
479862.219487,1,1.2,0.4,2.1,0,0,0,-0.6,-0.3,1.5,-1.4,0.9,1.5
479862.230640,1,1.2,0.4,2.1,0,0,0,-0.5,-0.3,1.5,-1.4,0.8,1.5
479862.241820,0,1.2,0.4,2.1,0,0,0,-0.5,-0.3,1.5,-1.4,0.8,1.5
479862.252801,1,1.1,0.4,2.1,0,0,0,-0.4,-0.4,1.5,-1.3,0.8,1.5
479862.263950,1,1.1,0.3,2.1,0,0,0,-0.4,-0.4,1.5,-1.3,0.8,1.5
479862.275126,1,1.1,0.3,2,0,0,0,-0.3,-0.4,1.5,-1.2,0.8,1.5
479862.286221,1,1.1,0.3,2,0,0,0,-0.3,-0.5,1.5,-1.2,0.7,1.5
479862.297623,1,1.1,0.3,2,0,0,0,-0.3,-0.5,1.5,-1.1,0.7,1.5
479862.308415,1,1,0.3,2,0,0,0,-0.2,-0.5,1.5,-1,0.7,1.5
479862.319525,1,1,0.2,2,0,0,0,-0.2,-0.6,1.5,-1,0.7,1.5
479862.341800,1,0.9,0,1.9,0,0,0,-0.1,-0.7,1.5,-0.9,0.5,1.4
479862.352799,1,0.9,0,1.9,0,0,0,0,-0.8,1.5,-0.8,0.5,1.4
479862.363932,1,0.8,0,1.9,0,0,0,0,-0.8,1.5,-0.8,0.4,1.3
479862.375101,0,0.8,0,1.9,0,0,0,0,-0.8,1.5,-0.8,0.4,1.3
479862.386210,1,0.8,-0.1,1.9,0,0,0,0,-0.8,1.5,-0.8,0.4,1.3
479862.397646,1,0.7,-0.2,1.9,0,0,0,0,-0.8,1.4,-0.8,0.3,1.3
479862.408409,1,0.7,-0.2,1.9,0,0,0,0,-0.8,1.4,-0.8,0.3,1.2
479862.419500,1,0.7,-0.2,1.9,0,0,0,-0.1,-0.8,1.4,-0.8,0.2,1.2
479862.430662,1,0.7,-0.3,1.9,0,0,0,-0.1,-0.8,1.4,-0.8,0.2,1.2
479862.441793,1,0.7,-0.3,2,0,0,0,-0.1,-0.8,1.4,-0.9,0.2,1.2
479862.452816,0,0.7,-0.3,2,0,0,0,-0.1,-0.8,1.4,-0.9,0.2,1.2
479862.463923,1,0.7,-0.3,2,0,0,0,-0.2,-0.7,1.4,-0.9,0.2,1.2
479862.475073,1,0.7,-0.3,2,0,0,0,-0.2,-0.6,1.4,-0.9,0.2,1.2
479862.486188,1,0.7,-0.3,2,0,0,0,-0.3,-0.6,1.4,-1,0.2,1.2
479862.497602,1,0.7,-0.3,2,0,0,0,-0.3,-0.5,1.4,-1,0.2,1.2
479862.508413,1,0.8,-0.3,2,0,0,0,-0.4,-0.5,1.4,-1.1,0.3,1.2
479862.519534,0,0.8,-0.3,2,0,0,0,-0.4,-0.5,1.4,-1.1,0.3,1.2
479862.530615,1,0.8,-0.2,2,0,0,0,-0.5,-0.4,1.4,-1.2,0.3,1.2
479862.541792,1,0.9,-0.2,2,0,0,0,-0.5,-0.3,1.4,-1.2,0.3,1.2
479862.552853,0,0.9,-0.2,2,0,0,0,-0.5,-0.3,1.4,-1.2,0.3,1.2
479862.563923,1,0.9,-0.2,2,0,0,0,-0.6,-0.2,1.5,-1.3,0.4,1.3
479862.575117,1,0.9,-0.1,2,0,0,0,-0.6,-0.2,1.5,-1.3,0.4,1.3
479862.586227,1,1,-0.1,2,0,0,0,-0.6,-0.2,1.5,-1.3,0.4,1.3
479862.597602,0,1,-0.1,2,0,0,0,-0.6,-0.2,1.5,-1.3,0.4,1.3
479862.608415,1,1,0,2,0,0,0,-0.6,-0.1,1.5,-1.4,0.5,1.3
479862.619530,0,1,0,2,0,0,0,-0.6,-0.1,1.5,-1.4,0.5,1.3
479862.630654,0,1,0,2,0,0,0,-0.6,-0.1,1.5,-1.4,0.5,1.3
479862.641818,1,1.1,0,2,0,0,0,-0.6,-0.1,1.5,-1.4,0.5,1.4
479862.652856,1,1.1,0.1,2,0,0,0,-0.6,-0.1,1.4,-1.4,0.6,1.4
479862.663924,0,1.1,0.1,2,0,0,0,-0.6,-0.1,1.4,-1.4,0.6,1.4
479862.675130,0,1.1,0.1,2,0,0,0,-0.6,-0.1,1.4,-1.4,0.6,1.4
479862.686240,0,1.1,0.1,2,0,0,0,-0.6,-0.1,1.4,-1.4,0.6,1.4
479862.697600,0,1.1,0.1,2,0,0,0,-0.6,-0.1,1.4,-1.4,0.6,1.4
479862.708430,1,1.1,0.2,2,0,0,0,-0.6,-0.1,1.4,-1.4,0.6,1.4
479862.719546,1,1.1,0.2,2,0,0,0,-0.6,-0.1,1.4,-1.5,0.7,1.4
479862.730647,0,1.1,0.2,2,0,0,0,-0.6,-0.1,1.4,-1.5,0.7,1.4
479862.741853,0,1.1,0.2,2,0,0,0,-0.6,-0.1,1.4,-1.5,0.7,1.4
479862.752851,1,1.2,0.3,1.9,0,0,0,-0.6,-0.1,1.4,-1.5,0.7,1.4
479862.763955,0,1.2,0.3,1.9,0,0,0,-0.6,-0.1,1.4,-1.5,0.7,1.4
479862.775136,0,1.2,0.3,1.9,0,0,0,-0.6,-0.1,1.4,-1.5,0.7,1.4
479862.786206,0,1.2,0.3,1.9,0,0,0,-0.6,-0.1,1.4,-1.5,0.7,1.4
479862.797630,1,1.2,0.4,1.9,0,0,0,-0.6,-0.1,1.4,-1.5,0.8,1.4
479862.808417,0,1.2,0.4,1.9,0,0,0,-0.6,-0.1,1.4,-1.5,0.8,1.4
479862.819542,0,1.2,0.4,1.9,0,0,0,-0.6,-0.1,1.4,-1.5,0.8,1.4
479862.830663,0,1.2,0.4,1.9,0,0,0,-0.6,-0.1,1.4,-1.5,0.8,1.4
479862.841792,1,1.2,0.4,1.9,0,0,0,-0.5,-0.1,1.4,-1.5,0.9,1.4
479862.852797,1,1.2,0.5,1.9,0,0,0,-0.5,-0.1,1.4,-1.5,0.9,1.4
479862.863924,0,1.2,0.5,1.9,0,0,0,-0.5,-0.1,1.4,-1.5,0.9,1.4
479862.875084,0,1.2,0.5,1.9,0,0,0,-0.5,-0.1,1.4,-1.5,0.9,1.4
479862.886193,0,1.2,0.5,1.9,0,0,0,-0.5,-0.1,1.4,-1.5,0.9,1.4
479862.897598,1,1.1,0.6,1.9,0,0,0,-0.5,-0.1,1.4,-1.5,0.9,1.4
479862.908424,1,1.1,0.6,1.9,0,0,0,-0.4,-0.1,1.4,-1.5,1,1.4
479862.919546,1,1.1,0.6,1.8,0,0,0,-0.4,-0.1,1.4,-1.4,1,1.4
479862.930663,0,1.1,0.6,1.8,0,0,0,-0.4,-0.1,1.4,-1.4,1,1.4
479862.941839,1,1.1,0.6,1.8,0,0,0,-0.3,-0.1,1.5,-1.4,1,1.4
479862.952905,1,1.1,0.7,1.8,0,0,0,-0.3,-0.1,1.5,-1.3,1,1.4
479862.963935,1,1,0.7,1.8,0,0,0,-0.2,-0.2,1.5,-1.3,1,1.4
479862.975117,1,1,0.7,1.8,0,0,0,-0.2,-0.2,1.5,-1.3,1,1.3
479862.986211,1,1,0.7,1.8,0,0,0,-0.2,-0.2,1.5,-1.2,1,1.3
479862.997639,1,1,0.7,1.8,0,0,0,-0.1,-0.2,1.5,-1.2,1,1.3
479863.008412,1,0.9,0.6,1.7,0,0,0,-0.1,-0.3,1.5,-1.1,0.9,1.3
479863.019515,1,0.9,0.6,1.7,0,0,0,0,-0.3,1.5,-1.1,0.9,1.3
479863.030652,1,0.8,0.6,1.7,0,0,0,0,-0.4,1.5,-1.1,0.9,1.2
479863.041796,1,0.8,0.6,1.7,0,0,0,0.1,-0.5,1.5,-1,0.9,1.2
479863.052804,1,0.7,0.5,1.7,0,0,0,0.1,-0.5,1.5,-1,0.8,1.2
479863.063957,1,0.7,0.4,1.7,0,0,0,0.1,-0.5,1.4,-1,0.7,1.1
479863.075145,1,0.6,0.3,1.7,0,0,0,0.1,-0.6,1.4,-0.9,0.7,1
479863.086214,1,0.5,0.2,1.8,0,0,0,0.2,-0.7,1.4,-0.9,0.6,1
479863.097575,1,0.5,0.1,1.8,0,0,0,0.2,-0.7,1.3,-0.9,0.6,1
479863.108424,1,0.5,0,1.8,0,0,0,0.2,-0.8,1.3,-0.9,0.5,0.9
479863.119539,0,0.5,0,1.8,0,0,0,0.2,-0.8,1.3,-0.9,0.5,0.9
479863.130668,1,0.4,-0.1,1.8,0,0,0,0.2,-0.8,1.3,-0.9,0.5,0.8
479863.141821,1,0.4,-0.1,1.8,0,0,0,0.2,-0.8,1.3,-0.8,0.4,0.8
479863.152801,1,0.4,-0.2,1.8,0,0,0,0.2,-0.8,1.3,-0.9,0.4,0.8
479863.163890,1,0.4,-0.2,1.9,0,0,0,0.1,-0.8,1.4,-0.9,0.4,0.8
479863.175067,1,0.4,-0.2,1.9,0,0,0,0.1,-0.7,1.4,-0.9,0.4,0.8
479863.186160,1,0.4,-0.2,1.9,0,0,0,0,-0.6,1.4,-0.9,0.4,0.8
479863.197541,1,0.4,-0.2,1.9,0,0,0,0,-0.6,1.5,-0.9,0.5,0.8
479863.208392,1,0.5,-0.2,1.9,0,0,0,-0.1,-0.5,1.5,-1,0.5,0.8
479863.219564,0,0.5,-0.2,1.9,0,0,0,-0.1,-0.5,1.5,-1,0.5,0.8
479863.230671,1,0.5,-0.1,1.9,0,0,0,-0.1,-0.4,1.6,-1,0.5,0.9
479863.241831,1,0.6,-0.1,1.9,0,0,0,-0.2,-0.3,1.6,-1.1,0.6,0.9
479863.252842,1,0.6,-0.1,1.9,0,0,0,-0.3,-0.3,1.6,-1.1,0.6,0.9
479863.263963,1,0.6,0,1.9,0,0,0,-0.3,-0.2,1.7,-1.1,0.6,0.9
479863.275136,1,0.6,0,1.9,0,0,0,-0.3,-0.2,1.7,-1.1,0.6,1
479863.286210,1,0.7,0.1,1.9,0,0,0,-0.4,-0.1,1.7,-1.1,0.6,1
479863.297586,1,0.7,0.1,1.9,0,0,0,-0.4,-0.1,1.7,-1.1,0.7,1
479863.308418,1,0.7,0.2,1.9,0,0,0,-0.4,-0.1,1.7,-1.2,0.7,1
479863.319504,1,0.8,0.2,1.9,0,0,0,-0.4,-0.1,1.7,-1.2,0.8,1
479863.330636,0,0.8,0.2,1.9,0,0,0,-0.4,-0.1,1.7,-1.2,0.8,1
479863.341797,1,0.8,0.3,1.9,0,0,0,-0.4,-0.1,1.7,-1.2,0.8,1.1
479863.352807,1,0.8,0.4,1.8,0,0,0,-0.4,-0.1,1.7,-1.2,0.9,1.1
479863.363955,1,0.8,0.4,1.8,0,0,0,-0.4,-0.1,1.7,-1.1,0.9,1.1
479863.375119,1,0.8,0.5,1.8,0,0,0,-0.4,-0.1,1.7,-1.1,0.9,1.1
479863.386167,1,0.9,0.5,1.8,0,0,0,-0.4,-0.1,1.7,-1.1,1,1.2
479863.397692,1,0.9,0.6,1.8,0,0,0,-0.3,-0.1,1.7,-1.1,1,1.2
479863.408416,0,0.9,0.6,1.8,0,0,0,-0.3,-0.1,1.7,-1.1,1,1.2
479863.419563,1,0.9,0.6,1.8,0,0,0,-0.3,-0.2,1.7,-1.1,1.1,1.2
479863.430586,1,0.9,0.7,1.8,0,0,0,-0.3,-0.2,1.7,-1,1.1,1.2
479863.441796,1,0.8,0.7,1.8,0,0,0,-0.3,-0.2,1.7,-1,1.1,1.2
479863.452764,1,0.8,0.7,1.7,0,0,0,-0.3,-0.2,1.7,-1,1,1.2
479863.463957,1,0.8,0.7,1.7,0,0,0,-0.2,-0.2,1.7,-1,1,1.2
479863.475142,1,0.8,0.7,1.7,0,0,0,-0.2,-0.2,1.8,-1,1,1.2
479863.486170,1,0.7,0.6,1.7,0,0,0,-0.2,-0.2,1.8,-1,0.9,1.2
479863.497583,1,0.7,0.5,1.7,0,0,0,-0.2,-0.2,1.8,-1,0.8,1.1
479863.508439,1,0.6,0.5,1.7,0,0,0,-0.2,-0.1,1.8,-1,0.8,1.1
479863.519524,1,0.5,0.3,1.7,0,0,0,-0.2,-0.1,1.8,-1,0.6,1
479863.530685,1,0.5,0.3,1.7,0,0,0,-0.2,-0.1,1.8,-1,0.5,1
479863.541817,1,0.5,0.2,1.7,0,0,0,-0.2,0,1.8,-1,0.4,0.9
479863.552804,1,0.4,0.1,1.7,0,0,0,-0.1,0,1.8,-1,0.4,0.9
479863.563944,1,0.4,0,1.7,0,0,0,-0.1,0,1.7,-1,0.4,0.9
479863.575138,1,0.3,-0.1,1.8,0,0,0,-0.1,0,1.7,-1,0.3,0.8
479863.586313,1,0.3,-0.2,1.8,0,0,0,-0.1,0,1.7,-1,0.2,0.8
479863.597538,1,0.3,-0.2,1.8,0,0,0,-0.1,0,1.7,-1,0.2,0.7
479863.608445,1,0.3,-0.2,1.8,0,0,0,-0.1,-0.1,1.7,-1.1,0.2,0.7
479863.619552,1,0.3,-0.3,1.8,0,0,0,-0.1,-0.1,1.6,-1.1,0.2,0.7
479863.630634,1,0.3,-0.3,1.9,0,0,0,-0.1,-0.1,1.6,-1.1,0.2,0.7
479863.641776,1,0.3,-0.4,1.9,0,0,0,-0.2,-0.1,1.6,-1.1,0.2,0.7
479863.652809,1,0.3,-0.4,1.9,0,0,0,-0.2,-0.1,1.6,-1.2,0.3,0.7
479863.663957,1,0.3,-0.3,1.9,0,0,0,-0.2,-0.1,1.6,-1.2,0.4,0.8
479863.675127,0,0.3,-0.3,1.9,0,0,0,-0.2,-0.1,1.6,-1.2,0.4,0.8
479863.686177,1,0.4,-0.3,1.9,0,0,0,-0.3,-0.1,1.6,-1.3,0.5,0.9
479863.697540,0,0.4,-0.3,1.9,0,0,0,-0.3,-0.1,1.6,-1.3,0.5,0.9
479863.708444,1,0.5,-0.2,1.9,0,0,0,-0.3,-0.1,1.6,-1.3,0.6,0.9
479863.719499,1,0.5,-0.2,1.9,0,0,0,-0.4,-0.1,1.6,-1.3,0.6,0.9
479863.730670,1,0.5,-0.1,1.9,0,0,0,-0.4,-0.1,1.6,-1.3,0.7,1
479863.741857,0,0.5,-0.1,1.9,0,0,0,-0.4,-0.1,1.6,-1.3,0.7,1
479863.752827,1,0.6,0,1.9,0,0,0,-0.4,-0.1,1.6,-1.3,0.8,1
479863.763973,1,0.6,0.1,1.9,0,0,0,-0.4,-0.2,1.6,-1.3,0.8,1.1
479863.775132,1,0.6,0.1,1.9,0,0,0,-0.4,-0.2,1.6,-1.3,0.9,1.1
479863.786189,1,0.7,0.2,1.9,0,0,0,-0.4,-0.2,1.7,-1.3,0.9,1.1
479863.797553,1,0.7,0.3,1.8,0,0,0,-0.3,-0.2,1.7,-1.2,0.9,1.1
479863.808442,1,0.7,0.3,1.8,0,0,0,-0.3,-0.3,1.7,-1.2,1,1.2
479863.819563,1,0.7,0.4,1.8,0,0,0,-0.3,-0.3,1.7,-1.2,1,1.2
479863.830641,1,0.8,0.5,1.8,0,0,0,-0.2,-0.3,1.7,-1.1,1.1,1.2
479863.841786,1,0.8,0.5,1.8,0,0,0,-0.2,-0.3,1.7,-1.1,1.1,1.3
479863.852768,1,0.8,0.6,1.8,0,0,0,-0.2,-0.3,1.7,-1,1.1,1.3
479863.863927,1,0.8,0.6,1.7,0,0,0,-0.2,-0.4,1.8,-1,1.1,1.3
479863.875131,1,0.8,0.7,1.7,0,0,0,-0.1,-0.4,1.8,-1,1.1,1.3
479863.886209,0,0.8,0.7,1.7,0,0,0,-0.1,-0.4,1.8,-1,1.1,1.3
479863.897518,1,0.7,0.7,1.7,0,0,0,0,-0.5,1.8,-0.9,1.1,1.3
479863.908430,1,0.7,0.7,1.7,0,0,0,0,-0.5,1.8,-0.9,1,1.3
479863.919513,1,0.7,0.6,1.7,0,0,0,0,-0.5,1.8,-0.9,1,1.3
479863.930623,1,0.6,0.6,1.7,0,0,0,0,-0.6,1.8,-0.8,0.9,1.3
479863.941801,1,0.6,0.5,1.7,0,0,0,0.1,-0.6,1.7,-0.8,0.9,1.3
479863.952821,1,0.6,0.5,1.7,0,0,0,0.1,-0.7,1.7,-0.8,0.8,1.2
479863.964035,1,0.5,0.4,1.7,0,0,0,0.1,-0.7,1.7,-0.8,0.8,1.2
479863.975203,1,0.5,0.3,1.7,0,0,0,0.1,-0.7,1.7,-0.8,0.7,1.1
479863.986211,1,0.4,0.2,1.7,0,0,0,0.1,-0.8,1.6,-0.8,0.6,1.1
479863.997652,1,0.4,0,1.7,0,0,0,0.1,-0.8,1.6,-0.8,0.5,1
479864.008431,1,0.3,-0.1,1.7,0,0,0,0.1,-0.8,1.6,-0.8,0.4,1
479864.019577,1,0.3,-0.1,1.7,0,0,0,0.1,-0.8,1.6,-0.8,0.3,0.9
479864.030649,1,0.3,-0.2,1.8,0,0,0,0.1,-0.8,1.5,-0.8,0.3,0.9
479864.041751,1,0.2,-0.3,1.8,0,0,0,0.1,-0.8,1.5,-0.8,0.2,0.9
479864.052784,1,0.2,-0.4,1.8,0,0,0,0.1,-0.8,1.5,-0.8,0.2,0.9
479864.063891,1,0.2,-0.4,1.8,0,0,0,0,-0.7,1.5,-0.8,0.1,0.9
479864.075100,1,0.2,-0.5,1.9,0,0,0,0,-0.7,1.5,-0.9,0.1,0.8
479864.086166,1,0.2,-0.5,1.9,0,0,0,0,-0.7,1.5,-0.9,0.2,0.8
479864.097585,0,0.2,-0.5,1.9,0,0,0,0,-0.7,1.5,-0.9,0.2,0.8
479864.108434,1,0.1,-0.6,1.9,0,0,0,-0.1,-0.6,1.5,-1,0.2,0.8
479864.119510,1,0.2,-0.5,1.9,0,0,0,-0.1,-0.6,1.5,-1.1,0.2,0.8
479864.130653,1,0.2,-0.5,1.9,0,0,0,-0.2,-0.5,1.5,-1.1,0.3,0.8
479864.141821,1,0.2,-0.5,1.9,0,0,0,-0.2,-0.4,1.6,-1.1,0.3,0.8
479864.152797,1,0.2,-0.5,1.9,0,0,0,-0.2,-0.4,1.6,-1.2,0.4,0.8
479864.163955,0,0.2,-0.5,1.9,0,0,0,-0.2,-0.4,1.6,-1.2,0.4,0.8
479864.175152,1,0.2,-0.4,2,0,0,0,-0.3,-0.3,1.6,-1.2,0.4,0.8
479864.186196,1,0.3,-0.4,2,0,0,0,-0.3,-0.3,1.6,-1.2,0.4,0.8
479864.197518,1,0.3,-0.3,2,0,0,0,-0.3,-0.3,1.6,-1.3,0.5,0.9
479864.208428,1,0.3,-0.3,2,0,0,0,-0.3,-0.3,1.6,-1.3,0.6,0.9
479864.219540,1,0.4,-0.2,2,0,0,0,-0.3,-0.3,1.6,-1.3,0.6,0.9
479864.230651,1,0.4,-0.2,2,0,0,0,-0.3,-0.3,1.6,-1.3,0.7,0.9
479864.241877,1,0.4,-0.1,1.9,0,0,0,-0.3,-0.3,1.6,-1.2,0.7,1
479864.252809,1,0.5,0,1.9,0,0,0,-0.3,-0.3,1.6,-1.2,0.7,1
479864.263969,1,0.5,0,1.9,0,0,0,-0.3,-0.2,1.7,-1.2,0.7,1
479864.275151,1,0.5,0.1,1.9,0,0,0,-0.3,-0.2,1.7,-1.2,0.8,1
479864.286207,1,0.6,0.2,1.9,0,0,0,-0.3,-0.2,1.7,-1.2,0.8,1.1
479864.297589,1,0.6,0.2,1.9,0,0,0,-0.3,-0.2,1.7,-1.1,0.9,1.1
479864.308445,1,0.6,0.3,1.8,0,0,0,-0.3,-0.2,1.7,-1.1,0.9,1.2
479864.319494,1,0.6,0.3,1.8,0,0,0,-0.3,-0.2,1.8,-1.1,0.9,1.2
479864.330617,1,0.7,0.4,1.8,0,0,0,-0.3,-0.2,1.8,-1.1,0.9,1.2
479864.341835,1,0.7,0.5,1.8,0,0,0,-0.3,-0.2,1.8,-1,1,1.2
479864.352860,1,0.7,0.5,1.8,0,0,0,-0.2,-0.2,1.9,-1,1,1.3
479864.363949,1,0.7,0.5,1.8,0,0,0,-0.2,-0.2,1.9,-0.9,1,1.3
479864.375129,1,0.7,0.5,1.7,0,0,0,-0.2,-0.3,1.9,-0.9,1,1.3
479864.386256,1,0.7,0.6,1.7,0,0,0,-0.2,-0.3,1.9,-0.9,1,1.3
479864.397572,1,0.7,0.6,1.7,0,0,0,-0.1,-0.3,1.9,-0.8,0.9,1.3
479864.408470,1,0.6,0.5,1.7,0,0,0,-0.1,-0.3,1.9,-0.8,0.9,1.3
479864.419530,1,0.6,0.5,1.7,0,0,0,0,-0.4,1.9,-0.8,0.9,1.3
479864.430692,1,0.6,0.4,1.7,0,0,0,0,-0.4,1.9,-0.8,0.8,1.3
479864.441894,1,0.6,0.4,1.7,0,0,0,0,-0.5,1.8,-0.8,0.7,1.3
479864.452815,1,0.5,0.4,1.7,0,0,0,0.1,-0.5,1.8,-0.8,0.6,1.2
479864.475165,1,0.3,0,1.7,0,0,0,0.1,-0.6,1.7,-0.8,0.4,1.1
479864.486201,1,0.3,-0.1,1.7,0,0,0,0.1,-0.6,1.7,-0.8,0.3,1.1
479864.497604,1,0.3,-0.1,1.7,0,0,0,0.1,-0.7,1.7,-0.8,0.2,1
479864.508434,1,0.2,-0.2,1.7,0,0,0,0.1,-0.7,1.6,-0.8,0.2,1
479864.519506,1,0.2,-0.3,1.8,0,0,0,0.1,-0.7,1.6,-0.8,0.1,1
479864.530689,1,0.1,-0.4,1.8,0,0,0,0.1,-0.7,1.6,-0.9,0.1,0.9
479864.541849,1,0.1,-0.5,1.8,0,0,0,0.1,-0.6,1.6,-0.9,0.1,0.9
479864.552802,1,0.1,-0.5,1.8,0,0,0,0,-0.6,1.6,-0.9,0.1,0.9
479864.563968,1,0.1,-0.5,1.8,0,0,0,0,-0.5,1.6,-0.9,0.1,0.9
479864.575136,1,0.1,-0.6,1.9,0,0,0,0,-0.5,1.6,-1,0.1,0.8
479864.586215,1,0.1,-0.6,1.9,0,0,0,-0.1,-0.4,1.6,-1.1,0.1,0.8
479864.597575,0,0.1,-0.6,1.9,0,0,0,-0.1,-0.4,1.6,-1.1,0.1,0.8
479864.608461,0,0.1,-0.6,1.9,0,0,0,-0.1,-0.4,1.6,-1.1,0.1,0.8
479864.619565,1,0.1,-0.6,1.9,0,0,0,-0.2,-0.3,1.7,-1.2,0.1,0.8
479864.630674,1,0.1,-0.6,1.9,0,0,0,-0.2,-0.2,1.7,-1.2,0.2,0.8
479864.641845,1,0.1,-0.6,1.9,0,0,0,-0.3,-0.2,1.7,-1.2,0.2,0.9
479864.652791,1,0.2,-0.5,1.9,0,0,0,-0.3,-0.2,1.7,-1.3,0.3,0.9
479864.663972,1,0.2,-0.4,1.9,0,0,0,-0.4,-0.2,1.7,-1.3,0.3,0.9
479864.675135,1,0.2,-0.3,1.9,0,0,0,-0.4,-0.1,1.7,-1.3,0.3,0.9
479864.686235,1,0.3,-0.3,1.9,0,0,0,-0.4,-0.1,1.7,-1.3,0.3,0.9
479864.697518,1,0.3,-0.2,1.9,0,0,0,-0.4,-0.1,1.7,-1.3,0.3,1
479864.708451,1,0.3,-0.2,1.9,0,0,0,-0.4,-0.1,1.7,-1.3,0.4,1
479864.719489,1,0.4,-0.1,1.9,0,0,0,-0.4,-0.1,1.7,-1.3,0.4,1
479864.730623,1,0.4,0,1.9,0,0,0,-0.4,-0.1,1.7,-1.3,0.4,1
479864.741826,1,0.5,0.1,1.9,0,0,0,-0.4,-0.1,1.7,-1.3,0.4,1.1
479864.752837,0,0.5,0.1,1.9,0,0,0,-0.4,-0.1,1.7,-1.3,0.4,1.1
479864.763966,1,0.6,0.2,1.8,0,0,0,-0.4,-0.1,1.7,-1.3,0.4,1.1
479864.775155,1,0.6,0.2,1.8,0,0,0,-0.4,-0.1,1.7,-1.3,0.5,1.1
479864.786239,1,0.6,0.2,1.8,0,0,0,-0.4,-0.1,1.8,-1.3,0.5,1.1
479864.797590,1,0.6,0.3,1.8,0,0,0,-0.4,0,1.8,-1.3,0.5,1.2
479864.808468,1,0.6,0.3,1.8,0,0,0,-0.4,0,1.8,-1.3,0.6,1.2
479864.819534,1,0.7,0.4,1.8,0,0,0,-0.4,0,1.8,-1.2,0.6,1.2
479864.830712,1,0.7,0.4,1.8,0,0,0,-0.4,0,1.9,-1.2,0.6,1.2
479864.841836,0,0.7,0.4,1.8,0,0,0,-0.4,0,1.9,-1.2,0.6,1.2
479864.852813,1,0.7,0.4,1.8,0,0,0,-0.4,0,1.9,-1.2,0.6,1.3
479864.863969,1,0.7,0.4,1.8,0,0,0,-0.4,0,1.9,-1.1,0.6,1.3
479864.875175,1,0.7,0.5,1.7,0,0,0,-0.4,0,1.9,-1.1,0.5,1.3
479864.886187,1,0.7,0.5,1.7,0,0,0,-0.3,-0.1,1.9,-1.1,0.5,1.3
479864.897585,1,0.7,0.4,1.7,0,0,0,-0.3,-0.1,1.9,-1,0.4,1.3
479864.908455,1,0.6,0.4,1.7,0,0,0,-0.2,-0.2,1.9,-1,0.3,1.3
479864.919515,1,0.6,0.4,1.7,0,0,0,-0.2,-0.2,1.8,-1,0.3,1.3
479864.930674,1,0.6,0.3,1.7,0,0,0,-0.2,-0.2,1.8,-0.9,0.2,1.3
479864.941855,1,0.5,0.2,1.7,0,0,0,-0.1,-0.3,1.8,-0.9,0.1,1.2
479864.952869,1,0.5,0.2,1.7,0,0,0,-0.1,-0.4,1.8,-0.9,0.1,1.2
479864.963926,1,0.4,0.1,1.7,0,0,0,0,-0.5,1.7,-0.8,0,1.1
479864.975143,1,0.4,0,1.7,0,0,0,0,-0.6,1.7,-0.8,-0.1,1.1
479864.986215,1,0.4,0,1.7,0,0,0,0.1,-0.7,1.6,-0.8,-0.1,1.1
479864.997573,1,0.3,-0.1,1.7,0,0,0,0.1,-0.7,1.6,-0.8,-0.1,1
479865.008447,1,0.2,-0.2,1.7,0,0,0,0.1,-0.7,1.6,-0.8,-0.2,1
479865.019514,1,0.2,-0.3,1.7,0,0,0,0.2,-0.8,1.6,-0.8,-0.2,0.9
479865.030666,1,0.1,-0.4,1.7,0,0,0,0.2,-0.8,1.6,-0.8,-0.2,0.9
479865.041862,1,0.1,-0.5,1.8,0,0,0,0.2,-0.9,1.5,-0.8,-0.2,0.9
479865.052817,1,0.1,-0.5,1.8,0,0,0,0.2,-0.9,1.5,-0.9,-0.2,0.8
479865.063985,1,0.1,-0.6,1.8,0,0,0,0.2,-0.9,1.5,-0.9,-0.2,0.8
479865.075154,1,0.1,-0.6,1.8,0,0,0,0.1,-0.9,1.5,-1,-0.2,0.8
479865.086188,1,0.1,-0.7,1.8,0,0,0,0.1,-0.9,1.5,-1,-0.2,0.8
479865.097601,1,0,-0.7,1.8,0,0,0,0.1,-0.9,1.5,-1.1,-0.2,0.8
479865.108476,1,0.1,-0.7,1.8,0,0,0,0.1,-0.8,1.5,-1.1,-0.1,0.8
479865.119542,1,0.1,-0.7,1.8,0,0,0,0,-0.8,1.5,-1.2,-0.1,0.8
479865.130673,1,0.1,-0.7,1.8,0,0,0,0,-0.8,1.5,-1.3,0,0.8
479865.141860,1,0.1,-0.7,1.9,0,0,0,-0.1,-0.7,1.5,-1.3,0,0.8
479865.152799,0,0.1,-0.7,1.9,0,0,0,-0.1,-0.7,1.5,-1.3,0,0.8
479865.163952,1,0.1,-0.6,1.9,0,0,0,-0.1,-0.7,1.5,-1.4,0.1,0.9
479865.175110,1,0.2,-0.6,1.9,0,0,0,-0.2,-0.6,1.5,-1.4,0.2,0.9
479865.186133,1,0.2,-0.5,1.9,0,0,0,-0.2,-0.6,1.5,-1.4,0.3,0.9
479865.197453,1,0.2,-0.5,1.9,0,0,0,-0.3,-0.6,1.5,-1.5,0.4,1
479865.208396,1,0.3,-0.4,1.9,0,0,0,-0.3,-0.5,1.5,-1.5,0.4,1
479865.219466,1,0.4,-0.3,1.9,0,0,0,-0.3,-0.5,1.6,-1.5,0.5,1
479865.230644,1,0.4,-0.2,1.9,0,0,0,-0.3,-0.5,1.6,-1.5,0.5,1
479865.241777,1,0.5,-0.1,1.9,0,0,0,-0.3,-0.5,1.6,-1.5,0.6,1
479865.252788,1,0.5,-0.1,1.8,0,0,0,-0.4,-0.5,1.6,-1.5,0.7,1.1
479865.263942,0,0.5,-0.1,1.8,0,0,0,-0.4,-0.5,1.6,-1.5,0.7,1.1
479865.275110,1,0.6,0,1.8,0,0,0,-0.4,-0.5,1.6,-1.5,0.8,1.1
479865.286209,1,0.6,0.1,1.8,0,0,0,-0.4,-0.5,1.7,-1.5,0.8,1.1
479865.297529,1,0.7,0.2,1.8,0,0,0,-0.4,-0.5,1.7,-1.5,0.8,1.1
479865.308442,1,0.7,0.3,1.8,0,0,0,-0.4,-0.5,1.7,-1.4,0.9,1.2
479865.319488,0,0.7,0.3,1.8,0,0,0,-0.4,-0.5,1.7,-1.4,0.9,1.2
479865.330629,0,0.7,0.3,1.8,0,0,0,-0.4,-0.5,1.7,-1.4,0.9,1.2
479865.341790,1,0.8,0.4,1.8,0,0,0,-0.4,-0.5,1.7,-1.3,0.9,1.3
479865.352813,1,0.8,0.5,1.7,0,0,0,-0.3,-0.5,1.8,-1.3,0.9,1.3
479865.363935,0,0.8,0.5,1.7,0,0,0,-0.3,-0.5,1.8,-1.3,0.9,1.3
479865.375113,1,0.8,0.6,1.7,0,0,0,-0.3,-0.5,1.8,-1.3,0.9,1.3
479865.386229,1,0.8,0.6,1.7,0,0,0,-0.3,-0.5,1.8,-1.2,0.9,1.4
479865.397532,0,0.8,0.6,1.7,0,0,0,-0.3,-0.5,1.8,-1.2,0.9,1.4
479865.408464,1,0.8,0.6,1.7,0,0,0,-0.3,-0.5,1.8,-1.2,0.8,1.4
479865.419537,1,0.8,0.6,1.7,0,0,0,-0.3,-0.5,1.8,-1.1,0.8,1.4
479865.430715,1,0.8,0.6,1.7,0,0,0,-0.3,-0.5,1.8,-1.1,0.7,1.4
479865.441861,0,0.8,0.6,1.7,0,0,0,-0.3,-0.5,1.8,-1.1,0.7,1.4
479865.452978,1,0.8,0.5,1.7,0,0,0,-0.2,-0.5,1.8,-1.1,0.6,1.4
479865.463979,1,0.7,0.5,1.7,0,0,0,-0.2,-0.5,1.8,-1.1,0.6,1.4
479865.475182,1,0.7,0.5,1.7,0,0,0,-0.2,-0.5,1.8,-1,0.5,1.4
479865.486246,1,0.7,0.4,1.7,0,0,0,-0.2,-0.5,1.8,-1,0.4,1.3
479865.497604,1,0.6,0.3,1.7,0,0,0,-0.1,-0.6,1.8,-1,0.3,1.2
479865.508493,1,0.6,0.2,1.7,0,0,0,-0.1,-0.6,1.8,-1,0.2,1.2
479865.519568,1,0.5,0.1,1.7,0,0,0,0,-0.6,1.8,-1,0.2,1.2
479865.541846,1,0.4,-0.1,1.7,0,0,0,0,-0.6,1.8,-1,0,1
479865.552915,1,0.3,-0.2,1.7,0,0,0,0.1,-0.6,1.7,-1,-0.1,0.9
479865.564014,1,0.2,-0.3,1.7,0,0,0,0.1,-0.7,1.7,-1.1,-0.1,0.9
479865.575133,1,0.2,-0.4,1.7,0,0,0,0.1,-0.7,1.7,-1.1,-0.1,0.9
479865.586179,1,0.1,-0.5,1.7,0,0,0,0.1,-0.7,1.6,-1.1,-0.2,0.8
479865.597778,1,0.1,-0.6,1.7,0,0,0,0.1,-0.7,1.6,-1.1,-0.2,0.8
479865.608463,0,0.1,-0.6,1.7,0,0,0,0.1,-0.7,1.6,-1.1,-0.2,0.8
479865.619539,1,0,-0.7,1.8,0,0,0,0.1,-0.7,1.6,-1.2,-0.2,0.8
479865.630695,1,0,-0.8,1.8,0,0,0,0.1,-0.8,1.6,-1.2,-0.2,0.8
479865.641823,1,-0.1,-0.9,1.8,0,0,0,0.1,-0.8,1.5,-1.2,-0.2,0.8
479865.652842,0,-0.1,-0.9,1.8,0,0,0,0.1,-0.8,1.5,-1.2,-0.2,0.8
479865.663988,1,-0.1,-1,1.8,0,0,0,0,-0.8,1.5,-1.2,-0.2,0.8
479865.675148,0,-0.1,-1,1.8,0,0,0,0,-0.8,1.5,-1.2,-0.2,0.8
479865.686187,1,-0.1,-1,1.9,0,0,0,0,-0.7,1.5,-1.2,-0.2,0.8
479865.697578,1,-0.2,-1.1,1.9,0,0,0,0,-0.7,1.5,-1.2,-0.3,0.8
479865.708478,1,-0.2,-1.1,1.9,0,0,0,-0.1,-0.6,1.6,-1.1,-0.3,0.9
479865.719534,0,-0.2,-1.1,1.9,0,0,0,-0.1,-0.6,1.6,-1.1,-0.3,0.9
479865.730701,1,-0.2,-1.1,1.8,0,0,0,-0.1,-0.5,1.7,-1.1,-0.3,0.9
479865.741823,1,-0.2,-1.1,1.8,0,0,0,-0.2,-0.3,1.8,-1,-0.3,1
479865.752918,1,-0.1,-1,1.8,0,0,0,-0.2,-0.2,1.8,-1,-0.4,1.1
479865.764009,1,-0.1,-1,1.8,0,0,0,-0.3,0,1.9,-0.9,-0.4,1.2
479865.775164,1,-0.1,-1,1.8,0,0,0,-0.3,0,1.9,-0.9,-0.4,1.3
479865.786201,1,-0.1,-0.9,1.7,0,0,0,-0.3,0.1,2.1,-0.8,-0.4,1.3
479865.797597,1,-0.1,-0.9,1.7,0,0,0,-0.3,0.3,2.2,-0.8,-0.4,1.4
479865.808491,1,-0.1,-0.9,1.7,0,0,0,-0.3,0.4,2.2,-0.8,-0.4,1.4
479865.819555,1,-0.1,-0.9,1.7,0,0,0,-0.3,0.5,2.3,-0.7,-0.4,1.4
479865.830726,1,-0.1,-0.8,1.6,0,0,0,-0.3,0.5,2.4,-0.7,-0.4,1.5
479865.841830,1,-0.1,-0.8,1.6,0,0,0,-0.3,0.6,2.4,-0.7,-0.5,1.5
479865.852853,1,-0.1,-0.9,1.6,0,0,0,-0.3,0.6,2.4,-0.6,-0.5,1.5
479865.863986,1,-0.1,-0.9,1.6,0,0,0,-0.3,0.6,2.5,-0.6,-0.5,1.4
479865.875098,1,-0.1,-0.9,1.5,0,0,0,-0.3,0.6,2.5,-0.6,-0.5,1.4
479865.886236,0,-0.1,-0.9,1.5,0,0,0,-0.3,0.6,2.5,-0.6,-0.5,1.4
479865.897585,1,-0.1,-1,1.5,0,0,0,-0.3,0.6,2.4,-0.6,-0.6,1.3
479865.908498,1,-0.2,-1,1.6,0,0,0,-0.3,0.6,2.4,-0.6,-0.7,1.3
479865.919551,1,-0.2,-1.1,1.6,0,0,0,-0.2,0.5,2.4,-0.6,-0.7,1.2
479865.930694,1,-0.2,-1.2,1.6,0,0,0,-0.2,0.5,2.4,-0.6,-0.8,1.2
479865.941818,1,-0.2,-1.2,1.6,0,0,0,-0.2,0.5,2.3,-0.7,-0.8,1.1
479865.952888,1,-0.2,-1.2,1.6,0,0,0,-0.2,0.5,2.3,-0.7,-0.7,1
479865.964021,1,-0.3,-1.3,1.6,0,0,0,-0.2,0.5,2.2,-0.7,-0.7,1
479865.975131,1,-0.3,-1.3,1.7,0,0,0,-0.3,0.4,2.2,-0.7,-0.7,1
479865.986192,1,-0.3,-1.3,1.7,0,0,0,-0.3,0.4,2.1,-0.8,-0.6,0.9
479865.997585,1,-0.3,-1.3,1.7,0,0,0,-0.3,0.3,2,-0.8,-0.5,0.9
479866.008512,1,-0.3,-1.3,1.8,0,0,0,-0.3,0.3,2,-0.9,-0.4,0.9
479866.019539,1,-0.3,-1.3,1.8,0,0,0,-0.3,0.2,1.9,-1,-0.3,0.8
479866.030701,1,-0.2,-1.2,1.8,0,0,0,-0.3,0.2,1.9,-1,-0.3,0.8
479866.041844,1,-0.2,-1.2,1.8,0,0,0,-0.3,0.2,1.9,-1,-0.2,0.8
479866.052857,1,-0.2,-1.1,1.8,0,0,0,-0.4,0.2,1.8,-1.1,0,0.8
479866.063958,1,-0.2,-1,1.9,0,0,0,-0.4,0.2,1.8,-1.1,0.1,0.8
479866.075151,1,-0.1,-1,1.9,0,0,0,-0.4,0.2,1.9,-1.2,0.2,0.9
479866.086191,1,-0.1,-0.9,1.9,0,0,0,-0.4,0.2,1.9,-1.2,0.3,0.9
479866.097599,1,-0.1,-0.9,1.9,0,0,0,-0.4,0.2,1.9,-1.2,0.3,1
479866.108486,1,-0.1,-0.8,1.8,0,0,0,-0.5,0.3,1.9,-1.2,0.3,1
479866.119551,1,0,-0.7,1.8,0,0,0,-0.5,0.4,2,-1.3,0.4,1
479866.130656,1,0,-0.6,1.8,0,0,0,-0.5,0.4,2,-1.3,0.5,1
479866.141781,1,0,-0.5,1.8,0,0,0,-0.6,0.5,2.1,-1.3,0.5,1.1
479866.152964,1,0.1,-0.5,1.8,0,0,0,-0.6,0.5,2.1,-1.3,0.6,1.1
479866.164074,1,0.1,-0.5,1.8,0,0,0,-0.6,0.5,2.1,-1.2,0.6,1.1
479866.175155,1,0.1,-0.4,1.8,0,0,0,-0.6,0.5,2.1,-1.2,0.6,1.1
479866.186211,1,0.2,-0.3,1.8,0,0,0,-0.6,0.5,2.1,-1.2,0.6,1.2
479866.197566,1,0.2,-0.2,1.8,0,0,0,-0.6,0.5,2.1,-1.2,0.7,1.2
479866.208513,1,0.3,-0.1,1.7,0,0,0,-0.5,0.5,2.1,-1.2,0.7,1.2
479866.219601,1,0.3,0,1.7,0,0,0,-0.5,0.5,2.1,-1.2,0.7,1.2
479866.230725,0,0.3,0,1.7,0,0,0,-0.5,0.5,2.1,-1.2,0.7,1.2
479866.241874,1,0.3,0,1.7,0,0,0,-0.5,0.5,2.1,-1.2,0.7,1.3
479866.252878,1,0.3,0.1,1.7,0,0,0,-0.5,0.5,2.1,-1.2,0.7,1.3
479866.264025,1,0.4,0.1,1.7,0,0,0,-0.5,0.5,2.1,-1.1,0.7,1.3
479866.275142,0,0.4,0.1,1.7,0,0,0,-0.5,0.5,2.1,-1.1,0.7,1.3
479866.286235,1,0.3,0.1,1.7,0,0,0,-0.4,0.4,2.1,-1.1,0.6,1.3
479866.297632,1,0.3,0.1,1.7,0,0,0,-0.4,0.4,2.1,-1.1,0.5,1.2
479866.308513,0,0.3,0.1,1.7,0,0,0,-0.4,0.4,2.1,-1.1,0.5,1.2
479866.319579,1,0.3,0,1.7,0,0,0,-0.4,0.3,2.1,-1,0.4,1.2
479866.330659,0,0.3,0,1.7,0,0,0,-0.4,0.3,2.1,-1,0.4,1.2
479866.341915,1,0.2,-0.1,1.7,0,0,0,-0.3,0.3,2.1,-1,0.3,1.2
479866.352906,1,0.2,-0.2,1.7,0,0,0,-0.3,0.2,2,-1,0.2,1.1
479866.364046,1,0.1,-0.3,1.7,0,0,0,-0.3,0.2,2,-1,0.1,1.1
479866.375138,1,0.1,-0.3,1.7,0,0,0,-0.2,0.1,2,-1,0,1
479866.386173,1,0,-0.4,1.7,0,0,0,-0.2,0.1,1.9,-1,-0.1,1
479866.397531,1,0,-0.5,1.7,0,0,0,-0.2,0.1,1.9,-1,-0.1,0.9
479866.408507,1,-0.1,-0.6,1.7,0,0,0,-0.2,0.1,1.9,-1,-0.1,0.9
479866.419564,1,-0.1,-0.6,1.7,0,0,0,-0.2,0,1.9,-1.1,-0.2,0.9
479866.430735,1,-0.2,-0.7,1.7,0,0,0,-0.2,0,1.9,-1.1,-0.2,0.9
479866.441860,0,-0.2,-0.7,1.7,0,0,0,-0.2,0,1.9,-1.1,-0.2,0.9
479866.452918,1,-0.2,-0.7,1.7,0,0,0,-0.3,0,1.9,-1.2,-0.1,0.9
479866.464033,1,-0.2,-0.7,1.8,0,0,0,-0.3,0.1,1.9,-1.2,-0.1,0.9
479866.475201,1,-0.2,-0.7,1.8,0,0,0,-0.4,0.1,1.9,-1.2,-0.1,0.9
479866.486259,1,-0.1,-0.7,1.8,0,0,0,-0.4,0.1,1.9,-1.3,0,0.9
479866.497663,1,-0.1,-0.6,1.8,0,0,0,-0.4,0.1,1.9,-1.3,0.1,0.9
479866.508510,1,0,-0.5,1.8,0,0,0,-0.5,0.2,1.9,-1.3,0.2,1
479866.519565,1,0,-0.5,1.8,0,0,0,-0.5,0.2,1.9,-1.3,0.3,1
479866.530727,1,0,-0.4,1.8,0,0,0,-0.5,0.2,1.9,-1.4,0.4,1
479866.541858,1,0.1,-0.3,1.8,0,0,0,-0.5,0.2,1.9,-1.4,0.5,1.1
479866.552928,1,0.1,-0.2,1.8,0,0,0,-0.6,0.2,2,-1.4,0.5,1.1
479866.564031,1,0.2,-0.1,1.8,0,0,0,-0.6,0.2,2,-1.3,0.5,1.1
479866.575198,1,0.3,0,1.8,0,0,0,-0.6,0.2,2,-1.3,0.6,1.1
479866.586267,1,0.3,0,1.8,0,0,0,-0.6,0.2,2,-1.3,0.6,1.2
479866.597713,1,0.4,0.1,1.7,0,0,0,-0.6,0.2,2,-1.2,0.6,1.2
479866.608505,0,0.4,0.1,1.7,0,0,0,-0.6,0.2,2,-1.2,0.6,1.2
479866.619569,1,0.4,0.3,1.7,0,0,0,-0.5,0.1,2,-1.2,0.6,1.3
479866.630731,1,0.5,0.3,1.7,0,0,0,-0.5,0.1,2,-1.1,0.6,1.3
479866.641863,0,0.5,0.3,1.7,0,0,0,-0.5,0.1,2,-1.1,0.6,1.3
479866.652920,1,0.5,0.4,1.7,0,0,0,-0.5,0,2,-1,0.6,1.4
479866.664036,0,0.5,0.4,1.7,0,0,0,-0.5,0,2,-1,0.6,1.4
479866.675172,1,0.5,0.4,1.7,0,0,0,-0.4,0,2,-1,0.5,1.4
479866.686280,1,0.5,0.4,1.7,0,0,0,-0.4,-0.1,2,-0.9,0.5,1.4
479866.697650,0,0.5,0.4,1.7,0,0,0,-0.4,-0.1,2,-0.9,0.5,1.4
479866.708499,0,0.5,0.4,1.7,0,0,0,-0.4,-0.1,2,-0.9,0.5,1.4
479866.719592,1,0.5,0.4,1.6,0,0,0,-0.3,-0.2,2,-0.9,0.4,1.4
479866.730707,0,0.5,0.4,1.6,0,0,0,-0.3,-0.2,2,-0.9,0.4,1.4
479866.741779,1,0.4,0.3,1.6,0,0,0,-0.3,-0.3,2,-0.8,0.3,1.4
479866.752834,1,0.4,0.3,1.6,0,0,0,-0.2,-0.3,1.9,-0.8,0.3,1.4
479866.764026,1,0.3,0.2,1.6,0,0,0,-0.2,-0.3,1.9,-0.8,0.2,1.3
479866.775170,1,0.3,0.1,1.6,0,0,0,-0.2,-0.3,1.9,-0.8,0.2,1.3
479866.786224,1,0.3,0.1,1.6,0,0,0,-0.2,-0.4,1.9,-0.8,0.1,1.3
479866.797803,1,0.2,0,1.6,0,0,0,-0.2,-0.4,1.9,-0.9,0.1,1.2
479866.808476,1,0.2,-0.1,1.6,0,0,0,-0.1,-0.4,1.8,-0.9,0.1,1.2
479866.819569,1,0.1,-0.2,1.7,0,0,0,-0.1,-0.4,1.8,-0.9,0,1.1
479866.830707,1,0.1,-0.3,1.7,0,0,0,-0.1,-0.5,1.8,-0.9,0,1.1
479866.841804,1,0,-0.4,1.7,0,0,0,-0.1,-0.5,1.8,-0.9,0,1.1
479866.852867,1,0,-0.4,1.7,0,0,0,-0.1,-0.5,1.8,-1,0.1,1
479866.864020,1,0,-0.4,1.7,0,0,0,-0.1,-0.5,1.7,-1,0.1,1
479866.875209,1,-0.1,-0.5,1.7,0,0,0,-0.2,-0.4,1.7,-1.1,0.1,0.9
479866.886240,1,-0.1,-0.5,1.8,0,0,0,-0.2,-0.4,1.7,-1.1,0.2,0.9
479866.897588,1,-0.1,-0.6,1.8,0,0,0,-0.2,-0.4,1.7,-1.2,0.2,0.9
479866.908496,1,-0.1,-0.6,1.8,0,0,0,-0.3,-0.3,1.7,-1.2,0.3,0.9
479866.919597,1,-0.1,-0.5,1.8,0,0,0,-0.3,-0.3,1.7,-1.2,0.3,0.9
479866.930721,1,-0.1,-0.5,1.8,0,0,0,-0.3,-0.3,1.7,-1.2,0.4,0.9
479866.941839,1,-0.1,-0.5,1.8,0,0,0,-0.4,-0.2,1.8,-1.3,0.4,1
479866.952856,1,0,-0.4,1.8,0,0,0,-0.4,-0.2,1.8,-1.3,0.5,1
479866.964057,1,0,-0.4,1.8,0,0,0,-0.4,-0.1,1.8,-1.3,0.5,1
479866.975111,1,0.1,-0.3,1.8,0,0,0,-0.5,-0.1,1.9,-1.3,0.6,1.1
479866.986214,1,0.1,-0.2,1.8,0,0,0,-0.5,0,1.9,-1.3,0.6,1.1
479866.997551,0,0.1,-0.2,1.8,0,0,0,-0.5,0,1.9,-1.3,0.6,1.1
479867.008491,1,0.2,-0.2,1.8,0,0,0,-0.5,0,1.9,-1.2,0.6,1.1
479867.019536,1,0.2,-0.1,1.8,0,0,0,-0.6,0.1,2,-1.2,0.6,1.2
479867.030688,1,0.3,0,1.7,0,0,0,-0.6,0.1,2,-1.2,0.6,1.2
479867.041847,1,0.3,0.1,1.7,0,0,0,-0.6,0.1,2,-1.2,0.7,1.3
479867.052906,1,0.4,0.1,1.7,0,0,0,-0.6,0.1,2,-1.2,0.7,1.3
479867.064050,0,0.4,0.1,1.7,0,0,0,-0.6,0.1,2,-1.2,0.7,1.3
479867.075207,1,0.4,0.2,1.7,0,0,0,-0.6,0.1,2,-1.1,0.6,1.3
479867.086269,1,0.4,0.2,1.7,0,0,0,-0.6,0.1,2,-1.1,0.6,1.4
479867.097705,1,0.5,0.3,1.7,0,0,0,-0.6,0.1,2,-1.1,0.6,1.4
479867.108484,0,0.5,0.3,1.7,0,0,0,-0.6,0.1,2,-1.1,0.6,1.4
479867.119594,1,0.5,0.3,1.7,0,0,0,-0.6,0,2,-1.1,0.6,1.4
479867.130691,1,0.5,0.3,1.7,0,0,0,-0.6,0,2,-1.1,0.6,1.5
479867.141869,0,0.5,0.3,1.7,0,0,0,-0.6,0,2,-1.1,0.6,1.5
479867.152909,1,0.5,0.3,1.7,0,0,0,-0.6,0,2,-1,0.6,1.5
479867.164044,0,0.5,0.3,1.7,0,0,0,-0.6,0,2,-1,0.6,1.5
479867.175119,1,0.5,0.3,1.7,0,0,0,-0.6,0,2,-1,0.5,1.5
479867.186224,1,0.4,0.3,1.7,0,0,0,-0.5,-0.1,2,-1,0.4,1.4
479867.197494,1,0.4,0.2,1.7,0,0,0,-0.5,-0.1,2,-1,0.4,1.4
479867.208386,1,0.4,0.2,1.7,0,0,0,-0.5,-0.1,2,-1,0.3,1.4
479867.219494,1,0.4,0.2,1.7,0,0,0,-0.4,-0.2,2,-1,0.3,1.4
479867.230665,1,0.3,0.1,1.7,0,0,0,-0.4,-0.2,1.9,-1,0.2,1.3
479867.241794,1,0.2,0,1.7,0,0,0,-0.4,-0.2,1.9,-1,0.2,1.2
479867.252834,1,0.2,-0.1,1.7,0,0,0,-0.3,-0.3,1.9,-1,0.1,1.2
479867.264058,1,0.1,-0.2,1.7,0,0,0,-0.3,-0.3,1.9,-1,0,1.1
479867.275183,1,0.1,-0.2,1.7,0,0,0,-0.2,-0.3,1.8,-1,0,1
479867.286254,1,0,-0.3,1.7,0,0,0,-0.2,-0.3,1.8,-1,0,1
479867.297618,1,0,-0.4,1.7,0,0,0,-0.2,-0.4,1.7,-1,-0.1,1
479867.308468,1,-0.1,-0.5,1.7,0,0,0,-0.2,-0.4,1.6,-1,-0.1,0.9
479867.319596,1,-0.2,-0.6,1.6,0,0,0,-0.2,-0.4,1.6,-1,-0.1,0.8
479867.330699,1,-0.3,-0.7,1.6,0,0,0,-0.2,-0.3,1.5,-1,-0.1,0.8
479867.341814,1,-0.3,-0.7,1.6,0,0,0,-0.2,-0.3,1.3,-0.8,0,0.7
479867.352851,1,-0.4,-0.7,1.5,0,0,0,-0.1,-0.3,1.1,-0.4,0,0.6
479867.363976,1,-0.4,-0.8,1.4,0,0,0,0.4,-0.3,0.9,-0.4,0,0.6
479867.375154,1,-0.4,-0.8,1.2,0,0,0,0.4,-0.3,0.7,-0.3,0,0.5
479867.387976,1,-0.4,-0.7,1,0,0,0,0.3,-0.2,0.7,-0.3,0,0.6
479867.397607,1,-0.7,-0.5,0.7,0,0,0,0.3,-0.2,0.7,-0.3,0,0.5
479867.408456,1,-0.7,-0.5,0.7,0,0,0,0.2,-0.2,0.5,-0.2,0,0.4
479867.419523,1,-0.6,-0.4,0.6,0,0,0,0.2,-0.1,0.3,-0.2,0,0.4
479867.430702,1,-0.5,-0.4,0.7,0,0,0,0.1,-0.1,0.2,-0.2,0,0.4
479867.441833,1,-0.4,-0.3,0.5,0,0,0,0.1,0,0.1,-0.1,0,0.3
479867.452867,1,-0.3,-0.2,0.4,0,0,0,0,0,0.1,-0.1,0,0.2
479867.463985,1,0,0,0,0,0,0,0,0,0,-0.1,0,0.2
479867.475105,1,0,0,0,0,0,0,0,0,0,0,0,0
479867.486182,0,0,0,0,0,0,0,0,0,0,0,0,0
479867.497690,0,0,0,0,0,0,0,0,0,0,0,0,0
479867.508426,0,0,0,0,0,0,0,0,0,0,0,0,0
479867.519523,0,0,0,0,0,0,0,0,0,0,0,0,0
479867.530690,0,0,0,0,0,0,0,0,0,0,0,0,0
479867.541728,0,0,0,0,0,0,0,0,0,0,0,0,0
479867.552830,0,0,0,0,0,0,0,0,0,0,0,0,0
479867.563981,0,0,0,0,0,0,0,0,0,0,0,0,0
479867.575090,0,0,0,0,0,0,0,0,0,0,0,0,0
479867.586197,0,0,0,0,0,0,0,0,0,0,0,0,0
479867.597739,0,0,0,0,0,0,0,0,0,0,0,0,0
479867.608800,0,0,0,0,0,0,0,0,0,0,0,0,0
479867.619533,0,0,0,0,0,0,0,0,0,0,0,0,0
479867.630680,0,0,0,0,0,0,0,0,0,0,0,0,0
479867.652874,0,0,0,0,0,0,0,0,0,0,0,0,0
479867.663990,0,0,0,0,0,0,0,0,0,0,0,0,0
479867.675102,0,0,0,0,0,0,0,0,0,0,0,0,0
479867.686204,0,0,0,0,0,0,0,0,0,0,0,0,0
479867.697649,0,0,0,0,0,0,0,0,0,0,0,0,0
479867.708422,0,0,0,0,0,0,0,0,0,0,0,0,0
479867.719529,0,0,0,0,0,0,0,0,0,0,0,0,0
479867.730691,0,0,0,0,0,0,0,0,0,0,0,0,0
479867.741736,0,0,0,0,0,0,0,0,0,0,0,0,0
479867.752882,0,0,0,0,0,0,0,0,0,0,0,0,0
479867.764008,0,0,0,0,0,0,0,0,0,0,0,0,0
479867.775138,0,0,0,0,0,0,0,0,0,0,0,0,0
479867.786285,0,0,0,0,0,0,0,0,0,0,0,0,0
479867.797730,0,0,0,0,0,0,0,0,0,0,0,0,0
479867.808490,0,0,0,0,0,0,0,0,0,0,0,0,0
479867.819592,0,0,0,0,0,0,0,0,0,0,0,0,0
479867.830706,1,0,0,0,0.1,0,0,0,0,0,0,0,0
479867.841803,0,0,0,0,0.1,0,0,0,0,0,0,0,0
479867.852833,0,0,0,0,0.1,0,0,0,0,0,0,0,0
479867.864039,1,0,0,0,0,0,0,0,0,0,0,0,0
479867.875144,0,0,0,0,0,0,0,0,0,0,0,0,0
479867.886229,0,0,0,0,0,0,0,0,0,0,0,0,0
479867.897725,0,0,0,0,0,0,0,0,0,0,0,0,0
479867.908467,0,0,0,0,0,0,0,0,0,0,0,0,0
479867.919542,0,0,0,0,0,0,0,0,0,0,0,0,0
479867.930749,0,0,0,0,0,0,0,0,0,0,0,0,0
479867.941767,0,0,0,0,0,0,0,0,0,0,0,0,0
479867.952855,0,0,0,0,0,0,0,0,0,0,0,0,0
479867.964013,0,0,0,0,0,0,0,0,0,0,0,0,0
479867.975116,0,0,0,0,0,0,0,0,0,0,0,0,0
479867.986189,0,0,0,0,0,0,0,0,0,0,0,0,0
479867.997509,0,0,0,0,0,0,0,0,0,0,0,0,0
479868.008438,0,0,0,0,0,0,0,0,0,0,0,0,0
479868.019506,0,0,0,0,0,0,0,0,0,0,0,0,0
479868.030679,0,0,0,0,0,0,0,0,0,0,0,0,0
479868.041779,0,0,0,0,0,0,0,0,0,0,0,0,0
479868.052839,0,0,0,0,0,0,0,0,0,0,0,0,0
479868.063996,0,0,0,0,0,0,0,0,0,0,0,0,0
479868.075128,0,0,0,0,0,0,0,0,0,0,0,0,0
479868.086202,0,0,0,0,0,0,0,0,0,0,0,0,0
479868.097711,0,0,0,0,0,0,0,0,0,0,0,0,0
479868.108440,0,0,0,0,0,0,0,0,0,0,0,0,0
479868.119513,0,0,0,0,0,0,0,0,0,0,0,0,0
479868.130694,0,0,0,0,0,0,0,0,0,0,0,0,0
479868.141800,0,0,0,0,0,0,0,0,0,0,0,0,0
479868.152841,0,0,0,0,0,0,0,0,0,0,0,0,0
479868.163996,0,0,0,0,0,0,0,0,0,0,0,0,0
479868.175114,0,0,0,0,0,0,0,0,0,0,0,0,0
479868.186195,0,0,0,0,0,0,0,0,0,0,0,0,0
479868.197506,0,0,0,0,0,0,0,0,0,0,0,0,0
479868.208426,0,0,0,0,0,0,0,0,0,0,0,0,0
479868.219538,0,0,0,0,0,0,0,0,0,0,0,0,0
479868.230682,0,0,0,0,0,0,0,0,0,0,0,0,0
479868.241808,0,0,0,0,0,0,0,0,0,0,0,0,0
479868.252876,0,0,0,0,0,0,0,0,0,0,0,0,0
479868.263995,0,0,0,0,0,0,0,0,0,0,0,0,0
479868.275123,0,0,0,0,0,0,0,0,0,0,0,0,0
479868.286206,0,0,0,0,0,0,0,0,0,0,0,0,0
479868.297785,0,0,0,0,0,0,0,0,0,0,0,0,0
479868.308458,0,0,0,0,0,0,0,0,0,0,0,0,0
479868.319563,0,0,0,0,0,0,0,0,0,0,0,0,0
479868.330738,0,0,0,0,0,0,0,0,0,0,0,0,0
479868.341777,0,0,0,0,0,0,0,0,0,0,0,0,0
479868.352863,0,0,0,0,0,0,0,0,0,0,0,0,0
479868.364013,0,0,0,0,0,0,0,0,0,0,0,0,0
479868.375105,0,0,0,0,0,0,0,0,0,0,0,0,0
479868.386228,0,0,0,0,0,0,0,0,0,0,0,0,0
479868.397734,0,0,0,0,0,0,0,0,0,0,0,0,0
479868.408433,0,0,0,0,0,0,0,0,0,0,0,0,0
479868.419534,0,0,0,0,0,0,0,0,0,0,0,0,0
479868.430682,0,0,0,0,0,0,0,0,0,0,0,0,0
479868.441813,0,0,0,0,0,0,0,0,0,0,0,0,0
479868.452854,0,0,0,0,0,0,0,0,0,0,0,0,0
479868.464093,0,0,0,0,0,0,0,0,0,0,0,0,0
479868.475124,0,0,0,0,0,0,0,0,0,0,0,0,0
479868.486232,0,0,0,0,0,0,0,0,0,0,0,0,0
479868.497729,0,0,0,0,0,0,0,0,0,0,0,0,0
479868.508462,0,0,0,0,0,0,0,0,0,0,0,0,0
479868.519528,0,0,0,0,0,0,0,0,0,0,0,0,0
479868.530739,0,0,0,0,0,0,0,0,0,0,0,0,0
479868.541792,0,0,0,0,0,0,0,0,0,0,0,0,0
479868.552870,0,0,0,0,0,0,0,0,0,0,0,0,0
479868.564036,0,0,0,0,0,0,0,0,0,0,0,0,0
479868.575115,0,0,0,0,0,0,0,0,0,0,0,0,0
479868.586228,0,0,0,0,0,0,0,0,0,0,0,0,0
479868.597668,0,0,0,0,0,0,0,0,0,0,0,0,0
479868.608472,0,0,0,0,0,0,0,0,0,0,0,0,0
479868.619544,0,0,0,0,0,0,0,0,0,0,0,0,0
479868.630712,0,0,0,0,0,0,0,0,0,0,0,0,0
479868.641779,0,0,0,0,0,0,0,0,0,0,0,0,0
479868.652871,0,0,0,0,0,0,0,0,0,0,0,0,0
479868.664043,0,0,0,0,0,0,0,0,0,0,0,0,0
479868.675136,0,0,0,0,0,0,0,0,0,0,0,0,0
479868.686239,0,0,0,0,0,0,0,0,0,0,0,0,0
479868.697534,0,0,0,0,0,0,0,0,0,0,0,0,0
479868.708438,0,0,0,0,0,0,0,0,0,0,0,0,0
479868.719567,0,0,0,0,0,0,0,0,0,0,0,0,0
479868.730697,0,0,0,0,0,0,0,0,0,0,0,0,0
479868.741808,0,0,0,0,0,0,0,0,0,0,0,0,0
479868.752888,0,0,0,0,0,0,0,0,0,0,0,0,0
479868.764022,0,0,0,0,0,0,0,0,0,0,0,0,0
479868.775193,0,0,0,0,0,0,0,0,0,0,0,0,0
479868.786241,0,0,0,0,0,0,0,0,0,0,0,0,0
479868.797681,0,0,0,0,0,0,0,0,0,0,0,0,0
479868.808459,0,0,0,0,0,0,0,0,0,0,0,0,0
479868.819552,0,0,0,0,0,0,0,0,0,0,0,0,0
479868.830751,0,0,0,0,0,0,0,0,0,0,0,0,0
479868.841797,0,0,0,0,0,0,0,0,0,0,0,0,0
479868.852865,0,0,0,0,0,0,0,0,0,0,0,0,0
479868.864032,0,0,0,0,0,0,0,0,0,0,0,0,0
479868.875126,0,0,0,0,0,0,0,0,0,0,0,0,0
479868.886214,0,0,0,0,0,0,0,0,0,0,0,0,0
479868.897717,0,0,0,0,0,0,0,0,0,0,0,0,0
479868.908434,0,0,0,0,0,0,0,0,0,0,0,0,0
479868.919556,0,0,0,0,0,0,0,0,0,0,0,0,0
479868.930726,0,0,0,0,0,0,0,0,0,0,0,0,0
479868.941757,0,0,0,0,0,0,0,0,0,0,0,0,0
479868.952855,0,0,0,0,0,0,0,0,0,0,0,0,0
479868.964038,0,0,0,0,0,0,0,0,0,0,0,0,0
479868.975138,0,0,0,0,0,0,0,0,0,0,0,0,0
479868.986246,0,0,0,0,0,0,0,0,0,0,0,0,0
479868.997551,0,0,0,0,0,0,0,0,0,0,0,0,0
479869.008454,0,0,0,0,0,0,0,0,0,0,0,0,0
479869.019566,0,0,0,0,0,0,0,0,0,0,0,0,0
479869.030699,0,0,0,0,0,0,0,0,0,0,0,0,0
479869.041789,0,0,0,0,0,0,0,0,0,0,0,0,0
479869.052887,0,0,0,0,0,0,0,0,0,0,0,0,0
479869.064086,0,0,0,0,0,0,0,0,0,0,0,0,0
479869.075180,0,0,0,0,0,0,0,0,0,0,0,0,0
479869.086229,0,0,0,0,0,0,0,0,0,0,0,0,0
479869.097583,0,0,0,0,0,0,0,0,0,0,0,0,0
479869.108480,0,0,0,0,0,0,0,0,0,0,0,0,0
479869.119587,0,0,0,0,0,0,0,0,0,0,0,0,0
479869.130752,0,0,0,0,0,0,0,0,0,0,0,0,0
479869.141785,0,0,0,0,0,0,0,0,0,0,0,0,0
479869.152883,1,0,0,0,0,0,0,0,0,0.1,0,0,0
479869.163994,0,0,0,0,0,0,0,0,0,0.1,0,0,0
479869.175174,0,0,0,0,0,0,0,0,0,0.1,0,0,0
479869.186237,1,0,0,0,0,0,0,0,0,0,0,0,0
479869.197634,0,0,0,0,0,0,0,0,0,0,0,0,0
479869.208446,0,0,0,0,0,0,0,0,0,0,0,0,0
479869.219539,0,0,0,0,0,0,0,0,0,0,0,0,0
479869.230707,0,0,0,0,0,0,0,0,0,0,0,0,0
479869.241821,0,0,0,0,0,0,0,0,0,0,0,0,0
479869.252856,1,0,0,0,0,0,0,0,0,0.1,0,0,0
479869.264031,0,0,0,0,0,0,0,0,0,0.1,0,0,0
479869.275135,0,0,0,0,0,0,0,0,0,0.1,0,0,0
479869.286233,1,0,0,0,0,0,0,0,0,0,0,0,0
479869.297642,1,0,0,0,0,0,0,0,0,0.1,0,0,0
479869.308448,1,0,0,0,0,0,0,0,0,0,0,0,0
479869.319556,0,0,0,0,0,0,0,0,0,0,0,0,0
479869.330715,0,0,0,0,0,0,0,0,0,0,0,0,0
479869.341800,0,0,0,0,0,0,0,0,0,0,0,0,0
479869.352887,0,0,0,0,0,0,0,0,0,0,0,0,0
479869.364030,0,0,0,0,0,0,0,0,0,0,0,0,0
479869.375145,0,0,0,0,0,0,0,0,0,0,0,0,0
479869.386252,0,0,0,0,0,0,0,0,0,0,0,0,0
479869.397742,0,0,0,0,0,0,0,0,0,0,0,0,0
479869.408445,0,0,0,0,0,0,0,0,0,0,0,0,0
479869.419552,1,0,0,0,0,0,0,0,0,0.1,0,0,0
479869.430725,0,0,0,0,0,0,0,0,0,0.1,0,0,0
479869.441826,0,0,0,0,0,0,0,0,0,0.1,0,0,0
479869.452888,0,0,0,0,0,0,0,0,0,0.1,0,0,0
479869.464082,0,0,0,0,0,0,0,0,0,0.1,0,0,0
479869.475226,0,0,0,0,0,0,0,0,0,0.1,0,0,0
479869.486313,0,0,0,0,0,0,0,0,0,0.1,0,0,0
479869.497708,0,0,0,0,0,0,0,0,0,0.1,0,0,0
479869.508526,0,0,0,0,0,0,0,0,0,0.1,0,0,0
479869.519625,1,0,0,0,0,0,0,0,0,0.2,0,0,0
479869.530812,0,0,0,0,0,0,0,0,0,0.2,0,0,0
479869.541857,0,0,0,0,0,0,0,0,0,0.2,0,0,0
479869.552905,0,0,0,0,0,0,0,0,0,0.2,0,0,0
479869.564102,0,0,0,0,0,0,0,0,0,0.2,0,0,0
479869.575206,1,0,0,0,0,0,0,0,-0.1,0.2,0,0,0
479869.586273,1,0,0,0,0,0,0,0,-0.1,0.3,0,0,0
479869.597641,0,0,0,0,0,0,0,0,-0.1,0.3,0,0,0
479869.608520,1,0,0,0,0,0,0,0.1,-0.1,0.3,0,0,0
479869.619602,0,0,0,0,0,0,0,0.1,-0.1,0.3,0,0,0
479869.630819,1,0,0,0,0,0,0,0.1,-0.1,0.4,0,0,0
479869.641893,0,0,0,0,0,0,0,0.1,-0.1,0.4,0,0,0
479869.652885,0,0,0,0,0,0,0,0.1,-0.1,0.4,0,0,0
479869.664102,0,0,0,0,0,0,0,0.1,-0.1,0.4,0,0,0
479869.675234,0,0,0,0,0,0,0,0.1,-0.1,0.4,0,0,0
479869.686348,1,0,0,0,0,0,0,0.1,-0.1,0.5,0,0,0
479869.697731,0,0,0,0,0,0,0,0.1,-0.1,0.5,0,0,0
479869.708531,0,0,0,0,0,0,0,0.1,-0.1,0.5,0,0,0
479869.719605,0,0,0,0,0,0,0,0.1,-0.1,0.5,0,0,0
479869.730800,0,0,0,0,0,0,0,0.1,-0.1,0.5,0,0,0
479869.741907,1,0,0,0,0,0,0,0.1,-0.1,0.6,0,0,0
479869.752909,0,0,0,0,0,0,0,0.1,-0.1,0.6,0,0,0
479869.764094,0,0,0,0,0,0,0,0.1,-0.1,0.6,0,0,0
479869.775272,0,0,0,0,0,0,0,0.1,-0.1,0.6,0,0,0
479869.786257,0,0,0,0,0,0,0,0.1,-0.1,0.6,0,0,0
479869.797799,1,0,0,0,0,0,0,0.1,-0.1,0.7,0,0,0
479869.808519,0,0,0,0,0,0,0,0.1,-0.1,0.7,0,0,0
479869.819608,0,0,0,0,0,0,0,0.1,-0.1,0.7,0,0,0
479869.830785,1,-0.1,-0.1,0.3,0,0,0,0.1,-0.1,0.7,0,0,0
479869.841809,1,-0.2,-0.1,0.4,0,0,0,0.1,0,0.7,0,0,0
479869.852953,1,-0.2,-0.1,0.5,0,0,0,0.1,0,0.7,0,0,0
479869.864085,1,-0.3,-0.1,0.6,0,0,0,0,0,0.7,0,0,0
479869.875207,0,-0.3,-0.1,0.6,0,0,0,0,0,0.7,0,0,0
479869.886341,1,-0.3,-0.1,0.7,0,0,0,0,0,0.6,0,0,0
479869.903467,1,-0.4,-0.2,0.9,0,0,0,0,0,0.6,0,0,0
479869.908498,1,-0.4,-0.2,1,0,0,0,0,0,0.6,0,0,0
479869.919570,1,-0.3,-0.1,0.8,0,0,0,-0.1,0.1,0.6,0,0,0
479869.930840,1,-0.3,-0.1,0.9,0,0,0,-0.1,0.1,0.6,0,0,0
479869.941866,1,-0.3,-0.1,1,0,0,0,-0.1,0.1,0.6,0,0,0
479869.952903,1,-0.3,-0.1,1,0,0,0,-0.2,0.1,0.7,0,0,0
479869.964029,1,-0.4,-0.1,1,0.1,0,0.1,-0.2,0.1,0.7,0,0,0
479869.975411,1,-0.4,-0.3,1.1,0.1,0,0.1,-0.2,0.1,0.7,0,0,0
479869.986302,1,-0.2,-0.9,0.9,0.1,0,0.1,-0.2,0.2,0.7,0,0,0
479869.997813,1,-0.2,-1,0.9,0.1,0,0.1,-0.2,0.2,0.8,0,0,0
479870.008540,1,-0.3,-1.1,0.9,0.1,0,0.1,-0.2,0.2,0.8,0,0,0
479870.019655,0,-0.3,-1.1,0.9,0.1,0,0.1,-0.2,0.2,0.8,0,0,0
479870.030837,1,-0.3,-1.2,1,0.1,0,0.2,-0.3,0.2,0.9,0,0,0
479870.041879,1,-0.3,-1.2,1,0.1,0,0.2,-0.3,0.1,0.9,0,0,0
479870.052884,1,-0.4,-1.3,1.1,0.2,0,0.2,-0.3,0.1,0.8,0,0,0
479870.064102,1,-0.4,-1.4,1.2,0.2,0,0.2,-0.3,0.1,0.8,0,0,0
479870.075185,1,-0.4,-1.5,1.2,0.2,0,0.2,-0.3,0.1,0.9,0,0,0
479870.086259,1,-0.4,-1.5,1.2,0.2,0,0.3,-0.3,0.1,0.9,0,0,0
479870.097602,1,-0.4,-1.5,1.3,0.2,0,0.3,-0.3,0.1,0.9,0,0,0
479870.108458,1,-0.4,-1.6,1.3,0.2,0,0.3,-0.3,0.1,0.9,0,0,0
479870.119543,1,-0.4,-1.6,1.4,0.2,0,0.3,-0.3,0.1,0.9,0,0,0
479870.130791,1,-0.4,-1.6,1.5,0.2,0,0.3,-0.3,0.1,1,0,0,0
479870.141864,1,-0.4,-1.6,1.5,0.3,0,0.3,-0.3,0.1,1,0,0,0
479870.152894,1,-0.4,-1.6,1.5,0.3,0,0.4,-0.3,0.1,1,0,0,0
479870.164090,1,-0.4,-1.6,1.6,0.3,-0.1,0.4,-0.3,0.1,1,0,0,0
479870.175234,1,-0.3,-1.6,1.6,0.3,-0.1,0.4,-0.3,0.1,1,0,0,0
479870.186257,1,-0.3,-1.6,1.7,0.3,-0.1,0.4,-0.3,0.1,1.1,0,0,0.1
479870.197680,1,-0.3,-1.6,1.7,0.3,-0.1,0.4,-0.2,0.1,1.1,0,0,0.1
479870.208782,1,-0.3,-1.6,1.7,0.4,-0.1,0.5,-0.2,0.1,1.1,-0.1,0,0.1
479870.219589,0,-0.3,-1.6,1.7,0.4,-0.1,0.5,-0.2,0.1,1.1,-0.1,0,0.1
479870.230801,1,-0.3,-1.5,1.8,0.4,-0.1,0.6,-0.3,0.1,1.1,-0.1,0,0.1
479870.241844,1,-0.3,-1.5,1.8,0.4,-0.1,0.6,-0.2,0.1,1.1,-0.1,0,0.1
479870.252885,1,-0.3,-1.4,1.9,0.4,-0.1,0.6,-0.2,0.1,1.1,-0.1,0,0.1
479870.264035,1,-0.3,-1.4,1.9,0.4,-0.1,0.7,-0.2,0.1,1.1,-0.1,0,0.2
479870.275152,1,-0.3,-1.3,2,0.5,-0.1,0.7,-0.2,0.1,1.1,-0.1,0,0.2
479870.286291,1,-0.3,-1.2,2,0.5,-0.1,0.7,-0.3,0.1,1.1,-0.1,0,0.2
479870.297688,1,-0.3,-1.2,2,0.5,-0.1,0.6,-0.3,0.1,1.1,-0.1,0,0.2
479870.308538,1,-0.3,-1.2,2.1,0.5,-0.1,0.6,-0.3,0.1,1.1,-0.1,0,0.2
479870.319632,1,-0.2,-1.1,2.2,0.5,-0.1,0.6,-0.3,0.1,1.1,-0.1,0,0.2
479870.330847,1,-0.2,-1,2.2,0.5,-0.1,0.6,-0.3,0.1,1.1,-0.1,0,0.2
479870.341854,1,-0.1,-0.9,2.3,0.5,-0.1,0.6,-0.3,0.1,1.1,-0.1,0,0.2
479870.352934,1,-0.1,-0.9,2.4,0.5,-0.1,0.6,-0.3,0.1,1.1,-0.1,0,0.2
479870.364121,0,-0.1,-0.9,2.4,0.5,-0.1,0.6,-0.3,0.1,1.1,-0.1,0,0.2
479870.375220,1,0,-0.8,2.5,0.5,-0.1,0.6,-0.3,0.1,1.1,-0.1,0,0.2
479870.386322,1,0.1,-0.7,2.6,0.5,-0.1,0.6,-0.3,0.1,1,-0.2,0,0.3
479870.397668,1,0.2,-0.6,2.6,0.5,-0.1,0.6,-0.3,0.1,1.1,-0.2,0,0.3
479870.408517,1,0.2,-0.5,2.7,0.5,-0.1,0.6,-0.3,0.1,1.1,-0.2,0,0.3
479870.419608,1,0.3,-0.5,2.7,0.5,-0.1,0.7,-0.3,0.1,1.1,-0.2,0,0.3
479870.430797,0,0.3,-0.5,2.7,0.5,-0.1,0.7,-0.3,0.1,1.1,-0.2,0,0.3
479870.441867,1,0.3,-0.4,2.7,0.5,-0.1,0.7,-0.3,0.1,1.1,-0.2,0,0.3
479870.452913,1,0.4,-0.4,2.8,0.5,-0.1,0.7,-0.3,0.1,1.1,-0.2,0,0.3
479870.464107,1,0.4,-0.3,2.8,0.5,-0.1,0.7,-0.3,0.1,1.1,-0.2,0,0.3
479870.475117,1,0.4,-0.3,2.8,0.6,-0.1,0.7,-0.3,0.1,1.2,-0.2,0,0.3
479870.486293,0,0.4,-0.3,2.8,0.6,-0.1,0.7,-0.3,0.1,1.2,-0.2,0,0.3
479870.497724,1,0.3,-0.3,2.8,0.6,-0.1,0.8,-0.4,0.1,1.2,-0.2,0,0.3
479870.508487,1,0.3,-0.3,2.8,0.6,-0.1,0.8,-0.3,0.1,1.2,-0.2,0,0.3
479870.519558,1,0.3,-0.3,2.8,0.5,-0.2,0.9,-0.3,0.1,1.2,-0.2,0,0.3
479870.530758,1,0.2,-0.3,2.8,0.4,-0.3,1.1,-0.3,0.1,1.2,-0.2,0,0.3
479870.541801,1,0.2,-0.4,2.9,0.4,-0.3,1.1,-0.3,0.1,1.2,-0.1,0,0.2
479870.552890,1,0.1,-0.4,2.9,0.4,-0.3,1.2,-0.3,0.1,1.2,-0.1,0,0.2
479870.564097,1,0,-0.4,2.9,0.4,-0.3,1.2,-0.3,0.1,1.2,-0.1,0,0.2
479870.575181,0,0,-0.4,2.9,0.4,-0.3,1.2,-0.3,0.1,1.2,-0.1,0,0.2
479870.586289,1,0,-0.5,2.9,0.4,-0.4,1.3,-0.3,0,1.3,-0.1,0,0.2
479870.597666,1,-0.1,-0.5,3,0.4,-0.4,1.3,-0.3,0,1.3,-0.1,0,0.2
479870.608512,0,-0.1,-0.5,3,0.4,-0.4,1.3,-0.3,0,1.3,-0.1,0,0.2
479870.619612,1,-0.1,-0.5,3.1,0.4,-0.4,1.3,-0.3,0,1.3,-0.1,0,0.2
479870.630789,1,-0.2,-0.5,3.1,0.4,-0.4,1.3,-0.3,0,1.3,-0.1,0,0.2
479870.641865,1,-0.2,-0.5,3.2,0.4,-0.4,1.3,-0.3,0,1.3,-0.1,0,0.2
479870.652922,1,-0.2,-0.5,3.2,0.4,-0.3,1.2,-0.3,0.1,1.2,-0.1,0,0.2
479870.664114,0,-0.2,-0.5,3.2,0.4,-0.3,1.2,-0.3,0.1,1.2,-0.1,0,0.2
479870.675136,1,-0.2,-0.5,3.3,0.4,-0.3,1.2,-0.3,0.1,1.2,-0.2,0,0.3
479870.686306,1,-0.1,-0.5,3.3,0.4,-0.3,1.1,-0.3,0.1,1.2,-0.2,0,0.3
479870.697744,1,-0.1,-0.5,3.4,0.4,-0.3,1.1,-0.3,0.1,1.3,-0.2,0,0.3
479870.708486,1,-0.1,-0.4,3.4,0.4,-0.2,1,-0.4,0.1,1.2,-0.2,0,0.3
479870.719589,1,-0.1,-0.4,3.4,0.5,-0.2,0.9,-0.4,0.1,1.2,-0.2,0,0.3
479870.730764,1,0,-0.4,3.5,0.6,-0.1,0.8,-0.4,0.1,1.2,-0.2,0,0.3
479870.741804,1,0.1,-0.4,3.5,0.6,-0.1,0.7,-0.4,0.1,1.2,-0.2,0,0.3
479870.752914,1,0.1,-0.3,3.6,0.6,-0.1,0.7,-0.5,0,1.1,-0.2,0,0.4
479870.764064,1,0.2,-0.3,3.6,0.5,-0.1,0.7,-0.5,0,1.1,-0.2,0,0.4
479870.775153,1,0.3,-0.3,3.6,0.5,-0.1,0.7,-0.5,-0.1,1.1,-0.3,0,0.4
479870.786297,1,0.3,-0.3,3.6,0.5,-0.1,0.7,-0.6,-0.1,1.1,-0.3,0,0.4
479870.797737,1,0.4,-0.1,3.7,0.5,-0.1,0.6,-0.7,0,1.2,-0.3,0,0.5
479870.808493,1,0.5,-0.1,3.7,0.5,-0.1,0.6,-0.7,0,1.3,-0.3,0,0.5
479870.819560,1,0.6,0,3.7,0.5,-0.1,0.7,-0.7,0.1,1.3,-0.3,0,0.5
479870.830764,1,0.6,0.1,3.7,0.5,-0.1,0.7,-0.7,0.1,1.3,-0.3,0.1,0.5
479870.841803,1,0.7,0.1,3.8,0.5,-0.1,0.7,-0.8,0.1,1.4,-0.4,0.1,0.6
479870.852901,0,0.7,0.1,3.8,0.5,-0.1,0.7,-0.8,0.1,1.4,-0.4,0.1,0.6
479870.864138,1,0.7,0.2,3.8,0.5,-0.1,0.7,-0.8,0.1,1.4,-0.4,0.1,0.6
479870.875197,1,0.8,0.2,3.8,0.4,-0.1,0.6,-0.8,0.1,1.5,-0.4,0.2,0.6
479870.886333,1,0.8,0.3,3.8,0.5,-0.1,0.6,-0.8,0.1,1.5,-0.4,0.2,0.6
479870.897702,0,0.8,0.3,3.8,0.5,-0.1,0.6,-0.8,0.1,1.5,-0.4,0.2,0.6
479870.908513,1,0.8,0.3,3.8,0.5,-0.1,0.6,-0.8,0.1,1.5,-0.4,0.1,0.6
479870.919654,1,0.8,0.3,3.8,0.5,-0.1,0.6,-0.8,0.1,1.5,-0.3,0.1,0.6
479870.933233,1,0.8,0.3,3.9,0.5,-0.1,0.6,-0.8,0,1.4,-0.3,0.1,0.6
479870.941875,1,0.7,0.3,3.9,0.5,-0.1,0.7,-0.8,0,1.4,-0.3,0,0.5
479870.952937,1,0.7,0.2,3.9,0.5,-0.1,0.7,-0.7,-0.1,1.4,-0.3,0,0.5
479870.964066,1,0.6,0.2,3.9,0.5,-0.2,0.9,-0.7,-0.2,1.3,-0.3,0,0.5
479870.975187,1,0.5,0.1,4,0.4,-0.2,1.2,-0.7,-0.2,1.3,-0.3,0,0.5
479870.986339,1,0.5,0.1,4,0.4,-0.2,1.3,-0.7,-0.2,1.3,-0.3,0,0.5
479870.998064,1,0.4,0.1,4,0.4,-0.2,1.3,-0.6,-0.3,1.2,-0.3,0,0.4
479871.008481,1,0.4,0,4,0.5,-0.3,1.3,-0.6,-0.4,1.2,-0.3,0,0.4
479871.019600,1,0.3,-0.1,4.1,0.5,-0.3,1.4,-0.5,-0.4,1.2,-0.2,0,0.4
479871.030762,1,0.2,-0.1,4.1,0.5,-0.3,1.4,-0.5,-0.5,1.1,-0.2,0,0.4
479871.041820,1,0.2,-0.1,4.2,0.6,-0.3,1.4,-0.5,-0.5,1.1,-0.2,0,0.4
479871.052893,0,0.2,-0.1,4.2,0.6,-0.3,1.4,-0.5,-0.5,1.1,-0.2,0,0.4
479871.064127,1,0.1,-0.2,4.2,0.6,-0.3,1.4,-0.5,-0.5,1.1,-0.2,0,0.4
479871.075140,1,0.1,-0.2,4.3,0.6,-0.3,1.4,-0.5,-0.5,1.1,-0.2,0.1,0.4
479871.086316,1,0.1,-0.1,4.3,0.5,-0.3,1.4,-0.5,-0.5,1.2,-0.2,0.1,0.4
479871.097585,1,0.2,-0.1,4.4,0.5,-0.3,1.4,-0.5,-0.4,1.2,-0.2,0.1,0.4
479871.108475,1,0.2,-0.1,4.4,0.5,-0.3,1.4,-0.6,-0.4,1.2,-0.3,0.1,0.4
479871.119609,1,0.2,-0.1,4.4,0.5,-0.2,1.4,-0.6,-0.4,1.3,-0.3,0.1,0.4
479871.130788,1,0.3,0,4.4,0.4,-0.2,1.3,-0.7,-0.3,1.3,-0.3,0.1,0.5
479871.141843,1,0.4,0,4.5,0.4,-0.2,1.3,-0.7,-0.3,1.3,-0.4,0.2,0.6
479871.152897,1,0.5,0.1,4.5,0.4,-0.2,1.3,-0.8,-0.3,1.4,-0.6,0.5,0.7
479871.164059,1,0.5,0.1,4.5,0.4,-0.1,1.3,-0.8,-0.2,1.4,-0.6,0.5,0.7
479871.175119,1,0.6,0.2,4.6,0.3,-0.1,1.3,-0.9,-0.2,1.5,-0.7,0.6,0.8
479871.186331,1,0.7,0.2,4.6,0.3,-0.1,1.3,-0.9,-0.2,1.5,-0.8,0.6,0.9
479871.197565,1,0.7,0.2,4.6,0.3,-0.1,1.3,-1,-0.2,1.5,-0.8,0.6,0.9
479871.208475,1,0.7,0.2,4.6,0.3,0,1.3,-1,-0.2,1.5,-0.8,0.6,0.9
479871.219591,1,0.8,0.2,4.6,0.3,0,1.3,-1,-0.2,1.5,-0.8,0.7,0.9
479871.230773,1,0.8,0.3,4.6,0.3,0,1.3,-1,-0.2,1.5,-0.8,0.7,0.9
479871.241815,1,0.9,0.2,4.7,0.3,0,1.3,-1.1,-0.3,1.5,-0.8,0.7,0.9
479871.252898,1,0.9,0.2,4.7,0.3,0,1.3,-1.1,-0.3,1.5,-0.9,0.7,1
479871.264066,0,0.9,0.2,4.7,0.3,0,1.3,-1.1,-0.3,1.5,-0.9,0.7,1
479871.275139,1,1,0.2,4.7,0.4,0,1.3,-1.1,-0.3,1.5,-0.9,0.7,1
479871.286320,1,1,0.2,4.7,0.4,0,1.3,-1.1,-0.4,1.5,-0.9,0.7,1
479871.297562,1,1,0.2,4.8,0.4,0,1.3,-1.1,-0.4,1.5,-0.9,0.7,1
479871.308500,1,1,0.2,4.8,0.4,0,1.4,-1.1,-0.4,1.5,-0.9,0.7,1
479871.319619,0,1,0.2,4.8,0.4,0,1.4,-1.1,-0.4,1.5,-0.9,0.7,1
479871.330788,1,1,0.2,4.8,0.4,0.1,1.4,-1.1,-0.4,1.5,-0.9,0.7,1
479871.341810,0,1,0.2,4.8,0.4,0.1,1.4,-1.1,-0.4,1.5,-0.9,0.7,1
479871.352864,1,1,0.2,4.9,0.4,0,1.5,-1.1,-0.5,1.5,-0.9,0.7,1
479871.364064,1,1.1,0.1,4.9,0.4,0,1.5,-1.1,-0.5,1.5,-0.9,0.7,1
479871.375152,0,1.1,0.1,4.9,0.4,0,1.5,-1.1,-0.5,1.5,-0.9,0.7,1
479871.386318,0,1.1,0.1,4.9,0.4,0,1.5,-1.1,-0.5,1.5,-0.9,0.7,1
479871.397617,1,1.1,0.1,4.9,0.5,0,1.5,-1.1,-0.6,1.5,-0.9,0.8,1
479871.408514,1,1.1,0.1,4.9,0.5,0,1.6,-1.1,-0.6,1.5,-0.9,0.8,1
479871.419619,1,1.1,0.1,5,0.5,0,1.6,-1.1,-0.6,1.5,-1,0.8,1
479871.430763,1,1.1,0.1,5,0.5,0,1.6,-1.1,-0.7,1.5,-1,0.8,1
479871.441827,1,1.1,0,5,0.5,0,1.6,-1.1,-0.7,1.5,-1,0.7,1
479871.452894,1,1,0,5,0.5,0,1.7,-1.1,-0.7,1.5,-1,0.7,1
479871.464068,1,1,0,5,0.5,0,1.7,-1.1,-0.7,1.5,-1,0.7,0.9
479871.475153,1,1,0,5,0.6,0,1.7,-1,-0.7,1.5,-1,0.7,0.9
479871.486324,1,0.9,-0.1,5,0.6,0,1.7,-1,-0.8,1.5,-1,0.7,0.9
479871.497609,1,0.9,-0.1,5,0.6,0,1.7,-1,-0.8,1.5,-0.9,0.7,0.9
479871.508478,1,0.8,-0.2,5.1,0.6,0,1.8,-0.9,-0.8,1.5,-0.9,0.6,0.8
479871.519618,1,0.7,-0.2,5.1,0.6,0,1.8,-0.8,-0.9,1.4,-0.9,0.6,0.8
479871.530774,1,0.6,-0.3,5.1,0.6,0,1.8,-0.8,-0.9,1.4,-0.9,0.6,0.7
479871.541839,0,0.6,-0.3,5.1,0.6,0,1.8,-0.8,-0.9,1.4,-0.9,0.6,0.7
479871.552911,1,0.5,-0.3,5.1,0.6,-0.1,1.8,-0.8,-0.9,1.4,-0.8,0.6,0.7
479871.564110,1,0.4,-0.4,5.1,0.6,-0.1,1.8,-0.7,-0.9,1.4,-0.8,0.6,0.7
479871.575153,1,0.4,-0.4,5.1,0.6,-0.1,1.8,-0.7,-0.9,1.4,-0.8,0.5,0.7
479871.586312,1,0.3,-0.4,5.1,0.5,-0.1,1.8,-0.7,-0.9,1.4,-0.8,0.5,0.6
479871.597643,1,0.3,-0.3,5.1,0.5,-0.1,1.8,-0.7,-0.8,1.5,-0.8,0.6,0.7
479871.608512,1,0.3,-0.3,5.1,0.5,-0.1,1.8,-0.7,-0.8,1.5,-0.9,0.6,0.7
479871.619623,0,0.3,-0.3,5.1,0.5,-0.1,1.8,-0.7,-0.8,1.5,-0.9,0.6,0.7
479871.630767,1,0.4,-0.3,5.1,0.5,-0.1,1.8,-0.7,-0.8,1.5,-0.9,0.6,0.7
479871.641849,1,0.4,-0.2,5.1,0.5,-0.1,1.8,-0.8,-0.7,1.6,-0.9,0.6,0.7
479871.652947,1,0.5,-0.2,5.1,0.4,-0.1,1.8,-0.8,-0.7,1.6,-0.9,0.7,0.8
479871.664105,1,0.6,-0.1,5.1,0.4,-0.1,1.8,-0.9,-0.6,1.6,-0.9,0.7,0.8
479871.675170,1,0.6,-0.1,5.1,0.4,-0.1,1.8,-0.9,-0.6,1.7,-0.9,0.7,0.9
479871.686312,1,0.6,-0.1,5.1,0.4,-0.1,1.8,-1,-0.6,1.7,-0.9,0.7,0.9
479871.697613,1,0.7,0,5.1,0.4,-0.1,1.8,-1,-0.6,1.7,-0.9,0.7,0.9
479871.708487,1,0.8,0,5.1,0.4,-0.1,1.7,-1,-0.5,1.7,-1,0.7,0.9
479871.719611,1,0.9,0,5.1,0.4,-0.1,1.7,-1,-0.5,1.7,-1,0.7,0.9
479871.730763,1,0.9,0,5.1,0.4,-0.1,1.7,-1,-0.6,1.7,-1,0.7,1
479871.741843,1,1,0.1,5.2,0.4,-0.1,1.7,-1,-0.6,1.8,-1,0.8,1
479871.752930,1,1,0.1,5.2,0.3,-0.1,1.7,-1.1,-0.6,1.8,-1,0.8,1
479871.764101,1,1.1,0.1,5.2,0.3,-0.1,1.7,-1.1,-0.6,1.8,-1,0.8,1
479871.775183,0,1.1,0.1,5.2,0.3,-0.1,1.7,-1.1,-0.6,1.8,-1,0.8,1
479871.786305,1,1.2,0,5.2,0.3,-0.1,1.7,-1.1,-0.6,1.8,-1,0.8,1
479871.797603,0,1.2,0,5.2,0.3,-0.1,1.7,-1.1,-0.6,1.8,-1,0.8,1
479871.808488,1,1.2,0,5.3,0.3,-0.1,1.7,-1.1,-0.7,1.8,-1.1,0.8,1.1
479871.819605,1,1.2,0,5.3,0.3,0,1.7,-1.1,-0.7,1.8,-1.1,0.8,1.1
479871.830787,1,1.2,0,5.3,0.2,0,1.7,-1.1,-0.7,1.8,-1.1,0.8,1.1
479871.841805,1,1.3,0,5.3,0.2,0,1.7,-1.1,-0.7,1.8,-1.1,0.8,1.1
479871.852906,1,1.3,0,5.3,0.2,0,1.7,-1.1,-0.8,1.8,-1.1,0.8,1.1
479871.864090,1,1.3,-0.1,5.3,0.2,0,1.7,-1.1,-0.8,1.8,-1.1,0.8,1.1
479871.875140,1,1.3,-0.1,5.3,0.2,0,1.8,-1.2,-0.8,1.8,-1.1,0.8,1.1
479871.886311,0,1.3,-0.1,5.3,0.2,0,1.8,-1.2,-0.8,1.8,-1.1,0.8,1.1
479871.897563,1,1.3,-0.1,5.3,0.1,0,1.8,-1.2,-0.8,1.8,-1.1,0.8,1.1
479871.908539,0,1.3,-0.1,5.3,0.1,0,1.8,-1.2,-0.8,1.8,-1.1,0.8,1.1
479871.919594,1,1.4,-0.1,5.3,0.1,0,1.8,-1.2,-0.8,1.8,-1.1,0.8,1.1
479871.930788,0,1.4,-0.1,5.3,0.1,0,1.8,-1.2,-0.8,1.8,-1.1,0.8,1.1
479871.941901,0,1.4,-0.1,5.3,0.1,0,1.8,-1.2,-0.8,1.8,-1.1,0.8,1.1
479871.952932,0,1.4,-0.1,5.3,0.1,0,1.8,-1.2,-0.8,1.8,-1.1,0.8,1.1
479871.964082,1,1.4,-0.1,5.3,0.1,0,1.8,-1.2,-0.8,1.9,-1.1,0.8,1.1
479871.975245,1,1.3,-0.1,5.3,0.1,0,1.8,-1.1,-0.7,1.9,-1.1,0.8,1
479871.986402,1,1.3,-0.2,5.3,0.1,0,1.9,-1.1,-0.7,1.9,-1,0.8,1
479872.001691,0,1.3,-0.2,5.3,0.1,0,1.9,-1.1,-0.7,1.9,-1,0.8,1
479872.008552,1,1.2,-0.2,5.2,0.1,-0.1,1.9,-1.1,-0.7,1.9,-1,0.7,1
479872.019668,0,1.2,-0.2,5.2,0.1,-0.1,1.9,-1.1,-0.7,1.9,-1,0.7,1
479872.030825,0,1.2,-0.2,5.2,0.1,-0.1,1.9,-1.1,-0.7,1.9,-1,0.7,1
479872.041837,1,1.1,-0.3,5.2,0.1,-0.1,1.9,-1.1,-0.7,1.9,-1,0.6,0.9
479872.052920,1,1,-0.3,5.2,0.1,-0.1,1.9,-1,-0.7,1.8,-1,0.6,0.9
479872.064265,1,1,-0.3,5.2,0,-0.1,2,-1,-0.7,1.8,-1,0.6,0.9
479872.075158,1,0.9,-0.3,5.2,0,-0.1,2,-1,-0.7,1.8,-1,0.6,0.8
479872.086340,1,0.9,-0.3,5.2,0,-0.1,2,-1,-0.7,1.8,-1,0.5,0.8
479872.097574,0,0.9,-0.3,5.2,0,-0.1,2,-1,-0.7,1.8,-1,0.5,0.8
479872.108474,1,0.8,-0.4,5.2,0,-0.1,2,-0.9,-0.7,1.8,-1,0.5,0.8
479872.119615,1,0.8,-0.4,5.2,0,-0.1,2,-0.9,-0.6,1.8,-1,0.5,0.8
479872.130783,0,0.8,-0.4,5.2,0,-0.1,2,-0.9,-0.6,1.8,-1,0.5,0.8
479872.141881,1,0.8,-0.4,5.2,0,-0.2,2,-0.9,-0.6,1.8,-1,0.5,0.8
479872.152926,1,0.9,-0.4,5.2,0,-0.2,2,-0.9,-0.5,1.8,-1,0.5,0.8
479872.164104,0,0.9,-0.4,5.2,0,-0.2,2,-0.9,-0.5,1.8,-1,0.5,0.8
479872.175151,1,0.9,-0.3,5.2,0,-0.2,2,-1,-0.5,1.8,-1,0.5,0.8
479872.186295,1,0.9,-0.3,5.2,0,-0.2,2,-1,-0.4,1.8,-1,0.6,0.8
479872.197788,1,1,-0.3,5.2,0,-0.2,1.9,-1,-0.4,1.8,-1,0.6,0.9
479872.208506,1,1,-0.2,5.2,-0.1,-0.2,1.9,-1,-0.4,1.8,-1,0.6,0.9
479872.219616,1,1.1,-0.2,5.2,-0.1,-0.2,1.9,-1,-0.4,1.8,-1.1,0.6,0.9
479872.230765,1,1.1,-0.2,5.2,-0.1,-0.2,1.9,-1.1,-0.4,1.8,-1.1,0.6,0.9
479872.241850,1,1.1,-0.1,5.2,-0.1,-0.2,1.9,-1.1,-0.4,1.8,-1.1,0.7,0.9
479872.252937,1,1.2,-0.1,5.2,-0.1,-0.2,1.8,-1.1,-0.4,1.8,-1.1,0.7,0.9
479872.264123,1,1.2,0,5.2,-0.1,-0.2,1.8,-1.1,-0.4,1.8,-1.1,0.7,1
479872.275654,1,1.3,0,5.2,-0.1,-0.2,1.8,-1.1,-0.4,1.8,-1.1,0.7,1
479872.286411,1,1.3,0,5.2,-0.2,-0.3,1.8,-1.1,-0.5,1.8,-1.1,0.7,1
479872.297805,1,1.3,0,5.2,-0.2,-0.3,1.8,-1.1,-0.5,1.8,-1.2,0.7,1
479872.308524,1,1.4,0,5.2,-0.2,-0.3,1.8,-1.1,-0.5,1.8,-1.1,0.7,1
479872.319627,1,1.4,0,5.2,-0.2,-0.3,1.7,-1.1,-0.5,1.8,-1.1,0.7,1
479872.330778,0,1.4,0,5.2,-0.2,-0.3,1.7,-1.1,-0.5,1.8,-1.1,0.7,1
479872.341850,1,1.4,0,5.3,-0.2,-0.3,1.7,-1.1,-0.5,1.8,-1.2,0.7,1
479872.352932,1,1.4,0,5.3,-0.2,-0.3,1.7,-1.1,-0.5,1.8,-1.2,0.7,1.1
479872.364092,1,1.5,0,5.3,-0.2,-0.3,1.7,-1.1,-0.5,1.8,-1.1,0.7,1.1
479872.375140,0,1.5,0,5.3,-0.2,-0.3,1.7,-1.1,-0.5,1.8,-1.1,0.7,1.1
479872.386336,0,1.5,0,5.3,-0.2,-0.3,1.7,-1.1,-0.5,1.8,-1.1,0.7,1.1
479872.397812,0,1.5,0,5.3,-0.2,-0.3,1.7,-1.1,-0.5,1.8,-1.1,0.7,1.1
479872.408470,0,1.5,0,5.3,-0.2,-0.3,1.7,-1.1,-0.5,1.8,-1.1,0.7,1.1
479872.419621,0,1.5,0,5.3,-0.2,-0.3,1.7,-1.1,-0.5,1.8,-1.1,0.7,1.1
479872.430808,0,1.5,0,5.3,-0.2,-0.3,1.7,-1.1,-0.5,1.8,-1.1,0.7,1.1
479872.441893,0,1.5,0,5.3,-0.2,-0.3,1.7,-1.1,-0.5,1.8,-1.1,0.7,1.1
479872.452936,0,1.5,0,5.3,-0.2,-0.3,1.7,-1.1,-0.5,1.8,-1.1,0.7,1.1
479872.464134,1,1.5,-0.1,5.3,-0.2,-0.3,1.7,-1.1,-0.6,1.8,-1.1,0.7,1.1
479872.475169,1,1.4,-0.1,5.3,-0.2,-0.3,1.7,-1.1,-0.6,1.8,-1.1,0.7,1.1
479872.486296,0,1.4,-0.1,5.3,-0.2,-0.3,1.7,-1.1,-0.6,1.8,-1.1,0.7,1.1
479872.497783,1,1.4,-0.2,5.3,-0.2,-0.3,1.7,-1,-0.7,1.8,-1.1,0.7,1
479872.508482,1,1.4,-0.2,5.3,-0.2,-0.3,1.7,-1,-0.7,1.7,-1.1,0.7,1
479872.519628,1,1.3,-0.2,5.3,-0.2,-0.3,1.7,-1,-0.7,1.7,-1,0.6,1
479872.530793,1,1.2,-0.3,5.3,-0.2,-0.4,1.7,-0.9,-0.8,1.7,-1,0.6,0.9
479872.541843,0,1.2,-0.3,5.3,-0.2,-0.4,1.7,-0.9,-0.8,1.7,-1,0.6,0.9
479872.552934,1,1.2,-0.3,5.3,-0.2,-0.4,1.7,-0.9,-0.8,1.7,-1,0.5,0.9
479872.564083,1,1.1,-0.4,5.3,-0.2,-0.4,1.8,-0.9,-0.8,1.7,-1,0.5,0.9
479872.575164,0,1.1,-0.4,5.3,-0.2,-0.4,1.8,-0.9,-0.8,1.7,-1,0.5,0.9
479872.586314,0,1.1,-0.4,5.3,-0.2,-0.4,1.8,-0.9,-0.8,1.7,-1,0.5,0.9
479872.597731,1,1.1,-0.4,5.3,-0.2,-0.4,1.8,-0.9,-0.7,1.7,-1,0.5,0.9
479872.608476,0,1.1,-0.4,5.3,-0.2,-0.4,1.8,-0.9,-0.7,1.7,-1,0.5,0.9
479872.619625,1,1.1,-0.4,5.3,-0.3,-0.4,1.8,-0.9,-0.6,1.7,-1.1,0.5,0.9
479872.630803,1,1.1,-0.3,5.3,-0.3,-0.4,1.7,-1,-0.5,1.7,-1.1,0.5,0.9
479872.641829,1,1.2,-0.3,5.2,-0.3,-0.4,1.7,-1,-0.5,1.7,-1.1,0.5,0.9
479872.652921,1,1.2,-0.3,5.2,-0.3,-0.4,1.7,-1,-0.5,1.7,-1.1,0.6,0.9
479872.664092,1,1.2,-0.2,5.2,-0.3,-0.4,1.7,-1,-0.5,1.7,-1.1,0.6,1
479872.675141,1,1.3,-0.2,5.2,-0.3,-0.4,1.7,-1.1,-0.4,1.7,-1.1,0.6,1
479872.686313,1,1.3,-0.1,5.2,-0.4,-0.4,1.7,-1.1,-0.4,1.7,-1.1,0.6,1
479872.697743,1,1.4,-0.1,5.2,-0.4,-0.4,1.7,-1.1,-0.4,1.7,-1.1,0.7,1
479872.708474,1,1.4,0,5.2,-0.4,-0.4,1.7,-1.1,-0.4,1.7,-1.1,0.7,1
479872.719646,0,1.4,0,5.2,-0.4,-0.4,1.7,-1.1,-0.4,1.7,-1.1,0.7,1
479872.730805,1,1.4,0,5.2,-0.4,-0.4,1.6,-1.1,-0.4,1.7,-1.1,0.7,1
479872.741839,1,1.5,0,5.2,-0.4,-0.4,1.6,-1.1,-0.4,1.7,-1.1,0.7,1
479872.752972,0,1.5,0,5.2,-0.4,-0.4,1.6,-1.1,-0.4,1.7,-1.1,0.7,1
479872.764118,0,1.5,0,5.2,-0.4,-0.4,1.6,-1.1,-0.4,1.7,-1.1,0.7,1
479872.775159,1,1.5,0,5.2,-0.4,-0.4,1.6,-1.1,-0.4,1.7,-1.1,0.7,1.1
479872.786326,0,1.5,0,5.2,-0.4,-0.4,1.6,-1.1,-0.4,1.7,-1.1,0.7,1.1
479872.797783,0,1.5,0,5.2,-0.4,-0.4,1.6,-1.1,-0.4,1.7,-1.1,0.7,1.1
479872.808516,0,1.5,0,5.2,-0.4,-0.4,1.6,-1.1,-0.4,1.7,-1.1,0.7,1.1
479872.819633,0,1.5,0,5.2,-0.4,-0.4,1.6,-1.1,-0.4,1.7,-1.1,0.7,1.1
479872.830817,1,1.5,0,5.2,-0.4,-0.4,1.6,-1.1,-0.5,1.7,-1.1,0.7,1.1
479872.841848,0,1.5,0,5.2,-0.4,-0.4,1.6,-1.1,-0.5,1.7,-1.1,0.7,1.1
479872.852939,0,1.5,0,5.2,-0.4,-0.4,1.6,-1.1,-0.5,1.7,-1.1,0.7,1.1
479872.864092,0,1.5,0,5.2,-0.4,-0.4,1.6,-1.1,-0.5,1.7,-1.1,0.7,1.1
479872.875166,1,1.5,0,5.1,-0.4,-0.4,1.6,-1,-0.4,1.7,-1.1,0.7,1.1
479872.886333,1,1.4,0,5.1,-0.4,-0.4,1.6,-1,-0.4,1.7,-1.1,0.7,1
479872.897814,0,1.4,0,5.1,-0.4,-0.4,1.6,-1,-0.4,1.7,-1.1,0.7,1
479872.908511,0,1.4,0,5.1,-0.4,-0.4,1.6,-1,-0.4,1.7,-1.1,0.7,1
479872.919640,1,1.3,0,5,-0.4,-0.4,1.6,-1,-0.4,1.7,-1.1,0.7,1
479872.930822,1,1.3,0,5,-0.4,-0.4,1.6,-1,-0.4,1.6,-1.1,0.7,1
479872.941908,1,1.3,0,4.9,-0.4,-0.3,1.6,-1,-0.4,1.6,-1.1,0.7,1
479872.952971,1,1.3,0.1,4.7,-0.4,-0.3,1.6,-0.9,-0.4,1.5,-1.1,0.7,1
479872.964109,1,1.3,0.1,4.5,-0.3,-0.2,1.5,-0.9,-0.4,1.5,-1.1,0.7,1.1
479872.975205,1,1.3,0.1,4.4,-0.3,-0.2,1.5,-0.9,-0.5,1.4,-1.2,0.8,1.1
479872.986360,1,1.3,0.1,4.4,-0.3,-0.2,1.4,-0.9,-0.5,1.4,-1.2,0.8,1.1
479872.997801,1,1.3,0,4.3,-0.3,-0.1,1.4,-0.9,-0.5,1.4,-1.2,0.8,1.2
479873.008509,1,1.3,0,4.2,-0.3,-0.1,1.4,-0.9,-0.6,1.3,-1.3,0.9,1.2
479873.019629,1,1.3,0,4.1,-0.2,-0.1,1.4,-0.9,-0.6,1.3,-1.3,0.9,1.2
479873.030849,1,1.3,0,4,-0.2,0,1.3,-0.9,-0.6,1.3,-1.3,0.9,1.2
479873.041854,1,1.4,0,3.9,-0.1,0,1.3,-0.9,-0.7,1.3,-1.3,0.9,1.2
479873.052942,1,1.4,0,3.9,-0.1,0,1.2,-0.9,-0.7,1.3,-1.3,0.9,1.3
479873.064117,1,1.4,0,3.9,0,0,1.2,-0.9,-0.7,1.3,-1.3,0.9,1.3
479873.075183,1,1.4,-0.1,3.9,0,0,1.2,-0.9,-0.8,1.3,-1.3,0.9,1.2
479873.086354,1,1.4,-0.1,3.9,-0.1,0,1.2,-0.9,-0.8,1.3,-1.3,0.9,1.2
479873.097823,1,1.4,-0.1,3.9,-0.1,0,1.2,-0.9,-0.8,1.4,-1.3,0.9,1.2
479873.108514,1,1.4,0,3.9,-0.2,0,1.2,-0.9,-0.8,1.4,-1.3,0.9,1.2
479873.119662,1,1.3,0,3.9,-0.2,0,1.3,-0.9,-0.8,1.4,-1.2,0.9,1.2
479873.130838,1,1.3,0,3.9,-0.3,0,1.3,-0.9,-0.8,1.4,-1.2,0.9,1.2
479873.141885,0,1.3,0,3.9,-0.3,0,1.3,-0.9,-0.8,1.4,-1.2,0.9,1.2
479873.152976,1,1.3,0,3.9,-0.3,0,1.3,-0.9,-0.8,1.4,-1.2,0.9,1.1
479873.164095,0,1.3,0,3.9,-0.3,0,1.3,-0.9,-0.8,1.4,-1.2,0.9,1.1
479873.175214,0,1.3,0,3.9,-0.3,0,1.3,-0.9,-0.8,1.4,-1.2,0.9,1.1
479873.186353,1,1.4,0,3.9,-0.3,0,1.3,-0.9,-0.8,1.4,-1.2,0.9,1.1
479873.197866,0,1.4,0,3.9,-0.3,0,1.3,-0.9,-0.8,1.4,-1.2,0.9,1.1
479873.208510,1,1.4,0,4,-0.3,0,1.3,-0.9,-0.8,1.5,-1.2,0.9,1.1
479873.219648,0,1.4,0,4,-0.3,0,1.3,-0.9,-0.8,1.5,-1.2,0.9,1.1
479873.230819,1,1.5,0,4,-0.4,0,1.3,-0.9,-0.8,1.5,-1.2,0.9,1.1
479873.241855,0,1.5,0,4,-0.4,0,1.3,-0.9,-0.8,1.5,-1.2,0.9,1.1
479873.252934,1,1.6,0,4.1,-0.4,0,1.3,-0.9,-0.8,1.5,-1.3,0.9,1.1
479873.264098,0,1.6,0,4.1,-0.4,0,1.3,-0.9,-0.8,1.5,-1.3,0.9,1.1
479873.275200,0,1.6,0,4.1,-0.4,0,1.3,-0.9,-0.8,1.5,-1.3,0.9,1.1
479873.286345,1,1.6,0,4.1,-0.4,0,1.2,-0.9,-0.8,1.5,-1.3,0.9,1.1
479873.297793,1,1.7,0,4.2,-0.4,0,1.2,-0.9,-0.8,1.6,-1.3,0.9,1.1
479873.308527,0,1.7,0,4.2,-0.4,0,1.2,-0.9,-0.8,1.6,-1.3,0.9,1.1
479873.319646,1,1.7,0,4.2,-0.4,0,1.2,-1,-0.8,1.6,-1.2,0.9,1.1
479873.330820,0,1.7,0,4.2,-0.4,0,1.2,-1,-0.8,1.6,-1.2,0.9,1.1
479873.341898,0,1.7,0,4.2,-0.4,0,1.2,-1,-0.8,1.6,-1.2,0.9,1.1
479873.353022,1,1.7,0,4.2,-0.5,0,1.2,-1,-0.8,1.6,-1.2,0.9,1.1
479873.364100,1,1.6,0,4.2,-0.5,0,1.3,-1,-0.8,1.6,-1.2,0.9,1.1
479873.375200,1,1.6,0,4.3,-0.5,-0.1,1.3,-1,-0.8,1.6,-1.2,0.9,1.1
479873.386361,1,1.6,0,4.3,-0.5,-0.1,1.3,-0.9,-0.8,1.6,-1.2,0.9,1
479873.398075,0,1.6,0,4.3,-0.5,-0.1,1.3,-0.9,-0.8,1.6,-1.2,0.9,1
479873.408553,0,1.6,0,4.3,-0.5,-0.1,1.3,-0.9,-0.8,1.6,-1.2,0.9,1
479873.419679,0,1.6,0,4.3,-0.5,-0.1,1.3,-0.9,-0.8,1.6,-1.2,0.9,1
479873.430879,1,1.6,0,4.3,-0.5,-0.1,1.3,-0.9,-0.8,1.6,-1.1,0.9,1
479873.441924,1,1.6,0,4.3,-0.6,-0.1,1.3,-0.9,-0.8,1.6,-1.1,0.9,1
479873.452985,0,1.6,0,4.3,-0.6,-0.1,1.3,-0.9,-0.8,1.6,-1.1,0.9,1
479873.464165,0,1.6,0,4.3,-0.6,-0.1,1.3,-0.9,-0.8,1.6,-1.1,0.9,1
479873.475200,0,1.6,0,4.3,-0.6,-0.1,1.3,-0.9,-0.8,1.6,-1.1,0.9,1
479873.486347,1,1.6,0,4.3,-0.5,-0.1,1.3,-0.9,-0.8,1.6,-1.1,0.9,1
479873.497807,1,1.7,0,4.3,-0.5,-0.1,1.3,-1,-0.8,1.6,-1.1,0.9,1
479873.508523,1,1.7,0,4.4,-0.5,-0.1,1.2,-1,-0.8,1.6,-1.2,0.9,1
479873.519657,0,1.7,0,4.4,-0.5,-0.1,1.2,-1,-0.8,1.6,-1.2,0.9,1
479873.530779,1,1.7,0,4.4,-0.6,-0.1,1.2,-1,-0.8,1.6,-1.2,0.9,1
479873.541868,0,1.7,0,4.4,-0.6,-0.1,1.2,-1,-0.8,1.6,-1.2,0.9,1
479873.552957,1,1.7,0,4.4,-0.5,-0.1,1.2,-1,-0.8,1.6,-1.2,0.9,1
479873.564107,1,1.7,0,4.4,-0.6,-0.1,1.2,-1,-0.8,1.6,-1.1,0.9,1
479873.575217,1,1.6,0,4.4,-0.6,-0.1,1.3,-1,-0.8,1.6,-1.1,0.9,1
479873.586380,1,1.6,0,4.4,-0.6,-0.2,1.3,-1,-0.8,1.6,-1.1,0.9,1
479873.601311,1,1.6,0,4.4,-0.6,-0.2,1.3,-1,-0.8,1.6,-1.1,0.8,1
479873.608501,1,1.5,0.1,4.4,-0.6,-0.2,1.3,-1,-0.7,1.6,-1.1,0.8,1
479873.619650,0,1.5,0.1,4.4,-0.6,-0.2,1.3,-1,-0.7,1.6,-1.1,0.8,1
479873.630772,0,1.5,0.1,4.4,-0.6,-0.2,1.3,-1,-0.7,1.6,-1.1,0.8,1
479873.641877,1,1.5,0.1,4.4,-0.6,-0.2,1.3,-0.9,-0.7,1.6,-1.1,0.8,1
479873.653068,0,1.5,0.1,4.4,-0.6,-0.2,1.3,-0.9,-0.7,1.6,-1.1,0.8,1
479873.664088,0,1.5,0.1,4.4,-0.6,-0.2,1.3,-0.9,-0.7,1.6,-1.1,0.8,1
479873.675192,1,1.5,0.1,4.4,-0.6,-0.2,1.3,-1,-0.7,1.6,-1.1,0.8,1
479873.686352,0,1.5,0.1,4.4,-0.6,-0.2,1.3,-1,-0.7,1.6,-1.1,0.8,1
479873.700941,1,1.6,0.2,4.4,-0.6,-0.2,1.3,-0.9,-0.7,1.6,-1,0.9,1
479873.708506,1,1.6,0.1,4.4,-0.6,-0.2,1.2,-1,-0.7,1.6,-1.1,0.8,1
479873.719629,1,1.7,0.1,4.4,-0.6,-0.2,1.2,-1,-0.7,1.6,-1.1,0.9,1
479873.730768,0,1.7,0.1,4.4,-0.6,-0.2,1.2,-1,-0.7,1.6,-1.1,0.9,1
479873.741877,1,1.7,0.1,4.5,-0.6,-0.2,1.2,-1,-0.7,1.6,-1.1,0.9,1
479873.752978,0,1.7,0.1,4.5,-0.6,-0.2,1.2,-1,-0.7,1.6,-1.1,0.9,1
479873.764082,0,1.7,0.1,4.5,-0.6,-0.2,1.2,-1,-0.7,1.6,-1.1,0.9,1
479873.775201,1,1.7,0.1,4.5,-0.5,-0.2,1.2,-1,-0.7,1.6,-1.1,0.9,1
479873.786349,1,1.7,0.1,4.5,-0.5,-0.2,1.2,-1,-0.7,1.6,-1.1,0.8,1
479873.797749,0,1.7,0.1,4.5,-0.5,-0.2,1.2,-1,-0.7,1.6,-1.1,0.8,1
479873.808519,0,1.7,0.1,4.5,-0.5,-0.2,1.2,-1,-0.7,1.6,-1.1,0.8,1
479873.819664,1,1.7,0.1,4.5,-0.6,-0.2,1.2,-1,-0.7,1.6,-1.1,0.8,1
479873.830777,0,1.7,0.1,4.5,-0.6,-0.2,1.2,-1,-0.7,1.6,-1.1,0.8,1
479873.841898,0,1.7,0.1,4.5,-0.6,-0.2,1.2,-1,-0.7,1.6,-1.1,0.8,1
479873.852979,0,1.7,0.1,4.5,-0.6,-0.2,1.2,-1,-0.7,1.6,-1.1,0.8,1
479873.864059,1,1.7,0,4.5,-0.5,-0.2,1.2,-1,-0.7,1.6,-1.1,0.8,1
479873.875189,1,1.6,0,4.5,-0.5,-0.2,1.2,-1,-0.7,1.6,-1.1,0.8,1
479873.886350,1,1.6,0,4.6,-0.5,-0.2,1.2,-0.9,-0.8,1.6,-1.1,0.8,1
479873.897764,0,1.6,0,4.6,-0.5,-0.2,1.2,-0.9,-0.8,1.6,-1.1,0.8,1
479873.908501,1,1.6,0,4.6,-0.5,-0.2,1.2,-0.9,-0.9,1.6,-1.1,0.8,1
479873.919638,1,1.6,0,4.6,-0.4,-0.3,1.2,-0.9,-0.9,1.6,-1.1,0.8,0.9
479873.930818,1,1.6,0,4.6,-0.4,-0.3,1.2,-0.9,-1,1.6,-1.1,0.8,0.9
479873.941881,1,1.6,-0.1,4.6,-0.4,-0.3,1.2,-0.8,-1,1.6,-1.1,0.8,0.9
479873.953015,1,1.6,-0.1,4.7,-0.4,-0.3,1.2,-0.8,-1.1,1.6,-1.1,0.8,0.9
479873.964091,1,1.6,-0.1,4.7,-0.4,-0.3,1.2,-0.8,-1.1,1.6,-1.2,0.7,0.9
479873.975259,0,1.6,-0.1,4.7,-0.4,-0.3,1.2,-0.8,-1.1,1.6,-1.2,0.7,0.9
479873.986872,1,1.6,-0.1,4.7,-0.4,-0.3,1.2,-0.8,-1.2,1.6,-1.2,0.7,0.9
479873.997656,0,1.6,-0.1,4.7,-0.4,-0.3,1.2,-0.8,-1.2,1.6,-1.2,0.7,0.9
479874.008534,1,1.6,-0.2,4.7,-0.4,-0.3,1.2,-0.9,-1.1,1.6,-1.2,0.8,0.9
479874.030883,1,1.6,-0.2,4.7,-0.5,-0.2,1.2,-1,-1,1.6,-1.3,0.8,1
479874.041957,1,1.6,-0.1,4.7,-0.6,-0.2,1.2,-1,-1,1.6,-1.3,0.8,1
479874.053019,1,1.7,-0.1,4.7,-0.6,-0.2,1.2,-1,-1,1.7,-1.3,0.8,1
479874.064151,1,1.7,-0.1,4.7,-0.6,-0.2,1.2,-1,-0.9,1.7,-1.3,0.8,1
479874.075202,1,1.6,-0.1,4.7,-0.6,-0.2,1.2,-1,-0.9,1.7,-1.2,0.9,1
479874.086324,1,1.6,-0.1,4.7,-0.7,-0.2,1.2,-1,-0.8,1.7,-1.2,0.9,1
479874.097903,0,1.6,-0.1,4.7,-0.7,-0.2,1.2,-1,-0.8,1.7,-1.2,0.9,1
479874.108503,1,1.6,-0.1,4.6,-0.7,-0.2,1.2,-1,-0.8,1.7,-1.2,0.9,1
479874.119661,0,1.6,-0.1,4.6,-0.7,-0.2,1.2,-1,-0.8,1.7,-1.2,0.9,1
479874.130779,1,1.6,0,4.6,-0.7,-0.2,1.2,-1,-0.8,1.7,-1.1,0.9,1
479874.141902,0,1.6,0,4.6,-0.7,-0.2,1.2,-1,-0.8,1.7,-1.1,0.9,1
479874.152968,1,1.6,0,4.6,-0.7,-0.2,1.2,-0.9,-0.8,1.7,-1.1,0.9,1
479874.164072,0,1.6,0,4.6,-0.7,-0.2,1.2,-0.9,-0.8,1.7,-1.1,0.9,1
479874.175226,1,1.6,0,4.6,-0.7,-0.2,1.2,-0.9,-0.8,1.7,-1,0.9,1
479874.186325,0,1.6,0,4.6,-0.7,-0.2,1.2,-0.9,-0.8,1.7,-1,0.9,1
479874.197666,1,1.6,0.1,4.6,-0.7,-0.2,1.2,-0.9,-0.8,1.7,-1,0.9,1
479874.208546,0,1.6,0.1,4.6,-0.7,-0.2,1.2,-0.9,-0.8,1.7,-1,0.9,1
479874.219672,1,1.7,0.1,4.6,-0.7,-0.2,1.2,-0.9,-0.8,1.7,-1,0.9,1
479874.230772,1,1.7,0.1,4.6,-0.7,-0.2,1.2,-1,-0.8,1.7,-1.1,0.9,1
479874.241908,1,1.7,0.1,4.6,-0.7,-0.2,1.2,-1,-0.8,1.7,-1.1,0.9,1.1
479874.252981,0,1.7,0.1,4.6,-0.7,-0.2,1.2,-1,-0.8,1.7,-1.1,0.9,1.1
479874.264093,1,1.7,0,4.6,-0.7,-0.2,1.2,-1,-0.8,1.7,-1.1,0.9,1.1
479874.275206,0,1.7,0,4.6,-0.7,-0.2,1.2,-1,-0.8,1.7,-1.1,0.9,1.1
479874.286332,1,1.7,0,4.6,-0.7,-0.2,1.2,-1,-0.9,1.7,-1.1,0.9,1
479874.297623,1,1.7,0,4.6,-0.7,-0.2,1.2,-1,-0.9,1.7,-1.1,0.9,1.1
479874.308532,0,1.7,0,4.6,-0.7,-0.2,1.2,-1,-0.9,1.7,-1.1,0.9,1.1
479874.319662,0,1.7,0,4.6,-0.7,-0.2,1.2,-1,-0.9,1.7,-1.1,0.9,1.1
479874.330781,0,1.7,0,4.6,-0.7,-0.2,1.2,-1,-0.9,1.7,-1.1,0.9,1.1
479874.341897,1,1.6,0,4.6,-0.7,-0.2,1.2,-1,-0.9,1.7,-1.1,0.9,1.1
479874.352979,0,1.6,0,4.6,-0.7,-0.2,1.2,-1,-0.9,1.7,-1.1,0.9,1.1
479874.364075,1,1.6,0,4.6,-0.7,-0.1,1.2,-1,-0.9,1.7,-1.1,0.9,1.1
479874.375217,0,1.6,0,4.6,-0.7,-0.1,1.2,-1,-0.9,1.7,-1.1,0.9,1.1
479874.386340,0,1.6,0,4.6,-0.7,-0.1,1.2,-1,-0.9,1.7,-1.1,0.9,1.1
479874.397934,0,1.6,0,4.6,-0.7,-0.1,1.2,-1,-0.9,1.7,-1.1,0.9,1.1
479874.408542,0,1.6,0,4.6,-0.7,-0.1,1.2,-1,-0.9,1.7,-1.1,0.9,1.1
479874.419695,0,1.6,0,4.6,-0.7,-0.1,1.2,-1,-0.9,1.7,-1.1,0.9,1.1
479874.430777,1,1.6,0,4.7,-0.7,-0.1,1.2,-1,-0.9,1.7,-1.1,0.9,1.1
479874.441912,0,1.6,0,4.7,-0.7,-0.1,1.2,-1,-0.9,1.7,-1.1,0.9,1.1
479874.452983,1,1.6,0,4.6,-0.6,-0.1,1.1,-1,-0.9,1.7,-1.1,0.9,1.1
479874.464066,1,1.6,0,4.6,-0.6,-0.1,1.1,-1,-0.8,1.6,-1.1,0.9,1
479874.475226,1,1.5,0,4.4,-0.4,-0.2,1.1,-1,-0.7,1.5,-1.1,0.9,1
479874.486368,1,1.5,0.1,4.3,0.5,-0.4,1,-1,-0.6,1.4,-1,0.9,1
479874.497651,1,1.5,0.1,4.2,1,-0.5,0.9,-1,-0.5,1.3,-1,0.8,0.9
479874.508556,1,1.5,0.1,4.2,1,-0.5,0.8,-1,-0.5,1.3,-0.9,0.8,0.9
479874.519665,1,1.5,0.2,4,0.9,-0.5,0.8,-1,-0.4,1.2,-0.9,0.8,0.9
479874.530759,1,1.4,0.2,3.8,0.9,-0.5,0.8,-1,-0.3,1.1,-0.9,0.7,0.8
479874.541908,1,1.4,0.3,3.7,0.8,-0.5,0.7,-0.9,-0.2,1,-0.8,0.7,0.8
479874.552974,1,1.4,0.3,3.5,0.8,-0.4,0.7,-0.9,-0.1,0.9,-0.7,0.6,0.7
479874.564069,1,1.4,0.4,3.3,0.7,-0.4,0.6,-0.8,0,0.8,-0.5,0.3,0.7
479874.575191,1,1.3,0.4,3.2,0.6,-0.4,0.5,-0.6,0,0.8,-0.4,0.1,0.6
479874.586375,1,1.3,0.4,3.2,0.6,-0.3,0.5,-0.6,0,0.8,-0.3,0.1,0.6
479874.597656,1,1.4,0.5,3.2,0.6,-0.3,0.5,-0.4,0,0.7,-0.3,0.1,0.6
479874.608514,0,1.4,0.5,3.2,0.6,-0.3,0.5,-0.4,0,0.7,-0.3,0.1,0.6
479874.619678,1,1.4,0.5,3.2,0.6,-0.3,0.5,-0.4,0,0.7,-0.4,0.1,0.6
479874.630739,1,1.4,0.5,3.3,0.6,-0.4,0.6,-0.5,-0.1,0.8,-0.4,0.2,0.6
479874.641914,1,1.4,0.4,3.4,0.7,-0.4,0.6,-0.5,-0.1,0.8,-0.4,0.2,0.6
479874.652981,1,1.4,0.4,3.4,0.7,-0.4,0.6,-0.6,-0.1,0.9,-0.5,0.4,0.6
479874.664096,1,1.4,0.4,3.5,0.7,-0.4,0.6,-0.6,-0.1,0.9,-0.7,0.6,0.7
479874.675196,1,1.4,0.4,3.5,0.7,-0.4,0.6,-0.7,-0.2,0.9,-0.7,0.6,0.7
479874.686381,1,1.4,0.4,3.6,0.8,-0.4,0.6,-0.8,-0.3,0.9,-0.8,0.7,0.7
479874.697650,1,1.4,0.4,3.7,0.8,-0.4,0.7,-0.8,-0.3,1,-0.8,0.7,0.7
479874.708537,1,1.5,0.3,3.8,0.8,-0.4,0.7,-0.8,-0.4,1,-0.8,0.8,0.7
479874.719687,1,1.5,0.3,3.8,0.8,-0.5,0.7,-0.8,-0.5,1,-0.8,0.8,0.7
479874.730771,1,1.5,0.3,3.9,0.8,-0.5,0.7,-0.8,-0.5,1.1,-0.8,0.8,0.8
479874.741899,1,1.5,0.3,4,0.9,-0.5,0.8,-0.8,-0.5,1.1,-0.9,0.8,0.8
479874.752997,1,1.5,0.3,4,0.9,-0.5,0.8,-0.8,-0.6,1.1,-0.9,0.8,0.8
479874.764075,1,1.5,0.3,4.1,0.9,-0.5,0.8,-0.8,-0.6,1.1,-0.9,0.8,0.8
479874.775206,1,1.5,0.2,4.1,0.9,-0.5,0.8,-0.8,-0.7,1.1,-0.9,0.9,0.8
479874.786366,0,1.5,0.2,4.1,0.9,-0.5,0.8,-0.8,-0.7,1.1,-0.9,0.9,0.8
479874.797655,1,1.5,0.2,4.1,0.9,-0.5,0.8,-0.8,-0.7,1.2,-0.9,0.9,0.8
479874.808554,1,1.5,0.2,4.2,1,-0.5,0.8,-0.8,-0.7,1.2,-0.9,0.9,0.8
479874.819761,1,1.5,0.2,4.2,1,-0.5,0.8,-0.8,-0.7,1.2,-1,0.9,0.8
479874.830818,1,1.5,0.2,4.2,1,-0.5,0.9,-0.8,-0.8,1.2,-1,0.9,0.8
479874.841920,0,1.5,0.2,4.2,1,-0.5,0.9,-0.8,-0.8,1.2,-1,0.9,0.8
479874.852997,0,1.5,0.2,4.2,1,-0.5,0.9,-0.8,-0.8,1.2,-1,0.9,0.8
479874.864151,0,1.5,0.2,4.2,1,-0.5,0.9,-0.8,-0.8,1.2,-1,0.9,0.8
479874.875211,1,1.5,0.2,4.3,1,-0.6,0.9,-0.8,-0.8,1.2,-1,0.9,0.8
479874.886377,0,1.5,0.2,4.3,1,-0.6,0.9,-0.8,-0.8,1.2,-1,0.9,0.8
479874.897709,1,1.5,0.2,4.3,1,-0.6,0.9,-0.8,-0.8,1.2,-1,0.9,0.9
479874.908551,0,1.5,0.2,4.3,1,-0.6,0.9,-0.8,-0.8,1.2,-1,0.9,0.9
479874.919739,0,1.5,0.2,4.3,1,-0.6,0.9,-0.8,-0.8,1.2,-1,0.9,0.9
479874.930828,1,1.5,0.2,4.3,1,-0.6,0.9,-0.8,-0.8,1.3,-1,1,0.9
479874.941921,1,1.5,0.2,4.3,1,-0.6,0.9,-0.8,-0.9,1.3,-1,1,0.9
479874.953056,1,1.5,0.2,4.4,0.9,-0.6,0.9,-0.8,-0.9,1.3,-1,1,0.9
479874.964128,0,1.5,0.2,4.4,0.9,-0.6,0.9,-0.8,-0.9,1.3,-1,1,0.9
479874.975191,1,1.5,0.1,4.4,0.9,-0.6,0.9,-0.8,-0.9,1.3,-1,1,0.9
479874.986402,0,1.5,0.1,4.4,0.9,-0.6,0.9,-0.8,-0.9,1.3,-1,1,0.9
479874.997699,1,1.5,0.1,4.4,0.9,-0.6,0.9,-0.7,-0.9,1.3,-1,1,0.9
479875.008581,0,1.5,0.1,4.4,0.9,-0.6,0.9,-0.7,-0.9,1.3,-1,1,0.9
479875.019724,0,1.5,0.1,4.4,0.9,-0.6,0.9,-0.7,-0.9,1.3,-1,1,0.9
479875.030787,1,1.5,0.1,4.4,0.8,-0.5,0.9,-0.7,-0.9,1.3,-1.1,1,0.9
479875.041859,0,1.5,0.1,4.4,0.8,-0.5,0.9,-0.7,-0.9,1.3,-1.1,1,0.9
479875.053043,1,1.5,0.1,4.4,0.7,-0.5,0.9,-0.7,-0.9,1.3,-1.1,1,0.9
479875.064082,0,1.5,0.1,4.4,0.7,-0.5,0.9,-0.7,-0.9,1.3,-1.1,1,0.9
479875.075274,0,1.5,0.1,4.4,0.7,-0.5,0.9,-0.7,-0.9,1.3,-1.1,1,0.9
479875.086649,1,1.5,0.2,4.4,0.5,-0.5,0.9,-0.7,-0.9,1.3,-1.1,1,0.9
479875.097762,1,1.5,0.2,4.4,0.4,-0.5,0.9,-0.7,-0.9,1.3,-1.1,1,0.9
479875.108610,1,1.5,0.2,4.4,0.3,-0.4,0.9,-0.7,-0.9,1.3,-1.1,1,0.9
479875.119731,0,1.5,0.2,4.4,0.3,-0.4,0.9,-0.7,-0.9,1.3,-1.1,1,0.9
479875.130864,1,1.5,0.2,4.4,0.2,-0.4,0.9,-0.7,-0.9,1.3,-1.1,1,0.9
479875.141969,0,1.5,0.2,4.4,0.2,-0.4,0.9,-0.7,-0.9,1.3,-1.1,1,0.9
479875.152993,1,1.5,0.2,4.4,0.1,-0.4,0.9,-0.7,-0.9,1.3,-1.1,1,0.9
479875.164103,1,1.5,0.2,4.4,0.1,-0.4,0.9,-0.7,-0.9,1.4,-1.1,1,0.9
479875.175259,0,1.5,0.2,4.4,0.1,-0.4,0.9,-0.7,-0.9,1.4,-1.1,1,0.9
479875.186445,1,1.5,0.2,4.4,0,-0.4,0.9,-0.7,-0.9,1.4,-1.1,1,0.9
479875.197695,0,1.5,0.2,4.4,0,-0.4,0.9,-0.7,-0.9,1.4,-1.1,1,0.9
479875.208568,0,1.5,0.2,4.4,0,-0.4,0.9,-0.7,-0.9,1.4,-1.1,1,0.9
479875.219736,0,1.5,0.2,4.4,0,-0.4,0.9,-0.7,-0.9,1.4,-1.1,1,0.9
479875.230818,1,1.5,0.2,4.5,0,-0.4,0.9,-0.7,-0.9,1.4,-1.1,1,0.9
479875.241909,1,1.5,0.2,4.5,0.1,-0.4,0.9,-0.7,-0.9,1.4,-1.1,1,0.9
479875.252994,0,1.5,0.2,4.5,0.1,-0.4,0.9,-0.7,-0.9,1.4,-1.1,1,0.9
479875.264078,1,1.5,0.2,4.5,0,-0.4,0.9,-0.7,-0.9,1.4,-1.1,1,0.9
479875.275225,1,1.5,0.2,4.5,0.1,-0.4,0.9,-0.7,-0.9,1.4,-1.1,1,0.9
479875.286396,0,1.5,0.2,4.5,0.1,-0.4,0.9,-0.7,-0.9,1.4,-1.1,1,0.9
479875.297764,1,1.5,0.2,4.5,0,-0.4,0.9,-0.7,-0.9,1.4,-1.1,1,0.9
479875.308586,1,1.5,0.2,4.5,-0.1,-0.4,0.9,-0.7,-0.9,1.4,-1.1,1,0.9
479875.319815,1,1.5,0.2,4.5,-0.2,-0.4,0.9,-0.7,-0.9,1.4,-1.1,1,0.9
479875.330866,0,1.5,0.2,4.5,-0.2,-0.4,0.9,-0.7,-0.9,1.4,-1.1,1,0.9
479875.341973,1,1.5,0.2,4.5,-0.3,-0.4,0.9,-0.7,-0.9,1.4,-1.1,1,0.9
479875.353037,0,1.5,0.2,4.5,-0.3,-0.4,0.9,-0.7,-0.9,1.4,-1.1,1,0.9
479875.364121,1,1.5,0.2,4.5,-0.4,-0.3,0.9,-0.7,-0.9,1.4,-1.1,1,0.9
479875.375303,1,1.5,0.2,4.5,-0.5,-0.3,0.9,-0.7,-0.9,1.4,-1.1,1,0.9
479875.386483,1,1.6,0.2,4.5,-0.5,-0.3,0.9,-0.7,-1,1.4,-1.1,1,0.9
479875.397761,1,1.6,0.2,4.5,-0.6,-0.3,0.9,-0.7,-1,1.4,-1.1,1,0.9
479875.408571,0,1.6,0.2,4.5,-0.6,-0.3,0.9,-0.7,-1,1.4,-1.1,1,0.9
479875.419747,0,1.6,0.2,4.5,-0.6,-0.3,0.9,-0.7,-1,1.4,-1.1,1,0.9
479875.430840,1,1.6,0.2,4.5,-0.7,-0.3,0.9,-0.7,-1,1.4,-1.1,1,0.9
479875.441987,0,1.6,0.2,4.5,-0.7,-0.3,0.9,-0.7,-1,1.4,-1.1,1,0.9
479875.453080,1,1.6,0.2,4.5,-0.6,-0.3,0.9,-0.7,-1,1.4,-1.2,1,0.9
479875.464169,1,1.6,0.2,4.5,-0.6,-0.3,0.9,-0.7,-0.9,1.4,-1.2,1,0.9
479875.475283,0,1.6,0.2,4.5,-0.6,-0.3,0.9,-0.7,-0.9,1.4,-1.2,1,0.9
479875.486463,0,1.6,0.2,4.5,-0.6,-0.3,0.9,-0.7,-0.9,1.4,-1.2,1,0.9
479875.497813,0,1.6,0.2,4.5,-0.6,-0.3,0.9,-0.7,-0.9,1.4,-1.2,1,0.9
479875.508598,0,1.6,0.2,4.5,-0.6,-0.3,0.9,-0.7,-0.9,1.4,-1.2,1,0.9
479875.519744,0,1.6,0.2,4.5,-0.6,-0.3,0.9,-0.7,-0.9,1.4,-1.2,1,0.9
479875.530881,1,1.6,0.2,4.5,-0.7,-0.3,0.9,-0.7,-0.9,1.4,-1.2,1,0.9
479875.541978,1,1.6,0.2,4.5,-0.6,-0.3,0.9,-0.7,-0.9,1.4,-1.2,1,0.9
479875.552989,1,1.6,0.2,4.5,-0.7,-0.3,0.9,-0.7,-0.9,1.4,-1.2,1,0.9
479875.564156,0,1.6,0.2,4.5,-0.7,-0.3,0.9,-0.7,-0.9,1.4,-1.2,1,0.9
479875.575289,0,1.6,0.2,4.5,-0.7,-0.3,0.9,-0.7,-0.9,1.4,-1.2,1,0.9
479875.586490,1,1.6,0.2,4.5,-0.7,-0.3,0.8,-0.7,-0.9,1.4,-1.2,1,0.9
479875.597804,0,1.6,0.2,4.5,-0.7,-0.3,0.8,-0.7,-0.9,1.4,-1.2,1,0.9
479875.608597,1,1.6,0.2,4.5,-0.8,-0.3,0.8,-0.7,-0.9,1.4,-1.2,1,0.9
479875.619785,0,1.6,0.2,4.5,-0.8,-0.3,0.8,-0.7,-0.9,1.4,-1.2,1,0.9
479875.630821,0,1.6,0.2,4.5,-0.8,-0.3,0.8,-0.7,-0.9,1.4,-1.2,1,0.9
479875.641932,0,1.6,0.2,4.5,-0.8,-0.3,0.8,-0.7,-0.9,1.4,-1.2,1,0.9
479875.653133,1,1.5,0.2,4.5,-0.9,-0.3,0.8,-0.7,-0.9,1.4,-1.2,1,0.9
479875.664171,0,1.5,0.2,4.5,-0.9,-0.3,0.8,-0.7,-0.9,1.4,-1.2,1,0.9
479875.675299,1,1.5,0.2,4.5,-0.9,-0.3,0.8,-0.7,-0.9,1.4,-1.1,1,0.9
479875.686485,0,1.5,0.2,4.5,-0.9,-0.3,0.8,-0.7,-0.9,1.4,-1.1,1,0.9
479875.697754,1,1.5,0.1,4.5,-0.9,-0.3,0.8,-0.7,-0.9,1.4,-1.1,1,0.9
479875.708577,1,1.4,0.1,4.5,-0.9,-0.3,0.8,-0.7,-0.9,1.4,-1.1,1,0.9
479875.719745,1,1.4,0.1,4.5,-0.9,-0.3,0.8,-0.7,-0.9,1.4,-1.1,1,0.8
479875.730830,1,1.4,0,4.5,-0.9,-0.4,0.8,-0.7,-0.9,1.4,-1.1,0.9,0.8
479875.741978,1,1.4,0,4.5,-0.9,-0.4,0.8,-0.6,-0.9,1.4,-1.1,0.9,0.8
479875.753025,1,1.3,0,4.5,-0.9,-0.4,0.8,-0.6,-1,1.4,-1.1,0.9,0.8
479875.764171,0,1.3,0,4.5,-0.9,-0.4,0.8,-0.6,-1,1.4,-1.1,0.9,0.8
479875.775319,1,1.2,-0.1,4.5,-0.9,-0.4,0.8,-0.6,-1,1.4,-1,0.8,0.8
479875.786466,1,1.2,-0.1,4.5,-0.9,-0.4,0.9,-0.5,-1,1.4,-1,0.8,0.8
479875.797802,1,1.2,-0.1,4.5,-0.9,-0.4,0.9,-0.5,-1,1.4,-1,0.8,0.7
479875.808614,1,1.1,-0.2,4.5,-0.9,-0.5,0.9,-0.5,-1,1.4,-1,0.8,0.7
479875.819737,1,1.1,-0.2,4.5,-0.9,-0.5,0.9,-0.5,-1,1.4,-0.9,0.7,0.7
479875.830858,1,1.1,-0.2,4.5,-0.9,-0.5,0.9,-0.4,-1,1.4,-0.9,0.7,0.7
479875.841997,1,1,-0.2,4.5,-0.9,-0.5,0.9,-0.4,-1,1.4,-0.9,0.7,0.7
479875.853069,0,1,-0.2,4.5,-0.9,-0.5,0.9,-0.4,-1,1.4,-0.9,0.7,0.7
479875.864184,1,1,-0.3,4.5,-0.9,-0.5,0.9,-0.4,-1,1.4,-0.9,0.7,0.7
479875.875345,1,1,-0.3,4.5,-1,-0.5,0.9,-0.4,-1,1.4,-0.8,0.6,0.7
479875.886501,0,1,-0.3,4.5,-1,-0.5,0.9,-0.4,-1,1.4,-0.8,0.6,0.7
479875.897710,1,0.9,-0.3,4.6,-1,-0.5,0.9,-0.4,-1,1.4,-0.8,0.6,0.7
479875.908591,0,0.9,-0.3,4.6,-1,-0.5,0.9,-0.4,-1,1.4,-0.8,0.6,0.7
479875.919746,0,0.9,-0.3,4.6,-1,-0.5,0.9,-0.4,-1,1.4,-0.8,0.6,0.7
479875.930814,1,0.9,-0.3,4.6,-1,-0.5,0.9,-0.4,-1,1.4,-0.9,0.6,0.7
479875.941938,1,0.9,-0.3,4.7,-0.9,-0.5,0.9,-0.4,-1,1.4,-0.9,0.6,0.7
479875.953032,1,0.8,-0.3,4.7,-0.9,-0.5,0.9,-0.5,-1,1.4,-1,0.6,0.7
479875.964121,1,0.8,-0.3,4.7,-0.9,-0.5,0.9,-0.5,-1,1.4,-1,0.7,0.6
479875.975248,0,0.8,-0.3,4.7,-0.9,-0.5,0.9,-0.5,-1,1.4,-1,0.7,0.6
479875.986468,1,0.8,-0.3,4.8,-0.9,-0.5,0.9,-0.5,-1,1.4,-1.1,0.7,0.6
479875.998081,0,0.8,-0.3,4.8,-0.9,-0.5,0.9,-0.5,-1,1.4,-1.1,0.7,0.6
479876.008539,0,0.8,-0.3,4.8,-0.9,-0.5,0.9,-0.5,-1,1.4,-1.1,0.7,0.6
479876.019766,1,0.7,-0.3,4.9,-0.9,-0.5,0.9,-0.6,-1,1.4,-1.1,0.7,0.6
479876.030856,1,0.7,-0.3,4.9,-0.9,-0.5,0.9,-0.6,-1,1.4,-1.1,0.8,0.6
479876.041980,1,0.7,-0.3,4.9,-0.9,-0.5,0.9,-0.6,-0.9,1.4,-1.2,0.8,0.6
479876.053048,0,0.7,-0.3,4.9,-0.9,-0.5,0.9,-0.6,-0.9,1.4,-1.2,0.8,0.6
479876.064153,0,0.7,-0.3,4.9,-0.9,-0.5,0.9,-0.6,-0.9,1.4,-1.2,0.8,0.6
479876.075294,1,0.7,-0.3,4.9,-0.9,-0.5,0.9,-0.7,-0.9,1.4,-1.2,0.8,0.6
479876.086452,1,0.8,-0.3,5,-0.9,-0.5,0.9,-0.7,-0.8,1.4,-1.3,0.8,0.6
479876.097758,1,0.8,-0.3,5,-0.9,-0.5,0.9,-0.7,-0.8,1.4,-1.3,0.9,0.7
479876.108566,1,0.8,-0.3,5,-1,-0.5,0.9,-0.7,-0.8,1.4,-1.3,0.9,0.7
479876.119765,1,0.8,-0.2,5,-1,-0.5,0.9,-0.8,-0.8,1.4,-1.3,0.9,0.7
479876.130907,1,0.8,-0.2,5,-1,-0.4,0.8,-0.8,-0.8,1.4,-1.3,0.9,0.7
479876.141919,1,0.9,-0.2,5,-1,-0.4,0.8,-0.8,-0.8,1.4,-1.3,0.9,0.7
479876.153191,1,0.9,-0.2,5,-1,-0.4,0.8,-0.8,-0.7,1.4,-1.3,0.9,0.7
479876.164094,1,1,-0.2,5,-1,-0.4,0.8,-0.8,-0.7,1.4,-1.3,1,0.8
479876.175258,1,1,-0.1,5,-0.9,-0.4,0.8,-0.8,-0.7,1.4,-1.3,1,0.8
479876.186426,0,1,-0.1,5,-0.9,-0.4,0.8,-0.8,-0.7,1.4,-1.3,1,0.8
479876.197598,1,1.1,-0.1,4.9,-1,-0.4,0.8,-0.8,-0.7,1.4,-1.3,1,0.9
479876.208555,1,1.1,0,4.9,-1,-0.4,0.8,-0.8,-0.7,1.4,-1.3,1,0.9
479876.219717,1,1.2,0,4.9,-1,-0.4,0.8,-0.8,-0.7,1.4,-1.3,1,0.9
479876.230843,1,1.2,0,4.9,-1,-0.4,0.8,-0.8,-0.7,1.4,-1.3,1.1,0.9
479876.241907,1,1.2,0.1,4.9,-1,-0.4,0.8,-0.8,-0.7,1.4,-1.3,1.1,0.9
479876.253024,1,1.3,0.1,4.9,-1,-0.4,0.8,-0.8,-0.7,1.4,-1.3,1.1,0.9
479876.264151,1,1.3,0.2,4.8,-1,-0.4,0.8,-0.8,-0.7,1.4,-1.2,1.1,1
479876.275320,0,1.3,0.2,4.8,-1,-0.4,0.8,-0.8,-0.7,1.4,-1.2,1.1,1
479876.286484,1,1.4,0.3,4.8,-1,-0.4,0.8,-0.8,-0.8,1.4,-1.2,1.1,1
479876.297761,1,1.4,0.3,4.8,-1,-0.4,0.8,-0.8,-0.8,1.4,-1.1,1.1,1
479876.308633,1,1.4,0.3,4.8,-1,-0.5,0.8,-0.8,-0.8,1.4,-1.1,1.1,1
479876.319797,1,1.5,0.4,4.7,-1,-0.5,0.8,-0.7,-0.8,1.4,-1.1,1.2,1
479876.330892,1,1.5,0.5,4.7,-1,-0.5,0.8,-0.7,-0.9,1.4,-1.1,1.2,1
479876.342019,1,1.6,0.5,4.7,-1,-0.5,0.8,-0.7,-0.9,1.4,-1,1.2,1
479876.353063,1,1.6,0.6,4.6,-1,-0.5,0.8,-0.7,-0.9,1.4,-1,1.2,1
479876.364139,1,1.6,0.7,4.6,-1,-0.5,0.8,-0.7,-0.9,1.4,-0.9,1.3,1
479876.375333,1,1.6,0.7,4.6,-1,-0.5,0.8,-0.6,-1,1.5,-0.9,1.3,1
479876.386511,1,1.6,0.7,4.5,-1,-0.6,0.8,-0.6,-1,1.5,-0.9,1.3,1
479876.397800,1,1.6,0.8,4.5,-1,-0.6,0.8,-0.6,-1,1.5,-0.8,1.3,1
479876.408648,0,1.6,0.8,4.5,-1,-0.6,0.8,-0.6,-1,1.5,-0.8,1.3,1
479876.419763,1,1.6,0.8,4.4,-1,-0.6,0.8,-0.5,-1,1.5,-0.8,1.3,1
479876.430894,1,1.6,0.9,4.4,-1,-0.6,0.8,-0.5,-1,1.5,-0.7,1.3,1
479876.442015,1,1.6,0.9,4.4,-1,-0.6,0.8,-0.5,-1.1,1.5,-0.7,1.3,1
479876.453081,1,1.6,0.9,4.3,-1,-0.6,0.8,-0.5,-1.1,1.5,-0.7,1.3,1
479876.464146,1,1.5,0.8,4.3,-1,-0.6,0.8,-0.4,-1.1,1.5,-0.7,1.3,1
479876.475320,1,1.5,0.8,4.3,-1,-0.6,0.8,-0.4,-1.1,1.5,-0.7,1.2,1
479876.486492,1,1.4,0.8,4.2,-1,-0.6,0.8,-0.4,-1.1,1.5,-0.7,1.2,0.9
479876.497715,1,1.4,0.7,4.2,-1,-0.6,0.8,-0.4,-1.1,1.5,-0.7,1.2,0.9
479876.508593,1,1.4,0.7,4.2,-1,-0.6,0.8,-0.4,-1.1,1.5,-0.6,1.1,0.9
479876.519754,1,1.3,0.7,4.2,-1,-0.7,0.8,-0.3,-1.2,1.5,-0.6,1.1,0.9
479876.530815,1,1.3,0.6,4.2,-1,-0.7,0.8,-0.3,-1.2,1.5,-0.6,1.1,0.9
479876.541996,1,1.2,0.5,4.2,-1,-0.7,0.8,-0.3,-1.2,1.5,-0.6,1.1,0.9
479876.553040,1,1.2,0.5,4.2,-1,-0.7,0.8,-0.3,-1.2,1.4,-0.6,1,0.8
479876.564167,1,1.1,0.4,4.2,-1,-0.7,0.8,-0.3,-1.2,1.4,-0.6,1,0.8
479876.575324,1,1.1,0.4,4.2,-1,-0.7,0.8,-0.3,-1.2,1.4,-0.6,0.9,0.8
479876.586491,1,1,0.3,4.2,-1,-0.7,0.8,-0.3,-1.2,1.4,-0.6,0.8,0.7
479876.597800,1,1,0.2,4.2,-1,-0.7,0.8,-0.2,-1.2,1.4,-0.5,0.5,0.7
479876.608581,1,0.9,0.1,4.2,-1,-0.7,0.8,-0.2,-1.2,1.4,-0.4,0.2,0.6
479876.619720,1,0.9,0.1,4.2,-0.9,-0.7,0.8,-0.2,-1.3,1.4,-0.4,0.2,0.6
479876.630833,1,0.8,0,4.3,-0.9,-0.7,0.8,-0.2,-1.2,1.4,-0.3,0.1,0.6
479876.641962,1,0.8,0,4.3,-0.9,-0.8,0.8,-0.2,-1.2,1.4,-0.3,0.1,0.6
479876.653043,1,0.7,-0.1,4.3,-0.9,-0.8,0.8,-0.2,-1.2,1.4,-0.3,0.1,0.6
479876.664141,1,0.7,-0.2,4.4,-0.9,-0.8,0.8,-0.2,-1.2,1.4,-0.3,0.1,0.5
479876.675279,1,0.6,-0.3,4.4,-0.9,-0.8,0.8,-0.3,-1.2,1.3,-0.3,0.1,0.5
479876.686470,1,0.6,-0.3,4.5,-0.9,-0.8,0.8,-0.3,-1.2,1.3,-0.3,0.1,0.5
479876.697673,1,0.5,-0.4,4.6,-0.9,-0.8,0.8,-0.3,-1.2,1.3,-0.3,0.1,0.5
479876.708550,0,0.5,-0.4,4.6,-0.9,-0.8,0.8,-0.3,-1.2,1.3,-0.3,0.1,0.5
479876.719713,1,0.5,-0.4,4.6,-0.9,-0.8,0.8,-0.4,-1.1,1.3,-0.3,0.1,0.5
479876.730784,1,0.4,-0.5,4.7,-0.9,-0.8,0.8,-0.4,-1.1,1.3,-0.3,0.1,0.5
479876.742021,1,0.4,-0.5,4.8,-0.8,-0.8,0.8,-0.5,-1,1.2,-0.4,0.1,0.5
479876.753053,1,0.4,-0.5,4.9,-0.8,-0.8,0.8,-0.5,-1,1.2,-0.6,0.3,0.5
479876.764115,1,0.4,-0.5,4.9,-0.8,-0.8,0.8,-0.5,-1,1.2,-0.9,0.6,0.4
479876.775274,1,0.3,-0.5,5,-0.8,-0.8,0.8,-0.5,-1,1.2,-0.9,0.6,0.4
479876.786462,1,0.3,-0.5,5,-0.8,-0.8,0.8,-0.6,-0.9,1.2,-1.1,0.7,0.4
479876.797831,1,0.3,-0.5,5,-0.8,-0.7,0.8,-0.6,-0.8,1.2,-1.1,0.7,0.4
479876.808559,1,0.3,-0.5,5.1,-0.8,-0.7,0.8,-0.6,-0.8,1.3,-1.1,0.7,0.4
479876.819753,1,0.4,-0.5,5.1,-0.8,-0.7,0.8,-0.6,-0.8,1.3,-1.2,0.8,0.4
479876.830876,1,0.4,-0.5,5.1,-0.8,-0.7,0.8,-0.7,-0.7,1.3,-1.2,0.8,0.5
479876.841988,1,0.4,-0.4,5.2,-0.8,-0.7,0.8,-0.7,-0.7,1.3,-1.2,0.8,0.5
479876.853041,0,0.4,-0.4,5.2,-0.8,-0.7,0.8,-0.7,-0.7,1.3,-1.2,0.8,0.5
479876.864140,1,0.4,-0.4,5.2,-0.9,-0.7,0.8,-0.8,-0.6,1.3,-1.2,0.9,0.5
479876.875285,1,0.5,-0.3,5.2,-0.9,-0.7,0.8,-0.8,-0.6,1.3,-1.2,0.9,0.6
479876.886446,1,0.5,-0.3,5.2,-0.9,-0.7,0.8,-0.8,-0.5,1.3,-1.2,0.9,0.6
479876.897732,1,0.6,-0.3,5.2,-0.9,-0.7,0.8,-0.8,-0.5,1.3,-1.2,0.9,0.6
479876.908623,1,0.6,-0.2,5.1,-0.9,-0.7,0.8,-0.8,-0.5,1.4,-1.2,1,0.7
479876.919758,1,0.6,-0.1,5.1,-0.9,-0.7,0.8,-0.8,-0.5,1.4,-1.2,1,0.7
479876.930913,1,0.6,-0.1,5.1,-1,-0.7,0.8,-0.8,-0.5,1.4,-1.2,1,0.7
479876.942011,1,0.7,0,5.1,-1,-0.7,0.8,-0.8,-0.5,1.4,-1.2,1,0.7
479876.953074,1,0.8,0.1,5,-1,-0.7,0.8,-0.8,-0.4,1.4,-1.2,1,0.8
479876.964142,1,0.8,0.1,5,-1,-0.7,0.8,-0.8,-0.4,1.4,-1.2,1.1,0.8
479876.975269,1,0.9,0.2,4.9,-1,-0.7,0.8,-0.8,-0.4,1.4,-1.1,1.1,0.8
479876.986445,1,0.9,0.3,4.9,-1,-0.7,0.8,-0.8,-0.4,1.5,-1.1,1.1,0.9
479876.997978,1,0.9,0.3,4.9,-1.1,-0.7,0.8,-0.8,-0.4,1.5,-1,1.1,0.9
479877.008590,1,1,0.4,4.8,-1.1,-0.7,0.8,-0.8,-0.4,1.5,-1,1.2,0.9
479877.019748,1,1,0.5,4.8,-1.1,-0.7,0.8,-0.8,-0.5,1.5,-1,1.2,0.9
479877.030884,1,1.1,0.5,4.7,-1.1,-0.7,0.8,-0.7,-0.5,1.5,-0.9,1.2,0.9
479877.042032,1,1.1,0.6,4.7,-1.1,-0.7,0.7,-0.7,-0.5,1.5,-0.9,1.1,1
479877.053070,1,1.2,0.6,4.6,-1.1,-0.7,0.7,-0.7,-0.6,1.5,-0.8,1.1,1
479877.064223,1,1.2,0.6,4.6,-1.1,-0.7,0.8,-0.7,-0.6,1.5,-0.8,1.1,0.9
479877.075329,1,1.2,0.6,4.6,-1.1,-0.7,0.8,-0.6,-0.6,1.5,-0.7,1.1,0.9
479877.086509,1,1.2,0.6,4.5,-1.1,-0.7,0.8,-0.6,-0.7,1.5,-0.7,1,0.9
479877.097832,1,1.2,0.5,4.5,-1.1,-0.7,0.8,-0.6,-0.7,1.5,-0.7,1,0.9
479877.108605,1,1.2,0.4,4.5,-1.1,-0.8,0.8,-0.5,-0.8,1.5,-0.6,1,0.9
479877.119767,1,1.1,0.4,4.4,-1.1,-0.8,0.8,-0.5,-0.8,1.5,-0.6,0.9,0.9
479877.130880,1,1.1,0.2,4.4,-1.1,-0.8,0.8,-0.5,-0.9,1.5,-0.6,0.8,0.8
479877.142021,1,1.1,0.2,4.4,-1,-0.8,0.8,-0.5,-0.9,1.5,-0.5,0.6,0.7
479877.153950,1,1,0,4.4,-1,-0.8,0.8,-0.4,-1,1.5,-0.3,0.1,0.6
479877.164155,0,1,0,4.4,-1,-0.8,0.8,-0.4,-1,1.5,-0.3,0.1,0.6
479877.175289,1,0.9,-0.1,4.5,-1,-0.8,0.8,-0.4,-1.1,1.5,-0.3,0.1,0.6
479877.186459,1,0.9,-0.2,4.5,-1,-0.8,0.8,-0.4,-1.1,1.4,-0.3,0.1,0.6
479877.197963,1,0.8,-0.4,4.5,-1,-0.8,0.8,-0.4,-1.2,1.4,-0.3,0.1,0.6
479877.208576,1,0.8,-0.4,4.5,-0.9,-0.8,0.8,-0.4,-1.2,1.4,-0.3,0.1,0.6
479877.219894,1,0.6,-0.5,4.7,-0.9,-0.8,0.8,-0.4,-1.2,1.4,-0.3,0.1,0.6
479877.230864,1,0.6,-0.6,4.7,-0.9,-0.8,0.8,-0.4,-1.2,1.4,-0.3,0.1,0.6
479877.242046,1,0.5,-0.7,4.8,-0.9,-0.8,0.8,-0.4,-1.2,1.4,-0.3,0.1,0.6
479877.253094,1,0.5,-0.7,4.9,-0.9,-0.8,0.8,-0.4,-1.2,1.4,-0.3,0,0.6
479877.264144,1,0.5,-0.7,4.9,-0.9,-0.8,0.8,-0.5,-1.1,1.4,-0.4,0.1,0.6
479877.275276,1,0.4,-0.7,4.9,-0.9,-0.8,0.8,-0.5,-1.1,1.4,-0.4,0.1,0.6
479877.286439,1,0.4,-0.7,5,-0.9,-0.8,0.8,-0.5,-1.1,1.4,-0.4,0.1,0.6
479877.297786,1,0.3,-0.7,5.1,-0.9,-0.8,0.8,-0.5,-1,1.4,-0.4,0.1,0.6
479877.308627,1,0.3,-0.7,5.1,-0.9,-0.8,0.8,-0.6,-1,1.4,-0.8,0.3,0.5
479877.319793,1,0.3,-0.7,5.1,-0.9,-0.8,0.8,-0.6,-0.9,1.4,-0.8,0.3,0.5
479877.330872,1,0.3,-0.7,5.1,-0.9,-0.8,0.8,-0.7,-0.8,1.4,-1.1,0.6,0.4
479877.342040,1,0.3,-0.6,5.2,-0.9,-0.7,0.8,-0.7,-0.8,1.4,-1.1,0.6,0.4
479877.353093,1,0.3,-0.6,5.2,-0.9,-0.7,0.8,-0.8,-0.7,1.4,-1.2,0.7,0.4
479877.364181,1,0.3,-0.5,5.2,-0.9,-0.7,0.8,-0.8,-0.7,1.4,-1.2,0.8,0.5
479877.375360,1,0.4,-0.4,5.2,-0.9,-0.7,0.8,-0.8,-0.7,1.4,-1.2,0.8,0.5
479877.386503,1,0.4,-0.3,5.2,-0.9,-0.7,0.8,-0.8,-0.6,1.4,-1.3,0.9,0.5
479877.397798,1,0.4,-0.2,5.2,-0.9,-0.7,0.8,-0.8,-0.6,1.4,-1.3,0.9,0.5
479877.408576,1,0.4,-0.2,5.2,-1,-0.7,0.8,-0.9,-0.6,1.4,-1.3,0.9,0.6
479877.419758,1,0.5,-0.1,5.2,-1,-0.7,0.8,-0.9,-0.5,1.5,-1.3,1,0.7
479877.430853,1,0.6,0,5.1,-1,-0.7,0.7,-0.9,-0.5,1.5,-1.3,1,0.7
479877.442012,1,0.6,0.1,5.1,-1,-0.7,0.7,-0.9,-0.5,1.5,-1.2,1.1,0.8
479877.453073,1,0.7,0.2,5.1,-1.1,-0.7,0.7,-0.9,-0.5,1.5,-1.2,1.1,0.8
479877.464182,1,0.8,0.3,5,-1.1,-0.7,0.7,-0.9,-0.5,1.5,-1.2,1.1,0.9
479877.475343,0,0.8,0.3,5,-1.1,-0.7,0.7,-0.9,-0.5,1.5,-1.2,1.1,0.9
479877.486476,1,0.9,0.4,5,-1.1,-0.7,0.7,-0.9,-0.5,1.5,-1.1,1.1,0.9
479877.497819,1,0.9,0.5,4.9,-1.1,-0.7,0.7,-0.8,-0.5,1.5,-1.1,1.2,0.9
479877.508653,1,1,0.6,4.9,-1.1,-0.7,0.7,-0.8,-0.6,1.5,-1,1.1,1
479877.519790,1,1,0.6,4.8,-1.1,-0.7,0.7,-0.8,-0.6,1.5,-0.9,1.1,1
479877.530839,1,1.1,0.6,4.8,-1.1,-0.7,0.7,-0.8,-0.6,1.5,-0.9,1.1,1
479877.542048,1,1.1,0.6,4.8,-1.1,-0.8,0.7,-0.7,-0.7,1.5,-0.8,1,0.9
479877.553103,1,1.1,0.6,4.7,-1.1,-0.8,0.7,-0.7,-0.7,1.5,-0.8,1,0.9
479877.564175,1,1.1,0.5,4.6,-1.1,-0.8,0.7,-0.6,-0.8,1.5,-0.7,0.9,0.9
479877.575328,1,1.1,0.4,4.6,-1.1,-0.8,0.7,-0.5,-0.9,1.5,-0.7,0.9,0.9
479877.586490,1,1.1,0.3,4.6,-1.1,-0.8,0.7,-0.5,-1,1.5,-0.6,0.8,0.8
479877.597794,1,1.1,0.2,4.5,-1.1,-0.8,0.7,-0.5,-1,1.5,-0.5,0.5,0.7
479877.608594,1,1,0.1,4.5,-1.1,-0.8,0.7,-0.4,-1,1.5,-0.3,0.1,0.6
479877.619770,1,1,0.1,4.5,-1.1,-0.8,0.7,-0.4,-1.1,1.5,-0.4,0.1,0.7
479877.630881,1,0.9,-0.1,4.5,-1,-0.8,0.7,-0.4,-1.2,1.5,-0.4,0.1,0.7
479877.642060,1,0.8,-0.2,4.5,-1,-0.8,0.7,-0.3,-1.2,1.5,-0.3,0.1,0.7
479877.653070,1,0.8,-0.4,4.6,-1,-0.8,0.7,-0.3,-1.2,1.5,-0.3,0,0.6
479877.664209,1,0.7,-0.5,4.6,-1,-0.8,0.7,-0.3,-1.3,1.5,-0.3,0,0.6
479877.675354,1,0.6,-0.6,4.7,-1,-0.8,0.7,-0.3,-1.3,1.5,-0.3,0,0.6
479877.686504,1,0.6,-0.6,4.7,-1,-0.8,0.8,-0.4,-1.3,1.5,-0.3,0,0.6
479877.697793,1,0.5,-0.7,4.8,-0.9,-0.8,0.8,-0.4,-1.3,1.4,-0.3,0,0.6
479877.708621,1,0.4,-0.8,4.8,-0.9,-0.8,0.8,-0.4,-1.2,1.4,-0.3,0,0.6
479877.719751,1,0.3,-0.9,4.9,-0.9,-0.8,0.8,-0.4,-1.2,1.4,-0.4,0,0.6
479877.730884,1,0.2,-0.9,4.9,-0.9,-0.8,0.8,-0.5,-1.2,1.4,-0.4,0,0.6
479877.742075,1,0.2,-0.9,5,-0.9,-0.8,0.8,-0.5,-1.1,1.4,-0.4,0,0.6
479877.753078,0,0.2,-0.9,5,-0.9,-0.8,0.8,-0.5,-1.1,1.4,-0.4,0,0.6
479877.764183,1,0.1,-0.9,5.1,-0.9,-0.8,0.8,-0.6,-1,1.4,-0.4,0,0.6
479877.775334,1,0.1,-0.9,5.1,-0.9,-0.8,0.8,-0.6,-1,1.3,-0.4,0,0.6
479877.786506,1,0.1,-0.8,5.1,-0.9,-0.8,0.8,-0.6,-0.9,1.3,-0.6,0.1,0.6
479877.797741,1,0.2,-0.7,5.2,-0.9,-0.8,0.7,-0.7,-0.9,1.4,-1,0.4,0.4
479877.808660,1,0.2,-0.6,5.2,-0.9,-0.8,0.7,-0.7,-0.8,1.4,-1.1,0.6,0.4
479877.819826,1,0.3,-0.5,5.2,-0.9,-0.8,0.7,-0.7,-0.8,1.4,-1.2,0.6,0.5
479877.830912,1,0.3,-0.5,5.2,-0.9,-0.8,0.7,-0.7,-0.8,1.4,-1.2,0.7,0.5
479877.842041,1,0.3,-0.4,5.2,-0.9,-0.8,0.7,-0.8,-0.7,1.4,-1.2,0.7,0.5
479877.853090,1,0.4,-0.3,5.1,-1,-0.8,0.7,-0.8,-0.7,1.4,-1.2,0.8,0.6
479877.864159,1,0.5,-0.2,5.1,-1,-0.8,0.7,-0.8,-0.7,1.4,-1.2,0.8,0.7
479877.875254,1,0.5,0,5.1,-1,-0.8,0.7,-0.8,-0.7,1.4,-1.2,0.9,0.7
479877.886502,1,0.6,0.1,5.1,-1,-0.8,0.7,-0.8,-0.7,1.5,-1.2,1,0.8
479877.897817,1,0.6,0.1,5.1,-1,-0.8,0.7,-0.8,-0.6,1.5,-1.2,1,0.8
479877.908610,1,0.7,0.2,5,-1,-0.8,0.7,-0.8,-0.6,1.5,-1.2,1.1,0.9
479877.919789,1,0.8,0.3,5,-1,-0.8,0.7,-0.9,-0.6,1.5,-1.2,1.1,0.9
479877.930883,1,0.8,0.4,5,-1.1,-0.8,0.7,-0.9,-0.6,1.5,-1.2,1.1,0.9
479877.942045,1,0.9,0.5,4.9,-1.1,-0.8,0.7,-0.9,-0.6,1.5,-1.2,1.1,1
479877.953052,1,1,0.6,4.9,-1.1,-0.8,0.7,-0.9,-0.6,1.5,-1.2,1.2,1
479877.964158,1,1,0.6,4.9,-1.1,-0.8,0.6,-0.9,-0.7,1.5,-1.1,1.2,1
479877.975355,1,1,0.7,4.9,-1.1,-0.8,0.6,-0.8,-0.7,1.5,-1.1,1.2,1
479877.986531,1,1.1,0.7,4.9,-1.1,-0.8,0.6,-0.8,-0.7,1.5,-1,1.2,1
479877.997811,1,1.1,0.8,4.8,-1.1,-0.8,0.6,-0.8,-0.7,1.5,-1,1.2,1
479878.008671,1,1.1,0.8,4.8,-1.1,-0.8,0.6,-0.8,-0.7,1.6,-1,1.2,1
479878.019810,1,1.2,0.8,4.7,-1.1,-0.8,0.6,-0.7,-0.8,1.6,-0.9,1.2,1
479878.030859,0,1.2,0.8,4.7,-1.1,-0.8,0.6,-0.7,-0.8,1.6,-0.9,1.2,1
479878.042015,1,1.2,0.8,4.7,-1.1,-0.8,0.6,-0.6,-0.9,1.6,-0.8,1.1,1
479878.053075,1,1.2,0.8,4.6,-1.1,-0.8,0.6,-0.6,-0.9,1.6,-0.8,1.1,1
479878.064187,1,1.1,0.8,4.5,-1.1,-0.8,0.6,-0.6,-0.9,1.6,-0.7,1,0.9
479878.075354,1,1.1,0.7,4.5,-1.1,-0.8,0.6,-0.5,-1,1.6,-0.7,1,0.9
479878.086539,1,1.1,0.6,4.4,-1.1,-0.8,0.6,-0.5,-1,1.6,-0.7,1,0.9
479878.097796,1,1,0.5,4.4,-1.1,-0.9,0.7,-0.5,-1,1.6,-0.7,0.9,0.9
479878.108668,1,1,0.5,4.4,-1.1,-0.9,0.7,-0.4,-1,1.6,-0.6,0.8,0.8
479878.119816,1,1,0.4,4.3,-1.1,-0.9,0.7,-0.4,-1,1.6,-0.6,0.7,0.8
479878.130953,1,0.9,0.3,4.3,-1.1,-0.9,0.7,-0.4,-1,1.6,-0.3,0.2,0.6
479878.142046,1,0.9,0.1,4.3,-1.1,-0.9,0.7,-0.4,-1,1.6,-0.3,0.1,0.7
479878.153094,1,0.8,0,4.2,-1.1,-0.9,0.7,-0.3,-1,1.6,-0.3,0.1,0.6
479878.164154,1,0.7,-0.1,4.2,-1,-0.9,0.7,-0.3,-1,1.6,-0.3,0.1,0.6
479878.175281,1,0.7,-0.1,4.2,-1,-0.9,0.7,-0.3,-1,1.5,-0.3,0.1,0.6
479878.186442,1,0.7,-0.2,4.3,-1,-0.9,0.7,-0.3,-1,1.5,-0.3,0.1,0.6
479878.197734,1,0.6,-0.3,4.3,-1,-0.9,0.7,-0.3,-1,1.5,-0.3,0,0.6
479878.208611,1,0.6,-0.4,4.4,-1,-0.9,0.7,-0.3,-1,1.5,-0.3,0,0.6
479878.219788,1,0.5,-0.5,4.4,-1,-0.9,0.7,-0.3,-1,1.5,-0.3,0,0.6
479878.230919,1,0.4,-0.5,4.5,-1,-0.9,0.7,-0.3,-1,1.5,-0.3,0,0.6
479878.242031,0,0.4,-0.5,4.5,-1,-0.9,0.7,-0.3,-1,1.5,-0.3,0,0.6
479878.253101,1,0.4,-0.5,4.6,-0.9,-0.9,0.7,-0.4,-1,1.5,-0.3,0,0.6
479878.264199,1,0.4,-0.5,4.6,-0.9,-0.9,0.7,-0.4,-1,1.5,-0.3,0.1,0.6
479878.275351,1,0.3,-0.5,4.7,-0.9,-0.9,0.7,-0.5,-1,1.4,-0.4,0.1,0.6
479878.286522,1,0.3,-0.5,4.8,-0.9,-0.9,0.7,-0.5,-1,1.4,-0.4,0.1,0.6
479878.297808,1,0.3,-0.5,5,-0.8,-0.9,0.6,-0.6,-1,1.4,-0.7,0.4,0.5
479878.308645,1,0.3,-0.5,5,-0.8,-0.9,0.6,-0.6,-1,1.4,-1,0.6,0.4
479878.319799,1,0.3,-0.4,5,-0.8,-0.8,0.6,-0.7,-1,1.4,-1.1,0.7,0.5
479878.330861,1,0.3,-0.4,5.1,-0.8,-0.8,0.6,-0.7,-0.9,1.4,-1.1,0.8,0.5
479878.342038,1,0.4,-0.4,5.1,-0.8,-0.8,0.6,-0.7,-0.9,1.4,-1.2,0.8,0.5
479878.353057,1,0.4,-0.3,5.1,-0.8,-0.8,0.6,-0.8,-0.9,1.4,-1.2,0.9,0.6
479878.364210,1,0.4,-0.2,5.2,-0.8,-0.8,0.6,-0.8,-0.9,1.4,-1.2,0.9,0.6
479878.375351,1,0.4,-0.2,5.2,-0.8,-0.8,0.6,-0.8,-0.8,1.4,-1.3,0.9,0.6
479878.386498,1,0.5,-0.2,5.2,-0.8,-0.8,0.6,-0.8,-0.8,1.4,-1.3,0.9,0.6
479878.397702,1,0.5,-0.1,5.2,-0.8,-0.8,0.6,-0.8,-0.8,1.4,-1.3,1,0.7
479878.408647,1,0.6,0,5.1,-0.8,-0.8,0.6,-0.8,-0.7,1.4,-1.3,1,0.7
479878.419806,1,0.6,0.1,5.1,-0.9,-0.8,0.6,-0.8,-0.7,1.4,-1.2,1.1,0.8
479878.430935,1,0.7,0.2,5.1,-0.9,-0.8,0.6,-0.8,-0.7,1.4,-1.2,1.1,0.8
479878.442057,1,0.7,0.2,5.1,-0.9,-0.8,0.5,-0.8,-0.7,1.4,-1.2,1.1,0.9
479878.453107,1,0.8,0.3,5,-0.9,-0.8,0.5,-0.8,-0.7,1.4,-1.2,1.2,0.9
479878.464210,1,0.8,0.5,5,-1,-0.8,0.5,-0.8,-0.7,1.5,-1.2,1.2,0.9
479878.475364,1,0.9,0.6,4.9,-1,-0.8,0.5,-0.8,-0.7,1.5,-1.1,1.2,1
479878.486536,1,1,0.7,4.9,-1,-0.8,0.5,-0.8,-0.7,1.5,-1.1,1.3,1
479878.497789,1,1.1,0.8,4.8,-1,-0.8,0.5,-0.8,-0.8,1.5,-1,1.3,1.1
479878.508648,1,1.1,0.8,4.8,-1,-0.8,0.5,-0.7,-0.8,1.5,-0.9,1.3,1.1
479878.519807,1,1.2,0.8,4.8,-1,-0.8,0.5,-0.7,-0.8,1.5,-0.9,1.3,1.1
479878.530897,1,1.2,0.9,4.7,-1,-0.8,0.5,-0.7,-0.8,1.5,-0.8,1.3,1.1
479878.542062,1,1.3,0.9,4.7,-1.1,-0.8,0.5,-0.7,-0.9,1.6,-0.8,1.3,1.1
479878.553048,1,1.4,0.9,4.6,-1.1,-0.8,0.5,-0.6,-0.9,1.6,-0.7,1.3,1.1
479878.564176,1,1.4,0.9,4.5,-1.1,-0.8,0.6,-0.6,-1,1.6,-0.6,1.2,1.1
479878.575346,1,1.5,0.8,4.5,-1,-0.8,0.6,-0.5,-1,1.6,-0.6,1.2,1.1
479878.586522,1,1.5,0.8,4.5,-1,-0.8,0.6,-0.5,-1,1.6,-0.5,1.1,1
479878.597787,1,1.5,0.7,4.4,-1,-0.8,0.6,-0.5,-1,1.6,-0.5,1.1,1
479878.608621,1,1.5,0.6,4.3,-1,-0.8,0.6,-0.4,-1.1,1.6,-0.4,1,1
479878.619800,1,1.4,0.4,4.3,-1,-0.8,0.6,-0.4,-1.1,1.6,-0.4,1,1
479878.630882,1,1.4,0.3,4.2,-1,-0.8,0.6,-0.4,-1.1,1.6,-0.4,0.9,0.9
479878.642040,1,1.3,0.1,4.2,-1,-0.8,0.6,-0.3,-1.2,1.6,-0.3,0.5,0.8
479878.653103,1,1.3,0.1,4.2,-1,-0.8,0.6,-0.3,-1.2,1.5,-0.2,0.1,0.5
479878.664176,1,1.2,0,4.2,-1,-0.8,0.6,-0.3,-1.2,1.5,-0.3,0.1,0.7
479878.675360,1,1.1,-0.2,4.3,-1,-0.8,0.6,-0.3,-1.2,1.5,-0.3,0.1,0.7
479878.686520,1,1,-0.4,4.3,-0.9,-0.8,0.6,-0.3,-1.2,1.5,-0.3,0.1,0.7
479878.697813,1,0.9,-0.5,4.4,-0.9,-0.8,0.6,-0.3,-1.3,1.5,-0.3,0,0.6
479878.708683,1,0.8,-0.6,4.4,-0.9,-0.8,0.6,-0.2,-1.3,1.5,-0.3,0,0.6
479878.719814,1,0.8,-0.6,4.4,-0.8,-0.8,0.6,-0.2,-1.3,1.4,-0.3,0,0.6
479878.730877,1,0.7,-0.7,4.5,-0.8,-0.8,0.6,-0.3,-1.3,1.4,-0.3,0,0.6
479878.742059,1,0.6,-0.8,4.6,-0.8,-0.8,0.5,-0.3,-1.3,1.4,-0.3,0,0.6
479878.753069,1,0.5,-0.9,4.7,-0.8,-0.9,0.5,-0.3,-1.3,1.4,-0.3,0,0.5
479878.764169,1,0.5,-0.9,4.8,-0.8,-0.9,0.5,-0.3,-1.3,1.4,-0.3,0,0.5
479878.775351,1,0.4,-0.9,4.9,-0.8,-0.9,0.5,-0.3,-1.2,1.4,-0.3,0,0.5
479878.786510,1,0.4,-0.9,4.9,-0.8,-0.9,0.5,-0.4,-1.2,1.3,-0.3,0,0.5
479878.797788,1,0.3,-1,4.9,-0.8,-0.9,0.5,-0.4,-1.2,1.3,-0.3,0,0.5
479878.808627,1,0.3,-1,5,-0.7,-0.9,0.5,-0.5,-1.1,1.3,-0.4,0,0.6
479878.819852,1,0.2,-0.9,5.1,-0.7,-0.9,0.5,-0.5,-1,1.3,-0.4,0,0.6
479878.830902,0,0.2,-0.9,5.1,-0.7,-0.9,0.5,-0.5,-1,1.3,-0.4,0,0.6
479878.842076,1,0.2,-0.9,5.2,-0.8,-0.9,0.5,-0.6,-1,1.3,-0.4,0.1,0.6
479878.853087,1,0.2,-0.9,5.2,-0.7,-0.8,0.5,-0.6,-0.9,1.3,-0.8,0.4,0.4
479878.864173,1,0.2,-0.8,5.2,-0.7,-0.8,0.5,-0.6,-0.8,1.3,-1.1,0.6,0.4
479878.875352,1,0.2,-0.7,5.2,-0.7,-0.8,0.5,-0.7,-0.8,1.3,-1.1,0.7,0.4
479878.886523,1,0.2,-0.7,5.3,-0.7,-0.8,0.5,-0.7,-0.7,1.3,-1.2,0.8,0.5
479878.897774,1,0.2,-0.6,5.3,-0.8,-0.8,0.5,-0.7,-0.7,1.3,-1.2,0.8,0.5
479878.908602,1,0.3,-0.5,5.3,-0.8,-0.8,0.5,-0.7,-0.7,1.3,-1.3,0.9,0.6
479878.919785,1,0.3,-0.4,5.2,-0.9,-0.8,0.5,-0.8,-0.6,1.3,-1.3,0.9,0.6
479878.930869,1,0.3,-0.4,5.2,-0.9,-0.8,0.5,-0.8,-0.6,1.3,-1.3,1,0.6
479878.942088,1,0.4,-0.3,5.2,-0.9,-0.8,0.5,-0.8,-0.6,1.3,-1.3,1,0.7
479878.953096,1,0.4,-0.2,5.2,-0.9,-0.8,0.5,-0.8,-0.6,1.4,-1.3,1.1,0.7
479878.964193,1,0.5,-0.1,5.2,-0.9,-0.8,0.5,-0.8,-0.6,1.4,-1.3,1.1,0.8
479878.975373,1,0.6,0,5.1,-1,-0.8,0.5,-0.8,-0.6,1.4,-1.3,1.1,0.8
479878.986534,1,0.6,0.1,5.1,-1,-0.8,0.5,-0.8,-0.6,1.4,-1.3,1.2,0.9
479878.998056,0,0.6,0.1,5.1,-1,-0.8,0.5,-0.8,-0.6,1.4,-1.3,1.2,0.9
479879.008660,1,0.7,0.2,5.1,-1,-0.8,0.5,-0.8,-0.6,1.4,-1.2,1.2,0.9
479879.019792,1,0.8,0.3,5,-1,-0.8,0.5,-0.8,-0.6,1.4,-1.2,1.2,1
479879.030872,1,0.9,0.4,4.9,-1,-0.8,0.5,-0.8,-0.6,1.4,-1.1,1.3,1
479879.042035,1,0.9,0.4,4.9,-1,-0.8,0.5,-0.7,-0.6,1.4,-1.1,1.3,1
479879.053114,1,1,0.5,4.8,-1,-0.8,0.5,-0.7,-0.7,1.4,-1,1.3,1
479879.064190,1,1,0.5,4.8,-1,-0.8,0.5,-0.7,-0.7,1.5,-1,1.3,1.1
479879.075369,1,1,0.6,4.8,-1,-0.8,0.5,-0.7,-0.7,1.5,-1,1.3,1.1
479879.086539,1,1.1,0.6,4.7,-1,-0.8,0.4,-0.6,-0.7,1.5,-0.9,1.2,1.1
479879.097759,1,1.1,0.6,4.6,-1,-0.8,0.4,-0.6,-0.8,1.5,-0.8,1.2,1.1
479879.108651,1,1.2,0.6,4.6,-1,-0.8,0.4,-0.6,-0.8,1.5,-0.8,1.2,1.1
479879.119817,1,1.2,0.6,4.5,-1,-0.8,0.4,-0.5,-0.9,1.5,-0.7,1.2,1
479879.130892,1,1.2,0.6,4.5,-1,-0.8,0.4,-0.5,-0.9,1.5,-0.7,1.1,1
479879.142027,1,1.2,0.6,4.5,-1,-0.8,0.4,-0.5,-0.9,1.5,-0.6,1,1
479879.153099,1,1.2,0.5,4.4,-0.9,-0.8,0.4,-0.4,-1,1.5,-0.6,1,1
479879.164196,1,1.2,0.4,4.4,-0.9,-0.8,0.4,-0.4,-1,1.5,-0.6,1,1
479879.175343,1,1.2,0.3,4.3,-0.8,-0.8,0.5,-0.4,-1.1,1.5,-0.5,0.9,0.9
479879.186542,1,1.2,0.2,4.3,-0.6,-0.8,0.5,-0.3,-1.1,1.5,-0.5,0.8,0.9
479879.197768,1,1.2,0.2,4.3,-0.4,-0.8,0.6,-0.3,-1.1,1.5,-0.4,0.5,0.8
479879.208652,1,1.1,0.1,4.3,-0.4,-0.8,0.6,-0.3,-1.2,1.5,-0.3,0.1,0.5
479879.219815,1,1.1,0,4.3,-0.1,-0.8,0.6,-0.3,-1.2,1.5,-0.3,0.1,0.5
479879.230894,1,1,-0.1,4.3,0.3,-0.9,0.7,-0.3,-1.2,1.5,-0.3,0.1,0.5
479879.242063,1,1,-0.3,4.3,0.7,-0.9,0.9,-0.3,-1.2,1.5,-0.2,0.1,0.5
479879.253131,1,0.9,-0.4,4.4,0.9,-0.9,0.9,-0.2,-1.3,1.5,-0.3,0.1,0.7
479879.264215,1,0.8,-0.5,4.4,1,-0.9,0.9,-0.2,-1.3,1.4,-0.3,0,0.7
479879.275326,1,0.8,-0.5,4.4,1.1,-1,0.9,-0.2,-1.3,1.4,-0.3,0,0.6
479879.286571,1,0.7,-0.6,4.4,1.1,-1,0.9,-0.2,-1.3,1.4,-0.3,0,0.6
479879.297933,1,0.7,-0.7,4.5,1.1,-1,0.9,-0.2,-1.3,1.4,-0.3,0,0.6
479879.308612,1,0.6,-0.8,4.6,1.1,-1,0.9,-0.2,-1.3,1.4,-0.3,0,0.6
479879.319843,1,0.5,-0.8,4.6,1.1,-1,0.9,-0.2,-1.3,1.4,-0.3,0,0.6
479879.330941,1,0.5,-0.8,4.7,1.1,-1,0.9,-0.2,-1.3,1.3,-0.3,0,0.6
479879.342090,1,0.5,-0.8,4.7,1,-1,0.9,-0.3,-1.2,1.3,-0.3,0,0.6
479879.353102,1,0.4,-0.9,4.7,1,-1,0.9,-0.3,-1.2,1.3,-0.3,0,0.6
479879.364218,1,0.4,-0.9,4.8,0.9,-1,0.8,-0.3,-1.2,1.3,-0.3,0,0.6
479879.375363,1,0.4,-0.9,4.9,0.8,-1,0.8,-0.3,-1.1,1.3,-0.4,0,0.6
479879.386540,1,0.3,-0.9,4.9,0.8,-1,0.8,-0.4,-1.1,1.3,-0.4,0,0.6
479879.397805,0,0.3,-0.9,4.9,0.8,-1,0.8,-0.4,-1.1,1.3,-0.4,0,0.6
479879.408684,0,0.3,-0.9,4.9,0.8,-1,0.8,-0.4,-1.1,1.3,-0.4,0,0.6
479879.419947,1,0.4,-0.9,5,0.9,-1,0.8,-0.4,-1,1.3,-0.4,0,0.7
479879.430862,1,0.4,-0.8,5,0.8,-0.9,0.8,-0.5,-0.9,1.3,-0.3,0.1,0.5
479879.442012,1,0.4,-0.7,5,0.7,-0.9,0.8,-0.5,-0.9,1.3,-0.3,0.1,0.5
479879.453095,1,0.4,-0.7,5,0.6,-0.9,0.8,-0.5,-0.9,1.3,-0.6,0.3,0.5
479879.464158,1,0.4,-0.6,5,0.6,-0.9,0.8,-0.6,-0.8,1.3,-1,0.5,0.6
479879.475371,1,0.4,-0.6,5,0.5,-0.9,0.8,-0.6,-0.8,1.3,-1,0.6,0.6
479879.486518,1,0.5,-0.6,5,0.5,-0.9,0.8,-0.6,-0.7,1.3,-1.1,0.7,0.6
479879.497841,1,0.5,-0.5,5,0.4,-0.9,0.7,-0.7,-0.7,1.3,-1.1,0.7,0.7
479879.508646,1,0.5,-0.4,5,0.3,-0.9,0.7,-0.7,-0.7,1.3,-1.1,0.7,0.7
479879.519777,1,0.5,-0.4,5,0.3,-0.9,0.7,-0.7,-0.7,1.3,-1.1,0.8,0.7
479879.530910,1,0.5,-0.3,5,0.2,-0.9,0.7,-0.7,-0.7,1.4,-1.1,0.8,0.7
479879.542108,1,0.5,-0.3,5,0.1,-0.8,0.6,-0.7,-0.7,1.4,-1.2,0.9,0.8
479879.553122,1,0.6,-0.2,5,0.1,-0.8,0.6,-0.7,-0.7,1.4,-1.2,0.9,0.8
479879.564216,1,0.6,-0.2,5,0.1,-0.8,0.6,-0.7,-0.7,1.4,-1.2,1,0.8
479879.575334,1,0.6,-0.1,5,0.2,-0.8,0.6,-0.7,-0.7,1.4,-1.2,1.1,0.9
479879.586527,1,0.6,0,4.9,0.2,-0.8,0.6,-0.7,-0.7,1.4,-1.2,1.1,0.9
479879.597836,1,0.7,0.1,4.9,0.1,-0.8,0.6,-0.7,-0.7,1.4,-1.2,1.1,0.9
479879.608684,1,0.7,0.1,4.9,0.1,-0.8,0.6,-0.7,-0.7,1.4,-1.2,1.2,0.9
479879.619806,1,0.7,0.2,4.9,0.1,-0.8,0.6,-0.7,-0.7,1.4,-1.2,1.2,1
479879.630849,1,0.8,0.3,4.9,0.2,-0.8,0.6,-0.7,-0.7,1.4,-1.2,1.2,1
479879.642014,1,0.8,0.3,4.8,0.1,-0.8,0.6,-0.7,-0.7,1.5,-1.2,1.3,1
479879.653082,1,0.9,0.4,4.8,0.1,-0.8,0.6,-0.7,-0.7,1.5,-1.1,1.3,1.1
479879.664209,1,1,0.5,4.8,0.2,-0.8,0.6,-0.7,-0.7,1.5,-1.1,1.3,1.1
479879.675411,1,1,0.5,4.8,0.3,-0.8,0.6,-0.7,-0.7,1.5,-1.1,1.3,1.1
479879.686586,1,1,0.6,4.7,0.3,-0.8,0.6,-0.7,-0.7,1.5,-1.1,1.4,1.1
479879.697814,1,1,0.6,4.7,0.4,-0.8,0.7,-0.7,-0.8,1.5,-1,1.4,1.1
479879.708688,1,1.1,0.7,4.6,0.4,-0.8,0.7,-0.7,-0.8,1.5,-1,1.4,1.1
479879.719818,1,1.1,0.7,4.6,0.4,-0.8,0.7,-0.6,-0.8,1.5,-0.9,1.4,1.1
479879.730843,1,1.1,0.7,4.5,0.6,-0.8,0.7,-0.6,-0.9,1.5,-0.9,1.4,1.1
479879.742086,1,1.1,0.7,4.5,0.7,-0.8,0.7,-0.5,-0.9,1.5,-0.9,1.4,1.1
479879.753095,1,1.2,0.7,4.5,0.7,-0.8,0.7,-0.5,-1,1.6,-0.8,1.3,1.1
479879.764169,1,1.2,0.6,4.4,0.7,-0.8,0.7,-0.5,-1,1.6,-0.8,1.3,1.1
479879.775324,1,1.1,0.6,4.3,0.8,-0.9,0.8,-0.5,-1,1.6,-0.7,1.2,1
479879.786487,1,1.1,0.5,4.3,0.9,-0.9,0.8,-0.4,-1,1.6,-0.7,1.2,1
479879.798126,1,1.1,0.4,4.3,1,-0.9,0.8,-0.4,-1.1,1.6,-0.6,1.1,1
479879.808646,1,1.1,0.4,4.2,1.1,-0.9,0.8,-0.4,-1.1,1.6,-0.6,1,0.9
479879.819781,1,1.1,0.4,4.2,1.1,-0.9,0.8,-0.3,-1.1,1.6,-0.6,1,0.9
479879.830889,1,1.1,0.2,4.2,1.1,-0.9,0.9,-0.3,-1.1,1.6,-0.6,0.9,0.9
479879.842061,1,1,0.1,4.2,1.1,-0.9,0.9,-0.3,-1.1,1.6,-0.6,0.8,0.9
479879.853103,1,1,0,4.2,1.1,-0.9,0.9,-0.3,-1.1,1.6,-0.4,0.5,0.7
479879.864174,1,0.9,-0.2,4.2,1.1,-0.9,0.9,-0.3,-1.1,1.6,-0.3,0.1,0.6
479879.875338,1,0.9,-0.3,4.2,1.2,-0.9,0.9,-0.3,-1.1,1.6,-0.3,0.1,0.5
479879.886500,1,0.9,-0.3,4.2,1.2,-0.9,0.9,-0.3,-1.1,1.6,-0.3,0.1,0.7
479879.897779,1,0.8,-0.5,4.2,1.2,-0.9,0.9,-0.2,-1.1,1.5,-0.3,0.1,0.7
479879.908616,1,0.7,-0.6,4.2,1.3,-0.9,0.9,-0.2,-1.1,1.5,-0.3,0,0.7
479879.919801,1,0.7,-0.7,4.3,1.3,-0.9,1,-0.2,-1.1,1.5,-0.3,0,0.6
479879.930890,1,0.6,-0.9,4.3,1.3,-0.9,1,-0.2,-1.1,1.5,-0.3,0,0.6
479879.942021,1,0.5,-1,4.4,1.4,-0.9,1,-0.2,-1.1,1.5,-0.3,0,0.6
479879.953102,0,0.5,-1,4.4,1.4,-0.9,1,-0.2,-1.1,1.5,-0.3,0,0.6
479879.964178,1,0.4,-1,4.4,1.4,-0.9,1,-0.2,-1.2,1.5,-0.3,0,0.6
479879.975348,1,0.4,-1.1,4.5,1.4,-0.9,1,-0.2,-1.2,1.4,-0.3,0,0.6
479879.986474,1,0.3,-1.2,4.5,1.5,-1,1.1,-0.2,-1.2,1.4,-0.3,0,0.6
479879.997858,1,0.2,-1.2,4.6,1.5,-1,1.1,-0.2,-1.2,1.4,-0.4,0,0.6
479880.008685,1,0.2,-1.2,4.6,1.5,-1,1.1,-0.3,-1.1,1.4,-0.4,0,0.6
479880.019830,0,0.2,-1.2,4.6,1.5,-1,1.1,-0.3,-1.1,1.4,-0.4,0,0.6
479880.030956,1,0.1,-1.2,4.7,1.5,-1,1.1,-0.3,-1.1,1.4,-0.4,0,0.6
479880.042039,1,0.1,-1.2,4.8,1.5,-1,1.1,-0.4,-1,1.4,-0.4,0,0.6
479880.053121,1,0,-1.2,4.8,1.5,-1,1,-0.4,-1,1.4,-0.4,0,0.6
479880.064193,1,0,-1.2,4.9,1.5,-1,1,-0.4,-1,1.4,-0.4,0,0.6
479880.075350,1,0,-1.2,4.9,1.5,-1,1,-0.5,-0.9,1.4,-0.4,0,0.6
479880.086524,1,-0.1,-1.2,5,1.5,-1,1,-0.5,-0.9,1.4,-0.4,0,0.6
479880.098009,1,-0.1,-1.2,5,1.5,-1,1,-0.6,-0.8,1.4,-0.4,0,0.6
479880.108656,1,-0.1,-1.1,5,1.5,-1,1,-0.6,-0.8,1.4,-0.4,0.1,0.6
479880.119788,1,-0.1,-1.1,5,1.5,-1,1,-0.6,-0.7,1.4,-0.4,0.1,0.6
479880.130887,1,-0.1,-1,5.1,1.5,-1,1,-0.6,-0.7,1.4,-0.7,0.2,0.5
479880.142037,1,-0.1,-1,5.1,1.5,-1,1,-0.6,-0.7,1.4,-1.1,0.5,0.3
479880.153117,1,-0.1,-0.9,5.1,1.5,-1,1,-0.7,-0.6,1.4,-1.2,0.6,0.4
479880.164249,1,-0.1,-0.9,5.1,1.5,-1,1,-0.7,-0.6,1.4,-1.2,0.7,0.4
479880.175320,1,-0.1,-0.8,5.1,1.5,-1,1,-0.7,-0.5,1.4,-1.2,0.8,0.5
479880.186479,1,-0.1,-0.7,5.1,1.5,-1,1,-0.7,-0.5,1.4,-1.3,0.8,0.5
479880.197778,1,-0.1,-0.6,5.1,1.4,-1,1,-0.7,-0.5,1.4,-1.3,0.8,0.5
479880.208674,1,0,-0.5,5.1,1.4,-1,1,-0.7,-0.4,1.4,-1.3,0.9,0.5
479880.219760,1,0,-0.4,5,1.4,-1,1,-0.7,-0.4,1.4,-1.3,0.9,0.6
479880.230962,1,0,-0.4,5,1.3,-0.9,1,-0.8,-0.4,1.4,-1.2,1,0.7
479880.241985,1,0.1,-0.3,5,1.3,-0.9,0.9,-0.8,-0.4,1.4,-1.2,1.1,0.7
479880.253084,1,0.2,-0.2,4.9,1.3,-0.9,0.9,-0.8,-0.4,1.5,-1.2,1.1,0.8
479880.264307,1,0.2,0,4.9,1.2,-0.9,0.9,-0.7,-0.4,1.5,-1.2,1.1,0.8
479880.275320,1,0.3,0.1,4.9,1.1,-0.9,0.9,-0.7,-0.4,1.5,-1.2,1.1,0.8
479880.286498,1,0.4,0.1,4.8,1,-0.9,0.8,-0.7,-0.4,1.5,-1.1,1.2,0.9
479880.298009,1,0.5,0.2,4.7,0.8,-0.9,0.8,-0.7,-0.4,1.5,-1.1,1.2,0.9
479880.308688,1,0.5,0.2,4.7,0.6,-0.9,0.7,-0.7,-0.5,1.5,-1,1.2,0.9
479880.319842,1,0.5,0.3,4.7,0.6,-0.9,0.7,-0.6,-0.5,1.5,-0.9,1.2,1
479880.331071,1,0.6,0.3,4.6,0.4,-0.9,0.6,-0.6,-0.5,1.5,-0.9,1.2,1
479880.342072,1,0.7,0.4,4.5,0.2,-0.8,0.6,-0.5,-0.6,1.6,-0.8,1.1,1
479880.353088,1,0.7,0.4,4.4,0.2,-0.8,0.6,-0.5,-0.6,1.6,-0.8,1.1,1
479880.364385,1,0.8,0.4,4.4,0.2,-0.8,0.6,-0.4,-0.6,1.6,-0.7,1.1,1
479880.375342,1,0.8,0.4,4.4,0.3,-0.8,0.6,-0.4,-0.6,1.6,-0.6,1.1,1
479880.386514,1,0.8,0.4,4.3,0.3,-0.8,0.6,-0.4,-0.7,1.6,-0.6,1,1
479880.397981,1,0.9,0.4,4.2,0.4,-0.9,0.6,-0.4,-0.7,1.6,-0.5,1,1
479880.408717,1,0.9,0.4,4.2,0.5,-0.9,0.7,-0.3,-0.8,1.6,-0.5,1,1
479880.419829,1,0.9,0.4,4.1,0.6,-0.9,0.7,-0.3,-0.8,1.6,-0.4,0.9,0.9
479880.431081,1,0.9,0.3,4.1,1,-0.9,0.8,-0.3,-0.9,1.6,-0.4,0.9,0.9
479880.442074,1,0.9,0.3,4,1,-0.9,0.8,-0.3,-0.9,1.6,-0.3,0.7,0.9
479880.453124,1,0.9,0.2,4,1.1,-0.9,0.9,-0.3,-0.9,1.6,-0.3,0.4,0.7
479880.464239,1,0.9,0.1,4,1.2,-0.9,0.9,-0.3,-0.9,1.6,-0.2,0.2,0.6
479880.475388,1,0.9,0.1,4,1.3,-0.9,0.9,-0.3,-0.9,1.5,-0.2,0.1,0.5
479880.486541,1,0.8,0,4,1.3,-0.9,0.9,-0.3,-0.9,1.5,-0.2,0.1,0.5
479880.497954,0,0.8,0,4,1.3,-0.9,0.9,-0.3,-0.9,1.5,-0.2,0.1,0.5
479880.508687,1,0.8,-0.1,3.9,1.3,-0.9,0.9,-0.3,-0.9,1.5,-0.3,0.1,0.7
479880.519808,1,0.8,-0.2,4,1.3,-0.9,0.9,-0.3,-0.9,1.5,-0.3,0.1,0.7
479880.530924,1,0.7,-0.3,4,1.3,-0.9,0.9,-0.3,-0.9,1.5,-0.3,0.1,0.6
479880.542101,1,0.7,-0.4,4,1.3,-0.8,0.9,-0.3,-0.9,1.5,-0.3,0.1,0.6
479880.553135,1,0.6,-0.5,4,1.3,-0.8,0.9,-0.3,-1,1.4,-0.3,0.1,0.6
479880.564263,1,0.5,-0.5,4.1,1.3,-0.8,0.9,-0.3,-1,1.4,-0.3,0.1,0.6
479880.575378,1,0.5,-0.5,4.1,1.3,-0.8,0.9,-0.3,-1,1.4,-0.3,0,0.6
479880.586500,1,0.5,-0.6,4.1,1.3,-0.8,0.9,-0.3,-1,1.4,-0.3,0,0.6
479880.597905,1,0.4,-0.7,4.2,1.3,-0.8,0.9,-0.3,-1,1.4,-0.3,0,0.6
479880.608679,1,0.4,-0.8,4.2,1.3,-0.8,0.9,-0.4,-1,1.4,-0.3,0,0.6
479880.619789,1,0.3,-0.9,4.3,1.3,-0.8,0.9,-0.4,-1,1.4,-0.3,0,0.6
479880.630893,1,0.2,-0.9,4.4,1.3,-0.8,0.9,-0.4,-1,1.4,-0.3,0,0.6
479880.642101,0,0.2,-0.9,4.4,1.3,-0.8,0.9,-0.4,-1,1.4,-0.3,0,0.6
479880.653151,1,0.2,-1,4.4,1.4,-0.8,0.9,-0.5,-1,1.4,-0.3,0,0.6
479880.664232,1,0.1,-1.1,4.5,1.4,-0.9,0.9,-0.5,-1,1.4,-0.3,0,0.6
479880.675388,1,0.1,-1.1,4.6,1.4,-0.9,0.9,-0.5,-1,1.4,-0.3,0,0.6
479880.686489,1,0,-1.1,4.6,1.4,-0.9,0.9,-0.5,-1,1.4,-0.3,0,0.6
479880.697940,1,0,-1.1,4.7,1.4,-0.9,0.9,-0.6,-0.9,1.4,-0.4,0,0.6
479880.708673,0,0,-1.1,4.7,1.4,-0.9,0.9,-0.6,-0.9,1.4,-0.4,0,0.6
479880.719792,1,-0.1,-1.2,4.7,1.4,-0.9,0.9,-0.6,-0.9,1.4,-0.4,0,0.6
479880.730882,1,-0.1,-1.2,4.8,1.4,-0.9,0.9,-0.6,-0.9,1.4,-0.4,0,0.6
479880.742053,1,-0.1,-1.1,4.8,1.4,-0.9,0.9,-0.6,-0.8,1.4,-0.4,0,0.6
479880.753121,0,-0.1,-1.1,4.8,1.4,-0.9,0.9,-0.6,-0.8,1.4,-0.4,0,0.6
479880.764192,0,-0.1,-1.1,4.8,1.4,-0.9,0.9,-0.6,-0.8,1.4,-0.4,0,0.6
479880.775382,1,-0.1,-1.1,4.8,1.4,-0.9,0.9,-0.6,-0.7,1.4,-0.4,0,0.6
479880.786488,1,-0.1,-1,4.8,1.4,-0.9,0.9,-0.6,-0.7,1.4,-0.4,0.1,0.5
479880.797798,1,-0.1,-1,4.8,1.4,-0.9,0.9,-0.6,-0.7,1.4,-0.5,0.1,0.5
479880.808685,1,-0.1,-0.9,4.8,1.4,-0.9,0.9,-0.7,-0.6,1.4,-0.6,0.2,0.5
479880.819778,1,0,-0.9,4.8,1.4,-0.9,0.9,-0.7,-0.6,1.4,-0.8,0.3,0.5
479880.830869,1,0,-0.8,4.8,1.4,-0.9,0.9,-0.7,-0.6,1.4,-0.9,0.4,0.5
479880.842069,1,0,-0.8,4.8,1.3,-0.9,0.9,-0.6,-0.6,1.4,-1,0.5,0.5
479880.853092,1,0.1,-0.7,4.7,1.3,-0.9,0.9,-0.6,-0.6,1.4,-1,0.5,0.5
479880.864177,1,0.1,-0.6,4.7,1.3,-0.9,0.9,-0.6,-0.6,1.5,-1,0.6,0.6
479880.875357,1,0.2,-0.5,4.6,1.3,-0.8,0.9,-0.6,-0.5,1.5,-1,0.6,0.6
479880.886457,1,0.3,-0.4,4.6,1.3,-0.8,0.9,-0.6,-0.5,1.5,-1,0.7,0.7
479880.897821,1,0.3,-0.4,4.6,1.3,-0.8,0.9,-0.6,-0.5,1.5,-0.9,0.7,0.7
479880.908685,1,0.4,-0.3,4.5,1.3,-0.8,0.9,-0.6,-0.5,1.5,-0.9,0.7,0.8
479880.919801,1,0.4,-0.3,4.5,1.3,-0.8,0.9,-0.6,-0.5,1.5,-0.9,0.8,0.8
479880.930871,1,0.4,-0.2,4.5,1.3,-0.8,0.9,-0.6,-0.5,1.5,-0.9,0.8,0.8
479880.942071,1,0.5,-0.2,4.4,1.2,-0.8,0.9,-0.6,-0.5,1.5,-0.9,0.8,0.8
479880.953089,1,0.5,-0.1,4.4,1.2,-0.8,0.9,-0.6,-0.5,1.5,-0.8,0.8,0.8
479880.964209,1,0.6,-0.1,4.4,1.2,-0.8,0.8,-0.6,-0.6,1.5,-0.8,0.9,0.9
479880.975366,1,0.6,0,4.3,1.2,-0.8,0.8,-0.6,-0.6,1.5,-0.8,0.9,0.9
479880.986466,0,0.6,0,4.3,1.2,-0.8,0.8,-0.6,-0.6,1.5,-0.8,0.9,0.9
479880.997768,0,0.6,0,4.3,1.2,-0.8,0.8,-0.6,-0.6,1.5,-0.8,0.9,0.9
479881.008684,1,0.6,0,4.3,1.2,-0.8,0.8,-0.6,-0.7,1.5,-0.8,0.9,0.9
479881.019812,1,0.6,0.1,4.3,1.2,-0.8,0.8,-0.6,-0.7,1.5,-0.8,0.9,0.9
479881.030942,1,0.7,0.1,4.3,1.2,-0.8,0.8,-0.6,-0.7,1.5,-0.8,0.9,0.9
479881.042075,1,0.7,0.1,4.2,1.2,-0.8,0.8,-0.6,-0.8,1.5,-0.8,0.9,0.9
479881.053103,0,0.7,0.1,4.2,1.2,-0.8,0.8,-0.6,-0.8,1.5,-0.8,0.9,0.9
479881.064241,1,0.6,0.1,4.2,1.2,-0.8,0.8,-0.6,-0.8,1.5,-0.8,0.9,0.9
479881.075437,0,0.6,0.1,4.2,1.2,-0.8,0.8,-0.6,-0.8,1.5,-0.8,0.9,0.9
479881.086507,1,0.6,0.1,4.2,1.2,-0.8,0.8,-0.6,-0.9,1.5,-0.8,0.9,0.9
479881.097827,1,0.6,0.1,4.2,1.2,-0.8,0.8,-0.6,-0.9,1.5,-0.8,0.9,0.8
479881.108687,0,0.6,0.1,4.2,1.2,-0.8,0.8,-0.6,-0.9,1.5,-0.8,0.9,0.8
479881.119815,1,0.6,0,4.2,1.2,-0.8,0.8,-0.6,-0.9,1.5,-0.8,0.9,0.8
479881.130880,0,0.6,0,4.2,1.2,-0.8,0.8,-0.6,-0.9,1.5,-0.8,0.9,0.8
479881.142104,0,0.6,0,4.2,1.2,-0.8,0.8,-0.6,-0.9,1.5,-0.8,0.9,0.8
479881.153106,1,0.5,0,4.2,1.2,-0.8,0.8,-0.6,-0.9,1.5,-0.9,0.8,0.7
479881.164271,1,0.5,0,4.2,1.2,-0.8,0.8,-0.6,-1,1.5,-0.9,0.8,0.7
479881.175467,1,0.5,-0.1,4.2,1.2,-0.8,0.8,-0.6,-1,1.5,-0.9,0.8,0.7
479881.186497,1,0.4,-0.2,4.3,1.2,-0.8,0.8,-0.6,-1,1.4,-0.9,0.8,0.7
479881.197865,1,0.4,-0.2,4.3,1.2,-0.8,0.8,-0.5,-1,1.4,-0.9,0.7,0.6
479881.208700,1,0.4,-0.2,4.3,1.2,-0.8,0.8,-0.5,-1.1,1.4,-0.9,0.7,0.6
479881.219824,1,0.3,-0.3,4.3,1.2,-0.8,0.8,-0.5,-1.1,1.4,-0.9,0.6,0.5
479881.230938,1,0.2,-0.4,4.4,1.3,-0.8,0.9,-0.5,-1.1,1.4,-0.9,0.5,0.5
479881.242138,1,0.2,-0.4,4.4,-0.3,-0.7,0.8,-0.5,-1.1,1.4,-0.9,0.5,0.5
479881.253106,1,0.1,-0.5,4.5,-0.3,-0.7,0.8,-0.4,-1.1,1.3,-0.9,0.5,0.4
479881.264258,1,0.1,-0.5,4.5,-0.4,-0.7,0.8,-0.4,-1.1,1.3,-1,0.5,0.4
479881.275407,1,0.1,-0.6,4.5,-0.5,-0.7,0.8,-0.4,-1.1,1.3,-1,0.5,0.4
479881.286453,1,0,-0.6,4.6,-0.5,-0.7,0.8,-0.4,-1,1.3,-1.1,0.5,0.4
479881.297694,1,0,-0.7,4.6,-0.5,-0.7,0.8,-0.4,-1,1.3,-1.1,0.5,0.4
479881.308663,1,-0.1,-0.7,4.6,-0.6,-0.7,0.9,-0.4,-1,1.3,-1.2,0.5,0.4
479881.319758,1,-0.1,-0.7,4.7,-0.6,-0.7,0.9,-0.4,-0.9,1.3,-1.2,0.5,0.4
479881.330926,1,-0.1,-0.7,4.7,-0.6,-0.7,0.9,-0.4,-0.9,1.3,-1.2,0.6,0.4
479881.342085,1,-0.1,-0.6,4.7,-0.6,-0.7,0.9,-0.5,-0.9,1.3,-1.2,0.6,0.4
479881.353124,1,-0.1,-0.6,4.7,-0.6,-0.7,0.9,-0.5,-0.8,1.3,-1.2,0.7,0.4
479881.364237,1,-0.1,-0.5,4.7,-0.7,-0.7,0.9,-0.5,-0.8,1.4,-1.2,0.7,0.5
479881.375374,1,0,-0.5,4.6,-0.7,-0.7,0.9,-0.5,-0.7,1.4,-1.2,0.8,0.5
479881.386497,1,0,-0.4,4.6,-0.7,-0.7,0.9,-0.5,-0.7,1.4,-1.2,0.8,0.5
479881.397822,1,0,-0.3,4.6,-0.7,-0.7,0.9,-0.5,-0.7,1.4,-1.2,0.9,0.6
479881.408669,0,0,-0.3,4.6,-0.7,-0.7,0.9,-0.5,-0.7,1.4,-1.2,0.9,0.6
479881.419798,1,0.1,-0.2,4.6,-0.7,-0.7,0.9,-0.5,-0.6,1.4,-1.2,0.9,0.6
479881.430913,1,0.1,-0.1,4.5,-0.7,-0.7,0.9,-0.5,-0.6,1.5,-1.2,1,0.7
479881.442103,1,0.2,-0.1,4.5,-0.8,-0.7,0.9,-0.5,-0.6,1.5,-1.2,1,0.7
479881.453099,1,0.2,0,4.5,-0.8,-0.7,0.8,-0.5,-0.6,1.5,-1.2,1,0.8
479881.464225,1,0.2,0,4.4,-0.8,-0.7,0.8,-0.5,-0.6,1.5,-1.1,1.1,0.8
479881.475540,1,0.3,0.1,4.4,-0.8,-0.7,0.8,-0.5,-0.7,1.5,-1.1,1.1,0.8
479881.486496,1,0.3,0.1,4.4,-0.8,-0.7,0.8,-0.5,-0.7,1.5,-1.1,1.1,0.9
479881.497782,1,0.4,0.1,4.3,-0.7,-0.7,0.8,-0.5,-0.7,1.5,-1.1,1.1,0.9
479881.508652,1,0.4,0.1,4.3,-0.7,-0.7,0.8,-0.4,-0.8,1.5,-1,1.1,0.9
479881.519795,1,0.4,0.1,4.3,-0.7,-0.7,0.8,-0.4,-0.8,1.5,-1,1,0.9
479881.530931,0,0.4,0.1,4.3,-0.7,-0.7,0.8,-0.4,-0.8,1.5,-1,1,0.9
479881.542059,0,0.4,0.1,4.3,-0.7,-0.7,0.8,-0.4,-0.8,1.5,-1,1,0.9
479881.553091,1,0.4,0.1,4.2,-0.7,-0.7,0.8,-0.4,-0.9,1.5,-1,1,0.9
479881.564258,1,0.4,0.1,4.2,-0.6,-0.7,0.8,-0.4,-0.9,1.5,-1,1,0.9
479881.575449,1,0.4,0.1,4.2,-0.6,-0.7,0.8,-0.4,-0.9,1.5,-1,0.9,0.9
479881.586517,1,0.4,0.1,4.2,-0.6,-0.7,0.8,-0.4,-1,1.5,-1,0.9,0.8
479881.597886,1,0.4,0.1,4.2,-0.5,-0.7,0.8,-0.4,-1,1.5,-1,0.9,0.8
479881.608725,1,0.4,0.1,4.2,-0.4,-0.7,0.8,-0.4,-1,1.5,-1,0.9,0.8
479881.619823,1,0.4,0,4.2,-0.4,-0.7,0.8,-0.4,-1,1.5,-1,0.8,0.8
479881.630936,0,0.4,0,4.2,-0.4,-0.7,0.8,-0.4,-1,1.5,-1,0.8,0.8
479881.642120,1,0.4,0,4.2,-0.3,-0.7,0.8,-0.4,-1,1.5,-1,0.8,0.8
479881.653121,0,0.4,0,4.2,-0.3,-0.7,0.8,-0.4,-1,1.5,-1,0.8,0.8
479881.664287,1,0.4,-0.1,4.2,-0.3,-0.7,0.8,-0.4,-1,1.5,-1,0.8,0.8
479881.675425,1,0.4,-0.1,4.2,-0.2,-0.7,0.8,-0.4,-1.1,1.5,-1,0.7,0.7
479881.686529,1,0.4,-0.1,4.2,-0.1,-0.7,0.8,-0.4,-1.1,1.5,-1,0.7,0.7
479881.697882,1,0.4,-0.1,4.2,0,-0.7,0.8,-0.4,-1.1,1.5,-1,0.7,0.7
479881.708722,1,0.4,-0.1,4.2,0.1,-0.7,0.8,-0.3,-1.1,1.5,-1,0.7,0.7
479881.719824,1,0.4,-0.1,4.2,0.1,-0.7,0.8,-0.3,-1.1,1.4,-1,0.7,0.7
479881.730912,1,0.4,-0.2,4.2,0.2,-0.7,0.8,-0.3,-1.1,1.4,-1,0.7,0.7
479881.742096,1,0.4,-0.2,4.2,0.3,-0.7,0.8,-0.3,-1,1.4,-1,0.7,0.7
479881.753087,1,0.4,-0.2,4.2,0.4,-0.7,0.8,-0.3,-1,1.4,-1,0.7,0.8
479881.764255,1,0.4,-0.2,4.2,0.5,-0.7,0.8,-0.3,-1,1.4,-1.1,0.7,0.8
479881.775406,1,0.4,-0.2,4.2,0.7,-0.7,0.8,-0.3,-1,1.4,-1.1,0.7,0.8
479881.786468,0,0.4,-0.2,4.2,0.7,-0.7,0.8,-0.3,-1,1.4,-1.1,0.7,0.8
479881.797863,1,0.5,-0.2,4.2,0.8,-0.7,0.8,-0.4,-1,1.4,-1.1,0.7,0.8
479881.808708,1,0.5,-0.1,4.2,0.9,-0.7,0.8,-0.4,-0.9,1.4,-1.1,0.8,0.8
479881.819816,1,0.5,-0.1,4.2,1,-0.7,0.8,-0.4,-0.9,1.4,-1.1,0.8,0.8
479881.830949,1,0.5,-0.1,4.2,1,-0.7,0.8,-0.4,-0.9,1.4,-1.1,0.8,0.9
479881.842122,1,0.5,-0.1,4.2,1.1,-0.7,0.8,-0.4,-0.9,1.4,-1.1,0.9,0.9
479881.853114,1,0.6,0,4.2,1.1,-0.7,0.8,-0.4,-0.9,1.4,-1.1,0.9,0.9
479881.864273,1,0.6,0,4.2,1.1,-0.7,0.8,-0.5,-0.9,1.5,-1.1,0.9,0.9
479881.875379,1,0.7,0.1,4.2,1.1,-0.7,0.7,-0.5,-0.9,1.5,-1.1,0.9,0.9
479881.886455,1,0.7,0.1,4.2,1.1,-0.7,0.7,-0.5,-0.9,1.5,-1.1,1,0.9
479881.897895,1,0.7,0.1,4.1,1.1,-0.7,0.7,-0.5,-0.9,1.5,-1.1,1,1
479881.908732,1,0.8,0.2,4.1,1.1,-0.7,0.7,-0.5,-0.9,1.5,-1.1,1,1
479881.919805,1,0.8,0.2,4,1.1,-0.7,0.7,-0.4,-0.9,1.5,-1,1,1
479881.930949,1,0.9,0.2,4,1.1,-0.7,0.7,-0.4,-0.9,1.5,-1,1,1
479881.942157,1,0.9,0.2,3.9,1.1,-0.7,0.7,-0.4,-0.9,1.5,-1,1,1
479881.953122,1,0.9,0.2,3.9,1,-0.6,0.7,-0.4,-0.9,1.5,-0.9,0.9,1
479881.964249,1,1,0.1,3.9,1,-0.6,0.7,-0.4,-0.9,1.5,-0.8,0.9,1
479881.975439,1,1,0.1,3.8,1,-0.6,0.7,-0.3,-1,1.5,-0.8,0.8,1
479881.986520,1,1,0,3.8,1,-0.6,0.7,-0.3,-1,1.5,-0.7,0.8,0.9
479881.997894,1,1,0,3.7,1,-0.6,0.7,-0.2,-1,1.5,-0.7,0.7,0.9
479882.008734,1,1,-0.1,3.7,1,-0.6,0.7,-0.2,-1,1.5,-0.6,0.6,0.9
479882.019812,1,1,-0.1,3.7,1,-0.6,0.7,-0.2,-1.1,1.5,-0.6,0.6,0.9
479882.030919,1,0.9,-0.2,3.7,1,-0.6,0.7,-0.2,-1.1,1.5,-0.4,0.2,0.7
479882.042126,1,0.9,-0.3,3.7,1.1,-0.6,0.7,-0.2,-1.1,1.5,-0.3,0.1,0.6
479882.053142,1,0.8,-0.4,3.7,1.1,-0.6,0.7,-0.2,-1.2,1.4,-0.3,0.1,0.6
479882.064230,1,0.7,-0.5,3.8,1.1,-0.6,0.7,-0.1,-1.2,1.4,-0.3,0.1,0.6
479882.075458,1,0.6,-0.6,3.8,1.1,-0.6,0.7,-0.1,-1.2,1.4,-0.3,0.1,0.6
479882.086457,1,0.5,-0.7,3.9,1.1,-0.7,0.7,-0.1,-1.2,1.4,-0.3,0.1,0.6
479882.097900,1,0.5,-0.7,3.9,1.1,-0.7,0.7,-0.2,-1.2,1.3,-0.3,0.1,0.6
479882.108733,1,0.4,-0.7,4,1.2,-0.7,0.7,-0.2,-1.2,1.3,-0.3,0,0.5
479882.119885,1,0.3,-0.8,4,1.2,-0.7,0.7,-0.2,-1.1,1.3,-0.3,0,0.5
479882.130942,1,0.2,-0.8,4.1,1.2,-0.7,0.7,-0.2,-1.1,1.3,-0.3,0,0.5
479882.142144,1,0.2,-0.9,4.2,1.3,-0.7,0.7,-0.3,-1,1.3,-0.3,0,0.5
479882.153140,1,0.1,-0.9,4.2,1.3,-0.7,0.7,-0.3,-0.9,1.3,-0.3,0,0.5
479882.164283,0,0.1,-0.9,4.2,1.3,-0.7,0.7,-0.3,-0.9,1.3,-0.3,0,0.5
479882.175441,1,0,-0.9,4.3,1.3,-0.7,0.7,-0.4,-0.8,1.3,-0.3,0.1,0.5
479882.186430,1,0,-0.9,4.4,1.3,-0.7,0.7,-0.4,-0.7,1.3,-0.9,0.3,0.4
479882.197783,1,0,-0.8,4.4,1.3,-0.7,0.7,-0.5,-0.6,1.3,-1.1,0.5,0.4
479882.208684,1,0,-0.8,4.4,1.3,-0.7,0.7,-0.5,-0.6,1.3,-1.2,0.6,0.4
479882.219807,1,0,-0.7,4.4,1.3,-0.7,0.7,-0.6,-0.5,1.4,-1.3,0.7,0.5
479882.230949,1,0,-0.7,4.4,1.3,-0.7,0.7,-0.6,-0.4,1.4,-1.3,0.7,0.5
479882.242100,1,0,-0.6,4.4,1.2,-0.7,0.7,-0.6,-0.4,1.4,-1.3,0.8,0.5
479882.253109,1,0,-0.5,4.4,1.2,-0.7,0.7,-0.6,-0.3,1.4,-1.3,0.9,0.6
479882.264234,1,0,-0.4,4.4,1.2,-0.7,0.7,-0.7,-0.3,1.5,-1.4,1,0.6
479882.275434,1,0.1,-0.3,4.4,1.2,-0.7,0.7,-0.7,-0.3,1.5,-1.4,1.1,0.7
479882.286499,1,0.2,-0.2,4.4,1.1,-0.7,0.7,-0.7,-0.2,1.5,-1.4,1.2,0.8
479882.297861,1,0.2,-0.1,4.3,1.1,-0.7,0.7,-0.7,-0.2,1.5,-1.4,1.2,0.8
479882.308744,1,0.2,-0.1,4.3,1.1,-0.7,0.7,-0.7,-0.2,1.6,-1.3,1.3,0.9
479882.319819,1,0.3,0,4.3,1.1,-0.6,0.7,-0.7,-0.2,1.6,-1.3,1.3,0.9
479882.330962,1,0.3,0.1,4.2,1,-0.6,0.6,-0.7,-0.2,1.6,-1.3,1.3,1
479882.342146,1,0.4,0.2,4.2,1,-0.6,0.6,-0.7,-0.3,1.6,-1.3,1.3,1
479882.353140,1,0.5,0.3,4.1,1,-0.6,0.6,-0.6,-0.3,1.6,-1.2,1.4,1.1
479882.364292,1,0.5,0.3,4.1,1,-0.6,0.6,-0.6,-0.4,1.6,-1.2,1.4,1.1
479882.375433,1,0.5,0.3,4.1,1,-0.6,0.6,-0.6,-0.4,1.6,-1.1,1.4,1.1
479882.386489,1,0.6,0.3,4,1,-0.6,0.6,-0.5,-0.5,1.6,-1.1,1.4,1.1
479882.397768,1,0.6,0.4,3.9,1,-0.6,0.6,-0.5,-0.5,1.6,-1.1,1.4,1.1
479882.408690,1,0.7,0.4,3.9,1,-0.6,0.6,-0.5,-0.6,1.6,-1,1.4,1.1
479882.419806,1,0.7,0.3,3.8,0.9,-0.6,0.6,-0.5,-0.6,1.6,-1,1.3,1.1
479882.430970,1,0.7,0.3,3.8,0.9,-0.6,0.6,-0.4,-0.7,1.5,-0.9,1.3,1.1
479882.442062,1,0.7,0.3,3.8,0.9,-0.6,0.6,-0.4,-0.8,1.5,-0.9,1.2,1
479882.453130,1,0.7,0.2,3.7,0.9,-0.5,0.6,-0.3,-0.8,1.4,-0.8,1.1,1
479882.464208,1,0.6,0.1,3.6,0.9,-0.5,0.6,-0.3,-0.8,1.3,-0.8,1,0.9
479882.475383,1,0.6,0,3.5,0.9,-0.5,0.6,-0.3,-0.8,1.3,-0.8,1,0.9
479882.486512,1,0.5,-0.1,3.3,0.9,-0.5,0.5,-0.3,-0.8,1.2,-0.7,0.8,0.8
479882.497886,1,0.5,-0.2,3.1,0.8,-0.5,0.5,-0.3,-0.8,1.1,-0.2,0.1,0.5
479882.508714,1,0.5,-0.2,3.1,0.7,-0.4,0.4,-0.1,-0.6,1,-0.3,0.1,0.6
479882.519838,1,0.4,-0.3,2.9,0.8,-0.4,0.4,0.3,-0.3,1.1,-0.2,0.1,0.5
479882.531006,1,0.3,-0.4,2.2,0.7,-0.4,0.4,0.2,-0.2,0.7,-0.1,0,0.3
479882.542109,1,0.2,-0.4,1.8,0.6,-0.3,0.3,0.1,-0.1,0.5,-0.1,0,0.3
479882.553181,1,0.1,-0.3,1.3,0.5,-0.2,0.2,0.1,-0.1,0.5,-0.1,0,0.2
479882.564293,1,-0.4,-0.3,0.9,0.4,-0.2,0.1,0.2,-0.2,0.6,-0.1,0,0.1
479882.575440,1,-0.4,-0.3,0.9,0,0,0,0.1,-0.1,0.4,0,0,0.1
479882.586477,1,-0.3,-0.2,0.6,0,0,0,0.1,-0.1,0.3,0,0,0
479882.597817,1,-0.2,-0.1,0.5,0,0,0,0.1,-0.1,0.2,0,0,0
479882.608692,1,0,0,0,0,0,0,0.1,-0.1,0.2,0,0,0
479882.619852,0,0,0,0,0,0,0,0.1,-0.1,0.2,0,0,0
479882.630952,1,0,0,0,0,0,0,0,0,0.1,0,0,0
479882.642139,0,0,0,0,0,0,0,0,0,0.1,0,0,0
479882.653137,0,0,0,0,0,0,0,0,0,0.1,0,0,0
479882.664230,0,0,0,0,0,0,0,0,0,0.1,0,0,0
479882.675408,0,0,0,0,0,0,0,0,0,0.1,0,0,0
479882.686533,0,0,0,0,0,0,0,0,0,0.1,0,0,0
479882.697770,0,0,0,0,0,0,0,0,0,0.1,0,0,0
479882.708686,0,0,0,0,0,0,0,0,0,0.1,0,0,0
479882.719784,0,0,0,0,0,0,0,0,0,0.1,0,0,0
479882.730967,0,0,0,0,0,0,0,0,0,0.1,0,0,0
479882.742130,0,0,0,0,0,0,0,0,0,0.1,0,0,0
479882.753158,0,0,0,0,0,0,0,0,0,0.1,0,0,0
479882.764275,0,0,0,0,0,0,0,0,0,0.1,0,0,0
479882.775443,0,0,0,0,0,0,0,0,0,0.1,0,0,0
479882.786527,0,0,0,0,0,0,0,0,0,0.1,0,0,0
479882.797864,0,0,0,0,0,0,0,0,0,0.1,0,0,0
479882.808732,0,0,0,0,0,0,0,0,0,0.1,0,0,0
479882.819808,0,0,0,0,0,0,0,0,0,0.1,0,0,0
479882.830949,0,0,0,0,0,0,0,0,0,0.1,0,0,0
479882.842138,0,0,0,0,0,0,0,0,0,0.1,0,0,0
479882.853155,0,0,0,0,0,0,0,0,0,0.1,0,0,0
479882.864218,0,0,0,0,0,0,0,0,0,0.1,0,0,0
479882.875433,0,0,0,0,0,0,0,0,0,0.1,0,0,0
479882.886507,0,0,0,0,0,0,0,0,0,0.1,0,0,0
479882.897902,0,0,0,0,0,0,0,0,0,0.1,0,0,0
479882.908755,0,0,0,0,0,0,0,0,0,0.1,0,0,0
479882.919841,0,0,0,0,0,0,0,0,0,0.1,0,0,0
479882.930977,0,0,0,0,0,0,0,0,0,0.1,0,0,0
479882.942162,0,0,0,0,0,0,0,0,0,0.1,0,0,0
479882.953134,0,0,0,0,0,0,0,0,0,0.1,0,0,0
479882.964235,0,0,0,0,0,0,0,0,0,0.1,0,0,0
479882.975434,0,0,0,0,0,0,0,0,0,0.1,0,0,0
479882.986505,0,0,0,0,0,0,0,0,0,0.1,0,0,0
479882.997877,0,0,0,0,0,0,0,0,0,0.1,0,0,0
479883.008720,0,0,0,0,0,0,0,0,0,0.1,0,0,0
479883.019894,0,0,0,0,0,0,0,0,0,0.1,0,0,0
479883.030988,0,0,0,0,0,0,0,0,0,0.1,0,0,0
479883.042166,0,0,0,0,0,0,0,0,0,0.1,0,0,0
479883.053105,0,0,0,0,0,0,0,0,0,0.1,0,0,0
479883.064269,0,0,0,0,0,0,0,0,0,0.1,0,0,0
479883.075473,0,0,0,0,0,0,0,0,0,0.1,0,0,0
479883.086558,0,0,0,0,0,0,0,0,0,0.1,0,0,0
479883.097902,0,0,0,0,0,0,0,0,0,0.1,0,0,0
479883.108765,0,0,0,0,0,0,0,0,0,0.1,0,0,0
479883.119796,0,0,0,0,0,0,0,0,0,0.1,0,0,0
479883.130975,0,0,0,0,0,0,0,0,0,0.1,0,0,0
479883.142182,0,0,0,0,0,0,0,0,0,0.1,0,0,0
479883.153140,0,0,0,0,0,0,0,0,0,0.1,0,0,0
479883.164291,0,0,0,0,0,0,0,0,0,0.1,0,0,0
479883.175441,0,0,0,0,0,0,0,0,0,0.1,0,0,0
479883.186491,0,0,0,0,0,0,0,0,0,0.1,0,0,0
479883.197871,0,0,0,0,0,0,0,0,0,0.1,0,0,0
479883.208747,0,0,0,0,0,0,0,0,0,0.1,0,0,0
479883.219856,0,0,0,0,0,0,0,0,0,0.1,0,0,0
479883.230954,0,0,0,0,0,0,0,0,0,0.1,0,0,0
479883.242100,0,0,0,0,0,0,0,0,0,0.1,0,0,0
479883.253123,0,0,0,0,0,0,0,0,0,0.1,0,0,0
479883.264237,0,0,0,0,0,0,0,0,0,0.1,0,0,0
479883.275436,0,0,0,0,0,0,0,0,0,0.1,0,0,0
479883.286526,0,0,0,0,0,0,0,0,0,0.1,0,0,0
479883.297833,0,0,0,0,0,0,0,0,0,0.1,0,0,0
479883.308701,0,0,0,0,0,0,0,0,0,0.1,0,0,0
479883.319829,0,0,0,0,0,0,0,0,0,0.1,0,0,0
479883.330965,0,0,0,0,0,0,0,0,0,0.1,0,0,0
479883.342147,0,0,0,0,0,0,0,0,0,0.1,0,0,0
479883.353146,0,0,0,0,0,0,0,0,0,0.1,0,0,0
479883.364249,0,0,0,0,0,0,0,0,0,0.1,0,0,0
479883.375402,0,0,0,0,0,0,0,0,0,0.1,0,0,0
479883.386513,0,0,0,0,0,0,0,0,0,0.1,0,0,0
479883.397835,0,0,0,0,0,0,0,0,0,0.1,0,0,0
479883.408699,0,0,0,0,0,0,0,0,0,0.1,0,0,0
479883.419838,0,0,0,0,0,0,0,0,0,0.1,0,0,0
479883.430924,0,0,0,0,0,0,0,0,0,0.1,0,0,0
479883.442117,0,0,0,0,0,0,0,0,0,0.1,0,0,0
479883.453131,0,0,0,0,0,0,0,0,0,0.1,0,0,0
479883.464297,0,0,0,0,0,0,0,0,0,0.1,0,0,0
479883.475518,0,0,0,0,0,0,0,0,0,0.1,0,0,0
479883.486553,0,0,0,0,0,0,0,0,0,0.1,0,0,0
479883.497870,0,0,0,0,0,0,0,0,0,0.1,0,0,0
479883.508770,0,0,0,0,0,0,0,0,0,0.1,0,0,0
479883.519809,0,0,0,0,0,0,0,0,0,0.1,0,0,0
479883.530991,0,0,0,0,0,0,0,0,0,0.1,0,0,0
479883.542150,0,0,0,0,0,0,0,0,0,0.1,0,0,0
479883.553140,0,0,0,0,0,0,0,0,0,0.1,0,0,0
479883.564284,0,0,0,0,0,0,0,0,0,0.1,0,0,0
479883.586531,0,0,0,0,0,0,0,0,0,0.1,0,0,0
479883.597843,0,0,0,0,0,0,0,0,0,0.1,0,0,0
479883.608744,0,0,0,0,0,0,0,0,0,0.1,0,0,0
479883.619792,0,0,0,0,0,0,0,0,0,0.1,0,0,0
479883.631020,0,0,0,0,0,0,0,0,0,0.1,0,0,0
479883.642171,0,0,0,0,0,0,0,0,0,0.1,0,0,0
479883.653158,0,0,0,0,0,0,0,0,0,0.1,0,0,0
479883.664264,0,0,0,0,0,0,0,0,0,0.1,0,0,0
479883.675480,0,0,0,0,0,0,0,0,0,0.1,0,0,0
479883.686499,0,0,0,0,0,0,0,0,0,0.1,0,0,0
479883.697912,0,0,0,0,0,0,0,0,0,0.1,0,0,0
479883.708770,0,0,0,0,0,0,0,0,0,0.1,0,0,0
479883.719837,0,0,0,0,0,0,0,0,0,0.1,0,0,0
479883.731025,0,0,0,0,0,0,0,0,0,0.1,0,0,0
479883.742128,0,0,0,0,0,0,0,0,0,0.1,0,0,0
479883.753136,0,0,0,0,0,0,0,0,0,0.1,0,0,0
479883.764259,0,0,0,0,0,0,0,0,0,0.1,0,0,0
479883.775477,0,0,0,0,0,0,0,0,0,0.1,0,0,0
479883.786545,0,0,0,0,0,0,0,0,0,0.1,0,0,0
479883.797898,0,0,0,0,0,0,0,0,0,0.1,0,0,0
479883.808753,0,0,0,0,0,0,0,0,0,0.1,0,0,0
479883.819849,0,0,0,0,0,0,0,0,0,0.1,0,0,0
479883.830950,0,0,0,0,0,0,0,0,0,0.1,0,0,0
479883.842215,0,0,0,0,0,0,0,0,0,0.1,0,0,0
479883.853186,0,0,0,0,0,0,0,0,0,0.1,0,0,0
479883.864296,0,0,0,0,0,0,0,0,0,0.1,0,0,0
479883.875405,0,0,0,0,0,0,0,0,0,0.1,0,0,0
479883.886473,0,0,0,0,0,0,0,0,0,0.1,0,0,0
479883.897924,0,0,0,0,0,0,0,0,0,0.1,0,0,0
479883.908773,0,0,0,0,0,0,0,0,0,0.1,0,0,0
479883.919844,0,0,0,0,0,0,0,0,0,0.1,0,0,0
479883.930963,0,0,0,0,0,0,0,0,0,0.1,0,0,0
479883.942127,0,0,0,0,0,0,0,0,0,0.1,0,0,0
479883.953205,0,0,0,0,0,0,0,0,0,0.1,0,0,0
479883.964277,0,0,0,0,0,0,0,0,0,0.1,0,0,0
479883.975530,0,0,0,0,0,0,0,0,0,0.1,0,0,0
479883.986570,0,0,0,0,0,0,0,0,0,0.1,0,0,0
479883.997770,0,0,0,0,0,0,0,0,0,0.1,0,0,0
479884.008712,0,0,0,0,0,0,0,0,0,0.1,0,0,0
479884.019901,0,0,0,0,0,0,0,0,0,0.1,0,0,0
479884.031032,0,0,0,0,0,0,0,0,0,0.1,0,0,0
479884.042147,0,0,0,0,0,0,0,0,0,0.1,0,0,0
479884.053172,0,0,0,0,0,0,0,0,0,0.1,0,0,0
479884.064354,0,0,0,0,0,0,0,0,0,0.1,0,0,0
479884.075493,0,0,0,0,0,0,0,0,0,0.1,0,0,0
479884.086572,0,0,0,0,0,0,0,0,0,0.1,0,0,0
479884.097929,0,0,0,0,0,0,0,0,0,0.1,0,0,0
479884.108799,0,0,0,0,0,0,0,0,0,0.1,0,0,0
479884.119882,0,0,0,0,0,0,0,0,0,0.1,0,0,0
479884.131008,0,0,0,0,0,0,0,0,0,0.1,0,0,0
479884.142165,0,0,0,0,0,0,0,0,0,0.1,0,0,0
479884.153179,0,0,0,0,0,0,0,0,0,0.1,0,0,0
479884.164347,0,0,0,0,0,0,0,0,0,0.1,0,0,0
479884.175502,0,0,0,0,0,0,0,0,0,0.1,0,0,0
479884.186576,0,0,0,0,0,0,0,0,0,0.1,0,0,0
479884.197779,0,0,0,0,0,0,0,0,0,0.1,0,0,0
479884.208711,0,0,0,0,0,0,0,0,0,0.1,0,0,0
479884.219842,0,0,0,0,0,0,0,0,0,0.1,0,0,0
479884.230950,0,0,0,0,0,0,0,0,0,0.1,0,0,0
479884.242155,0,0,0,0,0,0,0,0,0,0.1,0,0,0
479884.253134,0,0,0,0,0,0,0,0,0,0.1,0,0,0
479884.264307,0,0,0,0,0,0,0,0,0,0.1,0,0,0
479884.275441,0,0,0,0,0,0,0,0,0,0.1,0,0,0
479884.286571,0,0,0,0,0,0,0,0,0,0.1,0,0,0
479884.297877,0,0,0,0,0,0,0,0,0,0.1,0,0,0
479884.308777,0,0,0,0,0,0,0,0,0,0.1,0,0,0
479884.319881,0,0,0,0,0,0,0,0,0,0.1,0,0,0
479884.331022,0,0,0,0,0,0,0,0,0,0.1,0,0,0
479884.342156,0,0,0,0,0,0,0,0,0,0.1,0,0,0
479884.353196,0,0,0,0,0,0,0,0,0,0.1,0,0,0
479884.364308,0,0,0,0,0,0,0,0,0,0.1,0,0,0
479884.375510,0,0,0,0,0,0,0,0,0,0.1,0,0,0
479884.386529,0,0,0,0,0,0,0,0,0,0.1,0,0,0
479884.398134,0,0,0,0,0,0,0,0,0,0.1,0,0,0
479884.408763,0,0,0,0,0,0,0,0,0,0.1,0,0,0
479884.419973,0,0,0,0,0,0,0,0,0,0.1,0,0,0
479884.431031,0,0,0,0,0,0,0,0,0,0.1,0,0,0
479884.442100,0,0,0,0,0,0,0,0,0,0.1,0,0,0
479884.453147,0,0,0,0,0,0,0,0,0,0.1,0,0,0
479884.464354,0,0,0,0,0,0,0,0,0,0.1,0,0,0
479884.475516,0,0,0,0,0,0,0,0,0,0.1,0,0,0
479884.486575,0,0,0,0,0,0,0,0,0,0.1,0,0,0
479884.497931,0,0,0,0,0,0,0,0,0,0.1,0,0,0
479884.508799,0,0,0,0,0,0,0,0,0,0.1,0,0,0
479884.519874,0,0,0,0,0,0,0,0,0,0.1,0,0,0
479884.531046,0,0,0,0,0,0,0,0,0,0.1,0,0,0
479884.542237,0,0,0,0,0,0,0,0,0,0.1,0,0,0
479884.553196,0,0,0,0,0,0,0,0,0,0.1,0,0,0
479884.564336,0,0,0,0,0,0,0,0,0,0.1,0,0,0
479884.575496,0,0,0,0,0,0,0,0,0,0.1,0,0,0
479884.586527,0,0,0,0,0,0,0,0,0,0.1,0,0,0
479884.597914,0,0,0,0,0,0,0,0,0,0.1,0,0,0
479884.608793,0,0,0,0,0,0,0,0,0,0.1,0,0,0
479884.619847,0,0,0,0,0,0,0,0,0,0.1,0,0,0
479884.642175,0,0,0,0,0,0,0,0,0,0.1,0,0,0
479884.653200,0,0,0,0,0,0,0,0,0,0.1,0,0,0
479884.664353,0,0,0,0,0,0,0,0,0,0.1,0,0,0
479884.675502,0,0,0,0,0,0,0,0,0,0.1,0,0,0
479884.686556,0,0,0,0,0,0,0,0,0,0.1,0,0,0
479884.697904,0,0,0,0,0,0,0,0,0,0.1,0,0,0
479884.708792,0,0,0,0,0,0,0,0,0,0.1,0,0,0
479884.719872,0,0,0,0,0,0,0,0,0,0.1,0,0,0
479884.731041,0,0,0,0,0,0,0,0,0,0.1,0,0,0
479884.742178,0,0,0,0,0,0,0,0,0,0.1,0,0,0
479884.753166,0,0,0,0,0,0,0,0,0,0.1,0,0,0
479884.764315,0,0,0,0,0,0,0,0,0,0.1,0,0,0
479884.775483,0,0,0,0,0,0,0,0,0,0.1,0,0,0
479884.786558,0,0,0,0,0,0,0,0,0,0.1,0,0,0
479884.797997,0,0,0,0,0,0,0,0,0,0.1,0,0,0
479884.808770,0,0,0,0,0,0,0,0,0,0.1,0,0,0
479884.819865,0,0,0,0,0,0,0,0,0,0.1,0,0,0
479884.831031,0,0,0,0,0,0,0,0,0,0.1,0,0,0
479884.842175,0,0,0,0,0,0,0,0,0,0.1,0,0,0
479884.853183,0,0,0,0,0,0,0,0,0,0.1,0,0,0
479884.864297,0,0,0,0,0,0,0,0,0,0.1,0,0,0
479884.875510,1,0,0,0,0,0,0,0.1,0,0.2,0,0,0
479884.886532,0,0,0,0,0,0,0,0.1,0,0.2,0,0,0
479884.897873,1,0,0,0,0,0,0,0.1,-0.1,0.3,0,0,0
479884.908768,0,0,0,0,0,0,0,0.1,-0.1,0.3,0,0,0
479884.919843,0,0,0,0,0,0,0,0.1,-0.1,0.3,0,0,0
479884.931029,1,0,0,0,0,0,0,0.2,-0.1,0.4,0,0,0
479884.942166,1,-0.1,0,0.1,0,0,0,0.2,-0.1,0.4,0,0,0
479884.953181,0,-0.1,0,0.1,0,0,0,0.2,-0.1,0.4,0,0,0
479884.964321,1,-0.1,0,0.1,0,0,0,0.2,-0.1,0.5,0,0,0
479884.975504,1,-0.1,0,0.1,0,0,0,0.2,-0.1,0.6,0,0,0
479884.986527,1,-0.1,0,0.2,0,0,0,0.2,-0.1,0.6,0,0,0
479884.997841,1,-0.1,0,0.2,0,0,0,0.3,-0.1,0.6,0,0,0
479885.008768,0,-0.1,0,0.2,0,0,0,0.3,-0.1,0.6,0,0,0
479885.019866,0,-0.1,0,0.2,0,0,0,0.3,-0.1,0.6,0,0,0
479885.031019,1,-0.1,0,0.2,0,0,0,0.2,0,0.5,0,0,0
479885.042173,0,-0.1,0,0.2,0,0,0,0.2,0,0.5,0,0,0
479885.053186,0,-0.1,0,0.2,0,0,0,0.2,0,0.5,0,0,0
479885.064282,1,-0.1,0,0.3,0,0,0,0.2,0,0.5,0,0,0.1
479885.075524,1,-0.2,0,0.3,0,0,0,0.2,0,0.5,0,0,0.1
479885.086587,1,-0.2,0,0.3,0,0,0,0.2,-0.1,0.7,0,0,0.1
479885.097945,0,-0.2,0,0.3,0,0,0,0.2,-0.1,0.7,0,0,0.1
479885.108796,1,-0.2,0,0.3,0,0,0,0.2,0,0.7,-0.1,0,0.2
479885.119896,1,-0.2,0,0.3,0,0,0,0.2,0,0.6,-0.1,0,0.2
479885.131056,0,-0.2,0,0.3,0,0,0,0.2,0,0.6,-0.1,0,0.2
479885.142202,1,-0.2,0,0.4,0,0,0,0.2,0,0.6,-0.1,0,0.2
479885.153153,0,-0.2,0,0.4,0,0,0,0.2,0,0.6,-0.1,0,0.2
479885.164342,1,-0.2,0,0.4,0,0,0,0.1,0,0.6,-0.1,-0.1,0.2
479885.175522,1,-0.2,0,0.4,0,0,0,0.1,0,0.5,-0.1,-0.1,0.2
479885.186592,0,-0.2,0,0.4,0,0,0,0.1,0,0.5,-0.1,-0.1,0.2
479885.198062,1,-0.3,0,0.5,0,0,0,0.1,0,0.5,-0.1,-0.1,0.2
479885.208764,1,-0.3,0,0.5,0,0,0,0.1,0,0.5,-0.1,-0.1,0.3
479885.219866,0,-0.3,0,0.5,0,0,0,0.1,0,0.5,-0.1,-0.1,0.3
479885.231030,0,-0.3,0,0.5,0,0,0,0.1,0,0.5,-0.1,-0.1,0.3
479885.242167,1,-0.3,0,0.6,0,0,0,0.1,0,0.5,-0.2,-0.1,0.3
479885.253231,0,-0.3,0,0.6,0,0,0,0.1,0,0.5,-0.2,-0.1,0.3
479885.264293,0,-0.3,0,0.6,0,0,0,0.1,0,0.5,-0.2,-0.1,0.3
479885.275494,1,-0.4,0,0.6,0,0,0,0.1,0,0.5,-0.2,-0.1,0.4
479885.286576,1,-0.4,0,0.7,0,0,0,0.1,0,0.5,-0.2,-0.1,0.4
479885.297930,0,-0.4,0,0.7,0,0,0,0.1,0,0.5,-0.2,-0.1,0.4
479885.308792,0,-0.4,0,0.7,0,0,0,0.1,0,0.5,-0.2,-0.1,0.4
479885.319856,0,-0.4,0,0.7,0,0,0,0.1,0,0.5,-0.2,-0.1,0.4
479885.330966,0,-0.4,0,0.7,0,0,0,0.1,0,0.5,-0.2,-0.1,0.4
479885.342127,1,-0.2,0,0.8,0,0,0,0.1,0,0.5,-0.2,-0.1,0.5
479885.353134,1,0.2,0,0.9,0,0,0,0.1,0,0.5,-0.3,-0.1,0.5
479885.364324,1,0.5,-0.1,1,0,0,0,0.1,0,0.5,-0.3,-0.1,0.5
479885.375469,1,0.7,-0.2,1,0,0,0,0.1,0,0.5,-0.3,-0.1,0.5
479885.386565,1,0.7,-0.2,1,0.1,0,0.1,0.1,0,0.5,-0.3,-0.1,0.5
479885.397917,0,0.7,-0.2,1,0.1,0,0.1,0.1,0,0.5,-0.3,-0.1,0.5
479885.408796,1,0.7,-0.3,1.1,0.1,0,0.2,0.1,0,0.5,-0.3,-0.1,0.5
479885.419834,1,0.8,-0.3,1.1,0.2,0,0.2,0.1,0,0.5,-0.2,-0.1,0.5
479885.430998,1,0.7,-0.4,1.1,0.2,0,0.2,0.1,0,0.5,-0.2,-0.1,0.5
479885.442174,1,0.7,-0.5,1.1,0.2,0,0.2,0.1,0,0.5,-0.2,-0.1,0.5
479885.453197,1,0.7,-0.5,1.1,0.2,0,0.3,0.1,0,0.5,-0.2,-0.1,0.4
479885.464288,1,0.7,-0.5,1.1,0.3,0,0.3,0.1,0,0.5,-0.2,-0.1,0.4
479885.475444,1,0.7,-0.6,1.1,0.3,-0.1,0.4,0.1,0,0.5,-0.2,-0.1,0.4
479885.486480,1,0.7,-0.7,1.2,0.4,-0.1,0.4,0.1,0,0.5,-0.2,-0.1,0.3
479885.497980,1,0.7,-0.7,1.2,0.4,-0.1,0.5,0.1,0,0.6,-0.2,-0.1,0.3
479885.508772,1,0.7,-0.8,1.2,0.4,-0.1,0.5,0.1,0,0.6,-0.2,-0.1,0.2
479885.519868,1,0.8,-0.8,1.2,0.4,-0.1,0.5,0.1,0,0.6,-0.1,0,0.2
479885.530976,1,0.8,-0.8,1.2,0.5,-0.1,0.6,0.1,0,0.6,-0.1,0,0.2
479885.542129,1,0.8,-0.8,1.3,0.5,-0.1,0.6,0.1,0,0.7,-0.1,0,0.1
479885.553146,1,0.9,-0.8,1.3,0.5,-0.1,0.7,0.1,0,0.5,-0.1,0,0.1
479885.564334,1,1,-0.8,1.3,0.5,-0.1,0.7,0.1,0,0.6,-0.1,0,0.1
479885.575518,1,1.1,-0.8,1.4,0.5,-0.1,0.7,0.1,0,0.6,-0.1,0,0.2
479885.586551,1,1.2,-0.7,1.4,0.5,-0.1,0.7,0.1,0,0.6,-0.1,0,0.2
479885.597914,0,1.2,-0.7,1.4,0.5,-0.1,0.7,0.1,0,0.6,-0.1,0,0.2
479885.608817,1,1.3,-0.7,1.4,0.5,-0.1,0.6,0.1,0,0.6,-0.1,0,0.2
479885.619869,1,1.4,-0.7,1.5,0.5,-0.1,0.6,0.1,0,0.6,-0.2,0,0.3
479885.631039,1,1.5,-0.6,1.5,0.5,-0.1,0.6,0.1,0,0.6,-0.2,0,0.3
479885.642406,1,1.6,-0.6,1.5,0.5,-0.1,0.6,0.1,0,0.6,-0.2,0,0.3
479885.653170,1,1.7,-0.6,1.6,0.4,-0.1,0.6,0.1,0,0.6,-0.2,0.1,0.4
479885.664335,1,1.7,-0.6,1.6,0.4,-0.1,0.5,0.1,0,0.6,-0.2,0.1,0.4
479885.675519,1,1.8,-0.5,1.6,0.4,-0.1,0.5,0.1,0,0.6,-0.3,0.1,0.5
479885.686569,1,1.8,-0.5,1.7,0.4,-0.1,0.5,0.1,0,0.6,-0.3,0.1,0.5
479885.698182,1,2,-0.5,1.7,0.4,-0.1,0.5,0.1,0.1,0.5,-0.3,0.1,0.6
479885.719864,1,2,-0.5,1.8,0.4,-0.1,0.5,0.1,0.1,0.5,-0.3,0.1,0.6
479885.730989,1,2,-0.5,1.8,0.4,-0.1,0.5,0.1,0.1,0.5,-0.3,0.1,0.7
479885.742186,0,2,-0.5,1.8,0.4,-0.1,0.5,0.1,0.1,0.5,-0.3,0.1,0.7
479885.753185,1,2,-0.5,1.8,0.4,-0.1,0.5,0.1,0.1,0.5,-0.3,0,0.6
479885.764345,0,2,-0.5,1.8,0.4,-0.1,0.5,0.1,0.1,0.5,-0.3,0,0.6
479885.775506,1,2,-0.5,1.8,0.4,-0.1,0.6,0.1,0.1,0.5,-0.3,0,0.6
479885.786553,1,1.9,-0.6,1.8,0.5,-0.1,0.6,0.1,0.1,0.5,-0.3,0,0.6
479885.797927,1,1.9,-0.6,1.8,0.5,-0.1,0.7,0.1,0.1,0.5,-0.2,0,0.6
479885.808809,1,1.9,-0.6,1.8,0.5,-0.1,0.7,0.1,0.1,0.5,-0.2,0,0.5
479885.819897,1,1.8,-0.7,1.8,0.6,-0.1,0.8,0.1,0.1,0.5,-0.2,0,0.5
479885.831029,1,1.8,-0.7,1.8,0.5,-0.1,0.7,0.1,0.1,0.5,-0.2,0,0.5
479885.842159,1,1.7,-0.8,1.8,0.5,-0.1,0.7,0.1,0,0.6,-0.2,0,0.5
479885.853150,1,1.7,-0.9,1.8,0.6,-0.1,0.7,0.1,0,0.6,-0.2,0,0.5
479885.864352,1,1.7,-0.9,1.8,0.6,-0.1,0.7,0.1,0,0.6,-0.2,0,0.4
479885.875510,1,1.6,-0.9,1.8,0.6,-0.1,0.7,0.1,0,0.7,-0.2,0,0.4
479885.886491,1,1.6,-1,1.9,0.6,-0.1,0.8,0.1,0,0.7,-0.2,0,0.4
479885.897934,1,1.6,-1,1.9,0.6,-0.1,0.8,0.1,0,0.7,-0.2,0,0.3
479885.908804,1,1.6,-1.1,1.9,0.6,-0.1,0.8,0.1,0,0.7,-0.2,0,0.3
479885.919838,1,1.6,-1.1,1.9,0.7,-0.1,0.8,0.1,0,0.7,-0.2,0,0.3
479885.930977,1,1.7,-1.1,1.9,0.7,-0.1,0.8,0.1,0,0.8,-0.2,0,0.3
479885.942135,0,1.7,-1.1,1.9,0.7,-0.1,0.8,0.1,0,0.8,-0.2,0,0.3
479885.953178,1,1.7,-1.1,1.9,0.7,-0.1,0.9,0.1,0,0.9,-0.2,0,0.3
479885.964302,1,1.8,-1.1,2,0.7,-0.1,0.9,0.1,0,0.9,-0.2,0,0.3
479885.975500,0,1.8,-1.1,2,0.7,-0.1,0.9,0.1,0,0.9,-0.2,0,0.3
479885.986586,1,1.9,-1.1,2,0.7,-0.1,0.9,0.1,0,0.9,-0.2,0,0.3
479885.997959,0,1.9,-1.1,2,0.7,-0.1,0.9,0.1,0,0.9,-0.2,0,0.3
479886.008832,1,1.9,-1.1,2,0.7,-0.1,0.9,0.1,0,0.9,-0.2,0,0.4
479886.019888,1,2,-1,2.1,0.7,-0.1,0.8,0.1,0,0.9,-0.2,0,0.4
479886.030987,1,2,-1,2.1,0.6,-0.1,0.8,0.1,0,0.9,-0.3,0,0.4
479886.042115,1,2,-1,2.2,0.6,-0.1,0.8,0.1,0,0.9,-0.3,0.1,0.5
479886.053174,1,2.1,-1,2.2,0.6,-0.1,0.8,0.1,0,0.9,-0.3,0.1,0.5
479886.064425,1,2.1,-1,2.2,0.6,-0.1,0.7,0.1,0,0.9,-0.3,0.1,0.5
479886.075491,1,2.1,-1,2.2,0.6,-0.1,0.7,0.1,0,0.9,-0.3,0.1,0.6
479886.086570,1,2.1,-1,2.3,0.5,-0.1,0.7,0.1,0,0.9,-0.3,0.1,0.6
479886.097937,1,2.1,-1,2.3,0.5,-0.1,0.7,0.1,0,0.9,-0.4,0.1,0.6
479886.108828,1,2.1,-1,2.3,0.5,-0.1,0.7,0.1,0,0.9,-0.4,0.1,0.7
479886.119926,1,2.1,-0.9,2.4,0.5,-0.1,0.7,0.1,0,0.9,-0.3,0.1,0.5
479886.131076,1,2.2,-0.9,2.4,0.5,-0.1,0.8,0.1,0,0.9,-0.3,0.1,0.5
479886.142191,1,2.2,-0.9,2.4,0.5,-0.1,0.8,0.1,0,0.9,-0.3,0.1,0.6
479886.153197,1,2.2,-0.9,2.4,0.5,-0.1,0.8,0.1,0,1,-0.3,0.1,0.6
479886.164342,1,2.2,-0.9,2.5,0.5,-0.1,0.8,0.1,0,1,-0.3,0.1,0.6
479886.175493,0,2.2,-0.9,2.5,0.5,-0.1,0.8,0.1,0,1,-0.3,0.1,0.6
479886.186586,0,2.2,-0.9,2.5,0.5,-0.1,0.8,0.1,0,1,-0.3,0.1,0.6
479886.197932,1,2.2,-1,2.6,0.5,-0.1,0.8,0.1,0.1,0.9,-0.3,0.1,0.6
479886.208826,1,2.2,-1,2.6,0.5,-0.1,0.7,0.1,0.1,0.9,-0.3,0.1,0.6
479886.219871,1,2.2,-1,2.6,0.5,-0.1,0.7,0.1,0.1,0.9,-0.3,0,0.6
479886.231044,1,2.1,-1.1,2.6,0.5,-0.1,0.7,0.2,0.1,0.9,-0.3,0,0.6
479886.242169,1,2.1,-1.2,2.7,0.6,-0.1,0.7,0.2,0.1,0.9,-0.3,0,0.6
479886.253354,1,2,-1.3,2.7,0.6,-0.1,0.8,0.2,0.1,0.9,-0.3,0,0.6
479886.264302,1,1.9,-1.3,2.8,0.6,-0.1,0.8,0.2,0.1,0.9,-0.3,0,0.6
479886.275494,1,1.8,-1.4,2.8,0.6,-0.1,0.8,0.2,0.2,0.9,-0.3,0,0.6
479886.286608,1,1.8,-1.4,2.8,0.6,-0.1,0.9,0.2,0.2,0.9,-0.3,0,0.5
479886.297927,1,1.7,-1.5,2.8,0.4,-0.1,1.1,0.2,0.2,0.9,-0.2,0,0.5
479886.308844,1,1.6,-1.5,2.9,0.4,-0.1,1.3,0.2,0.2,1,-0.2,0,0.5
479886.319870,1,1.5,-1.6,2.9,0.5,-0.1,1.3,0.2,0.2,1,-0.2,0,0.4
479886.330981,1,1.5,-1.7,3,0.5,-0.1,1.4,0.1,0.2,1,-0.2,0,0.4
479886.342227,1,1.4,-1.7,3,0.6,-0.1,1.5,0.1,0.1,1,-0.2,0,0.4
479886.353192,0,1.4,-1.7,3,0.6,-0.1,1.5,0.1,0.1,1,-0.2,0,0.4
479886.364355,1,1.4,-1.7,3.1,0.7,-0.1,1.5,0.1,0.1,1,-0.4,-0.1,0.6
479886.375495,1,1.4,-1.7,3.1,0.7,-0.1,1.6,0.1,0.1,1.1,-0.4,-0.1,0.6
479886.386518,1,1.4,-1.7,3.1,0.8,-0.2,1.6,0.1,0,1.1,-0.4,-0.1,0.5
479886.397986,1,1.4,-1.7,3.1,0.8,-0.2,1.7,0,0,1.2,-0.4,-0.1,0.5
479886.408843,1,1.4,-1.7,3.2,0.8,-0.2,1.7,-0.1,-0.1,1.2,-0.4,-0.1,0.5
479886.419889,1,1.4,-1.7,3.2,0.9,-0.2,1.7,-0.4,-0.2,1,-0.4,-0.1,0.5
479886.431061,1,1.4,-1.7,3.2,0.9,-0.2,1.7,-0.7,-0.4,0.9,-0.4,-0.1,0.5
479886.442207,1,1.4,-1.7,3.2,0.9,-0.3,1.7,-0.7,-0.4,0.9,-0.4,0,0.5
479886.453185,1,1.4,-1.7,3.3,0.9,-0.3,1.7,-0.8,-0.5,0.9,-0.4,0,0.5
479886.464356,1,1.5,-1.7,3.3,0.8,-0.3,1.7,-0.8,-0.5,0.9,-0.4,0,0.6
479886.475500,1,1.5,-1.7,3.3,0.8,-0.3,1.7,-0.9,-0.5,0.9,-0.4,0,0.6
479886.486536,1,1.5,-1.7,3.4,0.8,-0.3,1.7,-0.9,-0.5,0.9,-0.4,0,0.6
479886.497950,0,1.5,-1.7,3.4,0.8,-0.3,1.7,-0.9,-0.5,0.9,-0.4,0,0.6
479886.508837,1,1.6,-1.7,3.4,0.8,-0.3,1.7,-1,-0.5,1,-0.4,0,0.6
479886.519863,1,1.6,-1.7,3.5,0.7,-0.3,1.7,-1,-0.5,1,-0.3,0,0.5
479886.531054,1,1.6,-1.7,3.5,0.7,-0.3,1.6,-1,-0.5,1,-0.3,0,0.5
479886.542206,1,1.6,-1.7,3.6,0.6,-0.3,1.6,-1,-0.5,1,-0.3,0,0.5
479886.553218,1,1.7,-1.7,3.7,0.6,-0.3,1.6,-1.1,-0.5,1,-0.3,0.1,0.5
479886.564346,1,1.7,-1.7,3.7,0.5,-0.3,1.6,-1.1,-0.5,1,-0.3,0.1,0.5
479886.575506,1,1.7,-1.7,3.7,0.5,-0.3,1.5,-1.1,-0.5,1,-0.4,0.1,0.6
479886.586587,1,1.7,-1.7,3.8,0.5,-0.3,1.5,-1.2,-0.5,1,-0.4,0.1,0.6
479886.597972,1,1.8,-1.7,3.8,0.5,-0.3,1.5,-1.2,-0.5,1,-0.4,0.1,0.6
479886.608856,1,1.8,-1.7,3.9,0.4,-0.3,1.5,-1.2,-0.5,1,-0.4,0.1,0.7
479886.619898,0,1.8,-1.7,3.9,0.4,-0.3,1.5,-1.2,-0.5,1,-0.4,0.1,0.7
479886.631092,0,1.8,-1.7,3.9,0.4,-0.3,1.5,-1.2,-0.5,1,-0.4,0.1,0.7
479886.642297,1,1.8,-1.7,4,0.5,-0.3,1.5,-1.2,-0.5,1,-0.4,0.1,0.7
479886.653233,1,1.8,-1.7,4,0.5,-0.3,1.5,-1.2,-0.5,1,-0.3,0.1,0.7
479886.664381,1,1.8,-1.7,4.1,0.5,-0.3,1.5,-1.2,-0.5,0.9,-0.3,0,0.7
479886.675532,1,1.8,-1.7,4.1,0.5,-0.3,1.6,-1.2,-0.5,0.9,-0.3,0,0.7
479886.686588,1,1.7,-1.7,4.1,0.6,-0.3,1.6,-1.1,-0.6,0.9,-0.3,0,0.6
479886.697965,1,1.7,-1.7,4.1,0.6,-0.4,1.7,-1.1,-0.6,0.9,-0.3,0,0.6
479886.708905,1,1.6,-1.8,4.2,0.7,-0.4,1.7,-1,-0.6,0.9,-0.3,0,0.6
479886.719897,1,1.6,-1.8,4.2,0.8,-0.4,1.8,-1,-0.7,0.9,-0.3,0,0.6
479886.731099,1,1.5,-1.9,4.2,0.8,-0.4,1.8,-1,-0.7,0.8,-0.3,0,0.6
479886.742294,1,1.3,-2,4.3,0.9,-0.4,1.9,-0.9,-0.8,0.8,-0.2,0,0.6
479886.753164,0,1.3,-2,4.3,0.9,-0.4,1.9,-0.9,-0.8,0.8,-0.2,0,0.6
479886.764350,1,1.2,-2,4.3,1,-0.4,2,-0.8,-0.9,0.8,-0.2,0,0.5
479886.775455,1,1.2,-2,4.3,1.1,-0.4,2,-0.8,-0.9,0.8,-0.2,0,0.5
479886.786580,1,1.1,-2,4.4,1.1,-0.5,2.1,-0.8,-0.9,0.8,-0.2,0,0.5
479886.797938,1,1.1,-2,4.4,1.2,-0.5,2.1,-0.8,-1,0.8,-0.2,0,0.5
479886.808843,1,1.1,-2,4.4,1.2,-0.5,2.1,-0.8,-1,0.8,-0.2,0,0.4
479886.831116,1,1.1,-2,4.4,1.2,-0.5,2.2,-0.8,-1,0.8,-0.2,0,0.4
479886.842214,1,1.1,-2,4.5,1.2,-0.5,2.2,-0.8,-1,0.8,-0.3,0,0.5
479886.853216,1,1.1,-2,4.5,1.3,-0.6,2.2,-0.8,-1,0.8,-0.3,0,0.5
479886.864334,1,1.1,-2,4.5,1.3,-0.6,2.2,-0.8,-0.9,0.8,-0.3,0,0.4
479886.875443,1,1.1,-2,4.5,1.2,-0.6,2.2,-0.8,-0.9,0.8,-0.3,0,0.4
479886.886562,1,1.2,-2,4.5,1.2,-0.6,2.2,-0.8,-0.9,0.8,-0.3,0,0.5
479886.897982,1,1.2,-2,4.5,1.2,-0.6,2.2,-0.9,-0.9,0.9,-0.3,0,0.5
479886.908885,1,1.2,-2,4.5,1.2,-0.6,2.2,-0.9,-0.8,0.9,-0.3,0,0.5
479886.919866,1,1.2,-2,4.5,1.1,-0.5,2.2,-0.9,-0.8,0.9,-0.3,0,0.5
479886.931066,1,1.2,-2,4.6,1.1,-0.5,2.2,-1,-0.7,1,-0.3,0,0.5
479886.942185,1,1.2,-2,4.6,1,-0.5,2.2,-1,-0.7,1,-0.3,0,0.5
479886.953171,1,1.3,-1.9,4.6,1,-0.5,2.2,-1,-0.7,1,-0.3,0,0.5
479886.964358,1,1.3,-1.9,4.6,1,-0.5,2.2,-1.1,-0.6,1,-0.3,0,0.6
479886.975496,1,1.3,-1.9,4.6,0.9,-0.5,2.1,-1.1,-0.6,1,-0.3,0,0.6
479886.986539,0,1.3,-1.9,4.6,0.9,-0.5,2.1,-1.1,-0.6,1,-0.3,0,0.6
479886.997975,0,1.3,-1.9,4.6,0.9,-0.5,2.1,-1.1,-0.6,1,-0.3,0,0.6
479887.008798,1,1.3,-1.9,4.6,0.8,-0.5,2.1,-1.1,-0.6,1,-0.3,0,0.6
479887.019899,1,1.4,-1.9,4.6,0.8,-0.5,2.1,-1.1,-0.6,1,-0.3,0,0.6
479887.031013,1,1.4,-1.9,4.6,0.8,-0.6,2.1,-1.1,-0.6,1,-0.3,0,0.6
479887.042128,1,1.4,-1.8,4.6,0.8,-0.6,2.1,-1.1,-0.6,1,-0.3,0,0.6
479887.053231,1,1.4,-1.8,4.6,0.8,-0.6,2,-1.2,-0.6,1,-0.3,0,0.6
479887.064394,0,1.4,-1.8,4.6,0.8,-0.6,2,-1.2,-0.6,1,-0.3,0,0.6
479887.075513,1,1.4,-1.8,4.6,0.9,-0.6,2,-1.2,-0.6,1,-0.3,0,0.7
479887.086599,1,1.3,-1.8,4.6,0.9,-0.6,2,-1.2,-0.6,1,-0.3,0,0.7
479887.098107,1,1.3,-1.8,4.6,0.9,-0.6,2.1,-1.2,-0.6,1,-0.3,0,0.6
479887.108814,1,1.3,-1.8,4.6,0.9,-0.7,2.1,-1.2,-0.7,1,-0.3,0,0.6
479887.119860,1,1.2,-1.8,4.6,0.9,-0.7,2.1,-1.2,-0.7,1,-0.3,0,0.6
479887.131015,1,1.2,-1.8,4.6,1,-0.7,2.1,-1.2,-0.7,1,-0.3,0,0.5
479887.142175,1,1.1,-1.8,4.6,1,-0.7,2.1,-1.1,-0.7,1,-0.3,0,0.5
479887.153270,1,1,-1.8,4.6,1,-0.7,2.2,-1.1,-0.8,1,-0.3,0,0.7
479887.164385,1,1,-1.8,4.6,1.1,-0.7,2.2,-1.1,-0.8,1,-0.3,0,0.7
479887.175520,1,0.9,-1.9,4.6,1.1,-0.7,2.2,-1.1,-0.8,1,-0.3,0,0.6
479887.186815,1,0.9,-1.9,4.6,1.2,-0.8,2.3,-1.1,-0.9,1,-0.4,0,0.6
479887.197850,1,0.8,-1.9,4.6,1.2,-0.8,2.3,-1.1,-0.9,1,-0.4,0,0.6
479887.208822,1,0.7,-1.9,4.6,1.2,-0.8,2.3,-1.1,-0.9,1,-0.4,0,0.6
479887.219913,1,0.7,-1.9,4.5,1.2,-0.8,2.3,-1.1,-0.9,1.1,-0.4,0,0.6
479887.231099,1,0.7,-1.9,4.5,1.3,-0.9,2.3,-1.1,-0.9,1.1,-0.4,0,0.6
479887.242223,1,0.7,-1.9,4.5,1.3,-0.9,2.4,-1.1,-0.9,1.1,-0.4,0,0.5
479887.253200,1,0.6,-1.9,4.5,1.3,-0.9,2.4,-1.1,-0.9,1.1,-0.4,0,0.5
479887.264385,1,0.6,-1.9,4.5,1.3,-1,2.4,-1.1,-0.9,1.1,-0.4,0,0.5
479887.275533,1,0.6,-1.9,4.4,1.3,-1,2.4,-1.1,-0.9,1.1,-0.4,0,0.5
479887.286607,1,0.6,-1.8,4.4,1.3,-1,2.4,-1.1,-0.9,1.1,-0.4,0,0.5
479887.297984,1,0.6,-1.8,4.4,1.4,-1,2.4,-1.1,-0.9,1.1,-0.4,0,0.5
479887.308856,1,0.6,-1.8,4.4,1.4,-1.1,2.4,-1.1,-0.9,1.2,-0.4,0,0.5
479887.319921,1,0.6,-1.8,4.4,1.4,-1.1,2.5,-1.2,-0.9,1.2,-0.4,0,0.5
479887.330999,1,0.5,-1.8,4.4,1.4,-1.1,2.5,-1.1,-0.9,1.2,-0.4,0,0.5
479887.342123,0,0.5,-1.8,4.4,1.4,-1.1,2.5,-1.1,-0.9,1.2,-0.4,0,0.5
479887.353211,0,0.5,-1.8,4.4,1.4,-1.1,2.5,-1.1,-0.9,1.2,-0.4,0,0.5
479887.364330,1,0.5,-1.8,4.3,1.4,-1.2,2.5,-1.2,-0.9,1.2,-0.4,0,0.5
479887.375494,0,0.5,-1.8,4.3,1.4,-1.2,2.5,-1.2,-0.9,1.2,-0.4,0,0.5
479887.386606,0,0.5,-1.8,4.3,1.4,-1.2,2.5,-1.2,-0.9,1.2,-0.4,0,0.5
479887.397891,1,0.4,-1.8,4.3,1.4,-1.2,2.5,-1.2,-0.9,1.2,-0.4,0,0.5
479887.408792,1,0.4,-1.8,4.3,1.4,-1.2,2.5,-1.2,-0.9,1.2,-0.4,0,0.6
479887.419873,1,0.4,-1.8,4.4,1.4,-1.2,2.5,-1.2,-0.9,1.2,-0.4,0,0.6
479887.431029,0,0.4,-1.8,4.4,1.4,-1.2,2.5,-1.2,-0.9,1.2,-0.4,0,0.6
479887.442142,1,0.4,-1.8,4.4,1.4,-1.2,2.5,-1.2,-0.9,1.3,-0.4,0,0.6
479887.453121,1,0.4,-1.8,4.4,1.4,-1.1,2.5,-1.2,-0.8,1.3,-0.3,0,0.5
479887.464356,1,0.3,-1.9,4.4,1.3,-1.1,2.5,-1.2,-0.8,1.3,-0.4,0,0.5
479887.475446,1,0.3,-1.9,4.4,1.3,-1.1,2.5,-1.3,-0.7,1.3,-0.4,0,0.5
479887.486592,1,0.3,-1.9,4.4,1.3,-1.1,2.5,-1.3,-0.7,1.4,-0.4,0,0.5
479887.497995,1,0.2,-1.9,4.4,1.3,-1.1,2.5,-1.3,-0.7,1.4,-0.4,0,0.5
479887.508854,1,0.2,-1.9,4.5,1.3,-1.1,2.5,-1.3,-0.7,1.4,-0.4,0,0.5
479887.519912,1,0.2,-1.9,4.5,1.3,-1.1,2.5,-1.3,-0.7,1.4,-0.4,0,0.6
479887.531077,1,0.2,-1.9,4.5,1.3,-1,2.5,-1.3,-0.6,1.4,-0.4,0,0.5
479887.542171,1,0.2,-1.9,4.5,1.2,-1,2.5,-1.3,-0.6,1.4,-0.4,-0.1,0.6
479887.553184,1,0.1,-1.9,4.5,1.2,-1,2.5,-1.3,-0.6,1.4,-0.4,-0.1,0.6
479887.564371,1,0.1,-2,4.4,1.2,-1,2.5,-1.3,-0.6,1.4,-0.4,-0.1,0.6
479887.575488,0,0.1,-2,4.4,1.2,-1,2.5,-1.3,-0.6,1.4,-0.4,-0.1,0.6
479887.586571,0,0.1,-2,4.4,1.2,-1,2.5,-1.3,-0.6,1.4,-0.4,-0.1,0.6
479887.597855,1,0,-2,4.4,1.2,-0.9,2.5,-1.3,-0.6,1.4,-0.4,-0.1,0.6
479887.608788,0,0,-2,4.4,1.2,-0.9,2.5,-1.3,-0.6,1.4,-0.4,-0.1,0.6
479887.619914,0,0,-2,4.4,1.2,-0.9,2.5,-1.3,-0.6,1.4,-0.4,-0.1,0.6
479887.631067,0,0,-2,4.4,1.2,-0.9,2.5,-1.3,-0.6,1.4,-0.4,-0.1,0.6
479887.642134,0,0,-2,4.4,1.2,-0.9,2.5,-1.3,-0.6,1.4,-0.4,-0.1,0.6
479887.653207,1,-0.1,-2,4.4,1.2,-0.9,2.5,-1.3,-0.6,1.4,-0.4,-0.1,0.6
479887.664341,0,-0.1,-2,4.4,1.2,-0.9,2.5,-1.3,-0.6,1.4,-0.4,-0.1,0.6
479887.675452,0,-0.1,-2,4.4,1.2,-0.9,2.5,-1.3,-0.6,1.4,-0.4,-0.1,0.6
479887.686555,0,-0.1,-2,4.4,1.2,-0.9,2.5,-1.3,-0.6,1.4,-0.4,-0.1,0.6
479887.697835,1,-0.1,-2,4.5,1.2,-0.9,2.5,-1.3,-0.6,1.4,-0.4,-0.1,0.6
479887.708826,0,-0.1,-2,4.5,1.2,-0.9,2.5,-1.3,-0.6,1.4,-0.4,-0.1,0.6
479887.719904,0,-0.1,-2,4.5,1.2,-0.9,2.5,-1.3,-0.6,1.4,-0.4,-0.1,0.6
479887.731056,0,-0.1,-2,4.5,1.2,-0.9,2.5,-1.3,-0.6,1.4,-0.4,-0.1,0.6
479887.742179,1,-0.2,-1.9,4.5,1.2,-0.9,2.5,-1.3,-0.6,1.4,-0.4,-0.1,0.6
479887.753188,0,-0.2,-1.9,4.5,1.2,-0.9,2.5,-1.3,-0.6,1.4,-0.4,-0.1,0.6
479887.764375,0,-0.2,-1.9,4.5,1.2,-0.9,2.5,-1.3,-0.6,1.4,-0.4,-0.1,0.6
479887.775436,0,-0.2,-1.9,4.5,1.2,-0.9,2.5,-1.3,-0.6,1.4,-0.4,-0.1,0.6
479887.786569,0,-0.2,-1.9,4.5,1.2,-0.9,2.5,-1.3,-0.6,1.4,-0.4,-0.1,0.6
479887.797834,1,-0.2,-1.9,4.5,1.2,-0.9,2.5,-1.2,-0.6,1.4,-0.4,-0.1,0.6
479887.808787,0,-0.2,-1.9,4.5,1.2,-0.9,2.5,-1.2,-0.6,1.4,-0.4,-0.1,0.6
479887.819887,0,-0.2,-1.9,4.5,1.2,-0.9,2.5,-1.2,-0.6,1.4,-0.4,-0.1,0.6
479887.831045,0,-0.2,-1.9,4.5,1.2,-0.9,2.5,-1.2,-0.6,1.4,-0.4,-0.1,0.6
479887.842213,1,-0.3,-1.9,4.5,1.2,-0.9,2.5,-1.2,-0.6,1.4,-0.4,-0.1,0.7
479887.853226,0,-0.3,-1.9,4.5,1.2,-0.9,2.5,-1.2,-0.6,1.4,-0.4,-0.1,0.7
479887.864340,0,-0.3,-1.9,4.5,1.2,-0.9,2.5,-1.2,-0.6,1.4,-0.4,-0.1,0.7
479887.875410,1,-0.3,-1.8,4.5,1.2,-0.9,2.5,-1.2,-0.6,1.4,-0.4,-0.1,0.7
479887.886560,1,-0.3,-1.8,4.5,1.3,-0.9,2.5,-1.2,-0.6,1.4,-0.4,-0.1,0.7
479887.898064,0,-0.3,-1.8,4.5,1.3,-0.9,2.5,-1.2,-0.6,1.4,-0.4,-0.1,0.7
479887.908828,0,-0.3,-1.8,4.5,1.3,-0.9,2.5,-1.2,-0.6,1.4,-0.4,-0.1,0.7
479887.919917,1,-0.3,-1.8,4.5,1.3,-0.9,2.5,-1.2,-0.7,1.4,-0.4,-0.1,0.7
479887.931030,1,-0.3,-1.8,4.5,1.3,-0.9,2.5,-1.2,-0.7,1.3,-0.4,-0.1,0.7
479887.942153,1,-0.3,-1.8,4.5,1.3,-0.9,2.5,-1.2,-0.7,1.3,-0.4,-0.1,0.6
479887.953202,1,-0.3,-1.7,4.5,1.3,-0.9,2.5,-1.2,-0.7,1.3,-0.4,-0.1,0.6
479887.964342,0,-0.3,-1.7,4.5,1.3,-0.9,2.5,-1.2,-0.7,1.3,-0.4,-0.1,0.6
479887.975479,1,-0.2,-1.7,4.5,1.3,-0.9,2.5,-1.2,-0.7,1.3,-0.4,-0.1,0.6
479887.986590,1,-0.2,-1.7,4.5,1.3,-1,2.5,-1.2,-0.7,1.3,-0.4,0,0.6
479887.997931,1,-0.1,-1.6,4.6,1.3,-1,2.4,-1.2,-0.7,1.3,-0.5,0,0.6
479888.008856,1,0,-1.6,4.6,1.2,-1,2.4,-1.2,-0.7,1.3,-0.8,0,0.7
479888.019932,1,0.1,-1.6,4.6,1.2,-1.1,2.3,-1.2,-0.8,1.3,-1,0.2,0.8
479888.031082,1,0.2,-1.5,4.6,1.2,-1.1,2.3,-1.2,-0.8,1.2,-1,0.2,0.8
479888.042184,1,0.4,-1.5,4.7,1.2,-1.1,2.3,-1.2,-0.8,1.2,-1,0.3,0.9
479888.053218,1,0.4,-1.5,4.7,1.2,-1.1,2.2,-1.1,-0.9,1.2,-1,0.5,1
479888.064339,1,0.5,-1.5,4.7,1.2,-1.1,2.1,-1.1,-1,1.2,-1,0.7,1.1
479888.075441,1,0.6,-1.5,4.6,1.2,-1.1,2.1,-1.1,-1.1,1.1,-0.9,0.8,1.2
479888.086625,1,0.8,-1.5,4.5,1.2,-1.1,2,-1,-1.2,1.1,-0.9,1,1.3
479888.097908,1,0.9,-1.5,4.4,1.1,-1.1,1.9,-0.9,-1.2,1.1,-0.9,1.1,1.3
479888.108887,1,1.1,-1.5,4.3,1.1,-1,1.8,-0.8,-1.3,1.1,-0.8,1.2,1.4
479888.119909,1,1.2,-1.5,4.2,1.1,-1,1.8,-0.8,-1.3,1.1,-0.8,1.2,1.4
479888.131058,1,1.2,-1.5,4.2,1.1,-0.9,1.7,-0.7,-1.4,1.1,-0.8,1.3,1.5
479888.142191,1,1.3,-1.5,4,1,-0.9,1.6,-0.7,-1.4,1.1,-0.8,1.4,1.5
479888.153206,1,1.3,-1.6,3.9,0.9,-0.8,1.5,-0.6,-1.4,1.1,-0.8,1.4,1.6
479888.164342,1,1.4,-1.6,3.8,0.9,-0.8,1.5,-0.6,-1.4,1.1,-0.8,1.4,1.6
479888.175452,1,1.5,-1.6,3.6,0.8,-0.7,1.4,-0.5,-1.4,1.1,-0.8,1.4,1.6
479888.186593,1,1.5,-1.6,3.5,0.8,-0.6,1.4,-0.5,-1.4,1.1,-0.8,1.5,1.6
479888.197890,0,1.5,-1.6,3.5,0.8,-0.6,1.4,-0.5,-1.4,1.1,-0.8,1.5,1.6
479888.208829,1,1.6,-1.6,3.5,0.7,-0.6,1.4,-0.4,-1.3,1.1,-0.8,1.5,1.6
479888.219855,1,1.6,-1.6,3.5,0.6,-0.6,1.4,-0.4,-1.3,1.1,-0.8,1.5,1.6
479888.231052,0,1.6,-1.6,3.5,0.6,-0.6,1.4,-0.4,-1.3,1.1,-0.8,1.5,1.6
479888.242149,1,1.7,-1.6,3.6,0.5,-0.6,1.4,-0.4,-1.3,1.1,-0.8,1.5,1.6
479888.253207,1,1.7,-1.6,3.6,0.5,-0.6,1.4,-0.4,-1.3,1.1,-0.8,1.4,1.6
479888.264345,1,1.7,-1.6,3.6,0.5,-0.6,1.4,-0.3,-1.3,1.1,-0.8,1.4,1.5
479888.275444,1,1.7,-1.6,3.6,0.5,-0.6,1.5,-0.3,-1.3,1.2,-0.8,1.4,1.5
479888.286643,0,1.7,-1.6,3.6,0.5,-0.6,1.5,-0.3,-1.3,1.2,-0.8,1.4,1.5
479888.297986,1,1.7,-1.6,3.6,0.5,-0.7,1.5,-0.3,-1.3,1.2,-0.8,1.4,1.5
479888.308861,1,1.7,-1.6,3.6,0.5,-0.7,1.5,-0.3,-1.3,1.2,-0.8,1.4,1.4
479888.319969,1,1.7,-1.6,3.6,0.5,-0.7,1.5,-0.3,-1.3,1.2,-0.8,1.3,1.4
479888.331126,0,1.7,-1.6,3.6,0.5,-0.7,1.5,-0.3,-1.3,1.2,-0.8,1.3,1.4
479888.342175,1,1.7,-1.6,3.6,0.5,-0.7,1.5,-0.3,-1.3,1.2,-0.8,1.2,1.3
479888.353280,1,1.6,-1.6,3.6,0.5,-0.7,1.5,-0.3,-1.3,1.2,-0.8,1.2,1.3
479888.364367,1,1.6,-1.7,3.6,0.5,-0.7,1.6,-0.3,-1.3,1.2,-0.8,1.2,1.3
479888.375457,1,1.5,-1.7,3.5,0.5,-0.7,1.6,-0.3,-1.2,1.2,-0.8,1.1,1.2
479888.386618,1,1.5,-1.7,3.5,0.5,-0.7,1.6,-0.3,-1.2,1.2,-0.9,1,1.2
479888.397922,1,1.4,-1.8,3.5,0.5,-0.7,1.7,-0.3,-1.1,1.2,-0.9,0.9,1.1
479888.408793,1,1.4,-1.8,3.5,0.5,-0.7,1.7,-0.3,-1.1,1.2,-0.9,0.8,1
479888.419879,1,1.3,-1.8,3.4,0.5,-0.7,1.7,-0.4,-1,1.2,-0.9,0.7,1
479888.431077,1,1.2,-1.8,3.4,0.5,-0.6,1.8,-0.4,-0.9,1.2,-1,0.6,0.9
479888.442099,1,1,-1.9,3.3,0.5,-0.6,1.9,-0.4,-0.9,1.2,-1,0.6,0.9
479888.453254,1,0.9,-1.9,3.2,0.5,-0.6,1.9,-0.4,-0.8,1.1,-1,0.5,0.8
479888.464388,1,0.8,-2,3.2,0.5,-0.5,2,-0.5,-0.7,1.1,-1,0.4,0.7
479888.475475,1,0.8,-2,3.2,0.5,-0.5,2,-0.5,-0.6,1.1,-1,0.3,0.6
479888.486567,1,0.7,-2,3.1,0.5,-0.5,2,-0.6,-0.5,1.1,-1,0.3,0.6
479888.497924,1,0.6,-2.1,3.1,0.6,-0.5,2.1,-0.6,-0.5,1.1,-1,0.2,0.5
479888.508885,1,0.5,-2.1,3,0.6,-0.5,2.1,-0.6,-0.4,1.1,-1,0.2,0.5
479888.519916,1,0.5,-2.2,3,0.6,-0.4,2.1,-0.6,-0.4,1.1,-1,0.1,0.5
479888.531067,1,0.4,-2.2,3,0.6,-0.4,2.2,-0.7,-0.3,1.1,-1.1,0.1,0.5
479888.542135,1,0.4,-2.2,3,0.6,-0.4,2.2,-0.7,-0.3,1.1,-1.1,0.1,0.4
479888.553209,1,0.4,-2.2,3,0.6,-0.4,2.2,-0.8,-0.3,1.1,-1.1,0.1,0.4
479888.564395,1,0.4,-2.2,3,0.7,-0.4,2.2,-0.8,-0.2,1.1,-1.2,0,0.4
479888.575505,1,0.3,-2.2,3,0.7,-0.4,2.3,-0.8,-0.2,1.1,-1.2,0,0.4
479888.586563,1,0.3,-2.2,3,0.7,-0.4,2.3,-0.9,-0.2,1.1,-1.2,0,0.4
479888.597996,1,0.3,-2.2,3,0.7,-0.4,2.3,-0.9,-0.2,1.1,-1.1,0,0.4
479888.608855,1,0.3,-2.2,3,0.7,-0.5,2.3,-0.9,-0.3,1.1,-1.1,0,0.4
479888.619939,1,0.3,-2.1,3.1,0.7,-0.5,2.3,-0.9,-0.3,1.1,-1,0,0.5
479888.631072,1,0.3,-2.1,3.1,0.7,-0.5,2.3,-0.9,-0.3,1.1,-0.9,0,0.5
479888.642097,1,0.4,-2.1,3.1,0.7,-0.5,2.3,-0.9,-0.3,1.1,-0.8,0,0.5
479888.653246,1,0.4,-2,3.2,0.7,-0.5,2.3,-0.9,-0.3,1.1,-0.8,0,0.5
479888.664341,1,0.4,-2,3.3,0.7,-0.6,2.2,-0.9,-0.4,1.1,-0.7,0,0.5
479888.675498,1,0.4,-1.9,3.3,0.7,-0.6,2.2,-0.9,-0.4,1.1,-0.7,0,0.6
479888.686593,1,0.4,-1.9,3.3,0.7,-0.6,2.2,-0.9,-0.4,1.1,-0.8,0.1,0.6
479888.697920,1,0.5,-1.9,3.4,0.7,-0.6,2.2,-0.9,-0.5,1.1,-0.9,0.1,0.7
479888.708794,1,0.5,-1.9,3.4,0.7,-0.6,2.1,-0.8,-0.5,1.1,-1,0.2,0.7
479888.719885,1,0.6,-1.8,3.5,0.7,-0.7,2.1,-0.8,-0.6,1.1,-1,0.3,0.8
479888.731074,1,0.7,-1.8,3.6,0.7,-0.7,2,-0.7,-0.7,1.1,-1,0.3,0.8
479888.742196,1,0.8,-1.8,3.6,0.7,-0.8,1.9,-0.7,-0.9,1.1,-1,0.4,0.9
479888.753245,1,0.8,-1.8,3.6,0.6,-0.8,1.8,-0.7,-0.9,1.1,-0.9,0.5,1
479888.764398,1,0.8,-1.7,3.7,0.6,-0.9,1.7,-0.6,-1,1.1,-0.9,0.6,1.1
479888.775534,1,0.9,-1.7,3.8,0.6,-0.9,1.7,-0.5,-1.1,1.1,-0.8,0.7,1.2
479888.786637,1,1,-1.7,3.9,0.6,-0.9,1.5,-0.5,-1.3,1.2,-0.7,0.8,1.2
479888.798589,1,1.1,-1.7,3.9,0.6,-1,1.4,-0.4,-1.4,1.2,-0.7,0.9,1.3
479888.808805,1,1.2,-1.7,4,0.5,-1,1.2,-0.3,-1.5,1.2,-0.7,0.9,1.3
479888.819938,1,1.2,-1.7,4,0.5,-1.1,1.1,-0.3,-1.6,1.2,-0.6,1,1.3
479888.831094,1,1.2,-1.8,4.1,0.4,-1.1,1,-0.3,-1.6,1.2,-0.6,1.1,1.4
479888.842419,1,1.3,-1.8,4.2,0.3,-1.1,0.9,-0.2,-1.7,1.3,-0.5,1.1,1.4
479888.853214,0,1.3,-1.8,4.2,0.3,-1.1,0.9,-0.2,-1.7,1.3,-0.5,1.1,1.4
479888.864354,1,1.4,-1.9,4.3,0.2,-1.1,0.8,-0.2,-1.6,1.2,-0.5,1.1,1.4
479888.875432,1,1.4,-1.9,4.3,0.1,-1.1,0.8,-0.2,-1.6,1.2,-0.5,1.1,1.4
479888.886567,1,1.4,-1.9,4.3,0.1,-1.1,0.9,-0.2,-1.5,1.2,-0.5,1.1,1.4
479888.898118,0,1.4,-1.9,4.3,0.1,-1.1,0.9,-0.2,-1.5,1.2,-0.5,1.1,1.4
479888.908872,1,1.4,-2,4.4,0,-1,1,-0.3,-1.4,1.2,-0.5,1,1.3
479888.919964,1,1.3,-2,4.4,0,-1,1,-0.3,-1.3,1.2,-0.5,1,1.3
479888.931145,1,1.3,-2,4.3,-0.1,-1,1,-0.3,-1.2,1.2,-0.6,0.9,1.3
479888.942169,1,1.2,-2,4.3,-0.1,-1,1.1,-0.4,-1.1,1.2,-0.6,0.8,1.2
479888.953266,1,1.2,-2,4.3,-0.1,-0.9,1.2,-0.4,-1,1.2,-0.6,0.8,1.2
479888.964419,1,1.1,-2,4.3,-0.2,-0.9,1.2,-0.5,-0.9,1.2,-0.7,0.7,1.1
479888.975539,1,1.1,-2,4.2,-0.2,-0.8,1.3,-0.5,-0.9,1.2,-0.7,0.6,1.1
479888.986627,1,0.9,-2,4.2,-0.2,-0.8,1.3,-0.5,-0.7,1.2,-0.7,0.5,1
479888.998021,1,0.8,-2,4.1,-0.2,-0.8,1.4,-0.6,-0.6,1.2,-0.7,0.4,0.9
479889.008848,1,0.7,-2.1,4,-0.2,-0.8,1.4,-0.7,-0.5,1.2,-0.5,0.1,0.7
479889.019943,1,0.7,-2.1,4,-0.2,-0.7,1.5,-0.7,-0.3,1.2,-0.4,0.1,0.6
479889.031100,1,0.6,-2.1,3.9,-0.2,-0.7,1.6,-0.8,-0.2,1.2,-0.4,0.1,0.6
479889.042166,1,0.5,-2.1,3.8,-0.2,-0.7,1.6,-0.8,-0.2,1.2,-0.4,0,0.6
479889.053228,1,0.5,-2.1,3.8,-0.2,-0.6,1.7,-0.8,-0.1,1.3,-0.4,0,0.6
479889.064412,1,0.4,-2.1,3.7,-0.2,-0.6,1.7,-0.9,-0.1,1.3,-0.4,0,0.6
479889.075546,1,0.4,-2.2,3.6,-0.2,-0.6,1.7,-0.9,0,1.3,-0.4,0,0.6
479889.086644,1,0.4,-2.2,3.6,-0.1,-0.6,1.8,-0.9,0,1.3,-0.4,0,0.6
479889.098189,1,0.3,-2.2,3.5,-0.1,-0.5,1.8,-1,0,1.3,-0.4,0,0.6
479889.108843,1,0.3,-2.2,3.4,-0.1,-0.5,1.8,-1,0.1,1.3,-0.5,-0.1,0.6
479889.119939,1,0.3,-2.2,3.4,-0.1,-0.5,1.9,-1,0.1,1.3,-0.6,-0.1,0.5
479889.131167,1,0.3,-2.2,3.3,-0.1,-0.5,1.9,-1,0.1,1.3,-0.7,-0.2,0.5
479889.142222,1,0.3,-2.2,3.3,-0.1,-0.5,1.9,-1.1,0,1.3,-0.7,-0.2,0.5
479889.153231,1,0.3,-2.2,3.3,-0.1,-0.4,1.9,-1.1,0,1.3,-0.6,-0.1,0.5
479889.164422,1,0.3,-2.2,3.2,0,-0.4,2,-1.1,0,1.3,-0.6,-0.1,0.5
479889.175543,0,0.3,-2.2,3.2,0,-0.4,2,-1.1,0,1.3,-0.6,-0.1,0.5
479889.186657,1,0.3,-2.2,3.2,0,-0.4,2,-1.1,0,1.3,-0.5,-0.1,0.5
479889.198018,1,0.3,-2.2,3.1,0,-0.4,2,-1.1,0,1.3,-0.5,-0.1,0.6
479889.208838,1,0.3,-2.2,3.1,0,-0.4,2,-1.1,0,1.3,-0.4,-0.1,0.6
479889.219948,1,0.3,-2.2,3.1,0,-0.4,2,-1,0,1.3,-0.4,0,0.6
479889.231148,0,0.3,-2.2,3.1,0,-0.4,2,-1,0,1.3,-0.4,0,0.6
479889.242212,1,0.3,-2.2,3.2,0,-0.5,1.9,-0.9,0,1.2,-0.4,0,0.6
479889.253272,1,0.4,-2.2,3.2,0,-0.5,1.9,-0.9,-0.1,1.2,-0.4,0,0.6
479889.264412,1,0.4,-2.1,3.3,0.1,-0.5,1.8,-0.8,-0.1,1.2,-0.4,0,0.6
479889.275506,0,0.4,-2.1,3.3,0.1,-0.5,1.8,-0.8,-0.1,1.2,-0.4,0,0.6
479889.286615,1,0.4,-2.1,3.3,0.1,-0.5,1.7,-0.7,-0.3,1.2,-0.7,0.2,0.8
479889.297936,1,0.4,-2.1,3.4,0.1,-0.6,1.7,-0.6,-0.4,1.1,-0.9,0.3,0.9
479889.308840,1,0.5,-2.1,3.5,0.1,-0.6,1.6,-0.5,-0.5,1.1,-0.8,0.5,1
479889.319941,1,0.5,-2.1,3.7,0.1,-0.6,1.5,-0.5,-0.7,1.1,-0.7,0.6,1.1
479889.331108,1,0.5,-2.1,3.8,0.1,-0.7,1.4,-0.4,-0.9,1.1,-0.7,0.6,1.1
479889.342167,1,0.6,-2.1,3.9,0.1,-0.7,1.4,-0.3,-1,1.1,-0.6,0.8,1.2
479889.353267,1,0.7,-2.1,4,0.1,-0.7,1.2,-0.2,-1.2,1.1,-0.5,0.9,1.3
479889.364385,1,0.7,-2.1,4,0.1,-0.8,1.1,-0.2,-1.2,1.1,-0.4,1,1.4
479889.375475,1,0.8,-2,4.1,0.1,-0.8,1,-0.2,-1.3,1.2,-0.3,1.1,1.4
479889.386591,1,0.9,-2,4.2,0.2,-0.9,0.9,-0.1,-1.4,1.2,-0.2,1.1,1.4
479889.397895,1,0.9,-2,4.2,0.3,-0.9,0.9,-0.1,-1.5,1.2,-0.2,1.2,1.4
479889.408848,1,1,-2,4.3,0.4,-0.9,0.9,-0.1,-1.6,1.2,-0.2,1.2,1.4
479889.419965,1,1.1,-2,4.3,0.4,-0.9,0.9,0,-1.5,1.2,-0.1,1.2,1.4
479889.431089,1,1.1,-2,4.3,0.4,-0.9,0.8,0,-1.5,1.2,-0.2,1.2,1.4
479889.442226,1,1.1,-2,4.3,0.3,-0.9,0.8,0,-1.5,1.2,-0.2,1.1,1.4
479889.453272,1,1.1,-2,4.3,0.2,-1,0.8,-0.1,-1.5,1.2,-0.2,1.1,1.3
479889.464389,1,1.1,-2,4.3,0.1,-1,0.8,-0.1,-1.4,1.1,-0.3,1,1.3
479889.475508,1,1.1,-2.1,4.2,0,-1,0.9,-0.1,-1.3,1.1,-0.3,0.9,1.2
479889.486606,1,1.1,-2.1,4.2,0,-1,0.9,-0.2,-1.2,1.1,-0.3,0.9,1.2
479889.497896,1,1.1,-2.1,4.2,0,-0.9,0.9,-0.2,-1.1,1.1,-0.4,0.8,1.2
479889.508811,1,1.1,-2.1,4.1,-0.1,-0.9,1,-0.3,-0.9,1.1,-0.5,0.8,1.1
479889.519964,1,1,-2.1,4,-0.1,-0.9,1.1,-0.3,-0.9,1.1,-0.6,0.6,1
479889.531078,1,0.9,-2.1,3.9,-0.1,-0.8,1.2,-0.4,-0.8,1.1,-0.6,0.5,0.9
479889.542176,1,0.9,-2.2,3.8,-0.1,-0.8,1.2,-0.5,-0.6,1.1,-0.4,0.1,0.7
479889.553261,1,0.8,-2.2,3.7,-0.1,-0.8,1.3,-0.6,-0.5,1.1,-0.3,0.1,0.6
479889.564369,1,0.8,-2.2,3.7,-0.1,-0.8,1.3,-0.7,-0.3,1.2,-0.3,0.1,0.6
479889.575504,1,0.7,-2.2,3.5,-0.1,-0.7,1.4,-0.7,-0.2,1.2,-0.3,0,0.6
479889.586630,1,0.7,-2.2,3.4,-0.1,-0.7,1.4,-0.8,-0.1,1.2,-0.3,0,0.6
479889.597934,1,0.7,-2.2,3.3,-0.1,-0.7,1.5,-0.8,-0.1,1.2,-0.3,0,0.6
479889.608878,1,0.6,-2.1,3.1,-0.1,-0.7,1.5,-0.9,0.1,1.2,-0.3,0,0.6
479889.619975,1,0.6,-2.1,2.9,-0.1,-0.7,1.4,-0.9,0.2,1.2,-0.3,0,0.6
479889.631147,1,0.6,-2.1,2.9,-0.1,-0.7,1.4,-0.9,0.3,1.2,-0.3,0,0.5
479889.642193,1,0.6,-2,2.7,-0.1,-0.7,1.4,-0.8,0.4,1.2,-0.3,0,0.5
479889.653248,1,0.6,-1.9,2.5,-0.1,-0.7,1.3,-0.8,0.4,1.2,-0.3,0,0.5
479889.664372,1,0.5,-1.8,2.3,-0.1,-0.6,1.2,-0.7,0.4,1.1,-0.3,0,0.5
479889.675517,1,0.5,-1.7,2.1,0,-0.6,1.2,-0.7,0.4,1.1,-0.4,-0.1,0.6
479889.686616,1,0.4,-1.6,1.9,0.3,-0.6,1.1,-0.7,0.4,1,-0.4,-0.1,0.5
479889.697941,1,0.4,-1.6,1.9,1,-0.5,1,-0.3,0.3,0.8,-0.3,0,0.5
479889.708822,1,0.3,-1.5,1.8,1,-0.5,1,0.2,0,0.5,-0.3,0,0.5
479889.719975,1,0.3,-1.4,1.7,0.9,-0.4,0.9,0.2,0,0.5,-0.3,0,0.4
479889.731147,1,0.2,-1.3,1.6,0.8,-0.4,0.8,0.2,0,0.5,-0.2,0,0.4
479889.742207,1,0.2,-1.2,1.6,0.8,-0.4,0.7,0.2,-0.1,0.6,-0.2,0,0.4
479889.753261,1,0.2,-1.2,1.7,0.7,-0.4,0.7,0.2,-0.1,0.6,-0.2,0.1,0.4
479889.764431,1,0.2,-1.2,1.7,0.7,-0.4,0.7,0.2,-0.1,0.6,-0.2,0.1,0.5
479889.775499,1,0.2,-1.3,1.7,0.7,-0.3,0.6,0.2,-0.1,0.7,-0.2,0.1,0.5
479889.786617,1,0.2,-1.3,1.8,0.7,-0.3,0.6,0.2,-0.1,0.8,-0.2,0.1,0.5
479889.798077,1,0.2,-1.4,1.9,0.7,-0.3,0.6,0.3,-0.1,0.9,-0.3,0.1,0.5
479889.808807,1,0.3,-1.4,2.1,0.7,-0.3,0.6,0.3,-0.2,1,-0.3,0.1,0.6
479889.819936,1,0.3,-1.5,2.2,0.7,-0.3,0.6,0.4,-0.2,1.1,-0.3,0.2,0.7
479889.831122,1,0.4,-1.6,2.3,0.7,-0.4,0.6,0.4,-0.2,1.1,-0.3,0.6,0.8
479889.842205,1,0.4,-1.6,2.3,0.7,-0.4,0.6,0.2,-0.6,1,-0.3,0.8,0.9
479889.853285,1,0.4,-1.7,2.5,0.7,-0.4,0.6,0.1,-1,0.8,-0.3,0.8,0.9
479889.864389,1,0.4,-1.7,2.6,0.8,-0.4,0.6,0.1,-1,0.8,-0.3,0.8,0.9
479889.875459,1,0.5,-1.8,2.7,0.8,-0.4,0.6,0.1,-1.1,0.8,-0.3,0.8,0.9
479889.886640,1,0.5,-1.8,2.8,0.8,-0.4,0.7,0.1,-1.1,0.8,-0.3,0.8,1
479889.898104,1,0.5,-1.9,2.9,0.9,-0.4,0.7,0.1,-1.1,0.9,-0.3,0.8,1
479889.908878,0,0.5,-1.9,2.9,0.9,-0.4,0.7,0.1,-1.1,0.9,-0.3,0.8,1
479889.919952,1,0.6,-1.9,3,0.9,-0.5,0.8,0.1,-1.1,0.9,-0.3,0.8,1
479889.931117,1,0.6,-1.9,3.1,1,-0.5,0.8,0,-1.1,0.9,-0.3,0.8,1
479889.942159,1,0.6,-1.9,3.1,1,-0.5,0.8,0,-1,0.9,-0.3,0.7,0.9
479889.953239,1,0.6,-1.9,3.1,1,-0.5,0.9,-0.1,-1,0.9,-0.3,0.6,0.9
479889.964423,1,0.6,-1.9,3.1,1,-0.5,0.9,-0.1,-0.9,1,-0.3,0.4,0.7
479889.975494,1,0.6,-1.8,3.1,1.1,-0.6,0.9,-0.1,-0.9,1,-0.3,0.2,0.6
479889.986638,1,0.6,-1.8,3.1,1.1,-0.6,0.9,-0.2,-0.9,1,-0.2,0.1,0.6
479889.998000,1,0.6,-1.8,3.1,1.2,-0.6,1,-0.3,-0.8,1,-0.3,0.1,0.6
479890.008888,1,0.6,-1.7,3.1,1.2,-0.6,1,-0.4,-0.7,1,-0.3,0.1,0.6
479890.019897,1,0.5,-1.7,3,1.2,-0.6,1,-0.5,-0.6,1.1,-0.3,0.1,0.6
479890.031384,1,0.5,-1.7,3,1.2,-0.6,1,-0.6,-0.5,1.1,-0.3,0.1,0.6
479890.042190,1,0.5,-1.7,3,1.2,-0.6,1.1,-0.7,-0.4,1.2,-0.3,0.1,0.5
479890.053273,1,0.5,-1.7,3,1.2,-0.7,1.1,-0.7,-0.4,1.2,-0.3,0.1,0.5
479890.064430,1,0.5,-1.6,2.9,0.9,-0.7,1.1,-0.7,-0.3,1.2,-0.3,0,0.5
479890.075563,1,0.5,-1.6,2.9,0.5,-0.7,1,-0.8,-0.2,1.2,-0.3,0,0.5
479890.086660,1,0.5,-1.6,2.8,0.2,-0.8,1,-0.8,-0.2,1.3,-0.3,0,0.5
479890.098031,1,0.5,-1.6,2.8,0,-0.8,1,-0.8,-0.1,1.3,-0.3,0,0.5
479890.109190,1,0.5,-1.6,2.8,0,-0.8,1,-0.9,-0.1,1.3,-0.3,0,0.6
479890.119918,1,0.4,-1.6,2.8,0,-0.8,1,-0.9,0,1.3,-0.4,0,0.6
479890.131126,1,0.4,-1.6,2.7,0,-0.8,1,-0.9,0,1.3,-0.4,0,0.6
479890.142205,0,0.4,-1.6,2.7,0,-0.8,1,-0.9,0,1.3,-0.4,0,0.6
479890.153250,1,0.3,-1.6,2.7,0,-0.8,1,-0.9,0,1.3,-0.4,0,0.6
479890.164433,1,0.3,-1.6,2.7,0.1,-0.8,0.9,-0.8,0,1.3,-0.4,0,0.6
479890.175564,0,0.3,-1.6,2.7,0.1,-0.8,0.9,-0.8,0,1.3,-0.4,0,0.6
479890.186666,1,0.3,-1.6,2.7,0.4,-0.8,1,-0.8,0,1.3,-0.4,0,0.6
479890.198014,1,0.2,-1.7,2.7,0.8,-0.8,1,-0.7,0,1.3,-0.4,0,0.6
479890.208810,1,0.2,-1.7,2.8,1.2,-0.7,1.1,-0.7,0,1.3,-0.4,0,0.6
479890.219946,1,0.1,-1.8,2.8,1.3,-0.7,1.1,-0.7,-0.1,1.3,-0.3,0.1,0.6
479890.231148,1,0.1,-1.8,2.8,1.3,-0.7,1.1,-0.6,-0.1,1.3,-0.3,0.1,0.6
479890.242227,1,0.1,-1.8,2.8,1.3,-0.7,1,-0.5,-0.2,1.2,-0.4,0.1,0.6
479890.253210,1,0.1,-1.9,2.8,1.3,-0.7,1,-0.5,-0.3,1.2,-0.4,0.1,0.6
479890.264381,1,0,-2,2.9,1.2,-0.6,1,-0.4,-0.4,1.2,-0.5,0.2,0.6
479890.275505,1,0,-2,2.9,1.2,-0.6,1,-0.3,-0.5,1.2,-0.7,0.4,0.7
479890.286692,1,0,-2.1,3,1.2,-0.6,0.9,-0.3,-0.5,1.2,-0.7,0.4,0.7
479890.298044,1,0,-2.1,3,1.1,-0.6,0.8,-0.2,-0.6,1.1,-0.7,0.6,0.8
479890.308886,1,0,-2.1,3,1.1,-0.5,0.8,-0.2,-0.7,1.1,-0.7,0.7,0.8
479890.319983,1,0,-2.1,3,1.1,-0.5,0.8,-0.1,-0.8,1.1,-0.6,0.7,0.9
479890.331159,1,0,-2.2,3.1,1,-0.5,0.8,-0.1,-0.9,1.1,-0.6,0.8,0.9
479890.342219,1,0,-2.2,3.1,1,-0.5,0.7,-0.1,-1,1.1,-0.5,0.8,0.9
479890.353300,1,0,-2.2,3.2,1,-0.5,0.7,-0.1,-1.1,1.1,-0.5,0.8,0.9
479890.364456,1,0.1,-2.2,3.2,1,-0.5,0.7,-0.1,-1.1,1.1,-0.5,0.8,0.9
479890.375578,1,0.1,-2.1,3.2,1,-0.5,0.8,-0.1,-1.1,1.2,-0.5,0.8,0.9
479890.386693,0,0.1,-2.1,3.2,1,-0.5,0.8,-0.1,-1.1,1.2,-0.5,0.8,0.9
479890.398069,1,0.1,-2.1,3.2,1,-0.5,0.8,-0.1,-1.1,1.2,-0.4,0.7,0.8
479890.408852,1,0.1,-2.1,3.2,1,-0.5,0.8,-0.2,-1,1.2,-0.4,0.5,0.7
479890.419976,1,0.1,-2.1,3.1,1.1,-0.5,0.9,-0.2,-1,1.2,-0.3,0.2,0.6
479890.432079,1,0.1,-2.1,3.1,1.1,-0.5,0.9,-0.3,-0.8,1.2,-0.3,0.2,0.7
479890.442163,1,0.1,-2,3.1,1.1,-0.6,1,-0.3,-0.8,1.2,-0.3,0.2,0.7
479890.453273,1,0.1,-2,3.1,1.2,-0.6,1,-0.4,-0.7,1.2,-0.3,0.1,0.7
479890.464440,1,0,-2,3,1.2,-0.6,1,-0.5,-0.6,1.2,-0.3,0.1,0.6
479890.475562,1,0,-2,2.9,1.2,-0.6,1,-0.6,-0.4,1.3,-0.3,0.1,0.6
479890.486682,1,0,-2,2.8,1.2,-0.6,1.1,-0.7,-0.2,1.3,-0.3,0.1,0.6
479890.497910,1,0,-1.9,2.8,1.2,-0.6,1.1,-0.7,-0.1,1.4,-0.3,0.1,0.6
479890.508850,1,0,-1.9,2.7,1,-0.6,1.1,-0.8,0,1.4,-0.3,0.1,0.6
479890.519971,1,0,-1.9,2.7,0.5,-0.7,1.1,-0.8,0,1.4,-0.3,0.1,0.6
479890.531110,1,0,-1.9,2.7,0.2,-0.7,1.1,-0.8,0.1,1.4,-0.3,0,0.6
479890.542198,1,0,-1.9,2.6,0.2,-0.7,1.1,-0.9,0.1,1.4,-0.4,0,0.6
479890.553298,1,0,-1.8,2.6,0.1,-0.7,1.1,-0.9,0.1,1.4,-0.4,0,0.6
479890.564390,0,0,-1.8,2.6,0.1,-0.7,1.1,-0.9,0.1,1.4,-0.4,0,0.6
479890.575496,1,0,-1.8,2.5,0.1,-0.7,1.1,-0.9,0.1,1.4,-0.3,0,0.5
479890.586684,0,0,-1.8,2.5,0.1,-0.7,1.1,-0.9,0.1,1.4,-0.3,0,0.5
479890.598065,1,0,-1.8,2.5,0.2,-0.7,1,-0.9,0.1,1.4,-0.3,0,0.5
479890.608869,1,0,-1.8,2.5,0.3,-0.7,1,-0.9,0,1.4,-0.3,0,0.5
479890.619970,1,0,-1.8,2.6,0.3,-0.7,1,-0.8,-0.1,1.4,-0.4,0,0.6
479890.631152,1,0.1,-1.8,2.6,0.7,-0.7,1.1,-0.8,-0.2,1.3,-0.4,0,0.6
479890.642211,1,0.1,-1.7,2.6,1.2,-0.7,1.1,-0.7,-0.3,1.3,-0.4,0,0.7
479890.653339,1,0.1,-1.7,2.6,1.3,-0.7,1.1,-0.7,-0.4,1.3,-0.4,0.1,0.7
479890.664416,1,0.1,-1.8,2.7,1.3,-0.6,1.1,-0.7,-0.4,1.3,-0.4,0.1,0.7
479890.675578,1,0.1,-1.8,2.7,1.3,-0.6,1,-0.6,-0.6,1.2,-0.4,0.1,0.7
479890.686663,1,0.1,-1.8,2.8,1.3,-0.6,1,-0.5,-0.7,1.2,-0.3,0.1,0.5
479890.697984,1,0.2,-1.8,2.9,1.2,-0.6,0.9,-0.4,-0.9,1.2,-0.3,0.1,0.6
479890.708796,1,0.2,-1.8,2.9,1.1,-0.6,0.8,-0.3,-1,1.1,-0.2,0.1,0.6
479890.719983,1,0.2,-1.8,2.9,1.1,-0.5,0.8,-0.2,-1.2,1.1,-0.2,0.1,0.6
479890.731123,1,0.3,-1.8,3,1,-0.5,0.6,-0.1,-1.3,1.1,-0.2,0.1,0.6
479890.742195,1,0.3,-1.8,3.1,1,-0.4,0.6,-0.1,-1.3,1.1,-0.2,0.1,0.6
479890.753224,1,0.4,-1.8,3.2,1,-0.4,0.6,0,-1.4,1.1,-0.2,0.1,0.6
479890.764434,1,0.5,-1.8,3.2,0.9,-0.4,0.6,0,-1.5,1.1,-0.2,0.2,0.6
479890.775529,1,0.6,-1.9,3.3,1,-0.5,0.6,0.1,-1.5,1.1,-0.2,0.2,0.7
479890.786664,1,0.6,-1.9,3.4,1,-0.5,0.6,0.1,-1.5,1.1,-0.2,0.2,0.7
479890.798018,1,0.6,-1.9,3.4,1,-0.5,0.5,0.1,-1.5,1.1,-0.2,0.2,0.7
479890.808818,1,0.7,-1.9,3.4,1,-0.5,0.5,0.1,-1.5,1.1,-0.2,0.1,0.6
479890.819938,1,0.7,-1.9,3.4,1,-0.5,0.6,0.1,-1.5,1.1,-0.2,0.1,0.6
479890.831074,1,0.8,-1.9,3.4,1,-0.5,0.6,0.2,-1.4,1,-0.2,0.1,0.6
479890.842185,1,0.8,-1.9,3.4,1,-0.5,0.6,0.1,-1.4,1,-0.2,0.1,0.6
479890.853233,1,0.8,-1.9,3.4,1.1,-0.5,0.6,0.1,-1.3,1.1,-0.2,0.1,0.6
479890.864397,1,0.8,-1.9,3.4,1.1,-0.5,0.6,0.1,-1.2,1.1,-0.2,0.1,0.5
479890.875509,1,0.7,-1.9,3.3,1.1,-0.5,0.6,0,-1,1.1,-0.2,0.1,0.5
479890.886624,1,0.7,-1.9,3.3,1.1,-0.6,0.7,-0.1,-0.9,1.1,-0.2,0.1,0.5
479890.898026,1,0.6,-1.9,3.2,1.1,-0.6,0.7,-0.1,-0.7,1.2,-0.2,0.1,0.5
479890.908829,1,0.6,-2,3.1,1.2,-0.6,0.7,-0.1,-0.7,1.2,-0.2,0.1,0.5
479890.919927,1,0.5,-2,3,1.2,-0.6,0.7,-0.2,-0.5,1.2,-0.2,0.1,0.5
479890.931139,1,0.5,-2,3,1.2,-0.6,0.8,-0.3,-0.3,1.3,-0.2,0.1,0.5
479890.942189,1,0.4,-2,2.9,1.2,-0.6,0.8,-0.4,-0.2,1.3,-0.2,0.1,0.5
479890.964404,1,0.3,-2,2.7,1.3,-0.7,0.9,-0.6,0.3,1.5,-0.2,0,0.5
479890.975501,1,0.2,-2,2.6,1.3,-0.7,0.9,-0.6,0.3,1.5,-0.2,0,0.5
479890.986624,1,0.2,-2,2.6,1.4,-0.7,1,-0.6,0.4,1.6,-0.2,0,0.5
479890.997973,0,0.2,-2,2.6,1.4,-0.7,1,-0.6,0.4,1.6,-0.2,0,0.5
479891.008839,1,0.2,-1.9,2.4,1.4,-0.8,1,-0.7,0.6,1.7,-0.3,0,0.5
479891.019958,1,0.2,-1.9,2.3,1.4,-0.8,1,-0.7,0.6,1.7,-0.3,0,0.5
479891.031137,1,0.2,-1.9,2.3,1.5,-0.8,1,-0.7,0.6,1.7,-0.3,0,0.5
479891.042205,1,0.2,-1.9,2.2,1.5,-0.8,1.1,-0.7,0.7,1.7,-0.3,0,0.5
479891.053271,1,0.2,-1.9,2.2,1.5,-0.8,1.1,-0.7,0.7,1.7,-0.3,0,0.6
479891.064460,1,0.2,-1.8,2.2,1.5,-0.8,1.1,-0.7,0.7,1.7,-0.3,0,0.6
479891.075528,0,0.2,-1.8,2.2,1.5,-0.8,1.1,-0.7,0.7,1.7,-0.3,0,0.6
479891.086641,1,0.1,-1.8,2.2,1.5,-0.8,1,-0.7,0.7,1.7,-0.3,0,0.6
479891.097993,0,0.1,-1.8,2.2,1.5,-0.8,1,-0.7,0.7,1.7,-0.3,0,0.6
479891.108832,1,0.1,-1.8,2.2,1.5,-0.8,1,-0.7,0.6,1.6,-0.4,0,0.6
479891.119950,1,0.1,-1.8,2.2,1.4,-0.7,1,-0.6,0.6,1.6,-0.4,0,0.6
479891.131121,1,0,-1.8,2.2,1.4,-0.7,1,-0.6,0.6,1.6,-0.4,0,0.6
479891.142189,1,0,-1.9,2.2,1.3,-0.7,0.9,-0.6,0.5,1.5,-0.3,0,0.6
479891.153286,1,0,-1.9,2.3,1.3,-0.7,0.9,-0.5,0.4,1.5,-0.3,0,0.6
479891.164395,1,-0.1,-2,2.3,1.3,-0.7,0.9,-0.4,0.3,1.4,-0.3,0,0.6
479891.175525,1,-0.1,-2,2.4,1.2,-0.6,0.8,-0.4,0.1,1.3,-0.3,0,0.6
479891.186635,1,-0.1,-2,2.5,1.1,-0.5,0.7,-0.2,0,1.2,-0.3,0,0.6
479891.198028,1,-0.1,-2,2.5,1.1,-0.5,0.7,0.1,-0.2,1.2,-0.3,0,0.6
479891.208806,1,-0.1,-2.1,2.5,1,-0.5,0.6,0.1,-0.2,1.2,-0.3,0,0.6
479891.219934,1,-0.1,-2.1,2.6,1,-0.5,0.6,0.2,-0.3,1.2,-0.3,0,0.6
479891.231146,1,0,-2.1,2.7,1,-0.5,0.6,0.1,-0.5,1.2,-0.3,0,0.6
479891.242220,1,0,-2.1,2.7,1,-0.4,0.6,0,-0.7,1.1,-0.3,0,0.6
479891.253338,1,0,-2.1,2.8,0.9,-0.4,0.6,0,-0.9,1,-0.3,0.1,0.6
479891.264431,1,0,-2.1,2.8,0.9,-0.4,0.6,0.1,-1,1,-0.2,0.1,0.6
479891.275516,1,0,-2.1,2.8,0.9,-0.4,0.6,0.1,-1,1,-0.2,0.1,0.5
479891.286672,1,0.1,-2.1,2.8,0.9,-0.4,0.6,0.1,-1,1,-0.2,0.1,0.5
479891.298078,1,0.1,-2,2.9,0.9,-0.4,0.6,0.1,-1,1.1,-0.2,0.1,0.5
479891.308925,1,0.1,-2,2.8,0.9,-0.4,0.6,0,-1,1.1,-0.2,0.1,0.5
479891.320021,1,0.1,-1.9,2.8,1,-0.4,0.6,0,-0.9,1.1,-0.2,0,0.5
479891.331210,1,0.1,-1.9,2.8,1,-0.4,0.6,-0.1,-0.8,1.1,-0.2,0,0.5
479891.342243,1,0.1,-1.9,2.8,1,-0.4,0.6,-0.1,-0.6,1.2,-0.2,0,0.5
479891.353331,1,0.2,-1.9,2.7,1,-0.4,0.6,-0.2,-0.5,1.2,-0.2,0,0.5
479891.364390,1,0.2,-1.8,2.7,1.1,-0.5,0.7,-0.2,-0.5,1.2,-0.2,0,0.5
479891.375481,1,0.2,-1.7,2.6,1.1,-0.5,0.7,-0.2,-0.3,1.2,-0.2,0,0.5
479891.386642,1,0.2,-1.7,2.5,1.1,-0.5,0.7,-0.3,-0.1,1.3,-0.2,0,0.5
479891.397965,1,0.2,-1.6,2.4,1.1,-0.5,0.7,-0.4,0,1.4,-0.2,0,0.5
479891.408804,1,0.2,-1.6,2.4,1.2,-0.6,0.8,-0.5,0.2,1.4,-0.3,0,0.5
479891.419953,1,0.3,-1.6,2.3,1.2,-0.6,0.9,-0.5,0.3,1.5,-0.3,0,0.5
479891.431164,1,0.3,-1.5,2.2,1.2,-0.6,0.9,-0.6,0.5,1.6,-0.3,0,0.5
479891.442224,1,0.3,-1.5,2.1,1.3,-0.6,0.9,-0.6,0.5,1.6,-0.3,0,0.5
479891.453344,1,0.3,-1.4,2.1,1.3,-0.6,0.9,-0.6,0.6,1.6,-0.3,0,0.5
479891.464484,1,0.4,-1.3,2,1.3,-0.7,0.9,-0.6,0.7,1.6,-0.3,0,0.5
479891.475549,1,0.4,-1.3,2,1.3,-0.7,0.9,-0.7,0.7,1.7,-0.3,0,0.5
479891.486705,1,0.4,-1.2,1.9,1.3,-0.7,0.9,-0.7,0.7,1.7,-0.3,0,0.5
479891.498072,0,0.4,-1.2,1.9,1.3,-0.7,0.9,-0.7,0.7,1.7,-0.3,0,0.5
479891.508866,1,0.4,-1.1,1.9,1.3,-0.7,0.9,-0.7,0.7,1.7,-0.3,0,0.5
479891.519997,1,0.3,-1.1,1.8,1.3,-0.7,0.9,-0.7,0.7,1.7,-0.3,0,0.5
479891.531176,1,0.3,-1,1.8,1.3,-0.7,0.9,-0.6,0.6,1.6,-0.3,0,0.5
479891.542216,1,0.3,-1,1.8,1.3,-0.7,0.9,-0.6,0.5,1.6,-0.3,0,0.5
479891.553293,1,0.3,-1,1.8,1.3,-0.7,0.9,-0.6,0.3,1.5,-0.3,0.1,0.5
479891.564454,1,0.2,-1,1.9,1.3,-0.7,0.9,-0.5,0.2,1.4,-0.3,0.1,0.5
479891.575549,1,0.2,-1,1.9,1.2,-0.6,0.8,-0.4,0,1.3,-0.3,0.1,0.5
479891.586686,1,0.2,-1,2,1.2,-0.6,0.8,-0.3,-0.3,1.2,-0.3,0.1,0.5
479891.598081,1,0.2,-1,2,1.2,-0.6,0.7,-0.3,-0.3,1.2,-0.2,0.1,0.5
479891.608846,1,0.2,-1.1,2.1,1.1,-0.5,0.7,-0.2,-0.5,1.2,-0.2,0.1,0.5
479891.620031,1,0.2,-1.1,2.1,1.1,-0.5,0.6,-0.2,-0.7,1.1,-0.2,0.1,0.5
479891.631133,1,0.2,-1.1,2.2,1,-0.5,0.6,-0.1,-0.9,1.1,-0.2,0.1,0.5
479891.642193,1,0.2,-1.2,2.3,1,-0.4,0.5,0,-1,1.1,-0.2,0.1,0.5
479891.653276,1,0.2,-1.2,2.4,1,-0.4,0.5,0,-1.2,1.1,-0.2,0.1,0.5
479891.664418,1,0.3,-1.2,2.4,1,-0.4,0.5,0.1,-1.2,1.1,-0.2,0.1,0.5
479891.675488,1,0.3,-1.3,2.5,0.9,-0.4,0.5,0.1,-1.2,1.1,-0.2,0.1,0.5
479891.686671,1,0.3,-1.3,2.5,0.9,-0.4,0.4,0.1,-1.3,1.1,-0.1,0.1,0.5
479891.697947,1,0.3,-1.3,2.6,0.9,-0.4,0.4,0.1,-1.3,1.1,-0.1,0.1,0.5
479891.708812,1,0.3,-1.3,2.6,0.9,-0.4,0.4,0.1,-1.2,1.1,-0.1,0.1,0.5
479891.720083,1,0.4,-1.3,2.6,0.8,-0.4,0.4,0.1,-1.1,1.1,-0.1,0.1,0.5
479891.731161,1,0.4,-1.3,2.6,0.8,-0.4,0.4,0.1,-1,1.1,-0.1,0.1,0.5
479891.742234,1,0.4,-1.3,2.6,0.9,-0.4,0.4,0,-0.8,1.2,-0.1,0.1,0.5
479891.753313,1,0.4,-1.3,2.6,0.9,-0.4,0.5,0,-0.8,1.2,-0.1,0.1,0.4
479891.764473,1,0.5,-1.3,2.6,0.9,-0.4,0.5,-0.1,-0.6,1.2,-0.1,0.1,0.4
479891.775578,1,0.5,-1.3,2.5,0.9,-0.4,0.5,-0.1,-0.5,1.3,-0.1,0.1,0.4
479891.786711,1,0.5,-1.3,2.4,0.9,-0.4,0.6,-0.2,-0.3,1.4,-0.1,0.1,0.4
479891.798009,1,0.5,-1.2,2.3,0.9,-0.4,0.6,-0.3,-0.1,1.5,-0.1,0.1,0.4
479891.808804,1,0.5,-1.2,2.3,0.9,-0.4,0.6,-0.4,0.1,1.5,-0.1,0.1,0.4
479891.819982,1,0.5,-1.2,2.3,0.9,-0.5,0.6,-0.4,0.2,1.6,-0.2,0.1,0.4
479891.831117,1,0.6,-1.2,2.2,1,-0.5,0.6,-0.4,0.2,1.6,-0.2,0.1,0.4
479891.842253,1,0.6,-1.1,2,1,-0.5,0.7,-0.5,0.4,1.7,-0.2,0,0.4
479891.853346,1,0.6,-1.1,1.9,1,-0.5,0.7,-0.5,0.5,1.7,-0.2,0,0.4
479891.864490,1,0.6,-1,1.8,1,-0.5,0.7,-0.6,0.6,1.7,-0.2,0,0.4
479891.875570,1,0.6,-1,1.7,1.1,-0.6,0.8,-0.6,0.6,1.8,-0.2,0,0.4
479891.886697,1,0.5,-1,1.7,1.2,-0.6,0.8,-0.6,0.7,1.8,-0.2,0,0.4
479891.898103,1,0.5,-1,1.7,1.2,-0.6,0.8,-0.6,0.7,1.8,-0.2,0,0.5
479891.908888,1,0.5,-1,1.6,1.2,-0.6,0.8,-0.6,0.7,1.8,-0.2,0,0.5
479891.919999,1,0.5,-0.9,1.6,1.2,-0.6,0.8,-0.6,0.6,1.8,-0.3,0,0.5
479891.931184,1,0.4,-1,1.6,1.2,-0.6,0.8,-0.6,0.6,1.8,-0.3,0,0.5
479891.942262,1,0.3,-1,1.6,1.2,-0.6,0.8,-0.6,0.6,1.7,-0.3,0,0.5
479891.953273,1,0.3,-1,1.6,1.2,-0.6,0.8,-0.5,0.5,1.7,-0.3,0,0.5
479891.964451,1,0.3,-1,1.6,1.3,-0.6,0.8,-0.5,0.4,1.6,-0.3,0,0.5
479891.975550,1,0.2,-1.1,1.6,1.2,-0.6,0.8,-0.4,0.3,1.6,-0.3,0,0.5
479891.986704,1,0.2,-1.1,1.6,1.1,-0.5,0.7,-0.4,0.3,1.6,-0.2,0,0.5
479891.998093,1,0.1,-1.2,1.7,1.1,-0.5,0.6,-0.3,0,1.4,-0.2,0.1,0.5
479892.009007,1,0,-1.3,1.8,1.1,-0.5,0.6,-0.3,-0.2,1.3,-0.2,0.1,0.5
479892.020039,1,0,-1.3,1.8,1,-0.4,0.6,-0.2,-0.3,1.3,-0.2,0.1,0.5
479892.031182,1,0,-1.4,1.8,0.9,-0.4,0.5,-0.1,-0.5,1.2,-0.2,0.1,0.5
479892.042287,1,0,-1.4,1.8,0.9,-0.4,0.5,-0.1,-0.6,1.2,-0.2,0.1,0.5
479892.053396,1,0,-1.5,1.9,0.8,-0.4,0.4,-0.1,-0.6,1.2,-0.2,0.1,0.5
479892.064502,1,0.1,-1.5,2,0.8,-0.4,0.4,0,-0.8,1.1,-0.2,0.1,0.5
479892.075582,1,0.1,-1.6,2.1,0.8,-0.3,0.4,0,-0.9,1.1,-0.2,0.1,0.5
479892.086739,1,0.1,-1.6,2.1,0.9,-0.4,0.5,0.1,-1,1.1,-0.2,0.1,0.4
479892.098145,1,0.1,-1.6,2.1,0.9,-0.3,0.5,0.1,-1.1,1,-0.2,0.1,0.4
479892.108836,1,0.1,-1.6,2.2,0.8,-0.3,0.4,0.1,-1.1,1,-0.1,0.1,0.4
479892.119956,1,0.2,-1.6,2.2,0.8,-0.3,0.4,0.1,-1.1,1,-0.1,0.1,0.4
479892.131209,1,0.2,-1.6,2.3,0.8,-0.3,0.4,0.1,-1.1,1,-0.1,0.1,0.4
479892.142300,1,0.2,-1.6,2.3,0.8,-0.3,0.4,0.1,-1.1,1.1,-0.1,0.1,0.4
479892.153398,1,0.3,-1.6,2.3,0.8,-0.3,0.4,0.1,-1,1.1,-0.1,0.1,0.4
479892.164454,1,0.3,-1.6,2.3,0.8,-0.3,0.4,0,-1,1.1,-0.1,0.1,0.4
479892.175619,1,0.3,-1.6,2.3,0.8,-0.3,0.5,0,-0.9,1.2,-0.1,0.1,0.4
479892.186682,1,0.3,-1.6,2.3,0.8,-0.4,0.5,-0.1,-0.7,1.2,-0.1,0.1,0.4
479892.198460,1,0.4,-1.5,2.2,0.8,-0.4,0.5,-0.1,-0.6,1.3,-0.1,0.1,0.3
479892.208894,0,0.4,-1.5,2.2,0.8,-0.4,0.5,-0.1,-0.6,1.3,-0.1,0.1,0.3
479892.220021,1,0.4,-1.5,2.1,0.9,-0.4,0.5,-0.2,-0.4,1.4,-0.1,0.1,0.3
479892.231189,1,0.4,-1.5,2.1,0.7,-0.3,0.4,-0.3,-0.3,1.5,-0.1,0.1,0.3
479892.242268,1,0.5,-1.4,2,0.8,-0.3,0.5,-0.4,-0.1,1.5,-0.1,0.1,0.3
479892.253398,1,0.5,-1.4,1.9,0.8,-0.3,0.5,-0.4,0,1.6,-0.1,0.1,0.3
479892.264460,1,0.5,-1.4,1.8,0.8,-0.3,0.5,-0.5,0.2,1.7,-0.1,0.1,0.3
479892.275562,1,0.5,-1.4,1.7,0.9,-0.4,0.5,-0.5,0.3,1.7,-0.1,0.1,0.3
479892.286678,1,0.5,-1.3,1.7,0.9,-0.4,0.5,-0.5,0.3,1.7,-0.1,0.1,0.3
479892.298432,1,0.5,-1.3,1.7,0.9,-0.4,0.5,-0.5,0.4,1.8,-0.1,0,0.3
479892.308916,1,0.5,-1.3,1.6,0.9,-0.4,0.5,-0.6,0.5,1.8,-0.1,0,0.3
479892.320064,0,0.5,-1.3,1.6,0.9,-0.4,0.5,-0.6,0.5,1.8,-0.1,0,0.3
479892.331160,1,0.4,-1.4,1.5,0.9,-0.4,0.5,-0.6,0.6,1.8,-0.1,0,0.3
479892.342248,1,0.4,-1.4,1.5,1,-0.4,0.5,-0.5,0.6,1.8,-0.2,0,0.3
479892.353419,1,0.3,-1.4,1.5,1,-0.4,0.5,-0.5,0.6,1.8,-0.2,0,0.3
479892.364504,1,0.3,-1.4,1.5,1,-0.4,0.5,-0.5,0.5,1.8,-0.2,0,0.3
479892.375591,0,0.3,-1.4,1.5,1,-0.4,0.5,-0.5,0.5,1.8,-0.2,0,0.3
479892.386737,1,0.2,-1.5,1.5,1,-0.4,0.5,-0.5,0.5,1.7,-0.2,0,0.3
479892.398124,1,0.2,-1.5,1.5,1,-0.4,0.5,-0.4,0.4,1.7,-0.2,0,0.3
479892.408882,1,0.2,-1.6,1.5,1,-0.4,0.5,-0.4,0.4,1.6,-0.2,0,0.3
479892.420041,1,0.1,-1.6,1.5,1,-0.4,0.5,-0.4,0.3,1.6,-0.2,0,0.3
479892.431170,1,0.1,-1.6,1.5,1,-0.4,0.5,-0.3,0.2,1.5,-0.2,0,0.3
479892.442272,1,0.1,-1.6,1.5,0.9,-0.4,0.4,-0.3,0.2,1.5,-0.2,0.1,0.3
479892.453385,1,0.1,-1.7,1.5,0.9,-0.3,0.4,-0.3,0.2,1.5,-0.2,0.1,0.4
479892.464435,1,0.1,-1.7,1.5,0.8,-0.3,0.3,-0.2,0.1,1.4,-0.2,0.1,0.4
479892.475541,1,0.1,-1.7,1.5,0.8,-0.3,0.3,-0.2,0,1.4,-0.2,0.1,0.4
479892.486722,1,0.1,-1.7,1.5,0.8,-0.3,0.3,-0.1,0,1.3,-0.2,0.1,0.4
479892.498155,1,0.1,-1.7,1.5,0.9,-0.4,0.5,-0.1,-0.1,1.3,-0.2,0.1,0.4
479892.508891,1,0.1,-1.7,1.5,0.9,-0.3,0.4,0,-0.1,1.3,-0.2,0.1,0.4
479892.520017,1,0.2,-1.7,1.5,0.9,-0.3,0.4,0.1,-0.1,1.2,-0.2,0.1,0.4
479892.531160,1,0.2,-1.7,1.5,0.8,-0.3,0.4,0.1,-0.1,1.2,-0.2,0.1,0.4
479892.542258,1,0.2,-1.6,1.6,0.8,-0.3,0.4,0.1,-0.2,1.2,-0.2,0.1,0.4
479892.553342,1,0.3,-1.6,1.6,0.8,-0.3,0.4,0.1,-0.2,1.2,-0.2,0.1,0.4
479892.564471,1,0.3,-1.5,1.6,0.8,-0.3,0.4,0,-0.2,1.2,-0.2,0.1,0.4
479892.575571,1,0.3,-1.5,1.6,0.8,-0.3,0.4,0,-0.1,1.3,-0.2,0.1,0.4
479892.586720,1,0.4,-1.5,1.6,0.9,-0.3,0.4,-0.1,-0.1,1.3,-0.2,0.1,0.4
479892.598143,1,0.4,-1.4,1.6,0.9,-0.3,0.5,-0.1,-0.1,1.3,-0.2,0.1,0.4
479892.608891,1,0.5,-1.3,1.6,0.9,-0.4,0.5,-0.1,-0.1,1.3,-0.2,0.1,0.4
479892.620014,1,0.6,-1.3,1.6,0.9,-0.4,0.5,-0.2,-0.1,1.4,-0.2,0.1,0.4
479892.631166,1,0.6,-1.2,1.7,0.8,-0.3,0.4,-0.3,-0.1,1.4,-0.2,0.1,0.4
479892.642322,1,0.7,-1.1,1.7,0.9,-0.4,0.5,-0.3,-0.1,1.4,-0.2,0.1,0.4
479892.653386,1,0.7,-1.1,1.7,1,-0.4,0.5,-0.4,-0.1,1.5,-0.2,0.1,0.4
479892.664490,1,0.8,-1.1,1.7,1,-0.4,0.5,-0.5,0,1.5,-0.2,0.1,0.4
479892.675577,1,0.8,-1,1.7,1,-0.4,0.5,-0.5,0,1.6,-0.2,0.1,0.4
479892.686772,1,0.8,-1,1.7,1.1,-0.4,0.5,-0.5,0,1.6,-0.2,0.1,0.4
479892.698084,1,0.8,-0.9,1.7,1.1,-0.4,0.5,-0.6,0,1.6,-0.2,0.1,0.4
479892.708908,1,0.9,-0.9,1.7,1.1,-0.5,0.5,-0.6,0,1.6,-0.2,0.1,0.4
479892.720094,1,0.9,-0.9,1.7,1.1,-0.5,0.6,-0.6,0,1.6,-0.2,0.1,0.4
479892.731235,1,0.8,-0.9,1.7,1.1,-0.5,0.6,-0.6,0.1,1.6,-0.2,0.1,0.4
479892.742297,1,0.8,-0.9,1.7,1.1,-0.5,0.6,-0.6,0.1,1.7,-0.2,0.1,0.4
479892.753418,1,0.7,-0.9,1.7,1.1,-0.5,0.6,-0.6,0.1,1.7,-0.2,0.1,0.4
479892.764520,1,0.7,-1,1.7,1.1,-0.5,0.6,-0.6,0.1,1.7,-0.2,0.1,0.4
479892.775584,1,0.6,-1,1.7,1.1,-0.5,0.6,-0.5,0.2,1.6,-0.2,0.1,0.4
479892.786742,1,0.6,-1,1.7,1.1,-0.4,0.5,-0.5,0.2,1.6,-0.2,0.1,0.4
479892.798067,1,0.5,-1,1.7,1,-0.4,0.5,-0.4,0.2,1.6,-0.2,0.1,0.4
479892.808928,1,0.4,-1.1,1.7,1,-0.4,0.5,-0.3,0.2,1.6,-0.2,0.1,0.4
479892.820066,1,0.4,-1.2,1.7,1,-0.4,0.5,-0.2,0.2,1.5,-0.2,0.1,0.5
479892.831125,1,0.3,-1.2,1.8,0.8,-0.3,0.4,-0.2,0.1,1.5,-0.2,0.1,0.5
479892.842239,1,0.3,-1.3,1.8,0.8,-0.3,0.4,-0.2,0.1,1.5,-0.2,0.1,0.5
479892.853353,1,0.3,-1.3,1.8,0.8,-0.3,0.4,-0.1,0.1,1.5,-0.2,0.1,0.5
479892.864490,1,0.2,-1.4,1.8,0.9,-0.3,0.5,0,0,1.4,-0.2,0.1,0.5
479892.875505,1,0.2,-1.5,1.9,0.9,-0.3,0.4,0.1,-0.1,1.4,-0.2,0.1,0.5
479892.886662,1,0.2,-1.5,1.9,0.8,-0.3,0.4,0.1,-0.2,1.3,-0.2,0.1,0.5
479892.897977,1,0.2,-1.5,2,0.8,-0.3,0.4,0.2,-0.3,1.3,-0.2,0.1,0.5
479892.908844,1,0.2,-1.6,2,0.8,-0.2,0.4,0.2,-0.3,1.3,-0.2,0.1,0.5
479892.919995,0,0.2,-1.6,2,0.8,-0.2,0.4,0.2,-0.3,1.3,-0.2,0.1,0.5
479892.931169,1,0.2,-1.6,2.1,0.8,-0.2,0.4,0.2,-0.4,1.2,-0.2,0.1,0.5
479892.942264,1,0.3,-1.6,2.1,0.8,-0.2,0.4,0.2,-0.5,1.2,-0.2,0.1,0.5
479892.953330,0,0.3,-1.6,2.1,0.8,-0.2,0.4,0.2,-0.5,1.2,-0.2,0.1,0.5
479892.964451,1,0.3,-1.5,2.2,0.8,-0.2,0.4,0.2,-0.5,1.2,-0.2,0.1,0.5
479892.975558,1,0.3,-1.5,2.2,0.8,-0.2,0.4,0.1,-0.5,1.2,-0.2,0.1,0.5
479892.986744,1,0.4,-1.5,2.2,0.8,-0.3,0.4,0.1,-0.5,1.2,-0.2,0.1,0.5
479892.998081,0,0.4,-1.5,2.2,0.8,-0.3,0.4,0.1,-0.5,1.2,-0.2,0.1,0.5
479893.008912,1,0.4,-1.4,2.1,0.8,-0.3,0.5,0,-0.4,1.3,-0.2,0.1,0.4
479893.020043,1,0.4,-1.4,2.1,0.8,-0.3,0.5,-0.1,-0.3,1.3,-0.2,0.1,0.4
479893.031197,1,0.4,-1.3,2.1,0.8,-0.3,0.5,-0.2,-0.2,1.4,-0.2,0.1,0.4
479893.042279,1,0.5,-1.3,2,0.9,-0.3,0.6,-0.2,-0.1,1.4,-0.2,0.1,0.4
479893.053310,1,0.5,-1.2,1.9,0.8,-0.3,0.5,-0.3,0,1.5,-0.2,0.1,0.4
479893.064464,1,0.5,-1.2,1.9,0.8,-0.3,0.5,-0.4,0.1,1.6,-0.2,0.1,0.4
479893.075505,1,0.5,-1.1,1.8,0.8,-0.3,0.5,-0.4,0.2,1.6,-0.2,0.1,0.4
479893.086705,1,0.5,-1.1,1.8,0.9,-0.4,0.6,-0.5,0.3,1.7,-0.2,0.1,0.4
479893.097992,1,0.5,-1.1,1.7,0.9,-0.4,0.6,-0.5,0.4,1.7,-0.2,0.1,0.4
479893.108862,1,0.5,-1,1.7,0.9,-0.4,0.6,-0.5,0.5,1.7,-0.2,0.1,0.4
479893.120019,0,0.5,-1,1.7,0.9,-0.4,0.6,-0.5,0.5,1.7,-0.2,0.1,0.4
479893.131130,1,0.4,-1,1.7,0.9,-0.4,0.6,-0.5,0.5,1.7,-0.2,0.1,0.4
479893.142249,1,0.4,-0.9,1.6,0.8,-0.4,0.5,-0.5,0.5,1.7,-0.2,0.1,0.4
479893.153365,1,0.4,-0.9,1.5,0.8,-0.3,0.4,-0.5,0.5,1.6,-0.2,0.1,0.4
479893.164508,1,0.3,-0.8,1.4,0.9,-0.4,0.5,-0.5,0.5,1.5,-0.2,0,0.3
479893.175567,1,0.3,-0.7,1.2,0.8,-0.3,0.4,-0.5,0.5,1.3,-0.1,0,0.3
479893.186738,1,0.1,-0.5,1,0.8,-0.3,0.4,-0.4,0.5,1.2,-0.1,0,0.3
479893.198107,1,0.1,-0.5,1,0.7,-0.3,0.3,0.1,0.1,1,-0.1,0,0.3
479893.208885,1,-0.4,-0.1,0.8,0.6,-0.2,0.3,0.3,-0.1,0.8,-0.1,0,0.2
479893.220043,1,-0.3,-0.1,0.6,0.5,-0.2,0.2,0.3,-0.1,0.8,-0.1,0,0.2
479893.231200,1,-0.2,-0.1,0.5,0.4,-0.1,0.1,0.2,-0.1,0.7,0,0,0.1
479893.242272,1,0,0,0,0.4,-0.1,0.1,0.2,-0.1,0.6,0,0,0.1
479893.253346,1,0,0,0,0,0,0,0.2,-0.1,0.5,0,0,0.1
479893.264490,1,0,0,0,0,0,0,0.1,-0.1,0.4,0,0,0
479893.275569,1,0,0,0,0,0,0,0.1,-0.1,0.3,0,0,0
479893.286727,1,0,0,0,0,0,0,0.1,0,0.3,0,0,0
479893.298085,0,0,0,0,0,0,0,0.1,0,0.3,0,0,0
479893.308926,1,0,0,0,0,0,0,0.1,0,0.2,0,0,0
479893.320051,1,0,0,0,0,0,0,0.1,-0.1,0.2,0,0,0
479893.331210,1,0,0,0,0,0,0,0,0,0.2,0,0,0
479893.342293,0,0,0,0,0,0,0,0,0,0.2,0,0,0
479893.353342,0,0,0,0,0,0,0,0,0,0.2,0,0,0
479893.364487,0,0,0,0,0,0,0,0,0,0.2,0,0,0
479893.375570,0,0,0,0,0,0,0,0,0,0.2,0,0,0
479893.386687,0,0,0,0,0,0,0,0,0,0.2,0,0,0
479893.398140,0,0,0,0,0,0,0,0,0,0.2,0,0,0
479893.408845,0,0,0,0,0,0,0,0,0,0.2,0,0,0
479893.419992,0,0,0,0,0,0,0,0,0,0.2,0,0,0
479893.431154,0,0,0,0,0,0,0,0,0,0.2,0,0,0
479893.442207,0,0,0,0,0,0,0,0,0,0.2,0,0,0
479893.453311,1,0,0,0,0,0,0,0,0,0.1,0,0,0
479893.464467,0,0,0,0,0,0,0,0,0,0.1,0,0,0
479893.475535,0,0,0,0,0,0,0,0,0,0.1,0,0,0
479893.486674,0,0,0,0,0,0,0,0,0,0.1,0,0,0
479893.498185,0,0,0,0,0,0,0,0,0,0.1,0,0,0
479893.508902,0,0,0,0,0,0,0,0,0,0.1,0,0,0
479893.520046,0,0,0,0,0,0,0,0,0,0.1,0,0,0
479893.531181,0,0,0,0,0,0,0,0,0,0.1,0,0,0
479893.542278,0,0,0,0,0,0,0,0,0,0.1,0,0,0
479893.553323,0,0,0,0,0,0,0,0,0,0.1,0,0,0
479893.564489,0,0,0,0,0,0,0,0,0,0.1,0,0,0
479893.575601,0,0,0,0,0,0,0,0,0,0.1,0,0,0
479893.586764,0,0,0,0,0,0,0,0,0,0.1,0,0,0
479893.598133,0,0,0,0,0,0,0,0,0,0.1,0,0,0
479893.608894,0,0,0,0,0,0,0,0,0,0.1,0,0,0
479893.620064,0,0,0,0,0,0,0,0,0,0.1,0,0,0
479893.631212,0,0,0,0,0,0,0,0,0,0.1,0,0,0
479893.642278,0,0,0,0,0,0,0,0,0,0.1,0,0,0
479893.653326,0,0,0,0,0,0,0,0,0,0.1,0,0,0
479893.664478,0,0,0,0,0,0,0,0,0,0.1,0,0,0
479893.675583,0,0,0,0,0,0,0,0,0,0.1,0,0,0
479893.686747,0,0,0,0,0,0,0,0,0,0.1,0,0,0
479893.698187,0,0,0,0,0,0,0,0,0,0.1,0,0,0
479893.708887,0,0,0,0,0,0,0,0,0,0.1,0,0,0
479893.720023,0,0,0,0,0,0,0,0,0,0.1,0,0,0
479893.731158,0,0,0,0,0,0,0,0,0,0.1,0,0,0
479893.742237,0,0,0,0,0,0,0,0,0,0.1,0,0,0
479893.753347,0,0,0,0,0,0,0,0,0,0.1,0,0,0
479893.764461,0,0,0,0,0,0,0,0,0,0.1,0,0,0
479893.775619,0,0,0,0,0,0,0,0,0,0.1,0,0,0
479893.786781,0,0,0,0,0,0,0,0,0,0.1,0,0,0
479893.798017,0,0,0,0,0,0,0,0,0,0.1,0,0,0
479893.808880,0,0,0,0,0,0,0,0,0,0.1,0,0,0
479893.820044,0,0,0,0,0,0,0,0,0,0.1,0,0,0
479893.831126,0,0,0,0,0,0,0,0,0,0.1,0,0,0
479893.842236,0,0,0,0,0,0,0,0,0,0.1,0,0,0
479893.853332,0,0,0,0,0,0,0,0,0,0.1,0,0,0
479893.864482,0,0,0,0,0,0,0,0,0,0.1,0,0,0
479893.875600,0,0,0,0,0,0,0,0,0,0.1,0,0,0
479893.886714,0,0,0,0,0,0,0,0,0,0.1,0,0,0
479893.898282,0,0,0,0,0,0,0,0,0,0.1,0,0,0
479893.908888,0,0,0,0,0,0,0,0,0,0.1,0,0,0
479893.920052,0,0,0,0,0,0,0,0,0,0.1,0,0,0
479893.931181,0,0,0,0,0,0,0,0,0,0.1,0,0,0
479893.942289,0,0,0,0,0,0,0,0,0,0.1,0,0,0
479893.953342,0,0,0,0,0,0,0,0,0,0.1,0,0,0
479893.964481,0,0,0,0,0,0,0,0,0,0.1,0,0,0
479893.975573,0,0,0,0,0,0,0,0,0,0.1,0,0,0
479893.986791,0,0,0,0,0,0,0,0,0,0.1,0,0,0
479893.998083,0,0,0,0,0,0,0,0,0,0.1,0,0,0
479894.008905,0,0,0,0,0,0,0,0,0,0.1,0,0,0
479894.020046,0,0,0,0,0,0,0,0,0,0.1,0,0,0
479894.031146,0,0,0,0,0,0,0,0,0,0.1,0,0,0
479894.042283,0,0,0,0,0,0,0,0,0,0.1,0,0,0
479894.053418,0,0,0,0,0,0,0,0,0,0.1,0,0,0
479894.064498,0,0,0,0,0,0,0,0,0,0.1,0,0,0
479894.075588,1,0,0,0,0,0,0,0,0,0.2,0,0,0
479894.086723,0,0,0,0,0,0,0,0,0,0.2,0,0,0
479894.098068,0,0,0,0,0,0,0,0,0,0.2,0,0,0
479894.108925,0,0,0,0,0,0,0,0,0,0.2,0,0,0
479894.120073,0,0,0,0,0,0,0,0,0,0.2,0,0,0
479894.131221,0,0,0,0,0,0,0,0,0,0.2,0,0,0
479894.142308,0,0,0,0,0,0,0,0,0,0.2,0,0,0
479894.153388,0,0,0,0,0,0,0,0,0,0.2,0,0,0
479894.164521,0,0,0,0,0,0,0,0,0,0.2,0,0,0
479894.175613,0,0,0,0,0,0,0,0,0,0.2,0,0,0
479894.186743,0,0,0,0,0,0,0,0,0,0.2,0,0,0
479894.198023,0,0,0,0,0,0,0,0,0,0.2,0,0,0
479894.208915,1,0,0,0,0,0,0,0,0,0.1,0,0,0
479894.220080,1,0,0,0,0,0,0,0,0,0.2,0,0,0
479894.231124,0,0,0,0,0,0,0,0,0,0.2,0,0,0
479894.242329,0,0,0,0,0,0,0,0,0,0.2,0,0,0
479894.253511,0,0,0,0,0,0,0,0,0,0.2,0,0,0
479894.264485,1,0,0,0,0,0,0,0,0,0.1,0,0,0
479894.275568,0,0,0,0,0,0,0,0,0,0.1,0,0,0
479894.286702,1,0,0,0,0,0,0,0,0,0.2,0,0,0
479894.297935,1,0,0,0,0,0,0,0,0,0.1,0,0,0
479894.308842,0,0,0,0,0,0,0,0,0,0.1,0,0,0
479894.320076,0,0,0,0,0,0,0,0,0,0.1,0,0,0
479894.331208,1,0,0,0,0,0,0,0,0,0.2,0,0,0
479894.342268,1,0,0,0,0,0,0,0,0,0.1,0,0,0
479894.353372,0,0,0,0,0,0,0,0,0,0.1,0,0,0
479894.364500,1,0,0,0,0,0,0,0,0,0.2,0,0,0
479894.375605,0,0,0,0,0,0,0,0,0,0.2,0,0,0
479894.386802,0,0,0,0,0,0,0,0,0,0.2,0,0,0
479894.398048,0,0,0,0,0,0,0,0,0,0.2,0,0,0
479894.408899,0,0,0,0,0,0,0,0,0,0.2,0,0,0
479894.420045,0,0,0,0,0,0,0,0,0,0.2,0,0,0
479894.431124,0,0,0,0,0,0,0,0,0,0.2,0,0,0
479894.442236,0,0,0,0,0,0,0,0,0,0.2,0,0,0
479894.453332,0,0,0,0,0,0,0,0,0,0.2,0,0,0
479894.464460,1,0,0,0,0,0,0,0,0,0.1,0,0,0
479894.475612,0,0,0,0,0,0,0,0,0,0.1,0,0,0
479894.486777,0,0,0,0,0,0,0,0,0,0.1,0,0,0
479894.498090,0,0,0,0,0,0,0,0,0,0.1,0,0,0
479894.508901,0,0,0,0,0,0,0,0,0,0.1,0,0,0
479894.520055,1,0,0,0,0,0,0,0,0,0.2,0,0,0
479894.531172,0,0,0,0,0,0,0,0,0,0.2,0,0,0
479894.542284,0,0,0,0,0,0,0,0,0,0.2,0,0,0
479894.553392,0,0,0,0,0,0,0,0,0,0.2,0,0,0
479894.564464,0,0,0,0,0,0,0,0,0,0.2,0,0,0
479894.575616,0,0,0,0,0,0,0,0,0,0.2,0,0,0
479894.586740,0,0,0,0,0,0,0,0,0,0.2,0,0,0
479894.598132,0,0,0,0,0,0,0,0,0,0.2,0,0,0
479894.608900,0,0,0,0,0,0,0,0,0,0.2,0,0,0
479894.620012,0,0,0,0,0,0,0,0,0,0.2,0,0,0
479894.631122,0,0,0,0,0,0,0,0,0,0.2,0,0,0
479894.642243,0,0,0,0,0,0,0,0,0,0.2,0,0,0
479894.653394,0,0,0,0,0,0,0,0,0,0.2,0,0,0
479894.664435,0,0,0,0,0,0,0,0,0,0.2,0,0,0
479894.675560,0,0,0,0,0,0,0,0,0,0.2,0,0,0
479894.686772,0,0,0,0,0,0,0,0,0,0.2,0,0,0
479894.698077,0,0,0,0,0,0,0,0,0,0.2,0,0,0
479894.708902,1,0,0,0,0,0,0,0,0,0.1,0,0,0
479894.720065,1,0,0,0,0,0,0,0,0,0.2,0,0,0
479894.731171,0,0,0,0,0,0,0,0,0,0.2,0,0,0
479894.742288,0,0,0,0,0,0,0,0,0,0.2,0,0,0
479894.753331,0,0,0,0,0,0,0,0,0,0.2,0,0,0
479894.764509,0,0,0,0,0,0,0,0,0,0.2,0,0,0
479894.775618,0,0,0,0,0,0,0,0,0,0.2,0,0,0
479894.786782,0,0,0,0,0,0,0,0,0,0.2,0,0,0
479894.798128,0,0,0,0,0,0,0,0,0,0.2,0,0,0
479894.808918,0,0,0,0,0,0,0,0,0,0.2,0,0,0
479894.820093,0,0,0,0,0,0,0,0,0,0.2,0,0,0
479894.831120,0,0,0,0,0,0,0,0,0,0.2,0,0,0
479894.842280,0,0,0,0,0,0,0,0,0,0.2,0,0,0
479894.853380,0,0,0,0,0,0,0,0,0,0.2,0,0,0
479894.864439,0,0,0,0,0,0,0,0,0,0.2,0,0,0
479894.875541,0,0,0,0,0,0,0,0,0,0.2,0,0,0
479894.886718,0,0,0,0,0,0,0,0,0,0.2,0,0,0
479894.897994,0,0,0,0,0,0,0,0,0,0.2,0,0,0
479894.908932,1,0,0,0,0,0,0,0,0,0.1,0,0,0
479894.920085,1,0,0,0,0,0,0,0,0,0.2,0,0,0
479894.931205,1,0,0,0,0,0,0,0,0,0.1,0,0,0
479894.942314,1,0,0,0,0,0,0,0,0,0.2,0,0,0
479894.953376,0,0,0,0,0,0,0,0,0,0.2,0,0,0
479894.964485,0,0,0,0,0,0,0,0,0,0.2,0,0,0
479894.975638,0,0,0,0,0,0,0,0,0,0.2,0,0,0
479894.986790,0,0,0,0,0,0,0,0,0,0.2,0,0,0
479894.998111,0,0,0,0,0,0,0,0,0,0.2,0,0,0
479895.008937,0,0,0,0,0,0,0,0,0,0.2,0,0,0
479895.020102,0,0,0,0,0,0,0,0,0,0.2,0,0,0
479895.031125,0,0,0,0,0,0,0,0,0,0.2,0,0,0
479895.042286,0,0,0,0,0,0,0,0,0,0.2,0,0,0
479895.053383,0,0,0,0,0,0,0,0,0,0.2,0,0,0
479895.064472,0,0,0,0,0,0,0,0,0,0.2,0,0,0
479895.075609,0,0,0,0,0,0,0,0,0,0.2,0,0,0
479895.086833,0,0,0,0,0,0,0,0,0,0.2,0,0,0
479895.098121,0,0,0,0,0,0,0,0,0,0.2,0,0,0
479895.108950,0,0,0,0,0,0,0,0,0,0.2,0,0,0
479895.120101,0,0,0,0,0,0,0,0,0,0.2,0,0,0
479895.131195,0,0,0,0,0,0,0,0,0,0.2,0,0,0
479895.142317,0,0,0,0,0,0,0,0,0,0.2,0,0,0
479895.153400,0,0,0,0,0,0,0,0,0,0.2,0,0,0
479895.164495,0,0,0,0,0,0,0,0,0,0.2,0,0,0
479895.175662,0,0,0,0,0,0,0,0,0,0.2,0,0,0
479895.186819,0,0,0,0,0,0,0,0,0,0.2,0,0,0
479895.198138,0,0,0,0,0,0,0,0,0,0.2,0,0,0
479895.208924,0,0,0,0,0,0,0,0,0,0.2,0,0,0
479895.220098,0,0,0,0,0,0,0,0,0,0.2,0,0,0
479895.231183,0,0,0,0,0,0,0,0,0,0.2,0,0,0
479895.242255,0,0,0,0,0,0,0,0,0,0.2,0,0,0
479895.253392,0,0,0,0,0,0,0,0,0,0.2,0,0,0
479895.264511,0,0,0,0,0,0,0,0,0,0.2,0,0,0
479895.275629,0,0,0,0,0,0,0,0,0,0.2,0,0,0
479895.286767,1,0,0,0,0,0,0,0,0,0.1,0,0,0
479895.298114,1,0,0,0,0,0,0,0,0,0.2,0,0,0
479895.308931,0,0,0,0,0,0,0,0,0,0.2,0,0,0
479895.320096,0,0,0,0,0,0,0,0,0,0.2,0,0,0
479895.331206,0,0,0,0,0,0,0,0,0,0.2,0,0,0
479895.342326,0,0,0,0,0,0,0,0,0,0.2,0,0,0
479895.353386,0,0,0,0,0,0,0,0,0,0.2,0,0,0
479895.364503,0,0,0,0,0,0,0,0,0,0.2,0,0,0
479895.375655,0,0,0,0,0,0,0,0,0,0.2,0,0,0
479895.386821,0,0,0,0,0,0,0,0,0,0.2,0,0,0
479895.398012,0,0,0,0,0,0,0,0,0,0.2,0,0,0
479895.408917,0,0,0,0,0,0,0,0,0,0.2,0,0,0
479895.420035,0,0,0,0,0,0,0,0,0,0.2,0,0,0
479895.431155,0,0,0,0,0,0,0,0,0,0.2,0,0,0
479895.442242,0,0,0,0,0,0,0,0,0,0.2,0,0,0
479895.453389,0,0,0,0,0,0,0,0,0,0.2,0,0,0
479895.464421,0,0,0,0,0,0,0,0,0,0.2,0,0,0
479895.475641,0,0,0,0,0,0,0,0,0,0.2,0,0,0
479895.486794,0,0,0,0,0,0,0,0,0,0.2,0,0,0
479895.498022,0,0,0,0,0,0,0,0,0,0.2,0,0,0
479895.508941,0,0,0,0,0,0,0,0,0,0.2,0,0,0
479895.520096,0,0,0,0,0,0,0,0,0,0.2,0,0,0
479895.531206,0,0,0,0,0,0,0,0,0,0.2,0,0,0
479895.542304,0,0,0,0,0,0,0,0,0,0.2,0,0,0
479895.553402,0,0,0,0,0,0,0,0,0,0.2,0,0,0
479895.564518,0,0,0,0,0,0,0,0,0,0.2,0,0,0
479895.575609,1,0,0,0,0,0,0,0,0,0.1,0,0,0
479895.586827,0,0,0,0,0,0,0,0,0,0.1,0,0,0
479895.598102,1,0,0,0,0,0,0,0,0,0.2,0,0,0
479895.608948,0,0,0,0,0,0,0,0,0,0.2,0,0,0
479895.620086,1,0,0,0,0,0,0,0,0,0.1,0,0,0
479895.631182,0,0,0,0,0,0,0,0,0,0.1,0,0,0
479895.642309,0,0,0,0,0,0,0,0,0,0.1,0,0,0
479895.653371,0,0,0,0,0,0,0,0,0,0.1,0,0,0
479895.664500,1,0,0,0,0,0,0,0,0,0.2,0,0,0
479895.675614,1,0,0,0,0,0,0,0,0,0.1,0,0,0
479895.686782,0,0,0,0,0,0,0,0,0,0.1,0,0,0
479895.698083,1,0,0,0,0,0,0,0,0,0.2,0,0,0
479895.708939,0,0,0,0,0,0,0,0,0,0.2,0,0,0
479895.720093,0,0,0,0,0,0,0,0,0,0.2,0,0,0
479895.731199,0,0,0,0,0,0,0,0,0,0.2,0,0,0
479895.742326,0,0,0,0,0,0,0,0,0,0.2,0,0,0
479895.753378,0,0,0,0,0,0,0,0,0,0.2,0,0,0
479895.764500,0,0,0,0,0,0,0,0,0,0.2,0,0,0
479895.775646,0,0,0,0,0,0,0,0,0,0.2,0,0,0
479895.786815,0,0,0,0,0,0,0,0,0,0.2,0,0,0
479895.798111,0,0,0,0,0,0,0,0,0,0.2,0,0,0
479895.808938,0,0,0,0,0,0,0,0,0,0.2,0,0,0
479895.820097,0,0,0,0,0,0,0,0,0,0.2,0,0,0
479895.831144,0,0,0,0,0,0,0,0,0,0.2,0,0,0
479895.842310,0,0,0,0,0,0,0,0,0,0.2,0,0,0
479895.853409,0,0,0,0,0,0,0,0,0,0.2,0,0,0
479895.864584,0,0,0,0,0,0,0,0,0,0.2,0,0,0
479895.875649,0,0,0,0,0,0,0,0,0,0.2,0,0,0
479895.886756,0,0,0,0,0,0,0,0,0,0.2,0,0,0
479895.898020,0,0,0,0,0,0,0,0,0,0.2,0,0,0
479895.908887,0,0,0,0,0,0,0,0,0,0.2,0,0,0
479895.920103,0,0,0,0,0,0,0,0,0,0.2,0,0,0
479895.931154,0,0,0,0,0,0,0,0,0,0.2,0,0,0
479895.942329,0,0,0,0,0,0,0,0,0,0.2,0,0,0
479895.953419,0,0,0,0,0,0,0,0,0,0.2,0,0,0
479895.964520,0,0,0,0,0,0,0,0,0,0.2,0,0,0
479895.975663,0,0,0,0,0,0,0,0,0,0.2,0,0,0
479895.986845,0,0,0,0,0,0,0,0,0,0.2,0,0,0
479895.998149,0,0,0,0,0,0,0,0,0,0.2,0,0,0
479896.008943,0,0,0,0,0,0,0,0,0,0.2,0,0,0
479896.020133,0,0,0,0,0,0,0,0,0,0.2,0,0,0
479896.031212,0,0,0,0,0,0,0,0,0,0.2,0,0,0
479896.042356,0,0,0,0,0,0,0,0,0,0.2,0,0,0
479896.053424,0,0,0,0,0,0,0,0,0,0.2,0,0,0
479896.064486,0,0,0,0,0,0,0,0,0,0.2,0,0,0
479896.075612,0,0,0,0,0,0,0,0,0,0.2,0,0,0
479896.086804,0,0,0,0,0,0,0,0,0,0.2,0,0,0
479896.098035,0,0,0,0,0,0,0,0,0,0.2,0,0,0
479896.108950,0,0,0,0,0,0,0,0,0,0.2,0,0,0
479896.120111,0,0,0,0,0,0,0,0,0,0.2,0,0,0
479896.131236,0,0,0,0,0,0,0,0,0,0.2,0,0,0
479896.142288,0,0,0,0,0,0,0,0,0,0.2,0,0,0
479896.153397,0,0,0,0,0,0,0,0,0,0.2,0,0,0
479896.164475,0,0,0,0,0,0,0,0,0,0.2,0,0,0
479896.175590,0,0,0,0,0,0,0,0,0,0.2,0,0,0
479896.186848,0,0,0,0,0,0,0,0,0,0.2,0,0,0
479896.204789,0,0,0,0,0,0,0,0,0,0.2,0,0,0
479896.208976,0,0,0,0,0,0,0,0,0,0.2,0,0,0
479896.220122,0,0,0,0,0,0,0,0,0,0.2,0,0,0
479896.231224,1,0,0,0,0,0,0,0,0,0.1,0,0,0
479896.242336,0,0,0,0,0,0,0,0,0,0.1,0,0,0
479896.253411,0,0,0,0,0,0,0,0,0,0.1,0,0,0
479896.264532,0,0,0,0,0,0,0,0,0,0.1,0,0,0
479896.275669,0,0,0,0,0,0,0,0,0,0.1,0,0,0
479896.286822,0,0,0,0,0,0,0,0,0,0.1,0,0,0
479896.298189,0,0,0,0,0,0,0,0,0,0.1,0,0,0
479896.308905,1,0,0,0,0,0,0,0,0,0.2,0,0,0
479896.331247,0,0,0,0,0,0,0,0,0,0.2,0,0,0
479896.342361,0,0,0,0,0,0,0,0,0,0.2,0,0,0
479896.353403,0,0,0,0,0,0,0,0,0,0.2,0,0,0
479896.364504,0,0,0,0,0,0,0,0,0,0.2,0,0,0
479896.375688,0,0,0,0,0,0,0,0,0,0.2,0,0,0
479896.386892,0,0,0,0,0,0,0,0,0,0.2,0,0,0
479896.398143,0,0,0,0,0,0,0,0,0,0.2,0,0,0
479896.408973,0,0,0,0,0,0,0,0,0,0.2,0,0,0
479896.420083,0,0,0,0,0,0,0,0,0,0.2,0,0,0
479896.431227,0,0,0,0,0,0,0,0,0,0.2,0,0,0
479896.442340,0,0,0,0,0,0,0,0,0,0.2,0,0,0
479896.453415,0,0,0,0,0,0,0,0,0,0.2,0,0,0
479896.464534,0,0,0,0,0,0,0,0,0,0.2,0,0,0
479896.475640,0,0,0,0,0,0,0,0,0,0.2,0,0,0
479896.486846,0,0,0,0,0,0,0,0,0,0.2,0,0,0
479896.498016,0,0,0,0,0,0,0,0,0,0.2,0,0,0
479896.508983,0,0,0,0,0,0,0,0,0,0.2,0,0,0
479896.520128,0,0,0,0,0,0,0,0,0,0.2,0,0,0
479896.531228,0,0,0,0,0,0,0,0,0,0.2,0,0,0
479896.542333,0,0,0,0,0,0,0,0,0,0.2,0,0,0
479896.553410,0,0,0,0,0,0,0,0,0,0.2,0,0,0
479896.564508,0,0,0,0,0,0,0,0,0,0.2,0,0,0
479896.575689,0,0,0,0,0,0,0,0,0,0.2,0,0,0
479896.586869,0,0,0,0,0,0,0,0,0,0.2,0,0,0
479896.598121,0,0,0,0,0,0,0,0,0,0.2,0,0,0
479896.608978,0,0,0,0,0,0,0,0,0,0.2,0,0,0
479896.620122,0,0,0,0,0,0,0,0,0,0.2,0,0,0
479896.631205,0,0,0,0,0,0,0,0,0,0.2,0,0,0
479896.642316,0,0,0,0,0,0,0,0,0,0.2,0,0,0
479896.653390,0,0,0,0,0,0,0,0,0,0.2,0,0,0
479896.664510,0,0,0,0,0,0,0,0,0,0.2,0,0,0
479896.675646,0,0,0,0,0,0,0,0,0,0.2,0,0,0
479896.686817,0,0,0,0,0,0,0,0,0,0.2,0,0,0
479896.698018,0,0,0,0,0,0,0,0,0,0.2,0,0,0
479896.708937,0,0,0,0,0,0,0,0,0,0.2,0,0,0
479896.720103,0,0,0,0,0,0,0,0,0,0.2,0,0,0
479896.731192,0,0,0,0,0,0,0,0,0,0.2,0,0,0
479896.742341,0,0,0,0,0,0,0,0,0,0.2,0,0,0
479896.753395,0,0,0,0,0,0,0,0,0,0.2,0,0,0
479896.764486,0,0,0,0,0,0,0,0,0,0.2,0,0,0
479896.775651,0,0,0,0,0,0,0,0,0,0.2,0,0,0
479896.786843,0,0,0,0,0,0,0,0,0,0.2,0,0,0
479896.798138,0,0,0,0,0,0,0,0,0,0.2,0,0,0
479896.808960,0,0,0,0,0,0,0,0,0,0.2,0,0,0
479896.820132,0,0,0,0,0,0,0,0,0,0.2,0,0,0
479896.831232,0,0,0,0,0,0,0,0,0,0.2,0,0,0
479896.842367,0,0,0,0,0,0,0,0,0,0.2,0,0,0
479896.853435,0,0,0,0,0,0,0,0,0,0.2,0,0,0
479896.864496,0,0,0,0,0,0,0,0,0,0.2,0,0,0
479896.875671,0,0,0,0,0,0,0,0,0,0.2,0,0,0
479896.886808,0,0,0,0,0,0,0,0,0,0.2,0,0,0
479896.898150,0,0,0,0,0,0,0,0,0,0.2,0,0,0
479896.908928,0,0,0,0,0,0,0,0,0,0.2,0,0,0
479896.920059,0,0,0,0,0,0,0,0,0,0.2,0,0,0
479896.931205,0,0,0,0,0,0,0,0,0,0.2,0,0,0
479896.942329,0,0,0,0,0,0,0,0,0,0.2,0,0,0
479896.953349,0,0,0,0,0,0,0,0,0,0.2,0,0,0
479896.964512,0,0,0,0,0,0,0,0,0,0.2,0,0,0
479896.975593,0,0,0,0,0,0,0,0,0,0.2,0,0,0
479896.986805,0,0,0,0,0,0,0,0,0,0.2,0,0,0
479896.998120,0,0,0,0,0,0,0,0,0,0.2,0,0,0
479897.008976,0,0,0,0,0,0,0,0,0,0.2,0,0,0
479897.020096,0,0,0,0,0,0,0,0,0,0.2,0,0,0
479897.031195,0,0,0,0,0,0,0,0,0,0.2,0,0,0
479897.042329,0,0,0,0,0,0,0,0,0,0.2,0,0,0
479897.053401,0,0,0,0,0,0,0,0,0,0.2,0,0,0
479897.064486,0,0,0,0,0,0,0,0,0,0.2,0,0,0
479897.075623,0,0,0,0,0,0,0,0,0,0.2,0,0,0
479897.086828,0,0,0,0,0,0,0,0,0,0.2,0,0,0
479897.098267,0,0,0,0,0,0,0,0,0,0.2,0,0,0
479897.108980,0,0,0,0,0,0,0,0,0,0.2,0,0,0
479897.120099,0,0,0,0,0,0,0,0,0,0.2,0,0,0
479897.131126,0,0,0,0,0,0,0,0,0,0.2,0,0,0
479897.142274,0,0,0,0,0,0,0,0,0,0.2,0,0,0
479897.153492,0,0,0,0,0,0,0,0,0,0.2,0,0,0
479897.164510,0,0,0,0,0,0,0,0,0,0.2,0,0,0
479897.175669,0,0,0,0,0,0,0,0,0,0.2,0,0,0
479897.186855,0,0,0,0,0,0,0,0,0,0.2,0,0,0
479897.198125,0,0,0,0,0,0,0,0,0,0.2,0,0,0
479897.208976,0,0,0,0,0,0,0,0,0,0.2,0,0,0
479897.220132,0,0,0,0,0,0,0,0,0,0.2,0,0,0
479897.231207,0,0,0,0,0,0,0,0,0,0.2,0,0,0
479897.242340,0,0,0,0,0,0,0,0,0,0.2,0,0,0
479897.253948,0,0,0,0,0,0,0,0,0,0.2,0,0,0
479897.264514,0,0,0,0,0,0,0,0,0,0.2,0,0,0
479897.275661,0,0,0,0,0,0,0,0,0,0.2,0,0,0
479897.286810,0,0,0,0,0,0,0,0,0,0.2,0,0,0
479897.298152,0,0,0,0,0,0,0,0,0,0.2,0,0,0
479897.308974,0,0,0,0,0,0,0,0,0,0.2,0,0,0
479897.320114,0,0,0,0,0,0,0,0,0,0.2,0,0,0
479897.331274,0,0,0,0,0,0,0,0,0,0.2,0,0,0
479897.342347,0,0,0,0,0,0,0,0,0,0.2,0,0,0
479897.353391,0,0,0,0,0,0,0,0,0,0.2,0,0,0
479897.364531,0,0,0,0,0,0,0,0,0,0.2,0,0,0
479897.375667,0,0,0,0,0,0,0,0,0,0.2,0,0,0
479897.386842,0,0,0,0,0,0,0,0,0,0.2,0,0,0
479897.398162,0,0,0,0,0,0,0,0,0,0.2,0,0,0
479897.408938,0,0,0,0,0,0,0,0,0,0.2,0,0,0
479897.420100,0,0,0,0,0,0,0,0,0,0.2,0,0,0
479897.431140,0,0,0,0,0,0,0,0,0,0.2,0,0,0
479897.442305,0,0,0,0,0,0,0,0,0,0.2,0,0,0
479897.453391,0,0,0,0,0,0,0,0,0,0.2,0,0,0
479897.464506,0,0,0,0,0,0,0,0,0,0.2,0,0,0
479897.475631,0,0,0,0,0,0,0,0,0,0.2,0,0,0
479897.486836,0,0,0,0,0,0,0,0,0,0.2,0,0,0
479897.498139,0,0,0,0,0,0,0,0,0,0.2,0,0,0
479897.508982,0,0,0,0,0,0,0,0,0,0.2,0,0,0
479897.520140,0,0,0,0,0,0,0,0,0,0.2,0,0,0
479897.531247,0,0,0,0,0,0,0,0,0,0.2,0,0,0
479897.542365,0,0,0,0,0,0,0,0,0,0.2,0,0,0
479897.553388,0,0,0,0,0,0,0,0,0,0.2,0,0,0
479897.564540,0,0,0,0,0,0,0,0,0,0.2,0,0,0
479897.575673,0,0,0,0,0,0,0,0,0,0.2,0,0,0
479897.586846,0,0,0,0,0,0,0,0,0,0.2,0,0,0
479897.598169,0,0,0,0,0,0,0,0,0,0.2,0,0,0
479897.608980,0,0,0,0,0,0,0,0,0,0.2,0,0,0
479897.620116,0,0,0,0,0,0,0,0,0,0.2,0,0,0
479897.631206,0,0,0,0,0,0,0,0,0,0.2,0,0,0
479897.642345,0,0,0,0,0,0,0,0,0,0.2,0,0,0
479897.653417,0,0,0,0,0,0,0,0,0,0.2,0,0,0
479897.664536,0,0,0,0,0,0,0,0,0,0.2,0,0,0
479897.675591,0,0,0,0,0,0,0,0,0,0.2,0,0,0
479897.686806,0,0,0,0,0,0,0,0,0,0.2,0,0,0
479897.697979,0,0,0,0,0,0,0,0,0,0.2,0,0,0
479897.708966,0,0,0,0,0,0,0,0,0,0.2,0,0,0
479897.720084,0,0,0,0,0,0,0,0,0,0.2,0,0,0
479897.731187,0,0,0,0,0,0,0,0,0,0.2,0,0,0
479897.742358,0,0,0,0,0,0,0,0,0,0.2,0,0,0
479897.753379,0,0,0,0,0,0,0,0,0,0.2,0,0,0
479897.764515,0,0,0,0,0,0,0,0,0,0.2,0,0,0
479897.775585,0,0,0,0,0,0,0,0,0,0.2,0,0,0
479897.786822,0,0,0,0,0,0,0,0,0,0.2,0,0,0
479897.798053,0,0,0,0,0,0,0,0,0,0.2,0,0,0
479897.808945,0,0,0,0,0,0,0,0,0,0.2,0,0,0
479897.820105,0,0,0,0,0,0,0,0,0,0.2,0,0,0
479897.831194,0,0,0,0,0,0,0,0,0,0.2,0,0,0
479897.842325,0,0,0,0,0,0,0,0,0,0.2,0,0,0
479897.853378,0,0,0,0,0,0,0,0,0,0.2,0,0,0
479897.864538,0,0,0,0,0,0,0,0,0,0.2,0,0,0
479897.875631,0,0,0,0,0,0,0,0,0,0.2,0,0,0
479897.886800,0,0,0,0,0,0,0,0,0,0.2,0,0,0
479897.897982,0,0,0,0,0,0,0,0,0,0.2,0,0,0
479897.908952,0,0,0,0,0,0,0,0,0,0.2,0,0,0
479897.920108,0,0,0,0,0,0,0,0,0,0.2,0,0,0
479897.931173,0,0,0,0,0,0,0,0,0,0.2,0,0,0
479897.942307,0,0,0,0,0,0,0,0,0,0.2,0,0,0
479897.953426,0,0,0,0,0,0,0,0,0,0.2,0,0,0
479897.964466,0,0,0,0,0,0,0,0,0,0.2,0,0,0
479897.975663,0,0,0,0,0,0,0,0,0,0.2,0,0,0
479897.986840,0,0,0,0,0,0,0,0,0,0.2,0,0,0
479897.998098,0,0,0,0,0,0,0,0,0,0.2,0,0,0
479898.008991,0,0,0,0,0,0,0,0,0,0.2,0,0,0
479898.020142,0,0,0,0,0,0,0,0,0,0.2,0,0,0
479898.031187,0,0,0,0,0,0,0,0,0,0.2,0,0,0
479898.042357,0,0,0,0,0,0,0,0,0,0.2,0,0,0
479898.053446,0,0,0,0,0,0,0,0,0,0.2,0,0,0
479898.064500,0,0,0,0,0,0,0,0,0,0.2,0,0,0
479898.075623,0,0,0,0,0,0,0,0,0,0.2,0,0,0
479898.086845,0,0,0,0,0,0,0,0,0,0.2,0,0,0
479898.098077,0,0,0,0,0,0,0,0,0,0.2,0,0,0
479898.108973,1,0,0,0,0,0,0,0,0,0.1,0,0,0
479898.120143,1,0,0,0,0,0,0,0,0,0.2,0,0,0
479898.131182,0,0,0,0,0,0,0,0,0,0.2,0,0,0
479898.142324,0,0,0,0,0,0,0,0,0,0.2,0,0,0
479898.153434,0,0,0,0,0,0,0,0,0,0.2,0,0,0
479898.164487,0,0,0,0,0,0,0,0,0,0.2,0,0,0
479898.175657,0,0,0,0,0,0,0,0,0,0.2,0,0,0
479898.186812,0,0,0,0,0,0,0,0,0,0.2,0,0,0
479898.198041,0,0,0,0,0,0,0,0,0,0.2,0,0,0
479898.208943,0,0,0,0,0,0,0,0,0,0.2,0,0,0
479898.220107,0,0,0,0,0,0,0,0,0,0.2,0,0,0
479898.231215,0,0,0,0,0,0,0,0,0,0.2,0,0,0
479898.242312,0,0,0,0,0,0,0,0,0,0.2,0,0,0
479898.253447,0,0,0,0,0,0,0,0,0,0.2,0,0,0
479898.264600,0,0,0,0,0,0,0,0,0,0.2,0,0,0
479898.275706,1,0,0,0,0,0,0,0,0,0.1,0,0,0
479898.286777,1,0,0,0,0,0,0,0,0,0.2,0,0,0
479898.298140,1,0,0,0,0,0,0,0,0,0.1,0,0,0
479898.308910,0,0,0,0,0,0,0,0,0,0.1,0,0,0
479898.320106,1,0,0,0,0,0,0,0,0,0.2,0,0,0
479898.331207,0,0,0,0,0,0,0,0,0,0.2,0,0,0
479898.342331,1,0,0,0,0,0,0,0,0,0.1,0,0,0
479898.353416,0,0,0,0,0,0,0,0,0,0.1,0,0,0
479898.364522,0,0,0,0,0,0,0,0,0,0.1,0,0,0
479898.375687,1,0,0,0,0,0,0,0,0,0.2,0,0,0
479898.386791,0,0,0,0,0,0,0,0,0,0.2,0,0,0
479898.398873,0,0,0,0,0,0,0,0,0,0.2,0,0,0
479898.409017,0,0,0,0,0,0,0,0,0,0.2,0,0,0
479898.420117,0,0,0,0,0,0,0,0,0,0.2,0,0,0
479898.431185,0,0,0,0,0,0,0,0,0,0.2,0,0,0
479898.442319,0,0,0,0,0,0,0,0,0,0.2,0,0,0
479898.453402,0,0,0,0,0,0,0,0,0,0.2,0,0,0
479898.464474,0,0,0,0,0,0,0,0,0,0.2,0,0,0
479898.475636,0,0,0,0,0,0,0,0,0,0.2,0,0,0
479898.486783,0,0,0,0,0,0,0,0,0,0.2,0,0,0
479898.498075,0,0,0,0,0,0,0,0,0,0.2,0,0,0
479898.508956,0,0,0,0,0,0,0,0,0,0.2,0,0,0
479898.520109,0,0,0,0,0,0,0,0,0,0.2,0,0,0
479898.531198,0,0,0,0,0,0,0,0,0,0.2,0,0,0
479898.542332,0,0,0,0,0,0,0,0,0,0.2,0,0,0
479898.553473,1,0,0,0,0,0,0,0,0,0.1,0,0,0
479898.564495,0,0,0,0,0,0,0,0,0,0.1,0,0,0
479898.575657,0,0,0,0,0,0,0,0,0,0.1,0,0,0
479898.586801,0,0,0,0,0,0,0,0,0,0.1,0,0,0
479898.598168,0,0,0,0,0,0,0,0,0,0.1,0,0,0
479898.609012,0,0,0,0,0,0,0,0,0,0.1,0,0,0
479898.620158,0,0,0,0,0,0,0,0,0,0.1,0,0,0
479898.631208,0,0,0,0,0,0,0,0,0,0.1,0,0,0
479898.642377,0,0,0,0,0,0,0,0,0,0.1,0,0,0
479898.653431,1,0,0,0,0,0,0,0,0,0.2,0,0,0
479898.664526,0,0,0,0,0,0,0,0,0,0.2,0,0,0
479898.675699,1,0,0,0,0,0,0,0,0,0.1,0,0,0
479898.686852,1,0,0,0,0,0,0,0,0,0.2,0,0,0
479898.698120,0,0,0,0,0,0,0,0,0,0.2,0,0,0
479898.708955,0,0,0,0,0,0,0,0,0,0.2,0,0,0
479898.720162,0,0,0,0,0,0,0,0,0,0.2,0,0,0
479898.731193,0,0,0,0,0,0,0,0,0,0.2,0,0,0
479898.742324,0,0,0,0,0,0,0,0,0,0.2,0,0,0
479898.753589,0,0,0,0,0,0,0,0,0,0.2,0,0,0
479898.764528,0,0,0,0,0,0,0,0,0,0.2,0,0,0
479898.775629,0,0,0,0,0,0,0,0,0,0.2,0,0,0
479898.786988,0,0,0,0,0,0,0,0,0,0.2,0,0,0
479898.798067,0,0,0,0,0,0,0,0,0,0.2,0,0,0
479898.808957,0,0,0,0,0,0,0,0,0,0.2,0,0,0
479898.820128,0,0,0,0,0,0,0,0,0,0.2,0,0,0
479898.831194,0,0,0,0,0,0,0,0,0,0.2,0,0,0
479898.842346,0,0,0,0,0,0,0,0,0,0.2,0,0,0
479898.853428,1,0,0,0,0,0,0,0,0,0.1,0,0,0
479898.864513,0,0,0,0,0,0,0,0,0,0.1,0,0,0
479898.875611,0,0,0,0,0,0,0,0,0,0.1,0,0,0
479898.886874,0,0,0,0,0,0,0,0,0,0.1,0,0,0
479898.898082,0,0,0,0,0,0,0,0,0,0.1,0,0,0
479898.908956,0,0,0,0,0,0,0,0,0,0.1,0,0,0
479898.920130,0,0,0,0,0,0,0,0,0,0.1,0,0,0
479898.931190,0,0,0,0,0,0,0,0,0,0.1,0,0,0
479898.942367,0,0,0,0,0,0,0,0,0,0.1,0,0,0
479898.953444,1,0,0,0,0,0,0,0,0,0.2,0,0,0
479898.964529,0,0,0,0,0,0,0,0,0,0.2,0,0,0
479898.975683,0,0,0,0,0,0,0,0,0,0.2,0,0,0
479898.986852,0,0,0,0,0,0,0,0,0,0.2,0,0,0
479898.998092,0,0,0,0,0,0,0,0,0,0.2,0,0,0
479899.008988,0,0,0,0,0,0,0,0,0,0.2,0,0,0
479899.020122,0,0,0,0,0,0,0,0,0,0.2,0,0,0
479899.031211,0,0,0,0,0,0,0,0,0,0.2,0,0,0
479899.042336,0,0,0,0,0,0,0,0,0,0.2,0,0,0
479899.053453,1,0,0,0,0,0,0,0,0,0.1,0,0,0
479899.064502,1,0,0,0,0,0,0,0,0,0.2,0,0,0
479899.075701,0,0,0,0,0,0,0,0,0,0.2,0,0,0
479899.086887,0,0,0,0,0,0,0,0,0,0.2,0,0,0
479899.098109,1,0,0,0,0,0,0,0,0,0.1,0,0,0
479899.109012,0,0,0,0,0,0,0,0,0,0.1,0,0,0
479899.120158,0,0,0,0,0,0,0,0,0,0.1,0,0,0
479899.131198,0,0,0,0,0,0,0,0,0,0.1,0,0,0
479899.142374,0,0,0,0,0,0,0,0,0,0.1,0,0,0
479899.153441,0,0,0,0,0,0,0,0,0,0.1,0,0,0
479899.164542,1,0,0,0,0,0,0,0,0,0.2,0,0,0
479899.175741,0,0,0,0,0,0,0,0,0,0.2,0,0,0
479899.186879,0,0,0,0,0,0,0,0,0,0.2,0,0,0
479899.198092,0,0,0,0,0,0,0,0,0,0.2,0,0,0
479899.209027,0,0,0,0,0,0,0,0,0,0.2,0,0,0
479899.220175,0,0,0,0,0,0,0,0,0,0.2,0,0,0
479899.231208,0,0,0,0,0,0,0,0,0,0.2,0,0,0
479899.242339,0,0,0,0,0,0,0,0,0,0.2,0,0,0
479899.253459,0,0,0,0,0,0,0,0,0,0.2,0,0,0
479899.264545,0,0,0,0,0,0,0,0,0,0.2,0,0,0
479899.275711,0,0,0,0,0,0,0,0,0,0.2,0,0,0
479899.286886,0,0,0,0,0,0,0,0,0,0.2,0,0,0
479899.298078,0,0,0,0,0,0,0,0,0,0.2,0,0,0
479899.308946,0,0,0,0,0,0,0,0,0,0.2,0,0,0
479899.320122,0,0,0,0,0,0,0,0,0,0.2,0,0,0
479899.331230,0,0,0,0,0,0,0,0,0,0.2,0,0,0
479899.342393,0,0,0,0,0,0,0,0,0,0.2,0,0,0
479899.353421,0,0,0,0,0,0,0,0,0,0.2,0,0,0
479899.364771,1,0,0,0,0,0,0,0,0,0.1,0,0,0
479899.375711,1,0,0,0,0,0,0,0,0,0.2,0,0,0
479899.386838,0,0,0,0,0,0,0,0,0,0.2,0,0,0
479899.398296,0,0,0,0,0,0,0,0,0,0.2,0,0,0
479899.420113,0,0,0,0,0,0,0,0,0,0.2,0,0,0
479899.431194,0,0,0,0,0,0,0,0,0,0.2,0,0,0
479899.442358,1,0,0,0,0,0,0,0,0,0.1,0,0,0
479899.453423,0,0,0,0,0,0,0,0,0,0.1,0,0,0
479899.464525,1,0,0,0,0,0,0,0,0,0.2,0,0,0
479899.475665,0,0,0,0,0,0,0,0,0,0.2,0,0,0
479899.486801,1,0,0,0,0,0,0,0,0,0.1,0,0,0
479899.498099,0,0,0,0,0,0,0,0,0,0.1,0,0,0
479899.509019,0,0,0,0,0,0,0,0,0,0.1,0,0,0
479899.520158,0,0,0,0,0,0,0,0,0,0.1,0,0,0
479899.531210,0,0,0,0,0,0,0,0,0,0.1,0,0,0
479899.542390,0,0,0,0,0,0,0,0,0,0.1,0,0,0
479899.553420,0,0,0,0,0,0,0,0,0,0.1,0,0,0
479899.564570,0,0,0,0,0,0,0,0,0,0.1,0,0,0
479899.575694,0,0,0,0,0,0,0,0,0,0.1,0,0,0
479899.586834,0,0,0,0,0,0,0,0,0,0.1,0,0,0
479899.598033,0,0,0,0,0,0,0,0,0,0.1,0,0,0
479899.609012,0,0,0,0,0,0,0,0,0,0.1,0,0,0
479899.620153,0,0,0,0,0,0,0,0,0,0.1,0,0,0
479899.631226,0,0,0,0,0,0,0,0,0,0.1,0,0,0
479899.642418,1,0,0,0,0,0,0,0,0,0.2,0,0,0
479899.653487,0,0,0,0,0,0,0,0,0,0.2,0,0,0
479899.664557,0,0,0,0,0,0,0,0,0,0.2,0,0,0
479899.675704,0,0,0,0,0,0,0,0,0,0.2,0,0,0
479899.686851,1,0,0,0,0,0,0,0,0,0.1,0,0,0
479899.698122,1,0,0,0,0,0,0,0,0,0.2,0,0,0
479899.708986,0,0,0,0,0,0,0,0,0,0.2,0,0,0
479899.720156,0,0,0,0,0,0,0,0,0,0.2,0,0,0
479899.731232,0,0,0,0,0,0,0,0,0,0.2,0,0,0
479899.742393,0,0,0,0,0,0,0,0,0,0.2,0,0,0
479899.753468,0,0,0,0,0,0,0,0,0,0.2,0,0,0
479899.764559,0,0,0,0,0,0,0,0,0,0.2,0,0,0
479899.775708,0,0,0,0,0,0,0,0,0,0.2,0,0,0
479899.786858,0,0,0,0,0,0,0,0,0,0.2,0,0,0
479899.798066,0,0,0,0,0,0,0,0,0,0.2,0,0,0
479899.809024,1,0,0,0,0,0,0,0,0,0.1,0,0,0
479899.820162,1,0,0,0,0,0,0,0,0,0.2,0,0,0
479899.831228,0,0,0,0,0,0,0,0,0,0.2,0,0,0
479899.842398,0,0,0,0,0,0,0,0,0,0.2,0,0,0
479899.853469,0,0,0,0,0,0,0,0,0,0.2,0,0,0
479899.864594,0,0,0,0,0,0,0,0,0,0.2,0,0,0
479899.875862,0,0,0,0,0,0,0,0,0,0.2,0,0,0
479899.886854,0,0,0,0,0,0,0,0,0,0.2,0,0,0
479899.898147,0,0,0,0,0,0,0,0,0,0.2,0,0,0
479899.909047,0,0,0,0,0,0,0,0,0,0.2,0,0,0
479899.920175,0,0,0,0,0,0,0,0,0,0.2,0,0,0
479899.931240,0,0,0,0,0,0,0,0,0,0.2,0,0,0
479899.942367,0,0,0,0,0,0,0,0,0,0.2,0,0,0
479899.953566,0,0,0,0,0,0,0,0,0,0.2,0,0,0
479899.964601,0,0,0,0,0,0,0,0,0,0.2,0,0,0
479899.975717,0,0,0,0,0,0,0,0,0,0.2,0,0,0
479899.986896,0,0,0,0,0,0,0,0,0,0.2,0,0,0
479899.998203,0,0,0,0,0,0,0,0,0,0.2,0,0,0
479900.009058,0,0,0,0,0,0,0,0,0,0.2,0,0,0
479900.020194,0,0,0,0,0,0,0,0,0,0.2,0,0,0
479900.031254,0,0,0,0,0,0,0,0,0,0.2,0,0,0
479900.042421,0,0,0,0,0,0,0,0,0,0.2,0,0,0
479900.053515,0,0,0,0,0,0,0,0,0,0.2,0,0,0
479900.064549,0,0,0,0,0,0,0,0,0,0.2,0,0,0
479900.075712,0,0,0,0,0,0,0,0,0,0.2,0,0,0
479900.086862,0,0,0,0,0,0,0,0,0,0.2,0,0,0
479900.098225,0,0,0,0,0,0,0,0,0,0.2,0,0,0
479900.109036,1,0,0,0,0,0,0,0,0,0.1,0,0,0
479900.120159,1,0,0,0,0,0,0,0,0,0.2,0,0,0
479900.131216,0,0,0,0,0,0,0,0,0,0.2,0,0,0
479900.142342,1,0,0,0,0,0,0,0,0,0.1,0,0,0
479900.153431,0,0,0,0,0,0,0,0,0,0.1,0,0,0
479900.164521,0,0,0,0,0,0,0,0,0,0.1,0,0,0
479900.175753,1,0,0,0,0,0,0,0,0,0.2,0,0,0
479900.186871,0,0,0,0,0,0,0,0,0,0.2,0,0,0
479900.198202,0,0,0,0,0,0,0,0,0,0.2,0,0,0
479900.209051,0,0,0,0,0,0,0,0,0,0.2,0,0,0
479900.220187,0,0,0,0,0,0,0,0,0,0.2,0,0,0
479900.231228,0,0,0,0,0,0,0,0,0,0.2,0,0,0
479900.242368,0,0,0,0,0,0,0,0,0,0.2,0,0,0
479900.253426,0,0,0,0,0,0,0,0,0,0.2,0,0,0
479900.264559,0,0,0,0,0,0,0,0,0,0.2,0,0,0
479900.275675,0,0,0,0,0,0,0,0,0,0.2,0,0,0
479900.286881,0,0,0,0,0,0,0,0,0,0.2,0,0,0
479900.298088,0,0,0,0,0,0,0,0,0,0.2,0,0,0
479900.308999,0,0,0,0,0,0,0,0,0,0.2,0,0,0
479900.320153,0,0,0,0,0,0,0,0,0,0.2,0,0,0
479900.331228,0,0,0,0,0,0,0,0,0,0.2,0,0,0
479900.342346,0,0,0,0,0,0,0,0,0,0.2,0,0,0
479900.353495,0,0,0,0,0,0,0,0,0,0.2,0,0,0
479900.364561,0,0,0,0,0,0,0,0,0,0.2,0,0,0
479900.375764,0,0,0,0,0,0,0,0,0,0.2,0,0,0
479900.386864,0,0,0,0,0,0,0,0,0,0.2,0,0,0
479900.398213,0,0,0,0,0,0,0,0,0,0.2,0,0,0
479900.409030,0,0,0,0,0,0,0,0,0,0.2,0,0,0
479900.420132,0,0,0,0,0,0,0,0,0,0.2,0,0,0
479900.431299,0,0,0,0,0,0,0,0,0,0.2,0,0,0
479900.442445,0,0,0,0,0,0,0,0,0,0.2,0,0,0
479900.453466,0,0,0,0,0,0,0,0,0,0.2,0,0,0
479900.475724,1,0,0,0,0,0,0,0,0,0.1,0,0,0
479900.486860,1,0,0,0,0,0,0,0,0,0.2,0,0,0
479900.498126,0,0,0,0,0,0,0,0,0,0.2,0,0,0
479900.509044,1,0,0,0,0,0,0,0,0,0.1,0,0,0
479900.520144,0,0,0,0,0,0,0,0,0,0.1,0,0,0
479900.531266,0,0,0,0,0,0,0,0,0,0.1,0,0,0
479900.542421,0,0,0,0,0,0,0,0,0,0.1,0,0,0
479900.553513,1,0,0,0,0,0,0,0,0,0.2,0,0,0
479900.564573,0,0,0,0,0,0,0,0,0,0.2,0,0,0
479900.575737,0,0,0,0,0,0,0,0,0,0.2,0,0,0
479900.586860,1,0,0,0,0,0,0,0,0,0.1,0,0,0
479900.598205,0,0,0,0,0,0,0,0,0,0.1,0,0,0
479900.609052,1,0,0,0,0,0,0,0,0,0.2,0,0,0
479900.620151,0,0,0,0,0,0,0,0,0,0.2,0,0,0
479900.631271,0,0,0,0,0,0,0,0,0,0.2,0,0,0
479900.642434,0,0,0,0,0,0,0,0,0,0.2,0,0,0
479900.653454,0,0,0,0,0,0,0,0,0,0.2,0,0,0
479900.664527,0,0,0,0,0,0,0,0,0,0.2,0,0,0
479900.675736,0,0,0,0,0,0,0,0,0,0.2,0,0,0
479900.686893,0,0,0,0,0,0,0,0,0,0.2,0,0,0
479900.698150,0,0,0,0,0,0,0,0,0,0.2,0,0,0
479900.709037,0,0,0,0,0,0,0,0,0,0.2,0,0,0
479900.720139,0,0,0,0,0,0,0,0,0,0.2,0,0,0
479900.731278,0,0,0,0,0,0,0,0,0,0.2,0,0,0
479900.742459,0,0,0,0,0,0,0,0,0,0.2,0,0,0
479900.753514,0,0,0,0,0,0,0,0,0,0.2,0,0,0
479900.764557,1,0,0,0,0,0,0,0,0,0.1,0,0,0
479900.775740,1,0,0,0,0,0,0,0,0,0.2,0,0,0
479900.786861,0,0,0,0,0,0,0,0,0,0.2,0,0,0
479900.798213,1,0,0,0,0,0,0,0,0,0.1,0,0,0
479900.809049,1,0,0,0,0,0,0,0,0,0.2,0,0,0
479900.820148,0,0,0,0,0,0,0,0,0,0.2,0,0,0
479900.831245,0,0,0,0,0,0,0,0,0,0.2,0,0,0
479900.842425,0,0,0,0,0,0,0,0,0,0.2,0,0,0
479900.853525,0,0,0,0,0,0,0,0,0,0.2,0,0,0
479900.864544,0,0,0,0,0,0,0,0,0,0.2,0,0,0
479900.875771,0,0,0,0,0,0,0,0,0,0.2,0,0,0
479900.886866,0,0,0,0,0,0,0,0,0,0.2,0,0,0
479900.898122,0,0,0,0,0,0,0,0,0,0.2,0,0,0
479900.909007,0,0,0,0,0,0,0,0,0,0.2,0,0,0
479900.920113,0,0,0,0,0,0,0,0,0,0.2,0,0,0
479900.931221,0,0,0,0,0,0,0,0,0,0.2,0,0,0
479900.942414,0,0,0,0,0,0,0,0,0,0.2,0,0,0
479900.953439,0,0,0,0,0,0,0,0,0,0.2,0,0,0
479900.964553,0,0,0,0,0,0,0,0,0,0.2,0,0,0
479900.975749,0,0,0,0,0,0,0,0,0,0.2,0,0,0
479900.986796,0,0,0,0,0,0,0,0,0,0.2,0,0,0
479900.998219,1,0,0,0,0,0,0,0,0,0.1,0,0,0
479901.009074,1,0,0,0,0,0,0,0,0,0.2,0,0,0
479901.020141,0,0,0,0,0,0,0,0,0,0.2,0,0,0
479901.031280,0,0,0,0,0,0,0,0,0,0.2,0,0,0
479901.042408,0,0,0,0,0,0,0,0,0,0.2,0,0,0
479901.053451,1,0,0,0,0,0,0,0,0,0.1,0,0,0
479901.064573,0,0,0,0,0,0,0,0,0,0.1,0,0,0
479901.075721,1,0,0,0,0,0,0,0,0,0.2,0,0,0
479901.086861,0,0,0,0,0,0,0,0,0,0.2,0,0,0
479901.098197,1,0,0,0,0,0,0,0,0,0.1,0,0,0
479901.109054,1,0,0,0,0,0,0,0,0,0.2,0,0,0
479901.120136,0,0,0,0,0,0,0,0,0,0.2,0,0,0
479901.131193,0,0,0,0,0,0,0,0,0,0.2,0,0,0
479901.142363,0,0,0,0,0,0,0,0,0,0.2,0,0,0
479901.153425,0,0,0,0,0,0,0,0,0,0.2,0,0,0
479901.164582,0,0,0,0,0,0,0,0,0,0.2,0,0,0
479901.175730,0,0,0,0,0,0,0,0,0,0.2,0,0,0
479901.186814,0,0,0,0,0,0,0,0,0,0.2,0,0,0
479901.198198,0,0,0,0,0,0,0,0,0,0.2,0,0,0
479901.209011,0,0,0,0,0,0,0,0,0,0.2,0,0,0
479901.220143,0,0,0,0,0,0,0,0,0,0.2,0,0,0
479901.231270,0,0,0,0,0,0,0,0,0,0.2,0,0,0
479901.242381,0,0,0,0,0,0,0,0,0,0.2,0,0,0
479901.253443,0,0,0,0,0,0,0,0,0,0.2,0,0,0
479901.264551,0,0,0,0,0,0,0,0,0,0.2,0,0,0
479901.275718,0,0,0,0,0,0,0,0,0,0.2,0,0,0
479901.286840,0,0,0,0,0,0,0,0,0,0.2,0,0,0
479901.298133,0,0,0,0,0,0,0,0,0,0.2,0,0,0
479901.309028,0,0,0,0,0,0,0,0,0,0.2,0,0,0
479901.320146,0,0,0,0,0,0,0,0,0,0.2,0,0,0
479901.331284,0,0,0,0,0,0,0,0,0,0.2,0,0,0
479901.342473,0,0,0,0,0,0,0,0,0,0.2,0,0,0
479901.353456,0,0,0,0,0,0,0,0,0,0.2,0,0,0
479901.364660,0,0,0,0,0,0,0,0,0,0.2,0,0,0
479901.375742,0,0,0,0,0,0,0,0,0,0.2,0,0,0
479901.386828,0,0,0,0,0,0,0,0,0,0.2,0,0,0
479901.398198,0,0,0,0,0,0,0,0,0,0.2,0,0,0
479901.409078,1,0,0,0,0,0,0,0,0,0.1,0,0,0
479901.420159,0,0,0,0,0,0,0,0,0,0.1,0,0,0
479901.431285,0,0,0,0,0,0,0,0,0,0.1,0,0,0
479901.442379,0,0,0,0,0,0,0,0,0,0.1,0,0,0
479901.453410,1,0,0,0,0,0,0,0,0,0.2,0,0,0
479901.464547,0,0,0,0,0,0,0,0,0,0.2,0,0,0
479901.475706,0,0,0,0,0,0,0,0,0,0.2,0,0,0
479901.486853,1,0,0,0,0,0,0,0,0,0.1,0,0,0
479901.498161,0,0,0,0,0,0,0,0,0,0.1,0,0,0
479901.509080,0,0,0,0,0,0,0,0,0,0.1,0,0,0
479901.520155,1,0,0,0,0,0,0,0,0,0.2,0,0,0
479901.531276,0,0,0,0,0,0,0,0,0,0.2,0,0,0
479901.542393,0,0,0,0,0,0,0,0,0,0.2,0,0,0
479901.553471,0,0,0,0,0,0,0,0,0,0.2,0,0,0
479901.564577,0,0,0,0,0,0,0,0,0,0.2,0,0,0
479901.575743,0,0,0,0,0,0,0,0,0,0.2,0,0,0
479901.586782,0,0,0,0,0,0,0,0,0,0.2,0,0,0
479901.598130,0,0,0,0,0,0,0,0,0,0.2,0,0,0
479901.609040,0,0,0,0,0,0,0,0,0,0.2,0,0,0
479901.620185,0,0,0,0,0,0,0,0,0,0.2,0,0,0
479901.631294,1,0,0,0,0,0,0,0,0,0.1,0,0,0
479901.642428,0,0,0,0,0,0,0,0,0,0.1,0,0,0
479901.653461,0,0,0,0,0,0,0,0,0,0.1,0,0,0
479901.664531,0,0,0,0,0,0,0,0,0,0.1,0,0,0
479901.675773,0,0,0,0,0,0,0,0,0,0.1,0,0,0
479901.686821,1,0,0,0,0,0,0,0,0,0.2,0,0,0
479901.698218,1,0,0,0,0,0,0,0,0,0.1,0,0,0
479901.709092,0,0,0,0,0,0,0,0,0,0.1,0,0,0
479901.720169,0,0,0,0,0,0,0,0,0,0.1,0,0,0
479901.731266,1,0,0,0,0,0,0,0,0,0.2,0,0,0
479901.742457,1,0,0,0,0,0,0,0,0,0.1,0,0,0
479901.753502,0,0,0,0,0,0,0,0,0,0.1,0,0,0
479901.764559,0,0,0,0,0,0,0,0,0,0.1,0,0,0
479901.775742,0,0,0,0,0,0,0,0,0,0.1,0,0,0
479901.786776,0,0,0,0,0,0,0,0,0,0.1,0,0,0
479901.798235,0,0,0,0,0,0,0,0,0,0.1,0,0,0
479901.809093,0,0,0,0,0,0,0,0,0,0.1,0,0,0
479901.820163,0,0,0,0,0,0,0,0,0,0.1,0,0,0
479901.831258,1,0,0,0,0,0,0,0,0,0.2,0,0,0
479901.842448,1,0,0,0,0,0,0,0,0,0.1,0,0,0
479901.853439,0,0,0,0,0,0,0,0,0,0.1,0,0,0
479901.864562,0,0,0,0,0,0,0,0,0,0.1,0,0,0
479901.875801,0,0,0,0,0,0,0,0,0,0.1,0,0,0
479901.886842,0,0,0,0,0,0,0,0,0,0.1,0,0,0
479901.898152,0,0,0,0,0,0,0,0,0,0.1,0,0,0
479901.909077,0,0,0,0,0,0,0,0,0,0.1,0,0,0
479901.920135,0,0,0,0,0,0,0,0,0,0.1,0,0,0
479901.931246,0,0,0,0,0,0,0,0,0,0.1,0,0,0
479901.942468,0,0,0,0,0,0,0,0,0,0.1,0,0,0
479901.953466,1,0,0,0,0,0,0,0,0,0.2,0,0,0
479901.964595,0,0,0,0,0,0,0,0,0,0.2,0,0,0
479901.975782,0,0,0,0,0,0,0,0,0,0.2,0,0,0
479901.986849,0,0,0,0,0,0,0,0,0,0.2,0,0,0
479901.998237,0,0,0,0,0,0,0,0,0,0.2,0,0,0
479902.009241,0,0,0,0,0,0,0,0,0,0.2,0,0,0
479902.020184,0,0,0,0,0,0,0,0,0,0.2,0,0,0
479902.031330,0,0,0,0,0,0,0,0,0,0.2,0,0,0
479902.042470,0,0,0,0,0,0,0,0,0,0.2,0,0,0
479902.053442,0,0,0,0,0,0,0,0,0,0.2,0,0,0
479902.064562,0,0,0,0,0,0,0,0,0,0.2,0,0,0
479902.075750,0,0,0,0,0,0,0,0,0,0.2,0,0,0
479902.086856,1,0,0,0,0,0,0,0,0,0.1,0,0,0
479902.098218,0,0,0,0,0,0,0,0,0,0.1,0,0,0
479902.109100,1,0,0,0,0,0,0,0,0,0.2,0,0,0
479902.120215,0,0,0,0,0,0,0,0,0,0.2,0,0,0
479902.131313,1,0,0,0,0,0,0,0,0,0.1,0,0,0
479902.142497,1,0,0,0,0,0,0,0,0,0.2,0,0,0
479902.153534,0,0,0,0,0,0,0,0,0,0.2,0,0,0
479902.164598,0,0,0,0,0,0,0,0,0,0.2,0,0,0
479902.175790,0,0,0,0,0,0,0,0,0,0.2,0,0,0
479902.186881,0,0,0,0,0,0,0,0,0,0.2,0,0,0
479902.198226,0,0,0,0,0,0,0,0,0,0.2,0,0,0
479902.209088,0,0,0,0,0,0,0,0,0,0.2,0,0,0
479902.220193,0,0,0,0,0,0,0,0,0,0.2,0,0,0
479902.231297,0,0,0,0,0,0,0,0,0,0.2,0,0,0
479902.242464,0,0,0,0,0,0,0,0,0,0.2,0,0,0
479902.253449,0,0,0,0,0,0,0,0,0,0.2,0,0,0
479902.264580,0,0,0,0,0,0,0,0,0,0.2,0,0,0
479902.275753,0,0,0,0,0,0,0,0,0,0.2,0,0,0
479902.286861,0,0,0,0,0,0,0,0,0,0.2,0,0,0
479902.298203,0,0,0,0,0,0,0,0,0,0.2,0,0,0
479902.309050,0,0,0,0,0,0,0,0,0,0.2,0,0,0
479902.320134,0,0,0,0,0,0,0,0,0,0.2,0,0,0
479902.331302,0,0,0,0,0,0,0,0,0,0.2,0,0,0
479902.342441,0,0,0,0,0,0,0,0,0,0.2,0,0,0
479902.353440,0,0,0,0,0,0,0,0,0,0.2,0,0,0
479902.364571,1,0,0,0,0,0,0,0,0,0.1,0,0,0
479902.375734,0,0,0,0,0,0,0,0,0,0.1,0,0,0
479902.386827,1,0,0,0,0,0,0,0,0,0.2,0,0,0
479902.398232,0,0,0,0,0,0,0,0,0,0.2,0,0,0
479902.409064,0,0,0,0,0,0,0,0,0,0.2,0,0,0
479902.420146,0,0,0,0,0,0,0,0,0,0.2,0,0,0
479902.431256,1,0,0,0,0,0,0,0,0,0.1,0,0,0
479902.442460,1,0,0,0,0,0,0,0,0,0.2,0,0,0
479902.453474,0,0,0,0,0,0,0,0,0,0.2,0,0,0
479902.464546,1,0,0,0,0,0,0,0,0,0.1,0,0,0
479902.475723,0,0,0,0,0,0,0,0,0,0.1,0,0,0
479902.486799,1,0,0,0,0,0,0,0,0,0.2,0,0,0
479902.498149,0,0,0,0,0,0,0,0,0,0.2,0,0,0
479902.509041,0,0,0,0,0,0,0,0,0,0.2,0,0,0
479902.520147,0,0,0,0,0,0,0,0,0,0.2,0,0,0
479902.531240,1,0,0,0,0,0,0,0,0,0.1,0,0,0
479902.542512,0,0,0,0,0,0,0,0,0,0.1,0,0,0
479902.553410,0,0,0,0,0,0,0,0,0,0.1,0,0,0
479902.564616,0,0,0,0,0,0,0,0,0,0.1,0,0,0
479902.575792,0,0,0,0,0,0,0,0,0,0.1,0,0,0
479902.598157,0,0,0,0,0,0,0,0,0,0.1,0,0,0
479902.609066,0,0,0,0,0,0,0,0,0,0.1,0,0,0
479902.620162,0,0,0,0,0,0,0,0,0,0.1,0,0,0
479902.631259,0,0,0,0,0,0,0,0,0,0.1,0,0,0
479902.642428,0,0,0,0,0,0,0,0,0,0.1,0,0,0
479902.653438,0,0,0,0,0,0,0,0,0,0.1,0,0,0
479902.664564,0,0,0,0,0,0,0,0,0,0.1,0,0,0
479902.675715,1,0,0,0,0,0,0,0,0,0.2,0,0,0
479902.686853,0,0,0,0,0,0,0,0,0,0.2,0,0,0
479902.698228,1,0,0,0,0,0,0,0,0,0.1,0,0,0
479902.709124,0,0,0,0,0,0,0,0,0,0.1,0,0,0
479902.720150,0,0,0,0,0,0,0,0,0,0.1,0,0,0
479902.731286,1,0,0,0,0,0,0,0,0,0.2,0,0,0
479902.742432,0,0,0,0,0,0,0,0,0,0.2,0,0,0
479902.753467,0,0,0,0,0,0,0,0,0,0.2,0,0,0
479902.764597,0,0,0,0,0,0,0,0,0,0.2,0,0,0
479902.775811,0,0,0,0,0,0,0,0,0,0.2,0,0,0
479902.786873,0,0,0,0,0,0,0,0,0,0.2,0,0,0
479902.798237,0,0,0,0,0,0,0,0,0,0.2,0,0,0
479902.809079,0,0,0,0,0,0,0,0,0,0.2,0,0,0
479902.820158,0,0,0,0,0,0,0,0,0,0.2,0,0,0
479902.831288,0,0,0,0,0,0,0,0,0,0.2,0,0,0
479902.842462,0,0,0,0,0,0,0,0,0,0.2,0,0,0
479902.853511,0,0,0,0,0,0,0,0,0,0.2,0,0,0
479902.864557,0,0,0,0,0,0,0,0,0,0.2,0,0,0
479902.875755,1,0,0,0,0,0,0,0,0,0.1,0,0,0
479902.886812,0,0,0,0,0,0,0,0,0,0.1,0,0,0
479902.898158,1,0,0,0,0,0,0,0,0,0.2,0,0,0
479902.909071,0,0,0,0,0,0,0,0,0,0.2,0,0,0
479902.920150,0,0,0,0,0,0,0,0,0,0.2,0,0,0
479902.931313,0,0,0,0,0,0,0,0,0,0.2,0,0,0
479902.942486,0,0,0,0,0,0,0,0,0,0.2,0,0,0
479902.953455,1,0,0,0,0,0,0,0,0,0.1,0,0,0
479902.964602,1,0,0,0,0,0,0,0,0,0.2,0,0,0
479902.975751,0,0,0,0,0,0,0,0,0,0.2,0,0,0
479902.986824,0,0,0,0,0,0,0,0,0,0.2,0,0,0
479902.998140,0,0,0,0,0,0,0,0,0,0.2,0,0,0
479903.009050,0,0,0,0,0,0,0,0,0,0.2,0,0,0
479903.020149,0,0,0,0,0,0,0,0,0,0.2,0,0,0
479903.031247,1,0,0,0,0,0,0,0,0,0.1,0,0,0
479903.042491,0,0,0,0,0,0,0,0,0,0.1,0,0,0
479903.053438,1,0,0,0,0,0,0,0,0,0.2,0,0,0
479903.064597,0,0,0,0,0,0,0,0,0,0.2,0,0,0
479903.075783,0,0,0,0,0,0,0,0,0,0.2,0,0,0
479903.086878,0,0,0,0,0,0,0,0,0,0.2,0,0,0
479903.098239,0,0,0,0,0,0,0,0,0,0.2,0,0,0
479903.109047,1,0,0,0,0,0,0,0,0,0.1,0,0,0
479903.120175,1,0,0,0,0,0,0,0,0,0.2,0,0,0
479903.131309,0,0,0,0,0,0,0,0,0,0.2,0,0,0
479903.142503,0,0,0,0,0,0,0,0,0,0.2,0,0,0
479903.153524,0,0,0,0,0,0,0,0,0,0.2,0,0,0
479903.164587,0,0,0,0,0,0,0,0,0,0.2,0,0,0
479903.175776,0,0,0,0,0,0,0,0,0,0.2,0,0,0
479903.186865,0,0,0,0,0,0,0,0,0,0.2,0,0,0
479903.198231,0,0,0,0,0,0,0,0,0,0.2,0,0,0
479903.209105,0,0,0,0,0,0,0,0,0,0.2,0,0,0
479903.220209,0,0,0,0,0,0,0,0,0,0.2,0,0,0
479903.231319,0,0,0,0,0,0,0,0,0,0.2,0,0,0
479903.242492,1,0,0,0,0,0,0,0,0,0.1,0,0,0
479903.253476,1,0,0,0,0,0,0,0,0,0.2,0,0,0
479903.264630,1,0,0,0,0,0,0,0,0,0.1,0,0,0
479903.275803,0,0,0,0,0,0,0,0,0,0.1,0,0,0
479903.286903,0,0,0,0,0,0,0,0,0,0.1,0,0,0
479903.298147,1,0,0,0,0,0,0,0,0,0.2,0,0,0
479903.309046,1,0,0,0,0,0,0,0,0,0.1,0,0,0
479903.320219,0,0,0,0,0,0,0,0,0,0.1,0,0,0
479903.331334,0,0,0,0,0,0,0,0,0,0.1,0,0,0
479903.342495,1,0,0,0,0,0,0,0,0,0.2,0,0,0
479903.353498,0,0,0,0,0,0,0,0,0,0.2,0,0,0
479903.364623,0,0,0,0,0,0,0,0,0,0.2,0,0,0
479903.375793,0,0,0,0,0,0,0,0,0,0.2,0,0,0
479903.386880,0,0,0,0,0,0,0,0,0,0.2,0,0,0
479903.398225,0,0,0,0,0,0,0,0,0,0.2,0,0,0
479903.409059,0,0,0,0,0,0,0,0,0,0.2,0,0,0
479903.420186,0,0,0,0,0,0,0,0,0,0.2,0,0,0
479903.431325,0,0,0,0,0,0,0,0,0,0.2,0,0,0
479903.442504,0,0,0,0,0,0,0,0,0,0.2,0,0,0
479903.453476,1,0,0,0,0,0,0,0,0,0.1,0,0,0
479903.464574,0,0,0,0,0,0,0,0,0,0.1,0,0,0
479903.475743,1,0,0,0,0,0,0,0,0,0.2,0,0,0
479903.486833,1,0,0,0,0,0,0,0,0,0.1,0,0,0
479903.498276,0,0,0,0,0,0,0,0,0,0.1,0,0,0
479903.509132,0,0,0,0,0,0,0,0,0,0.1,0,0,0
479903.520198,0,0,0,0,0,0,0,0,0,0.1,0,0,0
479903.531298,0,0,0,0,0,0,0,0,0,0.1,0,0,0
479903.542492,0,0,0,0,0,0,0,0,0,0.1,0,0,0
479903.553531,0,0,0,0,0,0,0,0,0,0.1,0,0,0
479903.564623,0,0,0,0,0,0,0,0,0,0.1,0,0,0
479903.575817,0,0,0,0,0,0,0,0,0,0.1,0,0,0
479903.586908,0,0,0,0,0,0,0,0,0,0.1,0,0,0
479903.598277,0,0,0,0,0,0,0,0,0,0.1,0,0,0
479903.609094,0,0,0,0,0,0,0,0,0,0.1,0,0,0
479903.620214,0,0,0,0,0,0,0,0,0,0.1,0,0,0
479903.631313,0,0,0,0,0,0,0,0,0,0.1,0,0,0
479903.642469,0,0,0,0,0,0,0,0,0,0.1,0,0,0
479903.653554,0,0,0,0,0,0,0,0,0,0.1,0,0,0
479903.664633,0,0,0,0,0,0,0,0,0,0.1,0,0,0
479903.675774,0,0,0,0,0,0,0,0,0,0.1,0,0,0
479903.686879,0,0,0,0,0,0,0,0,0,0.1,0,0,0
479903.698228,0,0,0,0,0,0,0,0,0,0.1,0,0,0
479903.709103,0,0,0,0,0,0,0,0,0,0.1,0,0,0
479903.720192,0,0,0,0,0,0,0,0,0,0.1,0,0,0
479903.731317,0,0,0,0,0,0,0,0,0,0.1,0,0,0
479903.742518,0,0,0,0,0,0,0,0,0,0.1,0,0,0
479903.753546,0,0,0,0,0,0,0,0,0,0.1,0,0,0
479903.764629,0,0,0,0,0,0,0,0,0,0.1,0,0,0
479903.775848,0,0,0,0,0,0,0,0,0,0.1,0,0,0
479903.786889,0,0,0,0,0,0,0,0,0,0.1,0,0,0
479903.798248,1,0,0,0,0,0,0,0,0,0.2,0,0,0
479903.809114,0,0,0,0,0,0,0,0,0,0.2,0,0,0
479903.820207,0,0,0,0,0,0,0,0,0,0.2,0,0,0
479903.831328,0,0,0,0,0,0,0,0,0,0.2,0,0,0
479903.842459,0,0,0,0,0,0,0,0,0,0.2,0,0,0
479903.853509,0,0,0,0,0,0,0,0,0,0.2,0,0,0
479903.864595,0,0,0,0,0,0,0,0,0,0.2,0,0,0
479903.875778,1,0,0,0,0,0,0,0,0,0.1,0,0,0
479903.886931,0,0,0,0,0,0,0,0,0,0.1,0,0,0
479903.898257,0,0,0,0,0,0,0,0,0,0.1,0,0,0
479903.909062,1,0,0,0,0,0,0,0,0,0.2,0,0,0
479903.920161,1,0,0,0,0,0,0,0,0,0.1,0,0,0
479903.931300,0,0,0,0,0,0,0,0,0,0.1,0,0,0
479903.942447,0,0,0,0,0,0,0,0,0,0.1,0,0,0
479903.953494,0,0,0,0,0,0,0,0,0,0.1,0,0,0
479903.964602,0,0,0,0,0,0,0,0,0,0.1,0,0,0
479903.975776,0,0,0,0,0,0,0,0,0,0.1,0,0,0
479903.986864,0,0,0,0,0,0,0,0,0,0.1,0,0,0
479903.998257,0,0,0,0,0,0,0,0,0,0.1,0,0,0
479904.009082,1,0,0,0,0,0,0,0,0,0.2,0,0,0
479904.020162,0,0,0,0,0,0,0,0,0,0.2,0,0,0
479904.031312,0,0,0,0,0,0,0,0,0,0.2,0,0,0
479904.042446,0,0,0,0,0,0,0,0,0,0.2,0,0,0
479904.053456,0,0,0,0,0,0,0,0,0,0.2,0,0,0
479904.064615,0,0,0,0,0,0,0,0,0,0.2,0,0,0
479904.075798,0,0,0,0,0,0,0,0,0,0.2,0,0,0
479904.086826,0,0,0,0,0,0,0,0,0,0.2,0,0,0
479904.098206,0,0,0,0,0,0,0,0,0,0.2,0,0,0
479904.109089,1,0,0,0,0,0,0,0,0,0.1,0,0,0
479904.120217,0,0,0,0,0,0,0,0,0,0.1,0,0,0
479904.131316,0,0,0,0,0,0,0,0,0,0.1,0,0,0
479904.142461,1,0,0,0,0,0,0,0,0,0.2,0,0,0
479904.153529,1,0,0,0,0,0,0,0,0,0.1,0,0,0
479904.164679,0,0,0,0,0,0,0,0,0,0.1,0,0,0
479904.175849,0,0,0,0,0,0,0,0,0,0.1,0,0,0
479904.186968,0,0,0,0,0,0,0,0,0,0.1,0,0,0
479904.198390,0,0,0,0,0,0,0,0,0,0.1,0,0,0
479904.209130,0,0,0,0,0,0,0,0,0,0.1,0,0,0
479904.220270,0,0,0,0,0,0,0,0,0,0.1,0,0,0
479904.231361,0,0,0,0,0,0,0,0,0,0.1,0,0,0
479904.242529,0,0,0,0,0,0,0,0,0,0.1,0,0,0
479904.253551,1,0,0,0,0,0,0,0,0,0.2,0,0,0
479904.264652,0,0,0,0,0,0,0,0,0,0.2,0,0,0
479904.275864,0,0,0,0,0,0,0,0,0,0.2,0,0,0
479904.286995,0,0,0,0,0,0,0,0,0,0.2,0,0,0
479904.298254,0,0,0,0,0,0,0,0,0,0.2,0,0,0
479904.309074,0,0,0,0,0,0,0,0,0,0.2,0,0,0
479904.320189,1,0,0,0,0,0,0,0,0,0.1,0,0,0
479904.331374,1,0,0,0,0,0,0,0,0,0.2,0,0,0
479904.342506,0,0,0,0,0,0,0,0,0,0.2,0,0,0
479904.353551,0,0,0,0,0,0,0,0,0,0.2,0,0,0
479904.364605,1,0,0,0,0,0,0,0,0,0.1,0,0,0
479904.375790,1,0,0,0,0,0,0,0,0,0.2,0,0,0
479904.386844,0,0,0,0,0,0,0,0,0,0.2,0,0,0
479904.398159,0,0,0,0,0,0,0,0,0,0.2,0,0,0
479904.409085,0,0,0,0,0,0,0,0,0,0.2,0,0,0
479904.420201,0,0,0,0,0,0,0,0,0,0.2,0,0,0
479904.431298,0,0,0,0,0,0,0,0,0,0.2,0,0,0
479904.442455,1,0,0,0,0,0,0,0,0,0.1,0,0,0
479904.453489,1,0,0,0,0,0,0,0,0,0.2,0,0,0
479904.464612,1,0,0,0,0,0,0,0,0,0.1,0,0,0
479904.475767,0,0,0,0,0,0,0,0,0,0.1,0,0,0
479904.486910,0,0,0,0,0,0,0,0,0,0.1,0,0,0
479904.498185,0,0,0,0,0,0,0,0,0,0.1,0,0,0
479904.509101,0,0,0,0,0,0,0,0,0,0.1,0,0,0
479904.520184,0,0,0,0,0,0,0,0,0,0.1,0,0,0
479904.531324,0,0,0,0,0,0,0,0,0,0.1,0,0,0
479904.542473,0,0,0,0,0,0,0,0,0,0.1,0,0,0
479904.553513,0,0,0,0,0,0,0,0,0,0.1,0,0,0
479904.564664,0,0,0,0,0,0,0,0,0,0.1,0,0,0
479904.575816,0,0,0,0,0,0,0,0,0,0.1,0,0,0
479904.586920,0,0,0,0,0,0,0,0,0,0.1,0,0,0
479904.598280,0,0,0,0,0,0,0,0,0,0.1,0,0,0
479904.609120,0,0,0,0,0,0,0,0,0,0.1,0,0,0
479904.620290,0,0,0,0,0,0,0,0,0,0.1,0,0,0
479904.631313,0,0,0,0,0,0,0,0,0,0.1,0,0,0
479904.642415,0,0,0,0,0,0,0,0,0,0.1,0,0,0
479904.653506,0,0,0,0,0,0,0,0,0,0.1,0,0,0
479904.664629,0,0,0,0,0,0,0,0,0,0.1,0,0,0
479904.675774,1,0,0,0,0,0,0,0,0,0.2,0,0,0
479904.686876,0,0,0,0,0,0,0,0,0,0.2,0,0,0
479904.698200,0,0,0,0,0,0,0,0,0,0.2,0,0,0
479904.709106,0,0,0,0,0,0,0,0,0,0.2,0,0,0
479904.720148,0,0,0,0,0,0,0,0,0,0.2,0,0,0
479904.731294,0,0,0,0,0,0,0,0,0,0.2,0,0,0
479904.742478,0,0,0,0,0,0,0,0,0,0.2,0,0,0
479904.753511,0,0,0,0,0,0,0,0,0,0.2,0,0,0
479904.764628,0,0,0,0,0,0,0,0,0,0.2,0,0,0
479904.775794,0,0,0,0,0,0,0,0,0,0.2,0,0,0
479904.786878,0,0,0,0,0,0,0,0,0,0.2,0,0,0
479904.798254,0,0,0,0,0,0,0,0,0,0.2,0,0,0
479904.809067,0,0,0,0,0,0,0,0,0,0.2,0,0,0
479904.820184,0,0,0,0,0,0,0,0,0,0.2,0,0,0
479904.831330,0,0,0,0,0,0,0,0,0,0.2,0,0,0
479904.842483,0,0,0,0,0,0,0,0,0,0.2,0,0,0
479904.853527,1,0,0,0,0,0,0,0,0,0.1,0,0,0
479904.864639,0,0,0,0,0,0,0,0,0,0.1,0,0,0
479904.875763,0,0,0,0,0,0,0,0,0,0.1,0,0,0
479904.886868,1,0,0,0,0,0,0,0,0,0.2,0,0,0
479904.898250,0,0,0,0,0,0,0,0,0,0.2,0,0,0
479904.909057,0,0,0,0,0,0,0,0,0,0.2,0,0,0
479904.920143,1,0,0,0,0,0,0,0,0,0.1,0,0,0
479904.931307,0,0,0,0,0,0,0,0,0,0.1,0,0,0
479904.942484,0,0,0,0,0,0,0,0,0,0.1,0,0,0
479904.953529,0,0,0,0,0,0,0,0,0,0.1,0,0,0
479904.964670,1,0,0,0,0,0,0,0,0,0.2,0,0,0
479904.975816,0,0,0,0,0,0,0,0,0,0.2,0,0,0
479904.986902,0,0,0,0,0,0,0,0,0,0.2,0,0,0
479904.998199,0,0,0,0,0,0,0,0,0,0.2,0,0,0
479905.009106,0,0,0,0,0,0,0,0,0,0.2,0,0,0
479905.020216,0,0,0,0,0,0,0,0,0,0.2,0,0,0
479905.031360,1,0,0,0,0,0,0,0,0,0.1,0,0,0
479905.042499,0,0,0,0,0,0,0,0,0,0.1,0,0,0
479905.053529,1,0,0,0,0,0,0,0,0,0.2,0,0,0
479905.064617,1,0,0,0,0,0,0,0,0,0.1,0,0,0
479905.075792,0,0,0,0,0,0,0,0,0,0.1,0,0,0
479905.086913,0,0,0,0,0,0,0,0,0,0.1,0,0,0
479905.098269,0,0,0,0,0,0,0,0,0,0.1,0,0,0
479905.109075,0,0,0,0,0,0,0,0,0,0.1,0,0,0
479905.120185,0,0,0,0,0,0,0,0,0,0.1,0,0,0
479905.131329,0,0,0,0,0,0,0,0,0,0.1,0,0,0
479905.142491,0,0,0,0,0,0,0,0,0,0.1,0,0,0
479905.153523,0,0,0,0,0,0,0,0,0,0.1,0,0,0
479905.164677,0,0,0,0,0,0,0,0,0,0.1,0,0,0
479905.175833,0,0,0,0,0,0,0,0,0,0.1,0,0,0
479905.186904,0,0,0,0,0,0,0,0,0,0.1,0,0,0
479905.198257,0,0,0,0,0,0,0,0,0,0.1,0,0,0
479905.209129,0,0,0,0,0,0,0,0,0,0.1,0,0,0
479905.220193,1,0,0,0,0,0,0,0,0,0.2,0,0,0
479905.231332,1,0,0,0,0,0,0,0,0,0.1,0,0,0
479905.242539,0,0,0,0,0,0,0,0,0,0.1,0,0,0
479905.253484,0,0,0,0,0,0,0,0,0,0.1,0,0,0
479905.264620,0,0,0,0,0,0,0,0,0,0.1,0,0,0
479905.275791,0,0,0,0,0,0,0,0,0,0.1,0,0,0
479905.286900,0,0,0,0,0,0,0,0,0,0.1,0,0,0
479905.298223,1,0,0,0,0,0,0,0,0,0.2,0,0,0
479905.309121,1,0,0,0,0,0,0,0,0,0.1,0,0,0
479905.320231,0,0,0,0,0,0,0,0,0,0.1,0,0,0
479905.331378,1,0,0,0,0,0,0,0,0,0.2,0,0,0
479905.342557,1,0,0,0,0,0,0,0,0,0.1,0,0,0
479905.353478,0,0,0,0,0,0,0,0,0,0.1,0,0,0
479905.364690,0,0,0,0,0,0,0,0,0,0.1,0,0,0
479905.375823,0,0,0,0,0,0,0,0,0,0.1,0,0,0
479905.386857,0,0,0,0,0,0,0,0,0,0.1,0,0,0
479905.398108,0,0,0,0,0,0,0,0,0,0.1,0,0,0
479905.409116,0,0,0,0,0,0,0,0,0,0.1,0,0,0
479905.420158,0,0,0,0,0,0,0,0,0,0.1,0,0,0
479905.431317,1,0,0,0,0,0,0,0,0,0.2,0,0,0
479905.442520,0,0,0,0,0,0,0,0,0,0.2,0,0,0
479905.453487,0,0,0,0,0,0,0,0,0,0.2,0,0,0
479905.464662,0,0,0,0,0,0,0,0,0,0.2,0,0,0
479905.475784,0,0,0,0,0,0,0,0,0,0.2,0,0,0
479905.486852,0,0,0,0,0,0,0,0,0,0.2,0,0,0
479905.498218,0,0,0,0,0,0,0,0,0,0.2,0,0,0
479905.509091,0,0,0,0,0,0,0,0,0,0.2,0,0,0
479905.520207,0,0,0,0,0,0,0,0,0,0.2,0,0,0
479905.531345,0,0,0,0,0,0,0,0,0,0.2,0,0,0
479905.542509,0,0,0,0,0,0,0,0,0,0.2,0,0,0
479905.553504,0,0,0,0,0,0,0,0,0,0.2,0,0,0
479905.564694,0,0,0,0,0,0,0,0,0,0.2,0,0,0
479905.575874,1,0,0,0,0,0,0,0,0,0.1,0,0,0
479905.586927,0,0,0,0,0,0,0,0,0,0.1,0,0,0
479905.598276,1,0,0,0,0,0,0,0,0,0.2,0,0,0
479905.609084,0,0,0,0,0,0,0,0,0,0.2,0,0,0
479905.620145,1,0,0,0,0,0,0,0,0,0.1,0,0,0
479905.631350,0,0,0,0,0,0,0,0,0,0.1,0,0,0
