t_mono,changed,ch0,ch1,ch2,ch3,ch4,ch5,ch6
479482,0,-0.717985,0.0150716,0.993459,-2.243,0.519054,2.4605,0.651407
479482,1,-0.71798,0.0150705,0.993459,-2.243,0.519055,2.4605,0.651409
479482,1,-0.717982,0.0150684,0.993459,-2.243,0.519057,2.4605,0.651402
479482,1,-0.717984,0.0150723,0.99346,-2.243,0.519059,2.4605,0.651408
479482,1,-0.717982,0.0150703,0.99346,-2.243,0.519057,2.4605,0.651404
479482,1,-0.717985,0.0150706,0.993463,-2.243,0.519056,2.4605,0.651407
479482,1,-0.717982,0.0150737,0.993465,-2.243,0.519055,2.4605,0.651404
479482,1,-0.717983,0.0150714,0.993459,-2.243,0.519056,2.4605,0.651406
479482,1,-0.71798,0.015076,0.993457,-2.24299,0.519057,2.4605,0.651404
479482,1,-0.717985,0.0150698,0.993462,-2.243,0.519057,2.4605,0.651402
479482,1,-0.717984,0.0150716,0.993457,-2.24299,0.519059,2.4605,0.651401
479482,1,-0.717982,0.0150757,0.99346,-2.243,0.51906,2.4605,0.651406
479482,1,-0.717984,0.0150739,0.99346,-2.243,0.519059,2.4605,0.651403
479482,1,-0.717982,0.0150696,0.993459,-2.243,0.519061,2.4605,0.651402
479482,1,-0.717985,0.0150743,0.993459,-2.243,0.51906,2.4605,0.651408
479482,1,-0.717985,0.015072,0.993457,-2.243,0.519057,2.4605,0.651409
479482,1,-0.717984,0.0150705,0.993461,-2.243,0.51906,2.4605,0.651409
479482,1,-0.717985,0.015075,0.993457,-2.243,0.519059,2.4605,0.651406
479482,1,-0.717986,0.0150758,0.993461,-2.243,0.519059,2.4605,0.651411
479482,1,-0.717985,0.0150695,0.993458,-2.24299,0.519057,2.4605,0.651412
479482,1,-0.717989,0.0150703,0.993458,-2.243,0.519056,2.4605,0.651409
479482,1,-0.717982,0.015072,0.993463,-2.243,0.51906,2.4605,0.651409
479482,1,-0.71798,0.0150705,0.993463,-2.243,0.519056,2.4605,0.651404
479482,1,-0.717987,0.0150743,0.993461,-2.243,0.519058,2.4605,0.651407
479482,1,-0.717984,0.0150722,0.993462,-2.243,0.519055,2.4605,0.65141
479482,1,-0.717982,0.0150704,0.993461,-2.243,0.519056,2.4605,0.651402
479482,1,-0.717984,0.0150743,0.993459,-2.24299,0.519057,2.4605,0.651404
479482,1,-0.717984,0.0150719,0.993461,-2.243,0.51906,2.4605,0.651405
479482,1,-0.717982,0.0150704,0.993463,-2.243,0.519057,2.4605,0.6514
479482,1,-0.717984,0.0150713,0.993458,-2.24299,0.519061,2.4605,0.651409
479482,1,-0.717984,0.0150706,0.993461,-2.243,0.51906,2.4605,0.651408
479482,1,-0.717982,0.0150753,0.993463,-2.243,0.519058,2.4605,0.65141
479482,1,-0.71798,0.0150683,0.993461,-2.243,0.519061,2.4605,0.651411
479482,1,-0.717985,0.015072,0.993457,-2.24299,0.519058,2.4605,0.651403
479482,1,-0.717982,0.0150705,0.993462,-2.243,0.519056,2.4605,0.651408
479482,1,-0.71798,0.0150713,0.993457,-2.243,0.519059,2.4605,0.651409
479482,1,-0.717982,0.0150722,0.993459,-2.243,0.519057,2.4605,0.65141
479482,1,-0.717986,0.015076,0.993457,-2.243,0.519055,2.4605,0.651408
479482,1,-0.717983,0.0150705,0.993464,-2.24299,0.519056,2.4605,0.651404
479482,1,-0.717984,0.0150698,0.993461,-2.243,0.519057,2.46051,0.651403
479482,1,-0.717982,0.015074,0.993459,-2.243,0.519059,2.4605,0.651404
479482,1,-0.717984,0.015073,0.993458,-2.243,0.519061,2.4605,0.651404
479482,1,-0.717981,0.0150711,0.993459,-2.243,0.51906,2.4605,0.651404
479482,1,-0.717984,0.0150696,0.993458,-2.24299,0.519056,2.4605,0.651401
479482,1,-0.717982,0.0150675,0.99346,-2.24299,0.519056,2.4605,0.6514
479482,1,-0.717984,0.0150682,0.993459,-2.243,0.51906,2.4605,0.651404
479482,1,-0.71798,0.0150696,0.993457,-2.243,0.51906,2.4605,0.651405
479482,1,-0.717982,0.0150736,0.993457,-2.243,0.519058,2.4605,0.651403
479482,1,-0.717982,0.0150705,0.993464,-2.243,0.519059,2.4605,0.651405
479482,1,-0.717982,0.0150719,0.993455,-2.243,0.519053,2.4605,0.651405
479482,1,-0.717985,0.0150702,0.993463,-2.243,0.519056,2.4605,0.651407
479482,1,-0.717982,0.0150704,0.993457,-2.243,0.519056,2.4605,0.651406
479482,1,-0.717984,0.0150741,0.993459,-2.24299,0.519059,2.4605,0.651401
479482,1,-0.717984,0.0150722,0.993459,-2.243,0.519055,2.4605,0.651406
479482,1,-0.717981,0.0150699,0.993458,-2.243,0.519059,2.4605,0.651406
479482,1,-0.717982,0.0150736,0.993459,-2.243,0.519057,2.4605,0.651405
479482,1,-0.717984,0.0150741,0.993459,-2.243,0.519062,2.4605,0.65141
479482,1,-0.717985,0.015072,0.993465,-2.243,0.519059,2.4605,0.651401
479482,1,-0.717984,0.0150743,0.993459,-2.243,0.519057,2.4605,0.651405
479482,1,-0.71798,0.0150705,0.993464,-2.243,0.519058,2.4605,0.651404
479482,1,-0.717987,0.0150716,0.993463,-2.243,0.519058,2.4605,0.651409
479482,1,-0.717984,0.0150724,0.993457,-2.243,0.519056,2.4605,0.651405
479482,1,-0.717984,0.0150743,0.993463,-2.243,0.51906,2.4605,0.651411
479482,1,-0.717984,0.0150717,0.993461,-2.24299,0.519056,2.4605,0.65141
479482,1,-0.717987,0.015073,0.993461,-2.243,0.51906,2.4605,0.651405
479482,1,-0.717984,0.0150778,0.993461,-2.243,0.519058,2.4605,0.651405
479482,1,-0.71798,0.0150724,0.99346,-2.243,0.519061,2.4605,0.651407
479482,1,-0.717983,0.0150741,0.993455,-2.243,0.519061,2.4605,0.651409
479482,1,-0.717984,0.0150697,0.993459,-2.243,0.519054,2.4605,0.651408
479482,1,-0.717982,0.0150702,0.993459,-2.243,0.519055,2.4605,0.651407
479482,1,-0.717978,0.0150754,0.993463,-2.24299,0.519056,2.4605,0.65141
479482,1,-0.717982,0.0150737,0.99346,-2.243,0.519059,2.4605,0.651409
479482,1,-0.717982,0.0150736,0.993463,-2.243,0.519059,2.4605,0.651408
479482,1,-0.71798,0.0150736,0.993461,-2.243,0.51906,2.4605,0.651407
479482,1,-0.717982,0.0150713,0.993459,-2.24299,0.519058,2.4605,0.651406
479482,1,-0.717984,0.0150712,0.99346,-2.243,0.519057,2.4605,0.651411
479482,1,-0.717982,0.0150712,0.993459,-2.243,0.519055,2.4605,0.651404
479482,1,-0.717985,0.0150751,0.993457,-2.243,0.519057,2.4605,0.651404
479482,1,-0.717988,0.0150758,0.993462,-2.243,0.519057,2.4605,0.651403
479482,1,-0.717986,0.0150739,0.993458,-2.243,0.519061,2.4605,0.651406
479482,1,-0.717985,0.0150716,0.993459,-2.243,0.519059,2.4605,0.651404
479482,1,-0.717983,0.0150697,0.993461,-2.243,0.519056,2.4605,0.651406
479482,1,-0.717984,0.0150736,0.993459,-2.243,0.51906,2.4605,0.651404
479482,1,-0.717984,0.0150719,0.993462,-2.24299,0.519056,2.4605,0.651406
479482,1,-0.717983,0.0150744,0.993463,-2.243,0.51906,2.4605,0.651408
479482,1,-0.717982,0.0150683,0.993463,-2.243,0.519056,2.4605,0.651403
479482,1,-0.717982,0.0150687,0.993461,-2.243,0.519054,2.4605,0.651408
479482,1,-0.717984,0.0150703,0.993459,-2.243,0.519059,2.4605,0.651405
479482,1,-0.717982,0.0150715,0.993461,-2.243,0.51906,2.4605,0.65141
479482,1,-0.717984,0.0150663,0.993462,-2.243,0.519062,2.4605,0.651411
479482,1,-0.717984,0.0150743,0.993459,-2.243,0.519062,2.4605,0.651407
479482,1,-0.717982,0.0150696,0.993461,-2.243,0.519061,2.4605,0.651409
479482,1,-0.717983,0.0150736,0.993459,-2.243,0.519057,2.4605,0.651405
479482,1,-0.717982,0.0150736,0.993459,-2.243,0.519058,2.4605,0.651409
479482,1,-0.71798,0.0150734,0.993461,-2.243,0.519055,2.4605,0.6514
479482,1,-0.717987,0.0150716,0.993459,-2.243,0.519058,2.4605,0.651408
479482,1,-0.71798,0.0150759,0.993461,-2.243,0.519059,2.4605,0.651408
479482,1,-0.717984,0.0150696,0.993459,-2.243,0.519058,2.4605,0.65141
479482,1,-0.717987,0.0150726,0.993459,-2.243,0.519062,2.4605,0.65141
479482,1,-0.717982,0.0150734,0.993459,-2.24299,0.519059,2.4605,0.651402
479482,1,-0.717984,0.015072,0.993459,-2.243,0.51906,2.4605,0.651399
479483,1,-0.717987,0.0150706,0.993461,-2.243,0.519057,2.4605,0.651401
479483,1,-0.717983,0.0150743,0.99346,-2.24299,0.519057,2.4605,0.651407
479483,1,-0.71798,0.0150732,0.993459,-2.24299,0.51906,2.4605,0.651402
479483,1,-0.717982,0.015072,0.993459,-2.243,0.519058,2.4605,0.651407
479483,1,-0.717985,0.0150743,0.993458,-2.24299,0.519057,2.4605,0.651409
479483,1,-0.717984,0.0150695,0.993459,-2.243,0.51906,2.4605,0.651406
479483,1,-0.717983,0.0150741,0.993459,-2.243,0.519058,2.4605,0.651406
479483,1,-0.717984,0.0150719,0.993461,-2.243,0.519056,2.4605,0.651405
479483,1,-0.717978,0.0150736,0.993459,-2.243,0.519059,2.4605,0.651409
479483,1,-0.717985,0.0150716,0.993457,-2.243,0.519058,2.4605,0.651403
479483,1,-0.717982,0.0150705,0.993459,-2.243,0.519059,2.4605,0.65141
479483,1,-0.717982,0.0150734,0.993461,-2.24299,0.519056,2.4605,0.651407
479483,1,-0.717979,0.0150713,0.993463,-2.243,0.519056,2.4605,0.651408
479483,1,-0.717986,0.0150722,0.993461,-2.24299,0.519054,2.4605,0.65141
479483,1,-0.717984,0.0150734,0.993461,-2.243,0.519055,2.4605,0.651404
479483,1,-0.717985,0.0150685,0.993462,-2.243,0.519056,2.4605,0.651407
479483,1,-0.717984,0.0150695,0.993459,-2.243,0.519058,2.4605,0.651403
479483,1,-0.717984,0.0150702,0.993465,-2.24299,0.51906,2.4605,0.651403
479483,1,-0.717984,0.0150717,0.993462,-2.243,0.519059,2.4605,0.651406
479483,1,-0.71798,0.015072,0.993457,-2.243,0.51906,2.4605,0.651408
479483,1,-0.717984,0.0150692,0.993459,-2.243,0.519057,2.4605,0.651406
479483,1,-0.717986,0.0150714,0.99346,-2.243,0.51906,2.4605,0.651407
479483,1,-0.717982,0.0150714,0.993461,-2.24299,0.51906,2.4605,0.651403
479483,1,-0.717987,0.015073,0.993457,-2.24299,0.519056,2.4605,0.651408
479483,1,-0.717984,0.0150678,0.993463,-2.243,0.519056,2.4605,0.651408
479483,1,-0.717985,0.0150689,0.993458,-2.243,0.51906,2.4605,0.65141
479483,1,-0.717982,0.0150723,0.993462,-2.24299,0.519057,2.4605,0.651414
479483,1,-0.717985,0.0150704,0.993459,-2.243,0.51906,2.4605,0.651407
479483,1,-0.717984,0.0150788,0.99346,-2.243,0.51906,2.4605,0.65141
479483,1,-0.717982,0.0150715,0.993463,-2.24299,0.519057,2.4605,0.651411
479483,1,-0.717981,0.0150734,0.993462,-2.24299,0.519055,2.4605,0.651407
479483,1,-0.717981,0.0150724,0.993459,-2.24299,0.51906,2.4605,0.651405
479483,1,-0.717985,0.0150714,0.993461,-2.243,0.519056,2.4605,0.651402
479483,1,-0.717981,0.0150771,0.993461,-2.243,0.51906,2.4605,0.651401
479483,1,-0.717984,0.0150713,0.993459,-2.243,0.51906,2.4605,0.651409
479483,1,-0.717982,0.0150736,0.993459,-2.243,0.519059,2.4605,0.651403
479483,1,-0.717985,0.0150736,0.99346,-2.243,0.519057,2.4605,0.651408
479483,1,-0.717985,0.015076,0.993461,-2.243,0.519059,2.4605,0.6514
479483,1,-0.717986,0.0150697,0.993461,-2.243,0.519058,2.4605,0.651405
479483,1,-0.717985,0.0150719,0.993459,-2.243,0.51906,2.4605,0.651408
479483,1,-0.717982,0.0150685,0.993465,-2.243,0.519059,2.4605,0.651402
479483,1,-0.717987,0.0150648,0.993465,-2.243,0.519057,2.4605,0.651407
479483,1,-0.717982,0.0150703,0.99346,-2.243,0.519056,2.4605,0.651403
479483,1,-0.717984,0.0150705,0.993457,-2.243,0.519058,2.4605,0.651403
479483,1,-0.71798,0.0150721,0.993461,-2.243,0.51906,2.4605,0.651403
479483,1,-0.717989,0.0150697,0.993464,-2.243,0.519059,2.4605,0.651406
479483,1,-0.717982,0.0150682,0.993459,-2.243,0.519059,2.4605,0.651406
479483,1,-0.717978,0.0150721,0.993461,-2.243,0.519059,2.4605,0.651411
479483,1,-0.717985,0.0150726,0.993463,-2.24299,0.519061,2.4605,0.651411
479483,1,-0.717981,0.0150697,0.99346,-2.243,0.519059,2.4605,0.651409
479483,1,-0.717987,0.0150762,0.993455,-2.243,0.519057,2.4605,0.651407
479483,1,-0.717984,0.0150774,0.993459,-2.243,0.51906,2.4605,0.651407
479483,1,-0.717984,0.0150741,0.993457,-2.24299,0.519055,2.4605,0.65141
479483,1,-0.717984,0.0150757,0.993463,-2.243,0.51906,2.4605,0.651405
479483,1,-0.717984,0.0150722,0.993459,-2.243,0.519059,2.4605,0.651404
479483,1,-0.717982,0.0150744,0.993459,-2.24299,0.519056,2.4605,0.651402
479483,1,-0.717986,0.0150743,0.993455,-2.243,0.519055,2.4605,0.651409
479483,1,-0.717982,0.015073,0.993455,-2.243,0.51906,2.4605,0.651401
479483,1,-0.717984,0.0150696,0.993459,-2.243,0.519058,2.4605,0.651402
479483,1,-0.717986,0.0150688,0.993461,-2.243,0.519058,2.4605,0.651406
479483,1,-0.717984,0.0150702,0.993463,-2.243,0.519059,2.4605,0.651402
479483,1,-0.717982,0.0150682,0.993461,-2.243,0.51906,2.4605,0.6514
479483,1,-0.717984,0.0150704,0.993463,-2.24299,0.519058,2.4605,0.651405
479483,1,-0.717982,0.0150697,0.993462,-2.243,0.51906,2.4605,0.651399
479483,1,-0.71798,0.0150723,0.993457,-2.243,0.51906,2.4605,0.651406
479483,1,-0.717982,0.0150715,0.993461,-2.243,0.519056,2.4605,0.651401
479483,1,-0.717985,0.0150729,0.993459,-2.243,0.519059,2.4605,0.651404
479483,1,-0.717985,0.0150713,0.993459,-2.24299,0.519058,2.4605,0.651405
479483,1,-0.717982,0.0150705,0.993465,-2.243,0.519057,2.4605,0.65141
479483,1,-0.717985,0.0150715,0.993462,-2.243,0.519056,2.4605,0.65141
479483,1,-0.717983,0.0150699,0.993453,-2.243,0.519058,2.4605,0.65141
479483,1,-0.717982,0.0150732,0.993463,-2.24299,0.519058,2.4605,0.651409
479483,1,-0.717985,0.0150732,0.993461,-2.243,0.519056,2.4605,0.651403
479483,1,-0.717984,0.0150778,0.993457,-2.243,0.519059,2.4605,0.651411
479483,1,-0.717985,0.0150677,0.993463,-2.243,0.519057,2.4605,0.651405
479483,1,-0.717982,0.0150754,0.993456,-2.243,0.51906,2.4605,0.651409
479483,1,-0.71798,0.0150705,0.993459,-2.243,0.519057,2.4605,0.651405
479483,1,-0.717984,0.0150741,0.993461,-2.243,0.519054,2.4605,0.651409
479483,1,-0.717983,0.0150704,0.993463,-2.243,0.519059,2.4605,0.651408
479483,1,-0.71798,0.0150703,0.993461,-2.243,0.519059,2.4605,0.651407
479483,1,-0.717982,0.0150715,0.993457,-2.243,0.51906,2.4605,0.651407
479483,1,-0.717986,0.0150697,0.993461,-2.243,0.519059,2.4605,0.651409
479483,1,-0.717982,0.0150721,0.993461,-2.243,0.519055,2.4605,0.651406
479483,1,-0.717982,0.0150717,0.993457,-2.243,0.519056,2.4605,0.651411
479483,1,-0.717985,0.0150682,0.993455,-2.24299,0.519055,2.4605,0.651408
479483,1,-0.717983,0.0150702,0.993463,-2.243,0.519057,2.4605,0.651412
479483,1,-0.717982,0.0150685,0.993457,-2.243,0.519055,2.4605,0.651407
479483,1,-0.717984,0.015074,0.993459,-2.243,0.519057,2.4605,0.651404
479483,1,-0.71798,0.0150774,0.993461,-2.24299,0.51906,2.4605,0.651407
479483,1,-0.717984,0.0150737,0.993461,-2.243,0.519059,2.4605,0.651407
479483,1,-0.717984,0.0150733,0.993461,-2.243,0.519059,2.4605,0.651406
479483,1,-0.717984,0.0150741,0.993461,-2.243,0.519051,2.4605,0.651406
479483,1,-0.717984,0.0150723,0.993465,-2.243,0.51906,2.4605,0.651406
479483,1,-0.717982,0.0150721,0.993461,-2.243,0.519056,2.4605,0.651407
479483,1,-0.717982,0.0150713,0.993463,-2.243,0.51906,2.4605,0.651403
479483,1,-0.71798,0.0150695,0.993459,-2.243,0.519054,2.4605,0.651406
479483,1,-0.717984,0.0150678,0.993461,-2.243,0.519058,2.4605,0.651402
479483,1,-0.717984,0.0150734,0.993461,-2.243,0.519058,2.4605,0.651413
479483,1,-0.717984,0.0150697,0.993464,-2.243,0.519059,2.4605,0.651403
479483,1,-0.717984,0.0150715,0.993453,-2.24299,0.519061,2.4605,0.651404
479483,1,-0.717982,0.0150734,0.99346,-2.243,0.519055,2.4605,0.651408
479483,1,-0.717982,0.0150714,0.993457,-2.24299,0.51906,2.4605,0.651406
479483,1,-0.717987,0.0150741,0.993465,-2.243,0.519056,2.4605,0.651407
479483,1,-0.717984,0.0150744,0.993461,-2.24299,0.519056,2.4605,0.651406
479483,1,-0.717982,0.0150773,0.993461,-2.243,0.519055,2.4605,0.651406
479483,1,-0.717984,0.015076,0.993459,-2.243,0.519058,2.4605,0.651405
479483,1,-0.717987,0.0150737,0.993461,-2.243,0.519061,2.4605,0.651401
479483,1,-0.717984,0.015072,0.993464,-2.24299,0.51906,2.4605,0.651406
479483,1,-0.717984,0.015073,0.993459,-2.243,0.519061,2.4605,0.651401
479483,1,-0.717984,0.0150717,0.993465,-2.243,0.519059,2.4605,0.651402
479483,1,-0.717984,0.0150661,0.993459,-2.243,0.519056,2.4605,0.651405
479483,1,-0.717978,0.0150685,0.993459,-2.24299,0.51906,2.4605,0.651404
479483,1,-0.717984,0.0150683,0.993457,-2.24299,0.519056,2.46051,0.651406
479483,1,-0.717984,0.0150685,0.993463,-2.24299,0.51906,2.46051,0.65141
479483,1,-0.717984,0.0150716,0.993459,-2.243,0.519056,2.4605,0.651404
479483,1,-0.717982,0.0150682,0.993461,-2.243,0.519058,2.4605,0.651406
479483,1,-0.717982,0.0150703,0.993461,-2.24299,0.519059,2.4605,0.651406
479483,1,-0.717982,0.0150739,0.993463,-2.243,0.519058,2.4605,0.651406
479483,1,-0.717985,0.0150743,0.993461,-2.243,0.519056,2.4605,0.651407
479483,1,-0.717984,0.0150713,0.993457,-2.243,0.519055,2.4605,0.651406
479483,1,-0.717986,0.0150724,0.993459,-2.24299,0.519058,2.4605,0.651402
479483,1,-0.717984,0.0150736,0.993459,-2.243,0.51906,2.4605,0.651403
479483,1,-0.717985,0.0150739,0.993455,-2.243,0.519055,2.4605,0.651403
479483,1,-0.717982,0.0150715,0.993464,-2.24299,0.519056,2.4605,0.651402
479483,1,-0.717984,0.0150704,0.993461,-2.243,0.519059,2.4605,0.651407
479483,1,-0.717985,0.0150767,0.993459,-2.243,0.51906,2.4605,0.651406
479483,1,-0.717984,0.0150757,0.993455,-2.243,0.51906,2.4605,0.651405
479483,1,-0.717987,0.0150732,0.993455,-2.243,0.519056,2.4605,0.651406
479483,1,-0.717984,0.015072,0.993457,-2.243,0.519056,2.4605,0.651402
479483,1,-0.717984,0.0150758,0.99346,-2.243,0.51906,2.4605,0.651408
479483,1,-0.717984,0.0150712,0.993459,-2.24299,0.519057,2.4605,0.651407
479483,1,-0.717988,0.0150741,0.99346,-2.243,0.519055,2.4605,0.651407
479483,1,-0.717982,0.0150759,0.993459,-2.24299,0.519056,2.4605,0.651408
479483,1,-0.717984,0.0150697,0.993462,-2.243,0.519056,2.4605,0.651402
479483,1,-0.717978,0.0150732,0.993457,-2.243,0.519061,2.4605,0.651404
479483,1,-0.717982,0.0150715,0.993457,-2.24299,0.519057,2.4605,0.6514
479483,1,-0.717985,0.0150685,0.993461,-2.243,0.519061,2.4605,0.651404
479483,1,-0.71798,0.015074,0.993465,-2.243,0.519056,2.4605,0.651402
479483,1,-0.71798,0.0150676,0.99346,-2.243,0.519062,2.4605,0.651406
479483,1,-0.717982,0.015076,0.993461,-2.243,0.519058,2.4605,0.651405
479483,1,-0.717982,0.0150698,0.993461,-2.243,0.519059,2.4605,0.65141
479483,1,-0.717985,0.0150698,0.993463,-2.24299,0.519055,2.4605,0.651406
479483,1,-0.717982,0.0150722,0.993461,-2.243,0.519057,2.46051,0.651403
479483,1,-0.717984,0.0150705,0.993461,-2.24299,0.519059,2.4605,0.651408
479483,1,-0.717983,0.0150712,0.993457,-2.243,0.519058,2.4605,0.651406
479483,1,-0.717985,0.0150712,0.993463,-2.243,0.51906,2.4605,0.651407
479483,1,-0.717984,0.015068,0.99346,-2.243,0.519055,2.4605,0.65141
479483,1,-0.717982,0.015068,0.993457,-2.243,0.519056,2.4605,0.651399
479483,1,-0.717987,0.0150716,0.993459,-2.24299,0.519055,2.4605,0.651406
479483,1,-0.717979,0.0150749,0.993462,-2.24299,0.51906,2.4605,0.651406
479483,1,-0.717983,0.0150712,0.993462,-2.243,0.519059,2.4605,0.651401
479483,1,-0.717984,0.0150732,0.993459,-2.24299,0.519059,2.4605,0.651404
479483,1,-0.717982,0.0150719,0.993457,-2.243,0.51906,2.4605,0.651411
479483,1,-0.717984,0.015072,0.993463,-2.243,0.519059,2.4605,0.651404
479483,1,-0.717982,0.0150741,0.993461,-2.243,0.519059,2.4605,0.651408
479483,1,-0.717985,0.0150724,0.993465,-2.243,0.519055,2.4605,0.651408
479483,1,-0.717985,0.0150752,0.993463,-2.243,0.519055,2.4605,0.651405
479483,1,-0.717987,0.0150719,0.993459,-2.24299,0.519055,2.4605,0.65141
479483,1,-0.717984,0.0150734,0.993459,-2.24299,0.519056,2.4605,0.651412
479483,1,-0.717985,0.0150741,0.993459,-2.243,0.519053,2.4605,0.651404
479483,1,-0.717985,0.0150703,0.993463,-2.243,0.51906,2.4605,0.651407
479483,1,-0.717982,0.0150706,0.993459,-2.243,0.519057,2.4605,0.651406
479483,1,-0.717984,0.0150702,0.993464,-2.243,0.519056,2.4605,0.651403
479483,1,-0.71798,0.0150717,0.993465,-2.243,0.519055,2.4605,0.651405
479483,1,-0.717984,0.0150741,0.993464,-2.243,0.519056,2.4605,0.651404
479483,1,-0.717983,0.0150752,0.99346,-2.243,0.519061,2.4605,0.651407
479483,1,-0.717984,0.0150705,0.993461,-2.24299,0.519056,2.4605,0.651406
479483,1,-0.717984,0.0150714,0.993463,-2.243,0.519059,2.4605,0.651404
479483,1,-0.717984,0.0150713,0.993463,-2.243,0.51906,2.4605,0.651403
479483,1,-0.717979,0.0150734,0.993461,-2.243,0.519057,2.4605,0.651404
479483,1,-0.717982,0.0150732,0.993459,-2.243,0.519057,2.4605,0.651406
479483,1,-0.717984,0.0150753,0.993461,-2.243,0.519056,2.4605,0.651406
479483,1,-0.717984,0.0150705,0.99346,-2.243,0.519059,2.4605,0.651406
479483,1,-0.717982,0.0150722,0.993459,-2.243,0.519056,2.4605,0.651413
479483,1,-0.717984,0.0150777,0.993461,-2.243,0.519055,2.4605,0.651405
479483,1,-0.717984,0.0150774,0.993459,-2.24299,0.51906,2.4605,0.651409
479483,1,-0.717982,0.0150736,0.993462,-2.243,0.519057,2.4605,0.651406
479483,1,-0.717984,0.0150761,0.993459,-2.243,0.51906,2.4605,0.651406
479483,1,-0.717982,0.0150717,0.993459,-2.243,0.519059,2.4605,0.651406
479483,1,-0.717985,0.0150726,0.993455,-2.243,0.519058,2.4605,0.651407
479483,1,-0.717982,0.0150677,0.993457,-2.243,0.51906,2.4605,0.651408
479483,1,-0.717985,0.0150706,0.993459,-2.243,0.519059,2.4605,0.651407
479483,1,-0.717984,0.0150689,0.993459,-2.243,0.519059,2.4605,0.65141
479483,1,-0.717984,0.0150695,0.993459,-2.24299,0.519059,2.4605,0.651402
479483,1,-0.717984,0.0150702,0.99346,-2.243,0.51906,2.4605,0.651408
479483,1,-0.717983,0.0150773,0.99346,-2.243,0.519058,2.4605,0.651413
479483,1,-0.717986,0.0150696,0.993463,-2.24299,0.519056,2.4605,0.651407
479483,1,-0.717982,0.0150675,0.993464,-2.243,0.519059,2.4605,0.651405
479483,1,-0.717984,0.0150706,0.993461,-2.243,0.519057,2.4605,0.651402
479483,1,-0.717982,0.0150716,0.993458,-2.24299,0.519057,2.4605,0.6514
479483,1,-0.717984,0.0150678,0.993459,-2.243,0.519059,2.4605,0.651406
479483,1,-0.717982,0.0150683,0.993459,-2.243,0.519059,2.4605,0.651402
479483,1,-0.717982,0.0150706,0.993463,-2.243,0.51906,2.4605,0.651406
479483,1,-0.717982,0.0150715,0.993463,-2.24299,0.51906,2.4605,0.651403
479483,1,-0.717987,0.0150678,0.993461,-2.243,0.519057,2.4605,0.651407
479483,1,-0.717982,0.0150751,0.993463,-2.24299,0.519056,2.4605,0.651405
479483,1,-0.717985,0.0150723,0.99346,-2.243,0.519058,2.4605,0.651399
479483,1,-0.717984,0.0150683,0.993461,-2.243,0.519057,2.4605,0.651413
479483,1,-0.717982,0.0150712,0.993459,-2.243,0.519056,2.4605,0.651408
479483,1,-0.717985,0.015072,0.993461,-2.243,0.519062,2.4605,0.651406
479484,1,-0.717982,0.0150736,0.993461,-2.24299,0.519054,2.4605,0.651406
479484,1,-0.717985,0.0150733,0.993461,-2.243,0.519057,2.4605,0.651408
479484,1,-0.717984,0.0150702,0.993461,-2.243,0.51906,2.4605,0.651408
479484,1,-0.717978,0.0150765,0.993459,-2.243,0.519056,2.4605,0.651409
479484,1,-0.717983,0.0150716,0.993459,-2.243,0.519056,2.4605,0.651406
479484,1,-0.717986,0.0150726,0.993455,-2.243,0.519061,2.4605,0.651412
479484,1,-0.717982,0.0150736,0.993461,-2.243,0.519057,2.4605,0.651408
479484,1,-0.717982,0.0150705,0.993462,-2.243,0.519057,2.4605,0.651408
479484,1,-0.71798,0.0150743,0.993463,-2.243,0.519054,2.4605,0.651407
479484,1,-0.717984,0.0150741,0.993463,-2.243,0.51906,2.4605,0.651403
479484,1,-0.717982,0.0150726,0.99346,-2.24299,0.51906,2.4605,0.651408
479484,1,-0.717984,0.015073,0.993461,-2.243,0.519056,2.4605,0.651407
479484,1,-0.717987,0.0150705,0.993461,-2.243,0.519061,2.4605,0.651403
479484,1,-0.71798,0.0150678,0.993463,-2.243,0.519058,2.4605,0.651408
479484,1,-0.717984,0.0150705,0.993459,-2.243,0.519059,2.4605,0.651409
479484,1,-0.717985,0.0150705,0.993459,-2.243,0.519055,2.4605,0.651401
479484,1,-0.717982,0.0150677,0.993459,-2.243,0.519055,2.4605,0.651406
479484,1,-0.717982,0.0150752,0.993459,-2.24299,0.519061,2.4605,0.651405
479484,1,-0.717981,0.0150713,0.993455,-2.243,0.519056,2.4605,0.651402
479484,1,-0.717983,0.0150716,0.993465,-2.243,0.519059,2.4605,0.651401
479484,1,-0.717982,0.0150752,0.993457,-2.24299,0.519057,2.4605,0.651406
479484,1,-0.717982,0.0150685,0.993464,-2.243,0.519058,2.4605,0.651407
479484,1,-0.717984,0.0150719,0.993459,-2.243,0.519056,2.4605,0.651403
479484,1,-0.717984,0.015075,0.993457,-2.24299,0.519059,2.4605,0.651406
479484,1,-0.717984,0.0150698,0.993461,-2.243,0.519055,2.4605,0.651407
479484,1,-0.717982,0.0150751,0.993461,-2.243,0.519062,2.4605,0.651408
479484,1,-0.717982,0.0150724,0.993463,-2.24299,0.519059,2.4605,0.651402
479484,1,-0.717982,0.015072,0.993459,-2.24299,0.519054,2.4605,0.651409
479484,1,-0.717982,0.0150734,0.993461,-2.243,0.519056,2.4605,0.651406
479484,1,-0.71798,0.0150695,0.993462,-2.24299,0.519057,2.4605,0.651408
479484,1,-0.717984,0.0150717,0.99346,-2.243,0.519058,2.4605,0.651409
479484,1,-0.717984,0.0150737,0.993463,-2.243,0.519058,2.4605,0.651404
479484,1,-0.71798,0.0150682,0.993463,-2.243,0.519059,2.4605,0.65141
479484,1,-0.717984,0.0150682,0.993461,-2.243,0.519056,2.4605,0.651413
479484,1,-0.717982,0.0150704,0.993457,-2.243,0.51906,2.4605,0.651407
479484,1,-0.717982,0.0150733,0.99346,-2.243,0.51906,2.4605,0.651409
479484,1,-0.717982,0.0150698,0.993459,-2.243,0.519059,2.4605,0.651409
479484,1,-0.717985,0.0150712,0.993461,-2.24299,0.51906,2.4605,0.651406
479484,1,-0.717983,0.015072,0.993461,-2.243,0.519057,2.4605,0.651405
479484,1,-0.717979,0.0150726,0.993461,-2.243,0.51906,2.4605,0.6514
479484,1,-0.717982,0.0150741,0.993458,-2.243,0.519059,2.4605,0.651402
479484,1,-0.717986,0.0150677,0.993459,-2.243,0.519055,2.4605,0.651401
479484,1,-0.717984,0.0150734,0.993459,-2.243,0.519057,2.4605,0.651406
479484,1,-0.717982,0.0150729,0.99346,-2.24299,0.519059,2.4605,0.651404
479484,1,-0.717984,0.0150698,0.993463,-2.243,0.519055,2.4605,0.651409
479484,1,-0.717983,0.0150743,0.993464,-2.243,0.519059,2.4605,0.651411
479484,1,-0.717984,0.0150697,0.993465,-2.243,0.519057,2.4605,0.651403
479484,1,-0.717982,0.0150723,0.993461,-2.243,0.519061,2.4605,0.651411
479484,1,-0.717985,0.0150732,0.993462,-2.243,0.51906,2.4605,0.651407
479484,1,-0.717985,0.0150724,0.993461,-2.243,0.519058,2.4605,0.651403
479484,1,-0.717982,0.0150719,0.993461,-2.24299,0.519057,2.4605,0.651406
479484,1,-0.717982,0.0150677,0.993459,-2.243,0.51906,2.4605,0.651407
479484,1,-0.717982,0.0150741,0.993459,-2.243,0.519057,2.4605,0.651411
479484,1,-0.717984,0.0150714,0.993461,-2.243,0.519054,2.4605,0.651407
479484,1,-0.717982,0.0150705,0.993461,-2.243,0.519061,2.4605,0.65141
479484,1,-0.717984,0.0150677,0.993455,-2.24299,0.519055,2.4605,0.651412
479484,1,-0.717985,0.0150716,0.99346,-2.24299,0.519059,2.4605,0.651408
479484,1,-0.717982,0.0150715,0.993457,-2.243,0.519057,2.4605,0.651404
479484,1,-0.717984,0.0150734,0.993459,-2.243,0.519056,2.4605,0.651407
479484,1,-0.717985,0.0150736,0.993459,-2.24299,0.519061,2.4605,0.651404
479484,1,-0.717985,0.0150717,0.993463,-2.243,0.519059,2.4605,0.651408
479484,1,-0.717982,0.0150698,0.993462,-2.243,0.519057,2.4605,0.651399
479484,1,-0.717984,0.0150683,0.993459,-2.243,0.519059,2.4605,0.651406
479484,1,-0.717985,0.0150719,0.993462,-2.243,0.519059,2.4605,0.651403
479484,1,-0.717982,0.0150702,0.993464,-2.243,0.519055,2.4605,0.65141
479484,1,-0.717982,0.0150712,0.993459,-2.24299,0.519056,2.4605,0.651408
479484,1,-0.717985,0.0150723,0.993459,-2.24299,0.519059,2.4605,0.651405
479484,1,-0.71798,0.0150732,0.993457,-2.24299,0.519057,2.4605,0.651408
479484,1,-0.717985,0.0150758,0.99346,-2.243,0.519059,2.4605,0.651405
479484,1,-0.717982,0.0150736,0.993464,-2.243,0.51906,2.4605,0.651404
479484,1,-0.717984,0.0150727,0.993461,-2.243,0.51906,2.4605,0.651404
479484,1,-0.717983,0.0150739,0.993459,-2.24299,0.519055,2.4605,0.651406
479484,1,-0.717984,0.0150665,0.993462,-2.243,0.519055,2.4605,0.651403
479484,1,-0.717984,0.0150774,0.993461,-2.24299,0.519055,2.4605,0.651405
479484,1,-0.717984,0.0150732,0.993461,-2.24299,0.51906,2.4605,0.651408
479484,1,-0.717984,0.015072,0.993461,-2.243,0.519057,2.4605,0.651405
479484,1,-0.717988,0.0150717,0.993458,-2.243,0.519059,2.4605,0.651401
479484,1,-0.717979,0.0150737,0.993461,-2.243,0.519056,2.4605,0.651403
479484,1,-0.71798,0.0150712,0.993459,-2.243,0.519058,2.4605,0.651409
479484,1,-0.717984,0.015077,0.99346,-2.243,0.519058,2.4605,0.651405
479484,1,-0.71798,0.0150706,0.993457,-2.243,0.519054,2.4605,0.651407
479484,1,-0.717984,0.0150702,0.993463,-2.243,0.519057,2.4605,0.651407
479484,1,-0.717985,0.0150741,0.993461,-2.243,0.519059,2.4605,0.651407
479484,1,-0.717984,0.0150703,0.993461,-2.24299,0.519053,2.4605,0.651407
479484,1,-0.71798,0.0150722,0.993457,-2.243,0.519055,2.4605,0.651408
479484,1,-0.71798,0.0150698,0.993463,-2.24299,0.51906,2.4605,0.651406
479484,1,-0.717984,0.0150736,0.993457,-2.243,0.51906,2.4605,0.651404
479484,1,-0.71798,0.0150739,0.993459,-2.243,0.519055,2.4605,0.651404
479484,1,-0.717985,0.015076,0.993461,-2.243,0.519057,2.4605,0.651403
479484,1,-0.717984,0.0150717,0.993461,-2.243,0.519056,2.4605,0.651405
479484,1,-0.717984,0.0150698,0.993459,-2.243,0.519056,2.4605,0.651407
479484,1,-0.717983,0.0150741,0.993463,-2.243,0.519059,2.4605,0.651404
479484,1,-0.717982,0.0150788,0.993463,-2.243,0.519061,2.4605,0.651404
479484,1,-0.717982,0.0150726,0.993458,-2.24299,0.519056,2.4605,0.651406
479484,1,-0.717982,0.0150729,0.993461,-2.243,0.519056,2.4605,0.651405
479484,1,-0.717988,0.0150703,0.99346,-2.243,0.519059,2.4605,0.651403
479484,1,-0.717985,0.0150682,0.993457,-2.243,0.51906,2.4605,0.651406
479484,1,-0.717982,0.0150739,0.993459,-2.243,0.51906,2.4605,0.651408
479484,1,-0.717985,0.0150696,0.993461,-2.243,0.519059,2.4605,0.651399
479484,1,-0.717987,0.0150676,0.993459,-2.243,0.519057,2.4605,0.651402
479484,1,-0.71798,0.0150717,0.993461,-2.243,0.519057,2.4605,0.651405
479484,1,-0.717982,0.0150698,0.993462,-2.243,0.519062,2.4605,0.651401
479484,1,-0.717985,0.0150682,0.993462,-2.243,0.519061,2.4605,0.651402
479484,1,-0.717982,0.0150753,0.993459,-2.24299,0.519059,2.4605,0.651404
479484,1,-0.717982,0.0150758,0.993459,-2.243,0.519057,2.4605,0.651404
479484,1,-0.717987,0.015076,0.993463,-2.24299,0.519056,2.4605,0.651408
479484,1,-0.717984,0.0150737,0.993461,-2.243,0.519057,2.4605,0.651411
479484,1,-0.717983,0.0150696,0.993464,-2.243,0.519055,2.4605,0.651408
479484,1,-0.717984,0.0150737,0.993459,-2.243,0.519059,2.4605,0.651406
479484,1,-0.717982,0.0150734,0.993459,-2.243,0.51906,2.4605,0.651411
479484,1,-0.717978,0.0150716,0.993461,-2.243,0.519056,2.4605,0.651407
479484,1,-0.717983,0.0150706,0.993463,-2.243,0.519056,2.4605,0.651407
479484,1,-0.717984,0.0150716,0.993461,-2.243,0.519058,2.4605,0.651405
479484,1,-0.717982,0.015073,0.993458,-2.243,0.519056,2.4605,0.651408
479484,1,-0.717982,0.0150732,0.993457,-2.243,0.519056,2.4605,0.651406
479484,1,-0.717985,0.0150733,0.993466,-2.243,0.519059,2.4605,0.651409
479484,1,-0.71798,0.0150697,0.99346,-2.243,0.519058,2.4605,0.65141
479484,1,-0.717982,0.0150734,0.993463,-2.243,0.519059,2.4605,0.651401
479484,1,-0.717982,0.0150716,0.993462,-2.24299,0.519056,2.4605,0.651406
479484,1,-0.717984,0.0150729,0.993461,-2.243,0.519056,2.4605,0.651408
479484,1,-0.717984,0.0150758,0.993461,-2.243,0.519056,2.4605,0.651408
479484,1,-0.717985,0.0150695,0.993458,-2.243,0.519056,2.4605,0.651409
479484,1,-0.717987,0.0150728,0.993457,-2.243,0.519059,2.4605,0.651407
479484,1,-0.717985,0.0150724,0.993461,-2.243,0.519059,2.4605,0.651406
479484,1,-0.717987,0.0150753,0.993463,-2.243,0.519059,2.4605,0.651404
479484,1,-0.717984,0.0150734,0.993459,-2.24299,0.519056,2.4605,0.651404
479484,1,-0.717985,0.0150706,0.993459,-2.243,0.519056,2.4605,0.651407
479484,1,-0.717985,0.0150744,0.993459,-2.243,0.519058,2.4605,0.651402
479484,1,-0.717982,0.0150729,0.993461,-2.243,0.519057,2.4605,0.651409
479484,1,-0.717982,0.0150737,0.993464,-2.243,0.519059,2.4605,0.651404
479484,1,-0.71798,0.0150702,0.993459,-2.243,0.519057,2.4605,0.651406
479484,1,-0.717983,0.0150751,0.993459,-2.243,0.519058,2.4605,0.651403
479484,1,-0.717982,0.0150733,0.99346,-2.243,0.519057,2.4605,0.651403
479484,1,-0.717983,0.015075,0.993461,-2.243,0.519056,2.4605,0.65141
479484,1,-0.71798,0.0150705,0.993463,-2.243,0.519061,2.4605,0.651404
479484,1,-0.717984,0.0150699,0.993461,-2.243,0.519059,2.4605,0.651403
479484,1,-0.717986,0.0150698,0.993457,-2.243,0.519058,2.4605,0.651402
479484,1,-0.717984,0.0150716,0.993458,-2.243,0.519057,2.4605,0.651399
479484,1,-0.71798,0.0150736,0.993459,-2.24299,0.519059,2.4605,0.651402
479484,1,-0.717984,0.0150715,0.993459,-2.243,0.519063,2.4605,0.651406
479484,1,-0.717988,0.0150719,0.993461,-2.243,0.51906,2.4605,0.651402
479484,1,-0.717982,0.015072,0.993465,-2.243,0.51906,2.4605,0.651405
479484,1,-0.717986,0.015073,0.993459,-2.243,0.519061,2.4605,0.651404
479484,1,-0.71798,0.0150717,0.993461,-2.243,0.519057,2.4605,0.651404
479484,1,-0.717984,0.0150716,0.993463,-2.24299,0.519058,2.4605,0.651401
479484,1,-0.717984,0.0150769,0.99346,-2.243,0.519055,2.4605,0.651404
479484,1,-0.717982,0.0150759,0.993464,-2.24299,0.519059,2.4605,0.651406
479484,1,-0.717984,0.0150705,0.993463,-2.243,0.519057,2.4605,0.651402
479484,1,-0.71798,0.0150719,0.993461,-2.243,0.519057,2.4605,0.651406
479484,1,-0.717982,0.0150695,0.993461,-2.243,0.519055,2.4605,0.651406
479484,1,-0.717985,0.0150744,0.993457,-2.243,0.519059,2.4605,0.651411
479484,1,-0.717982,0.0150696,0.993461,-2.243,0.519059,2.4605,0.651405
479484,1,-0.717986,0.0150706,0.993458,-2.24299,0.519057,2.4605,0.65141
479484,1,-0.717982,0.0150682,0.993457,-2.243,0.519055,2.4605,0.651402
479484,1,-0.717982,0.0150699,0.993459,-2.243,0.519056,2.4605,0.651403
479484,1,-0.717987,0.0150705,0.993459,-2.243,0.519058,2.4605,0.651403
479484,1,-0.717984,0.0150773,0.993461,-2.243,0.51906,2.4605,0.651403
479484,1,-0.717982,0.0150734,0.993463,-2.24299,0.519061,2.4605,0.651404
479484,1,-0.717982,0.0150697,0.993461,-2.24299,0.519059,2.4605,0.651399
479484,1,-0.717982,0.0150758,0.993459,-2.243,0.519056,2.4605,0.651402
479484,1,-0.717982,0.0150695,0.993461,-2.243,0.519058,2.4605,0.651405
479484,1,-0.717979,0.0150724,0.993461,-2.24299,0.51906,2.4605,0.651406
479484,1,-0.717984,0.0150761,0.993461,-2.24299,0.519055,2.4605,0.651403
479484,1,-0.71798,0.015072,0.993465,-2.243,0.51906,2.4605,0.651406
479484,1,-0.717985,0.0150761,0.993459,-2.243,0.519056,2.4605,0.651406
479484,1,-0.717984,0.0150678,0.99346,-2.24299,0.519058,2.4605,0.651398
479484,1,-0.717982,0.0150717,0.993459,-2.243,0.51906,2.4605,0.651403
479484,1,-0.717984,0.0150718,0.993459,-2.243,0.519057,2.4605,0.651408
479484,1,-0.717985,0.0150685,0.993461,-2.24299,0.51906,2.4605,0.65141
479484,1,-0.717984,0.0150659,0.993457,-2.243,0.519061,2.4605,0.651405
479484,1,-0.717982,0.0150715,0.993459,-2.243,0.51906,2.4605,0.651402
479484,1,-0.717984,0.0150695,0.993463,-2.243,0.519061,2.4605,0.651407
479484,1,-0.717983,0.0150678,0.993462,-2.24299,0.519058,2.4605,0.651406
479484,1,-0.717978,0.015072,0.993464,-2.243,0.519056,2.4605,0.651406
479484,1,-0.717984,0.0150712,0.993461,-2.243,0.51906,2.4605,0.651406
479484,1,-0.717985,0.0150712,0.993459,-2.243,0.519058,2.4605,0.651406
479484,1,-0.717984,0.0150722,0.993463,-2.243,0.519058,2.4605,0.651409
479484,1,-0.717983,0.0150703,0.993457,-2.243,0.519057,2.4605,0.651403
479484,1,-0.717985,0.0150733,0.993461,-2.243,0.519061,2.4605,0.651409
479484,1,-0.717984,0.0150737,0.993465,-2.243,0.519056,2.4605,0.651405
479484,1,-0.71798,0.0150697,0.993455,-2.243,0.519057,2.4605,0.651408
479484,1,-0.717982,0.0150726,0.993462,-2.243,0.519057,2.4605,0.651408
479484,1,-0.717984,0.0150749,0.99346,-2.243,0.519058,2.4605,0.651407
479484,1,-0.717982,0.0150695,0.993461,-2.243,0.519058,2.4605,0.651407
479484,1,-0.71798,0.0150713,0.993459,-2.243,0.519056,2.4605,0.651406
479484,1,-0.717984,0.0150719,0.993461,-2.243,0.51906,2.4605,0.651409
479484,1,-0.717986,0.0150698,0.993461,-2.243,0.519058,2.4605,0.651408
479484,1,-0.717982,0.0150759,0.993461,-2.243,0.519057,2.4605,0.651408
479484,1,-0.717984,0.0150726,0.993461,-2.24299,0.51906,2.4605,0.651408
479485,1,-0.717982,0.0150702,0.993457,-2.24299,0.519057,2.4605,0.651405
479485,1,-0.717982,0.0150696,0.993462,-2.243,0.519055,2.4605,0.651406
479485,1,-0.717985,0.0150715,0.993457,-2.243,0.519056,2.4605,0.651401
479485,1,-0.717984,0.0150723,0.993459,-2.243,0.51906,2.4605,0.6514
479485,1,-0.717985,0.0150698,0.993463,-2.243,0.519056,2.4605,0.651408
479485,1,-0.71798,0.0150741,0.993455,-2.24299,0.519057,2.4605,0.651402
479485,1,-0.71798,0.0150677,0.993459,-2.24299,0.519055,2.4605,0.651406
479485,1,-0.717982,0.0150702,0.993463,-2.243,0.519059,2.4605,0.651402
479485,1,-0.71798,0.0150698,0.993461,-2.243,0.519055,2.4605,0.651404
479485,1,-0.717982,0.0150714,0.993461,-2.243,0.519057,2.4605,0.651403
479485,1,-0.717985,0.0150736,0.993458,-2.24299,0.519057,2.4605,0.651409
479485,1,-0.717985,0.0150723,0.99346,-2.243,0.519056,2.4605,0.651406
479485,1,-0.717982,0.0150716,0.993461,-2.243,0.519059,2.4605,0.651409
479485,1,-0.717985,0.015072,0.993465,-2.24299,0.519055,2.4605,0.651409
479485,1,-0.717984,0.0150713,0.993461,-2.243,0.519059,2.4605,0.651399
479485,1,-0.717985,0.0150698,0.993459,-2.243,0.51906,2.4605,0.651409
479485,1,-0.717984,0.0150744,0.993462,-2.243,0.519057,2.4605,0.651402
479485,1,-0.717982,0.0150696,0.993463,-2.24299,0.519059,2.4605,0.651411
479485,1,-0.717982,0.0150702,0.993461,-2.24299,0.519056,2.4605,0.651408
479485,1,-0.717982,0.0150691,0.993461,-2.243,0.519057,2.4605,0.651406
479485,1,-0.717985,0.0150751,0.993465,-2.243,0.519055,2.4605,0.651407
479485,1,-0.717982,0.0150751,0.993461,-2.243,0.519055,2.4605,0.651405
479485,1,-0.71798,0.0150705,0.993459,-2.243,0.51906,2.4605,0.651411
479485,1,-0.717983,0.0150726,0.993461,-2.243,0.519057,2.4605,0.651409
479485,1,-0.717984,0.0150732,0.993459,-2.243,0.51906,2.4605,0.651409
479485,1,-0.717984,0.0150697,0.993457,-2.243,0.519059,2.4605,0.651412
479485,1,-0.717982,0.0150736,0.993459,-2.243,0.519058,2.4605,0.65141
479485,1,-0.717984,0.0150751,0.993461,-2.243,0.519057,2.4605,0.65141
479485,1,-0.717982,0.0150736,0.993459,-2.24299,0.519057,2.4605,0.651406
479485,1,-0.717982,0.0150717,0.993459,-2.243,0.519055,2.4605,0.651408
479485,1,-0.717984,0.0150682,0.993461,-2.243,0.519054,2.4605,0.651408
479485,1,-0.717984,0.0150697,0.993457,-2.243,0.519055,2.4605,0.651408
479485,1,-0.717985,0.0150696,0.993459,-2.24299,0.519061,2.4605,0.651406
479485,1,-0.717984,0.0150696,0.993459,-2.243,0.51906,2.4605,0.651406
479485,1,-0.717984,0.0150683,0.993459,-2.243,0.519057,2.4605,0.651403
479485,1,-0.717984,0.0150696,0.993461,-2.243,0.519059,2.4605,0.651404
479485,1,-0.717984,0.0150712,0.993461,-2.243,0.519057,2.4605,0.651408
479485,1,-0.717984,0.0150712,0.993458,-2.243,0.519055,2.4605,0.651405
479485,1,-0.717982,0.0150719,0.993455,-2.243,0.51906,2.4605,0.651409
479485,1,-0.717986,0.0150723,0.993458,-2.243,0.519055,2.4605,0.651407
479485,1,-0.717983,0.0150698,0.993457,-2.243,0.519053,2.4605,0.651409
479485,1,-0.717982,0.0150743,0.993465,-2.24299,0.519057,2.4605,0.651405
479485,1,-0.717982,0.0150696,0.993461,-2.243,0.519057,2.4605,0.651409
479485,1,-0.717982,0.0150706,0.993459,-2.243,0.519059,2.4605,0.65141
479485,1,-0.71798,0.0150703,0.99346,-2.243,0.519059,2.4605,0.651408
479485,1,-0.717982,0.0150659,0.993462,-2.24299,0.519059,2.4605,0.651408
479485,1,-0.717984,0.0150727,0.993462,-2.243,0.519056,2.4605,0.65141
479485,1,-0.717982,0.015073,0.993459,-2.243,0.519058,2.4605,0.651406
479485,1,-0.717982,0.0150695,0.993462,-2.243,0.519056,2.4605,0.651405
479485,1,-0.717982,0.0150781,0.993461,-2.243,0.519061,2.4605,0.65141
479485,1,-0.717984,0.0150712,0.993463,-2.24299,0.519056,2.4605,0.651411
479485,1,-0.717983,0.0150714,0.993461,-2.24299,0.519056,2.4605,0.651408
479485,1,-0.71798,0.015076,0.993457,-2.24299,0.519059,2.4605,0.6514
479485,1,-0.717984,0.0150737,0.993461,-2.243,0.51906,2.4605,0.65141
479485,1,-0.717985,0.0150774,0.99346,-2.243,0.519057,2.4605,0.651404
479485,1,-0.717984,0.015076,0.993463,-2.243,0.519056,2.4605,0.651403
479485,1,-0.717982,0.0150703,0.993458,-2.243,0.519059,2.4605,0.651407
479485,1,-0.717982,0.0150715,0.993463,-2.243,0.519059,2.4605,0.651404
479485,1,-0.717984,0.0150741,0.993464,-2.24299,0.519056,2.4605,0.651404
479485,1,-0.717985,0.0150734,0.993461,-2.243,0.519058,2.4605,0.651407
479485,1,-0.71798,0.0150714,0.993461,-2.243,0.519061,2.4605,0.651406
479485,1,-0.717984,0.0150705,0.993464,-2.243,0.51906,2.4605,0.651406
479485,1,-0.717982,0.0150705,0.993462,-2.243,0.519059,2.4605,0.6514
479485,1,-0.717982,0.0150685,0.993464,-2.243,0.519056,2.4605,0.651402
479485,1,-0.717986,0.0150733,0.993465,-2.243,0.51906,2.4605,0.651406
479485,1,-0.717986,0.0150659,0.99346,-2.243,0.519056,2.4605,0.651402
479485,1,-0.717984,0.0150705,0.993463,-2.243,0.519057,2.4605,0.651403
479485,1,-0.717984,0.0150733,0.993464,-2.243,0.519059,2.4605,0.651403
479485,1,-0.717984,0.015073,0.993461,-2.243,0.519061,2.4605,0.651408
479485,1,-0.717983,0.0150715,0.993457,-2.243,0.519059,2.4605,0.651402
479485,1,-0.717984,0.0150777,0.993461,-2.243,0.519058,2.4605,0.651405
479485,1,-0.717982,0.0150758,0.993461,-2.243,0.519057,2.4605,0.651402
479485,1,-0.717987,0.0150743,0.993461,-2.243,0.519061,2.4605,0.651407
479485,1,-0.717982,0.0150712,0.993462,-2.243,0.519056,2.4605,0.651404
479485,1,-0.717984,0.0150715,0.993457,-2.243,0.519056,2.4605,0.651407
479485,1,-0.71798,0.0150737,0.993459,-2.243,0.519056,2.4605,0.651404
479485,1,-0.717984,0.0150705,0.993459,-2.243,0.519059,2.4605,0.651405
479485,1,-0.71798,0.0150713,0.993463,-2.243,0.519057,2.4605,0.651403
479485,1,-0.717984,0.0150683,0.993463,-2.243,0.519056,2.4605,0.651402
479485,1,-0.717984,0.0150668,0.993459,-2.243,0.519058,2.4605,0.651403
479485,1,-0.717982,0.0150719,0.993463,-2.243,0.519056,2.4605,0.651407
479485,1,-0.717984,0.0150698,0.993464,-2.243,0.519057,2.4605,0.651402
479485,1,-0.717976,0.0150743,0.993462,-2.243,0.519057,2.4605,0.651407
479485,1,-0.717984,0.0150675,0.993461,-2.243,0.519059,2.4605,0.651407
479485,1,-0.717984,0.0150696,0.993459,-2.243,0.519055,2.4605,0.651406
479485,1,-0.717984,0.0150733,0.993457,-2.243,0.51906,2.4605,0.651405
479485,1,-0.717985,0.0150705,0.993457,-2.243,0.519056,2.4605,0.651403
479485,1,-0.717985,0.0150777,0.993457,-2.243,0.51906,2.4605,0.651407
479485,1,-0.717984,0.0150702,0.993463,-2.24299,0.519059,2.4605,0.651409
479485,1,-0.717985,0.0150741,0.993463,-2.243,0.519058,2.4605,0.651413
479485,1,-0.717986,0.0150797,0.993459,-2.243,0.519062,2.4605,0.651406
479485,1,-0.717984,0.0150712,0.993457,-2.243,0.519061,2.4605,0.651406
479485,1,-0.717984,0.0150743,0.993463,-2.243,0.519057,2.4605,0.651405
479485,1,-0.717985,0.0150726,0.993459,-2.24299,0.519056,2.4605,0.651406
479485,1,-0.717984,0.0150734,0.993461,-2.24299,0.519057,2.4605,0.651405
479485,1,-0.717984,0.0150744,0.993457,-2.243,0.519061,2.4605,0.65141
479485,1,-0.717984,0.0150715,0.993461,-2.243,0.519056,2.4605,0.651402
479485,1,-0.717984,0.0150726,0.993458,-2.24299,0.519059,2.4605,0.651409
479485,1,-0.717985,0.0150678,0.993461,-2.24299,0.519057,2.4605,0.651402
479485,1,-0.717983,0.0150741,0.993461,-2.243,0.519055,2.4605,0.651402
479485,1,-0.717982,0.015072,0.993461,-2.243,0.519055,2.4605,0.651403
479485,1,-0.717985,0.0150704,0.993457,-2.243,0.51906,2.4605,0.651403
479485,1,-0.717985,0.0150741,0.993459,-2.243,0.51906,2.4605,0.651406
479485,1,-0.717984,0.0150671,0.993461,-2.243,0.519056,2.4605,0.651406
479485,1,-0.717987,0.0150683,0.993459,-2.243,0.51906,2.4605,0.651404
479485,1,-0.717982,0.015073,0.993459,-2.24299,0.519057,2.4605,0.651403
479485,1,-0.717985,0.0150697,0.993464,-2.243,0.519056,2.4605,0.651404
479485,1,-0.717984,0.0150731,0.993459,-2.24299,0.519056,2.4605,0.651401
479485,1,-0.717984,0.0150761,0.993461,-2.243,0.519059,2.4605,0.651406
479485,1,-0.717982,0.0150702,0.993461,-2.243,0.519056,2.4605,0.651402
479485,1,-0.717982,0.0150678,0.993459,-2.243,0.519058,2.4605,0.651408
479485,1,-0.717982,0.0150759,0.993461,-2.243,0.519058,2.4605,0.651401
479485,1,-0.717982,0.0150744,0.993463,-2.243,0.519055,2.4605,0.651408
479485,1,-0.717985,0.0150676,0.993459,-2.243,0.519058,2.4605,0.651405
479485,1,-0.717984,0.0150703,0.993461,-2.243,0.519058,2.4605,0.651409
479485,1,-0.717982,0.015074,0.993459,-2.243,0.519059,2.4605,0.651407
479485,1,-0.717988,0.0150726,0.993456,-2.243,0.51906,2.4605,0.651406
479485,1,-0.717982,0.0150778,0.993461,-2.243,0.519056,2.4605,0.651408
479485,1,-0.717982,0.0150704,0.993458,-2.243,0.519056,2.4605,0.651408
479485,1,-0.717984,0.0150754,0.993462,-2.243,0.519057,2.4605,0.651411
479485,1,-0.717984,0.0150716,0.993457,-2.243,0.51906,2.4605,0.651413
479485,1,-0.717985,0.0150705,0.993459,-2.243,0.519058,2.4605,0.651408
479485,1,-0.717982,0.0150702,0.993462,-2.243,0.519056,2.4605,0.651405
479485,1,-0.71798,0.0150736,0.993461,-2.243,0.519059,2.4605,0.651411
479485,1,-0.717985,0.015075,0.993459,-2.24299,0.519055,2.4605,0.651406
479485,1,-0.717984,0.0150721,0.993461,-2.243,0.519061,2.4605,0.651407
479485,1,-0.71798,0.0150706,0.993461,-2.243,0.519058,2.46051,0.651403
479485,1,-0.717984,0.0150698,0.993463,-2.243,0.519058,2.4605,0.651409
479485,1,-0.717985,0.0150698,0.993461,-2.243,0.519059,2.4605,0.651408
479485,1,-0.717986,0.0150705,0.993459,-2.24299,0.519054,2.4605,0.651409
479485,1,-0.717985,0.0150726,0.993459,-2.243,0.519057,2.4605,0.651408
479485,1,-0.717982,0.0150676,0.993459,-2.243,0.519059,2.4605,0.651406
479485,1,-0.717984,0.0150721,0.993461,-2.243,0.519055,2.4605,0.651412
479485,1,-0.717982,0.0150717,0.993461,-2.243,0.519055,2.4605,0.651406
479485,1,-0.717984,0.0150719,0.993463,-2.243,0.519059,2.4605,0.651409
479485,1,-0.717984,0.0150705,0.99346,-2.243,0.519056,2.4605,0.651406
479485,1,-0.71798,0.0150717,0.993461,-2.243,0.51906,2.4605,0.65141
479485,1,-0.71798,0.0150699,0.993462,-2.243,0.519056,2.4605,0.651409
479485,1,-0.717984,0.0150721,0.993463,-2.243,0.519057,2.4605,0.651407
479485,1,-0.717982,0.0150724,0.993459,-2.243,0.519059,2.4605,0.651414
479485,1,-0.717984,0.0150703,0.993457,-2.243,0.519056,2.4605,0.651408
479485,1,-0.71798,0.0150719,0.993461,-2.243,0.519056,2.4605,0.651407
479485,1,-0.717982,0.0150675,0.993463,-2.243,0.519056,2.4605,0.651406
479485,1,-0.717984,0.0150703,0.993457,-2.243,0.519056,2.4605,0.651407
479485,1,-0.717985,0.0150705,0.993454,-2.243,0.519059,2.4605,0.651406
479485,1,-0.71798,0.0150737,0.993458,-2.24299,0.519058,2.4605,0.651405
479485,1,-0.717984,0.0150697,0.993463,-2.243,0.51906,2.4605,0.651407
479485,1,-0.717984,0.0150723,0.993459,-2.24299,0.51906,2.4605,0.651402
479485,1,-0.717982,0.0150713,0.993463,-2.243,0.519058,2.4605,0.651413
479485,1,-0.717985,0.0150716,0.993459,-2.243,0.519057,2.4605,0.651403
479485,1,-0.717982,0.0150759,0.993461,-2.243,0.519059,2.4605,0.651408
479485,1,-0.717984,0.0150731,0.993462,-2.24299,0.519055,2.4605,0.651403
479485,1,-0.717984,0.0150736,0.993462,-2.243,0.519054,2.4605,0.651406
479485,1,-0.717983,0.0150734,0.993463,-2.243,0.519057,2.4605,0.651405
479485,1,-0.717982,0.0150739,0.993461,-2.243,0.519061,2.4605,0.651411
479485,1,-0.717984,0.0150722,0.993463,-2.243,0.519056,2.4605,0.65141
479485,1,-0.717984,0.0150724,0.993461,-2.243,0.519059,2.4605,0.651402
479485,1,-0.717979,0.0150696,0.993461,-2.243,0.519059,2.4605,0.651407
479485,1,-0.717984,0.0150679,0.993455,-2.243,0.519057,2.4605,0.651405
479485,1,-0.717982,0.0150698,0.993461,-2.243,0.51906,2.4605,0.651403
479485,1,-0.717982,0.0150743,0.993463,-2.24299,0.519057,2.4605,0.651407
479485,1,-0.717984,0.0150737,0.993461,-2.243,0.519059,2.4605,0.651399
479485,1,-0.717984,0.0150677,0.993461,-2.243,0.519057,2.4605,0.651408
479485,1,-0.717984,0.015074,0.993459,-2.243,0.51906,2.4605,0.651406
479485,1,-0.717983,0.0150726,0.993463,-2.243,0.519059,2.4605,0.651405
479485,1,-0.717984,0.01507,0.993457,-2.243,0.519062,2.4605,0.651398
479485,1,-0.717982,0.0150682,0.993459,-2.243,0.51906,2.4605,0.651402
479485,1,-0.717982,0.0150736,0.993459,-2.243,0.519057,2.4605,0.651407
479485,1,-0.717982,0.0150659,0.993459,-2.243,0.519056,2.4605,0.651403
479485,1,-0.717978,0.0150703,0.993461,-2.243,0.519053,2.4605,0.651402
479485,1,-0.71799,0.0150722,0.993459,-2.243,0.519061,2.4605,0.6514
479485,1,-0.717984,0.0150736,0.993462,-2.243,0.519056,2.4605,0.6514
479485,1,-0.71798,0.0150705,0.993459,-2.24299,0.519055,2.4605,0.651402
479485,1,-0.717987,0.0150721,0.993461,-2.24299,0.519059,2.4605,0.651402
479485,1,-0.717982,0.0150696,0.993464,-2.243,0.519059,2.4605,0.651404
479485,1,-0.717985,0.0150713,0.993457,-2.243,0.519058,2.4605,0.651402
479485,1,-0.717985,0.0150703,0.993459,-2.243,0.519055,2.4605,0.651402
479485,1,-0.717984,0.01507,0.993461,-2.24299,0.51906,2.4605,0.651399
479485,1,-0.717984,0.0150744,0.993463,-2.243,0.51906,2.4605,0.651405
479485,1,-0.717984,0.0150716,0.993463,-2.243,0.519056,2.4605,0.651405
479485,1,-0.717984,0.0150714,0.993465,-2.243,0.519059,2.4605,0.651406
479485,1,-0.717983,0.0150704,0.993457,-2.243,0.519059,2.4605,0.651402
479485,1,-0.717986,0.015074,0.993458,-2.243,0.519056,2.4605,0.651408
479485,1,-0.717984,0.0150722,0.993458,-2.243,0.519055,2.4605,0.651403
479485,1,-0.717987,0.015076,0.993461,-2.243,0.51906,2.4605,0.651404
479485,1,-0.717982,0.0150741,0.993457,-2.243,0.519056,2.4605,0.651403
479485,1,-0.717982,0.0150759,0.993458,-2.243,0.51906,2.4605,0.651408
479485,1,-0.717984,0.0150774,0.993459,-2.243,0.519056,2.4605,0.651412
479485,1,-0.717985,0.0150722,0.993461,-2.243,0.519055,2.4605,0.651409
479485,1,-0.717984,0.0150757,0.993462,-2.243,0.51906,2.4605,0.651408
479485,1,-0.71798,0.015074,0.993459,-2.243,0.519057,2.4605,0.651406
479485,1,-0.717985,0.0150698,0.993462,-2.243,0.519059,2.4605,0.651408
479485,1,-0.717984,0.0150705,0.993459,-2.243,0.519061,2.4605,0.651409
479485,1,-0.717985,0.0150757,0.993461,-2.243,0.519056,2.4605,0.651409
479485,1,-0.71798,0.0150726,0.993459,-2.243,0.51906,2.4605,0.651409
479485,1,-0.71798,0.015072,0.993459,-2.243,0.519055,2.4605,0.651406
479485,1,-0.717982,0.0150721,0.993459,-2.243,0.519059,2.4605,0.651401
479485,1,-0.717984,0.0150703,0.993459,-2.243,0.519057,2.4605,0.651409
479485,1,-0.71798,0.0150695,0.993461,-2.243,0.519056,2.4605,0.651402
479485,1,-0.717982,0.0150741,0.993459,-2.243,0.519055,2.4605,0.651408
479486,1,-0.717984,0.0150758,0.993462,-2.243,0.519055,2.4605,0.651408
479486,1,-0.717984,0.0150722,0.993463,-2.243,0.51906,2.4605,0.651411
479486,1,-0.717982,0.0150682,0.993461,-2.243,0.519056,2.4605,0.651405
479486,1,-0.717982,0.0150677,0.993461,-2.243,0.519057,2.4605,0.651407
479486,1,-0.717983,0.0150719,0.993461,-2.243,0.519055,2.4605,0.651406
479486,1,-0.717982,0.0150722,0.993461,-2.243,0.51906,2.4605,0.651403
479486,1,-0.717984,0.0150705,0.993462,-2.243,0.519059,2.4605,0.651406
479486,1,-0.717983,0.0150741,0.993461,-2.243,0.519058,2.4605,0.651408
479486,1,-0.717982,0.0150697,0.993462,-2.243,0.519056,2.4605,0.651407
479486,1,-0.717982,0.0150698,0.993462,-2.24299,0.51906,2.4605,0.651405
479486,1,-0.717978,0.0150741,0.993461,-2.243,0.519058,2.4605,0.65141
479486,1,-0.717984,0.0150726,0.993457,-2.243,0.519059,2.4605,0.651409
479486,1,-0.717984,0.0150737,0.993459,-2.243,0.519055,2.4605,0.651408
479486,1,-0.717984,0.0150698,0.993455,-2.243,0.519056,2.4605,0.651406
479486,1,-0.717987,0.0150697,0.993458,-2.243,0.519059,2.4605,0.651402
479486,1,-0.717984,0.0150732,0.993459,-2.243,0.519054,2.4605,0.651407
479486,1,-0.717983,0.0150677,0.993461,-2.243,0.519058,2.4605,0.651404
479486,1,-0.717985,0.0150754,0.993459,-2.243,0.519057,2.4605,0.651409
479486,1,-0.717984,0.0150695,0.993458,-2.243,0.519057,2.4605,0.651406
479486,1,-0.717984,0.0150705,0.993459,-2.243,0.519058,2.4605,0.65141
479486,1,-0.717982,0.0150713,0.993463,-2.243,0.519056,2.4605,0.651402
479486,1,-0.717982,0.0150695,0.993462,-2.243,0.519056,2.4605,0.651408
479486,1,-0.717976,0.0150698,0.993461,-2.243,0.519058,2.4605,0.6514
479486,1,-0.717987,0.0150695,0.993459,-2.24299,0.519057,2.4605,0.65141
479486,1,-0.717985,0.0150677,0.993457,-2.243,0.519056,2.4605,0.651403
479486,1,-0.717982,0.0150719,0.993455,-2.243,0.519054,2.4605,0.651404
479486,1,-0.717984,0.0150734,0.993457,-2.24299,0.519059,2.4605,0.651405
479486,1,-0.71798,0.0150752,0.993459,-2.243,0.519055,2.4605,0.651402
479486,1,-0.717984,0.0150717,0.993462,-2.243,0.519054,2.4605,0.651402
479486,1,-0.717984,0.0150752,0.993461,-2.243,0.51906,2.4605,0.651402
479486,1,-0.717985,0.0150753,0.993457,-2.243,0.519059,2.4605,0.651403
479486,1,-0.717982,0.0150751,0.99346,-2.243,0.519063,2.4605,0.651403
479486,1,-0.717982,0.0150758,0.993462,-2.24299,0.519054,2.4605,0.651404
479486,1,-0.717982,0.015076,0.993464,-2.24299,0.51906,2.4605,0.651403
479486,1,-0.717984,0.0150734,0.993463,-2.243,0.519055,2.4605,0.651409
479486,1,-0.717983,0.0150677,0.993459,-2.243,0.519056,2.4605,0.651402
479486,1,-0.717982,0.0150719,0.993457,-2.243,0.519062,2.4605,0.651402
479486,1,-0.717982,0.0150697,0.99346,-2.24299,0.519055,2.4605,0.651409
479486,1,-0.71798,0.0150696,0.993461,-2.24299,0.519055,2.4605,0.651402
479486,1,-0.717987,0.0150716,0.993464,-2.24299,0.519057,2.4605,0.651406
479486,1,-0.717984,0.0150737,0.993457,-2.243,0.519058,2.4605,0.651406
479486,1,-0.717985,0.0150716,0.993457,-2.243,0.519057,2.4605,0.651407
479486,1,-0.717984,0.0150761,0.993461,-2.243,0.51906,2.4605,0.651402
479486,1,-0.717982,0.0150715,0.993457,-2.24299,0.519061,2.4605,0.6514
479486,1,-0.717982,0.0150726,0.993459,-2.243,0.519059,2.4605,0.651402
479486,1,-0.717982,0.0150739,0.993459,-2.243,0.519058,2.4605,0.651399
479486,1,-0.717988,0.0150733,0.993457,-2.243,0.519056,2.4605,0.651404
479486,1,-0.717984,0.0150716,0.993459,-2.243,0.519058,2.4605,0.651403
479486,1,-0.717982,0.0150714,0.993459,-2.243,0.519059,2.4605,0.651403
479486,1,-0.71798,0.0150736,0.993457,-2.243,0.519055,2.4605,0.651407
479486,1,-0.717982,0.0150726,0.993458,-2.24299,0.51906,2.4605,0.651402
479486,1,-0.717982,0.0150703,0.993459,-2.243,0.519055,2.4605,0.651406
479486,1,-0.717982,0.0150698,0.993463,-2.243,0.519059,2.4605,0.651403
479486,1,-0.71798,0.0150741,0.993457,-2.243,0.51906,2.4605,0.651408
479486,1,-0.717985,0.0150712,0.993457,-2.243,0.519059,2.4605,0.651412
479486,1,-0.717984,0.0150698,0.993459,-2.243,0.519055,2.4605,0.651406
479486,1,-0.717985,0.0150743,0.993463,-2.243,0.519058,2.4605,0.651408
479486,1,-0.717982,0.0150688,0.993461,-2.243,0.519058,2.4605,0.651404
479486,1,-0.717982,0.0150737,0.993461,-2.243,0.519054,2.4605,0.651408
479486,1,-0.71798,0.0150713,0.99346,-2.243,0.519059,2.4605,0.651408
479486,1,-0.717984,0.0150705,0.993461,-2.243,0.519059,2.4605,0.651407
479486,1,-0.717983,0.0150744,0.993458,-2.24299,0.519059,2.4605,0.651408
479486,1,-0.717984,0.0150703,0.993464,-2.243,0.519056,2.4605,0.651407
479486,1,-0.717982,0.0150703,0.993462,-2.243,0.519058,2.4605,0.651409
479486,1,-0.717987,0.0150739,0.993462,-2.243,0.519056,2.4605,0.651402
479486,1,-0.717982,0.0150722,0.993459,-2.243,0.519058,2.4605,0.651408
479486,1,-0.717986,0.0150696,0.993459,-2.243,0.51906,2.4605,0.651406
479486,1,-0.717985,0.0150774,0.993461,-2.243,0.519058,2.4605,0.651411
479486,1,-0.717984,0.0150736,0.993459,-2.243,0.519061,2.4605,0.651405
479486,1,-0.717982,0.0150696,0.993457,-2.243,0.519059,2.4605,0.651406
479486,1,-0.717987,0.0150724,0.99346,-2.243,0.519055,2.4605,0.65141
479486,1,-0.717982,0.0150713,0.993461,-2.243,0.519056,2.4605,0.651408
479486,1,-0.717987,0.0150685,0.993461,-2.243,0.519058,2.4605,0.651409
479486,1,-0.717984,0.0150704,0.993461,-2.243,0.519056,2.4605,0.651403
479486,1,-0.717983,0.0150739,0.993458,-2.243,0.519055,2.4605,0.651408
479486,1,-0.71798,0.0150712,0.993462,-2.243,0.51906,2.4605,0.651408
479486,1,-0.717983,0.0150704,0.993457,-2.243,0.519057,2.4605,0.651406
479486,1,-0.71798,0.0150732,0.993461,-2.243,0.519059,2.4605,0.651409
479486,1,-0.717984,0.015075,0.993463,-2.243,0.519058,2.4605,0.651408
479486,1,-0.717986,0.015072,0.993461,-2.243,0.51906,2.4605,0.651409
479486,1,-0.717985,0.0150723,0.993461,-2.243,0.519058,2.4605,0.651406
479486,1,-0.717984,0.0150712,0.993459,-2.243,0.519056,2.4605,0.651406
479486,1,-0.717984,0.0150703,0.993463,-2.24299,0.519059,2.4605,0.651409
479486,1,-0.717978,0.015073,0.993464,-2.243,0.51906,2.4605,0.651402
479486,1,-0.717982,0.0150733,0.99346,-2.24299,0.519059,2.4605,0.651407
479486,1,-0.71798,0.0150697,0.993459,-2.243,0.519058,2.4605,0.651403
479486,1,-0.717985,0.0150716,0.993461,-2.243,0.519055,2.4605,0.651399
479486,1,-0.717985,0.0150741,0.993461,-2.243,0.519059,2.4605,0.651402
479486,1,-0.71798,0.0150676,0.993461,-2.243,0.519057,2.4605,0.6514
479486,1,-0.717984,0.0150726,0.993462,-2.243,0.51906,2.4605,0.651399
479486,1,-0.717985,0.0150736,0.993459,-2.243,0.519058,2.4605,0.651403
479486,1,-0.717984,0.0150736,0.993461,-2.24299,0.519057,2.4605,0.651405
479486,1,-0.717984,0.0150724,0.993461,-2.243,0.519056,2.4605,0.651408
479486,1,-0.717982,0.0150734,0.993459,-2.243,0.51906,2.4605,0.651409
479486,1,-0.717982,0.0150675,0.993463,-2.243,0.519057,2.4605,0.651401
479486,1,-0.717978,0.0150698,0.993463,-2.243,0.519057,2.4605,0.651409
479486,1,-0.717978,0.0150696,0.993459,-2.243,0.519057,2.4605,0.651403
479486,1,-0.717982,0.0150737,0.993463,-2.243,0.51906,2.4605,0.651409
479486,1,-0.71798,0.0150757,0.993461,-2.243,0.519055,2.4605,0.651407
479486,1,-0.717982,0.0150734,0.993459,-2.243,0.519059,2.4605,0.651406
479486,1,-0.717982,0.0150722,0.993459,-2.243,0.519057,2.4605,0.651405
479486,1,-0.717982,0.0150682,0.993457,-2.24299,0.519057,2.4605,0.651407
479486,1,-0.717984,0.0150736,0.993458,-2.243,0.519059,2.4605,0.651407
479486,1,-0.717986,0.0150717,0.993461,-2.243,0.51906,2.4605,0.651407
479486,1,-0.717986,0.0150697,0.993461,-2.243,0.519054,2.4605,0.651406
479486,1,-0.717982,0.0150723,0.993463,-2.243,0.51906,2.4605,0.651407
479486,1,-0.717984,0.0150699,0.993462,-2.243,0.51906,2.4605,0.651407
479486,1,-0.717983,0.0150723,0.993457,-2.243,0.519054,2.4605,0.651407
479486,1,-0.717984,0.0150734,0.993457,-2.243,0.519061,2.4605,0.651406
479486,1,-0.71798,0.0150733,0.993463,-2.243,0.51906,2.4605,0.651401
479486,1,-0.717985,0.015072,0.993464,-2.243,0.519057,2.4605,0.651409
479486,1,-0.717982,0.0150733,0.993461,-2.243,0.51906,2.4605,0.651403
479486,1,-0.71798,0.015073,0.993461,-2.243,0.519057,2.4605,0.651407
479486,1,-0.717985,0.0150724,0.993463,-2.24299,0.519056,2.4605,0.651406
479486,1,-0.717983,0.0150722,0.993457,-2.243,0.519062,2.4605,0.651404
479486,1,-0.717982,0.0150716,0.99346,-2.243,0.519058,2.4605,0.651405
479486,1,-0.717982,0.0150713,0.993459,-2.243,0.519057,2.4605,0.651404
479486,1,-0.717984,0.0150703,0.993461,-2.243,0.519056,2.4605,0.651401
479486,1,-0.717985,0.0150695,0.993461,-2.243,0.519059,2.4605,0.651406
479486,1,-0.717978,0.0150724,0.99346,-2.24299,0.519061,2.4605,0.651407
479486,1,-0.717985,0.0150691,0.993461,-2.243,0.519057,2.4605,0.651406
479486,1,-0.717982,0.0150678,0.993459,-2.24299,0.519059,2.4605,0.651407
479486,1,-0.717982,0.0150751,0.993463,-2.24299,0.519054,2.4605,0.651407
479486,1,-0.717982,0.0150734,0.993459,-2.243,0.519057,2.4605,0.651411
479486,1,-0.717984,0.0150698,0.993461,-2.243,0.519059,2.46049,0.651405
479486,1,-0.717984,0.0150684,0.993461,-2.24299,0.519055,2.4605,0.651409
479486,1,-0.717984,0.0150744,0.993461,-2.243,0.519059,2.4605,0.651406
479486,1,-0.71798,0.0150742,0.993461,-2.24299,0.519056,2.4605,0.65141
479486,1,-0.717982,0.0150712,0.993463,-2.243,0.519057,2.4605,0.651408
479486,1,-0.717976,0.0150758,0.993461,-2.24299,0.519057,2.4605,0.651406
479486,1,-0.717982,0.0150699,0.993463,-2.243,0.519059,2.4605,0.651409
479486,1,-0.717984,0.0150719,0.993459,-2.243,0.51906,2.4605,0.651407
479486,1,-0.717982,0.0150678,0.993455,-2.243,0.519056,2.4605,0.651407
479486,1,-0.717987,0.0150702,0.993463,-2.243,0.519059,2.4605,0.651413
479486,1,-0.717982,0.0150683,0.993459,-2.243,0.519059,2.4605,0.651408
479486,1,-0.717985,0.015068,0.993459,-2.24299,0.519059,2.4605,0.651405
479486,1,-0.717983,0.0150736,0.99346,-2.243,0.519058,2.4605,0.651405
479486,1,-0.717984,0.015074,0.99346,-2.243,0.51906,2.4605,0.651403
479486,1,-0.717984,0.0150712,0.993455,-2.243,0.519055,2.4605,0.651407
479486,1,-0.717985,0.0150717,0.993459,-2.243,0.51906,2.4605,0.651402
479486,1,-0.717984,0.0150712,0.993457,-2.243,0.519058,2.4605,0.651407
479486,1,-0.717984,0.0150726,0.993462,-2.243,0.519055,2.4605,0.651404
479486,1,-0.717984,0.015072,0.993457,-2.243,0.51906,2.4605,0.651405
479486,1,-0.717985,0.0150754,0.993459,-2.243,0.519061,2.4605,0.651403
479486,1,-0.717982,0.015075,0.993461,-2.243,0.519058,2.4605,0.651406
479486,1,-0.717982,0.0150744,0.993461,-2.24299,0.519059,2.4605,0.651405
479486,1,-0.717984,0.0150712,0.993461,-2.243,0.51906,2.4605,0.651402
479486,1,-0.717984,0.0150676,0.993461,-2.243,0.519056,2.4605,0.651403
479486,1,-0.71798,0.0150744,0.993461,-2.243,0.51906,2.4605,0.651403
479486,1,-0.717982,0.0150722,0.993463,-2.24299,0.519059,2.4605,0.651403
479486,1,-0.717984,0.0150734,0.993461,-2.243,0.519057,2.4605,0.651406
479486,1,-0.717982,0.0150727,0.993459,-2.24299,0.51906,2.4605,0.651409
479486,1,-0.717984,0.0150677,0.993459,-2.243,0.519062,2.4605,0.651408
479486,1,-0.717984,0.015072,0.993461,-2.24299,0.519058,2.4605,0.651408
479486,1,-0.717985,0.0150706,0.993459,-2.243,0.519059,2.4605,0.651403
479486,1,-0.717984,0.0150721,0.993464,-2.243,0.519059,2.4605,0.651408
479486,1,-0.717984,0.0150697,0.993459,-2.243,0.519061,2.4605,0.651415
479486,1,-0.717983,0.0150698,0.993461,-2.243,0.519059,2.4605,0.651403
479486,1,-0.717983,0.0150683,0.993461,-2.243,0.519056,2.4605,0.651407
479486,1,-0.717982,0.0150757,0.993461,-2.24299,0.519059,2.4605,0.651409
479486,1,-0.71798,0.0150678,0.993461,-2.243,0.51906,2.4605,0.65141
479486,1,-0.71799,0.0150716,0.993463,-2.243,0.519055,2.4605,0.651409
479486,1,-0.717985,0.015074,0.993463,-2.243,0.519057,2.4605,0.651412
479486,1,-0.717982,0.0150677,0.993464,-2.243,0.519059,2.4605,0.651408
479486,1,-0.717982,0.0150753,0.993457,-2.243,0.519057,2.4605,0.651404
479486,1,-0.71798,0.0150751,0.99346,-2.243,0.519056,2.4605,0.651404
479486,1,-0.717982,0.0150743,0.993461,-2.243,0.519059,2.4605,0.651401
479486,1,-0.717982,0.0150696,0.993461,-2.243,0.519055,2.4605,0.651399
479486,1,-0.717982,0.0150715,0.993465,-2.24299,0.51906,2.4605,0.651406
479486,1,-0.717982,0.0150771,0.993461,-2.24299,0.519059,2.4605,0.651399
479486,1,-0.717985,0.0150713,0.993457,-2.243,0.519059,2.4605,0.651408
479486,1,-0.717982,0.0150722,0.993461,-2.243,0.519056,2.4605,0.651402
479486,1,-0.717985,0.0150734,0.993463,-2.243,0.519059,2.4605,0.651406
479486,1,-0.717987,0.0150722,0.993461,-2.243,0.51906,2.4605,0.6514
479486,1,-0.717985,0.0150743,0.993459,-2.243,0.519058,2.4605,0.651406
479486,1,-0.717985,0.0150791,0.993461,-2.243,0.519054,2.4605,0.651408
479486,1,-0.717984,0.0150734,0.993461,-2.243,0.519056,2.4605,0.651405
479486,1,-0.717982,0.0150726,0.993459,-2.24299,0.519055,2.4605,0.651407
479486,1,-0.717985,0.015074,0.993461,-2.243,0.519059,2.4605,0.651406
479486,1,-0.717982,0.0150741,0.993461,-2.243,0.519059,2.4605,0.651403
479486,1,-0.717984,0.0150678,0.993461,-2.243,0.519059,2.4605,0.651406
479486,1,-0.717982,0.0150718,0.993459,-2.243,0.519059,2.4605,0.651407
479486,1,-0.717984,0.0150686,0.993459,-2.243,0.519057,2.4605,0.651405
479486,1,-0.717984,0.0150724,0.993463,-2.243,0.519057,2.4605,0.651406
479486,1,-0.717982,0.0150743,0.993463,-2.243,0.519055,2.4605,0.651405
479486,1,-0.717984,0.0150675,0.993463,-2.243,0.519061,2.4605,0.651402
479486,1,-0.717985,0.015068,0.993462,-2.243,0.51906,2.4605,0.651414
479486,1,-0.717984,0.0150692,0.993464,-2.243,0.519057,2.4605,0.651403
479486,1,-0.717982,0.0150716,0.993462,-2.243,0.519059,2.4605,0.651411
479486,1,-0.71798,0.0150726,0.993461,-2.243,0.51906,2.4605,0.651402
479486,1,-0.717982,0.0150736,0.993461,-2.243,0.519056,2.4605,0.651408
479486,1,-0.717978,0.0150723,0.993462,-2.24299,0.51906,2.4605,0.651402
479486,1,-0.71798,0.0150713,0.993459,-2.243,0.519058,2.4605,0.651407
479486,1,-0.717984,0.0150724,0.993458,-2.24299,0.519056,2.4605,0.651406
479486,1,-0.717982,0.0150737,0.993457,-2.243,0.519061,2.4605,0.651407
479486,1,-0.717984,0.0150703,0.993459,-2.243,0.519059,2.4605,0.651409
479486,1,-0.717982,0.0150741,0.993455,-2.243,0.519057,2.4605,0.651404
479486,1,-0.717984,0.0150715,0.993459,-2.24299,0.519056,2.4605,0.651406
479486,1,-0.717984,0.0150698,0.993463,-2.243,0.519058,2.4605,0.651406
479486,1,-0.717984,0.0150734,0.993461,-2.243,0.519056,2.4605,0.651402
479487,1,-0.717982,0.0150719,0.993461,-2.243,0.519057,2.4605,0.651403
479487,1,-0.717984,0.0150737,0.993461,-2.243,0.519056,2.4605,0.651403
479487,1,-0.717984,0.0150712,0.993463,-2.24299,0.519056,2.4605,0.651408
479487,1,-0.717985,0.0150726,0.993458,-2.243,0.519056,2.4605,0.6514
479487,1,-0.717982,0.0150719,0.993459,-2.243,0.519057,2.4605,0.651406
479487,1,-0.717984,0.0150736,0.993463,-2.243,0.519059,2.4605,0.651402
479487,1,-0.717982,0.0150712,0.993459,-2.243,0.519059,2.4605,0.651407
479487,1,-0.717984,0.0150737,0.993458,-2.243,0.519058,2.4605,0.651409
479487,1,-0.717982,0.0150761,0.993457,-2.243,0.51906,2.4605,0.651406
479487,1,-0.717983,0.0150694,0.993462,-2.243,0.51906,2.4605,0.651408
479487,1,-0.717985,0.0150737,0.99346,-2.243,0.519055,2.4605,0.651405
479487,1,-0.717982,0.0150737,0.993461,-2.243,0.519057,2.4605,0.651408
479487,1,-0.717982,0.0150729,0.993459,-2.243,0.519056,2.4605,0.651401
479487,1,-0.717983,0.0150754,0.993459,-2.243,0.519059,2.4605,0.6514
479487,1,-0.717987,0.0150712,0.993461,-2.24299,0.519056,2.4605,0.651402
479487,1,-0.717982,0.0150741,0.993463,-2.243,0.51906,2.4605,0.651404
479487,1,-0.717982,0.0150741,0.993459,-2.243,0.51906,2.4605,0.651404
479487,1,-0.717984,0.0150715,0.993461,-2.243,0.519057,2.4605,0.6514
479487,1,-0.717987,0.0150759,0.993461,-2.243,0.519056,2.4605,0.651409
479487,1,-0.717982,0.0150743,0.993457,-2.243,0.519062,2.4605,0.651401
479487,1,-0.717984,0.0150778,0.993456,-2.243,0.519057,2.4605,0.651402
479487,1,-0.717982,0.015074,0.993457,-2.243,0.519058,2.4605,0.651407
479487,1,-0.717986,0.0150754,0.993459,-2.243,0.519059,2.4605,0.651402
479487,1,-0.717985,0.0150713,0.99346,-2.243,0.519057,2.4605,0.651406
479487,1,-0.717984,0.0150741,0.993459,-2.243,0.519056,2.4605,0.651406
479487,1,-0.717983,0.0150757,0.993457,-2.24299,0.519058,2.4605,0.651406
479487,1,-0.717985,0.0150712,0.99346,-2.243,0.519059,2.4605,0.651403
479487,1,-0.717982,0.0150696,0.993458,-2.243,0.519059,2.4605,0.651403
479487,1,-0.717982,0.0150685,0.993464,-2.243,0.519059,2.4605,0.651403
479487,1,-0.71798,0.0150761,0.993461,-2.24299,0.519061,2.4605,0.651407
479487,1,-0.717984,0.0150723,0.993462,-2.243,0.519057,2.4605,0.651407
479487,1,-0.717984,0.0150703,0.993459,-2.243,0.519055,2.4605,0.651407
479487,1,-0.717985,0.0150685,0.993458,-2.243,0.519059,2.4605,0.651404
479487,1,-0.717984,0.0150678,0.993462,-2.243,0.519057,2.4605,0.651406
479487,1,-0.717984,0.0150736,0.993457,-2.243,0.519057,2.4605,0.651402
479487,1,-0.717982,0.0150676,0.993463,-2.243,0.519056,2.4605,0.651407
479487,1,-0.717982,0.0150684,0.993457,-2.243,0.51906,2.4605,0.651406
479487,1,-0.717984,0.0150712,0.993463,-2.243,0.51906,2.4605,0.651408
479487,1,-0.717984,0.0150734,0.993463,-2.243,0.519056,2.4605,0.651408
479487,1,-0.717985,0.0150712,0.993459,-2.243,0.519058,2.4605,0.651411
479487,1,-0.717984,0.0150675,0.993461,-2.243,0.519053,2.4605,0.651409
479487,1,-0.717985,0.0150702,0.993464,-2.243,0.519061,2.4605,0.651408
479487,1,-0.717985,0.0150723,0.993461,-2.243,0.519054,2.4605,0.651409
479487,1,-0.71798,0.0150744,0.993463,-2.243,0.519056,2.4605,0.65141
479487,1,-0.717984,0.0150739,0.993459,-2.243,0.519057,2.4605,0.651407
479487,1,-0.717984,0.0150743,0.993459,-2.243,0.51906,2.4605,0.651409
479487,1,-0.717986,0.0150757,0.99346,-2.243,0.519056,2.4605,0.651407
479487,1,-0.717986,0.0150736,0.993457,-2.243,0.519058,2.4605,0.651404
479487,1,-0.717984,0.0150715,0.993458,-2.243,0.51906,2.4605,0.651407
479487,1,-0.717984,0.015075,0.993461,-2.243,0.519059,2.4605,0.651406
479487,1,-0.717985,0.0150716,0.993459,-2.24299,0.519059,2.4605,0.651407
479487,1,-0.717984,0.0150719,0.993462,-2.24299,0.51906,2.4605,0.651405
479487,1,-0.71798,0.0150736,0.993461,-2.243,0.51906,2.4605,0.651406
479487,1,-0.717984,0.0150723,0.993463,-2.243,0.519056,2.4605,0.651407
479487,1,-0.717983,0.0150737,0.993459,-2.243,0.519058,2.4605,0.651402
479487,1,-0.717985,0.015073,0.993457,-2.243,0.519055,2.4605,0.651408
479487,1,-0.717982,0.0150754,0.993463,-2.24299,0.51906,2.4605,0.651404
479487,1,-0.717982,0.0150722,0.993461,-2.243,0.519056,2.4605,0.651405
479487,1,-0.717984,0.0150723,0.993463,-2.243,0.519059,2.4605,0.651409
479487,1,-0.717986,0.0150689,0.993461,-2.243,0.51906,2.4605,0.651408
479487,1,-0.717983,0.0150722,0.993457,-2.24299,0.519056,2.4605,0.651406
479487,1,-0.717982,0.0150699,0.993461,-2.243,0.519057,2.4605,0.651409
479487,1,-0.71798,0.0150722,0.993465,-2.243,0.519059,2.4605,0.651409
479487,1,-0.717984,0.0150676,0.99346,-2.243,0.51906,2.4605,0.65141
479487,1,-0.717982,0.0150724,0.993464,-2.24299,0.51906,2.4605,0.651414
479487,1,-0.71798,0.0150744,0.993459,-2.243,0.519056,2.4605,0.651408
479487,1,-0.717984,0.0150756,0.993461,-2.243,0.519056,2.4605,0.651407
479487,1,-0.717985,0.015075,0.993459,-2.243,0.519057,2.4605,0.651407
479487,1,-0.717984,0.0150723,0.993459,-2.243,0.51906,2.4605,0.651409
479487,1,-0.717985,0.015076,0.99346,-2.243,0.519056,2.4605,0.651401
479487,1,-0.717984,0.0150715,0.993459,-2.243,0.51906,2.4605,0.651406
479487,1,-0.717982,0.0150703,0.993459,-2.243,0.519055,2.4605,0.651405
479487,1,-0.717985,0.0150712,0.993463,-2.243,0.519059,2.4605,0.651408
479487,1,-0.717982,0.0150705,0.993456,-2.243,0.519056,2.4605,0.651408
479487,1,-0.717982,0.0150753,0.993455,-2.24299,0.519059,2.4605,0.651406
479487,1,-0.717984,0.0150685,0.993459,-2.243,0.519057,2.4605,0.651407
479487,1,-0.717982,0.0150677,0.993463,-2.243,0.519055,2.4605,0.651412
479487,1,-0.717984,0.015072,0.993459,-2.243,0.519056,2.4605,0.651406
479487,1,-0.717984,0.0150705,0.993457,-2.243,0.519057,2.4605,0.651407
479487,1,-0.71798,0.0150704,0.993459,-2.243,0.51906,2.4605,0.651409
479487,1,-0.71798,0.0150717,0.993461,-2.243,0.519059,2.4605,0.651408
479487,1,-0.717982,0.01507,0.993461,-2.24299,0.519055,2.4605,0.651405
479487,1,-0.717984,0.0150698,0.993464,-2.243,0.519058,2.4605,0.651407
479487,1,-0.717986,0.0150761,0.993459,-2.243,0.519054,2.4605,0.651406
479487,1,-0.717985,0.0150753,0.993461,-2.243,0.519055,2.4605,0.651409
479487,1,-0.717978,0.0150713,0.993463,-2.24299,0.519059,2.4605,0.651403
479487,1,-0.717985,0.015072,0.993461,-2.243,0.519057,2.4605,0.651411
479487,1,-0.717985,0.015072,0.993459,-2.243,0.51906,2.4605,0.651403
479487,1,-0.717982,0.0150703,0.993461,-2.243,0.519059,2.4605,0.651403
479487,1,-0.717983,0.0150702,0.993456,-2.243,0.519058,2.4605,0.65141
479487,1,-0.717982,0.0150696,0.993457,-2.243,0.51906,2.4605,0.651406
479487,1,-0.717982,0.0150729,0.993461,-2.243,0.519055,2.4605,0.651402
479487,1,-0.71798,0.0150737,0.993459,-2.243,0.519055,2.4605,0.651402
479487,1,-0.717983,0.0150767,0.993459,-2.243,0.519056,2.4605,0.651405
479487,1,-0.717982,0.0150705,0.993457,-2.243,0.519057,2.4605,0.6514
479487,1,-0.717984,0.0150734,0.993461,-2.243,0.519056,2.4605,0.651401
479487,1,-0.717984,0.015075,0.993461,-2.243,0.519059,2.4605,0.651407
479487,1,-0.717982,0.0150736,0.993461,-2.243,0.519056,2.4605,0.651401
479487,1,-0.717987,0.0150751,0.993464,-2.243,0.519059,2.4605,0.651406
479487,1,-0.717982,0.0150723,0.993457,-2.243,0.519059,2.4605,0.651406
479487,1,-0.717984,0.0150736,0.993459,-2.243,0.519055,2.4605,0.651404
479487,1,-0.717982,0.0150715,0.993462,-2.243,0.519059,2.46051,0.651406
479487,1,-0.717986,0.0150722,0.993457,-2.243,0.519057,2.4605,0.651403
479487,1,-0.717984,0.0150697,0.993463,-2.243,0.519057,2.4605,0.651407
479487,1,-0.717982,0.0150744,0.993462,-2.243,0.519059,2.4605,0.651403
479487,1,-0.717986,0.0150696,0.993459,-2.243,0.519056,2.4605,0.651404
479487,1,-0.717982,0.0150704,0.99346,-2.243,0.51906,2.4605,0.651402
479487,1,-0.71798,0.0150703,0.99346,-2.243,0.51906,2.4605,0.651399
479487,1,-0.717981,0.0150675,0.993459,-2.243,0.519056,2.4605,0.651403
479487,1,-0.717985,0.0150715,0.993463,-2.243,0.519058,2.4605,0.651405
479487,1,-0.717986,0.0150702,0.993466,-2.243,0.519061,2.4605,0.651407
479487,1,-0.717985,0.0150685,0.993459,-2.243,0.51906,2.4605,0.651402
479487,1,-0.717982,0.0150683,0.993461,-2.243,0.519056,2.4605,0.651402
479487,1,-0.717984,0.0150739,0.993463,-2.243,0.51906,2.4605,0.651403
479487,1,-0.717982,0.0150661,0.993459,-2.243,0.519057,2.4605,0.651402
479487,1,-0.717984,0.0150696,0.993459,-2.24299,0.519057,2.4605,0.651406
479487,1,-0.717978,0.0150736,0.993458,-2.243,0.519059,2.4605,0.651402
479487,1,-0.717982,0.0150724,0.993459,-2.243,0.519056,2.4605,0.65141
479487,1,-0.717978,0.0150723,0.993459,-2.243,0.51906,2.4605,0.651406
479487,1,-0.717984,0.0150741,0.993457,-2.243,0.519056,2.4605,0.651409
479487,1,-0.717984,0.0150712,0.993459,-2.24299,0.519055,2.4605,0.651411
479487,1,-0.717984,0.0150696,0.993457,-2.243,0.519061,2.4605,0.651413
479487,1,-0.717982,0.0150743,0.993462,-2.243,0.519056,2.4605,0.651407
479487,1,-0.717984,0.0150685,0.993459,-2.243,0.519059,2.4605,0.651406
479487,1,-0.717982,0.0150724,0.99346,-2.243,0.519054,2.4605,0.6514
479487,1,-0.717984,0.0150723,0.993461,-2.243,0.519056,2.4605,0.651402
479487,1,-0.717985,0.0150683,0.993459,-2.24299,0.519058,2.4605,0.651402
479487,1,-0.717984,0.0150706,0.993457,-2.24299,0.51906,2.4605,0.651401
479487,1,-0.717982,0.0150713,0.993458,-2.243,0.519054,2.4605,0.651408
479487,1,-0.717989,0.0150713,0.99346,-2.24299,0.519061,2.4605,0.651401
479487,1,-0.717982,0.0150756,0.993459,-2.243,0.51906,2.4605,0.651402
479487,1,-0.717983,0.0150734,0.993463,-2.243,0.519062,2.4605,0.651407
479487,1,-0.717984,0.0150743,0.993457,-2.243,0.519056,2.4605,0.651405
479487,1,-0.717985,0.0150753,0.99346,-2.243,0.519056,2.4605,0.651402
479487,1,-0.717979,0.0150713,0.993463,-2.243,0.519056,2.4605,0.651404
479487,1,-0.717984,0.0150744,0.993459,-2.24299,0.519057,2.4605,0.651406
479487,1,-0.717982,0.0150734,0.993463,-2.243,0.519057,2.4605,0.651409
479487,1,-0.717984,0.0150778,0.993459,-2.24299,0.519058,2.4605,0.651406
479487,1,-0.717982,0.0150737,0.993461,-2.243,0.51906,2.4605,0.651406
479487,1,-0.717985,0.0150724,0.993461,-2.24299,0.51906,2.4605,0.651408
479487,1,-0.717987,0.0150714,0.993461,-2.24299,0.519059,2.4605,0.651406
479487,1,-0.717985,0.0150704,0.993461,-2.24299,0.519057,2.4605,0.651404
479487,1,-0.717982,0.0150743,0.993461,-2.243,0.519055,2.4605,0.651408
479487,1,-0.717984,0.0150685,0.993459,-2.243,0.519058,2.4605,0.651401
479487,1,-0.71798,0.0150722,0.993461,-2.243,0.51906,2.4605,0.651408
479487,1,-0.717982,0.0150685,0.993463,-2.243,0.51906,2.4605,0.651404
479487,1,-0.717986,0.0150734,0.99346,-2.24299,0.51906,2.4605,0.651405
479487,1,-0.717982,0.0150724,0.993463,-2.243,0.51906,2.4605,0.651406
479487,1,-0.717984,0.0150741,0.993461,-2.243,0.51906,2.4605,0.651403
479487,1,-0.717982,0.0150685,0.993463,-2.243,0.51906,2.4605,0.651407
479487,1,-0.717984,0.0150722,0.993455,-2.243,0.519057,2.4605,0.651405
479487,1,-0.717982,0.0150716,0.993459,-2.243,0.519055,2.4605,0.651403
479487,1,-0.717987,0.0150702,0.993463,-2.24299,0.51906,2.4605,0.651404
479487,1,-0.717978,0.0150705,0.993463,-2.243,0.519061,2.4605,0.651404
479487,1,-0.717982,0.0150726,0.993461,-2.24299,0.519056,2.4605,0.651409
479487,1,-0.717982,0.0150702,0.993463,-2.243,0.519059,2.4605,0.651405
479487,1,-0.717983,0.0150736,0.993461,-2.243,0.519056,2.4605,0.651403
479487,1,-0.717982,0.0150741,0.993453,-2.243,0.519059,2.4605,0.651402
479487,1,-0.717984,0.0150704,0.993459,-2.243,0.519056,2.4605,0.651407
479487,1,-0.717984,0.0150741,0.993463,-2.243,0.519055,2.4605,0.651404
479487,1,-0.717985,0.0150702,0.993461,-2.243,0.519059,2.4605,0.65141
479487,1,-0.717984,0.0150705,0.993463,-2.243,0.519061,2.4605,0.651406
479487,1,-0.717987,0.0150713,0.993459,-2.243,0.519056,2.4605,0.651402
479487,1,-0.717984,0.0150743,0.993456,-2.243,0.519056,2.4605,0.651403
479487,1,-0.717982,0.0150723,0.993462,-2.243,0.519061,2.4605,0.651404
479487,1,-0.717982,0.0150719,0.993459,-2.243,0.519056,2.4605,0.651398
479487,1,-0.717984,0.0150733,0.993465,-2.243,0.519059,2.4605,0.651401
479487,1,-0.717982,0.0150732,0.993463,-2.243,0.51906,2.4605,0.651403
479487,1,-0.71798,0.0150695,0.993461,-2.243,0.519056,2.4605,0.651404
479487,1,-0.71798,0.015074,0.993468,-2.243,0.519058,2.4605,0.651405
479487,1,-0.717982,0.0150743,0.993461,-2.243,0.519055,2.4605,0.651403
479487,1,-0.717982,0.0150704,0.993461,-2.243,0.519059,2.4605,0.651407
479487,1,-0.717985,0.0150726,0.993458,-2.243,0.519055,2.4605,0.651403
479487,1,-0.717984,0.0150744,0.993461,-2.243,0.519056,2.4605,0.651406
479487,1,-0.717984,0.0150698,0.993461,-2.243,0.519057,2.4605,0.651406
479487,1,-0.717985,0.0150758,0.993463,-2.24299,0.51906,2.4605,0.651408
479487,1,-0.717982,0.0150726,0.993461,-2.24299,0.519055,2.4605,0.65141
479487,1,-0.717983,0.0150702,0.993459,-2.243,0.519059,2.4605,0.651406
479487,1,-0.717982,0.0150713,0.993459,-2.243,0.51906,2.4605,0.651409
479487,1,-0.717983,0.015073,0.993462,-2.243,0.519058,2.4605,0.651408
479487,1,-0.717985,0.0150732,0.993461,-2.243,0.519057,2.4605,0.651404
479487,1,-0.717987,0.0150773,0.993458,-2.243,0.519059,2.4605,0.651402
479487,1,-0.717982,0.015074,0.993461,-2.243,0.51906,2.4605,0.651407
479487,1,-0.717982,0.0150727,0.993459,-2.24299,0.51906,2.4605,0.6514
479487,1,-0.717982,0.0150739,0.993458,-2.243,0.51906,2.4605,0.651409
479487,1,-0.717984,0.0150733,0.993461,-2.243,0.519056,2.4605,0.651403
479487,1,-0.717986,0.0150761,0.993459,-2.243,0.519056,2.4605,0.6514
479487,1,-0.71798,0.0150741,0.993461,-2.243,0.51906,2.4605,0.65141
479487,1,-0.717982,0.0150707,0.993459,-2.24299,0.519056,2.4605,0.651399
479487,1,-0.717984,0.0150756,0.993463,-2.24299,0.519058,2.4605,0.651409
479487,1,-0.71798,0.0150734,0.993461,-2.243,0.519055,2.4605,0.651403
479487,1,-0.717985,0.0150715,0.993455,-2.243,0.51906,2.4605,0.651405
479487,1,-0.717984,0.0150743,0.993465,-2.243,0.519058,2.4605,0.651404
479487,1,-0.717981,0.0150734,0.993461,-2.243,0.519057,2.4605,0.651402
479487,1,-0.717974,0.0150702,0.993461,-2.243,0.51906,2.4605,0.651403
479487,1,-0.717987,0.0150732,0.993459,-2.24299,0.519057,2.4605,0.651402
479487,1,-0.717984,0.015076,0.993464,-2.243,0.519059,2.4605,0.65141
479487,1,-0.717984,0.015066,0.993461,-2.243,0.519056,2.4605,0.651402
479487,1,-0.717984,0.0150681,0.993461,-2.243,0.519056,2.4605,0.651401
479487,1,-0.717982,0.0150705,0.993459,-2.243,0.519057,2.4605,0.651406
479488,1,-0.717982,0.0150758,0.993459,-2.24299,0.519057,2.4605,0.651405
479488,1,-0.717984,0.0150752,0.993461,-2.243,0.51906,2.4605,0.65141
479488,1,-0.717982,0.0150724,0.993459,-2.243,0.519061,2.4605,0.651404
479488,1,-0.71798,0.0150715,0.993463,-2.24299,0.519057,2.4605,0.651406
479488,1,-0.717984,0.0150717,0.993461,-2.24299,0.519062,2.4605,0.651412
479488,1,-0.717982,0.0150704,0.993457,-2.24299,0.519055,2.4605,0.651404
479488,1,-0.717982,0.0150685,0.993462,-2.243,0.519058,2.4605,0.651407
479488,1,-0.717982,0.0150736,0.993463,-2.243,0.519059,2.4605,0.651411
479488,1,-0.71798,0.0150717,0.99346,-2.243,0.51906,2.4605,0.651404
479488,1,-0.717985,0.0150759,0.993459,-2.24299,0.519059,2.4605,0.651409
479488,1,-0.717983,0.0150722,0.993455,-2.243,0.519056,2.4605,0.651405
479488,1,-0.717982,0.0150715,0.993459,-2.243,0.519056,2.4605,0.651407
479488,1,-0.717982,0.0150719,0.993459,-2.24299,0.519057,2.4605,0.651402
479488,1,-0.717984,0.0150715,0.993461,-2.243,0.519055,2.4605,0.651409
479488,1,-0.71798,0.0150723,0.993459,-2.243,0.51906,2.4605,0.651407
479488,1,-0.71798,0.0150719,0.993459,-2.243,0.519061,2.4605,0.651407
479488,1,-0.717987,0.0150722,0.993461,-2.243,0.51906,2.4605,0.651408
479488,1,-0.717983,0.0150741,0.993461,-2.243,0.519055,2.4605,0.651411
479488,1,-0.717983,0.0150744,0.99346,-2.243,0.519059,2.4605,0.651406
479488,1,-0.717983,0.0150696,0.993463,-2.24299,0.519059,2.4605,0.651404
479488,1,-0.717984,0.015076,0.993463,-2.243,0.51906,2.4605,0.651409
479488,1,-0.717985,0.0150702,0.993461,-2.24299,0.519059,2.4605,0.651406
479488,1,-0.717982,0.0150773,0.993461,-2.24299,0.519056,2.4605,0.651407
479488,1,-0.71798,0.0150713,0.993459,-2.243,0.51906,2.4605,0.651407
479488,1,-0.717982,0.0150721,0.993459,-2.243,0.519054,2.4605,0.651406
479488,1,-0.717984,0.0150696,0.993459,-2.243,0.519058,2.4605,0.651406
479488,1,-0.717982,0.0150702,0.993459,-2.243,0.519057,2.4605,0.651407
479488,1,-0.717985,0.0150715,0.993463,-2.243,0.519054,2.4605,0.651405
479488,1,-0.717985,0.0150695,0.993457,-2.24299,0.519059,2.4605,0.651407
479488,1,-0.717985,0.0150713,0.993458,-2.24299,0.519058,2.4605,0.651403
479488,1,-0.717984,0.0150719,0.993457,-2.24299,0.519059,2.4605,0.651409
479488,1,-0.717984,0.0150719,0.993461,-2.243,0.519055,2.4605,0.651402
479488,1,-0.717982,0.0150736,0.993462,-2.243,0.51906,2.4605,0.651405
479488,1,-0.71798,0.0150729,0.99346,-2.243,0.519059,2.4605,0.651407
479488,1,-0.717982,0.0150717,0.993457,-2.243,0.519056,2.4605,0.651401
479488,1,-0.71798,0.0150759,0.993455,-2.243,0.519057,2.4605,0.651403
479488,1,-0.717981,0.0150713,0.993463,-2.243,0.519057,2.4605,0.651398
479488,1,-0.717981,0.0150732,0.993461,-2.243,0.519059,2.4605,0.651407
479488,1,-0.71798,0.0150698,0.993461,-2.243,0.519057,2.4605,0.651404
479488,1,-0.717984,0.0150705,0.993461,-2.24299,0.51906,2.4605,0.651406
479488,1,-0.717985,0.0150698,0.993461,-2.243,0.519057,2.4605,0.651406
479488,1,-0.717984,0.0150737,0.993459,-2.243,0.519057,2.4605,0.651407
479488,1,-0.717983,0.0150698,0.993459,-2.243,0.519058,2.4605,0.65141
479488,1,-0.717982,0.0150724,0.993459,-2.243,0.519056,2.4605,0.651402
479488,1,-0.717982,0.0150703,0.993457,-2.243,0.519059,2.4605,0.651407
479488,1,-0.717987,0.0150719,0.993459,-2.24299,0.51906,2.4605,0.651405
479488,1,-0.717981,0.0150743,0.993461,-2.243,0.519059,2.46051,0.651402
479488,1,-0.717982,0.0150797,0.993459,-2.243,0.519057,2.4605,0.651402
479488,1,-0.717982,0.0150697,0.993459,-2.243,0.519057,2.4605,0.651403
479488,1,-0.717984,0.0150719,0.993459,-2.243,0.519059,2.4605,0.651402
479488,1,-0.717986,0.0150721,0.993458,-2.243,0.519056,2.4605,0.651401
479488,1,-0.717982,0.0150696,0.993462,-2.243,0.519058,2.4605,0.6514
479488,1,-0.717985,0.0150726,0.993461,-2.243,0.519054,2.4605,0.651404
479488,1,-0.717982,0.0150737,0.993461,-2.24299,0.519061,2.4605,0.6514
479488,1,-0.717982,0.0150698,0.993464,-2.243,0.51906,2.4605,0.651408
479488,1,-0.717982,0.0150713,0.993461,-2.243,0.519057,2.4605,0.651406
479488,1,-0.717984,0.0150737,0.993459,-2.243,0.519057,2.4605,0.651404
479488,1,-0.717982,0.015072,0.993459,-2.24299,0.519057,2.4605,0.651405
479488,1,-0.717982,0.0150707,0.993459,-2.243,0.519059,2.4605,0.651405
479488,1,-0.717984,0.0150737,0.993458,-2.243,0.519056,2.4605,0.65141
479488,1,-0.717985,0.0150734,0.993459,-2.243,0.519058,2.4605,0.65141
479488,1,-0.717985,0.0150722,0.993459,-2.243,0.519058,2.4605,0.651409
479488,1,-0.717984,0.0150702,0.993461,-2.243,0.519059,2.4605,0.651404
479488,1,-0.717982,0.0150761,0.993458,-2.243,0.519056,2.4605,0.65141
479488,1,-0.717985,0.0150698,0.993461,-2.243,0.519053,2.4605,0.65141
479488,1,-0.717984,0.0150753,0.993463,-2.243,0.519055,2.4605,0.651402
479488,1,-0.717982,0.0150704,0.993459,-2.243,0.519057,2.4605,0.651407
479488,1,-0.717983,0.0150726,0.993461,-2.243,0.519056,2.4605,0.651402
479488,1,-0.71798,0.0150713,0.993461,-2.24299,0.519054,2.4605,0.651402
479488,1,-0.717982,0.0150684,0.993463,-2.243,0.519059,2.4605,0.651403
479488,1,-0.717978,0.015072,0.993459,-2.243,0.519056,2.4605,0.651403
479488,1,-0.717982,0.0150704,0.993461,-2.24299,0.519057,2.4605,0.651402
479488,1,-0.717984,0.0150716,0.993461,-2.243,0.519058,2.4605,0.651401
479488,1,-0.717978,0.0150699,0.993459,-2.243,0.519059,2.4605,0.651404
479488,1,-0.717982,0.0150696,0.993461,-2.243,0.51906,2.4605,0.651408
479488,1,-0.717985,0.0150743,0.993459,-2.243,0.519056,2.4605,0.651407
479488,1,-0.717984,0.0150715,0.993464,-2.243,0.519058,2.4605,0.651402
479488,1,-0.717983,0.0150696,0.993459,-2.243,0.519057,2.4605,0.651403
479488,1,-0.717983,0.0150752,0.993463,-2.243,0.519056,2.4605,0.651404
479488,1,-0.717982,0.015074,0.993461,-2.243,0.519057,2.4605,0.651403
479488,1,-0.717985,0.0150741,0.993462,-2.243,0.519057,2.4605,0.651407
479488,1,-0.717984,0.015078,0.993459,-2.243,0.519059,2.4605,0.651399
479488,1,-0.717989,0.0150705,0.99346,-2.243,0.519057,2.4605,0.651408
479488,1,-0.717988,0.01507,0.99346,-2.24299,0.519061,2.4605,0.651401
479488,1,-0.717984,0.0150712,0.993461,-2.243,0.519061,2.4605,0.651409
479488,1,-0.717984,0.0150718,0.993459,-2.243,0.519055,2.4605,0.651404
479488,1,-0.717982,0.0150695,0.993463,-2.243,0.519056,2.4605,0.651407
479488,1,-0.717985,0.0150684,0.993461,-2.24299,0.519061,2.4605,0.651409
479488,1,-0.717984,0.0150684,0.993464,-2.243,0.519055,2.4605,0.651408
479488,1,-0.717985,0.0150704,0.993461,-2.243,0.51906,2.4605,0.65141
479488,1,-0.717984,0.0150715,0.993464,-2.243,0.519055,2.4605,0.651408
479488,1,-0.717986,0.0150697,0.993463,-2.24299,0.51906,2.4605,0.651406
479488,1,-0.71798,0.0150753,0.993462,-2.243,0.519061,2.4605,0.651408
479488,1,-0.717985,0.0150729,0.993461,-2.243,0.519054,2.4605,0.651409
479488,1,-0.717984,0.0150697,0.993457,-2.243,0.519056,2.4605,0.651407
479488,1,-0.717984,0.0150712,0.993457,-2.243,0.519057,2.4605,0.651407
479488,1,-0.717982,0.0150754,0.993457,-2.243,0.519056,2.4605,0.651407
479488,1,-0.717984,0.0150754,0.993459,-2.243,0.51906,2.4605,0.651407
479488,1,-0.717985,0.0150703,0.993464,-2.243,0.51906,2.4605,0.651407
479488,1,-0.717983,0.0150736,0.993461,-2.243,0.519057,2.4605,0.65141
479488,1,-0.717982,0.0150714,0.99346,-2.24299,0.519055,2.4605,0.651406
479488,1,-0.717982,0.0150719,0.993463,-2.24299,0.519058,2.4605,0.651407
479488,1,-0.717982,0.015076,0.993466,-2.243,0.519056,2.4605,0.651407
479488,1,-0.717984,0.0150741,0.993459,-2.243,0.519059,2.4605,0.651409
479488,1,-0.717982,0.0150705,0.993463,-2.243,0.519055,2.4605,0.651407
479488,1,-0.717984,0.0150739,0.993456,-2.243,0.519059,2.4605,0.651409
479488,1,-0.717987,0.0150685,0.993459,-2.243,0.519057,2.4605,0.651409
479488,1,-0.717979,0.0150712,0.993457,-2.243,0.519057,2.4605,0.651406
479488,1,-0.717982,0.0150698,0.993461,-2.243,0.519059,2.4605,0.651408
479488,1,-0.717982,0.0150719,0.993461,-2.243,0.51906,2.4605,0.651408
479488,1,-0.717985,0.0150713,0.993461,-2.243,0.519057,2.4605,0.651406
479488,1,-0.717982,0.0150744,0.993459,-2.243,0.519059,2.4605,0.651408
479488,1,-0.717978,0.0150712,0.993463,-2.243,0.519056,2.4605,0.65141
479488,1,-0.717985,0.0150676,0.993461,-2.243,0.519056,2.4605,0.651406
479488,1,-0.717984,0.0150733,0.993457,-2.24299,0.519055,2.4605,0.651408
479488,1,-0.717978,0.0150741,0.993459,-2.243,0.519061,2.4605,0.651402
479488,1,-0.717984,0.0150717,0.993461,-2.243,0.519061,2.4605,0.651406
479488,1,-0.717985,0.0150724,0.993459,-2.243,0.519059,2.4605,0.651409
479488,1,-0.717982,0.0150703,0.993461,-2.24299,0.519055,2.4605,0.651406
479488,1,-0.717985,0.0150759,0.993459,-2.243,0.519056,2.4605,0.651402
479488,1,-0.717986,0.0150739,0.993459,-2.24299,0.519059,2.4605,0.651401
479488,1,-0.717984,0.0150726,0.993461,-2.24299,0.519059,2.4605,0.651403
479488,1,-0.717982,0.0150739,0.993459,-2.243,0.519058,2.4605,0.651401
479488,1,-0.717984,0.015072,0.99346,-2.243,0.519055,2.4605,0.651402
479488,1,-0.71798,0.0150696,0.993465,-2.24299,0.519056,2.4605,0.651402
479488,1,-0.717978,0.0150736,0.993461,-2.243,0.519056,2.4605,0.651404
479488,1,-0.717985,0.0150812,0.993459,-2.243,0.519059,2.4605,0.651402
479488,1,-0.717983,0.0150712,0.993461,-2.243,0.519061,2.4605,0.651406
479488,1,-0.717986,0.0150719,0.993457,-2.243,0.51906,2.4605,0.651403
479488,1,-0.717984,0.0150734,0.993462,-2.243,0.519057,2.4605,0.651409
479488,1,-0.717982,0.0150744,0.993461,-2.24299,0.519059,2.4605,0.651407
479488,1,-0.717982,0.0150717,0.993461,-2.243,0.519056,2.4605,0.651407
479488,1,-0.717982,0.0150719,0.993457,-2.243,0.519059,2.4605,0.651406
479488,1,-0.717984,0.0150726,0.993463,-2.243,0.519056,2.4605,0.651406
479488,1,-0.717982,0.0150736,0.993459,-2.243,0.51906,2.4605,0.651405
479488,1,-0.717982,0.0150706,0.993459,-2.243,0.519059,2.4605,0.651409
479488,1,-0.717984,0.0150719,0.993459,-2.243,0.519056,2.4605,0.651411
479488,1,-0.717984,0.0150741,0.993461,-2.243,0.519056,2.4605,0.651408
479488,1,-0.717981,0.0150744,0.993459,-2.243,0.519061,2.4605,0.6514
479488,1,-0.717982,0.0150698,0.993462,-2.243,0.519057,2.4605,0.651409
479488,1,-0.717982,0.0150684,0.993463,-2.243,0.519062,2.4605,0.651405
479488,1,-0.71798,0.0150714,0.993462,-2.243,0.51906,2.4605,0.65141
479488,1,-0.717982,0.0150678,0.993463,-2.24299,0.519062,2.4605,0.651408
479488,1,-0.717982,0.0150741,0.993461,-2.243,0.519061,2.4605,0.6514
479488,1,-0.717982,0.0150703,0.993461,-2.243,0.519056,2.4605,0.651408
479488,1,-0.71798,0.0150721,0.993459,-2.243,0.519056,2.4605,0.651404
479488,1,-0.717982,0.0150753,0.993459,-2.243,0.519055,2.4605,0.651402
479488,1,-0.717982,0.0150721,0.993461,-2.243,0.519058,2.4605,0.651407
479488,1,-0.717984,0.0150734,0.993463,-2.243,0.51906,2.4605,0.651402
479488,1,-0.717982,0.0150696,0.993459,-2.243,0.519055,2.4605,0.651398
479488,1,-0.717985,0.0150732,0.993463,-2.243,0.519056,2.4605,0.651403
479488,1,-0.717982,0.0150715,0.993461,-2.243,0.519056,2.4605,0.651401
479488,1,-0.717982,0.0150719,0.993459,-2.243,0.51906,2.4605,0.651402
479488,1,-0.717984,0.0150705,0.993459,-2.24299,0.519061,2.4605,0.651406
479488,1,-0.717984,0.0150732,0.993461,-2.243,0.519057,2.4605,0.651404
479488,1,-0.717982,0.0150696,0.993462,-2.243,0.519055,2.4605,0.651408
479488,1,-0.717983,0.0150704,0.993461,-2.243,0.519059,2.4605,0.651402
479488,1,-0.717982,0.0150722,0.993461,-2.243,0.519057,2.4605,0.65141
479488,1,-0.717982,0.0150724,0.993463,-2.243,0.519059,2.4605,0.651402
479488,1,-0.717982,0.0150753,0.993459,-2.243,0.519057,2.4605,0.651402
479488,1,-0.717985,0.0150719,0.99346,-2.243,0.519057,2.4605,0.651403
479488,1,-0.717985,0.0150678,0.993455,-2.243,0.519057,2.4605,0.651407
479488,1,-0.717982,0.0150702,0.993459,-2.243,0.519056,2.4605,0.651404
479488,1,-0.717982,0.015072,0.993464,-2.243,0.51906,2.4605,0.651401
479488,1,-0.717982,0.015076,0.993463,-2.243,0.519056,2.4605,0.651404
479488,1,-0.71798,0.0150658,0.993461,-2.243,0.519056,2.4605,0.651406
479488,1,-0.717984,0.0150722,0.993463,-2.243,0.519057,2.4605,0.651402
479488,1,-0.717984,0.0150713,0.993463,-2.243,0.519059,2.4605,0.651404
479488,1,-0.717979,0.0150695,0.993461,-2.243,0.51906,2.4605,0.651405
479488,1,-0.717982,0.0150723,0.993459,-2.243,0.519056,2.46051,0.651406
479488,1,-0.717982,0.0150753,0.993463,-2.243,0.519056,2.4605,0.651407
479488,1,-0.717985,0.0150771,0.993457,-2.243,0.51906,2.4605,0.651409
479488,1,-0.717982,0.0150753,0.993461,-2.243,0.519056,2.4605,0.651409
479488,1,-0.717982,0.0150683,0.993459,-2.24299,0.519058,2.4605,0.651403
479488,1,-0.717985,0.0150705,0.99346,-2.243,0.519057,2.4605,0.651407
479488,1,-0.717985,0.0150704,0.993459,-2.243,0.519058,2.4605,0.651406
479488,1,-0.717984,0.0150753,0.993461,-2.243,0.519058,2.4605,0.651406
479488,1,-0.717978,0.0150717,0.993462,-2.243,0.519055,2.4605,0.651411
479488,1,-0.717988,0.0150727,0.993457,-2.243,0.519057,2.4605,0.651409
479488,1,-0.71798,0.0150726,0.993457,-2.243,0.519056,2.4605,0.651402
479488,1,-0.717984,0.0150729,0.993465,-2.243,0.519059,2.4605,0.651411
479488,1,-0.717984,0.0150741,0.993459,-2.243,0.51906,2.4605,0.651405
479488,1,-0.717984,0.0150736,0.993459,-2.243,0.519056,2.4605,0.651409
479488,1,-0.717982,0.0150695,0.993457,-2.243,0.519056,2.46051,0.6514
479488,1,-0.717984,0.015076,0.993459,-2.243,0.519057,2.4605,0.651403
479488,1,-0.717982,0.0150743,0.993463,-2.243,0.519059,2.4605,0.6514
479488,1,-0.717984,0.015074,0.993461,-2.243,0.519059,2.4605,0.651404
479488,1,-0.717983,0.0150698,0.99346,-2.243,0.519059,2.4605,0.651398
479488,1,-0.71798,0.0150704,0.993464,-2.243,0.519061,2.4605,0.651402
479488,1,-0.717986,0.0150696,0.993461,-2.243,0.519057,2.4605,0.651401
479488,1,-0.717984,0.0150704,0.993461,-2.243,0.519057,2.4605,0.651402
479488,1,-0.717982,0.0150734,0.993455,-2.243,0.519054,2.4605,0.651401
479488,1,-0.717984,0.0150697,0.993457,-2.243,0.519056,2.4605,0.651404
479488,1,-0.717984,0.0150666,0.993461,-2.243,0.519059,2.4605,0.651402
479488,1,-0.717982,0.0150702,0.993461,-2.24299,0.519056,2.4605,0.651404
479488,1,-0.717985,0.0150758,0.993461,-2.243,0.519057,2.4605,0.651406
479488,1,-0.717981,0.0150729,0.993461,-2.24299,0.51906,2.4605,0.6514
479488,1,-0.717982,0.0150734,0.993461,-2.243,0.519057,2.4605,0.65141
479488,1,-0.717983,0.015072,0.993459,-2.243,0.519056,2.4605,0.651402
479488,1,-0.717984,0.0150726,0.993461,-2.24299,0.519059,2.4605,0.651406
479489,1,-0.717983,0.0150713,0.993459,-2.243,0.519059,2.4605,0.651403
479489,1,-0.717985,0.0150698,0.993459,-2.243,0.519056,2.4605,0.651403
479489,1,-0.717982,0.0150734,0.993463,-2.243,0.519055,2.4605,0.651402
479489,1,-0.717982,0.0150698,0.993462,-2.243,0.519059,2.4605,0.651399
479489,1,-0.717984,0.0150718,0.993463,-2.24299,0.519058,2.4605,0.651404
479489,1,-0.717982,0.015074,0.993461,-2.24299,0.51906,2.4605,0.651405
479489,1,-0.717985,0.0150715,0.99346,-2.243,0.519056,2.4605,0.651409
479489,1,-0.717981,0.0150699,0.993457,-2.243,0.519056,2.4605,0.65141
479489,1,-0.717982,0.0150702,0.993459,-2.243,0.519061,2.4605,0.651404
479489,1,-0.717985,0.0150683,0.993461,-2.243,0.519056,2.4605,0.651408
479489,1,-0.717982,0.0150702,0.993465,-2.243,0.519057,2.4605,0.651408
479489,1,-0.717985,0.0150709,0.993458,-2.243,0.519056,2.4605,0.651404
479489,1,-0.71798,0.0150719,0.993459,-2.243,0.519059,2.4605,0.651409
479489,1,-0.717984,0.0150704,0.993461,-2.243,0.519061,2.4605,0.651408
479489,1,-0.71798,0.0150776,0.993459,-2.24299,0.519059,2.4605,0.65141
479489,1,-0.717982,0.0150771,0.993459,-2.24299,0.51906,2.4605,0.651406
479489,1,-0.717985,0.0150715,0.993464,-2.243,0.519058,2.4605,0.651408
479489,1,-0.717984,0.0150729,0.993459,-2.243,0.519057,2.4605,0.651407
479489,1,-0.717985,0.0150722,0.993461,-2.243,0.519059,2.4605,0.651406
479489,1,-0.71798,0.0150737,0.993463,-2.243,0.51906,2.4605,0.651402
479489,1,-0.717982,0.0150677,0.993463,-2.24299,0.519058,2.4605,0.651406
479489,1,-0.717985,0.0150719,0.99346,-2.243,0.51906,2.4605,0.651404
479489,1,-0.717982,0.0150716,0.993461,-2.243,0.519062,2.4605,0.6514
479489,1,-0.717985,0.0150724,0.993459,-2.24299,0.519059,2.4605,0.651407
479489,1,-0.717979,0.0150676,0.993459,-2.243,0.519059,2.4605,0.651402
479489,1,-0.717982,0.0150668,0.993462,-2.24299,0.519056,2.4605,0.651406
479489,1,-0.717982,0.0150677,0.993462,-2.24299,0.519057,2.4605,0.651408
479489,1,-0.717984,0.0150702,0.993459,-2.243,0.519059,2.4605,0.651405
479489,1,-0.717982,0.0150696,0.993459,-2.243,0.519059,2.4605,0.651407
479489,1,-0.717982,0.0150677,0.993459,-2.243,0.519056,2.4605,0.651413
479489,1,-0.717984,0.0150718,0.993459,-2.243,0.519059,2.4605,0.651409
479489,1,-0.717982,0.0150689,0.993457,-2.243,0.519057,2.4605,0.651408
479489,1,-0.717985,0.0150698,0.993463,-2.24299,0.519057,2.4605,0.651407
479489,1,-0.717985,0.0150733,0.993459,-2.243,0.51906,2.4605,0.651409
479489,1,-0.717985,0.0150753,0.993457,-2.243,0.519059,2.4605,0.651407
479489,1,-0.71798,0.0150723,0.993461,-2.243,0.519061,2.4605,0.651403
479489,1,-0.717984,0.015072,0.993459,-2.243,0.519057,2.4605,0.651407
479489,1,-0.717984,0.0150743,0.993462,-2.243,0.51906,2.4605,0.651401
479489,1,-0.717982,0.0150737,0.993461,-2.243,0.51906,2.4605,0.651407
479489,1,-0.717986,0.0150743,0.993459,-2.243,0.519056,2.4605,0.651405
479489,1,-0.717984,0.0150685,0.993462,-2.243,0.519058,2.4605,0.6514
479489,1,-0.717982,0.0150743,0.993459,-2.243,0.519056,2.4605,0.651402
479489,1,-0.717987,0.0150704,0.993457,-2.243,0.51906,2.4605,0.651402
479489,1,-0.717984,0.0150698,0.993459,-2.24299,0.519056,2.4605,0.6514
479489,1,-0.717982,0.0150705,0.993459,-2.243,0.519056,2.4605,0.651404
479489,1,-0.717982,0.0150743,0.993459,-2.243,0.519056,2.4605,0.651405
479489,1,-0.717983,0.0150715,0.993461,-2.24299,0.519056,2.4605,0.651399
479489,1,-0.717982,0.015072,0.993459,-2.243,0.519059,2.4605,0.651407
479489,1,-0.717986,0.015073,0.993463,-2.243,0.519059,2.4605,0.651406
479489,1,-0.717983,0.0150751,0.993461,-2.243,0.51906,2.4605,0.651409
479489,1,-0.717984,0.0150789,0.993459,-2.24299,0.51906,2.4605,0.651404
479489,1,-0.717984,0.0150761,0.993461,-2.243,0.519057,2.4605,0.65141
479489,1,-0.717985,0.015073,0.993462,-2.243,0.51906,2.4605,0.651407
479489,1,-0.717984,0.0150737,0.993465,-2.243,0.51906,2.4605,0.651407
479489,1,-0.717984,0.0150697,0.993461,-2.243,0.519061,2.4605,0.651408
479489,1,-0.717982,0.0150761,0.993462,-2.243,0.51906,2.4605,0.651404
479489,1,-0.717982,0.0150685,0.993459,-2.243,0.519054,2.4605,0.651409
479489,1,-0.717984,0.0150698,0.993459,-2.243,0.519058,2.4605,0.651406
479489,1,-0.717984,0.0150696,0.993463,-2.243,0.51906,2.4605,0.651411
479489,1,-0.717984,0.0150696,0.993455,-2.243,0.519059,2.4605,0.651409
479489,1,-0.717982,0.0150695,0.993461,-2.24299,0.519056,2.4605,0.651405
479489,1,-0.717982,0.0150741,0.993457,-2.243,0.519057,2.4605,0.651407
479489,1,-0.717984,0.0150698,0.993459,-2.243,0.519056,2.4605,0.651405
479489,1,-0.717984,0.0150705,0.99346,-2.243,0.519056,2.4605,0.651409
479489,1,-0.717985,0.0150695,0.993459,-2.243,0.519055,2.4605,0.651405
479489,1,-0.717984,0.0150737,0.993457,-2.243,0.519059,2.4605,0.651406
479489,1,-0.717984,0.0150719,0.993457,-2.243,0.519059,2.4605,0.651403
479489,1,-0.717986,0.0150734,0.993463,-2.243,0.519056,2.4605,0.651406
479489,1,-0.717984,0.015072,0.993459,-2.243,0.519059,2.4605,0.651401
479489,1,-0.717984,0.0150744,0.993461,-2.243,0.519058,2.4605,0.651405
479489,1,-0.717984,0.0150696,0.993458,-2.243,0.519056,2.4605,0.651402
479489,1,-0.717984,0.0150733,0.993462,-2.243,0.519061,2.4605,0.651407
479489,1,-0.717982,0.0150739,0.993459,-2.243,0.519058,2.4605,0.651403
479489,1,-0.717984,0.0150683,0.993459,-2.243,0.519059,2.4605,0.651403
479489,1,-0.717984,0.0150733,0.993458,-2.24299,0.519055,2.4605,0.651405
479489,1,-0.717984,0.0150734,0.993459,-2.243,0.519059,2.4605,0.651406
479489,1,-0.717982,0.0150705,0.993459,-2.243,0.519061,2.4605,0.651408
479489,1,-0.717984,0.015076,0.993462,-2.243,0.519056,2.4605,0.651408
479489,1,-0.717982,0.0150737,0.993459,-2.243,0.519055,2.4605,0.6514
479489,1,-0.717983,0.015073,0.993461,-2.24299,0.519059,2.4605,0.651407
479489,1,-0.717984,0.0150717,0.993465,-2.243,0.51906,2.4605,0.651403
479489,1,-0.717982,0.0150714,0.993459,-2.243,0.519062,2.4605,0.651408
479489,1,-0.71799,0.0150718,0.993459,-2.243,0.519061,2.4605,0.651406
479489,1,-0.717982,0.0150719,0.993458,-2.243,0.519055,2.4605,0.651403
479489,1,-0.717982,0.0150703,0.993457,-2.243,0.519055,2.4605,0.651405
479489,1,-0.717982,0.0150719,0.993463,-2.243,0.519061,2.4605,0.651402
479489,1,-0.717984,0.0150722,0.993459,-2.243,0.519055,2.4605,0.651411
479489,1,-0.717984,0.0150729,0.993457,-2.243,0.519056,2.4605,0.651407
479489,1,-0.717982,0.0150736,0.993459,-2.243,0.519058,2.4605,0.651406
479489,1,-0.717982,0.0150715,0.99346,-2.243,0.51906,2.4605,0.651408
479489,1,-0.717984,0.0150686,0.993457,-2.243,0.519059,2.4605,0.651409
479489,1,-0.717983,0.0150695,0.993462,-2.243,0.519058,2.4605,0.651406
479489,1,-0.717984,0.0150751,0.993462,-2.243,0.519059,2.4605,0.651404
479489,1,-0.717982,0.0150743,0.993459,-2.243,0.519058,2.4605,0.651407
479489,1,-0.717982,0.0150758,0.993461,-2.243,0.519058,2.4605,0.651403
479489,1,-0.717984,0.0150715,0.993459,-2.243,0.519056,2.4605,0.651406
479489,1,-0.717984,0.0150732,0.993455,-2.243,0.519055,2.4605,0.651401
479489,1,-0.717984,0.0150696,0.993455,-2.243,0.519059,2.4605,0.651406
479489,1,-0.717984,0.0150719,0.993459,-2.243,0.51906,2.4605,0.651399
479489,1,-0.717984,0.0150737,0.993458,-2.243,0.519058,2.4605,0.651401
479489,1,-0.717982,0.0150741,0.993457,-2.24299,0.519059,2.4605,0.651402
479489,1,-0.717982,0.0150734,0.993459,-2.243,0.51906,2.4605,0.651402
479489,1,-0.717984,0.0150721,0.993459,-2.243,0.519059,2.4605,0.651404
479489,1,-0.717982,0.0150724,0.993459,-2.243,0.519056,2.4605,0.651404
479489,1,-0.717982,0.0150744,0.993462,-2.24299,0.519059,2.4605,0.651408
479489,1,-0.717982,0.0150757,0.993463,-2.243,0.519059,2.4605,0.651407
479489,1,-0.717982,0.0150705,0.993457,-2.243,0.519058,2.4605,0.651402
479489,1,-0.717982,0.0150697,0.993459,-2.24299,0.519056,2.4605,0.65141
479489,1,-0.717984,0.0150702,0.993459,-2.24299,0.519055,2.4605,0.651404
479489,1,-0.717984,0.0150685,0.993464,-2.243,0.519059,2.4605,0.651407
479489,1,-0.717984,0.0150703,0.993455,-2.243,0.51906,2.4605,0.651407
479489,1,-0.717985,0.0150733,0.993459,-2.24299,0.519055,2.4605,0.651405
479489,1,-0.71798,0.015072,0.99346,-2.243,0.519057,2.4605,0.65141
479489,1,-0.717982,0.0150705,0.993459,-2.243,0.519061,2.4605,0.651407
479489,1,-0.717984,0.0150731,0.993465,-2.243,0.519058,2.4605,0.651408
479489,1,-0.717984,0.0150719,0.993461,-2.243,0.51906,2.4605,0.651405
479489,1,-0.71798,0.015075,0.993465,-2.243,0.519057,2.4605,0.651402
479489,1,-0.717982,0.0150729,0.993463,-2.243,0.519056,2.4605,0.651406
479489,1,-0.717983,0.0150698,0.993462,-2.243,0.519056,2.4605,0.651402
479489,1,-0.717985,0.0150729,0.993461,-2.24299,0.519056,2.4605,0.651404
479489,1,-0.717985,0.0150719,0.99346,-2.243,0.51906,2.4605,0.651402
479489,1,-0.717984,0.0150705,0.993458,-2.243,0.519058,2.4605,0.651407
479489,1,-0.717985,0.0150752,0.993461,-2.24299,0.519056,2.4605,0.651408
479489,1,-0.717984,0.0150737,0.993459,-2.243,0.519057,2.4605,0.651402
479489,1,-0.717984,0.0150694,0.99346,-2.243,0.519059,2.4605,0.651406
479489,1,-0.717984,0.0150776,0.993461,-2.243,0.519056,2.4605,0.651408
479489,1,-0.717984,0.0150734,0.993457,-2.24299,0.519056,2.4605,0.651403
479489,1,-0.717984,0.0150675,0.993461,-2.243,0.519056,2.4605,0.651405
479489,1,-0.717986,0.0150751,0.993459,-2.243,0.51906,2.4605,0.651406
479489,1,-0.717984,0.0150702,0.993455,-2.243,0.519059,2.4605,0.651404
479489,1,-0.717984,0.0150715,0.993457,-2.243,0.519057,2.4605,0.651409
479489,1,-0.717985,0.0150744,0.993459,-2.243,0.51906,2.4605,0.651407
479489,1,-0.717984,0.0150719,0.993459,-2.243,0.519059,2.4605,0.651402
479489,1,-0.717985,0.0150723,0.993461,-2.243,0.519056,2.46051,0.651409
479489,1,-0.717983,0.0150696,0.993457,-2.243,0.519056,2.4605,0.651405
479489,1,-0.717982,0.0150744,0.99346,-2.243,0.519058,2.4605,0.6514
479489,1,-0.717981,0.0150704,0.993462,-2.24299,0.519056,2.4605,0.651409
479489,1,-0.717982,0.0150676,0.993463,-2.243,0.519056,2.4605,0.651402
479489,1,-0.717984,0.0150751,0.993461,-2.243,0.51906,2.4605,0.651408
479489,1,-0.71798,0.0150678,0.993461,-2.24299,0.519062,2.4605,0.651402
479489,1,-0.717982,0.0150715,0.993459,-2.243,0.519058,2.4605,0.651401
479489,1,-0.71798,0.0150696,0.993463,-2.243,0.519056,2.4605,0.651401
479489,1,-0.71798,0.0150743,0.993462,-2.243,0.519057,2.4605,0.651407
479489,1,-0.717985,0.0150773,0.993459,-2.243,0.519055,2.4605,0.651402
479489,1,-0.71798,0.0150713,0.993461,-2.243,0.519058,2.4605,0.651408
479489,1,-0.717986,0.0150733,0.993459,-2.243,0.51906,2.4605,0.651404
479489,1,-0.717983,0.0150714,0.993457,-2.24299,0.51906,2.4605,0.6514
479489,1,-0.717986,0.0150698,0.993459,-2.243,0.519056,2.4605,0.651408
479489,1,-0.717985,0.0150771,0.993461,-2.243,0.519056,2.4605,0.651406
479489,1,-0.717985,0.0150758,0.993461,-2.24299,0.519056,2.4605,0.651406
479489,1,-0.717984,0.0150715,0.993462,-2.243,0.519055,2.4605,0.651411
479489,1,-0.717982,0.0150707,0.993461,-2.24299,0.519059,2.4605,0.651406
479489,1,-0.717984,0.015072,0.993462,-2.243,0.519059,2.4605,0.651409
479489,1,-0.717982,0.0150726,0.993459,-2.24299,0.519056,2.4605,0.65141
479489,1,-0.717984,0.0150705,0.993461,-2.243,0.519054,2.4605,0.651407
479489,1,-0.717983,0.0150696,0.993461,-2.24299,0.519059,2.4605,0.651406
479489,1,-0.717983,0.0150684,0.993463,-2.243,0.519059,2.4605,0.651409
479489,1,-0.717982,0.0150738,0.993461,-2.243,0.51906,2.4605,0.651408
479489,1,-0.717982,0.0150744,0.993459,-2.243,0.519056,2.4605,0.651406
479489,1,-0.717984,0.0150767,0.993461,-2.243,0.519057,2.4605,0.651408
479489,1,-0.717986,0.0150743,0.993461,-2.243,0.51906,2.4605,0.651405
479489,1,-0.717981,0.0150737,0.993462,-2.24299,0.519056,2.4605,0.651409
479489,1,-0.717984,0.0150741,0.993461,-2.24299,0.519055,2.4605,0.651406
479489,1,-0.717982,0.0150724,0.993461,-2.243,0.519058,2.4605,0.651407
479489,1,-0.717985,0.0150675,0.993461,-2.243,0.519056,2.4605,0.651408
479489,1,-0.717978,0.0150679,0.993463,-2.243,0.519054,2.4605,0.651403
479489,1,-0.717982,0.0150667,0.993457,-2.24299,0.519059,2.4605,0.651409
479489,1,-0.717989,0.0150679,0.99346,-2.24299,0.519056,2.4605,0.651404
479489,1,-0.717984,0.0150679,0.993459,-2.24299,0.519055,2.4605,0.65141
479489,1,-0.717985,0.0150685,0.993455,-2.243,0.519053,2.4605,0.651408
479489,1,-0.71798,0.0150697,0.993457,-2.24299,0.519057,2.4605,0.651409
479489,1,-0.717984,0.0150649,0.993457,-2.243,0.519056,2.4605,0.651409
479489,1,-0.717984,0.0150726,0.993462,-2.24299,0.519061,2.4605,0.651407
479489,1,-0.717982,0.0150683,0.993462,-2.243,0.51906,2.4605,0.651408
479489,1,-0.717984,0.0150683,0.993464,-2.243,0.51906,2.4605,0.65141
479489,1,-0.717982,0.015072,0.993463,-2.243,0.519061,2.4605,0.651407
479489,1,-0.717978,0.0150719,0.993463,-2.24299,0.519058,2.4605,0.65141
479489,1,-0.717976,0.0150751,0.993457,-2.243,0.51906,2.4605,0.651407
479489,1,-0.717983,0.0150696,0.993461,-2.243,0.519057,2.4605,0.651406
479489,1,-0.717982,0.015072,0.993463,-2.243,0.519059,2.4605,0.651404
479489,1,-0.71798,0.0150712,0.993467,-2.24299,0.51906,2.4605,0.651411
479489,1,-0.717984,0.0150723,0.993456,-2.24299,0.519061,2.4605,0.651405
479489,1,-0.717985,0.0150699,0.993457,-2.243,0.51906,2.4605,0.651408
479489,1,-0.717987,0.0150696,0.993455,-2.24299,0.519056,2.4605,0.651404
479489,1,-0.717984,0.0150659,0.993457,-2.243,0.519061,2.4605,0.651402
479489,1,-0.717985,0.0150703,0.993455,-2.243,0.519057,2.4605,0.651401
479489,1,-0.717988,0.0150698,0.993459,-2.243,0.519059,2.4605,0.6514
479489,1,-0.717985,0.0150716,0.993457,-2.243,0.519056,2.4605,0.651402
479489,1,-0.717982,0.0150695,0.993455,-2.243,0.519058,2.4605,0.651404
479489,1,-0.717985,0.0150718,0.993453,-2.243,0.51906,2.4605,0.651403
479489,1,-0.717984,0.0150722,0.993459,-2.243,0.519055,2.4605,0.651404
479489,1,-0.717983,0.0150677,0.993457,-2.243,0.519058,2.4605,0.651402
479489,1,-0.717982,0.0150741,0.993462,-2.243,0.519057,2.4605,0.651403
479489,1,-0.71798,0.0150774,0.993459,-2.243,0.51906,2.4605,0.651407
479489,1,-0.71798,0.0150769,0.993458,-2.243,0.519056,2.4605,0.651407
479489,1,-0.717984,0.0150749,0.993461,-2.243,0.519055,2.4605,0.651406
479489,1,-0.717982,0.0150737,0.993462,-2.243,0.519056,2.4605,0.651407
479489,1,-0.717985,0.0150715,0.993465,-2.24299,0.519059,2.4605,0.651402
479489,1,-0.717982,0.0150706,0.993461,-2.243,0.519058,2.4605,0.651405
479489,1,-0.717986,0.0150696,0.993456,-2.243,0.519058,2.4605,0.651402
479490,1,-0.717989,0.0150743,0.993458,-2.243,0.519059,2.4605,0.651405
479490,1,-0.717984,0.0150704,0.993455,-2.243,0.519055,2.4605,0.651406
479490,1,-0.717985,0.0150679,0.993459,-2.24299,0.51906,2.4605,0.651408
479490,1,-0.717984,0.0150686,0.993461,-2.243,0.519053,2.4605,0.651408
479490,1,-0.717982,0.0150642,0.993461,-2.243,0.519058,2.4605,0.651412
479490,1,-0.71798,0.015065,0.993457,-2.243,0.519057,2.4605,0.651407
479490,1,-0.717982,0.0150678,0.993461,-2.243,0.519058,2.4605,0.651403
479490,1,-0.717984,0.0150717,0.993463,-2.243,0.519057,2.4605,0.651407
479490,1,-0.717984,0.0150704,0.993462,-2.243,0.519057,2.4605,0.651404
479490,1,-0.717984,0.0150675,0.993459,-2.243,0.519058,2.4605,0.651407
479490,1,-0.717985,0.015076,0.993457,-2.243,0.519056,2.4605,0.651403
479490,1,-0.717985,0.015076,0.993455,-2.243,0.519057,2.4605,0.651406
479490,1,-0.717985,0.0150778,0.993458,-2.243,0.519056,2.4605,0.651403
479490,1,-0.717987,0.0150705,0.993463,-2.243,0.519056,2.4605,0.651407
479490,1,-0.717988,0.015072,0.993459,-2.243,0.519058,2.4605,0.65141
479490,1,-0.717984,0.0150736,0.993459,-2.243,0.519059,2.4605,0.651411
479490,1,-0.717988,0.0150684,0.993455,-2.243,0.519057,2.4605,0.651409
479490,1,-0.717984,0.0150695,0.993459,-2.243,0.519058,2.4605,0.651401
479490,1,-0.717982,0.0150684,0.993459,-2.243,0.519059,2.4605,0.651402
479490,1,-0.717978,0.0150683,0.993467,-2.243,0.519056,2.4605,0.651402
479490,1,-0.71798,0.0150719,0.993463,-2.243,0.519054,2.4605,0.651401
479490,1,-0.717978,0.0150726,0.993459,-2.243,0.519058,2.4605,0.651398
479490,1,-0.717982,0.0150704,0.993461,-2.243,0.519055,2.4605,0.65141
479490,1,-0.71798,0.0150712,0.993463,-2.24299,0.519058,2.4605,0.651405
479490,1,-0.71798,0.0150729,0.993463,-2.243,0.519058,2.4605,0.651406
479490,1,-0.717985,0.0150733,0.993463,-2.24299,0.519058,2.4605,0.6514
479490,1,-0.717985,0.015075,0.993461,-2.243,0.519054,2.4605,0.651406
479490,1,-0.717982,0.0150798,0.993457,-2.243,0.519058,2.4605,0.651405
479490,1,-0.717985,0.0150705,0.993457,-2.243,0.519056,2.4605,0.651404
479490,1,-0.717984,0.0150751,0.993461,-2.24299,0.519055,2.4605,0.651402
479490,1,-0.717987,0.015073,0.993462,-2.243,0.519056,2.4605,0.651408
479490,1,-0.717984,0.0150696,0.993457,-2.24299,0.519053,2.4605,0.651404
479490,1,-0.717984,0.015065,0.993459,-2.24299,0.519056,2.4605,0.651399
479490,1,-0.717984,0.0150582,0.993463,-2.243,0.519054,2.4605,0.651402
479490,1,-0.717982,0.0150641,0.993459,-2.243,0.519055,2.4605,0.6514
479490,1,-0.717984,0.0150641,0.993459,-2.243,0.519055,2.4605,0.651401
479490,1,-0.71798,0.0150682,0.993467,-2.24299,0.519054,2.4605,0.651401
479490,1,-0.717982,0.0150666,0.993463,-2.24299,0.51906,2.4605,0.651399
479490,1,-0.717985,0.0150695,0.993464,-2.243,0.519057,2.4605,0.651406
479490,1,-0.717984,0.015074,0.993467,-2.243,0.519053,2.4605,0.651405
479490,1,-0.717982,0.0150756,0.993464,-2.243,0.519056,2.4605,0.651404
479490,1,-0.717984,0.0150789,0.99346,-2.243,0.519056,2.4605,0.651401
479490,1,-0.717985,0.0150813,0.993457,-2.243,0.519056,2.4605,0.651406
479490,1,-0.717985,0.0150767,0.99346,-2.243,0.519058,2.4605,0.651402
479490,1,-0.717984,0.0150793,0.993457,-2.243,0.519058,2.4605,0.651406
479490,1,-0.717985,0.0150786,0.993457,-2.243,0.519057,2.4605,0.651402
479490,1,-0.717986,0.0150744,0.993457,-2.24299,0.519058,2.4605,0.651411
479490,1,-0.717985,0.0150685,0.993461,-2.243,0.519057,2.4605,0.651402
479490,1,-0.717982,0.0150665,0.993455,-2.24299,0.519051,2.4605,0.651411
479490,1,-0.717984,0.015066,0.993458,-2.243,0.519054,2.4605,0.651408
479490,1,-0.717984,0.0150644,0.993462,-2.243,0.519056,2.4605,0.651407
479490,1,-0.717982,0.015068,0.993464,-2.243,0.519058,2.4605,0.651408
479490,1,-0.717984,0.0150621,0.993461,-2.243,0.519059,2.4605,0.651408
479490,1,-0.717982,0.0150658,0.993463,-2.24299,0.519054,2.4605,0.651404
479490,1,-0.717982,0.0150641,0.993463,-2.243,0.519055,2.4605,0.651406
479490,1,-0.717978,0.0150684,0.993461,-2.24299,0.519055,2.4605,0.651409
479490,1,-0.71798,0.0150702,0.993459,-2.243,0.519054,2.4605,0.651406
479490,1,-0.717982,0.015075,0.993459,-2.243,0.519054,2.4605,0.651406
479490,1,-0.717982,0.0150728,0.993457,-2.243,0.519052,2.4605,0.6514
479490,1,-0.71798,0.0150753,0.993464,-2.243,0.519055,2.4605,0.651404
479490,1,-0.717984,0.015079,0.993461,-2.243,0.519054,2.4605,0.651403
479490,1,-0.717983,0.0150782,0.993461,-2.243,0.519057,2.4605,0.651406
479490,1,-0.71798,0.0150819,0.993464,-2.243,0.519057,2.4605,0.651403
479490,1,-0.717982,0.0150758,0.99346,-2.243,0.519056,2.4605,0.651407
479490,1,-0.717982,0.0150758,0.993457,-2.243,0.519058,2.4605,0.651401
479490,1,-0.717984,0.0150705,0.993465,-2.243,0.519054,2.4605,0.651401
479490,1,-0.717985,0.0150687,0.993459,-2.243,0.519054,2.4605,0.651398
479490,1,-0.717984,0.0150625,0.993455,-2.243,0.519058,2.4605,0.651403
479490,1,-0.717985,0.0150661,0.993455,-2.24299,0.519058,2.4605,0.651402
479490,1,-0.717978,0.015063,0.993457,-2.24299,0.519058,2.4605,0.651402
479490,1,-0.717983,0.0150682,0.993458,-2.24299,0.519053,2.46051,0.651403
479490,1,-0.717982,0.0150624,0.993459,-2.24299,0.519057,2.4605,0.651405
479490,1,-0.717986,0.0150641,0.993459,-2.243,0.519059,2.4605,0.651404
479490,1,-0.717985,0.0150665,0.993461,-2.243,0.519057,2.4605,0.651404
479490,1,-0.717984,0.0150658,0.993457,-2.24299,0.519057,2.46051,0.651407
479490,1,-0.717985,0.0150715,0.993459,-2.243,0.519054,2.4605,0.651408
479490,1,-0.717984,0.0150761,0.993457,-2.243,0.519055,2.4605,0.651402
479490,1,-0.717982,0.015073,0.993459,-2.243,0.519055,2.4605,0.651406
479490,1,-0.717981,0.0150697,0.993457,-2.243,0.519053,2.4605,0.651406
479490,1,-0.717982,0.0150722,0.993457,-2.24299,0.519054,2.4605,0.651407
479490,1,-0.717984,0.0150766,0.993461,-2.243,0.519053,2.4605,0.651406
479490,1,-0.717984,0.0150736,0.993461,-2.243,0.519055,2.4605,0.651403
479490,1,-0.717982,0.0150724,0.993459,-2.243,0.519057,2.4605,0.651407
479490,1,-0.717984,0.0150695,0.993462,-2.243,0.519054,2.4605,0.651406
479490,1,-0.717979,0.0150753,0.993465,-2.243,0.519054,2.4605,0.651406
479490,1,-0.717982,0.0150712,0.993465,-2.243,0.519055,2.4605,0.651403
479490,1,-0.717982,0.0150754,0.993463,-2.243,0.519053,2.4605,0.651406
479490,1,-0.717982,0.0150737,0.993461,-2.243,0.519053,2.4605,0.651397
479490,1,-0.71798,0.0150704,0.993457,-2.24299,0.519056,2.4605,0.651402
479490,1,-0.717982,0.0150724,0.993464,-2.24299,0.519053,2.4605,0.651402
479490,1,-0.717984,0.0150688,0.993458,-2.24299,0.519053,2.4605,0.651397
479490,1,-0.717985,0.0150686,0.993459,-2.243,0.519055,2.4605,0.651401
479490,1,-0.717985,0.0150706,0.99346,-2.243,0.519057,2.4605,0.6514
479490,1,-0.717982,0.015068,0.993455,-2.243,0.519057,2.46051,0.651403
479490,1,-0.717985,0.0150662,0.993457,-2.24299,0.519053,2.4605,0.6514
479490,1,-0.717982,0.0150704,0.993457,-2.243,0.519056,2.4605,0.651401
479490,1,-0.717982,0.015065,0.993467,-2.243,0.519053,2.4605,0.651408
479490,1,-0.717983,0.0150604,0.993455,-2.243,0.519053,2.4605,0.651402
479490,1,-0.717984,0.0150699,0.993455,-2.243,0.519051,2.4605,0.651406
479490,1,-0.717982,0.015065,0.993459,-2.243,0.519054,2.4605,0.651405
479490,1,-0.717985,0.015066,0.993457,-2.243,0.519054,2.4605,0.651412
479490,1,-0.717978,0.0150717,0.993464,-2.243,0.519052,2.4605,0.651407
479490,1,-0.71798,0.0150696,0.993465,-2.243,0.519054,2.4605,0.651407
479490,1,-0.717981,0.0150683,0.993459,-2.243,0.519056,2.4605,0.651404
479490,1,-0.717982,0.0150696,0.993463,-2.243,0.519051,2.4605,0.651403
479490,1,-0.717982,0.0150717,0.993465,-2.243,0.519053,2.4605,0.6514
479490,1,-0.717982,0.0150677,0.993461,-2.243,0.519051,2.4605,0.6514
479490,1,-0.717984,0.0150719,0.993464,-2.243,0.519053,2.4605,0.651398
479490,1,-0.717984,0.0150802,0.993462,-2.243,0.519049,2.4605,0.651403
479490,1,-0.717982,0.0150812,0.993465,-2.243,0.519052,2.4605,0.651401
479490,1,-0.717982,0.0150757,0.993463,-2.243,0.51905,2.4605,0.6514
479490,1,-0.717983,0.0150813,0.993465,-2.243,0.519048,2.4605,0.651402
479490,1,-0.717978,0.0150757,0.99346,-2.243,0.519054,2.46051,0.651409
479490,1,-0.717985,0.015072,0.993463,-2.243,0.519053,2.4605,0.651398
479490,1,-0.717987,0.0150706,0.993459,-2.24299,0.519054,2.4605,0.651409
479490,1,-0.717992,0.0150648,0.99346,-2.24299,0.519055,2.4605,0.651402
479490,1,-0.717985,0.0150611,0.993453,-2.24299,0.519053,2.4605,0.651406
479490,1,-0.717985,0.0150641,0.993462,-2.24299,0.519053,2.4605,0.651403
479490,1,-0.717987,0.0150621,0.993459,-2.24299,0.519054,2.4605,0.651406
479490,1,-0.717985,0.0150658,0.993459,-2.24299,0.519053,2.4605,0.651406
479490,1,-0.717983,0.0150679,0.993463,-2.24299,0.519052,2.4605,0.651406
479490,1,-0.717982,0.0150678,0.993463,-2.24299,0.519049,2.4605,0.651407
479490,1,-0.71798,0.0150703,0.993463,-2.243,0.519056,2.4605,0.651406
479490,1,-0.71798,0.0150643,0.993465,-2.243,0.519053,2.4605,0.651405
479490,1,-0.71798,0.0150646,0.993467,-2.243,0.519053,2.4605,0.651403
479490,1,-0.71798,0.0150658,0.993462,-2.243,0.519053,2.4605,0.651402
479490,1,-0.717983,0.0150718,0.993461,-2.24299,0.51905,2.4605,0.651402
479490,1,-0.717984,0.0150719,0.993459,-2.24299,0.519054,2.4605,0.651402
479490,1,-0.717984,0.0150713,0.993457,-2.24299,0.519051,2.4605,0.651405
479490,1,-0.717984,0.0150732,0.993464,-2.243,0.519053,2.4605,0.651401
479490,1,-0.717985,0.0150773,0.993462,-2.24299,0.519054,2.4605,0.651404
479490,1,-0.717984,0.0150758,0.993461,-2.24299,0.519051,2.4605,0.651402
479490,1,-0.717984,0.015074,0.993458,-2.243,0.519046,2.4605,0.651403
479490,1,-0.717983,0.0150683,0.993461,-2.24299,0.519053,2.4605,0.651399
479490,1,-0.717982,0.0150604,0.993462,-2.24299,0.519052,2.4605,0.651405
479490,1,-0.717985,0.0150648,0.993461,-2.243,0.51905,2.4605,0.651397
479490,1,-0.717983,0.0150667,0.993463,-2.243,0.519049,2.4605,0.651405
479490,1,-0.717984,0.0150724,0.993462,-2.243,0.519049,2.4605,0.651406
479490,1,-0.717984,0.015072,0.993465,-2.24301,0.519051,2.4605,0.651403
479490,1,-0.717978,0.0150731,0.993462,-2.243,0.519047,2.4605,0.6514
479490,1,-0.717982,0.0150815,0.993462,-2.243,0.51905,2.4605,0.651402
479490,1,-0.717982,0.0150737,0.993466,-2.243,0.519053,2.4605,0.651406
479490,1,-0.717978,0.0150726,0.993462,-2.24299,0.51905,2.4605,0.651406
479490,1,-0.717984,0.0150678,0.993459,-2.24299,0.519054,2.4605,0.651404
479490,1,-0.717985,0.0150644,0.993459,-2.24299,0.519054,2.4605,0.651406
479490,1,-0.717984,0.015066,0.993461,-2.24299,0.519054,2.4605,0.651406
479490,1,-0.717982,0.0150658,0.993461,-2.24299,0.519053,2.4605,0.651401
479490,1,-0.717982,0.0150696,0.993462,-2.243,0.519051,2.4605,0.651396
479490,1,-0.717984,0.0150648,0.993462,-2.24299,0.519056,2.4605,0.651405
479490,1,-0.717984,0.0150623,0.993461,-2.24299,0.519052,2.4605,0.651398
479490,1,-0.71798,0.0150566,0.993459,-2.243,0.519049,2.46051,0.651402
479490,1,-0.717982,0.0150586,0.993461,-2.24299,0.519051,2.4605,0.651402
479490,1,-0.717984,0.0150549,0.993455,-2.24299,0.519053,2.4605,0.651405
479490,1,-0.717982,0.0150603,0.993463,-2.24299,0.519051,2.4605,0.651403
479490,1,-0.71798,0.0150675,0.993461,-2.24299,0.51905,2.4605,0.651404
479490,1,-0.717984,0.0150766,0.993465,-2.24299,0.519053,2.4605,0.651402
479490,1,-0.717983,0.0150771,0.993461,-2.24299,0.519053,2.4605,0.651405
479490,1,-0.717984,0.0150786,0.993459,-2.24299,0.519048,2.4605,0.651401
479490,1,-0.717983,0.0150797,0.993461,-2.24299,0.519056,2.4605,0.651403
479490,1,-0.717984,0.015073,0.993459,-2.243,0.51905,2.4605,0.651404
479490,1,-0.717988,0.015078,0.99346,-2.243,0.519049,2.4605,0.651405
479490,1,-0.717988,0.0150719,0.99346,-2.243,0.519049,2.4605,0.651403
479490,1,-0.717985,0.0150733,0.993458,-2.24301,0.519046,2.4605,0.651404
479490,1,-0.717985,0.0150808,0.993463,-2.24301,0.519046,2.4605,0.6514
479490,1,-0.717978,0.0150813,0.993464,-2.24301,0.51905,2.4605,0.651402
479490,1,-0.71798,0.0150761,0.993457,-2.24301,0.519051,2.4605,0.651398
479490,1,-0.717984,0.0150724,0.993461,-2.24301,0.519054,2.4605,0.651402
479490,1,-0.717982,0.0150665,0.993459,-2.243,0.519052,2.4605,0.651401
479490,1,-0.717983,0.0150637,0.993461,-2.24299,0.519054,2.4605,0.651397
479490,1,-0.717984,0.0150623,0.993461,-2.24298,0.519055,2.4605,0.6514
479490,1,-0.717985,0.0150652,0.993461,-2.24298,0.519056,2.4605,0.651399
479490,1,-0.71798,0.0150644,0.993462,-2.24298,0.519049,2.4605,0.651405
479490,1,-0.71798,0.0150619,0.993464,-2.24298,0.519047,2.4605,0.651402
479490,1,-0.717979,0.0150599,0.993461,-2.24298,0.519053,2.4605,0.651402
479490,1,-0.717982,0.0150625,0.993465,-2.24299,0.519049,2.4605,0.651401
479490,1,-0.71798,0.0150596,0.993462,-2.24299,0.519049,2.4605,0.651403
479490,1,-0.717978,0.0150604,0.993463,-2.24299,0.519049,2.4605,0.651397
479490,1,-0.717982,0.0150587,0.993463,-2.24299,0.519046,2.4605,0.6514
479490,1,-0.71798,0.0150621,0.993462,-2.24299,0.519046,2.4605,0.651401
479490,1,-0.717981,0.0150679,0.993465,-2.24299,0.519048,2.4605,0.651402
479490,1,-0.717978,0.0150712,0.993465,-2.24299,0.519051,2.4605,0.651402
479490,1,-0.717984,0.0150765,0.993468,-2.24299,0.519051,2.4605,0.651405
479490,1,-0.717982,0.015079,0.993464,-2.24299,0.51905,2.4605,0.651406
479490,1,-0.717984,0.015073,0.993461,-2.24299,0.519047,2.4605,0.6514
479490,1,-0.717982,0.0150698,0.99346,-2.24299,0.519049,2.4605,0.651399
479490,1,-0.717984,0.0150642,0.99346,-2.24299,0.519049,2.4605,0.651399
479490,1,-0.717985,0.0150715,0.993461,-2.243,0.519044,2.4605,0.651402
479490,1,-0.717984,0.0150734,0.993455,-2.24301,0.519048,2.4605,0.651405
479490,1,-0.717979,0.0150734,0.993461,-2.24301,0.519049,2.46049,0.651398
479490,1,-0.717982,0.0150835,0.993465,-2.24302,0.519049,2.4605,0.651403
479490,1,-0.717978,0.0150794,0.993461,-2.24302,0.519052,2.4605,0.651403
479490,1,-0.717982,0.0150759,0.993463,-2.24301,0.519044,2.4605,0.651398
479490,1,-0.717983,0.0150704,0.993461,-2.24301,0.519051,2.4605,0.651397
479490,1,-0.717987,0.0150682,0.993454,-2.243,0.519053,2.4605,0.651401
479490,1,-0.717985,0.0150641,0.993461,-2.24299,0.519051,2.4605,0.651402
479490,1,-0.717987,0.0150675,0.99346,-2.24298,0.519054,2.4605,0.651402
479490,1,-0.717982,0.0150716,0.993457,-2.24298,0.519053,2.4605,0.651406
479490,1,-0.71798,0.0150685,0.993461,-2.24298,0.519053,2.4605,0.651405
479490,1,-0.717982,0.0150645,0.993465,-2.24298,0.51905,2.4605,0.651398
479490,1,-0.717984,0.0150642,0.993467,-2.24298,0.519047,2.4605,0.651403
479491,1,-0.717978,0.0150566,0.993462,-2.24299,0.51905,2.4605,0.651396
479491,1,-0.717982,0.0150549,0.993465,-2.24299,0.519046,2.4605,0.6514
479491,1,-0.717982,0.015058,0.993461,-2.24299,0.519049,2.4605,0.651398
479491,1,-0.717982,0.0150603,0.993463,-2.24299,0.519049,2.4605,0.651404
479491,1,-0.717979,0.0150675,0.993461,-2.24299,0.519045,2.4605,0.651397
479491,1,-0.717978,0.0150679,0.993466,-2.24299,0.519048,2.4605,0.651404
479491,1,-0.717976,0.0150751,0.993462,-2.24299,0.519046,2.4605,0.651397
479491,1,-0.717978,0.015074,0.993466,-2.24299,0.519047,2.4605,0.651399
479491,1,-0.717982,0.0150736,0.993461,-2.24299,0.519048,2.4605,0.651399
479491,1,-0.717985,0.0150774,0.993458,-2.24299,0.519049,2.4605,0.651394
479491,1,-0.717989,0.0150716,0.99346,-2.24299,0.519048,2.4605,0.651391
479491,1,-0.71799,0.0150723,0.993455,-2.24301,0.519046,2.4605,0.651398
479491,1,-0.717984,0.0150767,0.993462,-2.24301,0.519046,2.4605,0.6514
479491,1,-0.717984,0.0150798,0.993455,-2.24302,0.519049,2.4605,0.651399
479491,1,-0.717983,0.0150797,0.993461,-2.24302,0.519049,2.4605,0.651396
479491,1,-0.71798,0.0150815,0.993463,-2.24302,0.519049,2.4605,0.651402
479491,1,-0.71798,0.0150698,0.993459,-2.24301,0.519046,2.4605,0.651401
479491,1,-0.717984,0.015065,0.993457,-2.24301,0.519048,2.4605,0.651402
479491,1,-0.717982,0.0150621,0.993461,-2.24299,0.519052,2.4605,0.651405
479491,1,-0.717984,0.0150624,0.993463,-2.24298,0.519053,2.46051,0.651398
479491,1,-0.717981,0.0150627,0.993462,-2.24297,0.519054,2.46051,0.651397
479491,1,-0.71798,0.0150587,0.993461,-2.24298,0.519052,2.46051,0.6514
479491,1,-0.717978,0.0150611,0.993462,-2.24298,0.519054,2.4605,0.651404
479491,1,-0.717978,0.0150579,0.993469,-2.24298,0.519048,2.4605,0.651399
479491,1,-0.717982,0.0150566,0.993467,-2.24298,0.519053,2.4605,0.6514
479491,1,-0.717978,0.0150566,0.993465,-2.24299,0.519048,2.4605,0.651398
479491,1,-0.717975,0.0150549,0.993459,-2.24299,0.519047,2.4605,0.651398
479491,1,-0.717982,0.015064,0.993467,-2.24299,0.519045,2.4605,0.651397
479491,1,-0.717981,0.0150672,0.993468,-2.24299,0.519046,2.4605,0.651402
479491,1,-0.717982,0.0150712,0.993461,-2.24299,0.519048,2.4605,0.651396
479491,1,-0.717979,0.0150736,0.993464,-2.24299,0.519047,2.4605,0.651395
479491,1,-0.717984,0.0150787,0.993463,-2.243,0.519045,2.4605,0.6514
479491,1,-0.717983,0.0150756,0.99346,-2.243,0.519041,2.4605,0.651393
479491,1,-0.717985,0.0150787,0.993462,-2.243,0.519046,2.4605,0.651396
479491,1,-0.717982,0.0150792,0.993459,-2.243,0.519046,2.4605,0.651399
479491,1,-0.717986,0.0150835,0.993462,-2.243,0.519047,2.4605,0.651398
479491,1,-0.717984,0.0150815,0.993459,-2.24301,0.519045,2.4605,0.651396
479491,1,-0.717982,0.0150814,0.993456,-2.24301,0.519044,2.4605,0.651394
479491,1,-0.717982,0.0150777,0.993458,-2.24301,0.519044,2.4605,0.651397
479491,1,-0.717984,0.0150727,0.993463,-2.243,0.519048,2.4605,0.651393
479491,1,-0.717985,0.0150628,0.993461,-2.243,0.519052,2.46051,0.651395
479491,1,-0.717981,0.0150628,0.993464,-2.24299,0.519048,2.4605,0.651395
479491,1,-0.717984,0.0150588,0.993458,-2.24298,0.519051,2.4605,0.651395
479491,1,-0.717984,0.0150574,0.993457,-2.24298,0.519051,2.46051,0.651395
479491,1,-0.717984,0.0150591,0.993461,-2.24297,0.519045,2.4605,0.651394
479491,1,-0.717982,0.0150625,0.993467,-2.24297,0.519045,2.46051,0.651391
479491,1,-0.717976,0.0150594,0.993462,-2.24298,0.519048,2.46051,0.651395
479491,1,-0.717978,0.0150606,0.993469,-2.24298,0.519045,2.4605,0.651398
479491,1,-0.717979,0.0150603,0.993469,-2.24299,0.519048,2.4605,0.651394
479491,1,-0.717978,0.0150658,0.993467,-2.24299,0.519048,2.46051,0.6514
479491,1,-0.717978,0.0150641,0.993461,-2.24299,0.519043,2.46051,0.651391
479491,1,-0.717976,0.0150658,0.993465,-2.243,0.519044,2.4605,0.651398
479491,1,-0.717978,0.015066,0.993465,-2.24299,0.519047,2.46051,0.651394
479491,1,-0.71798,0.0150712,0.993464,-2.24299,0.519044,2.4605,0.651389
479491,1,-0.71798,0.0150756,0.993467,-2.243,0.519041,2.4605,0.651392
479491,1,-0.71798,0.0150786,0.993463,-2.243,0.519038,2.4605,0.651393
479491,1,-0.71798,0.0150771,0.993461,-2.24299,0.519045,2.4605,0.651392
479491,1,-0.717988,0.0150774,0.99346,-2.24301,0.519043,2.4605,0.651397
479491,1,-0.717985,0.0150791,0.993459,-2.243,0.519048,2.4605,0.651393
479491,1,-0.717985,0.0150802,0.993455,-2.243,0.519045,2.4605,0.651392
479491,1,-0.717985,0.015075,0.99346,-2.243,0.519047,2.4605,0.651394
479491,1,-0.71798,0.0150719,0.993463,-2.243,0.519046,2.46051,0.651389
479491,1,-0.717986,0.0150668,0.993462,-2.24299,0.519046,2.46051,0.6514
479491,1,-0.717985,0.0150635,0.993461,-2.24299,0.519046,2.4605,0.651387
479491,1,-0.717981,0.0150611,0.993463,-2.24298,0.519047,2.46051,0.651394
479491,1,-0.717985,0.0150604,0.993463,-2.24298,0.51905,2.46051,0.651391
479491,1,-0.717982,0.0150649,0.993465,-2.24298,0.519048,2.46051,0.651395
479491,1,-0.71798,0.0150621,0.993469,-2.24298,0.519048,2.4605,0.651389
479491,1,-0.717971,0.0150603,0.993466,-2.24298,0.519046,2.4605,0.651397
479491,1,-0.717975,0.0150642,0.993471,-2.24299,0.519043,2.4605,0.651395
479491,1,-0.717978,0.0150625,0.993465,-2.24299,0.519047,2.46051,0.651396
479491,1,-0.717978,0.0150658,0.993469,-2.24299,0.519043,2.4605,0.651396
479491,1,-0.717982,0.0150668,0.993467,-2.24299,0.519044,2.46051,0.651394
479491,1,-0.717978,0.0150716,0.993466,-2.24299,0.519044,2.46051,0.651392
479491,1,-0.717979,0.0150767,0.993465,-2.243,0.519041,2.4605,0.651395
479491,1,-0.71798,0.015073,0.993468,-2.243,0.51904,2.4605,0.651398
479491,1,-0.717982,0.0150749,0.993464,-2.243,0.519043,2.4605,0.651388
479491,1,-0.717984,0.0150739,0.993464,-2.243,0.519042,2.4605,0.651394
479491,1,-0.717984,0.0150744,0.993459,-2.24301,0.519042,2.4605,0.65139
479491,1,-0.717985,0.0150813,0.993463,-2.243,0.51904,2.4605,0.651395
479491,1,-0.717985,0.0150797,0.993461,-2.243,0.519043,2.4605,0.651388
479491,1,-0.717982,0.0150744,0.993462,-2.243,0.519045,2.4605,0.651395
479491,1,-0.717981,0.0150727,0.993463,-2.243,0.519045,2.4605,0.651389
479491,1,-0.717983,0.015065,0.993468,-2.24299,0.519043,2.4605,0.651398
479491,1,-0.717979,0.0150604,0.993459,-2.24299,0.519048,2.4605,0.651388
479491,1,-0.717982,0.0150607,0.993461,-2.24298,0.519046,2.46051,0.651388
479491,1,-0.717986,0.0150586,0.993459,-2.24298,0.51905,2.4605,0.651388
479491,1,-0.717984,0.0150586,0.99346,-2.24299,0.519048,2.46051,0.651388
479491,1,-0.71798,0.0150619,0.993468,-2.24298,0.519046,2.46051,0.65139
479491,1,-0.717981,0.0150641,0.993465,-2.24298,0.519046,2.4605,0.651389
479491,1,-0.71798,0.0150642,0.993464,-2.24298,0.519046,2.46051,0.651386
479491,1,-0.71798,0.0150648,0.993463,-2.24298,0.519044,2.4605,0.651387
479491,1,-0.717979,0.015066,0.993466,-2.24299,0.519044,2.46051,0.651392
479491,1,-0.717976,0.0150658,0.993464,-2.24299,0.519042,2.4605,0.651391
479491,1,-0.71798,0.0150675,0.993462,-2.243,0.519043,2.4605,0.651391
479491,1,-0.717978,0.0150696,0.993465,-2.24299,0.519042,2.4605,0.651393
479491,1,-0.717982,0.0150677,0.993463,-2.24299,0.519044,2.4605,0.651387
479491,1,-0.717979,0.0150733,0.993463,-2.24299,0.519042,2.4605,0.651394
479491,1,-0.717982,0.0150678,0.993466,-2.24299,0.519042,2.46051,0.651389
479491,1,-0.717982,0.0150685,0.993463,-2.24299,0.519042,2.4605,0.651394
479491,1,-0.717981,0.0150658,0.99346,-2.24299,0.519047,2.4605,0.65139
479491,1,-0.717982,0.0150658,0.993461,-2.24299,0.519043,2.4605,0.651387
479491,1,-0.717978,0.0150675,0.993461,-2.24299,0.519046,2.46051,0.651387
479491,1,-0.717984,0.015066,0.993463,-2.24299,0.519042,2.46051,0.651387
479491,1,-0.717983,0.0150684,0.993462,-2.24298,0.519045,2.4605,0.651389
479491,1,-0.717985,0.0150699,0.993461,-2.24299,0.519044,2.4605,0.651386
479491,1,-0.71798,0.0150641,0.993464,-2.24299,0.519041,2.46051,0.651389
479491,1,-0.717984,0.0150706,0.993463,-2.24299,0.519047,2.46051,0.651391
479491,1,-0.717981,0.0150658,0.993463,-2.24299,0.519045,2.4605,0.65139
479491,1,-0.71798,0.0150648,0.993463,-2.24299,0.519045,2.46051,0.651391
479491,1,-0.717982,0.0150649,0.993463,-2.24299,0.519044,2.46051,0.651389
479491,1,-0.717982,0.0150621,0.993461,-2.24299,0.519045,2.46051,0.651394
479491,1,-0.71798,0.0150672,0.993461,-2.24299,0.519047,2.4605,0.651388
479491,1,-0.71798,0.0150677,0.993457,-2.24299,0.519043,2.4605,0.651391
479491,1,-0.717984,0.0150716,0.993457,-2.24299,0.519043,2.4605,0.651388
479491,1,-0.71798,0.0150705,0.993464,-2.24299,0.519044,2.46051,0.651387
479491,1,-0.717982,0.0150665,0.993457,-2.24299,0.519046,2.4605,0.651387
479491,1,-0.717984,0.0150658,0.993459,-2.24299,0.519046,2.4605,0.651389
479491,1,-0.71798,0.0150699,0.993465,-2.24299,0.519043,2.4605,0.651383
479491,1,-0.71798,0.0150676,0.993463,-2.24299,0.519044,2.4605,0.651386
479491,1,-0.71798,0.0150661,0.993465,-2.24299,0.519044,2.4605,0.651385
479491,1,-0.71798,0.0150704,0.993467,-2.24299,0.519044,2.46051,0.651385
479491,1,-0.717979,0.0150611,0.993465,-2.24299,0.519044,2.4605,0.651383
479491,1,-0.717976,0.0150621,0.993465,-2.24299,0.519048,2.46051,0.651384
479491,1,-0.717978,0.0150588,0.993466,-2.24299,0.519045,2.46051,0.651389
479491,1,-0.71798,0.0150566,0.993465,-2.24299,0.519047,2.4605,0.651387
479491,1,-0.717978,0.0150586,0.993467,-2.24299,0.519044,2.4605,0.651389
479491,1,-0.717982,0.0150648,0.993464,-2.24299,0.519042,2.4605,0.651391
479491,1,-0.717982,0.0150641,0.993464,-2.24299,0.519049,2.4605,0.651383
479491,1,-0.717982,0.0150695,0.993461,-2.24299,0.519044,2.4605,0.651392
479491,1,-0.717984,0.0150749,0.993459,-2.24299,0.519047,2.4605,0.651388
479491,1,-0.717982,0.015073,0.993465,-2.24299,0.519045,2.46051,0.65139
479491,1,-0.717982,0.0150712,0.993461,-2.24299,0.519041,2.4605,0.651387
479491,1,-0.717984,0.0150737,0.99346,-2.24299,0.519045,2.4605,0.65139
479491,1,-0.717983,0.0150704,0.993463,-2.24299,0.519049,2.46051,0.65139
479491,1,-0.71798,0.0150697,0.993463,-2.24299,0.519045,2.46051,0.651386
479491,1,-0.717985,0.0150665,0.993459,-2.24299,0.519047,2.46051,0.651386
479491,1,-0.717984,0.0150644,0.993461,-2.24299,0.519045,2.46051,0.651388
479491,1,-0.717985,0.0150672,0.993464,-2.24299,0.519047,2.46051,0.65139
479491,1,-0.717985,0.0150686,0.993465,-2.24299,0.519043,2.4605,0.651393
479491,1,-0.717982,0.0150604,0.993465,-2.24299,0.519043,2.4605,0.651387
479491,1,-0.717983,0.0150607,0.993463,-2.24299,0.519047,2.4605,0.651389
479491,1,-0.71798,0.0150648,0.993465,-2.24299,0.51905,2.4605,0.65139
479491,1,-0.717978,0.0150647,0.993464,-2.24299,0.519044,2.46051,0.651387
479491,1,-0.717982,0.0150675,0.993465,-2.24299,0.519043,2.4605,0.651385
479491,1,-0.717978,0.0150658,0.993465,-2.24299,0.519043,2.4605,0.651386
479491,1,-0.71798,0.0150641,0.993467,-2.24299,0.519045,2.4605,0.651387
479491,1,-0.717978,0.0150685,0.993461,-2.24299,0.519042,2.4605,0.651383
479491,1,-0.717982,0.0150697,0.993467,-2.24299,0.519044,2.46051,0.651383
479491,1,-0.717978,0.0150719,0.993467,-2.24299,0.519041,2.46051,0.651388
479491,1,-0.71798,0.015066,0.993463,-2.24299,0.519048,2.4605,0.651383
479491,1,-0.717978,0.0150702,0.993461,-2.24299,0.519044,2.46051,0.651388
479491,1,-0.717982,0.0150641,0.993465,-2.24299,0.519045,2.4605,0.651383
479491,1,-0.71798,0.0150661,0.993459,-2.24299,0.519045,2.46051,0.651381
479491,1,-0.71798,0.0150699,0.99346,-2.24299,0.519045,2.4605,0.651382
479491,1,-0.717986,0.0150641,0.993463,-2.24299,0.519045,2.4605,0.651382
479491,1,-0.717982,0.0150665,0.993464,-2.24299,0.519044,2.4605,0.651385
479491,1,-0.717981,0.0150685,0.993462,-2.24299,0.519046,2.4605,0.651386
479491,1,-0.717984,0.0150704,0.993463,-2.24299,0.519044,2.4605,0.65139
479491,1,-0.717985,0.0150723,0.993462,-2.24299,0.519045,2.46051,0.651385
479491,1,-0.717982,0.0150695,0.993459,-2.24299,0.519044,2.46051,0.651385
479491,1,-0.717985,0.0150697,0.993464,-2.24299,0.51904,2.4605,0.651385
479491,1,-0.71798,0.01507,0.993459,-2.24299,0.519044,2.4605,0.651385
479491,1,-0.71798,0.0150716,0.993465,-2.24299,0.519044,2.46051,0.651384
479491,1,-0.717978,0.0150697,0.993465,-2.24299,0.519043,2.4605,0.651386
479491,1,-0.717978,0.0150704,0.993459,-2.24299,0.519039,2.46051,0.651383
479491,1,-0.717983,0.0150686,0.993467,-2.24299,0.519043,2.4605,0.651386
479491,1,-0.71798,0.0150704,0.993461,-2.24299,0.519045,2.4605,0.651385
479491,1,-0.717979,0.0150641,0.993465,-2.24299,0.519045,2.4605,0.651384
479491,1,-0.717982,0.0150667,0.99346,-2.24299,0.519045,2.4605,0.651378
479491,1,-0.717984,0.0150621,0.99346,-2.24299,0.519049,2.46051,0.651382
479491,1,-0.717977,0.0150622,0.993468,-2.24299,0.519044,2.4605,0.651379
479491,1,-0.717982,0.0150664,0.993463,-2.24299,0.519045,2.4605,0.65138
479491,1,-0.71798,0.0150607,0.993464,-2.24299,0.519045,2.4605,0.651377
479491,1,-0.71798,0.0150626,0.993466,-2.24299,0.519045,2.4605,0.651383
479491,1,-0.717982,0.0150682,0.993461,-2.24299,0.519049,2.4605,0.651379
479491,1,-0.717982,0.0150662,0.993464,-2.24299,0.519045,2.46051,0.651386
479491,1,-0.717982,0.0150695,0.993467,-2.24299,0.519045,2.4605,0.651382
479491,1,-0.71798,0.0150702,0.993464,-2.24299,0.519045,2.46051,0.651377
479491,1,-0.717982,0.0150743,0.993461,-2.24299,0.519041,2.4605,0.651386
479491,1,-0.717982,0.0150712,0.993463,-2.24299,0.519046,2.46051,0.65138
479491,1,-0.717984,0.0150751,0.993463,-2.24299,0.519045,2.4605,0.651376
479491,1,-0.717982,0.0150703,0.993463,-2.24299,0.519045,2.4605,0.651386
479491,1,-0.717982,0.0150744,0.993459,-2.24299,0.519046,2.46051,0.65138
479491,1,-0.717982,0.0150741,0.993465,-2.24299,0.519044,2.46051,0.651385
479491,1,-0.71798,0.0150694,0.993465,-2.24299,0.519044,2.46051,0.651381
479491,1,-0.717984,0.0150658,0.993465,-2.24299,0.519044,2.4605,0.651386
479491,1,-0.717985,0.0150659,0.993466,-2.24299,0.51904,2.4605,0.651383
479491,1,-0.71798,0.0150675,0.993463,-2.24299,0.519044,2.46051,0.651382
479491,1,-0.71798,0.0150658,0.993466,-2.24299,0.519042,2.4605,0.651386
479491,1,-0.71798,0.0150676,0.993465,-2.24299,0.519049,2.46051,0.651379
479491,1,-0.71798,0.0150641,0.993465,-2.24299,0.519044,2.4605,0.651383
479491,1,-0.717978,0.0150642,0.993465,-2.24298,0.519048,2.46051,0.651381
479491,1,-0.717976,0.0150642,0.993465,-2.24299,0.519047,2.4605,0.651379
479491,1,-0.717982,0.0150641,0.993468,-2.24299,0.519045,2.4605,0.65138
479491,1,-0.717978,0.0150675,0.993464,-2.24299,0.519044,2.4605,0.651387
479491,1,-0.717982,0.0150641,0.993463,-2.24299,0.519039,2.4605,0.651378
479491,1,-0.717983,0.0150658,0.993461,-2.24299,0.519047,2.46051,0.651375
479491,1,-0.717983,0.0150679,0.993463,-2.24299,0.519046,2.4605,0.651379
479491,1,-0.71798,0.0150697,0.993461,-2.24299,0.519047,2.4605,0.651372
479492,1,-0.717982,0.0150667,0.993461,-2.24299,0.519044,2.46051,0.651376
479492,1,-0.717984,0.0150726,0.993462,-2.24299,0.519043,2.46051,0.651379
479492,1,-0.717982,0.0150719,0.993464,-2.243,0.519045,2.46051,0.651379
479492,1,-0.717984,0.0150695,0.993463,-2.24299,0.519044,2.4605,0.651373
479492,1,-0.717982,0.0150696,0.993462,-2.24299,0.519044,2.46051,0.651383
479492,1,-0.717984,0.0150719,0.993459,-2.24299,0.519043,2.4605,0.651378
479492,1,-0.717985,0.0150621,0.993463,-2.24299,0.519043,2.46051,0.651382
479492,1,-0.71798,0.015065,0.993463,-2.24299,0.519043,2.46051,0.65138
479492,1,-0.717982,0.0150647,0.993465,-2.24299,0.519044,2.4605,0.651378
479492,1,-0.717978,0.0150638,0.993465,-2.24299,0.519043,2.4605,0.651381
479492,1,-0.717984,0.0150664,0.993465,-2.24299,0.519044,2.4605,0.651377
479492,1,-0.717984,0.0150697,0.993461,-2.24299,0.519043,2.4605,0.651377
479492,1,-0.717984,0.0150675,0.993461,-2.24299,0.519044,2.46051,0.65138
479492,1,-0.717979,0.0150686,0.993467,-2.24299,0.519044,2.4605,0.651383
479492,1,-0.717981,0.0150678,0.993462,-2.24299,0.519042,2.4605,0.651378
479492,1,-0.717978,0.0150695,0.993465,-2.24299,0.519045,2.46051,0.651376
479492,1,-0.717984,0.0150686,0.993465,-2.24299,0.519039,2.46051,0.651381
479492,1,-0.717984,0.0150682,0.993465,-2.24299,0.519042,2.46051,0.651374
479492,1,-0.717984,0.0150665,0.993461,-2.24299,0.519045,2.4605,0.651383
479492,1,-0.717976,0.0150614,0.993464,-2.24299,0.519045,2.46051,0.651376
479492,1,-0.71798,0.0150716,0.993462,-2.24299,0.519044,2.46051,0.651382
479492,1,-0.71798,0.0150678,0.993462,-2.24299,0.519044,2.46051,0.651375
479492,1,-0.717982,0.0150658,0.993461,-2.24299,0.51904,2.4605,0.651384
479492,1,-0.71798,0.0150643,0.993463,-2.24299,0.519044,2.46051,0.651377
479492,1,-0.71798,0.0150665,0.993466,-2.24299,0.519043,2.4605,0.651378
479492,1,-0.717982,0.0150676,0.993461,-2.24299,0.519045,2.46051,0.651383
479492,1,-0.717984,0.0150658,0.993463,-2.24299,0.519044,2.4605,0.651373
479492,1,-0.717984,0.0150743,0.993463,-2.24299,0.519044,2.4605,0.651375
479492,1,-0.717982,0.0150678,0.993463,-2.24299,0.519043,2.46051,0.651377
479492,1,-0.717982,0.0150682,0.993461,-2.24299,0.519045,2.4605,0.651376
479492,1,-0.717983,0.0150704,0.993461,-2.24299,0.519045,2.4605,0.651384
479492,1,-0.717985,0.0150716,0.993463,-2.24299,0.519044,2.46051,0.651379
479492,1,-0.71798,0.0150675,0.993463,-2.24299,0.519042,2.4605,0.651385
479492,1,-0.717978,0.0150667,0.993463,-2.24299,0.519044,2.4605,0.651374
479492,1,-0.717982,0.0150682,0.993459,-2.24299,0.519044,2.4605,0.651385
479492,1,-0.717982,0.0150695,0.993464,-2.24299,0.519045,2.46051,0.651373
479492,1,-0.71798,0.0150723,0.993461,-2.24299,0.519044,2.46051,0.65138
479492,1,-0.717984,0.0150679,0.99346,-2.24299,0.519042,2.46051,0.65138
479492,1,-0.71798,0.0150641,0.993463,-2.24299,0.519043,2.46051,0.651377
479492,1,-0.717982,0.0150648,0.993463,-2.24299,0.519045,2.4605,0.65138
479492,1,-0.71798,0.0150702,0.993463,-2.24299,0.519045,2.4605,0.651374
479492,1,-0.71798,0.015066,0.993462,-2.24299,0.519043,2.4605,0.651372
479492,1,-0.717982,0.015066,0.993461,-2.24299,0.519046,2.46051,0.651374
479492,1,-0.717982,0.0150642,0.993463,-2.24299,0.519046,2.4605,0.651375
479492,1,-0.717978,0.0150658,0.993468,-2.24299,0.519044,2.46051,0.651378
479492,1,-0.71798,0.0150658,0.993464,-2.24299,0.519046,2.46051,0.651376
479492,1,-0.717984,0.0150641,0.993467,-2.24299,0.519044,2.46051,0.651379
479492,1,-0.717983,0.0150658,0.993465,-2.24299,0.519044,2.46051,0.651369
479492,1,-0.71798,0.0150697,0.993461,-2.24299,0.519045,2.4605,0.651378
479492,1,-0.71798,0.0150699,0.993463,-2.24299,0.519043,2.46051,0.651374
479492,1,-0.71798,0.015069,0.993463,-2.24299,0.519044,2.4605,0.651378
479492,1,-0.717982,0.0150702,0.993464,-2.24299,0.519041,2.4605,0.651377
479492,1,-0.717979,0.0150623,0.993461,-2.24299,0.519041,2.46051,0.65138
479492,1,-0.717982,0.0150659,0.993463,-2.24299,0.519046,2.4605,0.651374
479492,1,-0.71798,0.0150699,0.993463,-2.24299,0.519044,2.4605,0.651378
479492,1,-0.717984,0.0150702,0.993464,-2.24299,0.519045,2.4605,0.651375
479492,1,-0.717984,0.0150641,0.993463,-2.24299,0.519045,2.46051,0.651374
479492,1,-0.717982,0.0150676,0.993464,-2.24299,0.519044,2.46051,0.651375
479492,1,-0.717983,0.0150687,0.993463,-2.24299,0.519048,2.46051,0.651369
479492,1,-0.717982,0.0150683,0.993464,-2.24299,0.519044,2.4605,0.651371
479492,1,-0.71798,0.0150688,0.993467,-2.24299,0.519045,2.46051,0.651375
479492,1,-0.71798,0.0150665,0.993466,-2.24299,0.519044,2.4605,0.651375
479492,1,-0.71798,0.0150649,0.993462,-2.24299,0.519043,2.46051,0.651378
479492,1,-0.717984,0.0150703,0.993465,-2.24299,0.519044,2.4605,0.651372
479492,1,-0.717982,0.0150679,0.993461,-2.24299,0.519041,2.4605,0.651371
479492,1,-0.71798,0.0150697,0.993468,-2.24299,0.519046,2.4605,0.651368
479492,1,-0.71798,0.0150675,0.993461,-2.24299,0.519041,2.4605,0.651371
479492,1,-0.717982,0.0150695,0.993461,-2.24299,0.519045,2.4605,0.651366
479492,1,-0.717978,0.015066,0.993464,-2.24299,0.519043,2.4605,0.651372
479492,1,-0.717978,0.0150676,0.993462,-2.24299,0.519043,2.4605,0.651376
479492,1,-0.717981,0.0150665,0.993462,-2.24299,0.519046,2.4605,0.651375
479492,1,-0.717982,0.0150705,0.993461,-2.24299,0.519045,2.46051,0.651371
479492,1,-0.717984,0.0150684,0.993461,-2.24299,0.519043,2.4605,0.651375
479492,1,-0.717982,0.0150696,0.993459,-2.24298,0.519044,2.4605,0.651369
479492,1,-0.717983,0.0150682,0.993464,-2.24299,0.519046,2.4605,0.651376
479492,1,-0.717982,0.0150642,0.993464,-2.24299,0.519048,2.4605,0.651368
479492,1,-0.717984,0.0150663,0.993461,-2.24299,0.519042,2.4605,0.651376
479492,1,-0.717981,0.0150623,0.993465,-2.24299,0.51904,2.4605,0.651376
479492,1,-0.717982,0.0150648,0.993461,-2.24299,0.519042,2.46051,0.651374
479492,1,-0.717985,0.0150675,0.993468,-2.24299,0.519043,2.4605,0.65137
479492,1,-0.717982,0.0150677,0.993461,-2.24299,0.519045,2.46051,0.651367
479492,1,-0.717982,0.0150658,0.993462,-2.24299,0.519043,2.46051,0.65137
479492,1,-0.717984,0.0150696,0.993465,-2.24299,0.519043,2.4605,0.651371
479492,1,-0.717981,0.0150675,0.993461,-2.24299,0.519041,2.4605,0.651368
479492,1,-0.717982,0.0150658,0.993463,-2.24299,0.519043,2.4605,0.651375
479492,1,-0.717976,0.0150675,0.993463,-2.24299,0.519049,2.4605,0.651369
479492,1,-0.71798,0.0150679,0.993461,-2.24299,0.519045,2.4605,0.651374
479492,1,-0.717982,0.0150682,0.993463,-2.24299,0.519041,2.4605,0.651367
479492,1,-0.717982,0.0150686,0.993461,-2.24299,0.519041,2.4605,0.651378
479492,1,-0.717981,0.0150704,0.993461,-2.24299,0.519045,2.4605,0.651365
479492,1,-0.717982,0.0150685,0.993465,-2.24299,0.519044,2.46051,0.651374
479492,1,-0.717976,0.0150641,0.993465,-2.24299,0.519047,2.4605,0.651371
479492,1,-0.717982,0.0150658,0.993463,-2.24299,0.519043,2.4605,0.651376
479492,1,-0.717979,0.0150678,0.993464,-2.24299,0.519042,2.4605,0.651375
479492,1,-0.717985,0.0150623,0.993465,-2.24299,0.519045,2.4605,0.651374
479492,1,-0.717982,0.0150661,0.993463,-2.24299,0.519046,2.4605,0.651372
479492,1,-0.71798,0.0150716,0.993462,-2.24299,0.519049,2.46051,0.651369
479492,1,-0.717984,0.0150686,0.993463,-2.24299,0.519045,2.46051,0.651372
479492,1,-0.717983,0.0150699,0.993461,-2.24299,0.519041,2.4605,0.651376
479492,1,-0.71798,0.0150661,0.993463,-2.24299,0.519046,2.4605,0.651367
479492,1,-0.71798,0.0150675,0.993459,-2.24299,0.519043,2.4605,0.651372
479492,1,-0.717978,0.0150658,0.993463,-2.24299,0.519045,2.46051,0.651366
479492,1,-0.717982,0.0150677,0.993465,-2.24299,0.519044,2.46051,0.651374
479492,1,-0.717978,0.0150682,0.993464,-2.24299,0.519038,2.4605,0.651368
479492,1,-0.717983,0.0150696,0.993459,-2.24299,0.519044,2.4605,0.651374
479492,1,-0.717982,0.0150643,0.993461,-2.24299,0.519047,2.4605,0.651366
479492,1,-0.71798,0.0150679,0.993463,-2.24299,0.51905,2.4605,0.651373
479492,1,-0.717979,0.0150719,0.99346,-2.24299,0.519043,2.4605,0.651377
479492,1,-0.717982,0.0150658,0.993466,-2.24299,0.519046,2.4605,0.651375
479492,1,-0.717982,0.0150678,0.993462,-2.24299,0.519043,2.4605,0.651374
479492,1,-0.717978,0.0150705,0.993464,-2.24299,0.519045,2.4605,0.651372
479492,1,-0.71798,0.0150641,0.993465,-2.24299,0.51905,2.4605,0.651368
479492,1,-0.717982,0.0150685,0.993463,-2.24299,0.519039,2.46051,0.651373
479492,1,-0.71798,0.0150658,0.993463,-2.24299,0.519046,2.46051,0.65137
479492,1,-0.717982,0.0150658,0.993459,-2.24299,0.519038,2.4605,0.651375
479492,1,-0.717985,0.0150695,0.993464,-2.24299,0.519045,2.46051,0.651367
479492,1,-0.717982,0.0150648,0.993465,-2.24299,0.519041,2.4605,0.651373
479492,1,-0.717985,0.0150677,0.993464,-2.24299,0.519047,2.46051,0.651361
479492,1,-0.717983,0.015066,0.993463,-2.24299,0.519042,2.4605,0.65137
479492,1,-0.717981,0.0150686,0.993463,-2.24299,0.519042,2.4605,0.651361
479492,1,-0.717984,0.0150642,0.993465,-2.24299,0.519043,2.4605,0.651374
479492,1,-0.717977,0.0150731,0.993461,-2.24299,0.519047,2.4605,0.651369
479492,1,-0.71798,0.0150643,0.993467,-2.24299,0.519045,2.4605,0.651369
479492,1,-0.717978,0.0150667,0.993463,-2.24299,0.519045,2.4605,0.65137
479492,1,-0.717982,0.0150675,0.993466,-2.24299,0.519043,2.4605,0.65137
479492,1,-0.717984,0.0150643,0.993461,-2.24299,0.519041,2.4605,0.651367
479492,1,-0.717982,0.0150645,0.993461,-2.24298,0.519044,2.4605,0.65137
479492,1,-0.71798,0.0150712,0.993461,-2.24299,0.519045,2.46051,0.651369
479492,1,-0.71798,0.0150676,0.993464,-2.24299,0.519044,2.46051,0.651369
479492,1,-0.71798,0.0150676,0.993459,-2.24299,0.519043,2.46051,0.651369
479492,1,-0.717978,0.0150695,0.993464,-2.24298,0.519043,2.46051,0.651367
479492,1,-0.71798,0.0150675,0.993461,-2.24299,0.519047,2.4605,0.651367
479492,1,-0.717982,0.0150695,0.993467,-2.24299,0.519041,2.46051,0.651363
479492,1,-0.717984,0.0150718,0.993464,-2.24299,0.519043,2.46051,0.651365
479492,1,-0.717984,0.0150675,0.993461,-2.24299,0.519041,2.4605,0.651363
479492,1,-0.717978,0.0150734,0.993465,-2.24299,0.519043,2.4605,0.651366
479492,1,-0.717984,0.015066,0.993465,-2.24299,0.519046,2.4605,0.651367
479492,1,-0.71798,0.0150664,0.993469,-2.24299,0.519047,2.4605,0.651366
479492,1,-0.717984,0.0150695,0.993463,-2.24299,0.519044,2.4605,0.65137
479492,1,-0.717983,0.015068,0.993463,-2.24299,0.519042,2.4605,0.65137
479492,1,-0.717982,0.015063,0.993466,-2.24299,0.519046,2.46051,0.651363
479492,1,-0.717982,0.0150658,0.993465,-2.24299,0.519047,2.4605,0.651367
479492,1,-0.717984,0.0150641,0.993465,-2.24299,0.519044,2.4605,0.651366
479492,1,-0.71798,0.0150696,0.993468,-2.24299,0.519044,2.4605,0.65137
479492,1,-0.717982,0.0150679,0.993464,-2.24299,0.519045,2.4605,0.651364
479492,1,-0.717985,0.0150658,0.993465,-2.24299,0.519043,2.4605,0.651363
479492,1,-0.717982,0.0150698,0.993463,-2.24299,0.519049,2.46051,0.651366
479492,1,-0.717982,0.0150689,0.993461,-2.24299,0.519046,2.4605,0.651369
479492,1,-0.717985,0.0150695,0.993466,-2.24299,0.519044,2.46051,0.651366
479492,1,-0.717982,0.0150665,0.993461,-2.24299,0.519043,2.4605,0.65137
479492,1,-0.717982,0.0150679,0.993462,-2.24299,0.519042,2.4605,0.65137
479492,1,-0.717984,0.0150641,0.993468,-2.24299,0.519046,2.4605,0.651369
479492,1,-0.717978,0.0150675,0.993461,-2.24299,0.519045,2.46051,0.651365
479492,1,-0.71798,0.0150702,0.993462,-2.24299,0.51904,2.46051,0.651368
479492,1,-0.71798,0.0150675,0.993465,-2.24299,0.519043,2.46051,0.651362
479492,1,-0.71798,0.0150686,0.993463,-2.24299,0.519043,2.4605,0.651368
479492,1,-0.71798,0.0150648,0.993461,-2.24299,0.519046,2.46051,0.651366
479492,1,-0.717976,0.0150672,0.993465,-2.24299,0.519045,2.46051,0.651368
479492,1,-0.71798,0.0150667,0.993467,-2.24299,0.519044,2.46051,0.651363
479492,1,-0.71798,0.0150661,0.99346,-2.24299,0.519044,2.46051,0.651364
479492,1,-0.717982,0.0150682,0.993463,-2.24299,0.519043,2.46051,0.651361
479492,1,-0.717984,0.0150676,0.993464,-2.24299,0.519044,2.4605,0.651368
479492,1,-0.71798,0.015066,0.993462,-2.24299,0.519045,2.4605,0.65137
479492,1,-0.717984,0.0150703,0.993465,-2.24299,0.519041,2.46051,0.651366
479492,1,-0.717985,0.0150717,0.993463,-2.24299,0.519042,2.46051,0.651369
479492,1,-0.717984,0.0150675,0.993458,-2.24299,0.519043,2.4605,0.651365
479492,1,-0.717978,0.0150702,0.993467,-2.24299,0.519044,2.4605,0.651367
479492,1,-0.71798,0.0150645,0.993463,-2.24299,0.519047,2.4605,0.651366
479492,1,-0.71798,0.0150675,0.993459,-2.24299,0.519044,2.4605,0.651369
479492,1,-0.717982,0.0150723,0.993461,-2.24299,0.519045,2.46051,0.651363
479492,1,-0.717982,0.0150685,0.993463,-2.24299,0.519043,2.4605,0.65137
479492,1,-0.717981,0.0150658,0.993464,-2.24299,0.519049,2.4605,0.651364
479492,1,-0.717982,0.0150726,0.993465,-2.24299,0.519047,2.4605,0.651366
479492,1,-0.717984,0.0150658,0.993465,-2.24299,0.519044,2.46051,0.651363
479492,1,-0.717984,0.0150672,0.993464,-2.24299,0.519043,2.46051,0.651367
479492,1,-0.717985,0.0150665,0.993463,-2.24299,0.519042,2.46051,0.651366
479492,1,-0.717981,0.0150642,0.993467,-2.24299,0.519045,2.46051,0.651369
479492,1,-0.717982,0.0150678,0.993461,-2.24299,0.519047,2.46051,0.651366
479492,1,-0.717982,0.015066,0.99346,-2.24299,0.519041,2.46051,0.651365
479492,1,-0.717982,0.0150704,0.993465,-2.24299,0.519042,2.46051,0.651367
479492,1,-0.717984,0.0150659,0.993463,-2.24299,0.519041,2.4605,0.651362
479492,1,-0.717979,0.0150675,0.993461,-2.24299,0.519048,2.4605,0.651358
479492,1,-0.717981,0.0150641,0.993463,-2.24299,0.519045,2.4605,0.651364
479492,1,-0.717979,0.0150694,0.993463,-2.24299,0.519044,2.46051,0.651359
479492,1,-0.717982,0.015068,0.993465,-2.24299,0.519043,2.46051,0.651366
479492,1,-0.71798,0.0150712,0.993461,-2.24299,0.519041,2.4605,0.651367
479492,1,-0.717982,0.0150684,0.993463,-2.24299,0.519047,2.46051,0.651363
479492,1,-0.717981,0.0150644,0.993459,-2.24299,0.519045,2.4605,0.651364
479492,1,-0.717982,0.0150658,0.993458,-2.24299,0.519045,2.46051,0.651366
479492,1,-0.71798,0.0150682,0.993464,-2.243,0.519044,2.46051,0.651366
479492,1,-0.717984,0.0150665,0.993463,-2.24299,0.519043,2.4605,0.651362
479492,1,-0.717978,0.0150678,0.993463,-2.24299,0.519042,2.4605,0.65136
479492,1,-0.717978,0.015066,0.993464,-2.24299,0.519042,2.46051,0.651361
479492,1,-0.71798,0.0150641,0.993463,-2.24299,0.519043,2.4605,0.651365
479492,1,-0.71798,0.0150665,0.993462,-2.24299,0.519043,2.46051,0.651363
479492,1,-0.717982,0.0150686,0.993463,-2.24299,0.519045,2.4605,0.651364
479492,1,-0.717985,0.0150658,0.993463,-2.24299,0.519044,2.4605,0.651361
479492,1,-0.717984,0.0150673,0.993459,-2.24299,0.519045,2.46051,0.651362
479492,1,-0.717976,0.0150696,0.993459,-2.24299,0.519045,2.46051,0.651362
479492,1,-0.717985,0.015066,0.993461,-2.24299,0.519043,2.46051,0.651361
479493,1,-0.71798,0.0150648,0.993461,-2.24299,0.519043,2.4605,0.65136
479493,1,-0.71798,0.0150662,0.993458,-2.24299,0.519043,2.46051,0.651363
479493,1,-0.717984,0.0150695,0.993463,-2.24299,0.519046,2.4605,0.65136
479493,1,-0.717982,0.0150654,0.993463,-2.24299,0.51904,2.46051,0.651364
479493,1,-0.717976,0.0150661,0.993464,-2.24299,0.519044,2.4605,0.651361
479493,1,-0.717984,0.0150661,0.993463,-2.24299,0.51904,2.4605,0.651362
479493,1,-0.717982,0.0150677,0.993462,-2.24299,0.519043,2.46051,0.651361
479493,1,-0.717978,0.0150658,0.993466,-2.24299,0.519045,2.4605,0.65136
479493,1,-0.717985,0.0150679,0.993465,-2.24299,0.519045,2.4605,0.65136
479493,1,-0.717982,0.0150679,0.993461,-2.24299,0.519048,2.4605,0.651359
479493,1,-0.717982,0.0150669,0.993462,-2.24299,0.519043,2.4605,0.65136
479493,1,-0.717983,0.0150644,0.993463,-2.24299,0.519043,2.4605,0.651362
479493,1,-0.717978,0.0150679,0.993464,-2.24299,0.519044,2.4605,0.651366
479493,1,-0.71798,0.0150679,0.993465,-2.24299,0.519045,2.4605,0.651361
479493,1,-0.717985,0.0150678,0.993462,-2.24299,0.519047,2.4605,0.651363
479493,1,-0.717982,0.0150658,0.993465,-2.24299,0.519043,2.4605,0.651359
479493,1,-0.71798,0.0150665,0.993459,-2.24299,0.519042,2.4605,0.651359
479493,1,-0.717983,0.0150677,0.993467,-2.24299,0.519047,2.4605,0.651365
479493,1,-0.71798,0.0150698,0.993467,-2.24299,0.519044,2.46051,0.651361
479493,1,-0.71798,0.0150703,0.993463,-2.24299,0.519045,2.46051,0.651363
479493,1,-0.717982,0.0150695,0.993459,-2.24299,0.519043,2.4605,0.651359
479493,1,-0.71798,0.0150677,0.993459,-2.24299,0.519041,2.46051,0.651364
479493,1,-0.717982,0.0150642,0.99346,-2.24299,0.519045,2.4605,0.651358
479493,1,-0.71798,0.0150697,0.99346,-2.24299,0.519043,2.4605,0.651365
479493,1,-0.717982,0.0150753,0.993463,-2.24299,0.519045,2.46051,0.651356
479493,1,-0.717984,0.0150664,0.993463,-2.24299,0.519043,2.46051,0.65136
479493,1,-0.717984,0.0150695,0.993461,-2.24299,0.519044,2.4605,0.651356
479493,1,-0.717978,0.0150675,0.993464,-2.24299,0.519042,2.46051,0.651358
479493,1,-0.71798,0.0150621,0.993457,-2.24299,0.519042,2.4605,0.651353
479493,1,-0.717984,0.0150696,0.993467,-2.24299,0.519048,2.4605,0.651364
479493,1,-0.717982,0.0150675,0.993463,-2.24299,0.519042,2.46051,0.651359
479493,1,-0.717981,0.0150682,0.993464,-2.24299,0.519045,2.46051,0.651354
479493,1,-0.717982,0.0150682,0.993462,-2.24299,0.519045,2.4605,0.651358
479493,1,-0.717982,0.015068,0.993463,-2.24299,0.51904,2.4605,0.651356
479493,1,-0.71798,0.0150716,0.993461,-2.24299,0.519044,2.4605,0.65136
479493,1,-0.717982,0.0150677,0.993465,-2.24299,0.519043,2.46051,0.651357
479493,1,-0.717979,0.0150644,0.993461,-2.24299,0.519044,2.4605,0.65136
479493,1,-0.717982,0.0150658,0.993463,-2.24299,0.519045,2.46051,0.651357
479493,1,-0.717984,0.0150643,0.993463,-2.24299,0.519042,2.4605,0.651359
479493,1,-0.717982,0.0150703,0.993465,-2.24299,0.519045,2.4605,0.651358
479493,1,-0.717982,0.0150681,0.993463,-2.24299,0.519044,2.4605,0.651359
479493,1,-0.71798,0.0150643,0.993463,-2.24299,0.519042,2.4605,0.651354
479493,1,-0.717982,0.0150658,0.993466,-2.24299,0.519044,2.4605,0.651356
479493,1,-0.71798,0.0150679,0.993466,-2.24299,0.519044,2.4605,0.651356
479493,1,-0.71798,0.0150662,0.993462,-2.24299,0.519044,2.4605,0.651355
479493,1,-0.717982,0.0150675,0.99346,-2.24299,0.519042,2.4605,0.65136
479493,1,-0.717984,0.0150658,0.993464,-2.24299,0.519041,2.4605,0.651357
479493,1,-0.717983,0.0150659,0.993465,-2.24299,0.519045,2.4605,0.651362
479493,1,-0.71798,0.0150697,0.993464,-2.24299,0.519044,2.4605,0.651355
479493,1,-0.717982,0.0150641,0.993464,-2.24299,0.519045,2.4605,0.651361
479493,1,-0.71798,0.0150697,0.993468,-2.24299,0.519043,2.4605,0.651357
479493,1,-0.717982,0.0150662,0.993463,-2.24299,0.519044,2.4605,0.651363
479493,1,-0.71798,0.0150675,0.993464,-2.24299,0.519043,2.4605,0.651358
479493,1,-0.717978,0.0150658,0.993465,-2.24299,0.519044,2.46051,0.651358
479493,1,-0.717977,0.0150644,0.993463,-2.24299,0.519042,2.4605,0.651356
479493,1,-0.717979,0.0150684,0.993464,-2.24299,0.519043,2.46051,0.651353
479493,1,-0.717982,0.0150659,0.993462,-2.24299,0.519045,2.4605,0.651354
479493,1,-0.717982,0.0150675,0.993461,-2.24299,0.519044,2.4605,0.651358
479493,1,-0.717981,0.0150673,0.993464,-2.24299,0.519045,2.46051,0.65136
479493,1,-0.717984,0.0150697,0.993461,-2.24299,0.519045,2.4605,0.651357
479493,1,-0.717984,0.0150718,0.993464,-2.24299,0.519043,2.46051,0.651359
479493,1,-0.71798,0.0150681,0.993461,-2.24299,0.519044,2.4605,0.65136
479493,1,-0.717982,0.0150659,0.993463,-2.24299,0.519042,2.4605,0.651358
479493,1,-0.717982,0.0150715,0.993461,-2.24299,0.519044,2.4605,0.651357
479493,1,-0.71798,0.0150697,0.993464,-2.24299,0.519041,2.4605,0.651356
479493,1,-0.71798,0.0150699,0.993465,-2.24299,0.519045,2.46051,0.651358
479493,1,-0.717984,0.0150716,0.993463,-2.24299,0.519043,2.46051,0.651353
479493,1,-0.71798,0.0150682,0.993463,-2.24299,0.519043,2.46051,0.651353
479493,1,-0.717982,0.0150667,0.993462,-2.24299,0.519044,2.46051,0.651352
479493,1,-0.717982,0.0150699,0.993465,-2.24299,0.519045,2.4605,0.651353
479493,1,-0.717982,0.0150658,0.993466,-2.24299,0.519042,2.4605,0.651358
479493,1,-0.717983,0.0150683,0.993461,-2.24299,0.519041,2.46051,0.651355
479493,1,-0.71798,0.0150677,0.993466,-2.24299,0.519043,2.4605,0.651358
479493,1,-0.717984,0.0150713,0.993464,-2.24299,0.519045,2.4605,0.651353
479493,1,-0.71798,0.0150658,0.993463,-2.24299,0.519046,2.4605,0.65136
479493,1,-0.71798,0.0150677,0.993465,-2.24299,0.519045,2.46051,0.651352
479493,1,-0.717981,0.0150678,0.993463,-2.24299,0.519044,2.4605,0.651361
479493,1,-0.717984,0.0150644,0.993461,-2.24299,0.51904,2.4605,0.651354
479493,1,-0.71798,0.0150698,0.993462,-2.24299,0.519045,2.4605,0.651358
479493,1,-0.71798,0.0150677,0.993461,-2.24299,0.519045,2.4605,0.651352
479493,1,-0.717978,0.0150643,0.993462,-2.24299,0.519041,2.4605,0.651357
479493,1,-0.717982,0.0150658,0.993461,-2.24299,0.519045,2.4605,0.651358
479493,1,-0.717982,0.0150676,0.993465,-2.24299,0.519046,2.46051,0.651355
479493,1,-0.717982,0.0150675,0.993459,-2.24299,0.51904,2.4605,0.651356
479493,1,-0.71798,0.0150705,0.993468,-2.24299,0.519041,2.4605,0.651353
479493,1,-0.717982,0.0150683,0.993461,-2.24299,0.519045,2.46051,0.651354
479493,1,-0.717981,0.0150682,0.993461,-2.24299,0.519042,2.4605,0.651358
479493,1,-0.71798,0.0150677,0.993459,-2.24299,0.519042,2.4605,0.651356
479493,1,-0.717982,0.0150648,0.993463,-2.24299,0.519043,2.4605,0.651357
479493,1,-0.717982,0.0150658,0.993466,-2.24299,0.519046,2.46051,0.651354
479493,1,-0.717984,0.0150719,0.993462,-2.24299,0.519039,2.46051,0.651356
479493,1,-0.717982,0.0150658,0.993463,-2.24299,0.519045,2.4605,0.651359
479493,1,-0.717982,0.0150661,0.993463,-2.24299,0.519041,2.46051,0.651359
479493,1,-0.71798,0.0150665,0.993459,-2.24299,0.519042,2.46051,0.651351
479493,1,-0.71798,0.0150659,0.993466,-2.24299,0.519045,2.4605,0.651359
479493,1,-0.717982,0.0150641,0.993463,-2.24299,0.519045,2.46051,0.651361
479493,1,-0.717982,0.0150674,0.993461,-2.24299,0.519047,2.4605,0.651355
479493,1,-0.71798,0.0150687,0.993463,-2.24299,0.519044,2.4605,0.651353
479493,1,-0.71798,0.015066,0.993463,-2.24299,0.519044,2.4605,0.651355
479493,1,-0.717982,0.0150697,0.993463,-2.24299,0.519045,2.4605,0.651356
479493,1,-0.717983,0.0150658,0.993465,-2.24299,0.519044,2.4605,0.651357
479493,1,-0.717984,0.0150697,0.993465,-2.24299,0.519044,2.4605,0.651357
479493,1,-0.717982,0.0150665,0.993463,-2.24299,0.519044,2.4605,0.651351
479493,1,-0.71798,0.0150685,0.993467,-2.24299,0.519044,2.4605,0.651353
479493,1,-0.71798,0.0150657,0.993463,-2.24299,0.519044,2.46051,0.651357
479493,1,-0.71798,0.0150684,0.99346,-2.24299,0.519046,2.46051,0.651353
479493,1,-0.717981,0.0150697,0.993462,-2.24299,0.519044,2.4605,0.651354
479493,1,-0.717982,0.0150658,0.993465,-2.24299,0.519039,2.46051,0.651355
479493,1,-0.717982,0.0150642,0.993465,-2.24299,0.519043,2.4605,0.651355
479493,1,-0.717982,0.0150679,0.993463,-2.24298,0.519042,2.4605,0.651359
479493,1,-0.71798,0.0150648,0.993463,-2.24299,0.519045,2.4605,0.65135
479493,1,-0.71798,0.0150681,0.993464,-2.24299,0.519044,2.46051,0.651361
479493,1,-0.71798,0.0150658,0.993465,-2.24299,0.519043,2.46051,0.651357
479493,1,-0.71798,0.0150696,0.993462,-2.24299,0.519044,2.46051,0.651349
479493,1,-0.717982,0.0150678,0.993459,-2.24299,0.519045,2.4605,0.651358
479493,1,-0.717978,0.0150675,0.993459,-2.24299,0.519047,2.4605,0.651354
479493,1,-0.717984,0.0150696,0.993465,-2.24299,0.519044,2.46051,0.651356
479493,1,-0.717982,0.0150643,0.993465,-2.24299,0.519043,2.4605,0.651355
479493,1,-0.717986,0.0150675,0.99346,-2.24299,0.519049,2.4605,0.651356
479493,1,-0.717982,0.0150678,0.993467,-2.24299,0.519045,2.4605,0.651354
479493,1,-0.717982,0.0150712,0.993461,-2.24299,0.519044,2.46051,0.651356
479493,1,-0.717984,0.0150675,0.993465,-2.24299,0.519045,2.46051,0.651358
479493,1,-0.71798,0.0150696,0.993467,-2.24299,0.519043,2.4605,0.651354
479493,1,-0.717982,0.0150647,0.993463,-2.24299,0.519044,2.4605,0.651355
479493,1,-0.717982,0.015066,0.993461,-2.24299,0.519045,2.4605,0.651359
479493,1,-0.717978,0.0150689,0.993465,-2.24299,0.519045,2.46051,0.651355
479493,1,-0.717981,0.0150648,0.993466,-2.24299,0.519044,2.4605,0.651355
479493,1,-0.717982,0.0150641,0.993464,-2.24299,0.519043,2.4605,0.651358
479493,1,-0.717982,0.0150705,0.993463,-2.24299,0.519043,2.4605,0.651356
479493,1,-0.717983,0.015066,0.993462,-2.24299,0.519043,2.4605,0.651353
479493,1,-0.717982,0.0150675,0.993465,-2.24299,0.519045,2.4605,0.651355
479493,1,-0.717983,0.0150684,0.993463,-2.24299,0.519045,2.46051,0.651355
479493,1,-0.717981,0.0150682,0.993463,-2.24299,0.519044,2.4605,0.651351
479493,1,-0.71798,0.0150658,0.993461,-2.24299,0.519043,2.46051,0.651351
479493,1,-0.717982,0.0150658,0.993462,-2.24299,0.519044,2.4605,0.65135
479493,1,-0.717982,0.0150675,0.993463,-2.24299,0.519041,2.4605,0.651357
479493,1,-0.717979,0.015066,0.993461,-2.24299,0.519043,2.46051,0.651351
479493,1,-0.717982,0.0150675,0.993459,-2.24299,0.519043,2.4605,0.651353
479493,1,-0.717981,0.0150682,0.993462,-2.24299,0.519044,2.46051,0.651358
479493,1,-0.717982,0.0150696,0.993463,-2.24299,0.519044,2.4605,0.651353
479493,1,-0.717981,0.0150685,0.993464,-2.24299,0.519044,2.4605,0.651348
479493,1,-0.717979,0.0150661,0.993465,-2.24299,0.519042,2.4605,0.651359
479493,1,-0.717978,0.0150674,0.993461,-2.24299,0.519045,2.4605,0.651352
479493,1,-0.717983,0.0150676,0.993463,-2.24299,0.519044,2.4605,0.651353
479493,1,-0.717984,0.0150698,0.993458,-2.24299,0.519048,2.4605,0.651354
479493,1,-0.71798,0.0150683,0.993463,-2.24299,0.519045,2.4605,0.651355
479493,1,-0.71798,0.0150659,0.993465,-2.24299,0.519045,2.4605,0.651356
479493,1,-0.717982,0.0150675,0.993464,-2.24299,0.519047,2.4605,0.651356
479493,1,-0.717982,0.0150648,0.993463,-2.24299,0.519043,2.4605,0.651353
479493,1,-0.717982,0.0150706,0.993462,-2.24299,0.519045,2.4605,0.651357
479493,1,-0.717982,0.0150729,0.993465,-2.24299,0.519044,2.46051,0.651354
479493,1,-0.717982,0.0150675,0.993465,-2.24299,0.519044,2.4605,0.651354
479493,1,-0.717984,0.0150723,0.993469,-2.24299,0.519045,2.46051,0.651357
479493,1,-0.717978,0.0150666,0.993465,-2.24299,0.519044,2.46051,0.651347
479493,1,-0.717982,0.0150679,0.993464,-2.24299,0.519046,2.46051,0.65135
479493,1,-0.717982,0.0150695,0.993465,-2.24299,0.519044,2.46051,0.651354
479493,1,-0.717978,0.0150677,0.993462,-2.24299,0.519047,2.4605,0.651351
479493,1,-0.71798,0.0150686,0.993462,-2.24299,0.519045,2.4605,0.651352
479493,1,-0.717983,0.0150682,0.993462,-2.24299,0.519043,2.4605,0.651351
479493,1,-0.717983,0.0150671,0.993463,-2.24299,0.519043,2.4605,0.651351
479493,1,-0.717978,0.0150668,0.993465,-2.24299,0.519046,2.46051,0.65135
479493,1,-0.71798,0.0150654,0.993463,-2.24299,0.519044,2.4605,0.65135
479493,1,-0.71798,0.0150675,0.993462,-2.24299,0.519044,2.4605,0.651354
479493,1,-0.717984,0.0150686,0.993459,-2.24299,0.519044,2.4605,0.651352
479493,1,-0.717982,0.0150678,0.993463,-2.24299,0.519043,2.46051,0.651352
479493,1,-0.71798,0.0150675,0.993463,-2.24299,0.519041,2.4605,0.651352
479493,1,-0.717982,0.0150665,0.993463,-2.24299,0.519048,2.46051,0.651353
479493,1,-0.717983,0.0150683,0.993461,-2.24299,0.519042,2.4605,0.651353
479493,1,-0.717982,0.0150675,0.993464,-2.24299,0.519043,2.4605,0.651346
479493,1,-0.71798,0.0150667,0.993459,-2.24299,0.519044,2.4605,0.651353
479493,1,-0.717978,0.0150659,0.993465,-2.24299,0.519044,2.4605,0.65135
479493,1,-0.717982,0.0150706,0.993463,-2.24299,0.519047,2.4605,0.651355
479493,1,-0.717982,0.0150659,0.993465,-2.24299,0.519044,2.4605,0.651348
479493,1,-0.71798,0.0150702,0.993465,-2.24299,0.519043,2.46051,0.651348
479493,1,-0.71798,0.0150683,0.993461,-2.24299,0.519045,2.4605,0.651352
479493,1,-0.717978,0.0150675,0.993463,-2.24299,0.519045,2.4605,0.651352
479493,1,-0.717978,0.0150703,0.993463,-2.24299,0.519043,2.4605,0.651346
479493,1,-0.717982,0.0150658,0.993465,-2.24299,0.519045,2.46051,0.651348
479493,1,-0.717976,0.0150675,0.99346,-2.24299,0.519044,2.46051,0.651349
479493,1,-0.71798,0.0150664,0.993465,-2.24299,0.519048,2.4605,0.651349
479493,1,-0.71798,0.0150681,0.993462,-2.24299,0.519045,2.4605,0.651347
479493,1,-0.717982,0.015065,0.993467,-2.24299,0.519042,2.4605,0.651354
479493,1,-0.717979,0.0150628,0.993465,-2.24299,0.519045,2.4605,0.651348
479493,1,-0.717984,0.0150665,0.993459,-2.24299,0.519047,2.46051,0.651351
479493,1,-0.717984,0.0150621,0.993465,-2.24299,0.519045,2.4605,0.651346
479493,1,-0.71798,0.0150694,0.993463,-2.24299,0.519045,2.46051,0.651346
479493,1,-0.717982,0.0150648,0.993465,-2.24299,0.519044,2.4605,0.651346
479493,1,-0.71798,0.0150665,0.993465,-2.24299,0.519043,2.4605,0.65135
479493,1,-0.71798,0.0150686,0.993465,-2.24299,0.519043,2.46051,0.651341
479493,1,-0.717982,0.015066,0.993463,-2.24299,0.519044,2.4605,0.65135
479493,1,-0.717978,0.0150679,0.993461,-2.24299,0.519045,2.4605,0.651352
479493,1,-0.717982,0.0150676,0.993463,-2.24299,0.519046,2.4605,0.651354
479493,1,-0.717984,0.015066,0.993463,-2.24299,0.519046,2.4605,0.651353
479493,1,-0.717982,0.0150686,0.993463,-2.24299,0.519044,2.4605,0.651348
479493,1,-0.71798,0.0150644,0.993464,-2.24299,0.519045,2.4605,0.651347
479493,1,-0.717978,0.0150677,0.993461,-2.24299,0.519043,2.4605,0.651352
479493,1,-0.717981,0.0150663,0.993461,-2.24299,0.519042,2.46051,0.65135
479493,1,-0.717974,0.015068,0.993465,-2.24299,0.519045,2.46051,0.65135
479493,1,-0.717982,0.0150665,0.993461,-2.24299,0.519043,2.46051,0.651352
479493,1,-0.717982,0.0150675,0.993461,-2.24299,0.519043,2.4605,0.651351
479494,1,-0.71798,0.0150711,0.993462,-2.24299,0.51904,2.4605,0.651351
479494,1,-0.717982,0.0150675,0.993463,-2.24299,0.519045,2.4605,0.651353
479494,1,-0.71798,0.0150675,0.993465,-2.24299,0.519045,2.4605,0.65135
479494,1,-0.71798,0.0150717,0.993465,-2.24299,0.519043,2.4605,0.651353
479494,1,-0.717982,0.0150682,0.993465,-2.24298,0.519042,2.4605,0.651345
479494,1,-0.717978,0.0150659,0.993461,-2.24299,0.519044,2.46051,0.65135
479494,1,-0.717982,0.0150686,0.993463,-2.24299,0.519044,2.4605,0.65135
479494,1,-0.717978,0.0150679,0.993461,-2.24299,0.519045,2.4605,0.651351
479494,1,-0.71798,0.0150667,0.993465,-2.24299,0.519043,2.4605,0.651349
479494,1,-0.717985,0.0150639,0.993464,-2.24299,0.519044,2.4605,0.651351
479494,1,-0.717982,0.0150661,0.993464,-2.24299,0.519043,2.4605,0.651347
479494,1,-0.717984,0.0150669,0.993463,-2.24299,0.519041,2.46051,0.651345
479494,1,-0.717978,0.0150665,0.993465,-2.24299,0.519047,2.46051,0.65135
479494,1,-0.717982,0.0150696,0.993462,-2.24299,0.519045,2.46051,0.651346
479494,1,-0.717984,0.0150641,0.993459,-2.24299,0.519043,2.4605,0.651349
479494,1,-0.71798,0.0150696,0.993461,-2.24299,0.519044,2.46051,0.651345
479494,1,-0.717979,0.0150712,0.993461,-2.24299,0.519044,2.46051,0.65135
479494,1,-0.717982,0.0150675,0.993465,-2.24299,0.519045,2.4605,0.651347
479494,1,-0.717982,0.0150696,0.993465,-2.24299,0.519041,2.46051,0.651347
479494,1,-0.717982,0.0150681,0.993464,-2.24299,0.519045,2.46051,0.651344
479494,1,-0.71798,0.0150672,0.993461,-2.24299,0.519045,2.4605,0.651341
479494,1,-0.71798,0.0150675,0.993463,-2.24299,0.519044,2.4605,0.651339
479494,1,-0.717982,0.0150658,0.993462,-2.24299,0.519045,2.46051,0.651348
479494,1,-0.717982,0.0150695,0.993464,-2.24299,0.519039,2.46051,0.651348
479494,1,-0.717976,0.0150683,0.993463,-2.24299,0.519043,2.4605,0.651345
479494,1,-0.71798,0.0150702,0.993464,-2.24299,0.519043,2.4605,0.651352
479494,1,-0.717979,0.0150658,0.993465,-2.24299,0.519045,2.4605,0.65135
479494,1,-0.717982,0.0150722,0.993469,-2.24299,0.519044,2.4605,0.65135
479494,1,-0.71798,0.0150694,0.993468,-2.24299,0.519041,2.4605,0.651347
479494,1,-0.71798,0.0150659,0.993466,-2.24299,0.519044,2.46051,0.651352
479494,1,-0.717982,0.0150662,0.993462,-2.24299,0.519045,2.4605,0.65135
479494,1,-0.71798,0.0150657,0.993466,-2.24299,0.519045,2.46051,0.651344
479494,1,-0.71798,0.0150658,0.993468,-2.24299,0.519044,2.4605,0.651342
479494,1,-0.717984,0.0150643,0.993465,-2.24299,0.519043,2.4605,0.651349
479494,1,-0.71798,0.0150641,0.993461,-2.24299,0.519043,2.4605,0.651346
479494,1,-0.717978,0.0150698,0.993464,-2.24299,0.519042,2.4605,0.65135
479494,1,-0.717982,0.0150678,0.993464,-2.24299,0.519044,2.46051,0.651345
479494,1,-0.717982,0.0150679,0.993461,-2.24299,0.519046,2.4605,0.651353
479494,1,-0.717978,0.0150674,0.993464,-2.24299,0.51904,2.4605,0.651347
479494,1,-0.717982,0.0150677,0.993463,-2.24299,0.519047,2.4605,0.651344
479494,1,-0.717982,0.0150675,0.993465,-2.24299,0.519045,2.4605,0.651346
479494,1,-0.717981,0.0150677,0.993464,-2.24299,0.519042,2.4605,0.651346
479494,1,-0.717984,0.0150641,0.993465,-2.24299,0.519044,2.46051,0.651349
479494,1,-0.717984,0.0150695,0.993459,-2.24299,0.519042,2.4605,0.651344
479494,1,-0.71798,0.0150666,0.993463,-2.24299,0.519044,2.4605,0.65134
479494,1,-0.717982,0.0150699,0.993462,-2.24299,0.519045,2.4605,0.65135
479494,1,-0.71798,0.0150665,0.993463,-2.24299,0.519044,2.4605,0.651343
479494,1,-0.717984,0.0150648,0.993464,-2.24299,0.519042,2.4605,0.651342
479494,1,-0.717984,0.0150675,0.993459,-2.24299,0.519045,2.4605,0.651344
479494,1,-0.717983,0.0150675,0.993462,-2.24299,0.519047,2.46051,0.65135
479494,1,-0.71798,0.0150658,0.993462,-2.24299,0.519045,2.4605,0.651342
479494,1,-0.717981,0.0150695,0.993463,-2.24299,0.519043,2.4605,0.651342
479494,1,-0.717982,0.0150718,0.993462,-2.24299,0.519045,2.4605,0.651345
479494,1,-0.717984,0.0150682,0.993462,-2.24299,0.519044,2.46051,0.651348
479494,1,-0.717982,0.0150675,0.993464,-2.24299,0.519044,2.4605,0.651345
479494,1,-0.717979,0.0150658,0.993463,-2.24299,0.519043,2.4605,0.651343
479494,1,-0.717982,0.0150658,0.993464,-2.24299,0.51905,2.46051,0.651339
479494,1,-0.71798,0.0150704,0.993463,-2.24299,0.519042,2.46051,0.651344
479494,1,-0.717978,0.0150659,0.993468,-2.24299,0.519045,2.46051,0.651343
479494,1,-0.717978,0.0150696,0.993461,-2.24299,0.519043,2.4605,0.651342
479494,1,-0.71798,0.0150665,0.993461,-2.24299,0.519046,2.4605,0.651343
479494,1,-0.717982,0.0150679,0.993465,-2.24299,0.519046,2.46051,0.651344
479494,1,-0.71798,0.0150675,0.993462,-2.24299,0.519045,2.4605,0.651346
479494,1,-0.717978,0.0150705,0.993461,-2.24299,0.519043,2.46051,0.651343
479494,1,-0.717982,0.0150665,0.993461,-2.24299,0.519046,2.4605,0.651341
479494,1,-0.717984,0.0150675,0.993464,-2.24299,0.519043,2.4605,0.651344
479494,1,-0.717976,0.0150637,0.993468,-2.24299,0.51904,2.4605,0.651343
479494,1,-0.71798,0.0150696,0.993462,-2.24299,0.519047,2.46051,0.651341
479494,1,-0.717978,0.0150659,0.993467,-2.24299,0.519044,2.46051,0.651341
479494,1,-0.71798,0.0150683,0.993461,-2.24299,0.519043,2.4605,0.651343
479494,1,-0.717984,0.0150662,0.993461,-2.24298,0.519043,2.4605,0.65134
479494,1,-0.717982,0.0150741,0.99346,-2.24299,0.519043,2.46051,0.651346
479494,1,-0.71798,0.0150702,0.993465,-2.24299,0.519052,2.46051,0.651342
479494,1,-0.71798,0.0150698,0.993461,-2.24299,0.519049,2.4605,0.651341
479494,1,-0.717985,0.0150622,0.993461,-2.24299,0.51904,2.4605,0.651347
479494,1,-0.71798,0.0150686,0.993462,-2.24299,0.519043,2.4605,0.651346
479494,1,-0.717984,0.0150684,0.993466,-2.24299,0.519044,2.4605,0.651346
479494,1,-0.717982,0.0150704,0.993463,-2.24299,0.519043,2.46051,0.651343
479494,1,-0.717984,0.0150661,0.993465,-2.24299,0.519042,2.46051,0.651341
479494,1,-0.717978,0.0150683,0.993466,-2.24298,0.519045,2.4605,0.651345
479494,1,-0.71798,0.0150643,0.993462,-2.24299,0.519044,2.4605,0.651343
479494,1,-0.717982,0.015066,0.993463,-2.24299,0.519042,2.46051,0.651347
479494,1,-0.717982,0.0150684,0.993461,-2.24299,0.519041,2.46051,0.651338
479494,1,-0.71798,0.0150677,0.993462,-2.24299,0.519045,2.4605,0.651346
479494,1,-0.717982,0.0150668,0.993463,-2.24299,0.519044,2.4605,0.651338
479494,1,-0.717985,0.0150683,0.993465,-2.24299,0.519043,2.46051,0.651344
479494,1,-0.71798,0.0150665,0.993462,-2.24299,0.519043,2.4605,0.651347
479494,1,-0.717978,0.0150682,0.993463,-2.24299,0.519044,2.46051,0.651346
479494,1,-0.717982,0.0150678,0.993459,-2.24299,0.519041,2.4605,0.651343
479494,1,-0.71798,0.0150658,0.993463,-2.24299,0.519043,2.4605,0.651342
479494,1,-0.717982,0.0150719,0.993461,-2.24299,0.519044,2.4605,0.651342
479494,1,-0.71798,0.015068,0.993461,-2.24299,0.51904,2.46051,0.651343
479494,1,-0.717982,0.0150703,0.993461,-2.24299,0.519045,2.4605,0.651343
479494,1,-0.71798,0.0150675,0.993464,-2.24299,0.519044,2.4605,0.651348
479494,1,-0.717984,0.0150695,0.993464,-2.24299,0.519045,2.4605,0.651342
479494,1,-0.71798,0.0150658,0.993463,-2.24299,0.519043,2.46051,0.651345
479494,1,-0.717982,0.0150648,0.993459,-2.24299,0.519044,2.4605,0.65134
479494,1,-0.717982,0.0150683,0.993462,-2.24299,0.519045,2.4605,0.651347
479494,1,-0.717985,0.0150654,0.993463,-2.24299,0.519045,2.4605,0.651339
479494,1,-0.717984,0.0150663,0.993461,-2.24299,0.519041,2.4605,0.651347
479494,1,-0.717978,0.0150675,0.993463,-2.24299,0.519043,2.4605,0.651338
479494,1,-0.717982,0.0150658,0.993465,-2.24299,0.519043,2.4605,0.651341
479494,1,-0.717978,0.0150702,0.993463,-2.24299,0.519044,2.46051,0.65134
479494,1,-0.717978,0.0150716,0.993463,-2.24299,0.519045,2.4605,0.651339
479494,1,-0.717984,0.0150696,0.993465,-2.24299,0.519044,2.4605,0.651341
479494,1,-0.71798,0.0150698,0.993462,-2.24299,0.519039,2.4605,0.651343
479494,1,-0.717984,0.0150694,0.993462,-2.24299,0.519041,2.4605,0.65134
479494,1,-0.717984,0.0150733,0.993467,-2.24299,0.519045,2.4605,0.651346
479494,1,-0.717982,0.0150666,0.993465,-2.24299,0.519049,2.46051,0.651344
479494,1,-0.71798,0.0150699,0.993463,-2.24299,0.519045,2.46051,0.651346
479494,1,-0.717985,0.0150643,0.993465,-2.243,0.519041,2.4605,0.651342
479494,1,-0.717982,0.0150641,0.993461,-2.24299,0.519043,2.4605,0.651343
479494,1,-0.717982,0.0150695,0.993461,-2.24299,0.519043,2.4605,0.651342
479494,1,-0.717982,0.0150675,0.993463,-2.24299,0.519044,2.4605,0.651347
479494,1,-0.717982,0.0150695,0.993464,-2.24299,0.519044,2.46051,0.651338
479494,1,-0.717978,0.0150697,0.993464,-2.24299,0.519043,2.46051,0.651346
479494,1,-0.717982,0.0150659,0.993465,-2.24299,0.519042,2.4605,0.651343
479494,1,-0.717978,0.0150702,0.993464,-2.24299,0.519046,2.4605,0.651339
479494,1,-0.717984,0.0150702,0.993462,-2.24299,0.519046,2.46051,0.651346
479494,1,-0.71798,0.0150667,0.993464,-2.24299,0.519044,2.46051,0.651343
479494,1,-0.717984,0.0150684,0.993461,-2.24299,0.519045,2.46051,0.651344
479494,1,-0.717982,0.0150676,0.993462,-2.24299,0.519044,2.4605,0.651345
479494,1,-0.717978,0.0150658,0.993461,-2.24299,0.519042,2.4605,0.651339
479494,1,-0.717982,0.0150661,0.993465,-2.24299,0.519047,2.46051,0.651343
479494,1,-0.717984,0.0150675,0.993459,-2.24299,0.51904,2.4605,0.651343
479494,1,-0.717982,0.0150674,0.993465,-2.24299,0.519047,2.4605,0.651339
479494,1,-0.717985,0.0150665,0.993463,-2.24299,0.519045,2.4605,0.651335
479494,1,-0.717983,0.0150718,0.993461,-2.24299,0.519042,2.4605,0.651335
479494,1,-0.717982,0.0150704,0.993462,-2.24299,0.519043,2.4605,0.651337
479494,1,-0.71798,0.0150698,0.993463,-2.24299,0.51904,2.4605,0.651338
479494,1,-0.717982,0.0150658,0.993461,-2.24299,0.519045,2.46051,0.651337
479494,1,-0.717983,0.0150644,0.993465,-2.24299,0.519045,2.46051,0.651338
479494,1,-0.717982,0.0150643,0.993465,-2.24299,0.519046,2.4605,0.651337
479494,1,-0.717979,0.0150698,0.993465,-2.24299,0.519045,2.4605,0.651343
479494,1,-0.717978,0.0150674,0.993464,-2.24299,0.519044,2.4605,0.651335
479494,1,-0.717982,0.0150697,0.993458,-2.24299,0.51904,2.46051,0.651342
479494,1,-0.717984,0.0150682,0.993464,-2.24299,0.519043,2.4605,0.651338
479494,1,-0.71798,0.0150685,0.993463,-2.24299,0.519047,2.4605,0.651343
479494,1,-0.71798,0.0150706,0.993466,-2.24299,0.519045,2.46051,0.651335
479494,1,-0.717984,0.0150697,0.993461,-2.24299,0.519045,2.4605,0.651342
479494,1,-0.717982,0.0150699,0.993465,-2.24299,0.519043,2.4605,0.651342
479494,1,-0.71798,0.0150665,0.993461,-2.24299,0.519045,2.4605,0.651341
479494,1,-0.71798,0.0150697,0.993465,-2.24299,0.519044,2.4605,0.651343
479494,1,-0.71798,0.0150684,0.993463,-2.24299,0.519045,2.46051,0.65134
479494,1,-0.717978,0.0150675,0.993466,-2.24299,0.519044,2.4605,0.651343
479494,1,-0.717982,0.0150712,0.993461,-2.24299,0.519043,2.4605,0.651336
479494,1,-0.71798,0.0150674,0.993466,-2.24299,0.51905,2.4605,0.651343
479494,1,-0.717982,0.0150658,0.993461,-2.24299,0.519045,2.4605,0.651341
479494,1,-0.71798,0.0150696,0.993462,-2.24299,0.519041,2.46051,0.651343
479494,1,-0.717978,0.0150696,0.993463,-2.24299,0.519044,2.4605,0.65134
479494,1,-0.717982,0.0150678,0.993464,-2.24299,0.519044,2.4605,0.651342
479494,1,-0.717982,0.0150658,0.993463,-2.24299,0.519041,2.4605,0.651343
479494,1,-0.717982,0.0150682,0.993463,-2.24299,0.519045,2.46051,0.651335
479494,1,-0.717984,0.0150696,0.993461,-2.24299,0.519044,2.46051,0.651339
479494,1,-0.717982,0.0150675,0.993465,-2.24299,0.519044,2.46051,0.651337
479494,1,-0.717978,0.0150667,0.993468,-2.24299,0.519045,2.46051,0.651339
479494,1,-0.71798,0.0150665,0.99346,-2.24299,0.519043,2.4605,0.65134
479494,1,-0.717982,0.0150642,0.993463,-2.24299,0.519044,2.46051,0.651343
479494,1,-0.71798,0.0150699,0.993467,-2.24299,0.519045,2.4605,0.651338
479494,1,-0.717978,0.0150683,0.993459,-2.24299,0.519043,2.46051,0.651331
479494,1,-0.71798,0.0150695,0.993463,-2.24299,0.519044,2.46051,0.651342
479494,1,-0.717982,0.0150641,0.993461,-2.24299,0.519046,2.4605,0.651342
479494,1,-0.717982,0.0150664,0.993465,-2.24299,0.519045,2.46051,0.651337
479494,1,-0.717984,0.0150709,0.993464,-2.24299,0.519042,2.46051,0.651334
479494,1,-0.717982,0.0150641,0.993463,-2.24299,0.51904,2.4605,0.651338
479494,1,-0.717982,0.0150667,0.993463,-2.24299,0.519043,2.4605,0.651336
479494,1,-0.71798,0.0150717,0.993461,-2.24299,0.519044,2.46051,0.651336
479494,1,-0.717982,0.0150665,0.993465,-2.24299,0.519045,2.46051,0.651335
479494,1,-0.717984,0.0150716,0.993463,-2.24299,0.519044,2.46051,0.651339
479494,1,-0.717985,0.0150676,0.993462,-2.24299,0.519043,2.4605,0.651337
479494,1,-0.717984,0.0150675,0.993461,-2.24299,0.519043,2.4605,0.651334
479494,1,-0.71798,0.0150658,0.99346,-2.24299,0.519043,2.46051,0.651334
479494,1,-0.717982,0.0150695,0.993459,-2.24299,0.519045,2.4605,0.651336
479494,1,-0.717982,0.0150714,0.993462,-2.24299,0.519045,2.4605,0.651338
479494,1,-0.71798,0.0150696,0.993463,-2.24299,0.519044,2.46051,0.651336
479494,1,-0.717982,0.015068,0.993465,-2.24299,0.519045,2.4605,0.651339
479494,1,-0.717982,0.0150659,0.993464,-2.24299,0.519044,2.4605,0.651332
479494,1,-0.717982,0.0150679,0.993467,-2.24299,0.519047,2.4605,0.651338
479494,1,-0.717982,0.015066,0.993461,-2.24299,0.519047,2.46051,0.651337
479494,1,-0.717985,0.0150682,0.993465,-2.24299,0.519041,2.4605,0.65134
479494,1,-0.71798,0.015068,0.99346,-2.24299,0.519045,2.46051,0.65134
479494,1,-0.717981,0.0150644,0.993465,-2.24299,0.519043,2.4605,0.651339
479494,1,-0.71798,0.0150724,0.993465,-2.24299,0.519044,2.4605,0.651334
479494,1,-0.71798,0.0150677,0.993467,-2.24299,0.519041,2.4605,0.651341
479494,1,-0.717982,0.0150641,0.993468,-2.24299,0.51904,2.46051,0.651337
479494,1,-0.717982,0.0150676,0.993464,-2.24299,0.519041,2.4605,0.651333
479494,1,-0.71798,0.0150675,0.993468,-2.24299,0.519044,2.4605,0.651335
479494,1,-0.717982,0.0150644,0.993465,-2.24299,0.519044,2.4605,0.651337
479494,1,-0.71798,0.0150698,0.993465,-2.24299,0.519043,2.46051,0.651331
479494,1,-0.717984,0.0150677,0.993461,-2.24299,0.519044,2.4605,0.651339
479494,1,-0.71798,0.0150681,0.993464,-2.24299,0.519044,2.4605,0.651336
479494,1,-0.717982,0.0150675,0.993461,-2.24299,0.519044,2.4605,0.651339
479494,1,-0.717984,0.0150658,0.993462,-2.24299,0.519042,2.4605,0.651331
479494,1,-0.717982,0.0150658,0.993459,-2.24299,0.519044,2.46051,0.651336
479494,1,-0.71798,0.0150658,0.993463,-2.24299,0.519041,2.4605,0.651333
479494,1,-0.717981,0.0150661,0.993464,-2.24299,0.519041,2.46051,0.651339
479494,1,-0.71798,0.0150641,0.993463,-2.24299,0.519043,2.4605,0.651336
479494,1,-0.717982,0.0150679,0.993461,-2.24299,0.519043,2.4605,0.65134
479494,1,-0.717982,0.0150669,0.993463,-2.24299,0.519047,2.46051,0.651335
479494,1,-0.717982,0.0150678,0.993465,-2.24299,0.519045,2.4605,0.651335
479495,1,-0.71798,0.0150662,0.993462,-2.24299,0.519045,2.4605,0.651336
479495,1,-0.717983,0.015066,0.993461,-2.24299,0.519044,2.46051,0.651339
479495,1,-0.717982,0.0150641,0.993465,-2.24299,0.519042,2.4605,0.651331
479495,1,-0.717982,0.0150675,0.993467,-2.24299,0.519042,2.4605,0.651331
479495,1,-0.717984,0.0150696,0.993462,-2.24298,0.519044,2.46051,0.651337
479495,1,-0.71798,0.0150699,0.993465,-2.24299,0.519045,2.46051,0.651341
479495,1,-0.717985,0.0150659,0.993467,-2.24299,0.519044,2.46051,0.651331
479495,1,-0.717982,0.0150675,0.993463,-2.24299,0.519045,2.4605,0.651338
479495,1,-0.717982,0.0150675,0.993463,-2.24299,0.519046,2.4605,0.651334
479495,1,-0.71798,0.015069,0.993462,-2.24299,0.519041,2.4605,0.651341
479495,1,-0.717976,0.0150696,0.993459,-2.24299,0.519044,2.46051,0.651336
479495,1,-0.71798,0.0150662,0.993465,-2.24299,0.519041,2.4605,0.651334
479495,1,-0.71798,0.0150678,0.993468,-2.24299,0.519043,2.4605,0.651332
479495,1,-0.717982,0.0150663,0.993459,-2.24299,0.519045,2.4605,0.651341
479495,1,-0.717982,0.0150675,0.993462,-2.24299,0.519044,2.4605,0.651342
479495,1,-0.717984,0.0150707,0.993459,-2.24299,0.519044,2.4605,0.651336
479495,1,-0.71798,0.015068,0.993464,-2.24299,0.519044,2.4605,0.651337
479495,1,-0.717982,0.0150674,0.993469,-2.24299,0.519043,2.4605,0.651338
479495,1,-0.717982,0.015064,0.993464,-2.24299,0.519041,2.4605,0.651336
479495,1,-0.71798,0.0150738,0.993463,-2.24299,0.519044,2.46051,0.651335
479495,1,-0.717981,0.0150698,0.993463,-2.24299,0.519044,2.4605,0.651338
479495,1,-0.71798,0.0150667,0.993463,-2.24299,0.519043,2.4605,0.651331
479495,1,-0.717979,0.0150687,0.993459,-2.24299,0.519043,2.46051,0.651333
479495,1,-0.717978,0.0150686,0.993465,-2.24299,0.519044,2.4605,0.651329
479495,1,-0.717982,0.0150677,0.993461,-2.24299,0.519045,2.46051,0.651334
479495,1,-0.717982,0.0150682,0.993463,-2.24299,0.519043,2.46051,0.651333
479495,1,-0.717982,0.0150679,0.993464,-2.24299,0.519041,2.46051,0.651335
479495,1,-0.717982,0.0150659,0.993464,-2.24299,0.519044,2.4605,0.651331
479495,1,-0.717982,0.0150697,0.993463,-2.24299,0.519045,2.4605,0.651332
479495,1,-0.717984,0.0150658,0.993464,-2.24299,0.519045,2.4605,0.651333
479495,1,-0.717981,0.0150684,0.993468,-2.24299,0.519044,2.46051,0.651331
479495,1,-0.717984,0.0150661,0.993463,-2.24299,0.519043,2.4605,0.651336
479495,1,-0.717978,0.0150664,0.993463,-2.24299,0.519045,2.4605,0.651333
479495,1,-0.717982,0.0150695,0.993464,-2.24299,0.519042,2.4605,0.651332
479495,1,-0.717982,0.0150643,0.993464,-2.24299,0.519045,2.46051,0.651334
479495,1,-0.717982,0.0150665,0.993462,-2.24299,0.519045,2.46051,0.651336
479495,1,-0.717979,0.0150641,0.993465,-2.24299,0.51904,2.46051,0.651335
479495,1,-0.717982,0.0150658,0.993462,-2.24299,0.519045,2.4605,0.651333
479495,1,-0.717982,0.0150706,0.993465,-2.24298,0.519044,2.46051,0.651335
479495,1,-0.71798,0.0150695,0.993464,-2.24299,0.519045,2.4605,0.651329
479495,1,-0.717982,0.0150714,0.993467,-2.24299,0.51904,2.4605,0.651335
479495,1,-0.717984,0.0150726,0.993465,-2.24299,0.519044,2.4605,0.65133
479495,1,-0.717982,0.0150658,0.993465,-2.24299,0.519043,2.4605,0.651328
479495,1,-0.717984,0.0150679,0.993466,-2.24299,0.51904,2.46051,0.651333
479495,1,-0.717982,0.0150658,0.993464,-2.24299,0.519045,2.4605,0.651335
479495,1,-0.717982,0.015066,0.993468,-2.24299,0.519045,2.46051,0.651333
479495,1,-0.717985,0.0150675,0.993464,-2.24299,0.519042,2.4605,0.651337
479495,1,-0.717982,0.015066,0.99346,-2.24299,0.519041,2.46051,0.651333
479495,1,-0.717983,0.0150695,0.993461,-2.24298,0.519045,2.4605,0.651332
479495,1,-0.717981,0.0150685,0.993463,-2.24299,0.519045,2.4605,0.651336
479495,1,-0.717982,0.0150665,0.993464,-2.24299,0.519045,2.4605,0.651334
479495,1,-0.717982,0.0150685,0.993462,-2.24299,0.519044,2.4605,0.651335
479495,1,-0.717982,0.0150666,0.993461,-2.24299,0.519044,2.4605,0.651336
479495,1,-0.717984,0.0150697,0.993466,-2.24299,0.519043,2.4605,0.651333
479495,1,-0.717981,0.015066,0.993461,-2.24299,0.519042,2.46051,0.651335
479495,1,-0.717983,0.0150684,0.993464,-2.24299,0.519041,2.46051,0.651333
479495,1,-0.717982,0.0150675,0.993462,-2.24299,0.519044,2.46051,0.651337
479495,1,-0.71798,0.0150705,0.993465,-2.24299,0.519041,2.4605,0.651334
479495,1,-0.71798,0.0150676,0.993465,-2.24299,0.519041,2.4605,0.651335
479495,1,-0.717984,0.015072,0.993461,-2.24299,0.519045,2.4605,0.651335
479495,1,-0.717982,0.0150716,0.993465,-2.24299,0.519045,2.46051,0.651331
479495,1,-0.717982,0.0150664,0.993464,-2.24299,0.51904,2.4605,0.651337
479495,1,-0.717982,0.0150658,0.993464,-2.24299,0.519044,2.46051,0.651334
479495,1,-0.717982,0.015066,0.993465,-2.24299,0.519043,2.4605,0.65133
479495,1,-0.717984,0.0150697,0.993463,-2.24299,0.519041,2.4605,0.651334
479495,1,-0.71798,0.0150658,0.993463,-2.24299,0.519045,2.46051,0.651327
479495,1,-0.71798,0.0150696,0.993465,-2.24299,0.519044,2.46051,0.651333
479495,1,-0.71798,0.0150649,0.993462,-2.24299,0.519044,2.4605,0.651326
479495,1,-0.717982,0.0150679,0.993464,-2.24299,0.519043,2.4605,0.651334
479495,1,-0.71798,0.0150684,0.993461,-2.24299,0.519042,2.4605,0.651324
479495,1,-0.717978,0.0150697,0.993463,-2.24299,0.519047,2.46051,0.651324
479495,1,-0.71798,0.0150676,0.993463,-2.24299,0.519043,2.4605,0.651325
479495,1,-0.717982,0.0150679,0.993462,-2.24299,0.519045,2.46051,0.651336
479495,1,-0.717982,0.0150682,0.993461,-2.24299,0.519045,2.4605,0.651334
479495,1,-0.717982,0.0150659,0.993465,-2.24299,0.519045,2.4605,0.651326
479495,1,-0.717982,0.015065,0.993466,-2.24299,0.519045,2.4605,0.651329
479495,1,-0.717982,0.0150665,0.993468,-2.24299,0.519044,2.4605,0.651324
479495,1,-0.717984,0.0150716,0.993465,-2.24299,0.519045,2.46051,0.651331
479495,1,-0.71798,0.0150666,0.993463,-2.24299,0.519044,2.4605,0.651326
479495,1,-0.717982,0.0150682,0.993464,-2.24299,0.519043,2.4605,0.651332
479495,1,-0.717979,0.0150678,0.993464,-2.24299,0.519045,2.4605,0.651326
479495,1,-0.717979,0.0150711,0.993461,-2.24299,0.519045,2.4605,0.651338
479495,1,-0.717983,0.0150678,0.993461,-2.24299,0.519045,2.4605,0.651328
479495,1,-0.717982,0.0150696,0.993463,-2.24299,0.519043,2.4605,0.651333
479495,1,-0.717985,0.0150697,0.993465,-2.24299,0.51904,2.4605,0.651334
479495,1,-0.717982,0.0150643,0.993463,-2.24299,0.519045,2.46051,0.651332
479495,1,-0.717978,0.0150676,0.993462,-2.24299,0.519041,2.46051,0.651332
479495,1,-0.717984,0.0150699,0.993464,-2.24299,0.519042,2.46051,0.651334
479495,1,-0.717982,0.015068,0.993462,-2.24299,0.519041,2.4605,0.651336
479495,1,-0.717984,0.015066,0.993463,-2.24299,0.519042,2.4605,0.651332
479495,1,-0.71798,0.0150658,0.993469,-2.24299,0.519045,2.46051,0.651338
479495,1,-0.717982,0.0150696,0.993461,-2.24299,0.519049,2.46051,0.651332
479495,1,-0.71798,0.015068,0.993464,-2.24299,0.519044,2.4605,0.651331
479495,1,-0.717984,0.0150696,0.993462,-2.24299,0.519041,2.4605,0.651332
479495,1,-0.71798,0.0150713,0.993466,-2.24298,0.519045,2.4605,0.651332
479495,1,-0.717978,0.0150724,0.993463,-2.24299,0.519046,2.4605,0.651331
479495,1,-0.717984,0.0150675,0.993464,-2.24299,0.519045,2.46051,0.651335
479495,1,-0.71798,0.0150697,0.993467,-2.24299,0.519044,2.46051,0.651327
479495,1,-0.717982,0.0150621,0.993463,-2.24299,0.519043,2.46051,0.651325
479495,1,-0.717984,0.0150624,0.993462,-2.24299,0.519045,2.4605,0.651328
479495,1,-0.717982,0.0150679,0.993463,-2.24299,0.519041,2.4605,0.651329
479495,1,-0.71798,0.0150687,0.993461,-2.24299,0.519044,2.4605,0.651337
479495,1,-0.71798,0.0150679,0.993464,-2.24299,0.519043,2.4605,0.651332
479495,1,-0.71798,0.0150695,0.993466,-2.24299,0.519042,2.46051,0.651326
479495,1,-0.71798,0.0150712,0.993461,-2.24299,0.519045,2.4605,0.651328
479495,1,-0.71798,0.0150698,0.993463,-2.24299,0.519041,2.46051,0.651327
479495,1,-0.717982,0.0150716,0.993467,-2.24299,0.519041,2.4605,0.651333
479495,1,-0.71798,0.0150727,0.993465,-2.24299,0.519045,2.46051,0.651333
479495,1,-0.717982,0.0150733,0.993469,-2.24299,0.519044,2.46051,0.651325
479495,1,-0.717976,0.0150682,0.993461,-2.24299,0.519045,2.4605,0.65133
479495,1,-0.717982,0.0150685,0.993462,-2.24299,0.519045,2.46051,0.651331
479495,1,-0.717982,0.0150649,0.993465,-2.24299,0.519045,2.4605,0.651327
479495,1,-0.717984,0.0150658,0.993465,-2.24299,0.51904,2.46051,0.651331
479495,1,-0.71798,0.0150675,0.993467,-2.24299,0.519043,2.4605,0.651333
479495,1,-0.717982,0.0150697,0.993466,-2.24299,0.519044,2.46051,0.65133
479495,1,-0.717982,0.0150716,0.993461,-2.24299,0.519043,2.4605,0.651331
479495,1,-0.717982,0.0150699,0.993461,-2.24299,0.519045,2.4605,0.651327
479495,1,-0.717984,0.0150657,0.99346,-2.24299,0.519044,2.4605,0.651327
479495,1,-0.717981,0.0150675,0.993463,-2.24299,0.519041,2.46051,0.651327
479495,1,-0.71798,0.0150675,0.993465,-2.24299,0.519045,2.4605,0.651327
479495,1,-0.717982,0.0150668,0.993462,-2.24299,0.519044,2.4605,0.65133
479495,1,-0.71798,0.0150677,0.993461,-2.24299,0.519044,2.46051,0.651332
479495,1,-0.717982,0.01507,0.993462,-2.24299,0.519044,2.4605,0.651336
479495,1,-0.717984,0.0150696,0.993462,-2.24299,0.519044,2.4605,0.651328
479495,1,-0.717984,0.0150665,0.993465,-2.24299,0.519043,2.4605,0.651327
479495,1,-0.717979,0.0150698,0.993463,-2.24299,0.519043,2.4605,0.65133
479495,1,-0.71798,0.0150695,0.993462,-2.24299,0.519043,2.4605,0.651328
479495,1,-0.71798,0.0150654,0.993463,-2.24299,0.519045,2.4605,0.651323
479495,1,-0.71798,0.0150736,0.993464,-2.24299,0.519045,2.4605,0.651324
479495,1,-0.717984,0.0150658,0.993464,-2.24299,0.519045,2.4605,0.651329
479495,1,-0.717982,0.0150704,0.993467,-2.24299,0.519044,2.4605,0.651327
479495,1,-0.717978,0.0150671,0.993461,-2.24299,0.519043,2.4605,0.651327
479495,1,-0.717982,0.0150665,0.993465,-2.24299,0.519044,2.4605,0.651325
479495,1,-0.71798,0.0150648,0.993462,-2.24299,0.519047,2.46051,0.651328
479495,1,-0.71798,0.0150675,0.993465,-2.24299,0.519044,2.4605,0.651331
479495,1,-0.71798,0.0150628,0.993461,-2.24299,0.519043,2.46051,0.651325
479495,1,-0.71798,0.0150641,0.993465,-2.24299,0.51904,2.4605,0.651324
479495,1,-0.717982,0.0150699,0.993466,-2.24299,0.519043,2.4605,0.65133
479495,1,-0.717982,0.0150658,0.993464,-2.24299,0.519045,2.46051,0.651326
479495,1,-0.717982,0.0150677,0.993462,-2.24299,0.519043,2.46051,0.651326
479495,1,-0.71798,0.0150696,0.993466,-2.24299,0.519042,2.4605,0.651333
479495,1,-0.717984,0.0150716,0.993464,-2.24299,0.519045,2.46051,0.651329
479495,1,-0.717982,0.0150723,0.993465,-2.24299,0.519045,2.46051,0.651328
479495,1,-0.717983,0.0150699,0.993466,-2.24299,0.519043,2.4605,0.651328
479495,1,-0.71798,0.015066,0.993463,-2.24299,0.519044,2.4605,0.651326
479495,1,-0.717982,0.0150658,0.993467,-2.24299,0.519041,2.46051,0.651329
479495,1,-0.717982,0.0150703,0.993463,-2.24299,0.519041,2.46051,0.651326
479495,1,-0.717982,0.0150665,0.993461,-2.24299,0.519044,2.4605,0.651326
479495,1,-0.71798,0.0150624,0.993464,-2.24299,0.519044,2.4605,0.651329
479495,1,-0.717982,0.0150686,0.993463,-2.24299,0.519044,2.46051,0.651329
479495,1,-0.717981,0.0150675,0.993463,-2.24299,0.519042,2.4605,0.651323
479495,1,-0.717982,0.0150675,0.993462,-2.24299,0.519043,2.46051,0.651326
479495,1,-0.717984,0.0150658,0.993462,-2.24299,0.519049,2.46051,0.65133
479495,1,-0.717982,0.0150658,0.993462,-2.24299,0.519039,2.4605,0.651326
479495,1,-0.71798,0.0150665,0.993463,-2.24298,0.519045,2.46051,0.651324
479495,1,-0.717982,0.0150695,0.993463,-2.24299,0.519045,2.46051,0.651329
479495,1,-0.717984,0.0150675,0.993461,-2.24299,0.519041,2.4605,0.651329
479495,1,-0.717983,0.0150665,0.99346,-2.24299,0.519043,2.4605,0.651324
479495,1,-0.717982,0.0150675,0.993468,-2.24299,0.519045,2.4605,0.651324
479495,1,-0.717979,0.0150696,0.993464,-2.24299,0.519044,2.46051,0.651322
479495,1,-0.717984,0.0150702,0.993466,-2.24299,0.519047,2.46051,0.651325
479495,1,-0.71798,0.0150658,0.993468,-2.24299,0.519043,2.4605,0.65132
479495,1,-0.717979,0.0150676,0.993465,-2.24299,0.519043,2.4605,0.651327
479495,1,-0.71798,0.0150695,0.993466,-2.24299,0.51904,2.4605,0.651327
479495,1,-0.71798,0.015066,0.993466,-2.24299,0.519044,2.4605,0.651319
479495,1,-0.717983,0.0150672,0.993464,-2.24299,0.519043,2.4605,0.651325
479495,1,-0.71798,0.0150622,0.993467,-2.24299,0.519043,2.4605,0.651325
479495,1,-0.71798,0.0150658,0.993462,-2.24299,0.519045,2.46051,0.651325
479495,1,-0.71798,0.0150665,0.99346,-2.24299,0.519042,2.4605,0.651326
479495,1,-0.717982,0.0150641,0.993465,-2.24299,0.519045,2.4605,0.651325
479495,1,-0.717985,0.0150675,0.993462,-2.24299,0.519045,2.4605,0.651326
479495,1,-0.717982,0.0150675,0.993466,-2.24299,0.519045,2.46051,0.651327
479495,1,-0.717985,0.0150695,0.993467,-2.24299,0.519045,2.46051,0.651329
479495,1,-0.717978,0.0150685,0.993461,-2.24299,0.519049,2.4605,0.651324
479495,1,-0.717982,0.015068,0.993465,-2.24299,0.519044,2.4605,0.651324
479495,1,-0.717984,0.0150695,0.993463,-2.24299,0.519045,2.4605,0.651326
479495,1,-0.717986,0.0150703,0.993465,-2.24299,0.519043,2.4605,0.65132
479495,1,-0.717982,0.0150685,0.993463,-2.24299,0.519045,2.46051,0.65132
479495,1,-0.717982,0.015066,0.993464,-2.24299,0.519042,2.46051,0.651332
479495,1,-0.717985,0.0150666,0.993463,-2.24299,0.519045,2.4605,0.651323
479495,1,-0.71798,0.0150699,0.993462,-2.24298,0.519043,2.4605,0.651329
479495,1,-0.717982,0.0150695,0.993461,-2.24299,0.519041,2.46051,0.651329
479495,1,-0.717984,0.0150701,0.993466,-2.24299,0.519041,2.4605,0.651318
479495,1,-0.717982,0.0150641,0.993461,-2.24299,0.519043,2.46051,0.651324
479495,1,-0.717982,0.0150643,0.993468,-2.24299,0.519044,2.46051,0.651326
479495,1,-0.71798,0.0150641,0.993464,-2.24299,0.519046,2.4605,0.65132
479495,1,-0.717984,0.0150658,0.993462,-2.24299,0.519044,2.4605,0.651322
479495,1,-0.71798,0.0150677,0.993461,-2.24299,0.519046,2.4605,0.651326
479495,1,-0.717978,0.0150654,0.99347,-2.24299,0.519045,2.4605,0.651324
479495,1,-0.717982,0.0150658,0.993467,-2.24299,0.519045,2.4605,0.651329
479495,1,-0.717982,0.0150696,0.993466,-2.24299,0.519044,2.46051,0.651329
479495,1,-0.71798,0.015072,0.993459,-2.24299,0.519044,2.46051,0.651323
479495,1,-0.717984,0.0150697,0.993463,-2.24299,0.519041,2.4605,0.65133
479495,1,-0.71798,0.0150736,0.993466,-2.24299,0.519041,2.46051,0.651326
479495,1,-0.717982,0.0150658,0.993463,-2.24299,0.519041,2.4605,0.651321
479495,1,-0.717982,0.0150697,0.993465,-2.24299,0.519041,2.46051,0.651328
479495,1,-0.717984,0.0150668,0.993462,-2.24299,0.519043,2.4605,0.651318
479495,1,-0.717982,0.0150724,0.993465,-2.24299,0.519042,2.46051,0.651321
479495,1,-0.71798,0.015066,0.993461,-2.24299,0.519047,2.46051,0.651319
479495,1,-0.717981,0.0150648,0.993463,-2.24299,0.519045,2.46051,0.651318
479496,1,-0.717984,0.0150665,0.993463,-2.24299,0.519045,2.4605,0.651326
479496,1,-0.71798,0.0150696,0.993468,-2.24299,0.519044,2.4605,0.65132
479496,1,-0.717985,0.0150678,0.993461,-2.24299,0.519041,2.46051,0.651322
479496,1,-0.717985,0.0150659,0.993465,-2.24299,0.519043,2.4605,0.651326
479496,1,-0.71798,0.0150696,0.993463,-2.24299,0.519043,2.4605,0.651325
479496,1,-0.71798,0.0150675,0.993463,-2.24299,0.519045,2.46051,0.651328
479496,1,-0.71798,0.0150703,0.993458,-2.24299,0.519041,2.4605,0.651324
479496,1,-0.71798,0.0150695,0.993465,-2.24299,0.519043,2.46051,0.651326
479496,1,-0.717984,0.0150682,0.993461,-2.24299,0.519046,2.46051,0.651319
479496,1,-0.717982,0.0150695,0.993464,-2.24299,0.519045,2.4605,0.651318
479496,1,-0.717984,0.0150676,0.993462,-2.24299,0.51904,2.46051,0.651321
479496,1,-0.717985,0.01507,0.993461,-2.24299,0.519046,2.4605,0.65132
479496,1,-0.717982,0.0150683,0.993459,-2.24299,0.519045,2.4605,0.651323
479496,1,-0.717984,0.0150697,0.993463,-2.24299,0.519041,2.4605,0.651325
479496,1,-0.717982,0.0150676,0.993465,-2.24299,0.519047,2.46051,0.651317
479496,1,-0.71798,0.0150662,0.993465,-2.24299,0.519043,2.46051,0.651329
479496,1,-0.717978,0.0150666,0.993463,-2.24299,0.519041,2.4605,0.651325
479496,1,-0.717978,0.0150657,0.993467,-2.24299,0.519043,2.46051,0.651321
479496,1,-0.717984,0.0150658,0.993463,-2.24299,0.519042,2.4605,0.651322
479496,1,-0.717978,0.0150679,0.993461,-2.24299,0.519044,2.4605,0.651319
479496,1,-0.717982,0.0150676,0.993465,-2.24299,0.519046,2.46051,0.651321
479496,1,-0.717982,0.0150635,0.993463,-2.24299,0.519045,2.46051,0.651319
479496,1,-0.717985,0.0150622,0.993463,-2.24299,0.519044,2.46051,0.651324
479496,1,-0.71798,0.0150703,0.993467,-2.24299,0.519045,2.46051,0.651316
479496,1,-0.717982,0.0150695,0.993461,-2.24299,0.519044,2.46051,0.651328
479496,1,-0.717982,0.0150676,0.993465,-2.24299,0.519041,2.4605,0.651322
479496,1,-0.717981,0.0150697,0.993464,-2.24299,0.519042,2.46051,0.651325
479496,1,-0.717978,0.0150703,0.993466,-2.24299,0.519044,2.4605,0.651327
479496,1,-0.717982,0.0150682,0.993466,-2.24299,0.519045,2.46051,0.651323
479496,1,-0.71798,0.0150676,0.993463,-2.24299,0.519043,2.4605,0.651323
479496,1,-0.717982,0.0150682,0.993466,-2.24299,0.519045,2.4605,0.651322
479496,1,-0.717978,0.0150676,0.993465,-2.24299,0.519041,2.46051,0.651318
479496,1,-0.717982,0.0150662,0.993466,-2.24299,0.519043,2.46051,0.651316
479496,1,-0.71798,0.0150643,0.993463,-2.24299,0.519045,2.4605,0.651316
479496,1,-0.717984,0.0150659,0.993465,-2.24298,0.519044,2.4605,0.651316
479496,1,-0.717984,0.0150662,0.993465,-2.24299,0.519045,2.4605,0.651319
479496,1,-0.717982,0.0150664,0.993463,-2.24299,0.519042,2.46051,0.651324
479496,1,-0.717982,0.0150662,0.993464,-2.24299,0.519044,2.4605,0.651317
479496,1,-0.717984,0.0150703,0.993463,-2.24299,0.519042,2.4605,0.651327
479496,1,-0.717981,0.0150679,0.993465,-2.24299,0.519042,2.4605,0.651322
479496,1,-0.71798,0.0150703,0.993461,-2.24299,0.519045,2.4605,0.651324
479496,1,-0.717982,0.0150676,0.993461,-2.24299,0.519044,2.46051,0.651327
479496,1,-0.71798,0.0150685,0.993455,-2.24299,0.519044,2.4605,0.651324
479496,1,-0.717984,0.0150719,0.993459,-2.24299,0.519048,2.4605,0.65132
479496,1,-0.717978,0.0150683,0.993464,-2.24299,0.519041,2.46051,0.651322
479496,1,-0.717982,0.0150696,0.993462,-2.24299,0.519045,2.4605,0.651318
479496,1,-0.71798,0.0150675,0.993463,-2.24299,0.519043,2.4605,0.65132
479496,1,-0.717985,0.0150678,0.993463,-2.24299,0.519043,2.4605,0.651323
479496,1,-0.71798,0.0150702,0.993463,-2.24299,0.519041,2.46051,0.651322
479496,1,-0.717978,0.0150658,0.993464,-2.24299,0.519043,2.46051,0.651322
479496,1,-0.717982,0.0150677,0.993468,-2.24299,0.519042,2.4605,0.651323
479496,1,-0.717978,0.0150676,0.993461,-2.24299,0.519043,2.4605,0.651326
479496,1,-0.717984,0.0150696,0.993465,-2.24299,0.519042,2.4605,0.651318
479496,1,-0.717984,0.0150695,0.993463,-2.24299,0.519045,2.4605,0.651322
479496,1,-0.71798,0.0150677,0.993461,-2.24299,0.519043,2.4605,0.651317
479496,1,-0.717984,0.0150662,0.993465,-2.24299,0.519045,2.4605,0.651319
479496,1,-0.717978,0.0150676,0.993466,-2.24299,0.519043,2.4605,0.651323
479496,1,-0.717985,0.0150686,0.993465,-2.24299,0.519043,2.4605,0.651321
479496,1,-0.717986,0.0150665,0.993461,-2.24299,0.519044,2.46051,0.651322
479496,1,-0.71798,0.0150677,0.993462,-2.24299,0.519044,2.4605,0.651314
479496,1,-0.717982,0.0150718,0.993463,-2.24299,0.519046,2.4605,0.651318
479496,1,-0.717982,0.0150665,0.993467,-2.24299,0.519044,2.46051,0.651318
479496,1,-0.717982,0.0150675,0.993465,-2.24299,0.519044,2.46051,0.651319
479496,1,-0.717982,0.0150682,0.993468,-2.24299,0.519045,2.4605,0.65132
479496,1,-0.717976,0.015066,0.993463,-2.24299,0.519046,2.4605,0.651324
479496,1,-0.717984,0.0150642,0.993463,-2.24299,0.519046,2.4605,0.651316
479496,1,-0.71798,0.0150685,0.993464,-2.24299,0.51904,2.4605,0.651322
479496,1,-0.717978,0.0150658,0.993463,-2.24299,0.519042,2.46051,0.651319
479496,1,-0.71798,0.0150704,0.993461,-2.24299,0.519043,2.4605,0.651323
479496,1,-0.717982,0.0150653,0.993463,-2.24299,0.519047,2.46051,0.651326
479496,1,-0.717982,0.0150696,0.99346,-2.24299,0.519043,2.4605,0.651322
479496,1,-0.717982,0.0150658,0.993467,-2.24299,0.519045,2.4605,0.651323
479496,1,-0.717981,0.0150683,0.993461,-2.24299,0.519043,2.4605,0.651321
479496,1,-0.717988,0.0150716,0.99346,-2.24299,0.51904,2.4605,0.651318
479496,1,-0.717982,0.0150696,0.993464,-2.24299,0.519041,2.46051,0.651318
479496,1,-0.717978,0.015066,0.993463,-2.24299,0.519043,2.46051,0.651317
479496,1,-0.71798,0.0150682,0.993467,-2.24299,0.519044,2.46051,0.651315
479496,1,-0.717984,0.0150675,0.993462,-2.24299,0.519041,2.4605,0.651316
479496,1,-0.717983,0.0150676,0.993461,-2.24299,0.519045,2.46051,0.651318
479496,1,-0.71798,0.0150679,0.993467,-2.24299,0.519044,2.4605,0.651321
479496,1,-0.71798,0.0150604,0.993462,-2.24299,0.519044,2.46051,0.651322
479496,1,-0.717984,0.0150706,0.993464,-2.24299,0.519044,2.4605,0.65132
479496,1,-0.717981,0.0150658,0.993465,-2.24299,0.519041,2.4605,0.65132
479496,1,-0.717984,0.0150702,0.993468,-2.24299,0.519043,2.46051,0.65132
479496,1,-0.717985,0.0150682,0.993466,-2.24299,0.51904,2.46051,0.65132
479496,1,-0.717979,0.0150658,0.993465,-2.24299,0.519043,2.4605,0.651323
479496,1,-0.717978,0.0150658,0.993465,-2.24299,0.519041,2.4605,0.651322
479496,1,-0.717984,0.0150675,0.993464,-2.24299,0.519044,2.46051,0.651314
479496,1,-0.71798,0.0150624,0.993463,-2.24299,0.519046,2.46051,0.651314
479496,1,-0.717982,0.0150678,0.993463,-2.24299,0.519043,2.46051,0.651316
479496,1,-0.717981,0.0150702,0.993461,-2.24299,0.519044,2.4605,0.651315
479496,1,-0.717982,0.0150695,0.993461,-2.24299,0.519044,2.4605,0.651314
479496,1,-0.717981,0.0150675,0.993463,-2.24299,0.519044,2.46051,0.651314
479496,1,-0.717984,0.0150696,0.99346,-2.24299,0.519045,2.4605,0.651324
479496,1,-0.717982,0.0150658,0.993461,-2.24299,0.519045,2.4605,0.651321
479496,1,-0.717982,0.0150682,0.993466,-2.24299,0.519044,2.46051,0.651321
479496,1,-0.717984,0.0150641,0.993463,-2.24299,0.519043,2.4605,0.651317
479496,1,-0.717982,0.0150674,0.993465,-2.24299,0.519042,2.4605,0.651318
479496,1,-0.717984,0.0150695,0.993465,-2.24299,0.519041,2.4605,0.651316
479496,1,-0.71798,0.0150716,0.993464,-2.24299,0.519042,2.4605,0.651321
479496,1,-0.717982,0.0150641,0.993466,-2.24299,0.519044,2.46051,0.651318
479496,1,-0.717984,0.0150664,0.993465,-2.24299,0.519044,2.4605,0.651317
479496,1,-0.717982,0.0150716,0.993465,-2.24299,0.519044,2.4605,0.651319
479496,1,-0.717982,0.0150695,0.993463,-2.24299,0.519044,2.4605,0.651321
479496,1,-0.717982,0.0150621,0.993465,-2.24299,0.519043,2.4605,0.651317
479496,1,-0.717982,0.0150698,0.993466,-2.24299,0.519045,2.4605,0.65132
479496,1,-0.717982,0.0150707,0.993463,-2.24298,0.519044,2.4605,0.651318
479496,1,-0.71798,0.015068,0.993461,-2.24299,0.519038,2.4605,0.651321
479496,1,-0.71798,0.0150677,0.99346,-2.24299,0.519042,2.4605,0.651323
479496,1,-0.71798,0.0150682,0.993461,-2.24299,0.519045,2.4605,0.651315
479496,1,-0.717982,0.0150677,0.993465,-2.24299,0.519043,2.4605,0.651316
479496,1,-0.717982,0.0150675,0.993465,-2.24299,0.519044,2.4605,0.651313
479496,1,-0.717983,0.0150661,0.993461,-2.24299,0.519042,2.4605,0.651316
479496,1,-0.717978,0.015068,0.993461,-2.24299,0.519041,2.46051,0.651318
479496,1,-0.717982,0.0150695,0.99346,-2.24299,0.519046,2.46051,0.651314
479496,1,-0.717981,0.0150695,0.993465,-2.24299,0.519047,2.4605,0.651313
479496,1,-0.717984,0.0150643,0.993461,-2.24299,0.519045,2.4605,0.651315
479496,1,-0.717983,0.0150686,0.993466,-2.24299,0.519043,2.4605,0.651313
479496,1,-0.717984,0.0150675,0.993464,-2.24299,0.519043,2.4605,0.651318
479496,1,-0.717982,0.0150641,0.993464,-2.24299,0.519043,2.4605,0.651313
479496,1,-0.717983,0.0150619,0.993464,-2.24299,0.519045,2.46051,0.651319
479496,1,-0.717985,0.0150648,0.993464,-2.24299,0.519041,2.46051,0.651321
479496,1,-0.71798,0.0150682,0.99346,-2.24299,0.519039,2.46051,0.651316
479496,1,-0.717984,0.0150658,0.993469,-2.24299,0.519044,2.4605,0.651318
479496,1,-0.717982,0.015066,0.993464,-2.24299,0.519043,2.4605,0.651315
479496,1,-0.717979,0.0150695,0.993461,-2.24299,0.519046,2.4605,0.651319
479496,1,-0.717986,0.0150676,0.993461,-2.24299,0.519042,2.4605,0.651316
479496,1,-0.71798,0.0150648,0.993461,-2.24299,0.519044,2.4605,0.651318
479496,1,-0.717982,0.0150677,0.99346,-2.24299,0.519041,2.4605,0.651319
479496,1,-0.717976,0.0150658,0.993464,-2.24298,0.519043,2.46051,0.651316
479496,1,-0.717983,0.0150726,0.993463,-2.24299,0.519041,2.46051,0.651315
479496,1,-0.717974,0.015067,0.993463,-2.24299,0.519044,2.46051,0.651312
479496,1,-0.71798,0.0150682,0.993468,-2.24299,0.51904,2.46051,0.651313
479496,1,-0.717979,0.0150641,0.993465,-2.24299,0.519041,2.4605,0.65132
479496,1,-0.717982,0.0150651,0.993463,-2.24299,0.519042,2.4605,0.651312
479496,1,-0.717984,0.0150659,0.993466,-2.24299,0.519046,2.4605,0.651319
479496,1,-0.717985,0.0150676,0.993464,-2.24299,0.519043,2.4605,0.651313
479496,1,-0.717982,0.0150658,0.993466,-2.24299,0.519046,2.4605,0.651316
479496,1,-0.71798,0.0150621,0.993463,-2.24299,0.519045,2.4605,0.651312
479496,1,-0.717978,0.0150658,0.993463,-2.24299,0.519042,2.4605,0.651316
479496,1,-0.71798,0.0150665,0.993466,-2.24299,0.519042,2.46051,0.651312
479496,1,-0.71798,0.0150666,0.993464,-2.24299,0.519041,2.4605,0.651314
479496,1,-0.717984,0.0150697,0.993463,-2.24299,0.519044,2.4605,0.651314
479496,1,-0.71798,0.0150684,0.993463,-2.24299,0.51904,2.4605,0.651313
479496,1,-0.71798,0.0150717,0.993464,-2.24299,0.519045,2.4605,0.65131
479496,1,-0.71798,0.0150726,0.993463,-2.24299,0.519043,2.4605,0.651311
479496,1,-0.717982,0.0150682,0.993464,-2.24299,0.519045,2.4605,0.651312
479496,1,-0.717978,0.015066,0.993467,-2.24299,0.519044,2.4605,0.651313
479496,1,-0.717982,0.0150657,0.993465,-2.24299,0.519043,2.4605,0.651316
479496,1,-0.717982,0.0150723,0.993461,-2.24299,0.519044,2.4605,0.651311
479496,1,-0.71798,0.0150681,0.993462,-2.24299,0.519044,2.46051,0.651317
479496,1,-0.71798,0.0150641,0.993463,-2.24299,0.519045,2.46051,0.651313
479496,1,-0.717982,0.0150678,0.993466,-2.24299,0.519042,2.4605,0.651314
479496,1,-0.717982,0.0150658,0.993463,-2.24299,0.519041,2.4605,0.651313
479496,1,-0.717984,0.0150682,0.993465,-2.24299,0.519045,2.46051,0.651314
479496,1,-0.71798,0.0150658,0.993461,-2.24299,0.519045,2.4605,0.651311
479496,1,-0.717981,0.0150641,0.993463,-2.24299,0.519044,2.46051,0.651315
479496,1,-0.71798,0.0150678,0.993465,-2.24299,0.519042,2.4605,0.651311
479496,1,-0.717982,0.0150713,0.993463,-2.24299,0.519042,2.4605,0.651314
479496,1,-0.717984,0.0150669,0.993465,-2.24299,0.519042,2.4605,0.651313
479496,1,-0.717984,0.0150696,0.993461,-2.24299,0.519044,2.46051,0.651318
479496,1,-0.71798,0.0150668,0.993462,-2.24299,0.519044,2.46051,0.651313
479496,1,-0.717982,0.0150695,0.993465,-2.24299,0.519045,2.4605,0.651315
479496,1,-0.717985,0.0150682,0.993466,-2.24299,0.519044,2.4605,0.651319
479496,1,-0.717984,0.0150687,0.99346,-2.24299,0.519039,2.4605,0.651318
479496,1,-0.717982,0.0150692,0.993459,-2.24299,0.519044,2.4605,0.651317
479496,1,-0.717982,0.0150696,0.99346,-2.24299,0.519046,2.46051,0.651318
479496,1,-0.717982,0.0150657,0.993461,-2.24299,0.519043,2.4605,0.651318
479496,1,-0.717978,0.0150698,0.993466,-2.24299,0.519043,2.4605,0.651319
479496,1,-0.71798,0.0150675,0.993464,-2.24299,0.519043,2.4605,0.651314
479496,1,-0.717983,0.0150698,0.993461,-2.24299,0.519044,2.46051,0.651313
479496,1,-0.717982,0.0150644,0.993465,-2.24299,0.519043,2.4605,0.651318
479496,1,-0.717982,0.0150641,0.993463,-2.24299,0.519043,2.4605,0.651313
479496,1,-0.717979,0.0150681,0.993459,-2.24299,0.519045,2.4605,0.651308
479496,1,-0.717982,0.0150659,0.993463,-2.24299,0.519042,2.46051,0.651309
479496,1,-0.717982,0.0150655,0.993465,-2.24299,0.519043,2.4605,0.651315
479496,1,-0.717982,0.0150648,0.993461,-2.24299,0.519048,2.46051,0.651311
479496,1,-0.71798,0.0150717,0.993465,-2.24299,0.519041,2.4605,0.651314
479496,1,-0.71798,0.0150665,0.993463,-2.24299,0.519043,2.46051,0.651313
479496,1,-0.717984,0.0150675,0.993463,-2.24299,0.519045,2.4605,0.651309
479496,1,-0.71798,0.0150665,0.993465,-2.24299,0.519045,2.46051,0.651309
479496,1,-0.717982,0.015065,0.993463,-2.24299,0.519045,2.4605,0.65131
479496,1,-0.717981,0.015068,0.993459,-2.24299,0.519047,2.46051,0.65131
479496,1,-0.71798,0.0150733,0.993463,-2.24299,0.519044,2.46051,0.651313
479496,1,-0.71798,0.0150683,0.993468,-2.24299,0.519043,2.4605,0.651318
479496,1,-0.717984,0.0150643,0.993463,-2.24299,0.519045,2.4605,0.651315
479496,1,-0.717984,0.0150696,0.993462,-2.24299,0.519042,2.46051,0.651319
479496,1,-0.71798,0.0150641,0.993464,-2.24299,0.51904,2.4605,0.651318
479496,1,-0.717982,0.0150676,0.993463,-2.24299,0.519045,2.4605,0.651317
479496,1,-0.717982,0.0150658,0.993463,-2.24299,0.519046,2.4605,0.651314
479496,1,-0.717986,0.0150666,0.993461,-2.24299,0.51904,2.4605,0.651308
479496,1,-0.71798,0.0150666,0.993462,-2.24299,0.51904,2.4605,0.651316
479496,1,-0.717982,0.0150677,0.993464,-2.24299,0.519047,2.4605,0.651313
479496,1,-0.717982,0.0150682,0.993463,-2.24299,0.519045,2.46051,0.651313
479496,1,-0.71798,0.0150699,0.993462,-2.24299,0.519043,2.4605,0.651311
479496,1,-0.717984,0.0150695,0.993462,-2.24299,0.519045,2.46051,0.651312
479496,1,-0.717984,0.0150675,0.993463,-2.24299,0.519044,2.4605,0.651308
479496,1,-0.717983,0.0150658,0.993466,-2.24299,0.519046,2.4605,0.651309
479496,1,-0.717982,0.0150682,0.993461,-2.24299,0.519045,2.46051,0.651311
479496,1,-0.717982,0.0150703,0.993467,-2.24299,0.519041,2.46051,0.651313
479497,1,-0.717978,0.0150658,0.993465,-2.24299,0.519046,2.4605,0.65131
479497,1,-0.717982,0.0150675,0.993464,-2.24299,0.519041,2.46051,0.651312
479497,1,-0.717982,0.0150621,0.993463,-2.24299,0.519043,2.4605,0.651313
479497,1,-0.717978,0.0150675,0.993462,-2.24299,0.519044,2.4605,0.651314
479497,1,-0.717982,0.0150703,0.993461,-2.24299,0.519044,2.4605,0.651314
479497,1,-0.717978,0.0150675,0.993464,-2.24299,0.519045,2.4605,0.651318
479497,1,-0.717982,0.0150658,0.993462,-2.24299,0.519043,2.4605,0.651312
479497,1,-0.71798,0.0150643,0.993462,-2.24299,0.519045,2.4605,0.65131
479497,1,-0.717982,0.0150675,0.993462,-2.24299,0.519045,2.4605,0.651312
479497,1,-0.717984,0.0150666,0.993461,-2.24299,0.519043,2.46051,0.651313
479497,1,-0.71798,0.0150686,0.993465,-2.24299,0.519044,2.46051,0.65131
479497,1,-0.717984,0.0150658,0.993464,-2.24299,0.519045,2.4605,0.651317
479497,1,-0.717984,0.0150685,0.993463,-2.24299,0.519044,2.4605,0.651312
479497,1,-0.71798,0.0150695,0.993461,-2.24299,0.519041,2.4605,0.651314
479497,1,-0.71798,0.0150658,0.993465,-2.24299,0.519043,2.4605,0.651311
479497,1,-0.717982,0.0150697,0.993462,-2.24299,0.519043,2.4605,0.651311
479497,1,-0.717981,0.0150704,0.993466,-2.24299,0.519048,2.4605,0.65131
479497,1,-0.71798,0.0150658,0.993461,-2.24299,0.519047,2.4605,0.651308
479497,1,-0.717984,0.0150658,0.993463,-2.24299,0.519041,2.4605,0.651309
479497,1,-0.717982,0.0150699,0.99346,-2.24299,0.51904,2.4605,0.651311
479497,1,-0.717982,0.0150703,0.993463,-2.24299,0.519041,2.4605,0.651315
479497,1,-0.717978,0.0150679,0.993464,-2.24299,0.519042,2.4605,0.651313
479497,1,-0.717982,0.0150675,0.993463,-2.24299,0.519045,2.46051,0.651313
479497,1,-0.717976,0.0150641,0.993468,-2.24299,0.519044,2.4605,0.651311
479497,1,-0.717978,0.0150658,0.993465,-2.24299,0.519042,2.46051,0.651308
479497,1,-0.717983,0.0150696,0.993463,-2.24299,0.519045,2.4605,0.651319
479497,1,-0.717982,0.0150675,0.993461,-2.24299,0.519039,2.46051,0.651307
479497,1,-0.717984,0.0150695,0.99346,-2.24299,0.519046,2.4605,0.651312
479497,1,-0.717984,0.0150668,0.993465,-2.24299,0.519045,2.4605,0.651307
479497,1,-0.71798,0.0150686,0.993465,-2.24299,0.519044,2.46051,0.651308
479497,1,-0.717984,0.0150701,0.993467,-2.24299,0.519043,2.4605,0.65131
479497,1,-0.717982,0.0150734,0.993465,-2.24299,0.519045,2.46051,0.651313
479497,1,-0.71798,0.0150682,0.993468,-2.24299,0.519042,2.4605,0.651312
479497,1,-0.717982,0.0150657,0.993462,-2.24299,0.519044,2.4605,0.651314
479497,1,-0.717984,0.0150713,0.993464,-2.24299,0.519039,2.46051,0.651313
479497,1,-0.71798,0.0150641,0.993468,-2.24299,0.519042,2.46051,0.65131
479497,1,-0.717978,0.0150696,0.993463,-2.24299,0.519047,2.4605,0.651308
479497,1,-0.717984,0.0150641,0.993461,-2.24299,0.519043,2.4605,0.651308
479497,1,-0.717984,0.0150658,0.993464,-2.24299,0.519042,2.4605,0.651309
479497,1,-0.717982,0.0150685,0.993464,-2.24299,0.519043,2.4605,0.65131
479497,1,-0.717982,0.0150723,0.993467,-2.24299,0.519042,2.46051,0.651305
479497,1,-0.717983,0.0150667,0.993463,-2.24299,0.519045,2.46051,0.651307
479497,1,-0.717982,0.0150695,0.993465,-2.24299,0.519042,2.4605,0.651307
479497,1,-0.717982,0.0150682,0.993463,-2.24299,0.519041,2.4605,0.651305
479497,1,-0.717978,0.0150695,0.993467,-2.24299,0.519041,2.4605,0.651307
479497,1,-0.717982,0.0150695,0.993464,-2.24299,0.519042,2.46051,0.651311
479497,1,-0.717982,0.0150678,0.99346,-2.24299,0.519043,2.46051,0.651311
479497,1,-0.717984,0.0150642,0.993464,-2.24299,0.519044,2.4605,0.651312
479497,1,-0.717981,0.0150666,0.993462,-2.24299,0.519045,2.4605,0.651312
479497,1,-0.71798,0.0150697,0.993468,-2.24299,0.519044,2.46051,0.651313
479497,1,-0.71798,0.0150675,0.993463,-2.24299,0.519043,2.4605,0.651318
479497,1,-0.717984,0.0150697,0.993462,-2.24299,0.519039,2.46051,0.651311
479497,1,-0.717982,0.0150688,0.993461,-2.24299,0.519045,2.4605,0.651309
479497,1,-0.717985,0.0150641,0.993461,-2.24299,0.519044,2.4605,0.651313
479497,1,-0.71798,0.0150662,0.993463,-2.24299,0.519043,2.46051,0.651309
479497,1,-0.717982,0.0150658,0.993463,-2.24299,0.519043,2.46051,0.651312
479497,1,-0.717982,0.0150696,0.993464,-2.24299,0.519043,2.46051,0.651303
479497,1,-0.717982,0.0150659,0.993462,-2.24299,0.519043,2.4605,0.651313
479497,1,-0.717984,0.0150697,0.993464,-2.24299,0.51904,2.46051,0.651305
479497,1,-0.717982,0.0150682,0.993463,-2.24299,0.519042,2.4605,0.651304
479497,1,-0.71798,0.0150683,0.993467,-2.24299,0.51904,2.46051,0.65131
479497,1,-0.717982,0.0150682,0.993464,-2.24299,0.519043,2.4605,0.651304
479497,1,-0.71798,0.0150724,0.993457,-2.24299,0.519044,2.46051,0.651307
479497,1,-0.71798,0.0150681,0.993463,-2.24299,0.519046,2.4605,0.651307
479497,1,-0.71798,0.0150704,0.993461,-2.24299,0.519045,2.4605,0.651309
479497,1,-0.717982,0.0150663,0.993462,-2.24299,0.519043,2.4605,0.651303
479497,1,-0.717978,0.0150643,0.993465,-2.24299,0.519045,2.46051,0.651309
479497,1,-0.717982,0.0150695,0.993457,-2.24299,0.519046,2.46051,0.651309
479497,1,-0.71798,0.0150658,0.993463,-2.24299,0.51904,2.4605,0.65131
479497,1,-0.717979,0.0150675,0.993465,-2.24299,0.519044,2.4605,0.651311
479497,1,-0.717982,0.0150696,0.993463,-2.24299,0.519042,2.46051,0.651311
479497,1,-0.717985,0.0150682,0.993464,-2.24299,0.519044,2.4605,0.651309
479497,1,-0.717977,0.0150682,0.993461,-2.24299,0.519046,2.4605,0.651314
479497,1,-0.717984,0.015068,0.993461,-2.24299,0.519045,2.4605,0.651309
479497,1,-0.717985,0.0150661,0.993465,-2.24299,0.519045,2.4605,0.651311
479497,1,-0.717982,0.0150675,0.993468,-2.24299,0.519044,2.4605,0.651313
479497,1,-0.717982,0.0150677,0.993464,-2.24299,0.519042,2.4605,0.65131
479497,1,-0.717985,0.0150695,0.993462,-2.24299,0.519046,2.46051,0.651311
479497,1,-0.717984,0.0150677,0.993464,-2.24299,0.519042,2.46051,0.651312
479497,1,-0.71798,0.0150658,0.993465,-2.24299,0.519043,2.46051,0.651312
479497,1,-0.717982,0.0150723,0.993463,-2.24299,0.519041,2.4605,0.651308
479497,1,-0.717982,0.0150648,0.993462,-2.24299,0.519044,2.4605,0.651312
479497,1,-0.71798,0.0150697,0.993466,-2.24299,0.519045,2.46051,0.651313
479497,1,-0.717982,0.0150636,0.993466,-2.24299,0.519044,2.46051,0.651306
479497,1,-0.717978,0.0150703,0.993463,-2.24299,0.519041,2.4605,0.651312
479497,1,-0.717982,0.015066,0.993466,-2.24299,0.51904,2.46051,0.651312
479497,1,-0.71798,0.0150682,0.993465,-2.24299,0.519043,2.4605,0.651312
479497,1,-0.717982,0.0150665,0.993466,-2.24299,0.519048,2.4605,0.651304
479497,1,-0.717976,0.0150723,0.993465,-2.24299,0.519045,2.4605,0.651307
479497,1,-0.717978,0.0150641,0.993461,-2.24298,0.519045,2.4605,0.651312
479497,1,-0.71798,0.015066,0.993465,-2.24299,0.51904,2.4605,0.651305
479497,1,-0.717985,0.0150676,0.993464,-2.24299,0.519043,2.4605,0.65131
479497,1,-0.717977,0.015065,0.993467,-2.24299,0.519048,2.46051,0.651306
479497,1,-0.717978,0.0150679,0.993461,-2.24299,0.519047,2.46051,0.651308
479497,1,-0.717985,0.0150726,0.993463,-2.24299,0.51904,2.4605,0.651306
479497,1,-0.717983,0.0150695,0.993457,-2.24299,0.519043,2.46051,0.651307
479497,1,-0.717984,0.015068,0.993464,-2.24299,0.519044,2.46051,0.651306
479497,1,-0.717984,0.015066,0.993467,-2.24298,0.519046,2.46051,0.651305
479497,1,-0.717984,0.0150661,0.993461,-2.24299,0.519046,2.4605,0.651308
479497,1,-0.717982,0.0150641,0.993461,-2.24299,0.519044,2.4605,0.651303
479497,1,-0.717983,0.015066,0.993461,-2.24299,0.519044,2.46051,0.651308
479497,1,-0.717982,0.0150675,0.993471,-2.24299,0.519045,2.4605,0.651306
479497,1,-0.717978,0.0150695,0.993461,-2.24299,0.519045,2.46051,0.651303
479497,1,-0.71798,0.0150641,0.993464,-2.24299,0.519044,2.4605,0.651307
479497,1,-0.717982,0.0150684,0.993462,-2.24299,0.519045,2.46051,0.651304
479497,1,-0.717985,0.0150697,0.99346,-2.24299,0.519043,2.4605,0.651302
479497,1,-0.717984,0.015066,0.993463,-2.24298,0.519042,2.4605,0.651305
479497,1,-0.71798,0.0150706,0.993463,-2.24299,0.519045,2.46051,0.651305
479497,1,-0.71798,0.0150658,0.993463,-2.24299,0.519046,2.4605,0.651305
479497,1,-0.717982,0.0150689,0.993461,-2.24299,0.519045,2.46051,0.651303
479497,1,-0.717982,0.0150672,0.993464,-2.24299,0.519041,2.4605,0.651308
479497,1,-0.717982,0.0150682,0.993459,-2.24299,0.519044,2.4605,0.651306
479497,1,-0.717982,0.0150659,0.993463,-2.24299,0.519046,2.4605,0.65131
479497,1,-0.717982,0.0150698,0.993465,-2.24299,0.519045,2.4605,0.651304
479497,1,-0.717984,0.0150658,0.993461,-2.24299,0.519041,2.4605,0.651308
479497,1,-0.717982,0.0150675,0.993464,-2.24299,0.519044,2.46051,0.651306
479497,1,-0.717982,0.015066,0.993458,-2.24299,0.519045,2.46051,0.651309
479497,1,-0.71798,0.0150658,0.993464,-2.24299,0.519047,2.4605,0.651308
479497,1,-0.71798,0.0150657,0.993459,-2.24299,0.519041,2.46051,0.651307
479497,1,-0.717979,0.0150696,0.993465,-2.24299,0.519046,2.4605,0.651307
479497,1,-0.717982,0.0150697,0.993465,-2.24299,0.519044,2.4605,0.651312
479497,1,-0.717981,0.0150734,0.993463,-2.24299,0.519042,2.46051,0.651311
479497,1,-0.71798,0.0150661,0.993459,-2.24299,0.519045,2.4605,0.651309
479497,1,-0.717978,0.0150696,0.993465,-2.24299,0.519042,2.46051,0.651307
479497,1,-0.717982,0.0150658,0.993457,-2.24299,0.519045,2.4605,0.651308
479497,1,-0.717987,0.0150696,0.993463,-2.24299,0.519044,2.46051,0.651304
479497,1,-0.717982,0.0150686,0.993464,-2.24299,0.519041,2.4605,0.651303
479497,1,-0.71798,0.0150696,0.993466,-2.24299,0.519045,2.4605,0.651307
479497,1,-0.717982,0.0150698,0.993469,-2.24299,0.51904,2.46051,0.651301
479497,1,-0.71798,0.0150695,0.993467,-2.24299,0.519041,2.4605,0.651308
479497,1,-0.71798,0.0150677,0.993466,-2.24299,0.519043,2.4605,0.651302
479497,1,-0.71798,0.0150675,0.993468,-2.24299,0.519044,2.4605,0.651303
479497,1,-0.71798,0.0150716,0.993465,-2.24299,0.519044,2.4605,0.651305
479497,1,-0.71798,0.0150734,0.993466,-2.24298,0.519045,2.4605,0.6513
479497,1,-0.71798,0.0150696,0.993462,-2.24299,0.519044,2.4605,0.651305
479497,1,-0.717978,0.0150641,0.993461,-2.24299,0.519043,2.46051,0.651303
479497,1,-0.717982,0.0150696,0.993465,-2.24299,0.519042,2.4605,0.6513
479497,1,-0.717979,0.0150719,0.993468,-2.24299,0.519043,2.4605,0.651303
479497,1,-0.71798,0.0150663,0.993461,-2.24299,0.519042,2.46051,0.651302
479497,1,-0.717982,0.0150659,0.993459,-2.24299,0.519046,2.46051,0.651305
479497,1,-0.717982,0.0150686,0.993461,-2.24299,0.519046,2.4605,0.651304
479497,1,-0.717982,0.0150697,0.993459,-2.24299,0.519045,2.4605,0.651307
479497,1,-0.717978,0.0150695,0.993459,-2.24299,0.519043,2.46051,0.651307
479497,1,-0.717984,0.0150677,0.993462,-2.24299,0.519048,2.46051,0.651308
479497,1,-0.717984,0.0150706,0.993461,-2.24299,0.519044,2.4605,0.651308
479497,1,-0.717982,0.0150675,0.993464,-2.24299,0.519044,2.4605,0.651305
479497,1,-0.717982,0.0150696,0.993464,-2.24299,0.519045,2.46051,0.651307
479497,1,-0.717982,0.0150665,0.993463,-2.24299,0.519045,2.4605,0.651307
479497,1,-0.717982,0.0150695,0.993465,-2.24299,0.519046,2.4605,0.651308
479497,1,-0.717981,0.0150682,0.993463,-2.24299,0.519046,2.4605,0.651307
479497,1,-0.717978,0.0150662,0.993464,-2.24299,0.519044,2.4605,0.651303
479497,1,-0.71798,0.0150666,0.993465,-2.24299,0.519042,2.46051,0.65131
479497,1,-0.717984,0.0150691,0.993465,-2.24299,0.519045,2.4605,0.6513
479497,1,-0.717978,0.0150699,0.993467,-2.24299,0.519045,2.4605,0.651305
479497,1,-0.717984,0.0150684,0.993466,-2.24299,0.519046,2.46051,0.651301
479497,1,-0.717982,0.0150699,0.993463,-2.24299,0.519041,2.4605,0.651305
479497,1,-0.717984,0.0150697,0.993466,-2.24299,0.519045,2.46051,0.651307
479497,1,-0.71798,0.0150716,0.993463,-2.24299,0.519043,2.46051,0.651303
479497,1,-0.717983,0.0150658,0.993464,-2.24299,0.51904,2.4605,0.651301
479497,1,-0.717982,0.0150719,0.993465,-2.24299,0.519045,2.4605,0.651301
479497,1,-0.717982,0.0150661,0.993467,-2.24299,0.519039,2.4605,0.6513
479497,1,-0.717982,0.015066,0.993461,-2.24299,0.519044,2.46051,0.651306
479497,1,-0.717981,0.0150658,0.993459,-2.24299,0.519045,2.4605,0.651299
479497,1,-0.71798,0.0150697,0.993463,-2.24299,0.519042,2.4605,0.651308
479497,1,-0.71798,0.0150675,0.993459,-2.24298,0.519045,2.4605,0.65131
479497,1,-0.717978,0.0150665,0.993463,-2.24299,0.519043,2.4605,0.651298
479497,1,-0.717982,0.0150675,0.993464,-2.24299,0.519047,2.4605,0.651307
479497,1,-0.717983,0.0150665,0.993463,-2.24299,0.519048,2.46051,0.651305
479497,1,-0.717982,0.0150675,0.993459,-2.24299,0.519042,2.4605,0.651305
479497,1,-0.717981,0.0150622,0.993461,-2.24299,0.519043,2.4605,0.651311
479497,1,-0.717985,0.0150641,0.993463,-2.24299,0.519045,2.46051,0.651301
479497,1,-0.717981,0.0150703,0.993465,-2.24299,0.51904,2.46051,0.651305
479497,1,-0.717982,0.0150675,0.993464,-2.24299,0.519045,2.4605,0.6513
479497,1,-0.717982,0.0150679,0.99346,-2.24299,0.519045,2.46051,0.651303
479497,1,-0.71798,0.0150675,0.993461,-2.24299,0.519045,2.46051,0.651304
479497,1,-0.717982,0.015066,0.993464,-2.24299,0.519042,2.46051,0.651305
479497,1,-0.717982,0.0150719,0.993463,-2.24299,0.519043,2.4605,0.651304
479497,1,-0.717982,0.0150695,0.993463,-2.24299,0.519043,2.4605,0.651298
479497,1,-0.717982,0.0150696,0.99346,-2.24299,0.519044,2.4605,0.651304
479497,1,-0.717982,0.0150706,0.993468,-2.24299,0.519044,2.46051,0.651301
479497,1,-0.717985,0.0150648,0.993468,-2.24299,0.519045,2.4605,0.651303
479497,1,-0.717982,0.0150659,0.993462,-2.24299,0.519043,2.46051,0.651301
479497,1,-0.717981,0.0150658,0.993461,-2.24299,0.519042,2.4605,0.651301
479497,1,-0.71798,0.0150659,0.993463,-2.24299,0.519039,2.46051,0.651305
479497,1,-0.717982,0.0150709,0.993467,-2.24299,0.519044,2.4605,0.651303
479497,1,-0.717978,0.0150682,0.993465,-2.24299,0.519045,2.4605,0.651306
479497,1,-0.717985,0.0150697,0.993465,-2.24299,0.519042,2.4605,0.651302
479497,1,-0.717983,0.0150726,0.993465,-2.24299,0.519044,2.46051,0.651303
479497,1,-0.71798,0.0150682,0.993466,-2.24299,0.519046,2.46051,0.651301
479497,1,-0.717984,0.0150674,0.993461,-2.24299,0.519042,2.4605,0.651302
479497,1,-0.717982,0.0150695,0.993459,-2.24299,0.519045,2.4605,0.651304
479497,1,-0.71798,0.0150675,0.993463,-2.24299,0.519045,2.4605,0.651302
479497,1,-0.717982,0.0150695,0.993468,-2.24299,0.519041,2.46051,0.651303
479497,1,-0.717982,0.0150661,0.993463,-2.24299,0.519041,2.46051,0.651303
479497,1,-0.717985,0.0150654,0.993462,-2.24299,0.519044,2.4605,0.651306
479497,1,-0.717985,0.015065,0.993461,-2.24299,0.519044,2.4605,0.651301
479497,1,-0.71798,0.0150644,0.993459,-2.24299,0.519041,2.46051,0.651308
479497,1,-0.717978,0.0150694,0.993461,-2.243,0.519044,2.4605,0.651306
479497,1,-0.717982,0.0150716,0.993462,-2.24299,0.519045,2.4605,0.651303
479497,1,-0.717982,0.0150703,0.993463,-2.24299,0.519045,2.4605,0.651303
479498,1,-0.717982,0.0150695,0.993465,-2.24299,0.519041,2.46051,0.651305
479498,1,-0.717982,0.0150666,0.993466,-2.24299,0.519042,2.4605,0.651304
479498,1,-0.717982,0.0150624,0.993463,-2.24299,0.519044,2.4605,0.651303
479498,1,-0.717984,0.0150658,0.993461,-2.24299,0.519045,2.46051,0.651302
479498,1,-0.717982,0.0150703,0.993465,-2.24299,0.519043,2.4605,0.651305
479498,1,-0.717982,0.0150641,0.993459,-2.24299,0.519044,2.4605,0.651301
479498,1,-0.717984,0.0150682,0.993467,-2.24299,0.519042,2.46051,0.651307
479498,1,-0.71798,0.0150679,0.993463,-2.24299,0.519042,2.4605,0.651306
479498,1,-0.71798,0.0150723,0.993463,-2.24299,0.519045,2.4605,0.651305
479498,1,-0.717984,0.0150641,0.993468,-2.24299,0.519045,2.4605,0.651299
479498,1,-0.717978,0.0150664,0.993462,-2.24299,0.519046,2.4605,0.651303
479498,1,-0.71798,0.0150675,0.99346,-2.24299,0.519045,2.4605,0.651304
479498,1,-0.71798,0.0150675,0.993461,-2.24299,0.519044,2.4605,0.6513
479498,1,-0.717983,0.0150675,0.993462,-2.24299,0.519045,2.4605,0.651304
479498,1,-0.71798,0.0150699,0.993464,-2.24299,0.519045,2.4605,0.651298
479498,1,-0.717978,0.0150658,0.993463,-2.24299,0.519045,2.4605,0.651304
479498,1,-0.717981,0.0150658,0.993463,-2.24299,0.519044,2.46051,0.651304
479498,1,-0.717982,0.0150706,0.993465,-2.24299,0.519041,2.4605,0.6513
479498,1,-0.717982,0.0150659,0.993463,-2.24299,0.519043,2.46051,0.651302
479498,1,-0.717983,0.0150679,0.993461,-2.24299,0.519043,2.46051,0.651301
479498,1,-0.717978,0.0150658,0.993461,-2.24299,0.519042,2.4605,0.651301
479498,1,-0.717982,0.015066,0.993465,-2.24299,0.519045,2.4605,0.651296
479498,1,-0.71798,0.0150661,0.993463,-2.24299,0.519045,2.4605,0.651295
479498,1,-0.71798,0.0150716,0.993461,-2.24299,0.519044,2.46051,0.651299
479498,1,-0.717982,0.0150682,0.993465,-2.24299,0.519043,2.46051,0.651299
479498,1,-0.717977,0.0150703,0.993467,-2.24299,0.519042,2.46051,0.651301
479498,1,-0.717981,0.0150665,0.993464,-2.24299,0.519042,2.4605,0.651299
479498,1,-0.717979,0.0150685,0.993465,-2.24299,0.519043,2.46051,0.651294
479498,1,-0.71798,0.0150675,0.993465,-2.24299,0.519044,2.46051,0.651299
479498,1,-0.71798,0.0150675,0.993465,-2.24299,0.519042,2.4605,0.651307
479498,1,-0.71798,0.0150675,0.993465,-2.24299,0.519043,2.46051,0.651295
479498,1,-0.717984,0.0150703,0.993465,-2.24299,0.519042,2.46051,0.651303
479498,1,-0.717982,0.0150682,0.99346,-2.24299,0.519046,2.4605,0.651297
479498,1,-0.71798,0.015066,0.993464,-2.24299,0.519044,2.4605,0.651304
479498,1,-0.717978,0.0150716,0.993465,-2.24299,0.519046,2.4605,0.6513
479498,1,-0.717984,0.0150678,0.993463,-2.24299,0.519045,2.46051,0.651302
479498,1,-0.717984,0.0150709,0.993463,-2.24299,0.51904,2.4605,0.651298
479498,1,-0.717982,0.0150658,0.993464,-2.24299,0.519043,2.46051,0.651304
479498,1,-0.717982,0.0150682,0.993461,-2.24299,0.519044,2.4605,0.651298
479498,1,-0.717984,0.0150676,0.993463,-2.24299,0.519045,2.4605,0.651304
479498,1,-0.71798,0.0150666,0.993461,-2.24299,0.519045,2.4605,0.651302
479498,1,-0.717982,0.0150695,0.993464,-2.24299,0.519045,2.46051,0.651302
479498,1,-0.717985,0.0150658,0.993462,-2.24299,0.519045,2.46051,0.651299
479498,1,-0.717982,0.0150679,0.993463,-2.24298,0.519044,2.46051,0.6513
479498,1,-0.717983,0.0150679,0.993464,-2.24298,0.519043,2.4605,0.6513
479498,1,-0.717982,0.0150702,0.993464,-2.24299,0.519044,2.4605,0.651299
479498,1,-0.717981,0.0150666,0.99346,-2.24299,0.519044,2.4605,0.651301
479498,1,-0.717982,0.0150658,0.993459,-2.24299,0.519045,2.4605,0.651298
479498,1,-0.717984,0.015066,0.993468,-2.24299,0.519046,2.4605,0.651298
479498,1,-0.717984,0.0150666,0.993463,-2.24299,0.519045,2.4605,0.651302
479498,1,-0.717984,0.0150678,0.993461,-2.24299,0.519041,2.4605,0.651296
479498,1,-0.717983,0.0150677,0.993462,-2.24299,0.519045,2.4605,0.651304
479498,1,-0.717982,0.0150683,0.993462,-2.24299,0.519044,2.4605,0.651295
479498,1,-0.71798,0.0150663,0.993461,-2.24299,0.519042,2.4605,0.651301
479498,1,-0.717982,0.0150682,0.993463,-2.24299,0.519044,2.4605,0.651297
479498,1,-0.717982,0.015068,0.993461,-2.24299,0.519043,2.4605,0.6513
479498,1,-0.717981,0.0150648,0.993463,-2.24299,0.519045,2.4605,0.651298
479498,1,-0.717984,0.0150682,0.993467,-2.24299,0.519048,2.4605,0.651301
479498,1,-0.717981,0.0150678,0.993463,-2.24299,0.519044,2.46051,0.6513
479498,1,-0.71798,0.0150683,0.993465,-2.24299,0.519043,2.46051,0.651296
479498,1,-0.71798,0.0150666,0.993465,-2.24299,0.519048,2.46051,0.651299
479498,1,-0.717978,0.0150687,0.993463,-2.24299,0.519042,2.46051,0.651299
479498,1,-0.717982,0.0150674,0.993461,-2.24299,0.51904,2.4605,0.651297
479498,1,-0.717982,0.0150697,0.993468,-2.24299,0.519042,2.46051,0.651296
479498,1,-0.717982,0.0150696,0.993461,-2.24299,0.519041,2.46051,0.651295
479498,1,-0.717984,0.0150648,0.993464,-2.24299,0.519046,2.4605,0.651297
479498,1,-0.717982,0.0150705,0.993463,-2.24299,0.519042,2.4605,0.651298
479498,1,-0.717984,0.0150696,0.993463,-2.24299,0.519043,2.4605,0.651299
479498,1,-0.71798,0.0150658,0.993466,-2.24298,0.519041,2.4605,0.651303
479498,1,-0.717982,0.0150675,0.993465,-2.24299,0.519044,2.4605,0.651295
479498,1,-0.71798,0.0150643,0.993466,-2.24299,0.519043,2.46051,0.651305
479498,1,-0.717982,0.0150669,0.993463,-2.24299,0.519045,2.4605,0.651297
479498,1,-0.71798,0.0150679,0.993465,-2.24299,0.519045,2.4605,0.651301
479498,1,-0.71798,0.0150684,0.993465,-2.24299,0.519041,2.4605,0.651301
479498,1,-0.717982,0.0150665,0.993461,-2.24299,0.519043,2.46051,0.6513
479498,1,-0.717982,0.0150679,0.993461,-2.24299,0.519044,2.4605,0.651301
479498,1,-0.717983,0.0150655,0.993461,-2.24299,0.519045,2.4605,0.651298
479498,1,-0.717984,0.0150677,0.993461,-2.24299,0.519045,2.4605,0.651303
479498,1,-0.717981,0.0150682,0.993465,-2.24299,0.519043,2.4605,0.651301
479498,1,-0.717983,0.0150669,0.993462,-2.24299,0.519044,2.46051,0.651301
479498,1,-0.717984,0.0150684,0.993463,-2.24299,0.519045,2.4605,0.651298
479498,1,-0.71798,0.0150679,0.993464,-2.24299,0.519042,2.4605,0.651303
479498,1,-0.717982,0.0150678,0.993464,-2.24299,0.519041,2.4605,0.6513
479498,1,-0.717982,0.0150657,0.993465,-2.24299,0.519039,2.46051,0.651296
479498,1,-0.717984,0.0150675,0.993464,-2.24299,0.519044,2.4605,0.651305
479498,1,-0.717978,0.0150676,0.993466,-2.24299,0.519041,2.4605,0.651303
479498,1,-0.717982,0.0150682,0.993461,-2.24299,0.519041,2.46051,0.651301
479498,1,-0.717984,0.0150695,0.993463,-2.24299,0.519043,2.46051,0.651297
479498,1,-0.717982,0.0150697,0.993461,-2.24299,0.519047,2.4605,0.651299
479498,1,-0.717982,0.0150698,0.993464,-2.24299,0.519044,2.46051,0.651296
479498,1,-0.71798,0.0150662,0.993461,-2.24299,0.519046,2.46051,0.651296
479498,1,-0.717982,0.0150658,0.993461,-2.24299,0.519051,2.4605,0.651301
479498,1,-0.717982,0.0150716,0.993466,-2.24299,0.519045,2.46051,0.651302
479498,1,-0.717982,0.0150654,0.993463,-2.24299,0.519042,2.4605,0.651297
479498,1,-0.717984,0.0150723,0.993461,-2.24299,0.519045,2.46051,0.651296
479498,1,-0.717984,0.0150682,0.993465,-2.24299,0.519045,2.4605,0.651294
479498,1,-0.717982,0.0150679,0.993463,-2.24299,0.519041,2.46051,0.651303
479498,1,-0.717984,0.0150682,0.993463,-2.24299,0.519041,2.4605,0.6513
479498,1,-0.717984,0.0150674,0.993465,-2.24299,0.519043,2.4605,0.651303
479498,1,-0.71798,0.0150658,0.993461,-2.24299,0.519043,2.4605,0.651305
479498,1,-0.71798,0.0150641,0.993465,-2.24299,0.519046,2.46051,0.651301
479498,1,-0.717982,0.0150695,0.993465,-2.24299,0.519046,2.46051,0.651304
479498,1,-0.717979,0.0150658,0.993461,-2.24299,0.519045,2.4605,0.6513
479498,1,-0.717978,0.0150677,0.993465,-2.24299,0.51904,2.4605,0.651303
479498,1,-0.71798,0.0150724,0.993464,-2.24299,0.519044,2.46051,0.651302
479498,1,-0.717985,0.0150696,0.993466,-2.24299,0.519045,2.46051,0.651303
479498,1,-0.717982,0.0150679,0.993459,-2.24299,0.519045,2.46051,0.651304
479498,1,-0.717979,0.015066,0.993464,-2.24299,0.51904,2.4605,0.651299
479498,1,-0.717985,0.0150717,0.993465,-2.24298,0.519042,2.46051,0.6513
479498,1,-0.717982,0.0150704,0.993461,-2.24298,0.519043,2.46051,0.651299
479498,1,-0.717985,0.0150675,0.993463,-2.24299,0.519043,2.4605,0.651301
479498,1,-0.717975,0.0150658,0.993463,-2.24299,0.519045,2.4605,0.651301
479498,1,-0.717981,0.0150679,0.993466,-2.24299,0.519045,2.46051,0.651296
479498,1,-0.71798,0.0150696,0.993462,-2.24299,0.519043,2.4605,0.651304
479498,1,-0.71798,0.0150641,0.993462,-2.24299,0.519041,2.4605,0.651297
479498,1,-0.71798,0.0150666,0.993465,-2.24299,0.519045,2.46051,0.651301
479498,1,-0.717984,0.0150675,0.993463,-2.24299,0.519045,2.4605,0.651297
479498,1,-0.717982,0.015066,0.993461,-2.24299,0.519045,2.4605,0.651299
479498,1,-0.717982,0.0150638,0.993462,-2.24298,0.519045,2.4605,0.651295
479498,1,-0.717982,0.0150683,0.99346,-2.24299,0.519042,2.46051,0.651292
479498,1,-0.71798,0.0150703,0.993465,-2.24299,0.519042,2.46051,0.651301
479498,1,-0.717978,0.0150682,0.993467,-2.24299,0.519047,2.46051,0.651297
479498,1,-0.717982,0.015066,0.993465,-2.24299,0.519041,2.4605,0.651299
479498,1,-0.717981,0.0150695,0.993463,-2.24299,0.519045,2.4605,0.6513
479498,1,-0.717982,0.0150675,0.993461,-2.24299,0.519043,2.46051,0.651299
479498,1,-0.717982,0.0150695,0.993464,-2.24299,0.519044,2.4605,0.651294
479498,1,-0.717981,0.0150661,0.993463,-2.24299,0.519046,2.4605,0.651297
479498,1,-0.717985,0.015068,0.993469,-2.24299,0.519045,2.46051,0.651296
479498,1,-0.71798,0.0150675,0.993464,-2.24299,0.519041,2.4605,0.651301
479498,1,-0.717982,0.0150699,0.993464,-2.24299,0.519041,2.46051,0.651297
479498,1,-0.717982,0.0150696,0.993465,-2.24299,0.519044,2.46051,0.651302
479498,1,-0.717982,0.0150661,0.993466,-2.24299,0.519046,2.4605,0.651303
479498,1,-0.717982,0.0150687,0.993459,-2.24299,0.519045,2.4605,0.651301
479498,1,-0.717987,0.0150686,0.993465,-2.24299,0.519044,2.46051,0.651301
479498,1,-0.717981,0.0150731,0.993463,-2.24299,0.519045,2.46051,0.651296
479498,1,-0.717983,0.0150695,0.993463,-2.24299,0.519044,2.4605,0.651303
479498,1,-0.71798,0.0150675,0.993465,-2.24299,0.519044,2.46051,0.651299
479498,1,-0.71798,0.0150702,0.993465,-2.24299,0.519046,2.4605,0.651297
479498,1,-0.717982,0.0150699,0.993462,-2.24299,0.51904,2.46051,0.651298
479498,1,-0.717982,0.0150666,0.993465,-2.24299,0.519041,2.46051,0.6513
479498,1,-0.717982,0.0150726,0.993463,-2.24299,0.51904,2.4605,0.651296
479498,1,-0.717982,0.0150659,0.993462,-2.24299,0.519045,2.4605,0.651297
479498,1,-0.71798,0.0150658,0.993463,-2.24299,0.519041,2.4605,0.651295
479498,1,-0.717985,0.0150659,0.99346,-2.24299,0.519042,2.4605,0.651293
479498,1,-0.71798,0.0150677,0.993463,-2.24299,0.51904,2.4605,0.651296
479498,1,-0.717983,0.0150662,0.993468,-2.24299,0.519041,2.4605,0.651296
479498,1,-0.71798,0.0150662,0.993464,-2.24299,0.519046,2.4605,0.651297
479498,1,-0.717982,0.0150716,0.993461,-2.24299,0.519043,2.46051,0.651292
479498,1,-0.717984,0.0150679,0.99346,-2.24299,0.519045,2.4605,0.651294
479498,1,-0.717982,0.0150658,0.993463,-2.24299,0.519044,2.46051,0.651297
479498,1,-0.717982,0.015069,0.993459,-2.24299,0.519044,2.46051,0.65129
479498,1,-0.717983,0.0150717,0.993461,-2.24299,0.519044,2.4605,0.651297
479498,1,-0.717984,0.0150696,0.993461,-2.24299,0.519042,2.46051,0.651294
479498,1,-0.71798,0.0150716,0.993461,-2.24299,0.519045,2.46051,0.651289
479498,1,-0.717982,0.0150696,0.993463,-2.24299,0.519042,2.4605,0.651294
479498,1,-0.717982,0.0150667,0.993468,-2.24299,0.519045,2.46051,0.651297
479498,1,-0.71798,0.0150714,0.993459,-2.24298,0.519045,2.4605,0.651292
479498,1,-0.717982,0.0150696,0.993461,-2.24299,0.519045,2.4605,0.651302
479498,1,-0.717985,0.0150736,0.993459,-2.24299,0.519044,2.4605,0.651297
479498,1,-0.717984,0.0150683,0.993463,-2.24299,0.519041,2.46051,0.651298
479498,1,-0.717978,0.0150641,0.993463,-2.24299,0.519044,2.4605,0.651295
479498,1,-0.717982,0.0150723,0.993464,-2.24299,0.519046,2.4605,0.651299
479498,1,-0.717984,0.0150662,0.993462,-2.24299,0.519041,2.46051,0.651298
479498,1,-0.71798,0.0150699,0.993464,-2.24299,0.519043,2.46051,0.651295
479498,1,-0.717984,0.0150644,0.993461,-2.24299,0.519043,2.4605,0.6513
479498,1,-0.71798,0.0150683,0.993461,-2.24299,0.519043,2.4605,0.651291
479498,1,-0.717982,0.0150641,0.99346,-2.24299,0.519044,2.46051,0.651293
479498,1,-0.717983,0.0150675,0.993462,-2.24299,0.519044,2.46051,0.651295
479498,1,-0.717982,0.0150677,0.993464,-2.24299,0.51904,2.4605,0.651291
479498,1,-0.717982,0.0150702,0.993464,-2.24299,0.519043,2.46051,0.651296
479498,1,-0.71798,0.015068,0.993462,-2.24299,0.519044,2.4605,0.651294
479498,1,-0.717984,0.0150723,0.993465,-2.24299,0.519045,2.46051,0.651295
479498,1,-0.71798,0.0150677,0.993465,-2.24299,0.519045,2.4605,0.651291
479498,1,-0.71798,0.0150698,0.993465,-2.24299,0.519046,2.46051,0.651295
479498,1,-0.717978,0.0150686,0.993463,-2.24299,0.519044,2.4605,0.651298
479498,1,-0.717983,0.0150704,0.993464,-2.24299,0.519044,2.46051,0.651293
479498,1,-0.717984,0.0150704,0.993464,-2.24299,0.51905,2.4605,0.651298
479498,1,-0.717982,0.0150658,0.993463,-2.24299,0.519043,2.4605,0.6513
479498,1,-0.717978,0.0150695,0.993463,-2.24299,0.519045,2.4605,0.651291
479498,1,-0.71798,0.0150705,0.993468,-2.24299,0.519044,2.4605,0.651301
479498,1,-0.717978,0.0150696,0.993459,-2.24299,0.519043,2.4605,0.651302
479498,1,-0.717982,0.0150661,0.993464,-2.24299,0.519045,2.4605,0.651296
479498,1,-0.717982,0.0150717,0.993465,-2.24299,0.519041,2.4605,0.651298
479498,1,-0.717984,0.0150679,0.993462,-2.24299,0.519045,2.4605,0.651296
479498,1,-0.717984,0.0150714,0.993465,-2.24299,0.519044,2.46051,0.651297
479498,1,-0.71798,0.0150703,0.993466,-2.24299,0.519044,2.46051,0.651293
479498,1,-0.717982,0.0150683,0.993464,-2.24299,0.519047,2.4605,0.651296
479498,1,-0.71798,0.0150636,0.993465,-2.24299,0.519044,2.4605,0.651295
479498,1,-0.717981,0.0150684,0.993462,-2.24299,0.519045,2.4605,0.651292
479498,1,-0.717982,0.0150719,0.993464,-2.24299,0.519044,2.4605,0.651292
479498,1,-0.717982,0.0150723,0.993461,-2.24299,0.519042,2.46051,0.651295
479498,1,-0.717982,0.0150719,0.993463,-2.24299,0.519045,2.46051,0.651297
479498,1,-0.717982,0.0150696,0.99346,-2.24299,0.519044,2.46051,0.651291
479498,1,-0.717982,0.0150648,0.993462,-2.24299,0.519045,2.4605,0.651294
479498,1,-0.717978,0.0150682,0.993463,-2.24299,0.51904,2.4605,0.651291
479498,1,-0.717985,0.0150695,0.993461,-2.24299,0.519044,2.4605,0.651292
479498,1,-0.717984,0.0150682,0.993465,-2.24299,0.519043,2.46051,0.651297
479498,1,-0.71798,0.0150696,0.993462,-2.24299,0.519046,2.46051,0.651292
479498,1,-0.717978,0.0150697,0.993462,-2.24299,0.519043,2.4605,0.651296
479498,1,-0.717979,0.0150641,0.993463,-2.24299,0.519048,2.46051,0.651292
479499,1,-0.71798,0.015069,0.993463,-2.24299,0.51904,2.46051,0.651295
479499,1,-0.717978,0.0150696,0.993463,-2.24299,0.519046,2.46051,0.651291
479499,1,-0.717982,0.0150703,0.993462,-2.24299,0.519045,2.4605,0.651292
479499,1,-0.717982,0.0150677,0.993461,-2.24299,0.519041,2.4605,0.65129
479499,1,-0.71798,0.0150677,0.993466,-2.24299,0.519042,2.4605,0.651294
479499,1,-0.717982,0.0150697,0.993465,-2.24299,0.519043,2.46051,0.651296
479499,1,-0.717982,0.0150658,0.993462,-2.24299,0.519044,2.46051,0.651298
479499,1,-0.71798,0.0150696,0.993463,-2.24298,0.519046,2.4605,0.6513
479499,1,-0.717982,0.0150659,0.993465,-2.24299,0.519046,2.46051,0.651298
479499,1,-0.717985,0.0150685,0.993464,-2.24299,0.519041,2.4605,0.651297
479499,1,-0.717983,0.0150639,0.993466,-2.24299,0.519043,2.46051,0.651302
479499,1,-0.717982,0.015064,0.993467,-2.24299,0.519045,2.4605,0.651296
479499,1,-0.717982,0.0150702,0.993463,-2.24299,0.519045,2.46051,0.651296
479499,1,-0.717984,0.0150705,0.993461,-2.24299,0.519047,2.4605,0.651299
479499,1,-0.717982,0.0150676,0.993463,-2.24299,0.519044,2.4605,0.651292
479499,1,-0.717982,0.0150722,0.993462,-2.24299,0.519042,2.46051,0.651296
479499,1,-0.717984,0.0150684,0.993463,-2.24299,0.519043,2.46051,0.651294
479499,1,-0.71798,0.0150695,0.993465,-2.24299,0.519045,2.46051,0.651291
479499,1,-0.71798,0.0150696,0.993464,-2.24299,0.519045,2.46051,0.651292
479499,1,-0.71798,0.0150725,0.993466,-2.24299,0.519043,2.4605,0.651293
479499,1,-0.717979,0.0150668,0.993465,-2.24299,0.519039,2.4605,0.651291
479499,1,-0.717982,0.0150669,0.993464,-2.24299,0.519044,2.4605,0.65129
479499,1,-0.717983,0.0150666,0.993463,-2.24299,0.519044,2.46051,0.651292
479499,1,-0.71798,0.0150647,0.993463,-2.24299,0.519046,2.4605,0.651295
479499,1,-0.717982,0.0150696,0.993465,-2.24299,0.519041,2.4605,0.651298
479499,1,-0.717983,0.0150696,0.993461,-2.24299,0.519043,2.4605,0.651293
479499,1,-0.71798,0.0150719,0.993464,-2.24299,0.519044,2.4605,0.651293
479499,1,-0.717982,0.0150678,0.993461,-2.24299,0.519042,2.4605,0.651292
479499,1,-0.717984,0.0150698,0.993463,-2.24299,0.519041,2.4605,0.651295
479499,1,-0.717987,0.0150675,0.993463,-2.24299,0.519044,2.4605,0.651293
479499,1,-0.71798,0.0150675,0.993464,-2.24299,0.519042,2.4605,0.65129
479499,1,-0.717982,0.0150665,0.993461,-2.24299,0.519043,2.4605,0.651297
479499,1,-0.717982,0.0150651,0.993468,-2.24299,0.519048,2.4605,0.65129
479499,1,-0.717978,0.0150658,0.993462,-2.24298,0.519042,2.4605,0.65129
479499,1,-0.717982,0.0150675,0.993468,-2.24299,0.519045,2.46051,0.651293
479499,1,-0.717984,0.015068,0.993463,-2.24299,0.519045,2.4605,0.651291
479499,1,-0.717982,0.0150716,0.993463,-2.24298,0.519043,2.46051,0.651287
479499,1,-0.717981,0.0150677,0.993464,-2.24299,0.519045,2.46051,0.651292
479499,1,-0.717979,0.0150696,0.993463,-2.24299,0.519043,2.46051,0.651293
479499,1,-0.71798,0.0150672,0.993464,-2.24299,0.519048,2.4605,0.651298
479499,1,-0.71798,0.0150704,0.993465,-2.24299,0.519042,2.4605,0.651297
479499,1,-0.717982,0.0150716,0.993469,-2.24299,0.519042,2.4605,0.651293
479499,1,-0.717978,0.0150665,0.993463,-2.24299,0.519044,2.46051,0.651296
479499,1,-0.717982,0.0150661,0.993461,-2.24299,0.519044,2.4605,0.651293
479499,1,-0.717985,0.0150658,0.993465,-2.24299,0.519043,2.4605,0.651296
479499,1,-0.717982,0.0150712,0.993461,-2.24299,0.51904,2.4605,0.651289
479499,1,-0.717984,0.0150687,0.993459,-2.24299,0.519045,2.46051,0.651299
479499,1,-0.71798,0.0150703,0.993465,-2.24299,0.519045,2.4605,0.651293
479499,1,-0.717984,0.0150682,0.993464,-2.24299,0.519044,2.4605,0.651294
479499,1,-0.71798,0.0150699,0.993468,-2.24299,0.519044,2.4605,0.651296
479499,1,-0.717982,0.0150699,0.993465,-2.24299,0.519042,2.46051,0.651294
479499,1,-0.717976,0.0150684,0.993459,-2.24299,0.519045,2.4605,0.651295
479499,1,-0.717981,0.015066,0.993459,-2.24299,0.519044,2.4605,0.651291
479499,1,-0.717982,0.0150675,0.993462,-2.24299,0.519047,2.4605,0.651288
479499,1,-0.717982,0.015066,0.993463,-2.24299,0.519043,2.46051,0.651289
479499,1,-0.717985,0.0150676,0.993459,-2.24299,0.519043,2.4605,0.65129
479499,1,-0.717982,0.0150676,0.993464,-2.24299,0.519044,2.4605,0.651289
479499,1,-0.71798,0.0150641,0.993466,-2.24299,0.519046,2.4605,0.651292
479499,1,-0.71798,0.0150682,0.993465,-2.24299,0.519045,2.4605,0.651289
479499,1,-0.717982,0.0150641,0.993465,-2.24299,0.519042,2.46051,0.651294
479499,1,-0.717982,0.0150683,0.993464,-2.24299,0.519045,2.4605,0.651295
479499,1,-0.717982,0.0150703,0.99346,-2.24299,0.519042,2.4605,0.65129
479499,1,-0.717982,0.0150717,0.993465,-2.24299,0.519045,2.4605,0.651297
479499,1,-0.717983,0.0150675,0.993465,-2.24299,0.519042,2.4605,0.651295
479499,1,-0.717982,0.0150706,0.99346,-2.24299,0.519045,2.4605,0.651292
479499,1,-0.71798,0.0150641,0.993468,-2.24299,0.519043,2.4605,0.651286
479499,1,-0.717982,0.0150723,0.993462,-2.24299,0.519045,2.4605,0.651295
479499,1,-0.717982,0.0150734,0.993461,-2.24299,0.519045,2.4605,0.651292
479499,1,-0.717984,0.0150658,0.993467,-2.24299,0.519046,2.46051,0.651292
479499,1,-0.717982,0.0150667,0.993464,-2.24299,0.519046,2.46051,0.651295
479499,1,-0.71798,0.0150679,0.993463,-2.24299,0.519045,2.4605,0.651294
479499,1,-0.717984,0.0150716,0.993464,-2.24299,0.519043,2.4605,0.651294
479499,1,-0.717983,0.0150711,0.993463,-2.24299,0.519041,2.4605,0.65129
479499,1,-0.717984,0.0150677,0.993459,-2.24299,0.519044,2.4605,0.65129
479499,1,-0.717978,0.0150675,0.993463,-2.24299,0.519045,2.46051,0.651291
479499,1,-0.717978,0.0150678,0.993459,-2.24299,0.519042,2.4605,0.651291
479499,1,-0.717982,0.0150678,0.993462,-2.24299,0.519044,2.4605,0.65129
479499,1,-0.71798,0.0150665,0.993466,-2.24299,0.519045,2.4605,0.651293
479499,1,-0.717983,0.0150675,0.993461,-2.24299,0.519047,2.4605,0.651293
479499,1,-0.717983,0.0150675,0.993463,-2.24299,0.519048,2.46051,0.651291
479499,1,-0.717984,0.0150696,0.993462,-2.24299,0.519043,2.46051,0.651295
479499,1,-0.717984,0.0150737,0.993461,-2.24299,0.519041,2.4605,0.651298
479499,1,-0.71798,0.0150696,0.993464,-2.24299,0.519045,2.4605,0.651295
479499,1,-0.71798,0.0150703,0.993465,-2.24299,0.519041,2.4605,0.651291
479499,1,-0.717984,0.0150703,0.993463,-2.24299,0.519045,2.4605,0.651293
479499,1,-0.717984,0.0150659,0.993465,-2.24299,0.519044,2.46051,0.651292
479499,1,-0.717979,0.0150659,0.993463,-2.24299,0.519043,2.46051,0.651293
479499,1,-0.71798,0.0150665,0.993466,-2.24299,0.519043,2.4605,0.651293
479499,1,-0.717984,0.0150658,0.993466,-2.24298,0.519043,2.4605,0.651289
479499,1,-0.717978,0.0150684,0.993463,-2.24299,0.519044,2.46051,0.651289
479499,1,-0.717982,0.0150677,0.993463,-2.24299,0.519043,2.4605,0.651287
479499,1,-0.71798,0.0150682,0.993462,-2.24299,0.519044,2.4605,0.651291
479499,1,-0.71798,0.0150713,0.993464,-2.24299,0.519043,2.46051,0.65129
479499,1,-0.717983,0.0150661,0.993461,-2.24299,0.519041,2.46051,0.651289
479499,1,-0.717982,0.0150717,0.993463,-2.24299,0.519042,2.4605,0.651298
479499,1,-0.717984,0.0150703,0.993467,-2.24299,0.519044,2.4605,0.651289
479499,1,-0.71798,0.0150677,0.993463,-2.24299,0.51904,2.4605,0.651291
479499,1,-0.717982,0.0150641,0.993463,-2.24299,0.519044,2.4605,0.651297
479499,1,-0.717978,0.0150672,0.993463,-2.24299,0.519045,2.46051,0.651293
479499,1,-0.71798,0.0150676,0.993461,-2.24299,0.519047,2.4605,0.651286
479499,1,-0.717984,0.015066,0.993464,-2.24299,0.519043,2.46051,0.651294
479499,1,-0.717982,0.0150681,0.993461,-2.24299,0.519044,2.4605,0.651291
479499,1,-0.717982,0.0150682,0.993464,-2.24299,0.519044,2.4605,0.651296
479499,1,-0.71798,0.0150704,0.993461,-2.24299,0.519044,2.4605,0.651291
479499,1,-0.71798,0.0150667,0.993465,-2.24299,0.519044,2.4605,0.651294
479499,1,-0.717984,0.0150667,0.993463,-2.24299,0.519043,2.46051,0.651293
479499,1,-0.717982,0.0150704,0.993462,-2.24299,0.519046,2.4605,0.651292
479499,1,-0.71798,0.0150712,0.993463,-2.24299,0.519043,2.4605,0.651293
479499,1,-0.717978,0.0150662,0.993463,-2.24299,0.519041,2.4605,0.651291
479499,1,-0.717982,0.0150641,0.993464,-2.24299,0.519045,2.46051,0.651295
479499,1,-0.71798,0.0150675,0.993458,-2.24299,0.519044,2.4605,0.651288
479499,1,-0.717983,0.0150658,0.993461,-2.24299,0.519045,2.4605,0.651291
479499,1,-0.71798,0.0150695,0.993461,-2.24299,0.519045,2.46051,0.651291
479499,1,-0.717984,0.0150621,0.993461,-2.24299,0.519044,2.46051,0.65129
479499,1,-0.717982,0.0150665,0.993464,-2.24299,0.519043,2.4605,0.651288
479499,1,-0.717984,0.015066,0.993463,-2.24299,0.519041,2.4605,0.651287
479499,1,-0.717982,0.0150665,0.993463,-2.24299,0.519041,2.46051,0.651287
479499,1,-0.717982,0.0150677,0.993465,-2.24299,0.519043,2.46051,0.651285
479499,1,-0.71798,0.0150686,0.993463,-2.24299,0.519044,2.4605,0.651285
479499,1,-0.717982,0.0150675,0.993466,-2.24299,0.519046,2.4605,0.651291
479499,1,-0.717978,0.0150658,0.993464,-2.24299,0.519046,2.4605,0.651285
479499,1,-0.71798,0.0150683,0.993465,-2.24299,0.519041,2.4605,0.651293
479499,1,-0.71798,0.01507,0.993464,-2.24299,0.51904,2.4605,0.651287
479499,1,-0.717982,0.0150671,0.993461,-2.24299,0.519046,2.46051,0.651293
479499,1,-0.717984,0.0150677,0.993463,-2.24299,0.519045,2.46051,0.651286
479499,1,-0.71798,0.0150676,0.993466,-2.24299,0.51904,2.46051,0.651291
479499,1,-0.717983,0.0150736,0.993461,-2.24299,0.519043,2.4605,0.651288
479499,1,-0.717983,0.0150678,0.993466,-2.24299,0.519044,2.4605,0.651288
479499,1,-0.717984,0.0150675,0.993461,-2.24299,0.519041,2.46051,0.651291
479499,1,-0.717982,0.015066,0.993463,-2.24299,0.519045,2.46051,0.651287
479499,1,-0.717982,0.0150699,0.993466,-2.24299,0.51904,2.4605,0.65129
479499,1,-0.717982,0.0150679,0.993466,-2.24299,0.519042,2.4605,0.651286
479499,1,-0.717983,0.0150682,0.993463,-2.24299,0.519042,2.46051,0.651287
479499,1,-0.717982,0.0150679,0.993464,-2.24299,0.519045,2.4605,0.651287
479499,1,-0.717982,0.0150641,0.993461,-2.24298,0.519049,2.4605,0.651285
479499,1,-0.717982,0.0150677,0.99346,-2.24299,0.519045,2.4605,0.651287
479499,1,-0.71798,0.0150664,0.993464,-2.24299,0.519044,2.4605,0.651289
479499,1,-0.717977,0.0150706,0.993461,-2.24299,0.519045,2.4605,0.651287
479499,1,-0.717984,0.0150628,0.993462,-2.24299,0.519043,2.4605,0.651288
479499,1,-0.71798,0.0150682,0.993466,-2.24299,0.519045,2.46051,0.651289
479499,1,-0.71798,0.0150682,0.993464,-2.243,0.519039,2.4605,0.651291
479499,1,-0.717982,0.0150687,0.993463,-2.24299,0.519042,2.4605,0.651293
479499,1,-0.717982,0.0150681,0.993459,-2.24299,0.51904,2.4605,0.651295
479499,1,-0.717982,0.0150641,0.993464,-2.24299,0.519042,2.46051,0.651289
479499,1,-0.717982,0.0150643,0.993463,-2.24299,0.519044,2.4605,0.651292
479499,1,-0.71798,0.015066,0.993465,-2.24299,0.519044,2.46051,0.651291
479499,1,-0.717981,0.0150658,0.993462,-2.24299,0.519041,2.46051,0.65129
479499,1,-0.71798,0.0150675,0.993463,-2.24299,0.519044,2.4605,0.651289
479499,1,-0.717982,0.0150698,0.993463,-2.24299,0.51904,2.46051,0.651289
479499,1,-0.717978,0.0150721,0.993463,-2.24299,0.519044,2.4605,0.651291
479499,1,-0.717982,0.0150704,0.993465,-2.24299,0.519041,2.4605,0.651289
479499,1,-0.717982,0.0150697,0.993459,-2.24299,0.519043,2.46051,0.651285
479499,1,-0.717984,0.0150654,0.993463,-2.24299,0.519045,2.4605,0.651287
479499,1,-0.71798,0.0150648,0.993461,-2.24299,0.519044,2.4605,0.651288
479499,1,-0.717982,0.0150678,0.993463,-2.24298,0.519043,2.4605,0.651287
479499,1,-0.717981,0.0150648,0.993464,-2.24299,0.519044,2.46051,0.65129
479499,1,-0.717982,0.0150621,0.993465,-2.24299,0.519044,2.46051,0.651286
479499,1,-0.717979,0.0150658,0.993466,-2.24299,0.519042,2.46051,0.65129
479499,1,-0.717982,0.0150658,0.993463,-2.24299,0.519044,2.4605,0.65129
479499,1,-0.717982,0.0150641,0.993464,-2.24299,0.519046,2.46051,0.651287
479499,1,-0.717982,0.0150712,0.993462,-2.24299,0.519043,2.46051,0.651291
479499,1,-0.71798,0.0150662,0.993461,-2.24299,0.519043,2.4605,0.651288
479499,1,-0.71798,0.0150675,0.993465,-2.24299,0.519043,2.4605,0.651288
479499,1,-0.717982,0.0150696,0.993467,-2.24299,0.51904,2.4605,0.651283
479499,1,-0.717982,0.0150703,0.993461,-2.24299,0.519048,2.4605,0.651292
479499,1,-0.71798,0.015064,0.993461,-2.24298,0.519044,2.4605,0.651281
479499,1,-0.717982,0.0150644,0.993465,-2.24299,0.519042,2.4605,0.651287
479499,1,-0.717982,0.0150658,0.993465,-2.24299,0.519043,2.46051,0.651287
479499,1,-0.71798,0.0150675,0.993463,-2.24299,0.519045,2.46051,0.651294
479499,1,-0.717982,0.015068,0.993465,-2.24299,0.519044,2.4605,0.651284
479499,1,-0.717982,0.0150696,0.993464,-2.24299,0.519047,2.4605,0.651287
479499,1,-0.717982,0.0150663,0.993459,-2.24299,0.519045,2.46051,0.651288
479499,1,-0.717984,0.0150639,0.993463,-2.24299,0.519045,2.46051,0.651285
479499,1,-0.71798,0.0150697,0.993463,-2.24299,0.519041,2.4605,0.65129
479499,1,-0.717983,0.0150665,0.993463,-2.24299,0.519044,2.4605,0.651289
479499,1,-0.717982,0.0150674,0.993464,-2.24299,0.51904,2.4605,0.65129
479499,1,-0.717982,0.0150682,0.993463,-2.24299,0.519044,2.4605,0.65129
479499,1,-0.717985,0.0150681,0.993464,-2.24299,0.519043,2.4605,0.651293
479499,1,-0.717982,0.0150641,0.993465,-2.24299,0.519043,2.4605,0.651294
479499,1,-0.717982,0.0150678,0.993462,-2.24299,0.519045,2.4605,0.65129
479499,1,-0.71798,0.015066,0.993462,-2.24299,0.519044,2.4605,0.65129
479499,1,-0.717984,0.0150658,0.993463,-2.24299,0.519043,2.4605,0.651284
479499,1,-0.717978,0.0150658,0.993463,-2.24299,0.519044,2.4605,0.651289
479499,1,-0.717978,0.0150698,0.99346,-2.24299,0.519044,2.46051,0.651285
479499,1,-0.717978,0.0150695,0.993461,-2.24299,0.519041,2.4605,0.651293
479499,1,-0.71798,0.0150677,0.993467,-2.24299,0.519048,2.46051,0.651288
479499,1,-0.717984,0.0150658,0.993463,-2.24299,0.519045,2.46051,0.65129
479499,1,-0.717983,0.0150716,0.993468,-2.24299,0.519044,2.4605,0.651289
479499,1,-0.717985,0.015066,0.993463,-2.24299,0.519043,2.4605,0.651289
479499,1,-0.717983,0.015065,0.993463,-2.24299,0.519042,2.46051,0.651287
479499,1,-0.71798,0.0150697,0.993465,-2.24299,0.519046,2.46051,0.651294
479499,1,-0.717981,0.0150641,0.99346,-2.24299,0.519042,2.4605,0.65129
479499,1,-0.71798,0.0150643,0.993464,-2.24299,0.519045,2.4605,0.651286
479499,1,-0.71798,0.0150656,0.993466,-2.24299,0.519043,2.4605,0.651289
479499,1,-0.717984,0.0150675,0.993461,-2.24299,0.519045,2.4605,0.651289
479499,1,-0.717982,0.0150702,0.993465,-2.24299,0.519047,2.46051,0.651293
479499,1,-0.71798,0.0150716,0.993465,-2.24299,0.519045,2.46051,0.651291
479499,1,-0.717982,0.0150719,0.993465,-2.24299,0.519041,2.4605,0.651288
479499,1,-0.717982,0.0150682,0.993462,-2.24299,0.519048,2.46051,0.651291
479499,1,-0.717984,0.0150641,0.993463,-2.24299,0.519041,2.4605,0.651288
479500,1,-0.71798,0.0150677,0.993467,-2.24299,0.519041,2.4605,0.65129
479500,1,-0.71798,0.0150656,0.993465,-2.24299,0.519043,2.4605,0.651292
479500,1,-0.717978,0.0150706,0.993459,-2.24299,0.519043,2.4605,0.651291
479500,1,-0.717982,0.0150675,0.993464,-2.24299,0.519043,2.46051,0.651291
479500,1,-0.71798,0.0150683,0.993459,-2.24299,0.519044,2.4605,0.651285
479500,1,-0.717982,0.0150641,0.993464,-2.24299,0.519047,2.4605,0.651295
479500,1,-0.717982,0.0150702,0.993463,-2.24299,0.519046,2.46051,0.651283
479500,1,-0.71798,0.0150651,0.993465,-2.24299,0.519042,2.46051,0.651293
479500,1,-0.717982,0.0150658,0.993462,-2.24299,0.519044,2.4605,0.651283
479500,1,-0.717982,0.0150706,0.993464,-2.24299,0.51904,2.46051,0.651292
479500,1,-0.71798,0.0150651,0.993462,-2.24299,0.519046,2.46051,0.651291
479500,1,-0.717984,0.0150658,0.993463,-2.24299,0.519042,2.4605,0.651286
479500,1,-0.717982,0.0150685,0.993463,-2.24299,0.519044,2.4605,0.65129
479500,1,-0.717982,0.0150695,0.993459,-2.24299,0.519041,2.4605,0.651285
479500,1,-0.717978,0.0150703,0.993465,-2.24299,0.519043,2.46051,0.651286
479500,1,-0.717984,0.0150667,0.993461,-2.24299,0.519042,2.46051,0.651287
479500,1,-0.717984,0.015066,0.993463,-2.24299,0.519041,2.4605,0.651283
479500,1,-0.717979,0.0150698,0.993469,-2.24299,0.519045,2.4605,0.651291
479500,1,-0.717978,0.0150686,0.993463,-2.24299,0.519042,2.4605,0.651286
479500,1,-0.717982,0.0150695,0.993465,-2.24299,0.519044,2.4605,0.65129
479500,1,-0.717978,0.0150684,0.993464,-2.24299,0.519045,2.4605,0.651287
479500,1,-0.71798,0.0150696,0.993467,-2.24299,0.519043,2.46051,0.651289
479500,1,-0.717984,0.0150677,0.993463,-2.24299,0.519043,2.46051,0.651291
479500,1,-0.71798,0.0150648,0.993462,-2.24299,0.519044,2.4605,0.651284
479500,1,-0.717982,0.0150682,0.993462,-2.24299,0.519042,2.4605,0.651287
479500,1,-0.717982,0.0150676,0.993463,-2.24299,0.519043,2.46051,0.651288
479500,1,-0.717978,0.0150642,0.993463,-2.24299,0.519045,2.4605,0.651289
479500,1,-0.717985,0.0150676,0.993459,-2.24299,0.519045,2.4605,0.651284
479500,1,-0.717983,0.0150681,0.993459,-2.24299,0.519043,2.46051,0.651287
479500,1,-0.717981,0.0150659,0.993461,-2.24299,0.519042,2.4605,0.651284
479500,1,-0.717978,0.0150723,0.993462,-2.24299,0.519045,2.4605,0.651285
479500,1,-0.717982,0.0150697,0.993462,-2.24299,0.519042,2.4605,0.651282
479500,1,-0.717982,0.0150678,0.99346,-2.24299,0.519042,2.4605,0.651284
479500,1,-0.717983,0.0150685,0.993461,-2.24299,0.519043,2.4605,0.651287
479500,1,-0.717982,0.0150662,0.993463,-2.24299,0.519043,2.4605,0.651284
479500,1,-0.71798,0.0150681,0.993465,-2.24299,0.519045,2.4605,0.651282
479500,1,-0.71798,0.0150661,0.993461,-2.24298,0.51904,2.4605,0.651278
479500,1,-0.717982,0.0150621,0.993464,-2.24299,0.519045,2.46051,0.651286
479500,1,-0.717982,0.015068,0.993463,-2.24299,0.519044,2.4605,0.651283
479500,1,-0.71798,0.0150699,0.993462,-2.24299,0.519045,2.4605,0.651282
479500,1,-0.717978,0.0150675,0.993463,-2.24299,0.519045,2.4605,0.651284
479500,1,-0.71798,0.0150697,0.993463,-2.24299,0.519042,2.46051,0.651289
479500,1,-0.717984,0.0150686,0.993466,-2.24299,0.519043,2.4605,0.651285
479500,1,-0.717985,0.0150643,0.993464,-2.24299,0.519045,2.4605,0.65129
479500,1,-0.717981,0.0150679,0.993459,-2.24299,0.519042,2.4605,0.651283
479500,1,-0.717984,0.0150648,0.993463,-2.24299,0.519045,2.4605,0.651289
479500,1,-0.71798,0.0150679,0.993462,-2.24299,0.519045,2.4605,0.651282
479500,1,-0.717982,0.0150666,0.993465,-2.24299,0.519043,2.4605,0.651288
479500,1,-0.71798,0.0150723,0.993464,-2.24299,0.519044,2.4605,0.651289
479500,1,-0.717984,0.0150644,0.993465,-2.24299,0.519045,2.4605,0.651291
479500,1,-0.717984,0.0150641,0.993464,-2.24299,0.519045,2.4605,0.651291
479500,1,-0.717978,0.0150658,0.993466,-2.24299,0.519045,2.4605,0.651287
479500,1,-0.717978,0.0150716,0.993464,-2.24299,0.51904,2.46051,0.651282
479500,1,-0.717984,0.0150695,0.993465,-2.24299,0.519042,2.46051,0.651287
479500,1,-0.717984,0.015068,0.993465,-2.24299,0.519043,2.4605,0.651289
479500,1,-0.71798,0.0150679,0.993464,-2.24299,0.519044,2.4605,0.65129
479500,1,-0.71798,0.015065,0.993461,-2.24299,0.519045,2.4605,0.651289
479500,1,-0.717984,0.0150679,0.993468,-2.24299,0.519041,2.4605,0.651286
479500,1,-0.71798,0.0150678,0.993461,-2.24299,0.519044,2.4605,0.651289
479500,1,-0.717984,0.0150695,0.993462,-2.24299,0.519047,2.46051,0.651289
479500,1,-0.717984,0.0150695,0.993465,-2.24299,0.519044,2.46051,0.651284
479500,1,-0.717982,0.0150659,0.993465,-2.243,0.519044,2.4605,0.651287
479500,1,-0.717984,0.0150717,0.993465,-2.24299,0.519047,2.4605,0.651287
479500,1,-0.717985,0.0150696,0.993465,-2.24299,0.519044,2.4605,0.651287
479500,1,-0.717984,0.0150677,0.993464,-2.24299,0.519044,2.4605,0.651286
479500,1,-0.717982,0.0150665,0.993466,-2.24299,0.519047,2.46051,0.65129
479500,1,-0.717979,0.0150677,0.993465,-2.24299,0.519044,2.4605,0.651279
479500,1,-0.717982,0.0150665,0.993466,-2.24299,0.519042,2.4605,0.651288
479500,1,-0.717984,0.0150665,0.993461,-2.24299,0.519043,2.46051,0.651283
479500,1,-0.717982,0.0150695,0.993463,-2.24299,0.519041,2.4605,0.651287
479500,1,-0.71798,0.0150658,0.993465,-2.24299,0.519045,2.46051,0.651288
479500,1,-0.717976,0.0150662,0.993465,-2.24299,0.519046,2.46051,0.651292
479500,1,-0.717982,0.0150665,0.993463,-2.24299,0.519046,2.4605,0.651287
479500,1,-0.717985,0.0150672,0.993465,-2.24299,0.519041,2.4605,0.651289
479500,1,-0.717982,0.0150679,0.993465,-2.24298,0.519044,2.46051,0.651293
479500,1,-0.71798,0.0150632,0.993465,-2.24299,0.519042,2.4605,0.65129
479500,1,-0.717982,0.0150658,0.99346,-2.24299,0.519045,2.46051,0.651287
479500,1,-0.717982,0.0150676,0.993463,-2.24299,0.519043,2.4605,0.651284
479500,1,-0.717982,0.0150675,0.993464,-2.24299,0.519043,2.4605,0.651292
479500,1,-0.717984,0.0150703,0.993463,-2.24299,0.519043,2.4605,0.651283
479500,1,-0.717982,0.0150697,0.993457,-2.24299,0.519044,2.46051,0.651289
479500,1,-0.717982,0.0150695,0.993464,-2.24299,0.519048,2.46051,0.651284
479500,1,-0.717979,0.0150699,0.993461,-2.24299,0.519046,2.4605,0.651287
479500,1,-0.717982,0.0150677,0.993462,-2.24299,0.519042,2.4605,0.651282
479500,1,-0.717984,0.0150703,0.993465,-2.24299,0.519041,2.4605,0.651291
479500,1,-0.717982,0.0150697,0.993463,-2.24299,0.519039,2.46051,0.65128
479500,1,-0.71798,0.0150676,0.993461,-2.24299,0.519045,2.4605,0.651289
479500,1,-0.717982,0.0150678,0.993467,-2.24299,0.519048,2.4605,0.651283
479500,1,-0.71798,0.0150661,0.993464,-2.24299,0.519043,2.4605,0.651286
479500,1,-0.717984,0.0150658,0.993467,-2.24298,0.519043,2.4605,0.651286
479500,1,-0.717977,0.0150706,0.993465,-2.24299,0.519044,2.46051,0.651285
479500,1,-0.71798,0.0150696,0.993464,-2.24299,0.519045,2.4605,0.651283
479500,1,-0.717978,0.0150697,0.993464,-2.24299,0.519041,2.46051,0.651283
479500,1,-0.717982,0.0150704,0.993463,-2.24299,0.51904,2.4605,0.651287
479500,1,-0.71798,0.0150675,0.993462,-2.24299,0.519045,2.46051,0.651286
479500,1,-0.71798,0.0150719,0.993462,-2.24299,0.519044,2.4605,0.65129
479500,1,-0.717982,0.0150658,0.993463,-2.24299,0.519045,2.46051,0.651289
479500,1,-0.71798,0.0150716,0.993465,-2.24299,0.519042,2.4605,0.651287
479500,1,-0.717982,0.0150679,0.993465,-2.24299,0.519042,2.46051,0.651288
479500,1,-0.71798,0.0150677,0.993465,-2.24299,0.519044,2.4605,0.651285
479500,1,-0.717984,0.0150641,0.993465,-2.24299,0.519043,2.46051,0.651284
479500,1,-0.717982,0.0150677,0.993462,-2.24299,0.519047,2.4605,0.651283
479500,1,-0.71798,0.0150641,0.993461,-2.24299,0.519045,2.4605,0.651289
479500,1,-0.717981,0.0150668,0.993462,-2.24299,0.519041,2.46051,0.651284
479500,1,-0.717984,0.0150689,0.993463,-2.24299,0.519042,2.4605,0.651288
479500,1,-0.717984,0.0150679,0.993459,-2.24299,0.519045,2.4605,0.651288
479500,1,-0.71798,0.0150704,0.993462,-2.24299,0.519041,2.46051,0.651288
479500,1,-0.717979,0.0150697,0.993461,-2.24299,0.519045,2.46051,0.651288
479500,1,-0.717982,0.0150682,0.993461,-2.24299,0.519041,2.4605,0.651289
479500,1,-0.717981,0.0150699,0.99346,-2.24299,0.51904,2.4605,0.65129
479500,1,-0.717985,0.0150683,0.993462,-2.24299,0.519043,2.4605,0.651289
479500,1,-0.717982,0.0150675,0.993462,-2.24299,0.519043,2.46051,0.651289
479500,1,-0.71798,0.0150677,0.993464,-2.24299,0.519045,2.46051,0.651289
479500,1,-0.717982,0.0150661,0.993464,-2.24299,0.519042,2.4605,0.651285
479500,1,-0.717984,0.015066,0.993462,-2.24299,0.519041,2.4605,0.651286
479500,1,-0.717985,0.0150676,0.993463,-2.24299,0.519046,2.4605,0.651286
479500,1,-0.717984,0.0150691,0.993464,-2.24299,0.519046,2.46051,0.651286
479500,1,-0.717982,0.0150644,0.993462,-2.24299,0.519049,2.4605,0.651285
479500,1,-0.71798,0.0150641,0.993462,-2.24299,0.519043,2.4605,0.651286
479500,1,-0.717982,0.0150675,0.993464,-2.24299,0.519041,2.46051,0.651281
479500,1,-0.717982,0.0150676,0.993465,-2.24299,0.519044,2.46051,0.651289
479500,1,-0.717982,0.0150641,0.993467,-2.24299,0.519044,2.46051,0.651284
479500,1,-0.717982,0.0150707,0.993461,-2.24299,0.519047,2.4605,0.651286
479500,1,-0.717978,0.0150658,0.993459,-2.24299,0.519044,2.4605,0.651279
479500,1,-0.717984,0.0150677,0.993468,-2.24299,0.519044,2.46051,0.651285
479500,1,-0.717977,0.0150665,0.993464,-2.24299,0.519042,2.4605,0.651282
479500,1,-0.717976,0.0150665,0.993467,-2.24299,0.519045,2.46051,0.651285
479500,1,-0.717984,0.0150636,0.993464,-2.24298,0.51904,2.4605,0.651281
479500,1,-0.717984,0.0150687,0.99346,-2.24299,0.519042,2.46051,0.65128
479500,1,-0.717982,0.0150696,0.993463,-2.24299,0.519043,2.4605,0.651284
479500,1,-0.717978,0.0150702,0.993461,-2.24299,0.519045,2.46051,0.651281
479500,1,-0.717984,0.0150659,0.993461,-2.24299,0.519045,2.4605,0.651285
479500,1,-0.717978,0.0150662,0.993464,-2.24299,0.519045,2.46051,0.651279
479500,1,-0.717985,0.0150704,0.993463,-2.24299,0.519044,2.4605,0.651279
479500,1,-0.717982,0.0150679,0.993461,-2.24299,0.519042,2.4605,0.651283
479500,1,-0.717985,0.0150689,0.993468,-2.24299,0.519044,2.46051,0.651281
479500,1,-0.717981,0.015066,0.993461,-2.24299,0.519041,2.4605,0.651287
479500,1,-0.717982,0.0150671,0.993462,-2.24299,0.519045,2.4605,0.651284
479500,1,-0.717982,0.0150682,0.993466,-2.24299,0.519044,2.4605,0.651286
479500,1,-0.717976,0.0150648,0.993465,-2.24299,0.519044,2.4605,0.651287
479500,1,-0.717982,0.0150665,0.993465,-2.24299,0.519044,2.46051,0.651286
479500,1,-0.717982,0.0150682,0.993464,-2.24299,0.519044,2.46051,0.651283
479500,1,-0.717979,0.0150682,0.993465,-2.24299,0.519043,2.4605,0.651284
479500,1,-0.71798,0.0150675,0.993465,-2.24299,0.519042,2.46051,0.651285
479500,1,-0.71798,0.0150716,0.993459,-2.24299,0.519045,2.46051,0.651285
479500,1,-0.717984,0.0150682,0.993461,-2.24298,0.519043,2.46051,0.65128
479500,1,-0.717983,0.0150682,0.993462,-2.24299,0.519043,2.46051,0.651283
479500,1,-0.717984,0.0150641,0.993464,-2.24299,0.519041,2.4605,0.651289
479500,1,-0.71798,0.0150677,0.993461,-2.24299,0.519045,2.4605,0.651284
479500,1,-0.717978,0.0150675,0.993461,-2.24299,0.519042,2.4605,0.651285
479500,1,-0.717982,0.0150696,0.993464,-2.24299,0.519041,2.4605,0.651284
479500,1,-0.717979,0.0150675,0.993461,-2.24299,0.519044,2.4605,0.651284
479500,1,-0.717976,0.0150675,0.993464,-2.24299,0.519041,2.46051,0.651288
479500,1,-0.717982,0.015066,0.993466,-2.24299,0.519039,2.46051,0.651288
479500,1,-0.717982,0.0150675,0.993465,-2.24299,0.519045,2.4605,0.651284
479500,1,-0.717984,0.0150666,0.993461,-2.24299,0.519042,2.46051,0.651284
479500,1,-0.717984,0.015066,0.993462,-2.24299,0.519043,2.4605,0.651282
479500,1,-0.71798,0.0150686,0.993466,-2.24299,0.51904,2.4605,0.65128
479500,1,-0.717984,0.0150665,0.993465,-2.24299,0.519045,2.4605,0.651283
479500,1,-0.717984,0.0150648,0.993461,-2.24299,0.519043,2.46051,0.651286
479500,1,-0.717982,0.0150659,0.993463,-2.24299,0.519045,2.4605,0.651277
479500,1,-0.71798,0.0150679,0.993464,-2.24299,0.519044,2.4605,0.651281
479500,1,-0.71798,0.0150704,0.993463,-2.24299,0.519044,2.4605,0.65128
479500,1,-0.717978,0.015066,0.993462,-2.24299,0.519044,2.4605,0.651281
479500,1,-0.717982,0.0150657,0.993461,-2.24299,0.519041,2.4605,0.651283
479500,1,-0.717982,0.0150677,0.993463,-2.24299,0.51904,2.4605,0.651285
479500,1,-0.717984,0.0150676,0.99346,-2.24299,0.519043,2.4605,0.651283
479500,1,-0.717987,0.0150696,0.993464,-2.24299,0.519045,2.4605,0.651282
479500,1,-0.717982,0.0150695,0.993463,-2.24299,0.519044,2.4605,0.651285
479500,1,-0.717984,0.0150716,0.993465,-2.24299,0.519041,2.4605,0.651285
479500,1,-0.717983,0.0150666,0.993458,-2.24299,0.519043,2.46051,0.651277
479500,1,-0.717978,0.0150665,0.993468,-2.24299,0.519047,2.4605,0.651281
479500,1,-0.717978,0.0150643,0.993463,-2.24299,0.519044,2.46051,0.651281
479500,1,-0.717982,0.0150684,0.993462,-2.24299,0.51904,2.46051,0.651283
479500,1,-0.717982,0.0150695,0.993465,-2.24298,0.519046,2.46051,0.651279
479500,1,-0.717982,0.0150681,0.993466,-2.24299,0.519038,2.4605,0.65128
479500,1,-0.717982,0.0150678,0.993467,-2.24299,0.519043,2.4605,0.651278
479500,1,-0.717984,0.0150675,0.993467,-2.24299,0.519046,2.4605,0.651278
479500,1,-0.717982,0.0150641,0.993461,-2.24299,0.519048,2.4605,0.651285
479500,1,-0.717984,0.0150681,0.993466,-2.24299,0.519041,2.4605,0.65128
479500,1,-0.71798,0.0150665,0.993462,-2.24299,0.519044,2.46051,0.65128
479500,1,-0.71798,0.0150659,0.993466,-2.24299,0.519042,2.4605,0.651281
479500,1,-0.717982,0.0150706,0.993465,-2.24299,0.519045,2.46051,0.65128
479500,1,-0.717982,0.0150665,0.993465,-2.24299,0.519041,2.46051,0.651283
479500,1,-0.71798,0.0150682,0.993461,-2.24299,0.519042,2.4605,0.65128
479500,1,-0.717979,0.0150706,0.993465,-2.24299,0.519044,2.46051,0.651281
479500,1,-0.717982,0.0150699,0.993462,-2.24299,0.519044,2.46051,0.65128
479500,1,-0.717978,0.0150695,0.993463,-2.24299,0.519043,2.4605,0.651285
479500,1,-0.717982,0.0150712,0.993465,-2.24299,0.519044,2.4605,0.651283
479500,1,-0.717982,0.0150665,0.993463,-2.24299,0.519043,2.4605,0.651284
479500,1,-0.71798,0.0150643,0.993465,-2.24299,0.519042,2.4605,0.651281
479500,1,-0.717985,0.0150682,0.993461,-2.24299,0.519043,2.46051,0.651285
479500,1,-0.717982,0.0150664,0.993465,-2.24299,0.519041,2.4605,0.651283
479500,1,-0.717984,0.0150697,0.993467,-2.24299,0.519045,2.46051,0.651279
479500,1,-0.71798,0.0150675,0.993461,-2.24299,0.519041,2.46051,0.651287
479500,1,-0.717982,0.0150679,0.993466,-2.24299,0.519043,2.4605,0.651283
479500,1,-0.71798,0.0150697,0.99346,-2.24299,0.519043,2.46051,0.651284
479500,1,-0.717979,0.0150658,0.993464,-2.24299,0.519045,2.4605,0.651282
479500,1,-0.71798,0.0150677,0.993461,-2.24299,0.519043,2.4605,0.651287
479500,1,-0.717982,0.0150658,0.993462,-2.24299,0.519045,2.4605,0.651277
479501,1,-0.717984,0.0150695,0.993465,-2.24299,0.519044,2.4605,0.651281
479501,1,-0.717984,0.0150677,0.993465,-2.24298,0.519043,2.4605,0.651277
479501,1,-0.71798,0.0150698,0.993465,-2.24299,0.519044,2.4605,0.651279
479501,1,-0.717984,0.0150678,0.993463,-2.24299,0.519045,2.4605,0.651278
479501,1,-0.717983,0.0150676,0.993463,-2.24299,0.519046,2.4605,0.65128
479501,1,-0.717984,0.0150658,0.993463,-2.24299,0.519044,2.46051,0.651279
479501,1,-0.717983,0.0150658,0.993465,-2.24299,0.519044,2.4605,0.651279
479501,1,-0.71798,0.0150716,0.993463,-2.24299,0.519048,2.4605,0.651278
479501,1,-0.717978,0.0150673,0.993465,-2.24299,0.519046,2.4605,0.651284
479501,1,-0.717984,0.0150711,0.993465,-2.24299,0.519045,2.4605,0.651282
479501,1,-0.71798,0.0150679,0.993462,-2.24299,0.519042,2.4605,0.651282
479501,1,-0.71798,0.0150695,0.993465,-2.24299,0.519039,2.46051,0.651282
479501,1,-0.71798,0.0150695,0.993464,-2.24299,0.519045,2.4605,0.651283
479501,1,-0.71798,0.015068,0.993463,-2.24299,0.519044,2.4605,0.651282
479501,1,-0.717982,0.0150658,0.993466,-2.24299,0.519045,2.4605,0.651283
479501,1,-0.71798,0.0150682,0.993464,-2.24299,0.519044,2.4605,0.651283
479501,1,-0.717982,0.0150659,0.99346,-2.24299,0.519043,2.4605,0.651283
479501,1,-0.717984,0.0150669,0.993462,-2.24299,0.519045,2.4605,0.65128
479501,1,-0.71798,0.0150682,0.993463,-2.24299,0.519044,2.4605,0.651284
479501,1,-0.717984,0.0150658,0.993464,-2.24299,0.51904,2.46051,0.651279
479501,1,-0.717984,0.0150665,0.993464,-2.24299,0.519042,2.4605,0.651285
479501,1,-0.717984,0.0150675,0.993463,-2.24299,0.519046,2.46051,0.65128
479501,1,-0.717982,0.0150676,0.993464,-2.24299,0.519046,2.4605,0.651281
479501,1,-0.717984,0.0150665,0.993463,-2.24299,0.519041,2.4605,0.65128
479501,1,-0.717984,0.0150665,0.993464,-2.24299,0.51904,2.46051,0.651283
479501,1,-0.717982,0.0150712,0.993463,-2.24299,0.519042,2.4605,0.651279
479501,1,-0.717982,0.0150716,0.993462,-2.24299,0.519043,2.4605,0.651279
479501,1,-0.717982,0.0150703,0.993464,-2.24299,0.519042,2.4605,0.651279
479501,1,-0.717982,0.0150723,0.993467,-2.24299,0.519043,2.46051,0.65128
479501,1,-0.717985,0.0150675,0.993466,-2.24299,0.519045,2.4605,0.651282
479501,1,-0.717982,0.0150703,0.993463,-2.24299,0.519045,2.46051,0.651283
479501,1,-0.717984,0.0150678,0.993461,-2.24299,0.519041,2.4605,0.651284
479501,1,-0.717984,0.0150716,0.993465,-2.24299,0.519045,2.4605,0.651282
479501,1,-0.717982,0.0150659,0.993465,-2.24299,0.519044,2.4605,0.65128
479501,1,-0.717982,0.0150704,0.993463,-2.24299,0.51904,2.4605,0.651285
479501,1,-0.717982,0.0150699,0.993463,-2.24299,0.519044,2.46051,0.651285
479501,1,-0.717983,0.0150622,0.993464,-2.24299,0.519042,2.46051,0.651287
479501,1,-0.717982,0.0150698,0.993463,-2.24299,0.519046,2.4605,0.651283
479501,1,-0.717984,0.0150658,0.993465,-2.24299,0.519045,2.4605,0.651282
479501,1,-0.717982,0.0150643,0.993465,-2.24299,0.519041,2.4605,0.651274
479501,1,-0.71798,0.0150658,0.993464,-2.24299,0.519046,2.4605,0.651283
479501,1,-0.717979,0.0150648,0.993463,-2.24299,0.519043,2.46051,0.65128
479501,1,-0.71798,0.0150704,0.993466,-2.24299,0.519045,2.46051,0.651282
479501,1,-0.71798,0.0150684,0.993464,-2.24299,0.519043,2.4605,0.651282
479501,1,-0.717978,0.0150675,0.993463,-2.24299,0.519045,2.4605,0.651283
479501,1,-0.717983,0.0150677,0.993462,-2.24299,0.519044,2.46051,0.651281
479501,1,-0.717984,0.0150682,0.993464,-2.24299,0.519043,2.46051,0.651281
479501,1,-0.717981,0.015066,0.993465,-2.24299,0.519043,2.4605,0.65128
479501,1,-0.717978,0.0150696,0.993464,-2.24299,0.519042,2.46051,0.651279
479501,1,-0.71798,0.0150702,0.993461,-2.24299,0.519044,2.46051,0.651278
479501,1,-0.717978,0.0150641,0.993461,-2.24299,0.519044,2.4605,0.651277
479501,1,-0.717982,0.0150677,0.993457,-2.24299,0.51904,2.4605,0.651284
479501,1,-0.717982,0.0150644,0.993466,-2.24299,0.519046,2.46051,0.651284
479501,1,-0.717985,0.0150675,0.993464,-2.24299,0.519048,2.46051,0.651282
479501,1,-0.71798,0.0150702,0.993459,-2.24299,0.519045,2.46051,0.651283
479501,1,-0.717984,0.0150677,0.993467,-2.24299,0.519043,2.4605,0.651284
479501,1,-0.717982,0.0150677,0.993461,-2.24299,0.519044,2.46051,0.651282
479501,1,-0.717982,0.0150696,0.993463,-2.24299,0.519045,2.46051,0.651282
479501,1,-0.71798,0.0150695,0.993463,-2.24299,0.519048,2.46051,0.651279
479501,1,-0.717982,0.0150675,0.993463,-2.24299,0.519039,2.4605,0.651284
479501,1,-0.71798,0.0150641,0.99346,-2.24299,0.519047,2.4605,0.651282
479501,1,-0.71798,0.0150696,0.993461,-2.24299,0.519044,2.4605,0.651281
479501,1,-0.71798,0.0150689,0.993459,-2.24299,0.519044,2.4605,0.651282
479501,1,-0.717983,0.0150666,0.993463,-2.24299,0.519041,2.4605,0.651282
479501,1,-0.717981,0.0150697,0.993462,-2.24299,0.519043,2.4605,0.651277
479501,1,-0.717982,0.0150695,0.993461,-2.24299,0.519045,2.4605,0.651278
479501,1,-0.717982,0.0150656,0.993468,-2.24299,0.519044,2.4605,0.651283
479501,1,-0.717983,0.0150696,0.993463,-2.24299,0.519044,2.4605,0.65128
479501,1,-0.71798,0.0150658,0.993459,-2.24299,0.519045,2.46051,0.651274
479501,1,-0.717983,0.0150665,0.993465,-2.24299,0.519045,2.46051,0.651282
479501,1,-0.71798,0.0150679,0.993465,-2.24299,0.519043,2.4605,0.651277
479501,1,-0.717978,0.0150685,0.993465,-2.24299,0.519047,2.4605,0.651281
479501,1,-0.71798,0.0150642,0.993464,-2.24299,0.519045,2.4605,0.651277
479501,1,-0.71798,0.0150648,0.993465,-2.24299,0.519047,2.4605,0.651284
479501,1,-0.71798,0.0150637,0.993463,-2.24299,0.519044,2.4605,0.65128
479501,1,-0.717985,0.0150715,0.993457,-2.24299,0.519045,2.4605,0.651284
479501,1,-0.717982,0.0150648,0.993463,-2.24299,0.519045,2.4605,0.651279
479501,1,-0.717982,0.0150696,0.993464,-2.24299,0.519042,2.4605,0.651285
479501,1,-0.717984,0.0150696,0.993464,-2.24299,0.519043,2.4605,0.651283
479501,1,-0.717979,0.0150721,0.993465,-2.24299,0.519044,2.46051,0.65128
479501,1,-0.717984,0.0150699,0.993466,-2.24299,0.519041,2.46051,0.651284
479501,1,-0.717981,0.0150716,0.993462,-2.24299,0.519043,2.4605,0.651281
479501,1,-0.717977,0.01507,0.993461,-2.24299,0.519043,2.4605,0.651283
479501,1,-0.717982,0.0150696,0.993462,-2.24299,0.519046,2.4605,0.65128
479501,1,-0.71798,0.0150696,0.993459,-2.24299,0.519046,2.46051,0.65128
479501,1,-0.717978,0.0150667,0.993465,-2.24299,0.519042,2.46051,0.651283
479501,1,-0.71798,0.0150629,0.993461,-2.24299,0.519044,2.46051,0.651275
479501,1,-0.717978,0.0150695,0.993463,-2.24298,0.519044,2.4605,0.651284
479501,1,-0.71798,0.0150697,0.993462,-2.24298,0.519045,2.46051,0.651279
479501,1,-0.717982,0.0150719,0.993468,-2.24299,0.519041,2.4605,0.651273
479501,1,-0.717982,0.0150698,0.993465,-2.24299,0.51904,2.4605,0.651281
479501,1,-0.717984,0.0150717,0.993466,-2.24299,0.519039,2.46051,0.651284
479501,1,-0.717984,0.0150706,0.99346,-2.24299,0.519044,2.46051,0.651278
479501,1,-0.717982,0.0150695,0.993463,-2.24299,0.519044,2.46051,0.651279
479501,1,-0.717982,0.015066,0.993464,-2.24299,0.519045,2.4605,0.651281
479501,1,-0.717983,0.0150666,0.993465,-2.24299,0.519044,2.46051,0.651278
479501,1,-0.717983,0.0150661,0.993459,-2.24299,0.519043,2.46051,0.651282
479501,1,-0.717982,0.0150699,0.993461,-2.24299,0.519044,2.46051,0.651281
479501,1,-0.717982,0.0150674,0.993465,-2.24299,0.519045,2.46051,0.651282
479501,1,-0.71798,0.0150695,0.993465,-2.24299,0.519041,2.46051,0.651282
479501,1,-0.717982,0.0150676,0.993464,-2.24299,0.51904,2.46051,0.651281
479501,1,-0.717982,0.0150658,0.993464,-2.24299,0.51904,2.46051,0.651285
479501,1,-0.71798,0.0150665,0.993463,-2.24299,0.519044,2.4605,0.651281
479501,1,-0.717982,0.0150682,0.993467,-2.24299,0.519045,2.4605,0.651283
479501,1,-0.717981,0.0150659,0.993464,-2.24299,0.519045,2.4605,0.65128
479501,1,-0.717985,0.0150688,0.993467,-2.24299,0.519045,2.46051,0.651284
479501,1,-0.717982,0.0150695,0.993464,-2.24299,0.519042,2.4605,0.651281
479501,1,-0.717984,0.0150696,0.993463,-2.24299,0.519042,2.4605,0.651282
479501,1,-0.717982,0.0150677,0.993462,-2.24299,0.519049,2.4605,0.651282
479501,1,-0.717982,0.0150682,0.993462,-2.24299,0.519045,2.4605,0.651276
479501,1,-0.717983,0.0150676,0.993463,-2.24299,0.519048,2.4605,0.651278
479501,1,-0.71798,0.0150687,0.993459,-2.24299,0.519041,2.4605,0.651276
479501,1,-0.717982,0.0150679,0.993462,-2.24299,0.519041,2.4605,0.651282
479501,1,-0.717978,0.0150676,0.993459,-2.24299,0.519047,2.46051,0.651276
479501,1,-0.717982,0.0150697,0.993465,-2.24299,0.519043,2.46051,0.651279
479501,1,-0.71798,0.0150719,0.993461,-2.24299,0.519043,2.4605,0.651277
479501,1,-0.717978,0.0150699,0.993464,-2.24299,0.519043,2.46051,0.65128
479501,1,-0.717982,0.0150665,0.993464,-2.24299,0.519044,2.4605,0.651281
479501,1,-0.71798,0.0150687,0.993463,-2.24299,0.519045,2.46051,0.651278
479501,1,-0.717978,0.0150696,0.993463,-2.24299,0.519044,2.4605,0.651272
479501,1,-0.71798,0.0150683,0.993462,-2.24299,0.519045,2.4605,0.651271
479501,1,-0.717983,0.0150695,0.993464,-2.24299,0.519044,2.46051,0.651276
479501,1,-0.717984,0.0150675,0.993462,-2.24299,0.519045,2.4605,0.651274
479501,1,-0.71798,0.0150679,0.993465,-2.24299,0.519045,2.4605,0.651279
479501,1,-0.717982,0.0150697,0.993465,-2.24299,0.519045,2.4605,0.651276
479501,1,-0.717978,0.0150675,0.993467,-2.24299,0.519045,2.46051,0.651276
479501,1,-0.717982,0.0150712,0.993462,-2.24299,0.519043,2.4605,0.651275
479501,1,-0.717982,0.0150682,0.993461,-2.24299,0.519044,2.4605,0.651283
479501,1,-0.717984,0.0150677,0.993461,-2.24299,0.519042,2.46051,0.651276
479501,1,-0.717982,0.0150677,0.993467,-2.24299,0.519043,2.46051,0.651284
479501,1,-0.717982,0.0150684,0.993466,-2.24299,0.51904,2.4605,0.651278
479501,1,-0.717982,0.0150659,0.993461,-2.24299,0.519044,2.4605,0.651277
479501,1,-0.717982,0.0150704,0.993463,-2.24299,0.519041,2.4605,0.651282
479501,1,-0.717978,0.0150658,0.993467,-2.24299,0.519045,2.4605,0.651279
479501,1,-0.717985,0.0150696,0.993463,-2.24299,0.519045,2.46051,0.65128
479501,1,-0.717978,0.0150676,0.993465,-2.24299,0.519042,2.4605,0.651279
479501,1,-0.717982,0.0150666,0.99346,-2.24299,0.519044,2.4605,0.651279
479501,1,-0.71798,0.0150697,0.993463,-2.24299,0.519045,2.4605,0.651277
479501,1,-0.717982,0.0150665,0.993464,-2.24299,0.519044,2.4605,0.651285
479501,1,-0.717983,0.0150696,0.993464,-2.24299,0.519042,2.4605,0.651276
479501,1,-0.717982,0.0150675,0.993461,-2.24299,0.519045,2.46051,0.651279
479501,1,-0.71798,0.0150641,0.993466,-2.24299,0.519039,2.46051,0.651277
479501,1,-0.71798,0.0150712,0.993465,-2.24298,0.519045,2.46051,0.651271
479501,1,-0.717982,0.0150696,0.993461,-2.24299,0.519044,2.4605,0.651276
479501,1,-0.717982,0.0150716,0.993464,-2.24299,0.51904,2.4605,0.651275
479501,1,-0.717982,0.0150693,0.993468,-2.24299,0.519042,2.4605,0.651272
479501,1,-0.717984,0.0150682,0.993464,-2.24299,0.519045,2.4605,0.651278
479501,1,-0.717981,0.0150685,0.993462,-2.24299,0.519045,2.4605,0.651274
479501,1,-0.717981,0.0150695,0.993465,-2.24299,0.519044,2.46051,0.651277
479501,1,-0.71798,0.0150675,0.993463,-2.24299,0.519044,2.46051,0.651279
479501,1,-0.717978,0.0150696,0.993465,-2.24299,0.519045,2.4605,0.651279
479501,1,-0.717978,0.0150695,0.993461,-2.24299,0.519044,2.4605,0.651279
479501,1,-0.717982,0.0150697,0.993464,-2.24299,0.519044,2.46051,0.651272
479501,1,-0.717984,0.0150644,0.993461,-2.24298,0.519042,2.4605,0.651271
479501,1,-0.717982,0.0150695,0.993461,-2.24299,0.519043,2.4605,0.651272
479501,1,-0.717984,0.0150641,0.993462,-2.24299,0.519045,2.4605,0.651277
479501,1,-0.71798,0.0150661,0.993461,-2.24299,0.519045,2.46051,0.651272
479501,1,-0.717982,0.0150697,0.993462,-2.24299,0.519044,2.4605,0.651279
479501,1,-0.717978,0.015066,0.993466,-2.24299,0.519043,2.4605,0.651275
479501,1,-0.717978,0.0150661,0.993461,-2.24299,0.519041,2.46051,0.651276
479501,1,-0.717982,0.0150698,0.993465,-2.24299,0.519045,2.46051,0.65128
479501,1,-0.717984,0.0150668,0.993464,-2.24299,0.519046,2.4605,0.651284
479501,1,-0.717978,0.0150661,0.993463,-2.24299,0.519045,2.46051,0.65128
479501,1,-0.717984,0.0150696,0.993463,-2.24299,0.519044,2.4605,0.651277
479501,1,-0.717982,0.015068,0.993462,-2.24299,0.519044,2.4605,0.65128
479501,1,-0.717982,0.0150641,0.993462,-2.24299,0.519043,2.4605,0.651281
479501,1,-0.717982,0.0150675,0.993465,-2.24299,0.519045,2.4605,0.651281
479501,1,-0.717982,0.0150696,0.993462,-2.24299,0.519044,2.4605,0.651278
479501,1,-0.717982,0.0150706,0.993462,-2.24299,0.519043,2.46051,0.651279
479501,1,-0.71798,0.0150695,0.99346,-2.24299,0.519045,2.46051,0.65128
479501,1,-0.71798,0.0150629,0.993468,-2.24299,0.519044,2.46051,0.651279
479501,1,-0.717982,0.0150641,0.993461,-2.24299,0.519045,2.46051,0.651279
479501,1,-0.717978,0.0150686,0.993464,-2.24299,0.519043,2.4605,0.651279
479501,1,-0.717982,0.0150675,0.993465,-2.24298,0.519044,2.4605,0.651273
479501,1,-0.717984,0.0150682,0.993468,-2.24299,0.519045,2.46051,0.651279
479501,1,-0.717982,0.0150695,0.993463,-2.24299,0.519045,2.46051,0.651276
479501,1,-0.717984,0.0150658,0.993466,-2.24299,0.519044,2.4605,0.651281
479501,1,-0.717982,0.0150718,0.993461,-2.24299,0.519042,2.46051,0.651276
479501,1,-0.717982,0.0150723,0.993465,-2.24299,0.519043,2.46051,0.651278
479501,1,-0.717984,0.0150675,0.993461,-2.24299,0.519045,2.46051,0.651273
479501,1,-0.717984,0.0150678,0.993463,-2.24299,0.519042,2.46051,0.651278
479501,1,-0.71798,0.0150676,0.993462,-2.24299,0.519042,2.4605,0.651278
479501,1,-0.717982,0.0150712,0.993466,-2.24299,0.519043,2.4605,0.65128
479501,1,-0.717984,0.0150698,0.993465,-2.24299,0.519044,2.46051,0.651276
479501,1,-0.717984,0.0150699,0.993462,-2.24299,0.519045,2.4605,0.651279
479501,1,-0.717984,0.0150675,0.993463,-2.24299,0.519045,2.46051,0.651278
479501,1,-0.717984,0.0150641,0.993468,-2.24299,0.519047,2.46051,0.651277
479501,1,-0.717982,0.0150672,0.993464,-2.24299,0.519044,2.4605,0.651274
479501,1,-0.717984,0.0150703,0.993466,-2.24299,0.519043,2.4605,0.651278
479501,1,-0.71798,0.0150678,0.993466,-2.24299,0.519044,2.4605,0.651275
479501,1,-0.71798,0.0150685,0.993462,-2.24299,0.519046,2.46051,0.651275
479501,1,-0.71798,0.0150697,0.993464,-2.24299,0.519045,2.46051,0.651279
479501,1,-0.717979,0.0150658,0.993461,-2.24299,0.519044,2.4605,0.651275
479501,1,-0.71798,0.0150682,0.993464,-2.24299,0.519045,2.46051,0.65128
479501,1,-0.717984,0.0150695,0.993465,-2.24299,0.519044,2.46051,0.651275
479501,1,-0.717983,0.0150665,0.993464,-2.24299,0.519044,2.46051,0.65128
479501,1,-0.717982,0.0150723,0.993463,-2.24299,0.519042,2.4605,0.651273
479501,1,-0.717981,0.0150695,0.993464,-2.24299,0.519044,2.46051,0.651277
479501,1,-0.71798,0.0150719,0.993457,-2.24298,0.51904,2.4605,0.651277
479501,1,-0.717982,0.0150682,0.993463,-2.24299,0.519044,2.4605,0.65128
479502,1,-0.71798,0.0150682,0.993466,-2.24299,0.519045,2.4605,0.651274
479502,1,-0.717982,0.0150706,0.993465,-2.24299,0.519041,2.4605,0.651278
479502,1,-0.717982,0.0150706,0.993463,-2.24299,0.519045,2.46051,0.651275
479502,1,-0.717984,0.0150717,0.993461,-2.24299,0.519044,2.46051,0.651274
479502,1,-0.717982,0.0150675,0.993464,-2.24299,0.519043,2.4605,0.651273
479502,1,-0.717982,0.0150677,0.993465,-2.24299,0.519044,2.46051,0.651277
479502,1,-0.717982,0.0150677,0.993463,-2.24299,0.519043,2.4605,0.651273
479502,1,-0.717985,0.0150675,0.993464,-2.24299,0.519045,2.4605,0.651279
479502,1,-0.717984,0.0150662,0.99346,-2.24299,0.519042,2.4605,0.651269
479502,1,-0.717982,0.0150675,0.993468,-2.24299,0.519044,2.4605,0.651275
479502,1,-0.717984,0.0150739,0.993468,-2.24299,0.519042,2.4605,0.651277
479502,1,-0.717983,0.0150678,0.993464,-2.24299,0.519045,2.4605,0.651277
479502,1,-0.71798,0.0150644,0.993461,-2.24299,0.519045,2.46051,0.651275
479502,1,-0.71798,0.0150695,0.993464,-2.24299,0.51904,2.4605,0.651273
479502,1,-0.71798,0.0150679,0.993468,-2.24299,0.519044,2.46051,0.651272
479502,1,-0.717982,0.0150665,0.993462,-2.24299,0.519045,2.4605,0.651276
479502,1,-0.717982,0.0150658,0.993463,-2.24299,0.519045,2.4605,0.651276
479502,1,-0.717978,0.0150681,0.993467,-2.24299,0.519041,2.46051,0.651272
479502,1,-0.717982,0.0150696,0.993463,-2.24299,0.519042,2.4605,0.651273
479502,1,-0.717982,0.0150682,0.993463,-2.24299,0.519044,2.4605,0.651274
479502,1,-0.717982,0.0150696,0.993463,-2.24299,0.519044,2.4605,0.651272
479502,1,-0.717985,0.0150676,0.993468,-2.24299,0.519049,2.4605,0.65127
479502,1,-0.717982,0.0150666,0.993464,-2.24299,0.519041,2.4605,0.651272
479502,1,-0.71798,0.0150648,0.993464,-2.24299,0.519043,2.46051,0.651273
479502,1,-0.71798,0.0150682,0.993462,-2.24299,0.519039,2.46051,0.651279
479502,1,-0.71798,0.0150659,0.993463,-2.24299,0.519043,2.4605,0.651275
479502,1,-0.717978,0.0150675,0.993464,-2.24299,0.519044,2.4605,0.651278
479502,1,-0.717983,0.0150723,0.993463,-2.24299,0.519044,2.46051,0.651274
479502,1,-0.717982,0.0150695,0.993461,-2.24299,0.519044,2.46051,0.651274
479502,1,-0.717984,0.0150703,0.993464,-2.24299,0.519043,2.46051,0.651273
479502,1,-0.71798,0.0150679,0.993464,-2.24299,0.519043,2.46051,0.651275
479502,1,-0.717983,0.015065,0.993459,-2.24299,0.519045,2.46051,0.651275
479502,1,-0.717976,0.0150696,0.993459,-2.24299,0.519041,2.4605,0.651278
479502,1,-0.71798,0.0150658,0.993462,-2.24299,0.51904,2.46051,0.651273
479502,1,-0.717981,0.0150661,0.993461,-2.24299,0.519046,2.4605,0.65127
479502,1,-0.717978,0.0150696,0.993466,-2.24299,0.519045,2.4605,0.651267
479502,1,-0.717982,0.0150677,0.993464,-2.24299,0.519045,2.46051,0.651272
479502,1,-0.71798,0.0150666,0.993465,-2.24299,0.519045,2.46051,0.65128
479502,1,-0.71798,0.0150659,0.993464,-2.24299,0.519042,2.46051,0.651275
479502,1,-0.717978,0.0150675,0.993459,-2.24299,0.519042,2.4605,0.651279
479502,1,-0.717984,0.0150697,0.993463,-2.24299,0.519043,2.4605,0.65127
479502,1,-0.71798,0.0150724,0.993461,-2.24299,0.519044,2.46051,0.651279
479502,1,-0.717982,0.0150657,0.993464,-2.24299,0.519044,2.46051,0.651277
479502,1,-0.717982,0.0150704,0.993461,-2.24299,0.519047,2.46051,0.651276
479502,1,-0.71798,0.0150703,0.993462,-2.24299,0.519042,2.4605,0.651271
479502,1,-0.717982,0.0150643,0.993464,-2.24299,0.519041,2.4605,0.651277
479502,1,-0.717979,0.0150668,0.993461,-2.24299,0.519043,2.4605,0.651271
479502,1,-0.717984,0.0150665,0.993463,-2.24299,0.519041,2.46051,0.651277
479502,1,-0.717982,0.0150659,0.993463,-2.24299,0.519041,2.4605,0.651276
479502,1,-0.717982,0.0150681,0.993464,-2.24299,0.519038,2.4605,0.651273
479502,1,-0.717982,0.0150695,0.993464,-2.24299,0.519044,2.46051,0.651278
479502,1,-0.71798,0.0150667,0.993461,-2.24299,0.519046,2.4605,0.651271
479502,1,-0.717982,0.0150675,0.993459,-2.24299,0.519042,2.46051,0.651271
479502,1,-0.717982,0.0150647,0.993461,-2.24299,0.519043,2.46051,0.65127
479502,1,-0.717982,0.0150658,0.993459,-2.24299,0.519044,2.4605,0.651274
479502,1,-0.71798,0.0150642,0.993464,-2.24299,0.519045,2.4605,0.651273
479502,1,-0.717981,0.0150683,0.993464,-2.24299,0.519044,2.4605,0.651268
479502,1,-0.717982,0.0150666,0.993463,-2.24299,0.519044,2.4605,0.651269
479502,1,-0.717982,0.0150712,0.993462,-2.24299,0.519044,2.4605,0.651273
479502,1,-0.717981,0.0150696,0.993465,-2.24299,0.519043,2.4605,0.651271
479502,1,-0.717984,0.0150704,0.993468,-2.24299,0.519044,2.46051,0.651277
479502,1,-0.717978,0.0150676,0.993468,-2.24299,0.519044,2.4605,0.651274
479502,1,-0.71798,0.0150675,0.993462,-2.24299,0.519045,2.4605,0.651278
479502,1,-0.717982,0.0150724,0.99346,-2.24299,0.519045,2.4605,0.651275
479502,1,-0.717977,0.0150696,0.993465,-2.24299,0.519041,2.4605,0.651276
479502,1,-0.71798,0.01507,0.993459,-2.24299,0.519044,2.4605,0.651274
479502,1,-0.71798,0.0150696,0.993463,-2.24299,0.519045,2.46051,0.651277
479502,1,-0.717984,0.0150659,0.993464,-2.24299,0.519045,2.46051,0.651275
479502,1,-0.71798,0.0150697,0.993459,-2.24299,0.519042,2.46051,0.651276
479502,1,-0.717982,0.0150667,0.993461,-2.24299,0.519042,2.4605,0.651273
479502,1,-0.717984,0.0150696,0.993463,-2.24299,0.519045,2.4605,0.651279
479502,1,-0.717979,0.0150724,0.99346,-2.24299,0.519042,2.46051,0.651272
479502,1,-0.717978,0.0150675,0.993458,-2.24298,0.519044,2.4605,0.651277
479502,1,-0.71798,0.0150705,0.993464,-2.24299,0.519044,2.4605,0.651269
479502,1,-0.717984,0.0150643,0.993462,-2.24299,0.519045,2.4605,0.651272
479502,1,-0.71798,0.0150705,0.993464,-2.24299,0.519044,2.46051,0.651271
479502,1,-0.717984,0.0150696,0.993464,-2.24299,0.519042,2.4605,0.65127
479502,1,-0.71798,0.0150658,0.993464,-2.24299,0.519041,2.4605,0.651271
479502,1,-0.717982,0.0150651,0.993468,-2.24299,0.519044,2.46051,0.651268
479502,1,-0.717982,0.0150697,0.993465,-2.24299,0.519043,2.46051,0.65127
479502,1,-0.717982,0.0150686,0.993468,-2.24299,0.519039,2.4605,0.65127
479502,1,-0.71798,0.0150686,0.993461,-2.24299,0.519045,2.46051,0.651271
479502,1,-0.71798,0.015068,0.993466,-2.24299,0.519046,2.4605,0.651272
479502,1,-0.717978,0.0150716,0.993461,-2.24299,0.519044,2.46051,0.65127
479502,1,-0.717982,0.0150648,0.99346,-2.24299,0.519041,2.4605,0.651271
479502,1,-0.717982,0.0150675,0.993459,-2.24299,0.51904,2.4605,0.651271
479502,1,-0.717982,0.0150641,0.993463,-2.24299,0.519044,2.4605,0.651275
479502,1,-0.717982,0.0150653,0.993462,-2.24299,0.519045,2.4605,0.651268
479502,1,-0.717984,0.0150678,0.993468,-2.24299,0.519046,2.4605,0.651278
479502,1,-0.717982,0.0150658,0.993464,-2.24299,0.519044,2.4605,0.651268
479502,1,-0.717982,0.0150697,0.993467,-2.24299,0.519044,2.4605,0.651273
479502,1,-0.71798,0.0150697,0.993463,-2.24299,0.519044,2.4605,0.651274
479502,1,-0.71798,0.0150737,0.993468,-2.24299,0.519045,2.4605,0.651271
479502,1,-0.71798,0.0150658,0.993464,-2.24299,0.519044,2.4605,0.651271
479502,1,-0.717978,0.0150641,0.993461,-2.24299,0.51904,2.4605,0.651267
479502,1,-0.717982,0.0150686,0.993468,-2.24299,0.519042,2.46051,0.651271
479502,1,-0.717983,0.0150675,0.99346,-2.24299,0.519042,2.46051,0.651268
479502,1,-0.717982,0.0150696,0.993462,-2.24299,0.519046,2.46051,0.651274
479502,1,-0.717983,0.0150696,0.993464,-2.24299,0.519043,2.46051,0.651274
479502,1,-0.717982,0.0150681,0.993463,-2.24299,0.519046,2.4605,0.651273
479502,1,-0.717982,0.0150677,0.993462,-2.24299,0.519043,2.4605,0.65127
479502,1,-0.717982,0.0150681,0.993462,-2.24299,0.519045,2.46051,0.651273
479502,1,-0.717982,0.0150686,0.993464,-2.24298,0.519046,2.4605,0.651269
479502,1,-0.717978,0.0150641,0.993465,-2.24299,0.519045,2.4605,0.651268
479502,1,-0.717982,0.0150678,0.993468,-2.24299,0.519044,2.4605,0.651274
479502,1,-0.717982,0.0150676,0.99346,-2.24299,0.519045,2.4605,0.651264
479502,1,-0.71798,0.0150679,0.993465,-2.24299,0.519045,2.46051,0.651272
479502,1,-0.717978,0.0150659,0.993465,-2.24299,0.519048,2.4605,0.651271
479502,1,-0.71798,0.0150688,0.993459,-2.24299,0.519044,2.46051,0.651274
479502,1,-0.717982,0.0150658,0.993462,-2.24299,0.519039,2.4605,0.651268
479502,1,-0.717982,0.0150695,0.993463,-2.24299,0.519049,2.4605,0.651274
479502,1,-0.717981,0.0150679,0.993463,-2.24299,0.519041,2.46051,0.651267
479502,1,-0.717983,0.0150716,0.993464,-2.24299,0.519045,2.4605,0.651275
479502,1,-0.71798,0.0150683,0.993465,-2.24299,0.519046,2.4605,0.65127
479502,1,-0.71798,0.0150675,0.993464,-2.24299,0.519039,2.4605,0.651267
479502,1,-0.717984,0.0150658,0.993465,-2.24299,0.519045,2.4605,0.651268
479502,1,-0.717982,0.0150658,0.993461,-2.24299,0.519045,2.46051,0.651267
479502,1,-0.717984,0.0150658,0.993465,-2.24299,0.519041,2.4605,0.65127
479502,1,-0.717983,0.0150658,0.993466,-2.24299,0.519043,2.4605,0.651268
479502,1,-0.71798,0.0150688,0.993462,-2.24299,0.519044,2.4605,0.651276
479502,1,-0.717982,0.015065,0.993463,-2.24299,0.519044,2.46051,0.651272
479502,1,-0.717981,0.0150675,0.993459,-2.24299,0.519043,2.46051,0.651274
479502,1,-0.71798,0.0150676,0.993465,-2.24299,0.519045,2.4605,0.651271
479502,1,-0.717978,0.0150658,0.993464,-2.24299,0.51904,2.46051,0.651276
479502,1,-0.71798,0.0150698,0.993465,-2.24299,0.519044,2.4605,0.651274
479502,1,-0.71798,0.0150695,0.993462,-2.24299,0.519045,2.4605,0.65127
479502,1,-0.717982,0.015065,0.993459,-2.24299,0.519045,2.4605,0.651275
479502,1,-0.71798,0.015065,0.993466,-2.24299,0.519044,2.4605,0.651271
479502,1,-0.717984,0.0150683,0.993464,-2.24299,0.519045,2.46051,0.651272
479502,1,-0.717978,0.0150621,0.993464,-2.24299,0.519042,2.46051,0.651265
479502,1,-0.717984,0.0150695,0.993461,-2.24299,0.519043,2.4605,0.651276
479502,1,-0.717982,0.0150695,0.993463,-2.24298,0.519043,2.46051,0.651268
479502,1,-0.717978,0.0150667,0.99346,-2.24299,0.51904,2.4605,0.651269
479502,1,-0.71798,0.0150703,0.993461,-2.24299,0.519044,2.4605,0.651269
479502,1,-0.71798,0.0150697,0.993462,-2.24299,0.519044,2.4605,0.651267
479502,1,-0.717978,0.0150682,0.993465,-2.24299,0.519041,2.46051,0.651271
479502,1,-0.717984,0.0150682,0.993464,-2.243,0.519047,2.4605,0.65127
479502,1,-0.717982,0.0150676,0.993463,-2.24299,0.519045,2.4605,0.651269
479502,1,-0.717983,0.0150679,0.993461,-2.24299,0.519041,2.4605,0.651268
479502,1,-0.717982,0.0150696,0.993461,-2.24299,0.519044,2.4605,0.651274
479502,1,-0.717979,0.0150669,0.993461,-2.24299,0.519043,2.46051,0.651271
479502,1,-0.717985,0.0150682,0.993463,-2.24299,0.51904,2.4605,0.651273
479502,1,-0.717982,0.0150675,0.993467,-2.24299,0.519045,2.46051,0.651268
479502,1,-0.717978,0.0150699,0.993465,-2.24299,0.519041,2.4605,0.65127
479502,1,-0.717982,0.0150717,0.993461,-2.24299,0.519044,2.46051,0.651272
479502,1,-0.71798,0.0150677,0.993459,-2.24299,0.519041,2.4605,0.651275
479502,1,-0.717982,0.0150658,0.993463,-2.24299,0.519041,2.4605,0.651271
479502,1,-0.717983,0.0150665,0.993463,-2.24299,0.519044,2.46051,0.651273
479502,1,-0.717975,0.0150641,0.993464,-2.24299,0.519041,2.4605,0.651273
479502,1,-0.71798,0.0150685,0.993465,-2.24299,0.519045,2.46051,0.651276
479502,1,-0.717978,0.0150683,0.993468,-2.24299,0.519043,2.46051,0.651274
479502,1,-0.717982,0.0150683,0.993465,-2.24299,0.519043,2.4605,0.651274
479502,1,-0.717982,0.0150697,0.993464,-2.24299,0.519041,2.4605,0.651275
479502,1,-0.717982,0.0150712,0.993465,-2.24299,0.519045,2.46051,0.651275
479502,1,-0.717985,0.0150699,0.993464,-2.24299,0.519044,2.46051,0.651272
479502,1,-0.717978,0.0150654,0.993466,-2.24299,0.519045,2.46051,0.651272
479502,1,-0.717982,0.0150677,0.993465,-2.24299,0.519046,2.46051,0.651272
479502,1,-0.717976,0.0150676,0.993459,-2.24299,0.519048,2.46051,0.651269
479502,1,-0.717981,0.0150675,0.993463,-2.24299,0.51904,2.4605,0.651272
479502,1,-0.717984,0.0150682,0.993463,-2.24299,0.519042,2.46051,0.651274
479502,1,-0.717984,0.0150682,0.993461,-2.24299,0.519044,2.46051,0.651263
479502,1,-0.717983,0.0150658,0.993463,-2.24299,0.519043,2.4605,0.651271
479502,1,-0.717982,0.0150676,0.993465,-2.24299,0.519045,2.4605,0.651271
479502,1,-0.71798,0.0150654,0.993464,-2.24299,0.519045,2.46051,0.651272
479502,1,-0.71798,0.0150703,0.993467,-2.24299,0.519047,2.4605,0.651269
479502,1,-0.717978,0.0150712,0.993462,-2.24299,0.519042,2.46051,0.651269
479502,1,-0.717978,0.0150712,0.993463,-2.24299,0.519046,2.4605,0.651268
479502,1,-0.71798,0.0150696,0.993463,-2.24299,0.519045,2.46051,0.651271
479502,1,-0.717984,0.0150642,0.993465,-2.24299,0.519045,2.4605,0.651274
479502,1,-0.717976,0.0150675,0.993463,-2.24299,0.519042,2.4605,0.65127
479502,1,-0.717982,0.0150658,0.993465,-2.24299,0.519044,2.4605,0.651271
479502,1,-0.71798,0.0150695,0.993466,-2.24299,0.519043,2.4605,0.651271
479502,1,-0.717981,0.0150697,0.993463,-2.24299,0.519044,2.4605,0.651271
479502,1,-0.717978,0.0150641,0.993463,-2.24299,0.519044,2.4605,0.651271
479502,1,-0.717982,0.0150696,0.993465,-2.24299,0.519042,2.46051,0.651269
479502,1,-0.71798,0.0150676,0.993464,-2.24299,0.519043,2.4605,0.651265
479502,1,-0.717978,0.0150675,0.993463,-2.24299,0.51904,2.4605,0.65127
479502,1,-0.717982,0.0150716,0.993463,-2.24299,0.519044,2.4605,0.651275
479502,1,-0.717982,0.0150689,0.993461,-2.24299,0.519044,2.4605,0.651267
479502,1,-0.717982,0.015066,0.993462,-2.24299,0.519045,2.46051,0.651269
479502,1,-0.71798,0.0150727,0.993464,-2.24299,0.519043,2.46051,0.651268
479502,1,-0.717978,0.0150651,0.993465,-2.24299,0.519042,2.4605,0.651271
479502,1,-0.717985,0.0150677,0.993464,-2.24299,0.519045,2.4605,0.651269
479502,1,-0.717975,0.0150702,0.993463,-2.24299,0.519045,2.4605,0.651275
479502,1,-0.717983,0.0150685,0.993463,-2.24299,0.519045,2.46051,0.651274
479502,1,-0.717982,0.015066,0.993465,-2.24299,0.519044,2.46051,0.651273
479502,1,-0.717982,0.0150696,0.993463,-2.24299,0.519043,2.4605,0.651271
479502,1,-0.717982,0.0150676,0.993459,-2.24299,0.519045,2.4605,0.651271
479502,1,-0.717982,0.0150696,0.993462,-2.24299,0.519045,2.4605,0.651268
479502,1,-0.717978,0.0150663,0.993461,-2.24299,0.519043,2.46051,0.651275
479502,1,-0.717984,0.0150675,0.993464,-2.24299,0.519045,2.4605,0.651271
479502,1,-0.717983,0.0150666,0.993464,-2.24299,0.519045,2.4605,0.651267
479502,1,-0.717984,0.0150679,0.993467,-2.24299,0.519043,2.4605,0.651272
479502,1,-0.717984,0.0150642,0.993461,-2.24299,0.519044,2.4605,0.651266
479502,1,-0.717982,0.0150658,0.993462,-2.24299,0.519041,2.4605,0.651264
479502,1,-0.717984,0.0150686,0.993462,-2.24299,0.519044,2.46051,0.651275
479502,1,-0.71798,0.0150641,0.993464,-2.24299,0.519044,2.4605,0.651266
479502,1,-0.717982,0.0150667,0.993465,-2.24299,0.519041,2.46051,0.651271
479502,1,-0.717978,0.0150678,0.993463,-2.24299,0.519043,2.4605,0.65127
479502,1,-0.71798,0.0150675,0.993467,-2.24299,0.519044,2.4605,0.651272
479503,1,-0.717985,0.0150702,0.993468,-2.24299,0.519044,2.46051,0.651263
479503,1,-0.71798,0.0150736,0.993463,-2.24299,0.51904,2.4605,0.651272
479503,1,-0.71798,0.0150679,0.993463,-2.243,0.519043,2.46051,0.65127
479503,1,-0.717982,0.0150675,0.993461,-2.24299,0.519046,2.4605,0.651271
479503,1,-0.717982,0.0150716,0.993465,-2.24299,0.519044,2.4605,0.651271
479503,1,-0.717982,0.0150659,0.993464,-2.24298,0.519044,2.46051,0.651272
479503,1,-0.717981,0.0150679,0.993463,-2.24299,0.519044,2.4605,0.65127
479503,1,-0.71798,0.015065,0.993461,-2.24299,0.51904,2.46051,0.651269
479503,1,-0.71798,0.0150662,0.993463,-2.24299,0.519045,2.46051,0.651271
479503,1,-0.717978,0.0150658,0.993463,-2.24299,0.519044,2.46051,0.651274
479503,1,-0.717982,0.015066,0.993461,-2.24299,0.519044,2.4605,0.65127
479503,1,-0.717978,0.0150667,0.993463,-2.24299,0.519043,2.4605,0.651266
479503,1,-0.71798,0.0150682,0.993464,-2.24299,0.519044,2.4605,0.651273
479503,1,-0.71798,0.0150705,0.993459,-2.24299,0.519047,2.46051,0.651272
479503,1,-0.717982,0.0150679,0.993463,-2.24299,0.519046,2.4605,0.651269
479503,1,-0.717982,0.015064,0.993464,-2.24299,0.519041,2.4605,0.651273
479503,1,-0.717985,0.015066,0.993463,-2.24299,0.519043,2.4605,0.651271
479503,1,-0.717982,0.0150675,0.993462,-2.24299,0.519044,2.4605,0.651274
479503,1,-0.717983,0.0150697,0.993462,-2.24298,0.51904,2.46051,0.65127
479503,1,-0.717982,0.0150676,0.993463,-2.24299,0.519041,2.46051,0.651272
479503,1,-0.717982,0.015068,0.993461,-2.24299,0.519045,2.4605,0.651272
479503,1,-0.71798,0.0150677,0.993462,-2.24299,0.519038,2.46051,0.651268
479503,1,-0.717984,0.0150703,0.993461,-2.24299,0.519045,2.46051,0.651273
479503,1,-0.717982,0.0150637,0.993464,-2.24299,0.519046,2.4605,0.651265
479503,1,-0.717983,0.0150704,0.993461,-2.24299,0.519042,2.4605,0.651272
479503,1,-0.71798,0.0150702,0.993462,-2.24299,0.519042,2.4605,0.65126
479503,1,-0.717979,0.0150648,0.993467,-2.24299,0.519044,2.4605,0.651263
479503,1,-0.71798,0.0150659,0.993464,-2.24299,0.519039,2.4605,0.651266
479503,1,-0.71798,0.0150664,0.993465,-2.24299,0.519045,2.46051,0.651264
479503,1,-0.71798,0.0150621,0.993465,-2.24299,0.519047,2.46051,0.651265
479503,1,-0.71798,0.0150686,0.993463,-2.24299,0.519045,2.4605,0.651269
479503,1,-0.717983,0.0150675,0.993458,-2.24299,0.519045,2.4605,0.65127
479503,1,-0.71798,0.0150641,0.993463,-2.24299,0.519044,2.4605,0.651265
479503,1,-0.717985,0.0150661,0.993463,-2.24299,0.519043,2.4605,0.651272
479503,1,-0.717982,0.015068,0.993465,-2.24299,0.519045,2.46051,0.651266
479503,1,-0.717982,0.0150657,0.993462,-2.24299,0.519044,2.4605,0.651267
479503,1,-0.71798,0.0150658,0.993463,-2.24299,0.519044,2.4605,0.651266
479503,1,-0.717984,0.0150682,0.993464,-2.24299,0.519043,2.46051,0.651265
479503,1,-0.717985,0.0150696,0.993462,-2.24299,0.51904,2.46051,0.65127
479503,1,-0.71798,0.0150696,0.993464,-2.24299,0.519045,2.4605,0.651267
479503,1,-0.71798,0.0150678,0.993463,-2.24299,0.519046,2.4605,0.651269
479503,1,-0.717982,0.0150696,0.993464,-2.24299,0.51904,2.4605,0.651263
479503,1,-0.71798,0.0150719,0.993464,-2.24299,0.519046,2.46051,0.651265
479503,1,-0.717982,0.0150696,0.993464,-2.24299,0.519042,2.46051,0.651269
479503,1,-0.717982,0.0150658,0.993465,-2.24299,0.51904,2.4605,0.651268
479503,1,-0.717978,0.0150695,0.993465,-2.24299,0.519045,2.4605,0.65127
479503,1,-0.717982,0.0150695,0.993463,-2.24299,0.519041,2.4605,0.651266
479503,1,-0.717982,0.0150675,0.993464,-2.24299,0.519044,2.46051,0.651269
479503,1,-0.717982,0.0150675,0.993466,-2.24299,0.519044,2.46051,0.651268
479503,1,-0.717982,0.0150699,0.993465,-2.24299,0.519045,2.46051,0.651263
479503,1,-0.717984,0.0150697,0.993464,-2.24299,0.519044,2.4605,0.651268
479503,1,-0.717984,0.0150682,0.993468,-2.24299,0.519045,2.46051,0.651269
479503,1,-0.71798,0.0150641,0.993459,-2.24299,0.51904,2.4605,0.651271
479503,1,-0.71798,0.0150715,0.993459,-2.24299,0.519043,2.4605,0.651265
479503,1,-0.717978,0.0150685,0.993463,-2.24299,0.519045,2.4605,0.651274
479503,1,-0.71798,0.0150676,0.993465,-2.24299,0.519044,2.4605,0.651267
479503,1,-0.71798,0.0150675,0.993463,-2.24299,0.519044,2.46051,0.651271
479503,1,-0.717982,0.0150687,0.993463,-2.24299,0.519045,2.4605,0.651265
479503,1,-0.71798,0.0150658,0.993464,-2.24299,0.51904,2.4605,0.651268
479503,1,-0.717981,0.0150675,0.993466,-2.24299,0.519047,2.4605,0.651269
479503,1,-0.71798,0.0150684,0.993461,-2.24299,0.519044,2.4605,0.65127
479503,1,-0.717981,0.0150695,0.993466,-2.24299,0.519045,2.4605,0.651272
479503,1,-0.717984,0.0150643,0.993464,-2.24299,0.51904,2.4605,0.651271
479503,1,-0.71798,0.0150658,0.993463,-2.24299,0.519043,2.4605,0.651271
479503,1,-0.717984,0.0150703,0.993465,-2.24299,0.519043,2.4605,0.651268
479503,1,-0.717982,0.0150674,0.99346,-2.24299,0.519045,2.4605,0.651264
479503,1,-0.717983,0.0150719,0.993465,-2.24299,0.519042,2.46051,0.651268
479503,1,-0.71798,0.0150696,0.993462,-2.24299,0.51904,2.46051,0.651264
479503,1,-0.71798,0.0150695,0.993467,-2.24299,0.519041,2.46051,0.651268
479503,1,-0.717981,0.0150697,0.993465,-2.24299,0.519044,2.46051,0.651269
479503,1,-0.717978,0.0150694,0.993461,-2.24299,0.519045,2.4605,0.651266
479503,1,-0.717983,0.0150658,0.993464,-2.24299,0.519041,2.4605,0.651267
479503,1,-0.717982,0.0150682,0.993465,-2.24299,0.519043,2.4605,0.651266
479503,1,-0.717982,0.0150696,0.993465,-2.24299,0.519042,2.4605,0.651269
479503,1,-0.71798,0.0150696,0.993465,-2.24299,0.519045,2.4605,0.651269
479503,1,-0.71798,0.0150681,0.993463,-2.24299,0.519042,2.4605,0.651269
479503,1,-0.717976,0.0150658,0.993463,-2.24299,0.519043,2.4605,0.651266
479503,1,-0.71798,0.0150658,0.993464,-2.24299,0.519044,2.4605,0.65126
479503,1,-0.71798,0.0150716,0.993465,-2.24299,0.519044,2.46051,0.651268
479503,1,-0.717978,0.0150675,0.993465,-2.24299,0.519044,2.4605,0.651264
479503,1,-0.71798,0.0150677,0.993466,-2.24299,0.519041,2.4605,0.651263
479503,1,-0.717982,0.0150643,0.993459,-2.24299,0.519044,2.4605,0.651265
479503,1,-0.71798,0.0150697,0.993463,-2.24299,0.519044,2.4605,0.651265
479503,1,-0.717984,0.0150696,0.993465,-2.24299,0.519043,2.4605,0.65127
479503,1,-0.717981,0.0150706,0.993465,-2.24299,0.519045,2.46051,0.651263
479503,1,-0.71798,0.0150697,0.993462,-2.24299,0.519041,2.4605,0.651264
479503,1,-0.717984,0.0150658,0.993468,-2.24299,0.519045,2.46051,0.651263
479503,1,-0.717984,0.0150696,0.993466,-2.24299,0.519043,2.4605,0.651267
479503,1,-0.717982,0.0150704,0.99346,-2.24299,0.519044,2.46051,0.651263
479503,1,-0.717984,0.0150677,0.993459,-2.24299,0.519045,2.46051,0.651267
479503,1,-0.717976,0.0150702,0.993461,-2.24299,0.519047,2.46051,0.651265
479503,1,-0.71798,0.0150682,0.993465,-2.24299,0.519045,2.46051,0.651267
479503,1,-0.717982,0.0150677,0.993462,-2.24299,0.519042,2.4605,0.651267
479503,1,-0.717981,0.0150678,0.993465,-2.24299,0.519039,2.4605,0.651267
479503,1,-0.717982,0.0150712,0.993462,-2.24299,0.519039,2.46051,0.65127
479503,1,-0.717979,0.0150675,0.993462,-2.24299,0.519044,2.46051,0.651266
479503,1,-0.717982,0.0150698,0.993462,-2.24299,0.519047,2.46051,0.651262
479503,1,-0.71798,0.0150675,0.993463,-2.24299,0.51904,2.4605,0.651263
479503,1,-0.717982,0.0150665,0.993463,-2.24299,0.519044,2.4605,0.651266
479503,1,-0.717982,0.0150703,0.993463,-2.24299,0.519045,2.46051,0.651269
479503,1,-0.717982,0.0150675,0.993463,-2.24299,0.519044,2.46051,0.651263
479503,1,-0.717982,0.0150658,0.993465,-2.24299,0.519045,2.4605,0.651261
479503,1,-0.717984,0.0150658,0.993461,-2.24299,0.519041,2.4605,0.651263
479503,1,-0.71798,0.0150709,0.993461,-2.24299,0.519042,2.46051,0.651268
479503,1,-0.717982,0.0150696,0.993462,-2.24299,0.519044,2.46051,0.651269
479503,1,-0.71798,0.0150719,0.993469,-2.24299,0.519045,2.4605,0.651267
479503,1,-0.71798,0.0150696,0.993461,-2.24299,0.519044,2.46051,0.651272
479503,1,-0.717984,0.0150726,0.993463,-2.24299,0.519045,2.4605,0.651266
479503,1,-0.717982,0.0150678,0.993462,-2.24299,0.519043,2.4605,0.65127
479503,1,-0.717982,0.0150703,0.993462,-2.24299,0.519043,2.46051,0.651264
479503,1,-0.717985,0.0150678,0.993461,-2.24299,0.519043,2.46051,0.651265
479503,1,-0.71798,0.0150663,0.993465,-2.24299,0.519041,2.46051,0.651271
479503,1,-0.71798,0.0150695,0.993463,-2.24299,0.519041,2.46051,0.651266
479503,1,-0.717982,0.0150682,0.993464,-2.24299,0.519044,2.4605,0.651267
479503,1,-0.717979,0.0150696,0.993464,-2.24299,0.519045,2.46051,0.651268
479503,1,-0.717982,0.0150695,0.993463,-2.24299,0.519044,2.4605,0.651264
479503,1,-0.717984,0.0150695,0.993463,-2.24299,0.519041,2.4605,0.651265
479503,1,-0.717982,0.0150658,0.993463,-2.24299,0.519046,2.4605,0.651271
479503,1,-0.717979,0.0150696,0.993464,-2.24299,0.519043,2.4605,0.651269
479503,1,-0.717984,0.0150658,0.993461,-2.24299,0.519042,2.4605,0.65127
479503,1,-0.717978,0.015065,0.99346,-2.24299,0.519049,2.4605,0.65127
479503,1,-0.71798,0.0150696,0.993468,-2.24299,0.519045,2.4605,0.651264
479503,1,-0.717984,0.0150686,0.993461,-2.24299,0.519045,2.4605,0.65127
479503,1,-0.71798,0.0150681,0.993463,-2.24299,0.519039,2.46051,0.651264
479503,1,-0.717982,0.0150696,0.993465,-2.24299,0.519044,2.4605,0.651269
479503,1,-0.717978,0.0150688,0.993466,-2.24299,0.519043,2.4605,0.651262
479503,1,-0.71798,0.0150679,0.993461,-2.24299,0.519044,2.46051,0.651271
479503,1,-0.71798,0.015066,0.993465,-2.24299,0.519045,2.46051,0.651262
479503,1,-0.717978,0.0150677,0.993468,-2.24299,0.519043,2.46051,0.651261
479503,1,-0.717984,0.0150675,0.993464,-2.24299,0.519045,2.4605,0.651264
479503,1,-0.71798,0.0150703,0.993462,-2.24299,0.519043,2.4605,0.651262
479503,1,-0.717978,0.0150722,0.993466,-2.24299,0.519047,2.46051,0.651262
479503,1,-0.717976,0.0150677,0.993462,-2.24299,0.519047,2.4605,0.651264
479503,1,-0.717984,0.015066,0.993459,-2.24299,0.519044,2.4605,0.651266
479503,1,-0.717987,0.0150702,0.993464,-2.243,0.519043,2.4605,0.651265
479503,1,-0.717984,0.0150719,0.993461,-2.24299,0.519044,2.4605,0.651264
479503,1,-0.717984,0.0150702,0.993464,-2.24299,0.519045,2.4605,0.651266
479503,1,-0.717984,0.0150678,0.993461,-2.24299,0.519046,2.4605,0.651263
479503,1,-0.717982,0.01507,0.993458,-2.24299,0.519045,2.46051,0.651264
479503,1,-0.717978,0.0150682,0.993462,-2.24299,0.519043,2.46051,0.65127
479503,1,-0.717982,0.0150684,0.993463,-2.24299,0.519044,2.4605,0.651265
479503,1,-0.717981,0.015066,0.993467,-2.24299,0.519044,2.46051,0.65127
479503,1,-0.717978,0.0150682,0.993463,-2.24299,0.519041,2.4605,0.651264
479503,1,-0.717982,0.0150719,0.993462,-2.24299,0.519042,2.46051,0.651266
479503,1,-0.717976,0.0150697,0.993465,-2.24299,0.519044,2.46051,0.651262
479503,1,-0.71798,0.0150665,0.993461,-2.24299,0.519041,2.4605,0.651268
479503,1,-0.717982,0.0150643,0.993467,-2.24299,0.51904,2.4605,0.651271
479503,1,-0.717982,0.0150697,0.993464,-2.24299,0.519045,2.46051,0.651265
479503,1,-0.717982,0.0150641,0.993461,-2.24299,0.519045,2.46051,0.651264
479503,1,-0.717982,0.0150658,0.993465,-2.24299,0.519043,2.46051,0.651269
479503,1,-0.71798,0.0150734,0.993461,-2.24299,0.51904,2.4605,0.651265
479503,1,-0.717982,0.0150697,0.993466,-2.24299,0.519044,2.46051,0.651268
479503,1,-0.717985,0.0150677,0.993465,-2.24299,0.519042,2.4605,0.651269
479503,1,-0.717978,0.0150678,0.993465,-2.24299,0.519041,2.4605,0.651267
479503,1,-0.717984,0.0150695,0.993461,-2.24299,0.519043,2.46051,0.651266
479503,1,-0.717975,0.0150684,0.993463,-2.24299,0.519045,2.4605,0.651269
479503,1,-0.717984,0.0150675,0.993461,-2.24299,0.519045,2.4605,0.651263
479503,1,-0.717982,0.0150658,0.993463,-2.24299,0.519041,2.46051,0.651268
479503,1,-0.717978,0.0150682,0.993466,-2.24299,0.519043,2.4605,0.651265
479503,1,-0.717984,0.0150643,0.993463,-2.24298,0.519044,2.46051,0.651269
479503,1,-0.717982,0.0150679,0.993464,-2.24299,0.519043,2.4605,0.651264
479503,1,-0.71798,0.015066,0.993465,-2.24299,0.519045,2.46051,0.651267
479503,1,-0.717981,0.015066,0.993466,-2.243,0.519045,2.4605,0.651265
479503,1,-0.717981,0.0150676,0.99346,-2.24299,0.519045,2.4605,0.65127
479503,1,-0.717985,0.0150689,0.993463,-2.24299,0.519043,2.4605,0.651266
479503,1,-0.717982,0.0150717,0.993464,-2.24299,0.51904,2.46051,0.651267
479503,1,-0.717982,0.0150698,0.993461,-2.24299,0.519045,2.46051,0.65127
479503,1,-0.717982,0.0150675,0.993462,-2.24299,0.519045,2.4605,0.651268
479503,1,-0.717984,0.0150682,0.993463,-2.24299,0.519045,2.4605,0.651269
479503,1,-0.717984,0.0150712,0.993465,-2.24299,0.519044,2.46051,0.651262
479503,1,-0.71798,0.015066,0.993463,-2.24299,0.519043,2.46051,0.651264
479503,1,-0.717983,0.0150704,0.993468,-2.24298,0.519046,2.4605,0.651263
479503,1,-0.71798,0.0150676,0.993468,-2.24299,0.519042,2.46051,0.651266
479503,1,-0.717982,0.0150682,0.993463,-2.24299,0.519043,2.4605,0.651257
479503,1,-0.717983,0.0150702,0.993462,-2.24299,0.519044,2.46051,0.651266
479503,1,-0.717981,0.0150683,0.993465,-2.24299,0.519044,2.4605,0.651264
479503,1,-0.71798,0.0150697,0.993463,-2.24299,0.519045,2.46051,0.651262
479503,1,-0.717976,0.0150665,0.99346,-2.24299,0.519044,2.4605,0.651262
479503,1,-0.717979,0.0150659,0.993465,-2.24299,0.51904,2.4605,0.651267
479503,1,-0.717982,0.0150697,0.993461,-2.24299,0.51904,2.4605,0.651264
479503,1,-0.717982,0.0150679,0.993466,-2.24299,0.519045,2.46051,0.651258
479503,1,-0.717984,0.0150675,0.993463,-2.24299,0.519043,2.46051,0.651267
479503,1,-0.717978,0.0150665,0.993461,-2.24299,0.519048,2.4605,0.651267
479503,1,-0.717981,0.0150675,0.993463,-2.24299,0.519045,2.4605,0.651262
479503,1,-0.71798,0.0150678,0.993464,-2.24299,0.519044,2.4605,0.651268
479503,1,-0.71798,0.0150675,0.993464,-2.24299,0.519042,2.46051,0.651269
479503,1,-0.717982,0.015068,0.993463,-2.24299,0.519044,2.4605,0.651266
479503,1,-0.717979,0.0150675,0.993462,-2.24299,0.519041,2.4605,0.651262
479503,1,-0.71798,0.0150679,0.993465,-2.24298,0.519041,2.4605,0.651263
479503,1,-0.717984,0.0150683,0.993461,-2.24299,0.519041,2.4605,0.651267
479503,1,-0.717984,0.0150682,0.993464,-2.24299,0.519042,2.4605,0.651265
479503,1,-0.71798,0.0150689,0.993463,-2.24299,0.519042,2.46051,0.65126
479503,1,-0.717982,0.0150676,0.993463,-2.24299,0.519045,2.4605,0.651268
479503,1,-0.717978,0.015066,0.993461,-2.24299,0.51904,2.46051,0.651263
479503,1,-0.717982,0.0150657,0.993465,-2.24299,0.519045,2.4605,0.651265
479503,1,-0.717982,0.0150643,0.993461,-2.24299,0.519043,2.4605,0.651263
479503,1,-0.71798,0.0150648,0.993464,-2.24299,0.519046,2.4605,0.651266
479503,1,-0.717981,0.0150677,0.993463,-2.24299,0.519046,2.4605,0.651264
479503,1,-0.717982,0.0150702,0.993464,-2.24299,0.519045,2.46051,0.651262
479503,1,-0.71798,0.0150679,0.993465,-2.24299,0.519043,2.4605,0.651262
479504,1,-0.71798,0.01507,0.993464,-2.24299,0.519043,2.4605,0.651262
479504,1,-0.717984,0.0150713,0.993465,-2.24299,0.519043,2.46051,0.651262
479504,1,-0.717978,0.0150667,0.993465,-2.24299,0.519045,2.4605,0.651263
479504,1,-0.717982,0.0150659,0.993461,-2.24299,0.519043,2.4605,0.651263
479504,1,-0.71798,0.0150716,0.993465,-2.24299,0.519042,2.4605,0.651265
479504,1,-0.717983,0.0150683,0.993462,-2.24299,0.519043,2.46051,0.651257
479504,1,-0.717982,0.0150716,0.993465,-2.24299,0.519045,2.4605,0.651265
479504,1,-0.717982,0.0150685,0.993465,-2.24299,0.519043,2.4605,0.651264
479504,1,-0.717982,0.0150704,0.993468,-2.24299,0.519046,2.4605,0.651266
479504,1,-0.717984,0.0150684,0.993465,-2.24299,0.51904,2.4605,0.651265
479504,1,-0.71798,0.0150659,0.993463,-2.24299,0.519045,2.4605,0.651264
479504,1,-0.71798,0.0150659,0.993466,-2.24299,0.519045,2.46051,0.651264
479504,1,-0.717982,0.0150658,0.993464,-2.24299,0.519045,2.4605,0.651262
479504,1,-0.717982,0.0150641,0.993461,-2.24299,0.519045,2.4605,0.651268
479504,1,-0.717982,0.0150641,0.99346,-2.24299,0.519044,2.46051,0.651265
479504,1,-0.71798,0.0150658,0.993465,-2.24299,0.519046,2.4605,0.651266
479504,1,-0.717984,0.0150682,0.993464,-2.24299,0.519042,2.4605,0.651263
479504,1,-0.717982,0.0150698,0.993459,-2.24298,0.519043,2.4605,0.651269
479504,1,-0.717983,0.0150696,0.993468,-2.24299,0.519044,2.4605,0.651266
479504,1,-0.717984,0.0150686,0.993463,-2.24299,0.519044,2.4605,0.651265
479504,1,-0.717982,0.0150697,0.993461,-2.24299,0.519042,2.46051,0.651262
479504,1,-0.717983,0.015066,0.993461,-2.24299,0.519043,2.4605,0.651269
479504,1,-0.717978,0.0150675,0.993465,-2.24299,0.519043,2.4605,0.651263
479504,1,-0.717982,0.0150643,0.993463,-2.24299,0.519043,2.4605,0.651267
479504,1,-0.717982,0.0150657,0.993461,-2.24299,0.519045,2.46051,0.651265
479504,1,-0.717982,0.0150676,0.993464,-2.24299,0.51904,2.4605,0.651264
479504,1,-0.717982,0.0150698,0.99346,-2.24299,0.519043,2.46051,0.651266
479504,1,-0.717982,0.0150682,0.993464,-2.24299,0.519045,2.46051,0.651265
479504,1,-0.71798,0.0150666,0.993463,-2.24299,0.519042,2.4605,0.651262
479504,1,-0.717985,0.0150678,0.993458,-2.24299,0.519042,2.4605,0.65126
479504,1,-0.717982,0.0150665,0.993465,-2.24299,0.519045,2.4605,0.651259
479504,1,-0.717982,0.015066,0.993463,-2.24299,0.51904,2.4605,0.651262
479504,1,-0.71798,0.0150678,0.993465,-2.24299,0.519045,2.46051,0.651263
479504,1,-0.717984,0.015066,0.993459,-2.24299,0.519044,2.46051,0.651263
479504,1,-0.717982,0.0150695,0.993463,-2.24299,0.519045,2.4605,0.651263
479504,1,-0.717984,0.0150675,0.993465,-2.24299,0.519044,2.4605,0.651267
479504,1,-0.717984,0.0150679,0.993465,-2.24299,0.519043,2.46051,0.651265
479504,1,-0.717982,0.0150703,0.993461,-2.24299,0.519045,2.4605,0.651265
479504,1,-0.71798,0.0150669,0.993462,-2.24299,0.519045,2.4605,0.651261
479504,1,-0.71798,0.0150682,0.993463,-2.24299,0.519042,2.46051,0.651267
479504,1,-0.717982,0.0150682,0.993464,-2.24299,0.519042,2.4605,0.651258
479504,1,-0.717981,0.0150677,0.993461,-2.24299,0.519045,2.4605,0.651264
479504,1,-0.717983,0.0150676,0.993467,-2.24299,0.519047,2.4605,0.651263
479504,1,-0.717982,0.0150675,0.993464,-2.24299,0.519046,2.4605,0.651262
479504,1,-0.717984,0.0150681,0.993463,-2.24299,0.519041,2.46051,0.651264
479504,1,-0.717981,0.015066,0.993462,-2.24299,0.519044,2.46051,0.651264
479504,1,-0.717983,0.0150703,0.993464,-2.24298,0.519045,2.4605,0.651262
479504,1,-0.717982,0.0150703,0.993464,-2.24299,0.519044,2.4605,0.651262
479504,1,-0.71798,0.0150704,0.993462,-2.24299,0.519042,2.4605,0.651262
479504,1,-0.717982,0.0150699,0.993462,-2.24299,0.519045,2.4605,0.651264
479504,1,-0.717982,0.0150695,0.993464,-2.24299,0.519045,2.4605,0.651262
479504,1,-0.717982,0.0150695,0.993465,-2.24299,0.519045,2.46051,0.651265
479504,1,-0.717982,0.0150682,0.993465,-2.24299,0.519046,2.4605,0.651258
479504,1,-0.71798,0.0150686,0.993463,-2.24299,0.519045,2.46051,0.651267
479504,1,-0.71798,0.0150676,0.993459,-2.24299,0.519045,2.4605,0.651257
479504,1,-0.717982,0.0150661,0.99346,-2.24299,0.519042,2.4605,0.651266
479504,1,-0.717978,0.0150677,0.99346,-2.24299,0.519042,2.46051,0.651262
479504,1,-0.717982,0.015066,0.993463,-2.24299,0.519045,2.4605,0.651263
479504,1,-0.717983,0.0150706,0.993461,-2.24299,0.519045,2.46051,0.651264
479504,1,-0.717982,0.0150702,0.993463,-2.24299,0.519042,2.4605,0.651261
479504,1,-0.717982,0.0150648,0.993463,-2.24299,0.51904,2.46051,0.651259
479504,1,-0.717985,0.0150703,0.993466,-2.24299,0.519044,2.46051,0.65126
479504,1,-0.717982,0.0150677,0.993464,-2.24299,0.51904,2.46051,0.651259
479504,1,-0.71798,0.0150675,0.993461,-2.24299,0.519043,2.46051,0.651267
479504,1,-0.717982,0.0150659,0.993465,-2.24299,0.519045,2.4605,0.651261
479504,1,-0.71798,0.0150688,0.993464,-2.24299,0.519039,2.46051,0.651264
479504,1,-0.717982,0.0150658,0.993466,-2.24299,0.519043,2.4605,0.65126
479504,1,-0.71798,0.0150675,0.993465,-2.24299,0.519038,2.4605,0.651267
479504,1,-0.71798,0.0150658,0.993463,-2.24299,0.519045,2.4605,0.651258
479504,1,-0.717982,0.0150703,0.993461,-2.24299,0.519045,2.4605,0.651266
479504,1,-0.717982,0.0150668,0.993463,-2.24299,0.519039,2.46051,0.651263
479504,1,-0.717984,0.0150675,0.993465,-2.24299,0.519044,2.4605,0.651267
479504,1,-0.717982,0.0150662,0.993465,-2.24299,0.519045,2.4605,0.651265
479504,1,-0.717982,0.0150695,0.993461,-2.24299,0.519048,2.46051,0.651266
479504,1,-0.717982,0.0150686,0.993464,-2.24299,0.519042,2.4605,0.651265
479504,1,-0.717978,0.0150659,0.993464,-2.24299,0.51904,2.46051,0.651268
479504,1,-0.717982,0.0150674,0.993465,-2.24299,0.519043,2.4605,0.651266
479504,1,-0.717982,0.0150643,0.993463,-2.24299,0.519046,2.4605,0.651262
479504,1,-0.71798,0.0150683,0.993462,-2.24299,0.519048,2.4605,0.651265
479504,1,-0.717982,0.0150676,0.993465,-2.24299,0.519044,2.4605,0.651264
479504,1,-0.71798,0.0150704,0.993461,-2.24299,0.519041,2.4605,0.651263
479504,1,-0.717985,0.0150675,0.993464,-2.24299,0.51904,2.4605,0.651263
479504,1,-0.71798,0.0150672,0.993464,-2.24299,0.519041,2.46051,0.65126
479504,1,-0.717984,0.0150621,0.993465,-2.24299,0.519044,2.46051,0.651262
479504,1,-0.717982,0.0150681,0.993461,-2.24299,0.519044,2.4605,0.651263
479504,1,-0.717982,0.0150697,0.993463,-2.24299,0.519044,2.4605,0.651263
479504,1,-0.717984,0.0150676,0.993463,-2.24299,0.519042,2.46051,0.65126
479504,1,-0.71798,0.0150723,0.993463,-2.24299,0.519043,2.4605,0.651259
479504,1,-0.717982,0.0150697,0.993466,-2.24299,0.519047,2.4605,0.65126
479504,1,-0.71798,0.015066,0.993463,-2.24299,0.519045,2.46051,0.651262
479504,1,-0.717984,0.0150675,0.99346,-2.24299,0.519042,2.4605,0.651258
479504,1,-0.717981,0.0150675,0.993462,-2.24299,0.519041,2.4605,0.651262
479504,1,-0.717984,0.0150679,0.993465,-2.24299,0.519043,2.4605,0.65126
479504,1,-0.71798,0.0150675,0.993461,-2.24299,0.519042,2.4605,0.651259
479504,1,-0.717982,0.0150677,0.993463,-2.24299,0.519045,2.4605,0.651257
479504,1,-0.717982,0.0150696,0.993464,-2.24299,0.519044,2.46051,0.651258
479504,1,-0.71798,0.0150673,0.993466,-2.24299,0.519043,2.46051,0.651261
479504,1,-0.71798,0.0150665,0.993463,-2.24299,0.519043,2.4605,0.651257
479504,1,-0.717982,0.0150658,0.993463,-2.24299,0.519045,2.4605,0.651262
479504,1,-0.717982,0.0150658,0.993462,-2.24299,0.519045,2.46051,0.651259
479504,1,-0.717982,0.0150641,0.993466,-2.24299,0.519041,2.46051,0.65126
479504,1,-0.717981,0.0150675,0.993464,-2.24299,0.51904,2.4605,0.651261
479504,1,-0.717984,0.0150703,0.993461,-2.24299,0.519045,2.4605,0.651258
479504,1,-0.71798,0.0150682,0.993463,-2.24299,0.51904,2.46051,0.651259
479504,1,-0.71798,0.0150659,0.993462,-2.24299,0.519041,2.4605,0.651258
479504,1,-0.717982,0.0150696,0.993464,-2.24299,0.51904,2.46051,0.651259
479504,1,-0.717978,0.0150679,0.993463,-2.24298,0.519044,2.46051,0.651258
479504,1,-0.717978,0.0150706,0.993464,-2.24299,0.519045,2.4605,0.651262
479504,1,-0.717981,0.0150675,0.993461,-2.24299,0.519047,2.4605,0.651262
479504,1,-0.71798,0.0150667,0.993462,-2.24299,0.519042,2.4605,0.65126
479504,1,-0.717984,0.0150675,0.993462,-2.24299,0.519041,2.46051,0.651261
479504,1,-0.717984,0.0150685,0.993464,-2.24299,0.519044,2.4605,0.651259
479504,1,-0.717982,0.0150716,0.993464,-2.24299,0.519043,2.46051,0.651263
479504,1,-0.717984,0.0150699,0.993463,-2.24299,0.519046,2.4605,0.651259
479504,1,-0.717978,0.0150696,0.993464,-2.24299,0.519045,2.4605,0.651264
479504,1,-0.717978,0.0150666,0.993466,-2.24299,0.519042,2.4605,0.651258
479504,1,-0.717982,0.0150675,0.993459,-2.24299,0.519045,2.4605,0.651263
479504,1,-0.717978,0.0150702,0.993463,-2.24299,0.519043,2.4605,0.651259
479504,1,-0.71798,0.015066,0.993461,-2.24299,0.519042,2.4605,0.651266
479504,1,-0.717978,0.0150663,0.993464,-2.24299,0.519043,2.4605,0.651257
479504,1,-0.717979,0.0150673,0.993461,-2.24299,0.519045,2.46051,0.651259
479504,1,-0.717982,0.0150679,0.993464,-2.24299,0.519044,2.46051,0.651258
479504,1,-0.71798,0.0150675,0.993463,-2.24299,0.519044,2.46051,0.651264
479504,1,-0.71798,0.015068,0.993461,-2.24299,0.519045,2.4605,0.651258
479504,1,-0.717978,0.0150696,0.993465,-2.24299,0.519043,2.46051,0.651259
479504,1,-0.717983,0.0150687,0.993466,-2.24299,0.519045,2.46051,0.651257
479504,1,-0.717979,0.0150675,0.993461,-2.24299,0.51904,2.4605,0.651257
479504,1,-0.71798,0.0150689,0.993463,-2.24299,0.519043,2.46051,0.65126
479504,1,-0.717982,0.0150675,0.993464,-2.24299,0.519042,2.46051,0.651256
479504,1,-0.71798,0.0150658,0.993461,-2.24299,0.519045,2.46051,0.651261
479504,1,-0.717982,0.0150719,0.993459,-2.24299,0.519044,2.46051,0.651261
479504,1,-0.717984,0.0150685,0.993461,-2.24299,0.519044,2.46051,0.65126
479504,1,-0.717982,0.0150696,0.993463,-2.24299,0.519043,2.46051,0.651262
479504,1,-0.717978,0.0150666,0.993461,-2.24299,0.519043,2.4605,0.65126
479504,1,-0.71798,0.0150643,0.993463,-2.24299,0.519045,2.46051,0.651253
479504,1,-0.717982,0.0150641,0.993463,-2.24298,0.519043,2.4605,0.65126
479504,1,-0.717982,0.0150658,0.993464,-2.24299,0.519043,2.4605,0.651258
479504,1,-0.717982,0.0150679,0.993463,-2.24299,0.519043,2.4605,0.651259
479504,1,-0.717978,0.0150676,0.993462,-2.24299,0.519043,2.4605,0.651266
479504,1,-0.71798,0.0150704,0.99346,-2.24299,0.519045,2.4605,0.651261
479504,1,-0.717983,0.0150676,0.993464,-2.24299,0.519042,2.4605,0.651257
479504,1,-0.717982,0.0150723,0.993461,-2.24299,0.519042,2.4605,0.65126
479504,1,-0.71798,0.0150695,0.993463,-2.24299,0.519043,2.4605,0.65126
479504,1,-0.717982,0.0150702,0.993464,-2.24299,0.519043,2.4605,0.651263
479504,1,-0.717978,0.0150668,0.993467,-2.24299,0.519046,2.4605,0.651259
479504,1,-0.717984,0.015066,0.993463,-2.24299,0.519048,2.46051,0.651259
479504,1,-0.717978,0.015066,0.993464,-2.24299,0.519041,2.4605,0.651258
479504,1,-0.717982,0.0150678,0.993463,-2.24299,0.519041,2.4605,0.651261
479504,1,-0.71798,0.0150697,0.993463,-2.24299,0.519041,2.46051,0.651259
479504,1,-0.71798,0.0150658,0.993462,-2.24299,0.519044,2.46051,0.651255
479504,1,-0.717981,0.0150684,0.993461,-2.24299,0.519045,2.4605,0.651259
479504,1,-0.717978,0.0150686,0.993461,-2.24299,0.519039,2.46051,0.65126
479504,1,-0.71798,0.0150658,0.993463,-2.24299,0.519044,2.4605,0.651258
479504,1,-0.71798,0.0150696,0.993463,-2.24299,0.519043,2.4605,0.651255
479504,1,-0.717983,0.0150641,0.993463,-2.24299,0.519048,2.46051,0.651257
479504,1,-0.71798,0.015068,0.993461,-2.24299,0.519045,2.4605,0.651258
479504,1,-0.71798,0.0150698,0.993459,-2.24299,0.519038,2.46051,0.651259
479504,1,-0.717982,0.0150675,0.993463,-2.24299,0.519045,2.4605,0.651261
479504,1,-0.71798,0.0150715,0.993464,-2.24299,0.519043,2.4605,0.651256
479504,1,-0.717982,0.0150633,0.993459,-2.24299,0.519041,2.46051,0.651262
479504,1,-0.717981,0.0150678,0.993463,-2.24299,0.519039,2.46051,0.651256
479504,1,-0.71798,0.0150695,0.993465,-2.24299,0.519044,2.4605,0.651262
479504,1,-0.717982,0.0150677,0.993462,-2.24299,0.519043,2.4605,0.651258
479504,1,-0.717982,0.0150675,0.993465,-2.24299,0.519041,2.4605,0.651257
479504,1,-0.71798,0.0150658,0.993464,-2.24299,0.519045,2.46051,0.651263
479504,1,-0.71798,0.0150719,0.993461,-2.24299,0.519043,2.4605,0.651259
479504,1,-0.717982,0.0150677,0.993461,-2.24299,0.519045,2.46051,0.65126
479504,1,-0.717983,0.0150682,0.993465,-2.24299,0.519043,2.4605,0.651261
479504,1,-0.717982,0.0150717,0.993466,-2.24299,0.519045,2.4605,0.651263
479504,1,-0.71798,0.015073,0.993463,-2.24299,0.519045,2.4605,0.65126
479504,1,-0.717984,0.0150658,0.993463,-2.24299,0.519043,2.4605,0.651257
479504,1,-0.717982,0.0150641,0.993461,-2.24299,0.519043,2.4605,0.651257
479504,1,-0.71798,0.0150675,0.993459,-2.24299,0.519041,2.4605,0.65126
479504,1,-0.717979,0.0150658,0.993461,-2.24299,0.519043,2.4605,0.651259
479504,1,-0.717978,0.0150689,0.993465,-2.24299,0.519047,2.46051,0.651262
479504,1,-0.717981,0.0150676,0.993462,-2.24299,0.519044,2.4605,0.651263
479504,1,-0.717982,0.0150642,0.993465,-2.24299,0.51904,2.46051,0.651256
479504,1,-0.71798,0.0150706,0.993465,-2.24299,0.519042,2.46051,0.651261
479504,1,-0.717978,0.0150716,0.993461,-2.24299,0.519042,2.4605,0.651257
479504,1,-0.71798,0.015075,0.993463,-2.24298,0.519042,2.4605,0.651265
479504,1,-0.717982,0.0150704,0.993459,-2.24299,0.519047,2.46051,0.651262
479504,1,-0.717982,0.015068,0.993463,-2.24299,0.519041,2.4605,0.651263
479504,1,-0.717981,0.0150698,0.993459,-2.24299,0.519042,2.4605,0.651265
479504,1,-0.717982,0.0150695,0.993462,-2.24299,0.519045,2.4605,0.651266
479504,1,-0.71798,0.0150686,0.993465,-2.24299,0.51904,2.4605,0.651264
479504,1,-0.71798,0.015066,0.993465,-2.24299,0.519043,2.4605,0.651262
479504,1,-0.717982,0.0150682,0.993461,-2.24299,0.519044,2.4605,0.651264
479504,1,-0.71798,0.0150675,0.993461,-2.24299,0.519043,2.46051,0.651263
479504,1,-0.71798,0.0150641,0.993464,-2.24299,0.519043,2.4605,0.651261
479504,1,-0.717976,0.0150644,0.993465,-2.24299,0.519043,2.4605,0.651258
479504,1,-0.71798,0.0150658,0.993463,-2.24299,0.519049,2.46051,0.651259
479504,1,-0.717984,0.0150665,0.993463,-2.24299,0.519042,2.4605,0.651254
479504,1,-0.717978,0.0150736,0.993463,-2.24299,0.519039,2.4605,0.651255
479504,1,-0.71798,0.0150674,0.993463,-2.24299,0.519044,2.4605,0.651257
479504,1,-0.71798,0.0150719,0.993461,-2.24299,0.519044,2.46051,0.651259
479504,1,-0.717978,0.0150665,0.993463,-2.24299,0.519042,2.4605,0.651252
479504,1,-0.71798,0.0150682,0.993461,-2.24299,0.519041,2.46051,0.651261
479504,1,-0.717984,0.0150643,0.993459,-2.24299,0.519041,2.4605,0.651261
479504,1,-0.717982,0.0150699,0.993464,-2.24299,0.519039,2.46051,0.65126
479504,1,-0.717982,0.0150676,0.993462,-2.24299,0.519044,2.4605,0.651259
479505,1,-0.717983,0.015066,0.993462,-2.24299,0.519043,2.46051,0.651263
479505,1,-0.717982,0.0150703,0.993464,-2.24299,0.519041,2.46051,0.651266
479505,1,-0.717984,0.0150665,0.993462,-2.24299,0.519043,2.4605,0.651262
479505,1,-0.717983,0.0150695,0.993464,-2.24299,0.519041,2.46051,0.651262
479505,1,-0.717985,0.0150673,0.993467,-2.24299,0.519045,2.4605,0.651262
479505,1,-0.71798,0.0150695,0.993462,-2.24299,0.519043,2.4605,0.651261
479505,1,-0.71798,0.0150676,0.993467,-2.24299,0.519046,2.4605,0.651261
479505,1,-0.717984,0.0150695,0.993465,-2.24299,0.519045,2.4605,0.651264
479505,1,-0.717984,0.0150676,0.993462,-2.24299,0.519045,2.4605,0.651261
479505,1,-0.717982,0.0150659,0.993461,-2.24299,0.519045,2.46051,0.651261
479505,1,-0.717982,0.0150672,0.993463,-2.24299,0.519043,2.4605,0.651258
479505,1,-0.71798,0.0150662,0.993462,-2.24299,0.519042,2.4605,0.651263
479505,1,-0.717982,0.0150659,0.993463,-2.24299,0.519044,2.4605,0.651262
479505,1,-0.717978,0.0150716,0.993459,-2.24299,0.519044,2.4605,0.651261
479505,1,-0.717979,0.0150703,0.993463,-2.24299,0.519045,2.46051,0.651263
479505,1,-0.71798,0.0150675,0.993464,-2.24299,0.519045,2.4605,0.651261
479505,1,-0.71798,0.0150675,0.993461,-2.24299,0.519042,2.46051,0.65126
479505,1,-0.71798,0.0150697,0.993463,-2.24299,0.519043,2.4605,0.651261
479505,1,-0.71798,0.0150641,0.993468,-2.24299,0.519043,2.4605,0.65126
479505,1,-0.717981,0.0150685,0.993465,-2.24299,0.519042,2.4605,0.651261
479505,1,-0.71798,0.0150648,0.993461,-2.24299,0.519045,2.46051,0.651261
479505,1,-0.717981,0.0150676,0.993463,-2.24299,0.519048,2.46051,0.651261
479505,1,-0.71798,0.0150651,0.993465,-2.24299,0.519042,2.4605,0.651259
479505,1,-0.71798,0.0150687,0.993464,-2.24299,0.519043,2.46051,0.651262
479505,1,-0.71798,0.0150696,0.993463,-2.24299,0.519044,2.4605,0.651263
479505,1,-0.717982,0.0150658,0.993463,-2.24299,0.519045,2.46051,0.651263
479505,1,-0.717982,0.0150716,0.993462,-2.24299,0.519041,2.4605,0.651263
479505,1,-0.717982,0.0150704,0.993466,-2.24299,0.519043,2.4605,0.651261
479505,1,-0.717982,0.0150669,0.993465,-2.24299,0.519044,2.4605,0.651258
479505,1,-0.717983,0.0150682,0.993467,-2.24299,0.519045,2.4605,0.651264
479505,1,-0.717978,0.0150678,0.993464,-2.24299,0.519047,2.46051,0.651263
479505,1,-0.717984,0.0150676,0.993463,-2.24299,0.519045,2.4605,0.65126
479505,1,-0.717982,0.0150641,0.993466,-2.24299,0.519044,2.46051,0.651266
479505,1,-0.71798,0.015066,0.993463,-2.24299,0.519043,2.46051,0.65126
479505,1,-0.717982,0.0150696,0.993464,-2.24299,0.519043,2.46051,0.65126
479505,1,-0.717984,0.0150666,0.993459,-2.24299,0.519044,2.4605,0.651261
479505,1,-0.717978,0.0150695,0.993465,-2.24299,0.519046,2.4605,0.651259
479505,1,-0.717982,0.0150658,0.993464,-2.24299,0.519042,2.4605,0.651259
479505,1,-0.71798,0.0150681,0.993464,-2.24299,0.519044,2.4605,0.651262
479505,1,-0.717982,0.0150695,0.993464,-2.24299,0.519043,2.46051,0.651262
479505,1,-0.717982,0.0150658,0.993461,-2.24299,0.519043,2.4605,0.651255
479505,1,-0.71798,0.015066,0.993464,-2.24299,0.519044,2.46051,0.651261
479505,1,-0.717982,0.0150675,0.993465,-2.24299,0.519046,2.4605,0.651264
479505,1,-0.717982,0.0150712,0.993463,-2.24299,0.519043,2.46051,0.651259
479505,1,-0.717982,0.0150665,0.993462,-2.24299,0.519044,2.4605,0.651259
479505,1,-0.717982,0.0150724,0.993459,-2.24299,0.519045,2.4605,0.651258
479505,1,-0.717982,0.0150675,0.993462,-2.24299,0.519048,2.46051,0.651262
479505,1,-0.717984,0.0150695,0.993459,-2.24299,0.51904,2.4605,0.651257
479505,1,-0.717982,0.0150694,0.993463,-2.24299,0.519042,2.4605,0.651257
479505,1,-0.717982,0.0150733,0.993464,-2.24299,0.519043,2.4605,0.651256
479505,1,-0.717982,0.0150733,0.993463,-2.24299,0.519045,2.46051,0.651258
479505,1,-0.71798,0.0150675,0.993463,-2.24299,0.519045,2.4605,0.651259
479505,1,-0.717982,0.0150695,0.993462,-2.24299,0.519046,2.4605,0.651255
479505,1,-0.71798,0.0150662,0.993461,-2.24299,0.519042,2.46051,0.65126
479505,1,-0.717982,0.0150675,0.993462,-2.24299,0.519045,2.4605,0.65126
479505,1,-0.71798,0.0150712,0.993464,-2.24299,0.519043,2.46051,0.65126
479505,1,-0.71798,0.0150703,0.993466,-2.24299,0.519045,2.46051,0.651252
479505,1,-0.71798,0.0150666,0.993461,-2.24299,0.519045,2.46051,0.651262
479505,1,-0.717985,0.0150658,0.993465,-2.24299,0.519037,2.4605,0.651268
479505,1,-0.71798,0.0150667,0.993464,-2.24299,0.519042,2.46051,0.651259
479505,1,-0.71798,0.0150676,0.993463,-2.24299,0.519044,2.46051,0.651264
479505,1,-0.71798,0.0150676,0.993463,-2.24299,0.519043,2.4605,0.651259
479505,1,-0.71798,0.0150682,0.993465,-2.24299,0.519042,2.46051,0.651258
479505,1,-0.717978,0.0150684,0.993463,-2.24299,0.519044,2.46051,0.651259
479505,1,-0.717978,0.0150681,0.993463,-2.24299,0.51904,2.4605,0.65126
479505,1,-0.71798,0.0150705,0.993461,-2.24299,0.519043,2.4605,0.651256
479505,1,-0.717982,0.0150714,0.993461,-2.24299,0.519046,2.4605,0.651259
479505,1,-0.71798,0.0150622,0.993462,-2.24299,0.519045,2.4605,0.651264
479505,1,-0.717982,0.0150695,0.993465,-2.24299,0.519042,2.4605,0.651258
479505,1,-0.717979,0.0150695,0.993461,-2.24299,0.519044,2.4605,0.651263
479505,1,-0.71798,0.0150658,0.993463,-2.24299,0.519043,2.4605,0.65126
479505,1,-0.717982,0.0150712,0.993465,-2.24299,0.519041,2.46051,0.651262
479505,1,-0.717981,0.0150703,0.993459,-2.24299,0.519046,2.4605,0.65126
479505,1,-0.717982,0.0150685,0.993465,-2.24299,0.519043,2.4605,0.651261
479505,1,-0.717979,0.0150658,0.993466,-2.24299,0.519045,2.4605,0.651255
479505,1,-0.717978,0.0150695,0.993465,-2.24299,0.519044,2.4605,0.651258
479505,1,-0.717984,0.015066,0.993463,-2.24299,0.519045,2.4605,0.651256
479505,1,-0.71798,0.0150648,0.993465,-2.24299,0.51904,2.4605,0.651256
479505,1,-0.71798,0.0150698,0.993465,-2.24299,0.519044,2.4605,0.651254
479505,1,-0.717984,0.0150712,0.993468,-2.24299,0.519043,2.46051,0.651256
479505,1,-0.717983,0.0150679,0.993461,-2.24299,0.519045,2.4605,0.651257
479505,1,-0.717984,0.0150658,0.993462,-2.24299,0.519043,2.46051,0.651256
479505,1,-0.717981,0.0150658,0.993463,-2.24299,0.519045,2.4605,0.651255
479505,1,-0.71798,0.0150667,0.993461,-2.24299,0.519045,2.4605,0.651259
479505,1,-0.71798,0.0150694,0.993464,-2.24299,0.519043,2.46051,0.651256
479505,1,-0.717978,0.0150641,0.993462,-2.24299,0.519043,2.46051,0.65126
479505,1,-0.71798,0.0150675,0.993464,-2.24299,0.519043,2.4605,0.651253
479505,1,-0.71798,0.0150655,0.993465,-2.24299,0.519041,2.4605,0.651258
479505,1,-0.717982,0.0150675,0.993465,-2.24299,0.519041,2.46051,0.651253
479505,1,-0.717982,0.0150666,0.99346,-2.24299,0.519042,2.46051,0.651258
479505,1,-0.71798,0.0150695,0.993465,-2.24299,0.519041,2.4605,0.651259
479505,1,-0.717984,0.015066,0.993467,-2.24299,0.519044,2.4605,0.651263
479505,1,-0.71798,0.0150703,0.993468,-2.24299,0.519044,2.4605,0.65126
479505,1,-0.717983,0.0150658,0.993467,-2.24299,0.519044,2.46051,0.651259
479505,1,-0.71798,0.0150679,0.993463,-2.24299,0.519044,2.4605,0.651263
479505,1,-0.717982,0.0150679,0.993462,-2.24299,0.519045,2.4605,0.651257
479505,1,-0.717984,0.0150636,0.993464,-2.24299,0.519044,2.4605,0.651264
479505,1,-0.717978,0.0150661,0.993461,-2.243,0.519041,2.46051,0.65126
479505,1,-0.71798,0.0150648,0.993465,-2.24299,0.519045,2.4605,0.651258
479505,1,-0.71798,0.0150679,0.993461,-2.24299,0.519045,2.46051,0.651257
479505,1,-0.717979,0.0150717,0.993463,-2.24299,0.51904,2.4605,0.651261
479505,1,-0.717982,0.0150648,0.993463,-2.24299,0.519045,2.46051,0.651257
479505,1,-0.71798,0.0150681,0.993464,-2.24299,0.519044,2.4605,0.651259
479505,1,-0.717978,0.0150676,0.993463,-2.24299,0.519043,2.4605,0.651259
479505,1,-0.717982,0.0150682,0.993463,-2.24299,0.519042,2.46051,0.651257
479505,1,-0.717982,0.0150679,0.993461,-2.24299,0.519041,2.4605,0.65126
479505,1,-0.71798,0.0150695,0.993462,-2.24299,0.519046,2.4605,0.65126
479505,1,-0.71798,0.0150677,0.993462,-2.24299,0.519043,2.4605,0.651259
479505,1,-0.717982,0.0150661,0.993467,-2.24299,0.51904,2.46051,0.651261
479505,1,-0.717984,0.0150643,0.993463,-2.24299,0.51904,2.4605,0.651259
479505,1,-0.717979,0.0150677,0.993466,-2.24299,0.519045,2.4605,0.651259
479505,1,-0.717978,0.0150662,0.993465,-2.24299,0.519046,2.4605,0.651259
479505,1,-0.717982,0.0150729,0.993468,-2.24299,0.519043,2.46051,0.65126
479505,1,-0.71798,0.0150643,0.993467,-2.24299,0.519045,2.4605,0.651261
479505,1,-0.717979,0.0150627,0.993461,-2.24299,0.519044,2.4605,0.651259
479505,1,-0.717982,0.0150698,0.993461,-2.24299,0.519043,2.4605,0.651255
479505,1,-0.71798,0.0150714,0.993462,-2.24299,0.519045,2.4605,0.651259
479505,1,-0.717982,0.0150682,0.993461,-2.24299,0.519045,2.46051,0.651257
479505,1,-0.717982,0.0150677,0.993462,-2.24299,0.519042,2.4605,0.651254
479505,1,-0.717983,0.0150676,0.993463,-2.24299,0.51904,2.4605,0.651261
479505,1,-0.717982,0.0150665,0.993466,-2.24299,0.519043,2.4605,0.651255
479505,1,-0.717984,0.015064,0.993462,-2.24299,0.519045,2.46051,0.651263
479505,1,-0.717985,0.0150665,0.993462,-2.24299,0.519041,2.4605,0.651261
479505,1,-0.71798,0.0150696,0.993462,-2.24299,0.519045,2.4605,0.651257
479505,1,-0.717982,0.0150643,0.993462,-2.24299,0.519044,2.4605,0.651257
479505,1,-0.717984,0.0150648,0.993463,-2.24299,0.519042,2.4605,0.65126
479505,1,-0.717982,0.0150641,0.993459,-2.24299,0.519041,2.4605,0.651261
479505,1,-0.717978,0.0150698,0.993464,-2.24299,0.519042,2.4605,0.65126
479505,1,-0.717985,0.0150661,0.993464,-2.24299,0.519044,2.4605,0.65126
479505,1,-0.717981,0.0150675,0.993463,-2.24299,0.519041,2.4605,0.651259
479505,1,-0.717982,0.0150684,0.993468,-2.24299,0.519046,2.46051,0.65126
479505,1,-0.717983,0.0150675,0.993464,-2.24299,0.51904,2.46051,0.651255
479505,1,-0.71798,0.0150658,0.993461,-2.24299,0.519044,2.46051,0.65126
479505,1,-0.717978,0.015066,0.993461,-2.24299,0.519046,2.4605,0.651255
479505,1,-0.717979,0.0150661,0.993462,-2.24299,0.519042,2.46051,0.651258
479505,1,-0.71798,0.015072,0.993464,-2.24299,0.519043,2.4605,0.651253
479505,1,-0.717984,0.0150676,0.993467,-2.24299,0.519041,2.46051,0.651258
479505,1,-0.71798,0.0150658,0.993462,-2.24299,0.519044,2.46051,0.651255
479505,1,-0.71798,0.0150682,0.993468,-2.24299,0.519047,2.4605,0.651257
479505,1,-0.717984,0.0150696,0.993463,-2.24299,0.519041,2.46051,0.651255
479505,1,-0.717982,0.0150658,0.993463,-2.24299,0.519042,2.4605,0.651259
479505,1,-0.71798,0.0150696,0.993465,-2.24299,0.519044,2.46051,0.651259
479505,1,-0.71798,0.0150677,0.993459,-2.24299,0.519045,2.4605,0.651259
479505,1,-0.717982,0.0150675,0.993463,-2.24299,0.519039,2.4605,0.65126
479505,1,-0.717982,0.0150659,0.993465,-2.24299,0.519043,2.4605,0.651254
479505,1,-0.71798,0.0150702,0.993464,-2.24299,0.519042,2.4605,0.651256
479505,1,-0.717984,0.0150658,0.993464,-2.24299,0.51904,2.4605,0.65126
479505,1,-0.71798,0.0150695,0.993465,-2.24299,0.519044,2.4605,0.651261
479505,1,-0.71798,0.0150677,0.993463,-2.24299,0.519045,2.4605,0.651255
479505,1,-0.71798,0.0150684,0.993462,-2.24299,0.519043,2.4605,0.651252
479505,1,-0.71798,0.0150682,0.993465,-2.24299,0.519043,2.46051,0.65126
479505,1,-0.717982,0.0150677,0.993465,-2.24299,0.519044,2.4605,0.651254
479505,1,-0.71798,0.0150658,0.993463,-2.24299,0.519044,2.46051,0.651259
479505,1,-0.717982,0.0150695,0.993468,-2.24299,0.519041,2.4605,0.651255
479505,1,-0.71798,0.0150658,0.99346,-2.24299,0.519043,2.4605,0.651259
479505,1,-0.717982,0.0150679,0.993462,-2.24299,0.519045,2.4605,0.651255
479505,1,-0.717982,0.0150706,0.993463,-2.24299,0.519044,2.4605,0.651259
479505,1,-0.717978,0.0150716,0.993461,-2.24299,0.519046,2.4605,0.651259
479505,1,-0.717981,0.0150682,0.993463,-2.24299,0.519045,2.4605,0.651255
479505,1,-0.71798,0.0150668,0.993459,-2.24299,0.519043,2.4605,0.651258
479505,1,-0.717982,0.0150701,0.993461,-2.24299,0.519043,2.4605,0.651255
479505,1,-0.717984,0.0150641,0.993462,-2.24299,0.519042,2.4605,0.651256
479505,1,-0.717978,0.0150658,0.993463,-2.24299,0.519044,2.46051,0.651256
479505,1,-0.717976,0.0150665,0.993468,-2.24299,0.519045,2.46051,0.651256
479505,1,-0.717981,0.0150675,0.993461,-2.24299,0.519041,2.46051,0.651255
479505,1,-0.717982,0.0150702,0.993463,-2.24299,0.519045,2.46051,0.651252
479505,1,-0.717978,0.0150717,0.993464,-2.24299,0.519041,2.4605,0.651258
479505,1,-0.717982,0.0150675,0.993463,-2.24299,0.519042,2.4605,0.651254
479505,1,-0.71798,0.0150687,0.993464,-2.24299,0.519043,2.4605,0.651259
479505,1,-0.717982,0.0150673,0.993465,-2.24299,0.519043,2.4605,0.651253
479505,1,-0.717982,0.0150686,0.993464,-2.24299,0.519045,2.4605,0.651256
479505,1,-0.717984,0.0150695,0.993464,-2.24299,0.519045,2.46051,0.651253
479505,1,-0.717982,0.0150665,0.993465,-2.24299,0.519043,2.4605,0.651248
479505,1,-0.71798,0.0150717,0.993464,-2.24299,0.519043,2.4605,0.65125
479505,1,-0.717981,0.0150659,0.993461,-2.24298,0.519042,2.4605,0.651255
479505,1,-0.717984,0.0150675,0.993461,-2.24299,0.519044,2.46051,0.651253
479505,1,-0.717982,0.0150703,0.993465,-2.24299,0.51904,2.4605,0.651258
479505,1,-0.717984,0.0150714,0.993463,-2.24299,0.519045,2.4605,0.651254
479505,1,-0.717982,0.0150713,0.993461,-2.24299,0.519042,2.4605,0.651255
479505,1,-0.71798,0.0150678,0.993461,-2.24299,0.519044,2.46051,0.651251
479505,1,-0.717978,0.0150676,0.993462,-2.24299,0.519043,2.46051,0.651259
479505,1,-0.717978,0.0150687,0.993463,-2.24299,0.519043,2.4605,0.651258
479505,1,-0.717978,0.0150667,0.993465,-2.24299,0.519045,2.4605,0.651257
479505,1,-0.71798,0.0150621,0.993463,-2.24299,0.519044,2.4605,0.651258
479505,1,-0.71798,0.0150675,0.993465,-2.24299,0.519044,2.4605,0.65126
479505,1,-0.71798,0.0150643,0.993461,-2.24299,0.519043,2.4605,0.651255
479505,1,-0.71798,0.0150683,0.993465,-2.24299,0.519044,2.4605,0.651257
479505,1,-0.717978,0.0150696,0.993464,-2.24299,0.519044,2.4605,0.651258
479505,1,-0.717982,0.0150676,0.993461,-2.24299,0.519042,2.4605,0.651255
479505,1,-0.717983,0.0150705,0.993468,-2.24299,0.519045,2.46051,0.651256
479505,1,-0.717982,0.0150738,0.993463,-2.24298,0.519043,2.4605,0.651252
479505,1,-0.717984,0.0150696,0.993463,-2.24299,0.519041,2.4605,0.651257
479505,1,-0.717982,0.0150702,0.993463,-2.24299,0.519044,2.46051,0.651256
479505,1,-0.717976,0.0150712,0.993463,-2.24299,0.519045,2.4605,0.651259
479505,1,-0.717984,0.0150695,0.993461,-2.24299,0.519043,2.46051,0.651253
479505,1,-0.717982,0.0150658,0.993461,-2.24299,0.519045,2.4605,0.651253
479505,1,-0.717978,0.0150679,0.993467,-2.24299,0.519042,2.46051,0.651255
479505,1,-0.717983,0.0150658,0.993459,-2.24299,0.519045,2.46051,0.651255
479505,1,-0.71798,0.0150682,0.99346,-2.24299,0.519045,2.4605,0.651256
479505,1,-0.717984,0.0150643,0.993464,-2.24299,0.519045,2.4605,0.651256
479506,1,-0.717982,0.0150675,0.993466,-2.24298,0.519044,2.4605,0.651254
479506,1,-0.71798,0.0150658,0.993467,-2.24299,0.519043,2.46051,0.651254
479506,1,-0.717983,0.0150675,0.993461,-2.24299,0.519045,2.4605,0.651251
479506,1,-0.717982,0.0150661,0.993461,-2.24299,0.519047,2.46051,0.651251
479506,1,-0.717984,0.0150658,0.993466,-2.24299,0.519044,2.4605,0.651253
479506,1,-0.717984,0.015065,0.993464,-2.24299,0.519044,2.4605,0.651254
479506,1,-0.717982,0.0150719,0.993465,-2.24299,0.519042,2.4605,0.651253
479506,1,-0.717987,0.015068,0.993459,-2.24299,0.519044,2.46051,0.651252
479506,1,-0.717984,0.0150641,0.993459,-2.24299,0.519044,2.46051,0.651254
479506,1,-0.717982,0.0150677,0.993465,-2.24299,0.519046,2.46051,0.651251
479506,1,-0.717978,0.0150668,0.993466,-2.24299,0.519045,2.46051,0.651247
479506,1,-0.717984,0.0150675,0.993465,-2.24299,0.519043,2.4605,0.651259
479506,1,-0.717982,0.0150678,0.993464,-2.24299,0.519047,2.4605,0.651252
479506,1,-0.717978,0.0150651,0.993463,-2.24299,0.519047,2.4605,0.651255
479506,1,-0.71798,0.0150634,0.993465,-2.24299,0.519042,2.46051,0.651252
479506,1,-0.717984,0.0150682,0.99346,-2.24299,0.519044,2.4605,0.65125
479506,1,-0.717981,0.0150651,0.99346,-2.24299,0.519043,2.4605,0.651256
479506,1,-0.717982,0.0150665,0.993459,-2.24299,0.519041,2.4605,0.651254
479506,1,-0.717984,0.0150679,0.993463,-2.24299,0.519045,2.46051,0.651252
479506,1,-0.717984,0.0150641,0.993461,-2.24299,0.519041,2.4605,0.651252
479506,1,-0.717982,0.0150654,0.993468,-2.24299,0.519043,2.4605,0.65125
479506,1,-0.717985,0.0150695,0.993464,-2.24299,0.519038,2.46051,0.651252
479506,1,-0.717982,0.0150675,0.993463,-2.24299,0.519044,2.4605,0.65125
479506,1,-0.71798,0.0150675,0.993465,-2.24299,0.519043,2.46051,0.651249
479506,1,-0.717984,0.015065,0.993463,-2.24299,0.519044,2.4605,0.651255
479506,1,-0.717979,0.0150669,0.993463,-2.24299,0.519043,2.46051,0.651252
479506,1,-0.71798,0.0150682,0.993465,-2.24299,0.519042,2.4605,0.651253
479506,1,-0.717976,0.0150682,0.993461,-2.24299,0.519041,2.46051,0.651253
479506,1,-0.717982,0.0150641,0.993463,-2.24299,0.519046,2.4605,0.651257
479506,1,-0.71798,0.0150679,0.993463,-2.24299,0.519045,2.4605,0.651249
479506,1,-0.717982,0.0150644,0.993461,-2.24299,0.519042,2.4605,0.651253
479506,1,-0.717982,0.0150658,0.993463,-2.24299,0.519043,2.46051,0.651256
479506,1,-0.717976,0.0150641,0.993461,-2.24299,0.519046,2.4605,0.651258
479506,1,-0.717982,0.0150674,0.993465,-2.24299,0.519044,2.4605,0.651256
479506,1,-0.717982,0.0150642,0.993466,-2.24299,0.519044,2.46051,0.651258
479506,1,-0.717988,0.0150649,0.993464,-2.24299,0.519044,2.4605,0.651258
479506,1,-0.717984,0.0150705,0.993461,-2.24299,0.519044,2.46051,0.651257
479506,1,-0.717984,0.0150658,0.993461,-2.24299,0.519042,2.4605,0.651261
479506,1,-0.717983,0.0150702,0.993465,-2.24298,0.519044,2.4605,0.651257
479506,1,-0.717978,0.015068,0.993466,-2.24299,0.519045,2.4605,0.651254
479506,1,-0.717984,0.0150683,0.993463,-2.24299,0.519043,2.46051,0.651253
479506,1,-0.71798,0.0150652,0.993462,-2.24299,0.519044,2.46051,0.651259
479506,1,-0.717984,0.0150718,0.993464,-2.24299,0.519042,2.46051,0.651253
479506,1,-0.717982,0.0150726,0.993468,-2.24299,0.519047,2.4605,0.651255
479506,1,-0.717982,0.0150698,0.993461,-2.24299,0.519042,2.4605,0.651258
479506,1,-0.717984,0.015068,0.993462,-2.243,0.519044,2.4605,0.65125
479506,1,-0.717984,0.0150704,0.993465,-2.24299,0.519044,2.4605,0.651254
479506,1,-0.717978,0.0150683,0.993461,-2.24299,0.519045,2.4605,0.651249
479506,1,-0.717982,0.015066,0.993463,-2.24299,0.519045,2.4605,0.651255
479506,1,-0.717983,0.0150676,0.993461,-2.24299,0.519041,2.4605,0.651253
479506,1,-0.717982,0.0150675,0.993461,-2.24299,0.519045,2.4605,0.651254
479506,1,-0.717978,0.0150667,0.993461,-2.24299,0.519042,2.4605,0.651251
479506,1,-0.717986,0.0150658,0.993466,-2.24299,0.519041,2.4605,0.651251
479506,1,-0.717982,0.0150696,0.993464,-2.24299,0.519044,2.4605,0.651253
479506,1,-0.71798,0.0150687,0.993461,-2.24299,0.519044,2.46051,0.651249
479506,1,-0.717984,0.0150648,0.993461,-2.24298,0.519041,2.46051,0.651255
479506,1,-0.717985,0.0150679,0.993464,-2.24299,0.519043,2.46051,0.651255
479506,1,-0.71798,0.0150696,0.993464,-2.24299,0.519043,2.4605,0.651251
479506,1,-0.71798,0.0150667,0.993465,-2.24299,0.519045,2.4605,0.651251
479506,1,-0.717978,0.0150682,0.993462,-2.24299,0.519045,2.4605,0.651251
479506,1,-0.717979,0.0150695,0.993465,-2.24299,0.519042,2.46051,0.651253
479506,1,-0.717984,0.015066,0.993463,-2.24299,0.519041,2.4605,0.651253
479506,1,-0.71798,0.0150659,0.993463,-2.24299,0.519043,2.46051,0.651254
479506,1,-0.717982,0.0150689,0.993465,-2.24299,0.519044,2.4605,0.651251
479506,1,-0.71798,0.0150679,0.993465,-2.24299,0.519045,2.4605,0.651254
479506,1,-0.71798,0.0150682,0.993463,-2.24299,0.519045,2.46051,0.65125
479506,1,-0.717984,0.0150695,0.993465,-2.24298,0.519045,2.4605,0.651248
479506,1,-0.717979,0.0150704,0.99346,-2.24299,0.519043,2.46051,0.651251
479506,1,-0.717982,0.0150675,0.993465,-2.24299,0.519045,2.4605,0.65125
479506,1,-0.717982,0.0150665,0.993463,-2.24299,0.519045,2.46051,0.651249
479506,1,-0.717982,0.0150668,0.993463,-2.24299,0.519046,2.4605,0.651254
479506,1,-0.717982,0.0150697,0.993459,-2.24299,0.519042,2.46051,0.651258
479506,1,-0.717982,0.0150719,0.993464,-2.24299,0.519044,2.4605,0.651255
479506,1,-0.717982,0.0150697,0.99346,-2.24299,0.519045,2.46051,0.65125
479506,1,-0.717985,0.0150695,0.993464,-2.24299,0.519044,2.4605,0.651258
479506,1,-0.717982,0.0150715,0.993465,-2.24299,0.519041,2.46051,0.651254
479506,1,-0.717985,0.0150696,0.993459,-2.24299,0.519043,2.4605,0.651255
479506,1,-0.717982,0.0150711,0.993465,-2.243,0.51904,2.46051,0.651254
479506,1,-0.71798,0.015075,0.99346,-2.24298,0.519041,2.4605,0.651253
479506,1,-0.717982,0.015068,0.993463,-2.24299,0.519043,2.4605,0.651254
479506,1,-0.71798,0.0150669,0.993465,-2.24298,0.519045,2.46051,0.651255
479506,1,-0.717981,0.015066,0.993465,-2.24299,0.519044,2.4605,0.651255
479506,1,-0.71798,0.0150648,0.993467,-2.24299,0.519045,2.4605,0.651255
479506,1,-0.717981,0.0150621,0.993461,-2.24299,0.519044,2.46051,0.651259
479506,1,-0.717978,0.0150679,0.993463,-2.24298,0.519046,2.4605,0.651254
479506,1,-0.717978,0.0150681,0.993461,-2.24299,0.519044,2.4605,0.651255
479506,1,-0.717978,0.0150641,0.993462,-2.24299,0.519042,2.4605,0.651251
479506,1,-0.71798,0.0150659,0.993468,-2.24299,0.519042,2.4605,0.651252
479506,1,-0.717979,0.0150658,0.993465,-2.24299,0.51904,2.46051,0.651254
479506,1,-0.717978,0.0150665,0.993463,-2.24299,0.519046,2.46051,0.651255
479506,1,-0.717982,0.0150659,0.993461,-2.24299,0.519048,2.46051,0.651248
479506,1,-0.71798,0.0150667,0.993459,-2.24299,0.519043,2.4605,0.651258
479506,1,-0.717982,0.0150724,0.993461,-2.24299,0.519043,2.4605,0.651253
479506,1,-0.717982,0.0150659,0.993464,-2.24299,0.519045,2.46051,0.651254
479506,1,-0.71798,0.0150703,0.993464,-2.24299,0.519045,2.4605,0.651249
479506,1,-0.717984,0.0150699,0.993462,-2.24299,0.519044,2.4605,0.651254
479506,1,-0.717984,0.0150676,0.993461,-2.24299,0.51904,2.4605,0.651255
479506,1,-0.717982,0.0150702,0.993465,-2.24299,0.519043,2.46051,0.651257
479506,1,-0.717982,0.0150679,0.993465,-2.24299,0.519042,2.4605,0.651255
479506,1,-0.717984,0.0150668,0.993462,-2.24299,0.519044,2.4605,0.651258
479506,1,-0.717982,0.0150682,0.993462,-2.24299,0.519044,2.4605,0.65125
479506,1,-0.717982,0.0150643,0.993463,-2.24299,0.519044,2.4605,0.651253
479506,1,-0.71798,0.0150677,0.993463,-2.24299,0.519044,2.4605,0.651251
479506,1,-0.717982,0.0150713,0.993462,-2.24299,0.519044,2.4605,0.651253
479506,1,-0.717979,0.0150677,0.993464,-2.24299,0.519042,2.4605,0.651256
479506,1,-0.717982,0.0150641,0.993464,-2.24299,0.519043,2.4605,0.651253
479506,1,-0.717978,0.015066,0.993462,-2.24299,0.519039,2.4605,0.651255
479506,1,-0.717981,0.0150703,0.993461,-2.24299,0.519043,2.4605,0.651253
479506,1,-0.717982,0.0150643,0.993459,-2.24299,0.519042,2.4605,0.651255
479506,1,-0.717984,0.0150658,0.993461,-2.24299,0.519041,2.46051,0.651255
479506,1,-0.717978,0.0150704,0.993463,-2.24299,0.519043,2.4605,0.651256
479506,1,-0.717982,0.0150682,0.993462,-2.24298,0.519043,2.4605,0.651257
479506,1,-0.71798,0.0150676,0.993465,-2.24299,0.519044,2.4605,0.651255
479506,1,-0.717982,0.0150686,0.993461,-2.24299,0.519041,2.46051,0.651257
479506,1,-0.717982,0.0150658,0.993461,-2.24299,0.519045,2.46051,0.651254
479506,1,-0.71798,0.0150658,0.993463,-2.24299,0.519041,2.4605,0.651258
479506,1,-0.717982,0.0150695,0.993463,-2.24299,0.519042,2.4605,0.651256
479506,1,-0.71798,0.0150661,0.993462,-2.24299,0.519043,2.4605,0.651254
479506,1,-0.717984,0.0150681,0.993465,-2.24299,0.519043,2.46051,0.651252
479506,1,-0.717979,0.0150687,0.993468,-2.24299,0.519048,2.4605,0.651255
479506,1,-0.717981,0.0150696,0.993465,-2.24299,0.519041,2.4605,0.651251
479506,1,-0.717982,0.0150689,0.993463,-2.24299,0.519043,2.4605,0.651256
479506,1,-0.717985,0.0150695,0.99346,-2.24299,0.519044,2.4605,0.651252
479506,1,-0.71798,0.0150682,0.993462,-2.24299,0.519043,2.46051,0.651257
479506,1,-0.71798,0.0150675,0.993462,-2.24299,0.519042,2.4605,0.651254
479506,1,-0.717978,0.0150683,0.993463,-2.24299,0.519044,2.46051,0.651256
479506,1,-0.717984,0.0150719,0.993465,-2.24299,0.519041,2.4605,0.651255
479506,1,-0.717982,0.0150643,0.993465,-2.24299,0.519043,2.4605,0.651257
479506,1,-0.717978,0.0150716,0.993466,-2.24299,0.519043,2.46051,0.651257
479506,1,-0.717983,0.015066,0.993463,-2.24299,0.519042,2.46051,0.651252
479506,1,-0.717981,0.0150666,0.993462,-2.24299,0.51904,2.4605,0.651257
479506,1,-0.717984,0.0150675,0.993465,-2.24299,0.519045,2.4605,0.651253
479506,1,-0.717982,0.0150695,0.993464,-2.24299,0.519042,2.4605,0.651255
479506,1,-0.717982,0.0150674,0.993463,-2.24299,0.519047,2.46051,0.651249
479506,1,-0.717982,0.0150665,0.993465,-2.24299,0.519043,2.4605,0.651256
479506,1,-0.717979,0.0150666,0.993463,-2.24299,0.519045,2.4605,0.651254
479506,1,-0.717982,0.0150643,0.993459,-2.24298,0.519045,2.4605,0.651255
479506,1,-0.717983,0.0150662,0.993462,-2.24299,0.519039,2.46051,0.65125
479506,1,-0.717982,0.0150682,0.993463,-2.24299,0.519039,2.4605,0.651253
479506,1,-0.717982,0.0150642,0.99346,-2.24299,0.519042,2.4605,0.651246
479506,1,-0.717982,0.0150648,0.993464,-2.24299,0.519046,2.46051,0.651251
479506,1,-0.717982,0.0150679,0.993462,-2.24299,0.519042,2.4605,0.651252
479506,1,-0.71798,0.0150685,0.993462,-2.24299,0.519044,2.46051,0.651251
479506,1,-0.717978,0.0150676,0.993462,-2.24299,0.519045,2.46051,0.651256
479506,1,-0.717984,0.0150723,0.993466,-2.24299,0.519042,2.4605,0.651254
479506,1,-0.71798,0.0150719,0.993461,-2.24299,0.519043,2.4605,0.651254
479506,1,-0.717982,0.0150695,0.993467,-2.24299,0.519044,2.46051,0.651256
479506,1,-0.717981,0.0150696,0.993461,-2.24299,0.51904,2.4605,0.651251
479506,1,-0.717978,0.0150739,0.993463,-2.24299,0.519044,2.4605,0.651257
479506,1,-0.717982,0.0150698,0.993462,-2.24299,0.519044,2.46051,0.651249
479506,1,-0.717984,0.0150705,0.993459,-2.24299,0.51904,2.46051,0.651255
479506,1,-0.717984,0.0150697,0.99346,-2.24299,0.519044,2.4605,0.651249
479506,1,-0.717976,0.0150682,0.993462,-2.24299,0.519044,2.46051,0.651256
479506,1,-0.717982,0.0150695,0.993462,-2.24299,0.519044,2.4605,0.651252
479506,1,-0.71798,0.0150696,0.993461,-2.24299,0.519043,2.46051,0.651252
479506,1,-0.717978,0.0150649,0.993463,-2.24299,0.519047,2.4605,0.651257
479506,1,-0.71798,0.0150683,0.993466,-2.24299,0.519041,2.4605,0.651255
479506,1,-0.717983,0.0150677,0.993462,-2.24299,0.519045,2.4605,0.651258
479506,1,-0.717982,0.0150695,0.993461,-2.24299,0.519045,2.46051,0.651257
479506,1,-0.717982,0.0150695,0.993461,-2.24299,0.519044,2.4605,0.651252
479506,1,-0.717981,0.0150682,0.993464,-2.24299,0.519042,2.4605,0.651253
479506,1,-0.717985,0.0150675,0.993462,-2.24299,0.519043,2.4605,0.651258
479506,1,-0.717982,0.0150641,0.993459,-2.24299,0.519041,2.4605,0.651252
479506,1,-0.71798,0.0150658,0.993461,-2.24299,0.519043,2.46051,0.651255
479506,1,-0.717982,0.0150641,0.99346,-2.24299,0.519045,2.4605,0.651253
479506,1,-0.717978,0.0150661,0.993463,-2.24299,0.519045,2.4605,0.651255
479506,1,-0.71798,0.0150679,0.993463,-2.24299,0.519043,2.4605,0.651252
479506,1,-0.717984,0.0150712,0.993464,-2.24299,0.519044,2.46051,0.651249
479506,1,-0.717978,0.0150658,0.993461,-2.24299,0.519044,2.4605,0.651255
479506,1,-0.71798,0.0150658,0.993465,-2.24299,0.519041,2.4605,0.651249
479506,1,-0.717982,0.0150675,0.993463,-2.24299,0.519045,2.4605,0.651247
479506,1,-0.71798,0.0150658,0.993461,-2.24299,0.519041,2.4605,0.651244
479506,1,-0.717982,0.0150712,0.993464,-2.24299,0.519042,2.4605,0.651249
479506,1,-0.717984,0.0150703,0.993465,-2.24299,0.519045,2.4605,0.651253
479506,1,-0.717984,0.0150697,0.993463,-2.24299,0.519042,2.46051,0.651249
479506,1,-0.717984,0.0150696,0.993468,-2.24299,0.519045,2.4605,0.651249
479506,1,-0.717981,0.0150675,0.993463,-2.24299,0.519045,2.4605,0.651249
479506,1,-0.717982,0.0150687,0.993465,-2.24299,0.519044,2.46051,0.651251
479506,1,-0.717982,0.0150682,0.993462,-2.24299,0.519042,2.4605,0.651248
479506,1,-0.717982,0.015066,0.993462,-2.24299,0.519048,2.4605,0.651252
479506,1,-0.717976,0.0150658,0.993462,-2.24299,0.519041,2.4605,0.651249
479506,1,-0.717975,0.0150641,0.993462,-2.24299,0.519039,2.4605,0.651252
479506,1,-0.717984,0.0150642,0.993468,-2.24299,0.519041,2.4605,0.65125
479506,1,-0.71798,0.0150675,0.993462,-2.24299,0.519041,2.4605,0.651252
479506,1,-0.717979,0.0150641,0.993465,-2.24299,0.519045,2.46051,0.651248
479506,1,-0.717981,0.0150658,0.993463,-2.24299,0.519041,2.46051,0.651256
479506,1,-0.717981,0.0150658,0.993463,-2.24299,0.519045,2.46051,0.651253
479506,1,-0.71798,0.0150695,0.993464,-2.24299,0.51904,2.4605,0.651253
479506,1,-0.717984,0.0150675,0.993465,-2.24299,0.519042,2.4605,0.651255
479506,1,-0.717984,0.0150697,0.993462,-2.24299,0.519044,2.4605,0.651256
479506,1,-0.717984,0.0150702,0.993464,-2.24299,0.519045,2.46051,0.651252
479506,1,-0.717981,0.0150733,0.993461,-2.24299,0.519046,2.4605,0.651254
479506,1,-0.717984,0.0150658,0.993462,-2.24299,0.519044,2.4605,0.651255
479506,1,-0.717984,0.0150698,0.99346,-2.24299,0.51904,2.46051,0.651248
479506,1,-0.717978,0.0150703,0.993464,-2.24299,0.519043,2.46051,0.651251
479506,1,-0.717984,0.0150696,0.993461,-2.24299,0.519044,2.46051,0.651244
479506,1,-0.717985,0.0150658,0.993462,-2.24299,0.519042,2.46051,0.651253
479506,1,-0.717982,0.0150676,0.993463,-2.24299,0.519041,2.4605,0.651248
479506,1,-0.717986,0.0150696,0.993463,-2.24299,0.519044,2.4605,0.651254
479506,1,-0.717984,0.0150641,0.993463,-2.24299,0.519047,2.4605,0.65125
479507,1,-0.717982,0.0150666,0.99346,-2.24299,0.519041,2.46051,0.651252
479507,1,-0.717979,0.0150676,0.993459,-2.24299,0.519043,2.4605,0.651247
479507,1,-0.717982,0.0150676,0.993463,-2.24299,0.519042,2.4605,0.651244
479507,1,-0.717978,0.0150648,0.993463,-2.24299,0.519042,2.4605,0.651246
479507,1,-0.717982,0.0150643,0.993463,-2.24299,0.519045,2.4605,0.651248
479507,1,-0.717976,0.0150658,0.993465,-2.24299,0.519044,2.4605,0.651251
479507,1,-0.71798,0.0150639,0.993466,-2.24299,0.519042,2.4605,0.651252
479507,1,-0.717978,0.015066,0.993466,-2.24299,0.519044,2.46051,0.651248
479507,1,-0.717982,0.0150698,0.993465,-2.24299,0.519041,2.4605,0.651254
479507,1,-0.717984,0.0150658,0.993461,-2.24299,0.519044,2.46051,0.651249
479507,1,-0.71798,0.0150702,0.993463,-2.24299,0.519043,2.46051,0.651255
479507,1,-0.71798,0.0150702,0.993462,-2.24299,0.519041,2.46051,0.651253
479507,1,-0.717984,0.0150684,0.993459,-2.24299,0.519045,2.4605,0.651252
479507,1,-0.717982,0.0150658,0.993461,-2.24299,0.519039,2.4605,0.651256
479507,1,-0.717984,0.0150703,0.993466,-2.24299,0.519045,2.46051,0.651248
479507,1,-0.717982,0.0150717,0.993465,-2.24299,0.519048,2.46051,0.651253
479507,1,-0.717981,0.0150694,0.993463,-2.24299,0.519044,2.46051,0.651256
479507,1,-0.717979,0.0150686,0.993462,-2.24299,0.519041,2.46051,0.651253
479507,1,-0.717982,0.0150703,0.99346,-2.24299,0.519045,2.4605,0.651249
479507,1,-0.717978,0.0150658,0.993465,-2.24299,0.519041,2.46051,0.651251
479507,1,-0.71798,0.0150695,0.993461,-2.24299,0.519044,2.46051,0.651253
479507,1,-0.717983,0.0150696,0.993461,-2.24299,0.519046,2.4605,0.651254
479507,1,-0.71798,0.0150665,0.993461,-2.24299,0.519045,2.46051,0.651252
479507,1,-0.717981,0.0150644,0.993462,-2.24299,0.519043,2.46051,0.651256
479507,1,-0.717982,0.0150713,0.993461,-2.24299,0.519044,2.46051,0.651248
479507,1,-0.717984,0.0150683,0.993465,-2.24299,0.519045,2.4605,0.651254
479507,1,-0.717982,0.0150667,0.993461,-2.24299,0.519044,2.4605,0.65125
479507,1,-0.717982,0.0150687,0.993461,-2.24299,0.519041,2.46051,0.651251
479507,1,-0.71798,0.0150676,0.993465,-2.24299,0.519045,2.4605,0.651244
479507,1,-0.717982,0.0150696,0.993461,-2.24299,0.519039,2.46051,0.651252
479507,1,-0.71798,0.0150704,0.993459,-2.24299,0.519043,2.46051,0.651251
479507,1,-0.717978,0.0150677,0.993467,-2.24299,0.519045,2.4605,0.65125
479507,1,-0.71798,0.0150681,0.993464,-2.24299,0.519044,2.46051,0.651251
479507,1,-0.717982,0.0150678,0.993462,-2.24299,0.519043,2.4605,0.651255
479507,1,-0.717983,0.0150641,0.993459,-2.24299,0.519044,2.4605,0.651254
479507,1,-0.717982,0.0150665,0.993461,-2.24299,0.519041,2.46051,0.651255
479507,1,-0.717982,0.0150695,0.993466,-2.24299,0.519044,2.46051,0.651255
479507,1,-0.71798,0.0150658,0.993465,-2.24299,0.51904,2.4605,0.651244
479507,1,-0.717982,0.0150687,0.993465,-2.24299,0.519043,2.4605,0.651251
479507,1,-0.717977,0.0150696,0.993464,-2.24299,0.519042,2.4605,0.651251
479507,1,-0.717984,0.0150682,0.993463,-2.24299,0.519043,2.4605,0.651253
479507,1,-0.717982,0.0150682,0.993463,-2.24299,0.519044,2.4605,0.65125
479507,1,-0.717983,0.0150682,0.993465,-2.24299,0.51904,2.4605,0.651255
479507,1,-0.717982,0.0150682,0.993461,-2.24299,0.519041,2.4605,0.651249
479507,1,-0.71798,0.0150657,0.993464,-2.24299,0.519044,2.46051,0.651251
479507,1,-0.717982,0.0150704,0.993464,-2.24299,0.519045,2.46051,0.651251
479507,1,-0.717978,0.0150676,0.993463,-2.24299,0.519043,2.4605,0.651251
479507,1,-0.717982,0.0150677,0.993463,-2.24299,0.519044,2.4605,0.651249
479507,1,-0.717982,0.0150679,0.993463,-2.24299,0.519044,2.46051,0.651251
479507,1,-0.71798,0.0150662,0.993463,-2.24299,0.519041,2.4605,0.651254
479507,1,-0.71798,0.0150693,0.993464,-2.24299,0.519045,2.46051,0.65125
479507,1,-0.71798,0.0150663,0.993461,-2.24299,0.519045,2.4605,0.65125
479507,1,-0.717982,0.0150675,0.993462,-2.24299,0.519043,2.46051,0.65125
479507,1,-0.717981,0.0150643,0.993464,-2.24299,0.519045,2.4605,0.651251
479507,1,-0.717978,0.0150685,0.993462,-2.24299,0.519043,2.4605,0.651243
479507,1,-0.717982,0.0150682,0.993466,-2.24299,0.519047,2.4605,0.651252
479507,1,-0.71798,0.015066,0.993463,-2.24299,0.519045,2.46051,0.651249
479507,1,-0.71798,0.0150676,0.993462,-2.24298,0.519046,2.4605,0.651253
479507,1,-0.717982,0.0150658,0.993463,-2.24299,0.519045,2.4605,0.651252
479507,1,-0.717982,0.0150636,0.993463,-2.24299,0.519044,2.46051,0.651251
479507,1,-0.717979,0.0150675,0.993463,-2.24299,0.519043,2.4605,0.65125
479507,1,-0.71798,0.0150675,0.993464,-2.24299,0.519045,2.4605,0.651251
479507,1,-0.717982,0.0150695,0.993464,-2.24299,0.519045,2.4605,0.651253
479507,1,-0.717984,0.015066,0.993464,-2.24299,0.519044,2.4605,0.651248
479507,1,-0.717982,0.0150675,0.993462,-2.24299,0.519041,2.4605,0.651251
479507,1,-0.717984,0.0150676,0.993464,-2.24299,0.51904,2.46051,0.651254
479507,1,-0.717982,0.0150675,0.993463,-2.24299,0.519038,2.4605,0.651248
479507,1,-0.71798,0.0150734,0.993463,-2.24299,0.519045,2.46051,0.651251
479507,1,-0.717984,0.0150696,0.993464,-2.24299,0.519043,2.46051,0.651249
479507,1,-0.717977,0.0150719,0.993459,-2.24299,0.519041,2.4605,0.651251
479507,1,-0.717985,0.0150719,0.993462,-2.24299,0.519043,2.4605,0.651247
479507,1,-0.717982,0.0150684,0.993464,-2.24299,0.519041,2.4605,0.651253
479507,1,-0.717978,0.0150665,0.993465,-2.24299,0.519042,2.4605,0.651247
479507,1,-0.717982,0.0150724,0.993464,-2.24299,0.519041,2.46051,0.651251
479507,1,-0.717982,0.0150678,0.993466,-2.24299,0.519042,2.4605,0.651254
479507,1,-0.717982,0.0150659,0.993463,-2.24299,0.519045,2.4605,0.651255
479507,1,-0.717982,0.0150657,0.993467,-2.24299,0.519044,2.4605,0.651253
479507,1,-0.717985,0.0150696,0.993461,-2.24299,0.519047,2.4605,0.651253
479507,1,-0.717984,0.0150682,0.993465,-2.24299,0.519042,2.46051,0.65125
479507,1,-0.717982,0.0150679,0.993465,-2.24299,0.519043,2.46051,0.651253
479507,1,-0.717984,0.0150698,0.993464,-2.24299,0.519039,2.4605,0.651253
479507,1,-0.71798,0.0150689,0.993465,-2.24299,0.519045,2.4605,0.651249
479507,1,-0.717978,0.0150644,0.993463,-2.24299,0.519045,2.46051,0.65125
479507,1,-0.717984,0.015068,0.993462,-2.24299,0.519041,2.46051,0.651244
479507,1,-0.717984,0.0150658,0.993465,-2.24299,0.519045,2.46051,0.651249
479507,1,-0.717982,0.0150675,0.993463,-2.24299,0.519046,2.4605,0.651248
479507,1,-0.71798,0.0150669,0.993464,-2.24299,0.519045,2.46051,0.651254
479507,1,-0.71798,0.0150675,0.993462,-2.24299,0.519045,2.4605,0.651248
479507,1,-0.717978,0.0150713,0.993465,-2.24299,0.519044,2.4605,0.651249
479507,1,-0.717984,0.0150659,0.993461,-2.24299,0.519044,2.4605,0.651246
479507,1,-0.717976,0.0150642,0.993461,-2.24299,0.519043,2.4605,0.651248
479507,1,-0.717979,0.0150675,0.993461,-2.24299,0.51904,2.4605,0.651247
479507,1,-0.717982,0.0150658,0.993463,-2.24299,0.519045,2.46051,0.651248
479507,1,-0.717978,0.0150658,0.993464,-2.24299,0.519043,2.4605,0.651251
479507,1,-0.717972,0.0150704,0.993464,-2.24299,0.51904,2.46051,0.651249
479507,1,-0.71798,0.0150658,0.993464,-2.24299,0.519045,2.4605,0.651249
479507,1,-0.71798,0.0150661,0.993457,-2.24299,0.519045,2.46051,0.651247
479507,1,-0.717982,0.0150712,0.993465,-2.24299,0.519041,2.4605,0.651256
479507,1,-0.717982,0.0150684,0.993461,-2.24299,0.519044,2.4605,0.651252
479507,1,-0.717981,0.0150702,0.993464,-2.24299,0.519044,2.4605,0.651254
479507,1,-0.717984,0.0150658,0.993464,-2.24299,0.519044,2.4605,0.651248
479507,1,-0.717979,0.0150695,0.993457,-2.24299,0.519047,2.4605,0.651253
479507,1,-0.717984,0.0150695,0.993461,-2.24299,0.51904,2.46051,0.651251
479507,1,-0.717985,0.0150696,0.993462,-2.24299,0.519047,2.4605,0.651252
479507,1,-0.717981,0.0150703,0.993463,-2.24299,0.519041,2.4605,0.651252
479507,1,-0.71798,0.0150724,0.993468,-2.24299,0.519043,2.4605,0.651251
479507,1,-0.717981,0.0150696,0.993459,-2.24299,0.519045,2.4605,0.651252
479507,1,-0.71798,0.0150726,0.993463,-2.24299,0.519041,2.4605,0.651251
479507,1,-0.71798,0.0150714,0.993463,-2.24299,0.519045,2.46051,0.651251
479507,1,-0.717978,0.0150658,0.993461,-2.24299,0.51904,2.4605,0.651254
479507,1,-0.71798,0.0150658,0.993468,-2.24299,0.519042,2.4605,0.651252
479507,1,-0.71798,0.015066,0.993464,-2.24299,0.519041,2.4605,0.651251
479507,1,-0.71798,0.0150658,0.993464,-2.24299,0.519044,2.4605,0.651251
479507,1,-0.71798,0.0150679,0.993465,-2.24299,0.519043,2.4605,0.651252
479507,1,-0.71798,0.0150719,0.993466,-2.24299,0.519042,2.4605,0.651251
479507,1,-0.717984,0.0150665,0.993466,-2.24299,0.519045,2.4605,0.651252
479507,1,-0.717984,0.0150717,0.993465,-2.24299,0.519043,2.4605,0.651252
479507,1,-0.717985,0.0150659,0.993462,-2.24299,0.519043,2.46051,0.651247
479507,1,-0.717982,0.0150676,0.993461,-2.24299,0.519041,2.4605,0.651255
479507,1,-0.71798,0.0150657,0.993466,-2.24299,0.519039,2.46051,0.651251
479507,1,-0.71798,0.0150712,0.993461,-2.24299,0.519044,2.46051,0.65125
479507,1,-0.717982,0.0150641,0.993464,-2.24298,0.519044,2.4605,0.651248
479507,1,-0.717982,0.0150726,0.993461,-2.24299,0.519045,2.46051,0.65125
479507,1,-0.717982,0.0150668,0.993462,-2.24299,0.51904,2.4605,0.65125
479507,1,-0.717982,0.015066,0.993462,-2.24299,0.519039,2.46051,0.65125
479507,1,-0.717982,0.0150687,0.993463,-2.24299,0.519047,2.4605,0.651252
479507,1,-0.717985,0.0150675,0.993464,-2.24299,0.519042,2.4605,0.651248
479507,1,-0.71798,0.0150679,0.993464,-2.24299,0.519044,2.4605,0.651243
479507,1,-0.71798,0.0150658,0.993461,-2.24298,0.519043,2.4605,0.651254
479507,1,-0.717982,0.0150675,0.993463,-2.24299,0.519042,2.4605,0.651251
479507,1,-0.717985,0.0150716,0.993465,-2.24299,0.519044,2.4605,0.65125
479507,1,-0.717982,0.0150683,0.993461,-2.24299,0.519043,2.4605,0.651251
479507,1,-0.717984,0.0150697,0.993464,-2.24299,0.519045,2.46051,0.651247
479507,1,-0.717982,0.0150681,0.993462,-2.24299,0.519044,2.46051,0.65125
479507,1,-0.71798,0.0150658,0.993464,-2.24299,0.519039,2.4605,0.651249
479507,1,-0.717984,0.0150696,0.993459,-2.24299,0.51904,2.46051,0.651251
479507,1,-0.717982,0.0150666,0.993461,-2.24299,0.519041,2.46051,0.65125
479507,1,-0.717984,0.0150705,0.993461,-2.24299,0.51904,2.4605,0.651254
479507,1,-0.71798,0.0150658,0.993461,-2.24299,0.519041,2.4605,0.65125
479507,1,-0.71798,0.015068,0.99346,-2.24299,0.519044,2.4605,0.65125
479507,1,-0.717982,0.0150682,0.993465,-2.24299,0.519047,2.4605,0.651251
479507,1,-0.717984,0.0150697,0.993466,-2.24299,0.519045,2.46051,0.65125
479507,1,-0.717978,0.0150662,0.993459,-2.24299,0.519045,2.4605,0.651253
479507,1,-0.717982,0.0150684,0.993461,-2.24298,0.519045,2.4605,0.651245
479507,1,-0.717983,0.0150682,0.993465,-2.24299,0.51904,2.4605,0.651252
479507,1,-0.717978,0.0150716,0.993463,-2.24299,0.51904,2.46051,0.651248
479507,1,-0.717982,0.0150714,0.993467,-2.24299,0.519038,2.46051,0.651252
479507,1,-0.717978,0.0150676,0.993463,-2.24299,0.519043,2.46051,0.65125
479507,1,-0.717983,0.0150658,0.993463,-2.24299,0.519045,2.4605,0.651251
479507,1,-0.717985,0.0150685,0.993468,-2.24299,0.519043,2.4605,0.651252
479507,1,-0.71798,0.0150719,0.99346,-2.24299,0.519045,2.4605,0.65125
479507,1,-0.717985,0.0150714,0.993465,-2.24299,0.519043,2.46051,0.651255
479507,1,-0.717984,0.0150717,0.993464,-2.24299,0.519041,2.46051,0.65125
479507,1,-0.717983,0.0150695,0.993459,-2.24299,0.51904,2.4605,0.651242
479507,1,-0.717981,0.0150665,0.993462,-2.24299,0.519044,2.4605,0.65125
479507,1,-0.717982,0.0150658,0.993467,-2.24299,0.519039,2.4605,0.651254
479507,1,-0.717982,0.0150677,0.993463,-2.24299,0.519043,2.4605,0.651249
479507,1,-0.717982,0.0150663,0.993463,-2.24299,0.519046,2.46051,0.651249
479507,1,-0.717982,0.0150658,0.993466,-2.24299,0.519044,2.4605,0.651248
479507,1,-0.717982,0.0150643,0.993462,-2.24299,0.519044,2.46051,0.651245
479507,1,-0.717981,0.0150686,0.993464,-2.24299,0.519041,2.4605,0.651247
479507,1,-0.71798,0.0150658,0.993462,-2.24299,0.519045,2.4605,0.651246
479507,1,-0.717984,0.0150658,0.993465,-2.24299,0.519046,2.4605,0.651253
479507,1,-0.717977,0.0150675,0.993459,-2.24299,0.519045,2.4605,0.651254
479507,1,-0.717981,0.0150658,0.993465,-2.24299,0.519046,2.4605,0.651249
479507,1,-0.71798,0.0150703,0.993463,-2.24299,0.519044,2.4605,0.651249
479507,1,-0.717982,0.0150658,0.993463,-2.24299,0.519044,2.46051,0.65125
479507,1,-0.71798,0.0150643,0.993465,-2.24299,0.51904,2.46051,0.651251
479507,1,-0.717984,0.0150675,0.993461,-2.24299,0.519042,2.46051,0.65125
479507,1,-0.717978,0.0150694,0.993461,-2.24299,0.519045,2.4605,0.651251
479507,1,-0.717982,0.0150706,0.993462,-2.24299,0.519045,2.46051,0.651252
479507,1,-0.717984,0.0150676,0.993464,-2.24299,0.519043,2.4605,0.651251
479507,1,-0.717982,0.015066,0.993462,-2.24299,0.519044,2.46051,0.651248
479507,1,-0.71798,0.0150679,0.993459,-2.24299,0.519041,2.4605,0.651255
479507,1,-0.717982,0.015068,0.993463,-2.24299,0.519045,2.4605,0.651244
479507,1,-0.717981,0.0150715,0.993463,-2.24299,0.519045,2.46051,0.651254
479507,1,-0.717978,0.0150675,0.993464,-2.24299,0.519039,2.4605,0.651252
479507,1,-0.717978,0.0150696,0.993463,-2.24299,0.519044,2.4605,0.65125
479507,1,-0.717979,0.0150675,0.993465,-2.24299,0.519044,2.4605,0.65125
479507,1,-0.717982,0.0150696,0.993465,-2.24299,0.519044,2.4605,0.651252
479507,1,-0.717982,0.0150658,0.993462,-2.24299,0.519044,2.46051,0.651251
479507,1,-0.717978,0.0150641,0.993467,-2.24299,0.519043,2.4605,0.651249
479507,1,-0.71798,0.0150688,0.993464,-2.24299,0.519044,2.46051,0.651251
479507,1,-0.71798,0.015066,0.993464,-2.24299,0.519045,2.4605,0.651251
479507,1,-0.717984,0.0150677,0.993468,-2.24299,0.519041,2.46051,0.651251
479507,1,-0.717984,0.0150651,0.993463,-2.24299,0.519045,2.46051,0.651244
479507,1,-0.717984,0.0150696,0.993465,-2.24299,0.519043,2.4605,0.651246
479507,1,-0.717982,0.0150703,0.993463,-2.24299,0.519044,2.46051,0.651249
479507,1,-0.717978,0.0150695,0.993465,-2.24299,0.519044,2.46051,0.651249
479507,1,-0.717982,0.0150676,0.99346,-2.24299,0.519045,2.4605,0.651247
479507,1,-0.717982,0.0150696,0.993464,-2.24299,0.51904,2.4605,0.65125
479507,1,-0.717978,0.0150646,0.993463,-2.24299,0.519041,2.4605,0.651254
479507,1,-0.71798,0.0150686,0.993463,-2.24299,0.519039,2.4605,0.651247
479507,1,-0.71798,0.0150643,0.993459,-2.24299,0.519043,2.46051,0.65125
479507,1,-0.71798,0.015063,0.993463,-2.24299,0.519045,2.4605,0.651248
479507,1,-0.717981,0.0150699,0.993461,-2.24299,0.519046,2.4605,0.651243
479507,1,-0.717982,0.0150699,0.993465,-2.24299,0.519038,2.4605,0.651247
479507,1,-0.717978,0.0150682,0.993467,-2.24299,0.519042,2.4605,0.651243
479507,1,-0.717982,0.0150712,0.993463,-2.24298,0.519045,2.46051,0.65125
479507,1,-0.717978,0.0150658,0.993463,-2.24299,0.519042,2.4605,0.651248
479508,1,-0.717984,0.0150662,0.993463,-2.24299,0.519045,2.46051,0.651251
479508,1,-0.717982,0.015066,0.993463,-2.24299,0.519039,2.4605,0.651249
479508,1,-0.717982,0.0150658,0.99346,-2.24299,0.519042,2.4605,0.651249
479508,1,-0.71798,0.0150681,0.993461,-2.24299,0.519041,2.4605,0.651248
479508,1,-0.717982,0.0150697,0.993461,-2.24299,0.519047,2.46051,0.651253
479508,1,-0.717982,0.0150677,0.993461,-2.24299,0.519045,2.4605,0.651254
479508,1,-0.717982,0.0150683,0.993459,-2.24299,0.519038,2.4605,0.651248
479508,1,-0.71798,0.0150723,0.993463,-2.24299,0.51904,2.4605,0.651244
479508,1,-0.717978,0.0150696,0.993462,-2.24299,0.519044,2.4605,0.651248
479508,1,-0.71798,0.0150686,0.993461,-2.24299,0.519048,2.46051,0.651246
479508,1,-0.71798,0.0150665,0.993463,-2.24299,0.519044,2.4605,0.651247
479508,1,-0.717984,0.0150658,0.993467,-2.24299,0.519044,2.4605,0.651243
479508,1,-0.717982,0.0150689,0.993463,-2.24299,0.51904,2.46051,0.651249
479508,1,-0.717982,0.015066,0.993464,-2.24299,0.519044,2.4605,0.651249
479508,1,-0.717985,0.0150675,0.993462,-2.24299,0.519046,2.4605,0.651248
479508,1,-0.717978,0.0150658,0.993465,-2.24299,0.519043,2.4605,0.651249
479508,1,-0.717978,0.0150676,0.993465,-2.24299,0.519039,2.4605,0.651251
479508,1,-0.71798,0.0150669,0.993466,-2.24299,0.519043,2.46051,0.65125
479508,1,-0.717982,0.0150681,0.99346,-2.24299,0.519045,2.46051,0.651253
479508,1,-0.717982,0.0150675,0.993465,-2.24299,0.519043,2.4605,0.65125
479508,1,-0.717984,0.0150675,0.993461,-2.24298,0.519041,2.4605,0.65125
479508,1,-0.71798,0.0150702,0.993463,-2.24299,0.519046,2.4605,0.65125
479508,1,-0.717982,0.0150678,0.993464,-2.24299,0.519045,2.4605,0.65125
479508,1,-0.717982,0.0150696,0.993462,-2.24299,0.519044,2.4605,0.651247
479508,1,-0.717984,0.0150676,0.993459,-2.24299,0.519043,2.4605,0.651254
479508,1,-0.717982,0.0150658,0.993459,-2.24299,0.519044,2.46051,0.651244
479508,1,-0.71798,0.0150658,0.993468,-2.24299,0.519039,2.46051,0.651251
479508,1,-0.717985,0.0150716,0.993463,-2.24299,0.519045,2.46051,0.651248
479508,1,-0.717982,0.0150697,0.993463,-2.24299,0.519045,2.46051,0.651245
479508,1,-0.71798,0.0150641,0.993463,-2.24299,0.519045,2.4605,0.651248
479508,1,-0.71798,0.0150675,0.993465,-2.24299,0.519042,2.4605,0.651244
479508,1,-0.71798,0.015073,0.993464,-2.24299,0.519041,2.4605,0.65125
479508,1,-0.717982,0.0150644,0.993463,-2.24299,0.519044,2.4605,0.651246
479508,1,-0.71798,0.0150665,0.993465,-2.24299,0.519045,2.4605,0.651245
479508,1,-0.71798,0.0150675,0.993462,-2.24299,0.519041,2.4605,0.651247
479508,1,-0.717976,0.0150667,0.993466,-2.24299,0.51904,2.4605,0.651252
479508,1,-0.717982,0.0150659,0.99346,-2.24299,0.519047,2.46051,0.65125
479508,1,-0.71798,0.0150716,0.993466,-2.24299,0.519043,2.4605,0.651246
479508,1,-0.71798,0.0150675,0.993463,-2.24299,0.519041,2.4605,0.651247
479508,1,-0.717985,0.0150648,0.993464,-2.24299,0.519043,2.46051,0.651251
479508,1,-0.717985,0.0150695,0.993461,-2.24299,0.519044,2.4605,0.651244
479508,1,-0.717984,0.0150665,0.993461,-2.24299,0.51904,2.4605,0.651242
479508,1,-0.71798,0.0150676,0.99346,-2.24299,0.519042,2.4605,0.651242
479508,1,-0.717984,0.0150682,0.993455,-2.24299,0.519045,2.4605,0.651251
479508,1,-0.717978,0.015073,0.993463,-2.24299,0.519041,2.4605,0.651245
479508,1,-0.71798,0.0150695,0.993465,-2.24299,0.519042,2.4605,0.651253
479508,1,-0.717982,0.0150677,0.993465,-2.24299,0.519044,2.4605,0.651247
479508,1,-0.71798,0.0150702,0.993465,-2.24299,0.519046,2.4605,0.651251
479508,1,-0.717982,0.0150723,0.993464,-2.24299,0.519047,2.46051,0.651252
479508,1,-0.717978,0.0150729,0.993467,-2.24299,0.519041,2.4605,0.651249
479508,1,-0.717976,0.0150718,0.993465,-2.24299,0.519041,2.4605,0.651249
479508,1,-0.717973,0.0150706,0.993469,-2.24299,0.519044,2.4605,0.651246
479508,1,-0.717974,0.015063,0.993468,-2.24299,0.519042,2.46051,0.651248
479508,1,-0.717978,0.0150586,0.993468,-2.24298,0.519041,2.46051,0.651249
479508,1,-0.717976,0.0150603,0.993468,-2.24299,0.519036,2.46051,0.651242
479508,1,-0.717981,0.0150571,0.993462,-2.24299,0.519034,2.46051,0.651242
479508,1,-0.717989,0.0150566,0.993456,-2.24299,0.519039,2.4605,0.651245
479508,1,-0.717995,0.0150675,0.993451,-2.243,0.519038,2.4605,0.651243
479508,1,-0.717993,0.0150712,0.993452,-2.243,0.519039,2.4605,0.65125
479508,1,-0.717997,0.0150784,0.993449,-2.24301,0.519042,2.4605,0.65125
479508,1,-0.717987,0.0150897,0.993455,-2.243,0.519042,2.4605,0.65125
479508,1,-0.717978,0.0150906,0.993467,-2.243,0.519046,2.4605,0.651249
479508,1,-0.717971,0.0150916,0.993466,-2.243,0.519046,2.46049,0.651249
479508,1,-0.717966,0.0150907,0.993477,-2.24301,0.519045,2.4605,0.651245
479508,1,-0.717966,0.0150808,0.993483,-2.24301,0.519043,2.46049,0.651248
479508,1,-0.717966,0.0150749,0.993483,-2.243,0.51904,2.4605,0.651244
479508,1,-0.717962,0.0150707,0.993486,-2.243,0.519039,2.4605,0.651248
479508,1,-0.717964,0.0150598,0.993484,-2.243,0.519036,2.46051,0.651245
479508,1,-0.717968,0.015052,0.99348,-2.24299,0.519036,2.46051,0.651245
479508,1,-0.717975,0.0150495,0.993469,-2.24299,0.51904,2.46051,0.65125
479508,1,-0.71798,0.0150495,0.993466,-2.24298,0.519043,2.4605,0.651249
479508,1,-0.717984,0.0150549,0.993463,-2.24299,0.519042,2.46051,0.651244
479508,1,-0.717981,0.0150648,0.993462,-2.24299,0.519047,2.4605,0.651249
479508,1,-0.717987,0.0150795,0.993459,-2.24299,0.519041,2.4605,0.651246
479508,1,-0.717985,0.0150843,0.99346,-2.243,0.519046,2.4605,0.65124
479508,1,-0.717982,0.0150804,0.99346,-2.243,0.519045,2.4605,0.651247
479508,1,-0.71798,0.0150831,0.993468,-2.243,0.519045,2.4605,0.651244
479508,1,-0.717978,0.0150791,0.99347,-2.24299,0.519047,2.4605,0.651253
479508,1,-0.717977,0.0150743,0.993469,-2.243,0.51904,2.46051,0.651254
479508,1,-0.717977,0.0150651,0.993468,-2.24299,0.519045,2.4605,0.651249
479508,1,-0.717975,0.015059,0.993464,-2.24299,0.519041,2.4605,0.651244
479508,1,-0.71798,0.0150569,0.993464,-2.24299,0.519041,2.4605,0.651244
479508,1,-0.717982,0.0150651,0.993464,-2.24299,0.51904,2.4605,0.651251
479508,1,-0.717979,0.0150752,0.993466,-2.243,0.519042,2.4605,0.651245
479508,1,-0.717973,0.0150831,0.993468,-2.24302,0.519041,2.4605,0.651248
479508,1,-0.717975,0.0150885,0.993468,-2.24302,0.519044,2.4605,0.651249
479508,1,-0.717978,0.0150852,0.99347,-2.24302,0.519042,2.4605,0.651251
479508,1,-0.717975,0.0150788,0.993466,-2.24302,0.519043,2.4605,0.651251
479508,1,-0.71798,0.0150709,0.993462,-2.243,0.519049,2.4605,0.651249
479508,1,-0.717984,0.0150631,0.993462,-2.24299,0.519048,2.4605,0.651249
479508,1,-0.717985,0.0150635,0.99346,-2.24298,0.519048,2.46051,0.651243
479508,1,-0.717987,0.0150626,0.993456,-2.24297,0.519045,2.46051,0.651252
479508,1,-0.717985,0.0150569,0.993453,-2.24296,0.51905,2.46051,0.651247
479508,1,-0.71799,0.0150617,0.993455,-2.24297,0.519047,2.46051,0.651247
479508,1,-0.717984,0.0150614,0.993462,-2.24297,0.519044,2.46051,0.651247
479508,1,-0.717983,0.015065,0.993461,-2.24299,0.51904,2.4605,0.651248
479508,1,-0.717983,0.0150684,0.993463,-2.24299,0.519045,2.46051,0.651249
479508,1,-0.717982,0.0150739,0.993461,-2.243,0.519045,2.46051,0.651243
479508,1,-0.717983,0.0150776,0.993461,-2.243,0.519046,2.4605,0.651248
479508,1,-0.717984,0.0150776,0.99346,-2.243,0.519049,2.46051,0.651245
479508,1,-0.717987,0.015074,0.993458,-2.24299,0.519044,2.46051,0.651249
479508,1,-0.717987,0.015072,0.99346,-2.24299,0.519053,2.46051,0.651244
479508,1,-0.717989,0.0150744,0.993458,-2.24298,0.519047,2.46051,0.651245
479508,1,-0.717988,0.0150683,0.993457,-2.24299,0.519052,2.46051,0.651242
479508,1,-0.717991,0.01507,0.993459,-2.24299,0.519048,2.46051,0.651244
479508,1,-0.717985,0.0150669,0.993459,-2.24299,0.519044,2.46051,0.651247
479508,1,-0.717986,0.0150604,0.993455,-2.24299,0.519042,2.46051,0.651248
479508,1,-0.717978,0.0150629,0.993461,-2.24299,0.519045,2.46051,0.651251
479508,1,-0.71798,0.0150651,0.993463,-2.24299,0.519049,2.46051,0.65125
479508,1,-0.717985,0.0150667,0.993467,-2.24299,0.519044,2.4605,0.651246
479508,1,-0.717976,0.0150724,0.993465,-2.24299,0.519048,2.46051,0.651252
479508,1,-0.71798,0.0150697,0.993465,-2.24299,0.519049,2.4605,0.651244
479508,1,-0.717982,0.0150744,0.993461,-2.24299,0.519042,2.46051,0.651247
479508,1,-0.717989,0.0150761,0.99346,-2.24299,0.519047,2.46051,0.651246
479508,1,-0.717987,0.0150751,0.993455,-2.24299,0.519047,2.46051,0.651248
479508,1,-0.717995,0.015072,0.99345,-2.24299,0.519048,2.46051,0.651245
479508,1,-0.717993,0.0150695,0.993447,-2.24299,0.519047,2.4605,0.651248
479508,1,-0.717991,0.0150736,0.993451,-2.24299,0.519047,2.46051,0.651249
479508,1,-0.717993,0.0150687,0.993451,-2.24299,0.519048,2.46051,0.651249
479508,1,-0.717986,0.0150705,0.993458,-2.24299,0.519045,2.46051,0.651245
479508,1,-0.717983,0.0150704,0.993461,-2.24299,0.519045,2.46051,0.651246
479508,1,-0.717984,0.015074,0.993459,-2.24299,0.519046,2.4605,0.651249
479508,1,-0.717984,0.0150788,0.993465,-2.24299,0.519045,2.4605,0.651252
479508,1,-0.717978,0.0150815,0.993461,-2.24301,0.519046,2.4605,0.651254
479508,1,-0.71798,0.0150761,0.993467,-2.24301,0.519045,2.46051,0.651249
479508,1,-0.71798,0.0150763,0.993468,-2.24301,0.519044,2.4605,0.651248
479508,1,-0.717978,0.0150744,0.993465,-2.24301,0.519045,2.4605,0.651254
479508,1,-0.71798,0.0150699,0.993464,-2.243,0.51905,2.4605,0.651245
479508,1,-0.717982,0.015069,0.993462,-2.243,0.51905,2.46051,0.651247
479508,1,-0.717984,0.0150675,0.99346,-2.24299,0.519047,2.46051,0.651251
479508,1,-0.717987,0.0150607,0.993454,-2.24298,0.519049,2.46051,0.651247
479508,1,-0.717991,0.0150628,0.993456,-2.24298,0.51905,2.4605,0.651246
479508,1,-0.717989,0.0150666,0.993451,-2.24298,0.519049,2.4605,0.651246
479508,1,-0.717995,0.0150704,0.993447,-2.24299,0.519048,2.46051,0.651246
479508,1,-0.717993,0.0150726,0.993449,-2.24299,0.519047,2.46051,0.651244
479508,1,-0.717993,0.0150683,0.99345,-2.24299,0.519047,2.46051,0.651248
479508,1,-0.71799,0.0150696,0.993453,-2.243,0.519051,2.4605,0.651249
479508,1,-0.717987,0.0150744,0.993458,-2.243,0.519047,2.4605,0.651249
479508,1,-0.717984,0.0150761,0.993461,-2.243,0.519049,2.46051,0.651251
479508,1,-0.71798,0.0150723,0.993459,-2.243,0.519045,2.46051,0.65125
479508,1,-0.71798,0.0150744,0.993459,-2.243,0.519047,2.4605,0.651252
479508,1,-0.717982,0.0150668,0.993461,-2.24299,0.519048,2.4605,0.651251
479508,1,-0.717982,0.0150733,0.993467,-2.24299,0.519048,2.46051,0.651249
479508,1,-0.71798,0.0150759,0.993459,-2.24299,0.519053,2.4605,0.65125
479508,1,-0.717986,0.0150743,0.993462,-2.24299,0.519048,2.4605,0.651246
479508,1,-0.717988,0.015076,0.99346,-2.24299,0.519053,2.4605,0.651253
479508,1,-0.717982,0.0150781,0.993457,-2.243,0.519048,2.4605,0.651244
479508,1,-0.717985,0.0150744,0.993457,-2.24299,0.519049,2.46051,0.651243
479508,1,-0.717984,0.0150704,0.99346,-2.24299,0.519045,2.46051,0.651247
479508,1,-0.717984,0.015065,0.993459,-2.24299,0.519047,2.46051,0.651248
479508,1,-0.717985,0.0150614,0.993461,-2.24299,0.519048,2.46051,0.65125
479508,1,-0.717982,0.0150651,0.993461,-2.243,0.519049,2.4605,0.651251
479508,1,-0.717985,0.0150665,0.993458,-2.24299,0.519049,2.46051,0.65125
479508,1,-0.71798,0.0150631,0.993458,-2.24299,0.519052,2.4605,0.651247
479508,1,-0.717984,0.0150683,0.99346,-2.243,0.519047,2.46051,0.651251
479508,1,-0.717984,0.0150686,0.993461,-2.24299,0.519047,2.4605,0.65124
479508,1,-0.717982,0.0150736,0.993463,-2.24299,0.51905,2.4605,0.651244
479508,1,-0.717982,0.0150797,0.993459,-2.24299,0.519052,2.46051,0.651243
479508,1,-0.717986,0.0150815,0.993457,-2.24299,0.519051,2.4605,0.65125
479508,1,-0.717985,0.0150797,0.993459,-2.24299,0.519051,2.46051,0.651247
479508,1,-0.717985,0.0150798,0.993457,-2.24299,0.519049,2.4605,0.651249
479508,1,-0.717986,0.0150798,0.99346,-2.24299,0.519047,2.46051,0.651251
479508,1,-0.717985,0.0150781,0.993456,-2.243,0.519047,2.4605,0.651248
479508,1,-0.717985,0.0150774,0.99346,-2.243,0.519053,2.4605,0.651244
479508,1,-0.717985,0.0150802,0.993456,-2.24299,0.519049,2.46051,0.651252
479508,1,-0.717984,0.0150668,0.993461,-2.24299,0.51905,2.4605,0.651248
479508,1,-0.717985,0.015065,0.993461,-2.24299,0.519049,2.4605,0.651251
479508,1,-0.717982,0.0150668,0.993455,-2.24299,0.519047,2.46051,0.651244
479508,1,-0.717983,0.0150689,0.993461,-2.24299,0.519048,2.4605,0.651251
479508,1,-0.717981,0.0150666,0.993457,-2.24299,0.519049,2.46051,0.651246
479508,1,-0.717988,0.0150722,0.993459,-2.24299,0.519048,2.4605,0.65125
479508,1,-0.717987,0.015072,0.993457,-2.24299,0.51905,2.46051,0.651245
479508,1,-0.717985,0.0150779,0.993463,-2.24299,0.51905,2.46051,0.65125
479508,1,-0.717986,0.0150761,0.993457,-2.24299,0.519048,2.46051,0.651245
479508,1,-0.717987,0.0150778,0.993459,-2.24299,0.519049,2.4605,0.651244
479508,1,-0.717987,0.0150761,0.993459,-2.24299,0.51905,2.4605,0.651247
479508,1,-0.717987,0.0150744,0.993459,-2.24299,0.51905,2.46051,0.651246
479508,1,-0.717989,0.0150781,0.993456,-2.24299,0.519048,2.46051,0.651246
479508,1,-0.717982,0.0150768,0.993455,-2.24299,0.51905,2.46051,0.651247
479508,1,-0.717984,0.0150707,0.993459,-2.24299,0.519046,2.4605,0.651247
479508,1,-0.717985,0.015076,0.993461,-2.24299,0.519049,2.46051,0.651251
479508,1,-0.717982,0.0150697,0.993463,-2.24299,0.51905,2.46051,0.651248
479508,1,-0.71798,0.015072,0.993463,-2.24299,0.519047,2.4605,0.651252
479508,1,-0.717982,0.0150704,0.993465,-2.24299,0.519047,2.46051,0.65125
479508,1,-0.717982,0.0150707,0.993463,-2.24299,0.519043,2.46051,0.651251
479508,1,-0.71798,0.015069,0.993461,-2.24299,0.519052,2.46051,0.651246
479508,1,-0.717984,0.0150716,0.993462,-2.24299,0.519052,2.4605,0.651251
479508,1,-0.717982,0.0150707,0.993456,-2.243,0.519049,2.4605,0.651254
479508,1,-0.717986,0.0150727,0.993456,-2.24299,0.519049,2.46051,0.651249
479508,1,-0.717985,0.0150742,0.993459,-2.24299,0.519049,2.46051,0.651247
479508,1,-0.717985,0.015078,0.99346,-2.24299,0.519049,2.4605,0.651242
479508,1,-0.717985,0.0150761,0.993459,-2.24299,0.51905,2.46051,0.651247
479508,1,-0.717982,0.0150779,0.993461,-2.24299,0.51905,2.4605,0.651247
479508,1,-0.717982,0.0150781,0.993455,-2.24299,0.519045,2.46051,0.651246
479508,1,-0.717985,0.015078,0.993459,-2.24299,0.519051,2.4605,0.651243
479508,1,-0.717985,0.0150705,0.993459,-2.243,0.519045,2.46051,0.651241
479508,1,-0.717985,0.0150723,0.993459,-2.24299,0.519047,2.46051,0.651245
479508,1,-0.717984,0.0150734,0.993457,-2.24299,0.519052,2.46051,0.651245
479508,1,-0.717984,0.015072,0.993459,-2.24299,0.519048,2.46051,0.651252
479508,1,-0.717984,0.0150707,0.993461,-2.24299,0.519047,2.4605,0.651248
479509,1,-0.717982,0.0150687,0.993463,-2.24299,0.519049,2.4605,0.651249
479509,1,-0.717982,0.0150658,0.993465,-2.243,0.519049,2.4605,0.651249
479509,1,-0.717987,0.015066,0.993461,-2.243,0.519049,2.4605,0.651248
479509,1,-0.717982,0.0150736,0.993461,-2.24299,0.519049,2.46051,0.651249
479509,1,-0.717984,0.0150727,0.993462,-2.24299,0.519049,2.4605,0.651244
479509,1,-0.717984,0.0150726,0.99346,-2.24299,0.519051,2.4605,0.651245
479509,1,-0.717982,0.0150778,0.993463,-2.24299,0.51905,2.4605,0.651245
479509,1,-0.717985,0.0150727,0.993459,-2.24299,0.519048,2.46051,0.651249
479509,1,-0.717984,0.0150761,0.993461,-2.24299,0.519049,2.46051,0.65125
479509,1,-0.717984,0.0150744,0.993461,-2.24299,0.519049,2.4605,0.65125
479509,1,-0.717984,0.0150758,0.993458,-2.243,0.519048,2.46051,0.651251
479509,1,-0.717987,0.0150737,0.993459,-2.24299,0.519048,2.4605,0.651249
479509,1,-0.717985,0.0150741,0.993459,-2.24299,0.519048,2.4605,0.651251
479509,1,-0.717983,0.0150727,0.993462,-2.24299,0.51905,2.46051,0.651252
479509,1,-0.717982,0.0150761,0.993458,-2.24299,0.51905,2.4605,0.651247
479509,1,-0.717985,0.0150705,0.993465,-2.243,0.519048,2.4605,0.651249
479509,1,-0.717986,0.0150706,0.993461,-2.243,0.519049,2.46051,0.651249
479509,1,-0.717984,0.0150744,0.993459,-2.24299,0.51905,2.46051,0.651249
479509,1,-0.717983,0.0150668,0.993463,-2.24299,0.519049,2.46051,0.651249
479509,1,-0.717985,0.015069,0.993461,-2.243,0.519053,2.46051,0.651248
479509,1,-0.717982,0.0150673,0.993461,-2.24299,0.519047,2.4605,0.651248
479509,1,-0.717985,0.0150707,0.993457,-2.243,0.519053,2.4605,0.651247
479509,1,-0.717985,0.0150704,0.993461,-2.24299,0.519048,2.4605,0.651249
479509,1,-0.717984,0.015067,0.993458,-2.24299,0.519049,2.46051,0.651249
479509,1,-0.717982,0.0150722,0.993459,-2.24299,0.519048,2.46051,0.65125
479509,1,-0.717984,0.0150734,0.993457,-2.243,0.519049,2.4605,0.651244
479509,1,-0.717984,0.0150714,0.993459,-2.243,0.51905,2.46051,0.651249
479509,1,-0.717984,0.0150741,0.993457,-2.24299,0.519047,2.46051,0.651246
479509,1,-0.717984,0.0150705,0.993461,-2.24299,0.51905,2.4605,0.651245
479509,1,-0.717985,0.0150697,0.99346,-2.243,0.519051,2.4605,0.651249
479509,1,-0.717984,0.0150706,0.993459,-2.24299,0.51905,2.4605,0.651246
479509,1,-0.717988,0.0150699,0.993461,-2.24299,0.519045,2.4605,0.651247
479509,1,-0.717984,0.0150682,0.993459,-2.24299,0.519047,2.46051,0.651247
479509,1,-0.717984,0.0150705,0.993459,-2.24299,0.519048,2.46051,0.651245
479509,1,-0.717982,0.0150707,0.993458,-2.24299,0.519053,2.46051,0.651246
479509,1,-0.71798,0.015074,0.993459,-2.243,0.51905,2.46051,0.65125
479509,1,-0.717984,0.0150719,0.993465,-2.24299,0.519049,2.46051,0.65125
479509,1,-0.717986,0.0150709,0.99346,-2.24299,0.519049,2.46051,0.651247
479509,1,-0.717987,0.0150717,0.993461,-2.24299,0.519049,2.4605,0.651251
479509,1,-0.717985,0.0150705,0.993459,-2.24299,0.519049,2.4605,0.651252
479509,1,-0.717985,0.0150753,0.993461,-2.243,0.519046,2.46051,0.651251
479509,1,-0.717984,0.0150759,0.993455,-2.24299,0.519049,2.4605,0.651251
479509,1,-0.717985,0.0150727,0.993458,-2.24299,0.519049,2.46051,0.651251
479509,1,-0.717982,0.0150754,0.993464,-2.24299,0.519049,2.4605,0.65125
479509,1,-0.717988,0.0150763,0.993459,-2.24299,0.51905,2.4605,0.651248
479509,1,-0.717983,0.0150753,0.993461,-2.24299,0.51905,2.46051,0.651246
479509,1,-0.717985,0.0150745,0.993461,-2.24299,0.519049,2.4605,0.65125
479509,1,-0.717982,0.0150751,0.993459,-2.24299,0.519048,2.4605,0.651247
479509,1,-0.717986,0.0150727,0.993461,-2.24299,0.519052,2.46051,0.65125
479509,1,-0.717982,0.0150698,0.993459,-2.24299,0.519048,2.4605,0.651246
479509,1,-0.717985,0.0150706,0.993465,-2.243,0.51905,2.4605,0.651245
479509,1,-0.717987,0.0150724,0.993457,-2.24299,0.519049,2.4605,0.651247
479509,1,-0.717984,0.0150685,0.993459,-2.24299,0.519049,2.46051,0.651248
479509,1,-0.717984,0.0150706,0.993457,-2.243,0.519043,2.46051,0.651251
479509,1,-0.717984,0.0150705,0.99346,-2.243,0.51905,2.46051,0.651249
479509,1,-0.717984,0.0150716,0.993459,-2.24299,0.519047,2.46051,0.651247
479509,1,-0.717984,0.01507,0.99346,-2.24299,0.519049,2.46051,0.65125
479509,1,-0.717984,0.0150741,0.993459,-2.24299,0.519045,2.4605,0.651248
479509,1,-0.71799,0.0150743,0.993459,-2.24299,0.519053,2.4605,0.651247
479509,1,-0.717985,0.0150698,0.993461,-2.24299,0.51905,2.46051,0.65125
479509,1,-0.717984,0.0150758,0.993462,-2.243,0.519046,2.46051,0.651252
479509,1,-0.717986,0.0150737,0.993463,-2.24299,0.519047,2.4605,0.651245
479509,1,-0.717983,0.0150744,0.993461,-2.24299,0.519044,2.46051,0.651249
479509,1,-0.717985,0.0150758,0.993459,-2.243,0.519048,2.4605,0.651246
479509,1,-0.717984,0.0150726,0.993459,-2.24299,0.519049,2.46051,0.651248
479509,1,-0.717982,0.0150765,0.993459,-2.24299,0.519049,2.4605,0.651249
479509,1,-0.717984,0.0150687,0.993461,-2.24299,0.519049,2.46051,0.651244
479509,1,-0.717984,0.0150707,0.99346,-2.243,0.519049,2.4605,0.651251
479509,1,-0.717984,0.0150707,0.993463,-2.243,0.51905,2.46051,0.651248
479509,1,-0.717984,0.0150685,0.993461,-2.24299,0.519046,2.4605,0.65125
479509,1,-0.717988,0.0150679,0.993461,-2.24299,0.519048,2.46051,0.65125
479509,1,-0.717987,0.0150761,0.993464,-2.24299,0.519048,2.4605,0.651248
479509,1,-0.717987,0.0150707,0.993457,-2.24299,0.519048,2.46051,0.651247
479509,1,-0.71798,0.0150726,0.993461,-2.24299,0.519049,2.46051,0.651251
479509,1,-0.717985,0.0150704,0.993459,-2.24299,0.51905,2.4605,0.651249
479509,1,-0.717984,0.0150726,0.993457,-2.24299,0.519046,2.46051,0.651251
479509,0,-0.717984,0.0150727,0.993457,-2.24299,0.519047,2.46051,0.651251
479509,1,-0.717986,0.0150744,0.993457,-2.243,0.519048,2.46051,0.651253
479509,1,-0.717984,0.015078,0.993461,-2.24299,0.519049,2.46051,0.651247
479509,1,-0.71798,0.0150727,0.993456,-2.24299,0.519049,2.4605,0.651249
479509,1,-0.717983,0.0150737,0.993463,-2.24299,0.519049,2.46051,0.651244
479509,1,-0.717984,0.0150758,0.993462,-2.24299,0.519049,2.46051,0.651246
479509,1,-0.717984,0.0150744,0.993459,-2.24299,0.519046,2.4605,0.651247
479509,1,-0.717987,0.0150727,0.993463,-2.24299,0.51905,2.46051,0.651248
479509,1,-0.717986,0.0150754,0.993459,-2.24299,0.519047,2.46051,0.651244
479509,1,-0.717982,0.0150724,0.993459,-2.24299,0.519049,2.46051,0.65125
479509,1,-0.717982,0.0150685,0.993459,-2.243,0.519048,2.46051,0.651246
479509,1,-0.717984,0.0150744,0.993461,-2.243,0.519046,2.4605,0.651251
479509,1,-0.717987,0.0150744,0.993459,-2.24299,0.519049,2.4605,0.651241
479509,1,-0.717985,0.0150765,0.993457,-2.24299,0.519049,2.46051,0.651251
479509,1,-0.717985,0.0150741,0.993462,-2.24299,0.519047,2.4605,0.651247
479509,1,-0.717982,0.0150727,0.99346,-2.24299,0.519049,2.46051,0.651248
479509,1,-0.717984,0.0150744,0.993464,-2.24299,0.519049,2.4605,0.651249
479509,1,-0.717985,0.0150745,0.993459,-2.24299,0.51905,2.46051,0.651246
479509,1,-0.717984,0.0150712,0.993457,-2.24299,0.519049,2.46051,0.651244
479509,1,-0.717987,0.0150781,0.993459,-2.24299,0.519048,2.46051,0.651251
479509,1,-0.717986,0.01507,0.993456,-2.24299,0.519049,2.46051,0.651244
479509,1,-0.717982,0.0150685,0.993462,-2.24299,0.519049,2.4605,0.651251
479509,1,-0.717987,0.0150744,0.993459,-2.24299,0.519044,2.4605,0.651244
479509,1,-0.717982,0.0150707,0.993459,-2.24299,0.519046,2.4605,0.651249
479509,1,-0.717985,0.0150737,0.993459,-2.24299,0.519048,2.4605,0.651251
479509,1,-0.717986,0.0150685,0.993458,-2.243,0.519047,2.4605,0.65125
479509,1,-0.717984,0.0150727,0.993463,-2.24299,0.519049,2.46051,0.651248
479509,1,-0.717985,0.0150727,0.993465,-2.243,0.519049,2.46051,0.65125
479509,1,-0.717988,0.0150707,0.993459,-2.243,0.519048,2.4605,0.651251
479509,1,-0.717984,0.0150715,0.993465,-2.24299,0.519047,2.4605,0.651247
479509,1,-0.717987,0.0150736,0.993459,-2.24299,0.519049,2.46051,0.651247
479509,1,-0.717984,0.0150727,0.99346,-2.24299,0.519052,2.46051,0.651247
479509,1,-0.717986,0.0150727,0.993457,-2.24299,0.51905,2.4605,0.65125
479509,1,-0.717984,0.0150727,0.99346,-2.24299,0.519047,2.4605,0.651244
479509,1,-0.717982,0.0150761,0.993459,-2.24299,0.519049,2.46051,0.651245
479509,1,-0.717984,0.0150759,0.993459,-2.24299,0.519049,2.46051,0.651252
479509,1,-0.717984,0.0150749,0.993458,-2.24299,0.519049,2.4605,0.651247
479509,1,-0.717984,0.0150744,0.99346,-2.24299,0.51905,2.4605,0.651249
479509,1,-0.717988,0.0150742,0.99346,-2.243,0.519049,2.4605,0.651251
479509,1,-0.717986,0.0150727,0.993459,-2.24299,0.519053,2.4605,0.651248
479509,1,-0.717984,0.0150761,0.993461,-2.24299,0.519049,2.46051,0.651249
479509,1,-0.717984,0.0150723,0.993463,-2.24299,0.519048,2.4605,0.651246
479509,1,-0.71798,0.0150754,0.993459,-2.24299,0.519049,2.4605,0.651251
479509,1,-0.717982,0.0150706,0.993461,-2.24299,0.519044,2.4605,0.651248
479509,1,-0.717982,0.0150727,0.993459,-2.243,0.51905,2.4605,0.651249
479509,1,-0.717984,0.0150727,0.993461,-2.24299,0.519046,2.4605,0.651244
479509,1,-0.717982,0.0150698,0.993457,-2.24299,0.519048,2.46051,0.651249
479509,1,-0.717982,0.0150744,0.993462,-2.24299,0.519055,2.46051,0.651248
479509,1,-0.717984,0.0150744,0.99346,-2.24299,0.519047,2.4605,0.651249
479509,1,-0.717985,0.0150727,0.99346,-2.243,0.519049,2.46051,0.65125
479509,1,-0.717984,0.0150744,0.993457,-2.24299,0.519049,2.46051,0.651253
479509,1,-0.717984,0.0150746,0.993455,-2.24299,0.51905,2.46051,0.651248
479509,1,-0.717985,0.0150727,0.993463,-2.24299,0.51905,2.4605,0.65125
479509,1,-0.717984,0.0150744,0.993462,-2.24299,0.519049,2.46051,0.651249
479509,1,-0.717985,0.015072,0.993457,-2.24299,0.519049,2.46051,0.651252
479509,1,-0.717985,0.0150739,0.993461,-2.243,0.519053,2.4605,0.651244
479509,1,-0.717984,0.0150744,0.993457,-2.24299,0.519048,2.4605,0.651247
479509,1,-0.717988,0.0150724,0.993461,-2.24299,0.519048,2.46051,0.651245
479509,1,-0.717986,0.0150704,0.993461,-2.24299,0.519049,2.4605,0.65125
479509,1,-0.717982,0.0150724,0.993463,-2.24299,0.519049,2.4605,0.651247
479509,1,-0.717984,0.0150727,0.993461,-2.24299,0.519048,2.46051,0.651248
479509,1,-0.717984,0.0150704,0.993463,-2.24299,0.519048,2.4605,0.651244
479509,1,-0.717984,0.0150727,0.993461,-2.243,0.519051,2.46051,0.651249
479509,1,-0.717985,0.0150737,0.993459,-2.243,0.519053,2.46051,0.651247
479509,1,-0.717983,0.0150707,0.993459,-2.24299,0.519049,2.46051,0.651247
479509,1,-0.717985,0.015072,0.993457,-2.24299,0.519047,2.4605,0.651245
479509,1,-0.717982,0.0150738,0.99346,-2.24299,0.519049,2.46051,0.651246
479509,1,-0.717982,0.0150761,0.993458,-2.24299,0.519051,2.46051,0.651247
479509,1,-0.717984,0.0150708,0.993459,-2.24299,0.519049,2.4605,0.651245
479509,1,-0.71798,0.0150741,0.993459,-2.24299,0.519049,2.4605,0.651243
479509,1,-0.71798,0.0150719,0.993461,-2.24299,0.519047,2.46051,0.651247
479509,1,-0.717984,0.01507,0.99346,-2.24299,0.51905,2.46051,0.651253
479509,1,-0.717981,0.01507,0.993457,-2.24299,0.51905,2.46051,0.651247
479509,1,-0.717984,0.0150689,0.993459,-2.24299,0.519049,2.4605,0.651247
479509,1,-0.717985,0.0150707,0.993457,-2.24299,0.51905,2.46051,0.651251
479509,1,-0.717987,0.0150699,0.993458,-2.24299,0.519048,2.4605,0.651249
479509,1,-0.717984,0.0150661,0.993454,-2.24299,0.519049,2.4605,0.651252
479509,1,-0.717987,0.0150761,0.993455,-2.24299,0.519052,2.46051,0.651247
479509,1,-0.717986,0.0150726,0.993459,-2.24299,0.51905,2.46051,0.651251
479509,1,-0.717985,0.0150705,0.993457,-2.24299,0.519045,2.46051,0.651247
479509,1,-0.717984,0.0150743,0.993459,-2.24299,0.519048,2.4605,0.651248
479509,1,-0.717985,0.0150781,0.993459,-2.24299,0.519046,2.4605,0.651245
479509,1,-0.717984,0.0150723,0.993463,-2.24299,0.519051,2.46051,0.651251
479509,1,-0.717985,0.0150758,0.993462,-2.24299,0.519048,2.46051,0.651248
479509,1,-0.717985,0.0150704,0.993461,-2.24299,0.519049,2.4605,0.651248
479509,1,-0.717982,0.0150744,0.993463,-2.24299,0.519049,2.4605,0.651249
479509,1,-0.717987,0.0150744,0.993457,-2.24299,0.519049,2.46051,0.651251
479509,1,-0.717984,0.0150727,0.993459,-2.24299,0.519049,2.4605,0.65125
479509,1,-0.717985,0.0150737,0.993457,-2.24299,0.519048,2.46051,0.65125
479509,1,-0.717987,0.0150761,0.993461,-2.243,0.519047,2.4605,0.651247
479509,1,-0.717984,0.0150744,0.993461,-2.24299,0.519053,2.46051,0.651253
479509,1,-0.71799,0.0150727,0.993461,-2.24299,0.519048,2.4605,0.651251
479509,1,-0.717986,0.01507,0.993459,-2.24299,0.519049,2.46051,0.651249
479509,1,-0.71799,0.0150741,0.993463,-2.24299,0.519049,2.46051,0.651251
479509,1,-0.717984,0.0150742,0.993459,-2.243,0.519046,2.46051,0.651251
479509,1,-0.717984,0.0150715,0.993461,-2.243,0.519047,2.46051,0.651247
479509,1,-0.717985,0.0150724,0.993461,-2.24299,0.519051,2.4605,0.651244
479509,1,-0.717986,0.0150745,0.993461,-2.24299,0.51905,2.46051,0.651245
479509,1,-0.717982,0.0150704,0.993459,-2.243,0.519045,2.46051,0.651245
479509,1,-0.717987,0.015069,0.993457,-2.24299,0.519046,2.46051,0.651244
479509,1,-0.717984,0.0150717,0.993453,-2.24299,0.519048,2.46051,0.651245
479509,1,-0.717987,0.0150761,0.993463,-2.24299,0.519052,2.4605,0.651247
479509,1,-0.717985,0.0150744,0.993457,-2.24299,0.51905,2.4605,0.651242
479509,1,-0.717984,0.0150734,0.993463,-2.24299,0.51905,2.46051,0.651246
479509,1,-0.717982,0.0150779,0.993459,-2.24299,0.519049,2.4605,0.651244
479509,1,-0.717984,0.0150782,0.993459,-2.24299,0.519048,2.46051,0.651251
479509,1,-0.717983,0.0150726,0.993465,-2.24299,0.519049,2.4605,0.651248
479509,1,-0.717985,0.0150724,0.993462,-2.24299,0.51905,2.46051,0.651246
479509,1,-0.717984,0.015069,0.993461,-2.24299,0.519049,2.46051,0.651246
479509,1,-0.717981,0.0150707,0.993461,-2.24299,0.519049,2.4605,0.651247
479509,1,-0.717984,0.0150723,0.993461,-2.24299,0.519049,2.46051,0.651243
479509,1,-0.717984,0.0150719,0.993459,-2.24299,0.519048,2.4605,0.651247
479509,1,-0.717982,0.0150726,0.993457,-2.243,0.519044,2.46051,0.651247
479509,1,-0.717982,0.0150727,0.993461,-2.24299,0.519047,2.46051,0.651249
479509,1,-0.717984,0.0150748,0.993464,-2.24299,0.519051,2.46051,0.651247
479509,1,-0.717985,0.0150758,0.993457,-2.243,0.519052,2.4605,0.651251
479509,1,-0.71799,0.0150761,0.993457,-2.24299,0.519048,2.46051,0.65125
479509,1,-0.717982,0.0150761,0.993459,-2.24299,0.519048,2.46051,0.65125
479509,1,-0.717984,0.0150737,0.993459,-2.24299,0.519046,2.4605,0.651252
479509,1,-0.717986,0.0150741,0.993463,-2.24299,0.519048,2.4605,0.651246
479509,1,-0.717983,0.0150724,0.993459,-2.24299,0.519048,2.46051,0.651251
479509,1,-0.717982,0.0150727,0.993459,-2.24299,0.51905,2.46051,0.651248
479509,1,-0.717982,0.0150707,0.993465,-2.24299,0.519048,2.46051,0.651251
479509,1,-0.717984,0.0150683,0.993463,-2.24299,0.51905,2.46051,0.651247
479510,1,-0.717982,0.0150697,0.993459,-2.24299,0.519053,2.4605,0.651247
479510,1,-0.717982,0.0150705,0.993461,-2.24299,0.519049,2.46051,0.651249
479510,1,-0.717982,0.015069,0.993459,-2.24299,0.51905,2.4605,0.651247
479510,1,-0.717982,0.0150726,0.993461,-2.24299,0.519048,2.46051,0.651247
479510,1,-0.717987,0.015072,0.993464,-2.243,0.519046,2.46051,0.651245
479510,1,-0.717987,0.0150706,0.993459,-2.24299,0.51905,2.46051,0.651246
479510,1,-0.717986,0.0150685,0.993459,-2.24299,0.51905,2.46051,0.651244
479510,1,-0.717987,0.0150744,0.993459,-2.24299,0.519049,2.46051,0.651245
479510,1,-0.717985,0.0150704,0.993457,-2.24299,0.519049,2.46051,0.651249
479510,1,-0.717988,0.015072,0.993455,-2.243,0.519049,2.46051,0.651251
479510,1,-0.717985,0.0150715,0.993457,-2.24299,0.519049,2.4605,0.651249
479510,1,-0.717985,0.0150759,0.993457,-2.24299,0.519046,2.4605,0.651251
479510,1,-0.717984,0.0150761,0.993463,-2.24299,0.519048,2.46051,0.651251
479510,1,-0.717982,0.0150683,0.993459,-2.243,0.519049,2.46051,0.651251
479510,1,-0.717984,0.0150743,0.993457,-2.243,0.519051,2.46051,0.65125
479510,1,-0.717984,0.0150761,0.993461,-2.243,0.519047,2.4605,0.65125
479510,1,-0.717986,0.0150726,0.993459,-2.24299,0.519048,2.46051,0.651249
479510,1,-0.717984,0.0150744,0.993459,-2.243,0.519046,2.4605,0.651248
479510,1,-0.71798,0.0150744,0.993459,-2.24299,0.519048,2.46051,0.651247
479510,1,-0.717984,0.0150744,0.993457,-2.24299,0.519048,2.46051,0.651244
479510,1,-0.717984,0.0150727,0.99346,-2.24299,0.519049,2.4605,0.651251
479510,1,-0.717984,0.0150651,0.993458,-2.24299,0.519049,2.4605,0.651244
479510,1,-0.71798,0.0150705,0.993462,-2.24299,0.519049,2.46051,0.651245
479510,1,-0.717987,0.015072,0.993463,-2.24299,0.519047,2.46051,0.651245
479510,1,-0.717985,0.015069,0.993461,-2.24299,0.519047,2.46051,0.651244
479510,1,-0.717985,0.0150707,0.993459,-2.24299,0.519049,2.46051,0.651249
479510,1,-0.717985,0.015068,0.993461,-2.24299,0.519047,2.46051,0.651246
479510,1,-0.717985,0.0150689,0.993459,-2.24299,0.519047,2.4605,0.651248
479510,1,-0.717985,0.0150727,0.993461,-2.24299,0.519047,2.46051,0.651244
479510,1,-0.717983,0.0150757,0.993463,-2.24299,0.519048,2.46051,0.651244
479510,1,-0.717984,0.015067,0.993461,-2.24299,0.519047,2.4605,0.651245
479510,1,-0.71798,0.0150742,0.993458,-2.24299,0.519047,2.46051,0.651247
479510,1,-0.717985,0.0150741,0.993459,-2.24299,0.519045,2.46051,0.651247
479510,1,-0.717984,0.0150743,0.993457,-2.24299,0.519047,2.4605,0.651248
479510,1,-0.717987,0.0150761,0.993463,-2.243,0.519048,2.4605,0.651245
479510,1,-0.717982,0.0150737,0.993458,-2.24299,0.519046,2.46051,0.651249
479510,1,-0.717982,0.0150724,0.993459,-2.24299,0.519047,2.46051,0.651244
479510,1,-0.717981,0.0150754,0.993462,-2.243,0.519051,2.4605,0.651251
479510,1,-0.717983,0.0150685,0.993464,-2.243,0.519049,2.46051,0.651251
479510,1,-0.717984,0.0150698,0.993457,-2.24299,0.519047,2.46051,0.651251
479510,1,-0.717983,0.0150676,0.993458,-2.24299,0.519048,2.46051,0.651249
479510,1,-0.717987,0.015069,0.993457,-2.24299,0.519046,2.46051,0.651252
479510,1,-0.717985,0.0150703,0.993455,-2.24299,0.519048,2.4605,0.651253
479510,1,-0.717985,0.0150699,0.993455,-2.24299,0.519046,2.46051,0.651247
479510,1,-0.71799,0.0150705,0.993455,-2.243,0.519049,2.46051,0.651249
479510,1,-0.717986,0.0150734,0.993459,-2.24299,0.519051,2.4605,0.651251
479510,1,-0.717984,0.0150678,0.993461,-2.24299,0.519047,2.4605,0.65125
479510,1,-0.717982,0.0150708,0.993461,-2.24299,0.519048,2.46051,0.65125
479510,1,-0.717982,0.0150724,0.993459,-2.24299,0.519046,2.4605,0.651247
479510,1,-0.717986,0.0150682,0.993461,-2.243,0.519049,2.4605,0.651247
479510,1,-0.71798,0.0150707,0.993459,-2.24299,0.51905,2.4605,0.651245
479510,1,-0.717984,0.0150742,0.993461,-2.24299,0.519045,2.4605,0.651248
479510,1,-0.717984,0.0150758,0.993459,-2.24299,0.51905,2.4605,0.651243
479510,1,-0.717988,0.0150748,0.993459,-2.24299,0.519047,2.46051,0.651251
479510,1,-0.717984,0.0150727,0.993457,-2.24299,0.519046,2.46051,0.651252
479510,1,-0.717984,0.0150743,0.993461,-2.24299,0.519048,2.46051,0.651247
479510,1,-0.717985,0.015072,0.993458,-2.24299,0.519046,2.46051,0.651252
479510,1,-0.717985,0.0150727,0.993463,-2.24299,0.519049,2.46051,0.651244
479510,1,-0.717984,0.0150726,0.993461,-2.24299,0.519047,2.4605,0.651243
479510,1,-0.717984,0.0150665,0.993461,-2.24299,0.51904,2.4605,0.651246
479510,1,-0.717984,0.0150666,0.993461,-2.24299,0.51905,2.46051,0.651243
479510,1,-0.717985,0.015069,0.993462,-2.24299,0.519045,2.46051,0.651246
479510,1,-0.71798,0.0150707,0.99346,-2.243,0.519045,2.4605,0.651244
479510,1,-0.717984,0.0150744,0.993462,-2.24299,0.519047,2.46051,0.651247
479510,1,-0.717984,0.0150743,0.993459,-2.24299,0.519044,2.4605,0.651251
479510,1,-0.717984,0.0150759,0.993464,-2.24299,0.519047,2.4605,0.65125
479510,1,-0.717984,0.0150761,0.993463,-2.24299,0.519047,2.4605,0.651246
479510,1,-0.717985,0.015072,0.993456,-2.24299,0.519044,2.46051,0.651246
479510,1,-0.717986,0.015078,0.993459,-2.24299,0.519042,2.4605,0.651251
479510,1,-0.717984,0.0150742,0.993461,-2.24299,0.519045,2.46051,0.651246
479510,1,-0.717981,0.0150727,0.993455,-2.243,0.519046,2.46051,0.651246
479510,1,-0.717984,0.0150724,0.993458,-2.24299,0.51905,2.46051,0.651246
479510,1,-0.717984,0.0150723,0.993461,-2.24299,0.519044,2.46051,0.651241
479510,1,-0.717985,0.0150711,0.993461,-2.24299,0.519045,2.46051,0.65125
479510,1,-0.717988,0.0150694,0.993459,-2.24299,0.519046,2.46051,0.651244
479510,1,-0.717982,0.0150661,0.993463,-2.24299,0.519045,2.46051,0.651251
479510,1,-0.717982,0.0150641,0.993464,-2.24299,0.519047,2.46051,0.651244
479510,1,-0.71798,0.0150703,0.993463,-2.24299,0.519045,2.4605,0.65125
479510,1,-0.717984,0.0150719,0.993465,-2.24299,0.519046,2.4605,0.651245
479510,1,-0.717982,0.0150719,0.99346,-2.24299,0.519045,2.4605,0.651249
479510,1,-0.717984,0.0150727,0.993461,-2.24299,0.519046,2.46051,0.651252
479510,1,-0.717982,0.0150767,0.993461,-2.24299,0.519049,2.46051,0.651251
479510,1,-0.717986,0.0150781,0.993462,-2.24299,0.519047,2.46051,0.65125
479510,1,-0.717982,0.0150781,0.993459,-2.24299,0.519045,2.4605,0.651251
479510,1,-0.717986,0.0150761,0.993457,-2.24299,0.519045,2.46051,0.651248
479510,1,-0.717984,0.0150707,0.993459,-2.24299,0.519043,2.46051,0.651243
479510,1,-0.717988,0.0150723,0.993459,-2.24299,0.519047,2.4605,0.651247
479510,1,-0.717982,0.0150707,0.993457,-2.24299,0.519049,2.46051,0.651252
479510,1,-0.717982,0.0150727,0.993459,-2.24299,0.519048,2.4605,0.651244
479510,1,-0.717986,0.0150704,0.993461,-2.24299,0.519045,2.4605,0.651249
479510,1,-0.717982,0.0150668,0.993463,-2.24299,0.519045,2.4605,0.651244
479510,1,-0.717985,0.0150661,0.993461,-2.24299,0.519048,2.4605,0.651251
479510,1,-0.717982,0.0150685,0.993459,-2.24299,0.519049,2.46051,0.651243
479510,1,-0.717984,0.0150689,0.993461,-2.24299,0.519044,2.46051,0.651251
479510,1,-0.717984,0.0150744,0.993461,-2.24299,0.519045,2.46051,0.651248
479510,1,-0.717983,0.0150705,0.993464,-2.243,0.519041,2.4605,0.651247
479510,1,-0.717985,0.015077,0.993459,-2.243,0.519045,2.46051,0.651248
479510,1,-0.717984,0.0150743,0.993461,-2.24299,0.519046,2.4605,0.651247
479510,1,-0.717984,0.0150762,0.993463,-2.24299,0.519042,2.4605,0.651244
479510,1,-0.717985,0.0150798,0.993461,-2.24299,0.519042,2.4605,0.651243
479510,1,-0.717985,0.0150781,0.993463,-2.24299,0.519044,2.4605,0.651247
479510,1,-0.717985,0.0150798,0.993462,-2.24299,0.519047,2.46051,0.65125
479510,1,-0.717983,0.0150744,0.993461,-2.24299,0.519047,2.4605,0.651248
479510,1,-0.717982,0.0150702,0.993463,-2.24299,0.519044,2.4605,0.651245
479510,1,-0.717984,0.0150666,0.993463,-2.24299,0.519042,2.4605,0.651251
479510,1,-0.717988,0.0150652,0.993459,-2.24299,0.519044,2.4605,0.651248
479510,1,-0.717984,0.0150614,0.993463,-2.24299,0.519046,2.46051,0.651244
479510,1,-0.717985,0.0150613,0.993461,-2.24299,0.519045,2.4605,0.65125
479510,1,-0.717983,0.0150624,0.993463,-2.24299,0.519043,2.46051,0.651246
479510,1,-0.717982,0.0150611,0.993465,-2.24299,0.519049,2.4605,0.651248
479510,1,-0.71798,0.0150723,0.993459,-2.24299,0.519043,2.4605,0.651249
479510,1,-0.717984,0.0150653,0.993465,-2.24299,0.519045,2.46051,0.651245
479510,1,-0.717984,0.0150707,0.993459,-2.24299,0.519042,2.46051,0.651247
479510,1,-0.717984,0.0150813,0.993463,-2.24299,0.519045,2.46051,0.651248
479510,1,-0.717984,0.0150779,0.993462,-2.24299,0.519045,2.4605,0.651246
479510,1,-0.717984,0.0150859,0.993459,-2.243,0.519045,2.4605,0.651251
479510,1,-0.717984,0.0150814,0.99346,-2.243,0.519046,2.4605,0.651246
479510,1,-0.717985,0.0150815,0.993459,-2.243,0.519045,2.46051,0.65125
479510,1,-0.71798,0.0150781,0.993457,-2.24299,0.519043,2.4605,0.651246
479510,1,-0.717984,0.0150708,0.993459,-2.243,0.519046,2.46051,0.651244
479510,1,-0.717985,0.015065,0.993459,-2.24299,0.519043,2.46051,0.651241
479510,1,-0.717986,0.0150673,0.993461,-2.24299,0.519044,2.46051,0.651245
479510,1,-0.717982,0.0150635,0.993461,-2.24299,0.519045,2.46051,0.651247
479510,1,-0.717982,0.0150604,0.993468,-2.24299,0.519042,2.46051,0.651251
479510,1,-0.717982,0.0150611,0.993463,-2.24299,0.519045,2.46051,0.651252
479510,1,-0.717982,0.0150635,0.993462,-2.24299,0.519045,2.46051,0.65125
479510,1,-0.717982,0.0150597,0.993464,-2.24299,0.519045,2.46051,0.651248
479510,1,-0.717984,0.0150649,0.993459,-2.24299,0.519044,2.4605,0.651251
479510,1,-0.717982,0.0150699,0.993461,-2.243,0.519048,2.4605,0.651249
479510,1,-0.717984,0.0150726,0.993461,-2.243,0.519045,2.4605,0.65125
479510,1,-0.717983,0.0150795,0.993462,-2.243,0.519047,2.4605,0.651246
479510,1,-0.717982,0.0150787,0.993462,-2.243,0.519045,2.46051,0.651244
479510,1,-0.717985,0.0150815,0.993457,-2.24299,0.519048,2.4605,0.651246
479510,1,-0.717982,0.0150837,0.993465,-2.24299,0.519046,2.46051,0.65125
479510,1,-0.717985,0.0150788,0.99346,-2.24299,0.519041,2.4605,0.65125
479510,1,-0.717986,0.0150761,0.99346,-2.24299,0.519044,2.46051,0.651248
479510,1,-0.717983,0.0150685,0.993459,-2.243,0.519047,2.46051,0.65125
479510,1,-0.717982,0.0150634,0.993455,-2.24299,0.519048,2.46051,0.651248
479510,1,-0.717985,0.0150614,0.993465,-2.24299,0.519047,2.46051,0.651248
479510,1,-0.71798,0.0150682,0.993461,-2.24299,0.519048,2.46051,0.651248
479510,1,-0.717981,0.0150614,0.993462,-2.24299,0.519045,2.46051,0.651247
479510,1,-0.717982,0.0150635,0.993461,-2.24299,0.519044,2.4605,0.651252
479510,1,-0.71798,0.0150663,0.993464,-2.24299,0.519046,2.46051,0.651249
479510,1,-0.717984,0.0150662,0.993463,-2.24299,0.519045,2.4605,0.651247
479510,1,-0.717982,0.0150661,0.993463,-2.243,0.519047,2.46051,0.651251
479510,1,-0.717985,0.0150703,0.99346,-2.24299,0.519042,2.4605,0.651245
479510,1,-0.717984,0.0150733,0.993465,-2.24299,0.519045,2.4605,0.651245
479510,1,-0.717984,0.0150781,0.993465,-2.243,0.519046,2.46051,0.651246
479510,1,-0.717984,0.0150797,0.993464,-2.24299,0.519046,2.46051,0.651246
479510,1,-0.717985,0.0150805,0.993459,-2.243,0.519044,2.46051,0.651252
479510,1,-0.717988,0.0150781,0.993459,-2.24299,0.519043,2.4605,0.651252
479510,1,-0.717989,0.0150775,0.993455,-2.24299,0.519044,2.4605,0.651248
479510,1,-0.71798,0.0150744,0.993457,-2.243,0.519048,2.46051,0.651247
479510,1,-0.717982,0.0150713,0.993461,-2.24299,0.519043,2.46051,0.651245
479510,1,-0.717982,0.0150644,0.993464,-2.24299,0.519049,2.46051,0.651244
479510,1,-0.71798,0.0150632,0.993461,-2.24299,0.519046,2.4605,0.65125
479510,1,-0.71798,0.0150635,0.993464,-2.24299,0.519043,2.46051,0.651243
479510,1,-0.717984,0.0150598,0.993461,-2.24299,0.519045,2.46051,0.651247
479510,1,-0.717982,0.0150594,0.993459,-2.243,0.519045,2.46051,0.651248
479510,1,-0.717985,0.0150626,0.993462,-2.24299,0.519042,2.46051,0.651247
479510,1,-0.717982,0.0150662,0.993462,-2.24299,0.51904,2.4605,0.651251
479510,1,-0.71798,0.0150726,0.993463,-2.243,0.519041,2.46051,0.651243
479510,1,-0.717982,0.0150784,0.993459,-2.24299,0.519045,2.4605,0.651245
479510,1,-0.71798,0.0150798,0.993459,-2.24299,0.519043,2.4605,0.651249
479510,1,-0.717984,0.0150828,0.993459,-2.24299,0.51904,2.46051,0.651242
479510,1,-0.717982,0.0150829,0.993459,-2.24299,0.519044,2.4605,0.651252
479510,1,-0.717989,0.0150835,0.993461,-2.24299,0.519045,2.4605,0.65125
479510,1,-0.717985,0.0150781,0.993459,-2.24299,0.519047,2.46051,0.651246
479510,1,-0.717985,0.0150744,0.993457,-2.24299,0.519044,2.46051,0.651242
479510,1,-0.717984,0.0150631,0.993457,-2.24299,0.519048,2.46051,0.651247
479510,1,-0.717982,0.015065,0.993461,-2.24299,0.519048,2.46051,0.651247
479510,1,-0.717983,0.0150632,0.993461,-2.24299,0.519042,2.4605,0.651249
479510,1,-0.71798,0.0150591,0.993467,-2.24299,0.519046,2.4605,0.651249
479510,1,-0.717978,0.0150574,0.993465,-2.243,0.519044,2.4605,0.651252
479510,1,-0.717988,0.0150617,0.993459,-2.24299,0.519043,2.4605,0.651247
479510,1,-0.71798,0.0150645,0.993461,-2.24299,0.519045,2.4605,0.651247
479510,1,-0.717984,0.0150656,0.993464,-2.24299,0.519045,2.4605,0.651243
479510,1,-0.717984,0.015066,0.993459,-2.243,0.51904,2.4605,0.651244
479510,1,-0.717985,0.0150716,0.993462,-2.24299,0.519041,2.46051,0.65124
479510,1,-0.717982,0.0150761,0.993459,-2.24299,0.519045,2.4605,0.651243
479510,1,-0.717984,0.0150815,0.993459,-2.24299,0.519045,2.46051,0.651247
479510,1,-0.717982,0.0150815,0.993461,-2.243,0.519045,2.4605,0.651245
479510,1,-0.717984,0.0150802,0.993462,-2.24299,0.519046,2.46051,0.651251
479510,1,-0.717984,0.0150783,0.993465,-2.24299,0.519044,2.46051,0.651244
479510,1,-0.717984,0.0150685,0.99346,-2.243,0.519047,2.46051,0.651245
479510,1,-0.717985,0.0150672,0.993459,-2.24299,0.519045,2.46051,0.651248
479510,1,-0.717984,0.0150693,0.993464,-2.24299,0.519045,2.46051,0.651246
479510,1,-0.717982,0.0150596,0.993465,-2.24299,0.519045,2.4605,0.651251
479510,1,-0.717984,0.0150632,0.993465,-2.24299,0.519045,2.46051,0.651247
479510,1,-0.717982,0.0150575,0.993461,-2.24299,0.519042,2.4605,0.651251
479510,1,-0.717981,0.0150634,0.993466,-2.24299,0.519044,2.4605,0.651247
479510,1,-0.717984,0.0150607,0.993464,-2.24299,0.51904,2.4605,0.651247
479510,1,-0.717984,0.0150648,0.993463,-2.24299,0.519043,2.4605,0.651249
479510,1,-0.717982,0.0150677,0.993462,-2.243,0.519043,2.46051,0.651244
479510,1,-0.717982,0.0150734,0.993463,-2.24299,0.51904,2.4605,0.651248
479510,1,-0.717986,0.0150796,0.993461,-2.24299,0.519045,2.4605,0.651249
479510,1,-0.717982,0.0150805,0.993461,-2.24299,0.519045,2.46051,0.651249
479510,1,-0.717984,0.0150835,0.993461,-2.24299,0.519043,2.46051,0.651252
479510,1,-0.717987,0.0150815,0.993462,-2.24299,0.519043,2.4605,0.651251
479510,1,-0.717987,0.0150806,0.993461,-2.24299,0.519046,2.46051,0.651249
479511,1,-0.717984,0.0150754,0.993457,-2.24299,0.519042,2.46051,0.651247
479511,1,-0.717987,0.015069,0.99346,-2.24299,0.519045,2.46051,0.651246
479511,1,-0.717984,0.0150673,0.993459,-2.243,0.519042,2.4605,0.651245
479511,1,-0.717984,0.0150635,0.993463,-2.24299,0.519045,2.46051,0.651249
479511,1,-0.717983,0.0150591,0.993466,-2.24299,0.51904,2.46051,0.651243
479511,1,-0.71798,0.0150553,0.993463,-2.24299,0.519041,2.46051,0.651248
479511,1,-0.71798,0.0150573,0.993465,-2.24299,0.519045,2.46051,0.651249
479511,1,-0.71798,0.0150641,0.993465,-2.24299,0.51904,2.46051,0.651244
479511,1,-0.717982,0.0150668,0.993462,-2.24299,0.519043,2.4605,0.65125
479511,1,-0.717982,0.0150648,0.993464,-2.24299,0.519041,2.4605,0.651243
479511,1,-0.717982,0.0150716,0.993459,-2.24299,0.519045,2.46051,0.651246
479511,1,-0.717982,0.015075,0.993464,-2.24299,0.519043,2.46051,0.651246
479511,1,-0.717982,0.0150773,0.993463,-2.24299,0.51904,2.4605,0.65125
479511,1,-0.71798,0.0150856,0.993462,-2.243,0.519041,2.46051,0.651249
479511,1,-0.717982,0.0150838,0.993463,-2.243,0.519042,2.46051,0.65125
479511,1,-0.717984,0.0150832,0.993463,-2.24299,0.519045,2.4605,0.651251
479511,1,-0.717982,0.0150752,0.993457,-2.24299,0.519043,2.46051,0.651249
479511,1,-0.717986,0.0150729,0.99346,-2.24299,0.51904,2.46051,0.651248
479511,1,-0.717985,0.0150673,0.99346,-2.24299,0.519045,2.46051,0.65125
479511,1,-0.717984,0.0150628,0.993459,-2.24299,0.519042,2.46051,0.651244
479511,1,-0.717984,0.0150633,0.993457,-2.24299,0.519045,2.46051,0.651246
479511,1,-0.717984,0.0150616,0.993464,-2.24299,0.519044,2.46051,0.651243
479511,1,-0.71798,0.0150632,0.993461,-2.24299,0.519039,2.4605,0.65125
479511,1,-0.71798,0.0150606,0.993465,-2.24299,0.519043,2.46051,0.65125
479511,1,-0.717978,0.0150608,0.993467,-2.24299,0.519043,2.46051,0.651249
479511,1,-0.71798,0.0150564,0.993465,-2.24299,0.519042,2.4605,0.651244
479511,1,-0.717984,0.0150623,0.993461,-2.24299,0.519044,2.4605,0.651247
479511,1,-0.717984,0.0150695,0.993461,-2.24299,0.519042,2.46051,0.651244
479511,1,-0.717984,0.0150795,0.993464,-2.24299,0.51904,2.46051,0.651246
479511,1,-0.717982,0.0150815,0.993463,-2.243,0.519039,2.46051,0.651249
479511,1,-0.717981,0.0150868,0.993465,-2.243,0.519041,2.4605,0.651243
479511,1,-0.717984,0.015087,0.993462,-2.243,0.51904,2.46051,0.651251
479511,1,-0.717982,0.0150805,0.993465,-2.243,0.51904,2.4605,0.651251
479511,1,-0.717982,0.0150843,0.993461,-2.243,0.519045,2.4605,0.651251
479511,1,-0.717985,0.0150755,0.993461,-2.24299,0.519046,2.46051,0.651251
479511,1,-0.717984,0.0150666,0.993459,-2.24299,0.519041,2.4605,0.651251
479511,1,-0.717982,0.0150617,0.993461,-2.24299,0.519045,2.4605,0.651246
479511,1,-0.717982,0.0150589,0.993464,-2.24299,0.519045,2.4605,0.651248
479511,1,-0.717982,0.0150549,0.993465,-2.24299,0.519044,2.46051,0.651242
479511,1,-0.71798,0.0150532,0.993469,-2.24299,0.519045,2.4605,0.651241
479511,1,-0.717978,0.015055,0.993463,-2.24299,0.51904,2.46051,0.651249
479511,1,-0.71798,0.0150594,0.993462,-2.24299,0.519042,2.46051,0.651253
479511,1,-0.71798,0.0150604,0.993463,-2.24299,0.519044,2.46051,0.651248
479511,1,-0.71798,0.0150665,0.993461,-2.24299,0.51904,2.46051,0.65125
479511,1,-0.717984,0.0150676,0.993463,-2.24299,0.519045,2.4605,0.651248
479511,1,-0.717984,0.0150716,0.99346,-2.24299,0.519041,2.4605,0.651244
479511,1,-0.717984,0.0150808,0.99346,-2.243,0.519039,2.4605,0.651243
479511,1,-0.717984,0.0150835,0.99346,-2.243,0.519043,2.4605,0.651244
479511,1,-0.717987,0.0150867,0.993461,-2.243,0.519038,2.4605,0.651248
479511,1,-0.717984,0.0150835,0.993458,-2.243,0.519039,2.4605,0.651245
479511,1,-0.717985,0.0150801,0.993459,-2.243,0.519039,2.46051,0.651246
479511,1,-0.717988,0.0150798,0.993459,-2.243,0.519043,2.4605,0.651246
479511,1,-0.717984,0.0150714,0.993462,-2.243,0.519039,2.46051,0.651252
479511,1,-0.717985,0.015067,0.993464,-2.24299,0.519042,2.4605,0.651248
479511,1,-0.717982,0.0150645,0.993465,-2.24299,0.519044,2.46051,0.651244
479511,1,-0.717985,0.0150564,0.993462,-2.24299,0.519041,2.46051,0.651249
479511,1,-0.717984,0.0150549,0.993463,-2.24298,0.519041,2.46051,0.651244
479511,1,-0.717982,0.0150533,0.993462,-2.24298,0.519042,2.4605,0.651251
479511,1,-0.717982,0.0150587,0.993463,-2.24299,0.519045,2.4605,0.651245
479511,1,-0.717983,0.0150621,0.993466,-2.24299,0.519044,2.4605,0.651251
479511,1,-0.717984,0.0150672,0.993463,-2.24299,0.519044,2.4605,0.651244
479511,1,-0.717982,0.0150707,0.993466,-2.243,0.519041,2.4605,0.651245
479511,1,-0.717984,0.0150677,0.993462,-2.243,0.51904,2.4605,0.651244
479511,1,-0.717978,0.0150774,0.993464,-2.243,0.519044,2.46051,0.651248
479511,1,-0.717982,0.0150835,0.993461,-2.24299,0.51904,2.4605,0.651242
479511,1,-0.717984,0.0150835,0.993465,-2.24299,0.519041,2.4605,0.651248
479511,1,-0.717982,0.0150783,0.993463,-2.243,0.519043,2.46051,0.651251
479511,1,-0.717982,0.0150815,0.993457,-2.243,0.519041,2.4605,0.651249
479511,1,-0.717985,0.0150761,0.993461,-2.243,0.519039,2.46051,0.651249
479511,1,-0.71798,0.0150727,0.993465,-2.243,0.519044,2.46051,0.651247
479511,1,-0.717984,0.0150685,0.993465,-2.24299,0.51904,2.4605,0.651251
479511,1,-0.71798,0.0150616,0.993466,-2.243,0.519046,2.46051,0.651242
479511,1,-0.717983,0.0150569,0.993465,-2.24299,0.519047,2.46051,0.651244
479511,1,-0.717984,0.0150553,0.993465,-2.24299,0.519043,2.46051,0.651243
479511,1,-0.71798,0.0150511,0.993465,-2.24299,0.519047,2.4605,0.651244
479511,1,-0.717982,0.015059,0.993462,-2.24299,0.51904,2.4605,0.651246
479511,1,-0.717982,0.0150586,0.993461,-2.24299,0.519044,2.46051,0.651246
479511,1,-0.717984,0.0150642,0.993466,-2.24299,0.519045,2.4605,0.651249
479511,1,-0.717978,0.0150676,0.993464,-2.243,0.519046,2.46051,0.651249
479511,1,-0.717984,0.015072,0.99346,-2.243,0.519043,2.4605,0.651251
479511,1,-0.717985,0.015076,0.993462,-2.24299,0.519042,2.46051,0.651242
479511,1,-0.717984,0.0150737,0.993462,-2.243,0.519038,2.4605,0.651241
479511,1,-0.71798,0.0150774,0.993463,-2.243,0.519042,2.46051,0.651245
479511,1,-0.717982,0.0150815,0.993464,-2.24299,0.51904,2.46051,0.651247
479511,1,-0.717984,0.0150815,0.993461,-2.24299,0.51904,2.46051,0.651243
479511,1,-0.717984,0.01508,0.993464,-2.24299,0.519042,2.4605,0.65125
479511,1,-0.717982,0.0150742,0.993463,-2.24299,0.519039,2.46051,0.651248
479511,1,-0.717984,0.0150745,0.993468,-2.243,0.519039,2.4605,0.651249
479511,1,-0.717984,0.0150624,0.993464,-2.24299,0.51904,2.46051,0.65125
479511,1,-0.717982,0.0150611,0.993466,-2.24299,0.51904,2.4605,0.651247
479511,1,-0.71798,0.0150542,0.993462,-2.24299,0.519039,2.4605,0.651246
479511,1,-0.717982,0.015059,0.993463,-2.24299,0.519042,2.4605,0.651242
479511,1,-0.71798,0.0150566,0.993465,-2.24299,0.519044,2.46051,0.651246
479511,1,-0.717981,0.0150641,0.993462,-2.24299,0.519045,2.46051,0.651247
479511,1,-0.717982,0.0150665,0.993463,-2.24299,0.51904,2.4605,0.651248
479511,1,-0.71798,0.0150705,0.993465,-2.24299,0.51904,2.46051,0.651247
479511,1,-0.717976,0.0150706,0.993463,-2.24299,0.519043,2.46051,0.651249
479511,1,-0.717985,0.0150754,0.993463,-2.24299,0.519043,2.46051,0.651248
479511,1,-0.717985,0.0150752,0.993464,-2.24299,0.519042,2.46051,0.651244
479511,1,-0.717982,0.0150761,0.993457,-2.24299,0.519043,2.46051,0.651247
479511,1,-0.717982,0.0150761,0.993457,-2.24299,0.519043,2.4605,0.65125
479511,1,-0.717984,0.0150814,0.99346,-2.24299,0.51904,2.4605,0.651243
479511,1,-0.717984,0.0150727,0.993464,-2.24299,0.519042,2.4605,0.651239
479511,1,-0.717981,0.0150727,0.993462,-2.24299,0.519041,2.46051,0.651246
479511,1,-0.717982,0.0150673,0.993462,-2.24299,0.519037,2.46051,0.65125
479511,1,-0.717982,0.0150649,0.993463,-2.243,0.519039,2.46051,0.651244
479511,1,-0.717983,0.0150575,0.993463,-2.24299,0.51904,2.46051,0.651248
479511,1,-0.717984,0.0150597,0.993463,-2.243,0.51904,2.46051,0.651244
479511,1,-0.717984,0.0150587,0.993461,-2.24299,0.519043,2.46051,0.651247
479511,1,-0.717984,0.0150662,0.993461,-2.243,0.519042,2.46051,0.651238
479511,1,-0.717982,0.0150666,0.993462,-2.24299,0.519041,2.4605,0.651243
479511,1,-0.71798,0.0150678,0.993464,-2.24299,0.519039,2.46051,0.651249
479511,1,-0.717984,0.0150659,0.993462,-2.24299,0.519041,2.46051,0.65125
479511,1,-0.717982,0.0150726,0.993465,-2.24299,0.519043,2.46051,0.651245
479511,1,-0.717982,0.0150704,0.993463,-2.24299,0.519041,2.46051,0.651248
479511,1,-0.717982,0.015076,0.993458,-2.24299,0.51904,2.4605,0.651246
479511,1,-0.717984,0.015072,0.993461,-2.243,0.519044,2.4605,0.651249
479511,1,-0.717985,0.015075,0.99346,-2.243,0.519045,2.46051,0.651244
479511,1,-0.717982,0.0150719,0.993463,-2.24299,0.519043,2.46051,0.65125
479511,1,-0.717985,0.0150743,0.993457,-2.24299,0.519039,2.4605,0.651243
479511,1,-0.717984,0.015072,0.993459,-2.24299,0.519039,2.4605,0.651248
479511,1,-0.717984,0.0150704,0.993459,-2.243,0.519043,2.4605,0.651246
479511,1,-0.717982,0.0150679,0.993459,-2.24299,0.519044,2.46051,0.651241
479511,1,-0.717983,0.0150663,0.993464,-2.24299,0.51904,2.46051,0.651249
479511,1,-0.717982,0.0150605,0.99346,-2.24299,0.519044,2.4605,0.651248
479511,1,-0.717978,0.0150628,0.993465,-2.24299,0.519043,2.46051,0.651245
479511,1,-0.71798,0.0150622,0.993468,-2.243,0.519044,2.46051,0.651244
479511,1,-0.717984,0.0150628,0.993467,-2.24299,0.519043,2.46051,0.651244
479511,1,-0.71798,0.0150661,0.993462,-2.24299,0.519042,2.4605,0.651242
479511,1,-0.717984,0.0150641,0.993465,-2.24299,0.51904,2.46051,0.65125
479511,1,-0.71798,0.0150698,0.993461,-2.243,0.519041,2.4605,0.651238
479511,1,-0.71798,0.015072,0.993465,-2.243,0.519042,2.46051,0.651247
479511,1,-0.717985,0.015078,0.993465,-2.243,0.519041,2.4605,0.651246
479511,1,-0.717984,0.0150769,0.993459,-2.243,0.51904,2.4605,0.651242
479511,1,-0.717982,0.0150736,0.993464,-2.243,0.519045,2.46051,0.651246
479511,1,-0.717984,0.0150762,0.993463,-2.24299,0.519044,2.46051,0.65124
479511,1,-0.717982,0.0150712,0.993463,-2.24299,0.519043,2.4605,0.651244
479511,1,-0.717984,0.0150685,0.993459,-2.24299,0.519041,2.46051,0.651247
479511,1,-0.717982,0.0150666,0.993461,-2.24299,0.519043,2.46051,0.651247
479511,1,-0.717984,0.0150633,0.993461,-2.24299,0.519042,2.46051,0.651251
479511,1,-0.717982,0.015065,0.993461,-2.24299,0.519041,2.46051,0.651247
479511,1,-0.717982,0.0150604,0.993461,-2.24299,0.519044,2.46051,0.651244
479511,1,-0.717982,0.0150604,0.993466,-2.24299,0.519039,2.4605,0.651246
479511,1,-0.71798,0.0150687,0.993465,-2.24299,0.51904,2.4605,0.651239
479511,1,-0.71798,0.0150643,0.993464,-2.24299,0.519039,2.46051,0.651247
479511,1,-0.717982,0.0150661,0.993463,-2.24299,0.519041,2.46051,0.651244
479511,1,-0.717982,0.0150696,0.993465,-2.24299,0.519043,2.4605,0.651247
479511,1,-0.717982,0.0150682,0.993463,-2.24299,0.519042,2.46051,0.651245
479511,1,-0.717982,0.0150723,0.993463,-2.24299,0.519043,2.46051,0.651248
479511,1,-0.717984,0.0150753,0.993461,-2.24299,0.519041,2.46051,0.651247
479511,1,-0.71798,0.0150744,0.993464,-2.24299,0.51904,2.46051,0.651249
479511,1,-0.717985,0.015072,0.993464,-2.24299,0.519042,2.46051,0.651245
479511,1,-0.717982,0.0150734,0.993459,-2.24299,0.519041,2.46051,0.651245
479511,1,-0.71798,0.015072,0.993461,-2.243,0.519045,2.46051,0.651245
479511,1,-0.717986,0.0150687,0.993463,-2.24299,0.519043,2.46051,0.651245
479511,1,-0.717984,0.015063,0.993461,-2.243,0.519043,2.46051,0.65124
479511,1,-0.717982,0.0150689,0.993458,-2.24299,0.519042,2.4605,0.651247
479511,1,-0.717984,0.0150645,0.993463,-2.24299,0.519039,2.4605,0.651247
479511,1,-0.717983,0.0150653,0.993465,-2.24299,0.519039,2.46051,0.651244
479511,1,-0.717982,0.0150644,0.993466,-2.24299,0.519044,2.4605,0.651248
479511,1,-0.717984,0.0150676,0.993461,-2.24299,0.519038,2.46051,0.651251
479511,1,-0.717983,0.0150649,0.993463,-2.24299,0.519042,2.4605,0.65125
479511,1,-0.717982,0.0150666,0.993465,-2.24299,0.519042,2.46051,0.651242
479511,1,-0.717981,0.0150707,0.993462,-2.24299,0.519042,2.4605,0.651239
479511,1,-0.717984,0.015074,0.993463,-2.24299,0.519039,2.4605,0.651245
479511,1,-0.717976,0.0150697,0.993461,-2.24299,0.519041,2.4605,0.651246
479511,1,-0.717984,0.0150697,0.993462,-2.24299,0.519039,2.4605,0.651249
479511,1,-0.717984,0.0150744,0.993459,-2.24299,0.519039,2.46051,0.651249
479511,1,-0.717985,0.0150723,0.993459,-2.24299,0.519041,2.4605,0.651244
479511,1,-0.717984,0.0150751,0.993464,-2.24299,0.519038,2.4605,0.65125
479511,1,-0.717982,0.0150698,0.993459,-2.24299,0.519038,2.46051,0.651245
479511,1,-0.717981,0.0150743,0.993459,-2.243,0.519041,2.46051,0.65124
479511,1,-0.71798,0.0150727,0.993462,-2.24299,0.519043,2.46051,0.651247
479511,1,-0.717983,0.0150687,0.993464,-2.243,0.519042,2.46051,0.651242
479511,1,-0.71798,0.0150645,0.993462,-2.24299,0.519039,2.4605,0.651243
479511,1,-0.71798,0.0150606,0.99346,-2.243,0.519041,2.4605,0.651243
479511,1,-0.71798,0.0150628,0.993459,-2.24299,0.51904,2.4605,0.651244
479511,1,-0.71798,0.0150648,0.993461,-2.24299,0.519044,2.46051,0.651246
479511,1,-0.717984,0.0150726,0.993464,-2.24299,0.519044,2.4605,0.651246
479511,1,-0.717982,0.0150687,0.993465,-2.24299,0.51904,2.46051,0.651247
479511,1,-0.717984,0.0150668,0.993464,-2.243,0.519044,2.46051,0.65125
479511,1,-0.717983,0.0150682,0.993459,-2.24299,0.519039,2.46051,0.651248
479511,1,-0.717984,0.015072,0.993464,-2.24299,0.519044,2.46051,0.651242
479511,1,-0.717978,0.0150703,0.993459,-2.24299,0.519043,2.4605,0.651244
479511,1,-0.717987,0.0150722,0.993459,-2.24299,0.519041,2.46051,0.651243
479511,1,-0.717983,0.0150699,0.993461,-2.24299,0.519048,2.4605,0.651238
479511,1,-0.717984,0.0150707,0.993465,-2.24299,0.519044,2.46051,0.651247
479511,1,-0.71798,0.0150707,0.993462,-2.24299,0.519041,2.46051,0.651244
479511,1,-0.717987,0.0150685,0.993464,-2.24299,0.519039,2.46051,0.651249
479511,1,-0.717982,0.0150678,0.993461,-2.243,0.519039,2.46051,0.651241
479511,1,-0.717984,0.0150678,0.993461,-2.24299,0.51904,2.46051,0.651242
479511,1,-0.717982,0.0150679,0.993461,-2.24299,0.519038,2.46051,0.651244
479511,1,-0.717984,0.0150649,0.993463,-2.24299,0.519042,2.46051,0.651248
479511,1,-0.717984,0.0150625,0.993462,-2.24299,0.51904,2.46051,0.651244
479511,1,-0.717985,0.0150685,0.993465,-2.24299,0.519043,2.4605,0.651245
479511,1,-0.717983,0.0150706,0.993464,-2.24299,0.519044,2.46051,0.65125
479511,1,-0.717984,0.0150704,0.993461,-2.24299,0.519041,2.4605,0.651248
479511,1,-0.717978,0.0150705,0.993465,-2.243,0.519045,2.46051,0.651244
479511,1,-0.717982,0.0150716,0.993463,-2.24299,0.519044,2.4605,0.651241
479511,1,-0.717985,0.0150719,0.993461,-2.24299,0.519041,2.46051,0.651242
479512,1,-0.717979,0.0150707,0.993467,-2.24299,0.519043,2.46051,0.651242
479512,1,-0.717982,0.0150683,0.993461,-2.24299,0.519043,2.4605,0.651244
479512,1,-0.717982,0.01507,0.993464,-2.24299,0.519041,2.46051,0.651251
479512,1,-0.717984,0.0150715,0.993459,-2.24299,0.51904,2.46051,0.651244
479512,1,-0.717984,0.01507,0.993464,-2.24299,0.519041,2.46051,0.651244
479512,1,-0.717982,0.0150687,0.993462,-2.24299,0.519041,2.46051,0.651244
479512,1,-0.717982,0.0150651,0.993463,-2.24299,0.519042,2.46051,0.651244
479512,1,-0.717982,0.0150671,0.993462,-2.24299,0.519047,2.46051,0.65124
479512,1,-0.717982,0.0150667,0.993462,-2.24299,0.519038,2.4605,0.65125
479512,1,-0.717984,0.0150622,0.99346,-2.24299,0.519044,2.46051,0.651247
479512,1,-0.717984,0.0150703,0.99346,-2.24299,0.519043,2.46051,0.65124
479512,1,-0.717982,0.0150683,0.993463,-2.24299,0.519039,2.46051,0.651246
479512,1,-0.717978,0.0150706,0.993463,-2.24299,0.519039,2.46051,0.651243
479512,1,-0.717981,0.0150697,0.993458,-2.24299,0.519044,2.4605,0.651245
479512,1,-0.71798,0.0150689,0.993463,-2.24299,0.51904,2.4605,0.651249
479512,1,-0.717984,0.0150699,0.993462,-2.24299,0.519039,2.4605,0.651247
479512,1,-0.717986,0.0150687,0.993464,-2.243,0.51904,2.4605,0.651242
479512,1,-0.717982,0.0150733,0.993463,-2.24299,0.51904,2.4605,0.651242
479512,1,-0.717984,0.0150736,0.993463,-2.24299,0.519045,2.46051,0.651241
479512,1,-0.717984,0.0150717,0.99346,-2.24299,0.519039,2.4605,0.651243
479512,1,-0.717978,0.0150687,0.993461,-2.24299,0.519044,2.46051,0.651247
479512,1,-0.717982,0.0150624,0.993466,-2.24299,0.519043,2.46051,0.651245
479512,1,-0.717982,0.015072,0.993464,-2.243,0.519044,2.4605,0.651245
479512,1,-0.717985,0.015065,0.993459,-2.24299,0.519041,2.46051,0.651251
479512,1,-0.71798,0.0150697,0.993463,-2.24299,0.519042,2.46051,0.651245
479512,1,-0.717982,0.0150696,0.993462,-2.24299,0.519039,2.46051,0.651241
479512,1,-0.717984,0.0150666,0.993464,-2.24299,0.51904,2.46051,0.651248
479512,1,-0.71798,0.015063,0.993464,-2.24299,0.519042,2.46051,0.651247
479512,1,-0.717982,0.0150679,0.993464,-2.24299,0.519042,2.4605,0.651241
479512,1,-0.717982,0.015067,0.993464,-2.24299,0.519043,2.4605,0.651248
479512,1,-0.717982,0.0150703,0.993463,-2.24299,0.519039,2.46051,0.651246
479512,1,-0.717986,0.0150707,0.993461,-2.24299,0.519041,2.46051,0.651248
479512,1,-0.717984,0.0150719,0.993465,-2.24299,0.519043,2.4605,0.651237
479512,1,-0.717984,0.0150724,0.993462,-2.24299,0.519043,2.4605,0.651244
479512,1,-0.717982,0.0150737,0.993468,-2.24299,0.519041,2.46051,0.651243
479512,1,-0.717979,0.0150703,0.993461,-2.24299,0.519038,2.46051,0.651246
479512,1,-0.717982,0.0150678,0.993461,-2.243,0.519043,2.46051,0.651245
479512,1,-0.717984,0.0150681,0.993468,-2.243,0.51904,2.46051,0.651243
479512,1,-0.717982,0.0150668,0.993463,-2.24299,0.519042,2.46051,0.651241
479512,1,-0.717984,0.0150662,0.993461,-2.24299,0.519043,2.4605,0.65124
479512,1,-0.717984,0.0150704,0.993466,-2.24299,0.519045,2.4605,0.651247
479512,1,-0.717982,0.0150686,0.993465,-2.243,0.519042,2.46051,0.651242
479512,1,-0.71798,0.0150641,0.993461,-2.24299,0.51904,2.46051,0.651242
479512,1,-0.71798,0.0150666,0.993465,-2.24299,0.51904,2.4605,0.65124
479512,1,-0.717983,0.015068,0.993461,-2.24299,0.51904,2.4605,0.651242
479512,1,-0.717979,0.0150666,0.993461,-2.24299,0.519039,2.46051,0.651246
479512,1,-0.71798,0.0150696,0.99346,-2.24299,0.519042,2.4605,0.651242
479512,1,-0.717982,0.0150696,0.993464,-2.24299,0.51904,2.4605,0.651244
479512,1,-0.717987,0.0150679,0.993463,-2.24299,0.519039,2.4605,0.651247
479512,1,-0.717982,0.0150678,0.993465,-2.243,0.519041,2.46051,0.651246
479512,1,-0.717982,0.0150706,0.993459,-2.24299,0.51904,2.46051,0.651239
479512,1,-0.717982,0.0150713,0.993463,-2.24299,0.519043,2.46051,0.651237
479512,1,-0.717982,0.0150685,0.993463,-2.24299,0.519043,2.46051,0.651242
479512,1,-0.717981,0.0150685,0.993463,-2.24299,0.51904,2.4605,0.651245
479512,1,-0.717978,0.0150704,0.993461,-2.243,0.51904,2.46051,0.651238
479512,1,-0.717982,0.0150685,0.993462,-2.24299,0.51904,2.46051,0.651237
479512,1,-0.717982,0.0150689,0.993465,-2.24299,0.519044,2.4605,0.651247
479512,1,-0.717985,0.0150685,0.993462,-2.24299,0.519043,2.46051,0.651243
479512,1,-0.71798,0.0150672,0.993463,-2.24299,0.519043,2.46051,0.651244
479512,1,-0.717985,0.0150668,0.993462,-2.24299,0.519042,2.46051,0.651247
479512,1,-0.717986,0.0150667,0.993463,-2.24299,0.519045,2.4605,0.651241
479512,1,-0.717982,0.0150624,0.99346,-2.24299,0.519039,2.46051,0.65125
479512,1,-0.717982,0.0150668,0.993461,-2.24299,0.51904,2.46051,0.65124
479512,1,-0.717982,0.0150696,0.993459,-2.24299,0.519044,2.4605,0.651245
479512,1,-0.717982,0.0150689,0.993464,-2.24299,0.519039,2.4605,0.651242
479512,1,-0.717984,0.015072,0.993462,-2.24299,0.519042,2.4605,0.651248
479512,1,-0.717986,0.0150726,0.993465,-2.24299,0.519044,2.4605,0.65125
479512,1,-0.717978,0.0150702,0.993465,-2.243,0.519043,2.46051,0.651247
479512,1,-0.717984,0.0150704,0.993462,-2.24299,0.519042,2.46051,0.651247
479512,1,-0.717984,0.0150724,0.993461,-2.24299,0.519043,2.46051,0.651246
479512,1,-0.71798,0.0150687,0.993465,-2.24299,0.519045,2.4605,0.651244
479512,1,-0.71798,0.01507,0.993462,-2.24299,0.519041,2.4605,0.651248
479512,1,-0.717984,0.0150728,0.993464,-2.24299,0.51904,2.4605,0.65124
479512,1,-0.717982,0.0150668,0.993464,-2.24299,0.519039,2.46051,0.651246
479512,1,-0.717984,0.0150685,0.993469,-2.24299,0.519045,2.46051,0.651247
479512,1,-0.717982,0.0150642,0.993467,-2.24299,0.519045,2.4605,0.651237
479512,1,-0.717982,0.0150661,0.993459,-2.243,0.51904,2.4605,0.651242
479512,1,-0.717984,0.0150704,0.993462,-2.24299,0.519042,2.4605,0.651242
479512,1,-0.717982,0.0150685,0.993461,-2.24299,0.519041,2.46051,0.651246
479512,1,-0.717985,0.0150679,0.993461,-2.24299,0.519041,2.4605,0.651244
479512,1,-0.717982,0.0150685,0.993464,-2.24299,0.519043,2.46051,0.651248
479512,1,-0.717983,0.0150682,0.993464,-2.24299,0.51904,2.46051,0.651241
479512,1,-0.717984,0.0150706,0.993457,-2.243,0.519039,2.46051,0.651243
479512,1,-0.717982,0.015069,0.993464,-2.243,0.519041,2.46051,0.651236
479512,1,-0.717984,0.0150754,0.993463,-2.24299,0.519039,2.46051,0.65124
479512,1,-0.717983,0.015072,0.993461,-2.24299,0.51904,2.46051,0.651238
479512,1,-0.717985,0.0150689,0.993464,-2.24299,0.519041,2.46051,0.651243
479512,1,-0.71798,0.0150702,0.993464,-2.24299,0.519041,2.46051,0.651243
479512,1,-0.717984,0.0150699,0.993463,-2.243,0.519043,2.46051,0.651243
479512,1,-0.717984,0.0150665,0.993463,-2.24299,0.519043,2.4605,0.651245
479512,1,-0.717984,0.015068,0.993462,-2.243,0.51904,2.46051,0.651241
479512,1,-0.717982,0.0150724,0.993463,-2.243,0.519039,2.46051,0.651245
479512,1,-0.71798,0.0150697,0.993463,-2.24299,0.519042,2.46051,0.651239
479512,1,-0.717982,0.0150685,0.993464,-2.24299,0.519039,2.4605,0.651243
479512,1,-0.717982,0.0150703,0.993464,-2.24299,0.519041,2.46051,0.651244
479512,1,-0.717982,0.0150683,0.993463,-2.24299,0.519041,2.46051,0.651241
479512,1,-0.717984,0.0150704,0.993466,-2.24299,0.519044,2.46051,0.651245
479512,1,-0.717984,0.015072,0.993459,-2.243,0.519038,2.46051,0.651239
479512,1,-0.71798,0.0150724,0.993459,-2.24299,0.519041,2.4605,0.651237
479512,1,-0.717984,0.0150685,0.993465,-2.24299,0.519043,2.46051,0.651243
479512,1,-0.71798,0.015066,0.993463,-2.24299,0.519044,2.46051,0.651244
479512,1,-0.717984,0.0150681,0.993464,-2.243,0.519039,2.4605,0.651248
479512,1,-0.71798,0.0150723,0.993466,-2.24299,0.519041,2.4605,0.651247
479512,1,-0.717984,0.0150685,0.993461,-2.24299,0.51904,2.46051,0.651245
479512,1,-0.71798,0.0150699,0.99346,-2.24299,0.51904,2.46051,0.651245
479512,1,-0.71798,0.0150704,0.993465,-2.24299,0.519042,2.46051,0.651239
479512,1,-0.717982,0.0150723,0.993464,-2.24299,0.519041,2.46051,0.65124
479512,1,-0.717982,0.015068,0.993463,-2.24299,0.519038,2.46051,0.651243
479512,1,-0.717984,0.0150678,0.993462,-2.24299,0.519044,2.4605,0.651244
479512,1,-0.71798,0.0150686,0.993465,-2.24299,0.519043,2.46051,0.651245
479512,1,-0.71798,0.015069,0.993464,-2.24299,0.51904,2.46051,0.65125
479512,1,-0.717982,0.0150668,0.993461,-2.24299,0.519041,2.4605,0.651247
479512,1,-0.717984,0.0150666,0.99346,-2.24299,0.519043,2.46051,0.651245
479512,1,-0.717982,0.0150685,0.993461,-2.24299,0.51904,2.46051,0.651244
479512,1,-0.717982,0.0150705,0.993461,-2.24299,0.519043,2.4605,0.651245
479512,1,-0.717984,0.0150719,0.993464,-2.24299,0.519042,2.46051,0.651245
479512,1,-0.717982,0.0150726,0.993462,-2.24299,0.519038,2.46051,0.651241
479512,1,-0.717984,0.0150727,0.993464,-2.24299,0.519043,2.46051,0.651241
479512,1,-0.717981,0.0150697,0.993464,-2.243,0.519039,2.46051,0.651238
479512,1,-0.717982,0.015069,0.99346,-2.24299,0.519041,2.46051,0.65124
479512,1,-0.717984,0.0150696,0.993462,-2.24299,0.519041,2.46051,0.651243
479512,1,-0.717982,0.015069,0.993465,-2.24299,0.519039,2.46051,0.651245
479512,1,-0.71798,0.0150699,0.993459,-2.24299,0.519041,2.4605,0.651243
479512,1,-0.717982,0.0150699,0.99346,-2.24299,0.519038,2.4605,0.651244
479512,1,-0.717982,0.0150683,0.993461,-2.24299,0.519045,2.46051,0.651245
479512,1,-0.717982,0.0150651,0.993461,-2.24299,0.519044,2.4605,0.651247
479512,1,-0.717984,0.0150672,0.993465,-2.24299,0.519041,2.4605,0.651244
479512,1,-0.717984,0.015066,0.993462,-2.243,0.519038,2.46051,0.651243
479512,1,-0.717982,0.0150706,0.993459,-2.24299,0.519041,2.4605,0.651243
479512,1,-0.717982,0.0150668,0.993463,-2.24299,0.519043,2.4605,0.651245
479512,1,-0.717982,0.0150702,0.993462,-2.24299,0.519045,2.46051,0.651242
479512,1,-0.717982,0.0150685,0.993459,-2.24299,0.519045,2.4605,0.651244
479512,1,-0.71799,0.0150704,0.993459,-2.24299,0.519038,2.46051,0.651238
479512,1,-0.717984,0.0150676,0.993464,-2.24299,0.519038,2.4605,0.651239
479512,1,-0.717986,0.0150678,0.993463,-2.24299,0.51904,2.46051,0.651247
479512,1,-0.71798,0.0150727,0.993461,-2.24299,0.519043,2.4605,0.651247
479512,1,-0.717987,0.0150724,0.993466,-2.243,0.519044,2.46051,0.65124
479512,1,-0.71798,0.0150651,0.993458,-2.24299,0.519043,2.46051,0.651243
479512,1,-0.71798,0.0150689,0.993467,-2.24299,0.519038,2.46051,0.651243
479512,1,-0.717986,0.0150685,0.99346,-2.24299,0.519039,2.4605,0.651241
479512,1,-0.717984,0.0150692,0.99346,-2.24299,0.51904,2.4605,0.651239
479512,1,-0.717982,0.0150687,0.993463,-2.24299,0.519045,2.46051,0.651248
479512,1,-0.717983,0.0150675,0.993461,-2.24299,0.519044,2.46051,0.651244
479512,1,-0.717984,0.0150706,0.993461,-2.24299,0.519041,2.4605,0.651244
479512,1,-0.717981,0.0150734,0.993464,-2.24299,0.519044,2.46051,0.651246
479512,1,-0.717983,0.0150705,0.993462,-2.24299,0.519041,2.4605,0.651243
479512,1,-0.717982,0.0150668,0.993463,-2.24299,0.519041,2.46051,0.651245
479512,1,-0.717984,0.015072,0.993458,-2.24299,0.51904,2.46051,0.651243
479512,1,-0.717982,0.0150676,0.993459,-2.24299,0.519042,2.46051,0.651245
479512,1,-0.717981,0.0150704,0.993459,-2.24299,0.519042,2.4605,0.651243
479512,1,-0.717978,0.0150689,0.993459,-2.24299,0.519046,2.4605,0.651243
479512,1,-0.717984,0.0150704,0.993463,-2.24299,0.519046,2.46051,0.651245
479512,1,-0.717985,0.0150707,0.993461,-2.24299,0.519041,2.46051,0.651245
479512,1,-0.717984,0.0150658,0.993466,-2.24299,0.519035,2.4605,0.651245
479512,1,-0.71798,0.0150698,0.993459,-2.24299,0.519039,2.4605,0.651239
479512,1,-0.717982,0.0150717,0.993464,-2.24299,0.519043,2.46051,0.651245
479512,1,-0.717982,0.0150665,0.993461,-2.243,0.519041,2.46051,0.651242
479512,1,-0.71798,0.015069,0.993463,-2.24299,0.519044,2.46051,0.651238
479512,1,-0.71798,0.0150642,0.993463,-2.24299,0.519041,2.46051,0.651243
479512,1,-0.717982,0.0150682,0.993465,-2.24299,0.519042,2.46051,0.651241
479512,1,-0.717984,0.015066,0.993466,-2.24299,0.519047,2.4605,0.65124
479512,1,-0.717982,0.0150669,0.993463,-2.24299,0.519042,2.46051,0.651241
479512,1,-0.717983,0.0150683,0.993463,-2.24299,0.519044,2.46051,0.651243
479512,1,-0.717985,0.0150677,0.993465,-2.24299,0.519042,2.46051,0.651242
479512,1,-0.717983,0.0150714,0.993462,-2.24299,0.519042,2.4605,0.651242
479512,1,-0.717984,0.0150698,0.993462,-2.24299,0.519042,2.46051,0.651246
479512,1,-0.71798,0.0150704,0.993464,-2.24299,0.519043,2.4605,0.65124
479512,1,-0.717982,0.0150726,0.993459,-2.24299,0.519042,2.46051,0.651249
479512,1,-0.71798,0.0150697,0.993461,-2.24299,0.519042,2.46051,0.651246
479512,1,-0.717984,0.0150672,0.993459,-2.243,0.519044,2.4605,0.651244
479512,1,-0.717985,0.0150682,0.993461,-2.24299,0.519044,2.46051,0.651244
479512,1,-0.71798,0.0150686,0.993462,-2.24299,0.51904,2.46051,0.651237
479512,1,-0.717984,0.0150706,0.993462,-2.24299,0.519038,2.4605,0.651244
479512,1,-0.717988,0.01507,0.993462,-2.24299,0.519043,2.4605,0.65124
479512,1,-0.71798,0.015068,0.993459,-2.24299,0.519043,2.46051,0.651243
479512,1,-0.717982,0.0150697,0.993459,-2.24299,0.519039,2.46051,0.651246
479512,1,-0.717984,0.0150667,0.993461,-2.24299,0.519041,2.46051,0.651243
479512,1,-0.71798,0.0150685,0.993461,-2.24299,0.51904,2.46051,0.651243
479512,1,-0.717982,0.0150719,0.993462,-2.243,0.519041,2.4605,0.651246
479512,1,-0.717984,0.0150649,0.993465,-2.243,0.519043,2.4605,0.651245
479512,1,-0.717982,0.01507,0.993461,-2.24299,0.519042,2.46051,0.65124
479512,1,-0.717985,0.0150669,0.993461,-2.24299,0.519041,2.4605,0.651247
479512,1,-0.717986,0.0150703,0.99346,-2.24299,0.519041,2.46051,0.651245
479512,1,-0.717984,0.0150704,0.993461,-2.243,0.519039,2.4605,0.651243
479512,1,-0.717984,0.0150699,0.993459,-2.24299,0.519043,2.4605,0.651241
479512,1,-0.717983,0.0150718,0.993463,-2.24299,0.519041,2.46051,0.651243
479512,1,-0.717984,0.0150668,0.993461,-2.24299,0.519043,2.4605,0.651241
479512,1,-0.717984,0.0150707,0.993463,-2.24299,0.519044,2.46051,0.651244
479512,1,-0.717982,0.01507,0.993462,-2.243,0.519038,2.4605,0.651242
479512,1,-0.717987,0.0150665,0.99346,-2.24299,0.519039,2.4605,0.651247
479512,1,-0.71798,0.0150709,0.99346,-2.243,0.519043,2.46051,0.651245
479512,1,-0.717984,0.0150687,0.993461,-2.24299,0.519041,2.4605,0.651246
479512,1,-0.71798,0.015068,0.993463,-2.24299,0.519039,2.46051,0.651242
479512,1,-0.71798,0.0150723,0.993459,-2.24299,0.519038,2.46051,0.651245
479512,1,-0.717984,0.0150665,0.993464,-2.24299,0.519043,2.46051,0.651243
479512,1,-0.717982,0.0150661,0.993463,-2.24299,0.519041,2.4605,0.651247
479512,1,-0.717985,0.0150668,0.993464,-2.24299,0.519041,2.4605,0.651243
479512,1,-0.71798,0.0150698,0.993462,-2.24299,0.51904,2.46051,0.651242
479512,1,-0.717982,0.0150685,0.993462,-2.24299,0.519045,2.4605,0.651242
479512,1,-0.717984,0.0150724,0.993461,-2.24299,0.519037,2.46051,0.65124
479513,1,-0.717982,0.0150661,0.993462,-2.24299,0.519043,2.46051,0.651245
479513,1,-0.717982,0.0150662,0.993463,-2.24299,0.519043,2.46051,0.651244
479513,1,-0.71798,0.0150683,0.993461,-2.24299,0.519043,2.46051,0.65124
479513,1,-0.71798,0.0150706,0.993461,-2.24299,0.51904,2.4605,0.651241
479513,1,-0.717978,0.0150666,0.993463,-2.24299,0.519038,2.46051,0.651243
479513,1,-0.717984,0.0150683,0.993467,-2.243,0.519043,2.46051,0.651244
479513,1,-0.717982,0.0150719,0.993463,-2.24299,0.519043,2.46051,0.651243
479513,1,-0.717982,0.0150724,0.993463,-2.243,0.519044,2.46051,0.651248
479513,1,-0.717984,0.0150672,0.993461,-2.24299,0.51904,2.46051,0.651246
479513,1,-0.717981,0.0150703,0.993463,-2.24299,0.519039,2.46051,0.651244
479513,1,-0.717984,0.0150685,0.993463,-2.24299,0.519044,2.46051,0.651244
479513,1,-0.717984,0.0150689,0.993461,-2.24299,0.519044,2.46051,0.651246
479513,1,-0.717982,0.0150718,0.993459,-2.24299,0.519044,2.46051,0.65124
479513,1,-0.717982,0.0150662,0.993463,-2.243,0.51904,2.46051,0.651247
479513,1,-0.717984,0.0150685,0.993465,-2.24299,0.519038,2.46051,0.651245
479513,1,-0.717982,0.0150685,0.993459,-2.24299,0.519039,2.4605,0.651244
479513,1,-0.717984,0.0150682,0.993459,-2.24299,0.519041,2.46051,0.651237
479513,1,-0.717984,0.0150699,0.993463,-2.24299,0.519043,2.4605,0.651247
479513,1,-0.717982,0.0150631,0.993461,-2.24299,0.519045,2.46051,0.65124
479513,1,-0.71798,0.0150759,0.993461,-2.24299,0.51904,2.46051,0.651246
479513,1,-0.717984,0.0150732,0.993462,-2.24299,0.519043,2.4605,0.651241
479513,1,-0.717983,0.0150676,0.993464,-2.24299,0.519041,2.46051,0.651241
479513,1,-0.717978,0.0150661,0.993465,-2.24299,0.51904,2.46051,0.651241
479513,1,-0.71798,0.0150677,0.99346,-2.24299,0.51904,2.46051,0.651246
479513,1,-0.717982,0.0150696,0.993465,-2.24299,0.519039,2.4605,0.651243
479513,1,-0.71798,0.015065,0.99346,-2.24299,0.519041,2.4605,0.651244
479513,1,-0.717982,0.0150682,0.993462,-2.24299,0.519044,2.4605,0.651241
479513,1,-0.71798,0.0150761,0.993465,-2.24299,0.519041,2.46051,0.651245
479513,1,-0.717978,0.0150699,0.993462,-2.24299,0.519039,2.46051,0.651245
479513,1,-0.717982,0.0150683,0.993464,-2.24299,0.519042,2.4605,0.651243
479513,1,-0.717982,0.0150688,0.993465,-2.24299,0.519039,2.46051,0.651242
479513,1,-0.717984,0.0150695,0.993467,-2.24299,0.51904,2.4605,0.65124
479513,1,-0.717982,0.0150676,0.993467,-2.24299,0.51904,2.46051,0.651246
479513,1,-0.717984,0.0150702,0.993463,-2.24299,0.519046,2.46051,0.651239
479513,1,-0.717982,0.0150708,0.993462,-2.24299,0.519039,2.46051,0.65124
479513,1,-0.717984,0.0150668,0.993458,-2.24299,0.519041,2.46051,0.65124
479513,1,-0.717986,0.0150682,0.993459,-2.243,0.519039,2.46051,0.651241
479513,1,-0.717982,0.015069,0.993462,-2.24299,0.519042,2.46051,0.651241
479513,1,-0.71798,0.0150699,0.993462,-2.24299,0.519041,2.46051,0.651239
479513,1,-0.717982,0.0150685,0.993463,-2.24299,0.519042,2.46051,0.651245
479513,1,-0.717982,0.0150703,0.993463,-2.243,0.519037,2.46051,0.651245
479513,1,-0.71798,0.0150661,0.993461,-2.24299,0.519043,2.4605,0.651247
479513,1,-0.717982,0.0150706,0.993461,-2.24299,0.519041,2.46051,0.651239
479513,1,-0.717982,0.0150687,0.993468,-2.24299,0.519041,2.46051,0.651245
479513,1,-0.717982,0.0150696,0.993464,-2.24299,0.519042,2.4605,0.65124
479513,1,-0.717984,0.0150705,0.993464,-2.24299,0.519041,2.46051,0.651243
479513,1,-0.717985,0.0150668,0.993467,-2.24299,0.519041,2.46051,0.651241
479513,1,-0.717982,0.0150666,0.993461,-2.24299,0.519039,2.46051,0.65124
479513,1,-0.717982,0.0150687,0.993465,-2.24299,0.519042,2.46051,0.651246
479513,1,-0.717982,0.0150683,0.993458,-2.243,0.519039,2.46051,0.651239
479513,1,-0.717982,0.0150698,0.993465,-2.24299,0.519039,2.46051,0.65124
479513,1,-0.717982,0.0150725,0.993462,-2.24299,0.51904,2.46051,0.651242
479513,1,-0.717982,0.0150672,0.993465,-2.243,0.519042,2.4605,0.651244
479513,1,-0.717982,0.0150744,0.99346,-2.243,0.519043,2.4605,0.651241
479513,1,-0.717984,0.0150685,0.993459,-2.24299,0.519046,2.46051,0.651243
479513,1,-0.717982,0.0150685,0.993459,-2.24299,0.519039,2.46051,0.651244
479513,1,-0.717984,0.01507,0.993465,-2.24299,0.519039,2.46051,0.651239
479513,1,-0.717985,0.015069,0.993468,-2.24299,0.519044,2.46051,0.65124
479513,1,-0.717982,0.0150707,0.993465,-2.24299,0.51904,2.46051,0.651239
479513,1,-0.717983,0.0150699,0.993464,-2.24299,0.51904,2.46051,0.65124
479513,1,-0.717982,0.0150679,0.993464,-2.24299,0.519042,2.4605,0.651242
479513,1,-0.71798,0.0150668,0.993459,-2.24299,0.519041,2.4605,0.651243
479513,1,-0.717984,0.0150684,0.993461,-2.24299,0.519039,2.4605,0.651244
479513,1,-0.717982,0.0150649,0.993465,-2.24299,0.519037,2.46051,0.651246
479513,1,-0.717984,0.0150719,0.993463,-2.24299,0.51904,2.46051,0.651241
479513,1,-0.717982,0.0150683,0.993466,-2.24299,0.519041,2.46051,0.651244
479513,1,-0.71798,0.0150665,0.993463,-2.243,0.519039,2.4605,0.651242
479513,1,-0.717984,0.0150706,0.993465,-2.24299,0.519042,2.46051,0.651244
479513,1,-0.717984,0.0150726,0.993461,-2.24299,0.519044,2.46051,0.651239
479513,1,-0.717982,0.0150689,0.993458,-2.24299,0.519044,2.4605,0.651246
479513,1,-0.717982,0.0150668,0.993461,-2.24299,0.519043,2.4605,0.651245
479513,1,-0.71798,0.0150642,0.993459,-2.24299,0.51904,2.46051,0.651246
479513,1,-0.717982,0.0150665,0.993465,-2.24299,0.51904,2.4605,0.651238
479513,1,-0.717984,0.0150697,0.993459,-2.243,0.519045,2.4605,0.651234
479513,1,-0.717982,0.015069,0.993462,-2.24299,0.519043,2.46051,0.651243
479513,1,-0.717982,0.0150682,0.993467,-2.24299,0.519045,2.46051,0.651245
479513,1,-0.717984,0.0150675,0.993465,-2.24299,0.519039,2.4605,0.651245
479513,1,-0.717982,0.0150682,0.993465,-2.24299,0.519039,2.4605,0.651243
479513,1,-0.717983,0.0150687,0.993465,-2.24299,0.519041,2.46051,0.651243
479513,1,-0.717984,0.0150665,0.993463,-2.243,0.51904,2.4605,0.651243
479513,1,-0.717984,0.0150697,0.993463,-2.24299,0.519045,2.46051,0.651247
479513,1,-0.717982,0.0150696,0.993465,-2.24299,0.519041,2.46051,0.651245
479513,1,-0.717985,0.01507,0.993465,-2.24299,0.519037,2.46051,0.651246
479513,1,-0.717984,0.0150668,0.993459,-2.24299,0.519043,2.4605,0.651238
479513,1,-0.717982,0.0150666,0.993459,-2.24299,0.519042,2.46051,0.651244
479513,1,-0.717982,0.0150687,0.993468,-2.24299,0.519039,2.4605,0.651243
479513,1,-0.717985,0.0150683,0.993466,-2.24299,0.51904,2.4605,0.65124
479513,1,-0.717982,0.0150676,0.993459,-2.24299,0.51904,2.46051,0.651241
479513,1,-0.717983,0.0150723,0.993462,-2.24299,0.519047,2.46051,0.651239
479513,1,-0.717982,0.0150649,0.993466,-2.24299,0.51904,2.4605,0.651246
479513,1,-0.71798,0.0150697,0.993465,-2.24299,0.519039,2.46051,0.651239
479513,1,-0.717982,0.0150685,0.993467,-2.24299,0.519042,2.46051,0.651243
479513,1,-0.717982,0.0150698,0.993463,-2.24299,0.519039,2.46051,0.651241
479513,1,-0.717982,0.0150699,0.993459,-2.24299,0.519042,2.46051,0.651242
479513,1,-0.717982,0.0150666,0.993459,-2.24299,0.51904,2.4605,0.651241
479513,1,-0.717984,0.0150728,0.993461,-2.24299,0.519043,2.46051,0.651242
479513,1,-0.717982,0.0150706,0.993464,-2.24299,0.519041,2.46051,0.651241
479513,1,-0.717984,0.0150678,0.993462,-2.24299,0.51904,2.46051,0.651239
479513,1,-0.717982,0.0150727,0.993463,-2.24299,0.519044,2.4605,0.65124
479513,1,-0.717982,0.0150687,0.993459,-2.24299,0.519045,2.4605,0.651238
479513,1,-0.717984,0.0150696,0.993467,-2.24299,0.519039,2.46051,0.651234
479513,1,-0.717984,0.0150702,0.993459,-2.24299,0.519043,2.4605,0.651239
479513,1,-0.717982,0.0150682,0.99346,-2.243,0.51904,2.46051,0.651237
479513,1,-0.71798,0.0150683,0.993465,-2.24299,0.519044,2.4605,0.651241
479513,1,-0.717978,0.0150724,0.99346,-2.24299,0.519042,2.4605,0.65124
479513,1,-0.717984,0.015072,0.993464,-2.243,0.519045,2.4605,0.651242
479513,1,-0.717984,0.0150698,0.993464,-2.24299,0.519045,2.46051,0.651241
479513,1,-0.717984,0.0150697,0.993461,-2.24299,0.51904,2.4605,0.651241
479513,1,-0.717982,0.0150666,0.99346,-2.243,0.519037,2.4605,0.651239
479513,1,-0.717984,0.0150665,0.993465,-2.24299,0.519043,2.4605,0.651242
479513,1,-0.717982,0.015068,0.993465,-2.24299,0.519043,2.46051,0.651246
479513,1,-0.717985,0.0150707,0.993462,-2.24299,0.519045,2.4605,0.651244
479513,1,-0.717982,0.0150643,0.993463,-2.24299,0.519041,2.4605,0.651242
479513,1,-0.717984,0.0150677,0.993465,-2.243,0.519044,2.46051,0.651241
479513,1,-0.717984,0.0150699,0.993465,-2.243,0.519041,2.4605,0.651242
479513,1,-0.717984,0.0150697,0.993461,-2.24299,0.519042,2.46051,0.651236
479513,1,-0.71798,0.0150744,0.993463,-2.24299,0.51904,2.46051,0.651241
479513,1,-0.717986,0.0150724,0.993464,-2.24299,0.519039,2.46051,0.651235
479513,1,-0.717984,0.0150696,0.993465,-2.24299,0.519043,2.46051,0.651238
479513,1,-0.71798,0.0150705,0.993461,-2.24299,0.519045,2.46051,0.651233
479513,1,-0.717983,0.0150719,0.993461,-2.24299,0.519041,2.4605,0.651242
479513,1,-0.717985,0.0150727,0.993465,-2.24299,0.519043,2.46051,0.651236
479513,1,-0.717987,0.0150685,0.993461,-2.24299,0.519041,2.46051,0.651245
479513,1,-0.717984,0.015069,0.993465,-2.24299,0.519043,2.46051,0.651239
479513,1,-0.717982,0.0150724,0.993462,-2.243,0.519044,2.4605,0.651247
479513,1,-0.717984,0.0150704,0.993463,-2.24299,0.51904,2.4605,0.651243
479513,1,-0.717984,0.015068,0.993459,-2.243,0.51904,2.4605,0.651243
479513,1,-0.717982,0.0150727,0.99346,-2.24299,0.519038,2.46051,0.651239
479513,1,-0.717984,0.0150722,0.993465,-2.24299,0.519039,2.46051,0.651239
479513,1,-0.717982,0.0150687,0.993459,-2.243,0.519044,2.4605,0.651241
479513,1,-0.717985,0.0150673,0.993462,-2.24299,0.519039,2.46051,0.65124
479513,1,-0.71798,0.0150689,0.99346,-2.24299,0.51904,2.46051,0.651242
479513,1,-0.71798,0.0150715,0.993461,-2.24299,0.519044,2.46051,0.651243
479513,1,-0.717982,0.0150683,0.993461,-2.24299,0.519044,2.46051,0.651246
479513,1,-0.717982,0.0150667,0.993462,-2.24299,0.51904,2.46051,0.651238
479513,1,-0.71798,0.0150685,0.993461,-2.24299,0.51904,2.46051,0.651245
479513,1,-0.717982,0.0150682,0.993461,-2.243,0.519046,2.46051,0.651241
479513,1,-0.717978,0.0150717,0.993459,-2.243,0.51904,2.46051,0.651246
479513,1,-0.71798,0.0150659,0.993461,-2.24299,0.51904,2.4605,0.651245
479513,1,-0.717982,0.0150705,0.993464,-2.243,0.51904,2.4605,0.651245
479513,1,-0.71798,0.0150668,0.993463,-2.243,0.519041,2.46051,0.65125
479513,1,-0.717984,0.0150706,0.993462,-2.243,0.519039,2.46051,0.651243
479513,1,-0.71798,0.0150703,0.993462,-2.24299,0.51904,2.46051,0.651241
479513,1,-0.717982,0.0150672,0.993463,-2.24299,0.519045,2.46051,0.651239
479513,1,-0.717982,0.0150685,0.993465,-2.24299,0.519043,2.46051,0.651239
479513,1,-0.71798,0.0150726,0.993464,-2.24299,0.519039,2.46051,0.651241
479513,1,-0.71798,0.0150644,0.993463,-2.24299,0.519041,2.4605,0.651237
479513,1,-0.717984,0.0150682,0.993464,-2.24299,0.519039,2.46051,0.651241
479513,1,-0.717984,0.0150743,0.993464,-2.24299,0.519039,2.46051,0.651238
479513,1,-0.717979,0.015069,0.99346,-2.243,0.519041,2.4605,0.651243
479513,1,-0.717985,0.0150702,0.993459,-2.24299,0.519043,2.46051,0.651246
479513,1,-0.717984,0.015072,0.993465,-2.24299,0.519044,2.4605,0.651239
479513,1,-0.717982,0.0150697,0.993459,-2.24299,0.519041,2.46051,0.651245
479513,1,-0.717982,0.0150722,0.993462,-2.24299,0.519039,2.46051,0.651239
479513,1,-0.717981,0.0150707,0.993466,-2.24299,0.51904,2.4605,0.651244
479513,1,-0.717982,0.0150703,0.993461,-2.24299,0.519043,2.4605,0.651236
479513,1,-0.717984,0.0150716,0.993464,-2.24299,0.519043,2.46051,0.651239
479513,1,-0.717982,0.0150741,0.993463,-2.24299,0.519044,2.46051,0.651242
479513,1,-0.717984,0.0150687,0.99346,-2.243,0.519043,2.4605,0.651243
479513,1,-0.717983,0.0150689,0.993461,-2.24299,0.519043,2.4605,0.651241
479513,1,-0.717984,0.0150705,0.993464,-2.24299,0.51904,2.4605,0.651242
479513,1,-0.717978,0.0150683,0.993467,-2.24299,0.51904,2.46051,0.651245
479513,1,-0.717982,0.0150699,0.993466,-2.24299,0.519043,2.4605,0.651239
479513,1,-0.717987,0.0150685,0.993464,-2.24299,0.519039,2.46051,0.651243
479513,1,-0.717984,0.0150651,0.993463,-2.24299,0.51904,2.46051,0.651244
479513,1,-0.717982,0.0150651,0.993465,-2.24299,0.51904,2.46051,0.651241
479513,1,-0.717984,0.0150652,0.993463,-2.243,0.519041,2.46051,0.651241
479513,1,-0.717982,0.0150641,0.993463,-2.24299,0.519039,2.46051,0.651243
479513,1,-0.717982,0.0150663,0.993459,-2.24299,0.519041,2.4605,0.651245
479513,1,-0.717981,0.0150704,0.993463,-2.24299,0.519044,2.4605,0.651246
479513,1,-0.71798,0.0150743,0.993464,-2.243,0.519044,2.4605,0.651246
479513,1,-0.717985,0.0150675,0.993464,-2.243,0.519041,2.46051,0.651243
479513,1,-0.717982,0.0150751,0.993463,-2.24299,0.519039,2.46051,0.651241
479513,1,-0.71798,0.015074,0.993463,-2.24299,0.519039,2.46051,0.651242
479513,1,-0.71798,0.0150687,0.993468,-2.243,0.519043,2.4605,0.651244
479513,1,-0.717984,0.0150678,0.993469,-2.24299,0.519041,2.46051,0.651243
479513,1,-0.71798,0.0150672,0.993463,-2.24299,0.519045,2.46051,0.651242
479513,1,-0.71798,0.0150687,0.993464,-2.24299,0.519041,2.4605,0.651243
479513,1,-0.717984,0.0150668,0.993458,-2.24299,0.519042,2.46051,0.651239
479513,1,-0.717982,0.0150704,0.99346,-2.24299,0.519043,2.46051,0.651238
479513,1,-0.717985,0.0150726,0.993464,-2.24299,0.51904,2.46051,0.651236
479513,1,-0.717985,0.015068,0.993461,-2.24299,0.519039,2.46051,0.651245
479513,1,-0.717984,0.0150727,0.993458,-2.243,0.519039,2.46051,0.651241
479513,1,-0.717982,0.0150736,0.993457,-2.24299,0.519044,2.46051,0.651239
479513,1,-0.717984,0.0150734,0.993459,-2.24299,0.519041,2.4605,0.651245
479513,1,-0.717982,0.0150666,0.993462,-2.24299,0.519039,2.4605,0.65124
479513,1,-0.717982,0.0150706,0.993463,-2.24299,0.519039,2.46051,0.651238
479513,1,-0.71798,0.01507,0.993463,-2.24299,0.519039,2.46051,0.651239
479513,1,-0.717982,0.0150704,0.993465,-2.243,0.519044,2.4605,0.651233
479513,1,-0.717982,0.0150698,0.993465,-2.24299,0.519038,2.46051,0.651234
479513,1,-0.717982,0.0150697,0.993459,-2.24299,0.519042,2.46051,0.65124
479513,1,-0.717984,0.0150689,0.993459,-2.24299,0.519043,2.46051,0.651238
479513,1,-0.717984,0.0150668,0.993464,-2.24299,0.519039,2.46051,0.651241
479513,1,-0.717982,0.0150704,0.993463,-2.24299,0.519039,2.4605,0.651234
479513,1,-0.717981,0.0150687,0.993462,-2.24299,0.519045,2.4605,0.651237
479513,1,-0.71798,0.0150678,0.993465,-2.24299,0.519043,2.4605,0.651235
479513,1,-0.717982,0.0150687,0.993465,-2.24299,0.51904,2.46051,0.651243
479513,1,-0.717982,0.0150662,0.993466,-2.24299,0.519041,2.46051,0.651235
479513,1,-0.717982,0.0150696,0.993464,-2.24299,0.519041,2.4605,0.651241
479513,1,-0.717984,0.0150678,0.993462,-2.24299,0.519039,2.4605,0.651242
479514,1,-0.717982,0.0150705,0.993459,-2.24299,0.519043,2.46051,0.651242
479514,1,-0.717982,0.0150658,0.993462,-2.24299,0.519044,2.46051,0.651243
479514,1,-0.717982,0.0150665,0.993461,-2.243,0.519041,2.46051,0.651237
479514,1,-0.71798,0.0150727,0.993463,-2.24299,0.519039,2.4605,0.651242
479514,1,-0.717984,0.0150706,0.993461,-2.24299,0.519043,2.4605,0.651244
479514,1,-0.71798,0.015079,0.993462,-2.24299,0.51904,2.46051,0.651241
479514,1,-0.717982,0.0150703,0.993463,-2.243,0.519045,2.46051,0.651243
479514,1,-0.717982,0.0150677,0.993462,-2.24299,0.519039,2.46051,0.651244
479514,1,-0.717982,0.0150699,0.993465,-2.24299,0.519041,2.46051,0.651239
479514,1,-0.717982,0.0150707,0.993464,-2.24299,0.51904,2.4605,0.651244
479514,1,-0.71798,0.0150704,0.993464,-2.24299,0.51904,2.46051,0.65124
479514,1,-0.717978,0.0150686,0.993461,-2.24299,0.519044,2.46051,0.651246
479514,1,-0.717984,0.0150696,0.993464,-2.24299,0.519043,2.4605,0.651243
479514,1,-0.717984,0.0150624,0.993465,-2.24299,0.519044,2.46051,0.651244
479514,1,-0.717978,0.0150672,0.993461,-2.24299,0.51904,2.4605,0.651243
479514,1,-0.717984,0.0150666,0.993464,-2.243,0.51904,2.4605,0.651242
479514,1,-0.717982,0.0150665,0.993467,-2.24299,0.519043,2.46051,0.651237
479514,1,-0.717982,0.0150662,0.993463,-2.24299,0.519039,2.4605,0.65124
479514,1,-0.71798,0.0150697,0.993461,-2.24299,0.519039,2.4605,0.651241
479514,1,-0.717978,0.015074,0.993461,-2.24299,0.519042,2.46051,0.65124
479514,1,-0.717983,0.0150684,0.993459,-2.24299,0.519043,2.46051,0.65124
479514,1,-0.717982,0.0150706,0.993465,-2.24299,0.519041,2.4605,0.651237
479514,1,-0.717984,0.0150685,0.993462,-2.24299,0.519039,2.46051,0.651238
479514,1,-0.717985,0.0150704,0.993461,-2.24299,0.519043,2.46051,0.651239
479514,1,-0.717982,0.0150685,0.993461,-2.24299,0.519042,2.46051,0.651239
479514,1,-0.717984,0.0150689,0.993461,-2.24299,0.519044,2.46051,0.651239
479514,1,-0.717984,0.015069,0.993465,-2.24299,0.519041,2.46051,0.651236
479514,1,-0.717985,0.0150675,0.993463,-2.24299,0.519043,2.46051,0.651233
479514,1,-0.717982,0.0150754,0.993465,-2.24299,0.519044,2.46051,0.651238
479514,1,-0.717984,0.0150666,0.993464,-2.24299,0.519043,2.4605,0.651241
479514,1,-0.71798,0.0150677,0.99346,-2.24299,0.519041,2.4605,0.651239
479514,1,-0.71798,0.0150717,0.993458,-2.24299,0.519038,2.46051,0.651244
479514,1,-0.717986,0.0150668,0.993466,-2.24299,0.519039,2.4605,0.651241
479514,1,-0.717982,0.0150667,0.993463,-2.24299,0.519038,2.46051,0.651237
479514,1,-0.71798,0.0150668,0.993463,-2.243,0.519044,2.46051,0.65124
479514,1,-0.717984,0.0150668,0.993461,-2.24299,0.519042,2.4605,0.651243
479514,1,-0.717985,0.0150704,0.993463,-2.24299,0.519039,2.4605,0.651243
479514,1,-0.717984,0.0150724,0.99346,-2.24299,0.51904,2.4605,0.65124
479514,1,-0.717985,0.0150672,0.993462,-2.24299,0.519038,2.46051,0.651238
479514,1,-0.717984,0.015072,0.993462,-2.24299,0.519041,2.46051,0.65124
479514,1,-0.717979,0.0150681,0.993465,-2.24299,0.519044,2.46051,0.651238
479514,1,-0.717978,0.0150689,0.993466,-2.24299,0.519038,2.46051,0.651243
479514,1,-0.717982,0.0150727,0.993462,-2.24299,0.519042,2.4605,0.651244
479514,1,-0.717983,0.0150672,0.993463,-2.24299,0.519043,2.4605,0.651244
479514,1,-0.717984,0.0150666,0.993463,-2.24299,0.519041,2.4605,0.651238
479514,1,-0.717982,0.0150704,0.993464,-2.24299,0.519041,2.4605,0.651242
479514,1,-0.717982,0.0150683,0.993462,-2.243,0.519045,2.4605,0.651241
479514,1,-0.717982,0.015066,0.993463,-2.24299,0.519043,2.46051,0.651245
479514,1,-0.71798,0.0150643,0.993461,-2.24299,0.519042,2.46051,0.651246
479514,1,-0.717983,0.0150706,0.99346,-2.24299,0.51904,2.4605,0.651232
479514,1,-0.717982,0.0150682,0.993463,-2.24299,0.51904,2.4605,0.651238
479514,1,-0.71798,0.0150683,0.993458,-2.24299,0.51904,2.46051,0.65124
479514,1,-0.717981,0.0150737,0.993463,-2.24299,0.51904,2.46051,0.651243
479514,1,-0.717982,0.0150719,0.993458,-2.24299,0.519042,2.4605,0.651237
479514,1,-0.717978,0.0150743,0.993461,-2.243,0.51904,2.4605,0.651242
479514,1,-0.717982,0.0150758,0.993462,-2.24299,0.519042,2.4605,0.651241
479514,1,-0.717984,0.0150704,0.993457,-2.24299,0.519043,2.46051,0.651238
479514,1,-0.717978,0.0150707,0.993466,-2.24299,0.519043,2.46051,0.651235
479514,1,-0.717982,0.0150678,0.993461,-2.24299,0.51904,2.46051,0.651235
479514,1,-0.717984,0.0150644,0.993462,-2.24299,0.519039,2.46051,0.651241
479514,1,-0.717982,0.0150717,0.993463,-2.24299,0.51904,2.4605,0.651236
479514,1,-0.717982,0.0150668,0.993463,-2.243,0.519043,2.46051,0.651235
479514,1,-0.717981,0.0150686,0.993458,-2.24299,0.519039,2.46051,0.651236
479514,1,-0.71798,0.0150673,0.993461,-2.24299,0.519039,2.4605,0.651238
479514,1,-0.717984,0.015067,0.993463,-2.24299,0.519039,2.46051,0.651241
479514,1,-0.717982,0.0150684,0.993463,-2.24299,0.51904,2.46051,0.651241
479514,1,-0.717984,0.0150642,0.993464,-2.24299,0.519041,2.46051,0.651241
479514,1,-0.717985,0.0150688,0.993463,-2.24299,0.519039,2.4605,0.651239
479514,1,-0.71798,0.0150658,0.993461,-2.24299,0.519043,2.4605,0.651245
479514,1,-0.717984,0.0150658,0.993464,-2.24299,0.519043,2.4605,0.651236
479514,1,-0.717985,0.0150649,0.993462,-2.24299,0.519041,2.46051,0.651246
479514,1,-0.717978,0.0150703,0.993458,-2.24299,0.519039,2.46051,0.651234
479514,1,-0.717982,0.0150712,0.993461,-2.24299,0.519044,2.4605,0.651239
479514,1,-0.717984,0.0150717,0.993464,-2.24299,0.51904,2.4605,0.651243
479514,1,-0.717982,0.0150703,0.993466,-2.243,0.519041,2.4605,0.651232
479514,1,-0.717982,0.0150732,0.993467,-2.24299,0.519038,2.4605,0.651245
479514,1,-0.717982,0.0150726,0.993457,-2.24299,0.519044,2.46051,0.651236
479514,1,-0.717982,0.0150666,0.993459,-2.24299,0.519039,2.46051,0.651241
479514,1,-0.717981,0.0150668,0.993466,-2.24299,0.519039,2.46051,0.651244
479514,1,-0.717984,0.0150704,0.993461,-2.24299,0.51904,2.46051,0.651244
479514,1,-0.71798,0.0150689,0.993464,-2.24299,0.51904,2.46051,0.651242
479514,1,-0.717982,0.0150676,0.993465,-2.24299,0.519044,2.46051,0.65124
479514,1,-0.717982,0.0150682,0.99346,-2.24299,0.519039,2.46051,0.651241
479514,1,-0.71798,0.0150658,0.993462,-2.24299,0.51904,2.4605,0.65124
479514,1,-0.717984,0.0150722,0.993461,-2.24299,0.519039,2.4605,0.651234
479514,1,-0.717981,0.0150689,0.993459,-2.24299,0.519043,2.46051,0.65124
479514,1,-0.717982,0.0150668,0.993461,-2.24299,0.519041,2.46051,0.651239
479514,1,-0.717982,0.0150683,0.993463,-2.24299,0.51904,2.46051,0.651241
479514,1,-0.717984,0.0150685,0.993463,-2.24299,0.51904,2.46051,0.651239
479514,1,-0.717982,0.0150668,0.993466,-2.24299,0.519039,2.46051,0.651242
479514,1,-0.717984,0.0150672,0.993462,-2.24299,0.519041,2.46051,0.651236
479514,1,-0.71798,0.0150687,0.993464,-2.24299,0.519039,2.46051,0.651236
479514,1,-0.717982,0.0150726,0.993461,-2.24299,0.519039,2.4605,0.651237
479514,1,-0.717981,0.015072,0.993461,-2.243,0.519042,2.46051,0.651235
479514,1,-0.717985,0.0150744,0.993465,-2.243,0.519043,2.46051,0.65124
479514,1,-0.71798,0.0150705,0.993462,-2.24299,0.519043,2.46051,0.65124
479514,1,-0.71798,0.0150707,0.993462,-2.24299,0.519039,2.46051,0.651239
479514,1,-0.71798,0.0150724,0.993462,-2.24299,0.519043,2.46051,0.651238
479514,1,-0.717984,0.0150684,0.993463,-2.24299,0.519041,2.46051,0.651242
479514,1,-0.717982,0.0150703,0.993459,-2.24299,0.519044,2.46051,0.651242
479514,1,-0.717984,0.0150675,0.993462,-2.24299,0.519045,2.46051,0.651239
479514,1,-0.717983,0.015067,0.993462,-2.24299,0.519041,2.4605,0.651243
479514,1,-0.71798,0.015068,0.99346,-2.24299,0.519041,2.4605,0.651236
479514,1,-0.717983,0.0150689,0.993465,-2.24299,0.519043,2.4605,0.651244
479514,1,-0.717984,0.0150697,0.993462,-2.243,0.519041,2.46051,0.651246
479514,1,-0.717983,0.0150682,0.993461,-2.24299,0.519044,2.46051,0.65124
479514,1,-0.71798,0.0150737,0.993459,-2.24299,0.519043,2.46051,0.651233
479514,1,-0.717985,0.0150668,0.993459,-2.24299,0.519042,2.46051,0.65124
479514,1,-0.717982,0.0150726,0.993463,-2.243,0.519042,2.46051,0.651233
479514,1,-0.717984,0.0150678,0.993462,-2.24299,0.51904,2.4605,0.651238
479514,1,-0.71798,0.015069,0.993464,-2.24299,0.519043,2.46051,0.651236
479514,1,-0.717984,0.0150685,0.993463,-2.24299,0.51904,2.46051,0.651236
479514,1,-0.717984,0.0150699,0.993461,-2.24299,0.519041,2.46051,0.651239
479514,1,-0.71798,0.0150686,0.993459,-2.243,0.519044,2.46051,0.651234
479514,1,-0.71798,0.0150704,0.993465,-2.24299,0.51904,2.46051,0.651237
479514,1,-0.717982,0.0150689,0.993461,-2.243,0.519038,2.46051,0.651235
479514,1,-0.717984,0.0150685,0.993465,-2.243,0.51904,2.4605,0.651237
479514,1,-0.717982,0.0150676,0.993463,-2.24299,0.519041,2.46051,0.651237
479514,1,-0.717984,0.0150648,0.99346,-2.24299,0.519041,2.4605,0.651241
479514,1,-0.717982,0.0150678,0.993461,-2.243,0.519041,2.46051,0.651241
479514,1,-0.717984,0.0150724,0.993463,-2.24299,0.51904,2.4605,0.651245
479514,1,-0.717982,0.0150706,0.993461,-2.24299,0.51904,2.46051,0.651244
479514,1,-0.71798,0.0150726,0.993459,-2.243,0.519038,2.4605,0.651244
479514,1,-0.71798,0.0150687,0.99346,-2.24299,0.51904,2.46051,0.651239
479514,1,-0.717985,0.0150679,0.993462,-2.24299,0.519041,2.46051,0.651239
479514,1,-0.717983,0.0150726,0.993461,-2.24299,0.519039,2.4605,0.651239
479514,1,-0.717984,0.015074,0.993462,-2.24299,0.519038,2.4605,0.651243
479514,1,-0.717986,0.0150737,0.99346,-2.24299,0.51904,2.4605,0.651236
479514,1,-0.717984,0.0150689,0.993463,-2.243,0.519041,2.46051,0.65124
479514,1,-0.717984,0.0150687,0.993462,-2.24299,0.519039,2.4605,0.65124
479514,1,-0.717983,0.0150707,0.993462,-2.24299,0.519039,2.46051,0.651236
479514,1,-0.717986,0.0150687,0.993461,-2.24299,0.519043,2.4605,0.651241
479514,1,-0.717984,0.0150682,0.993464,-2.24299,0.519041,2.46051,0.651237
479514,1,-0.717982,0.0150668,0.993467,-2.24299,0.519043,2.46051,0.651242
479514,1,-0.717978,0.0150677,0.993464,-2.24299,0.519041,2.46051,0.651244
479514,1,-0.717982,0.0150652,0.993463,-2.24299,0.519041,2.46051,0.651238
479514,1,-0.717984,0.0150672,0.993464,-2.24299,0.51904,2.46051,0.65124
479514,1,-0.717982,0.0150641,0.993463,-2.24299,0.519039,2.4605,0.651239
479514,1,-0.71798,0.0150696,0.993462,-2.24299,0.51904,2.4605,0.651237
479514,1,-0.717986,0.015072,0.993465,-2.24299,0.519039,2.4605,0.651236
479514,1,-0.71798,0.0150679,0.993464,-2.24299,0.519039,2.46051,0.651237
479514,1,-0.717982,0.015068,0.993463,-2.24299,0.519043,2.46051,0.651241
479514,1,-0.717982,0.0150689,0.993465,-2.24299,0.519039,2.46051,0.651238
479514,1,-0.717985,0.0150666,0.99346,-2.24299,0.519041,2.46051,0.651237
479514,1,-0.717984,0.0150689,0.993463,-2.24299,0.519041,2.46051,0.65124
479514,1,-0.71798,0.0150698,0.993461,-2.24299,0.519045,2.4605,0.651235
479514,1,-0.717985,0.0150706,0.993466,-2.24299,0.519039,2.4605,0.651241
479514,1,-0.717984,0.0150707,0.993464,-2.24299,0.519039,2.46051,0.651235
479514,1,-0.717978,0.0150726,0.993462,-2.24299,0.519041,2.4605,0.651239
479514,1,-0.717986,0.0150698,0.993461,-2.24299,0.519042,2.46051,0.651237
479514,1,-0.717984,0.0150667,0.993462,-2.243,0.519044,2.46051,0.651241
479514,1,-0.717984,0.0150689,0.993462,-2.243,0.519039,2.46051,0.651235
479514,1,-0.717984,0.0150704,0.993461,-2.243,0.519042,2.4605,0.65124
479514,1,-0.71798,0.0150673,0.993462,-2.24299,0.519043,2.46051,0.65124
479514,1,-0.717983,0.015069,0.993463,-2.243,0.519044,2.4605,0.651238
479514,1,-0.71798,0.0150666,0.993461,-2.243,0.519041,2.4605,0.651236
479514,1,-0.717984,0.0150651,0.993461,-2.24299,0.519043,2.4605,0.65124
479514,1,-0.717981,0.0150705,0.993462,-2.24299,0.519039,2.46051,0.651239
479514,1,-0.717985,0.0150678,0.993463,-2.24299,0.519039,2.4605,0.651236
479514,1,-0.717985,0.015068,0.993464,-2.24299,0.51904,2.4605,0.651242
479514,1,-0.717985,0.0150696,0.993462,-2.24299,0.519041,2.46051,0.65124
479514,1,-0.71798,0.0150717,0.993465,-2.24299,0.51904,2.4605,0.651239
479514,1,-0.717982,0.0150727,0.993466,-2.243,0.51904,2.4605,0.651243
479514,1,-0.717982,0.015068,0.993463,-2.24299,0.519042,2.46051,0.651239
479514,1,-0.71798,0.0150706,0.993459,-2.24299,0.519041,2.46051,0.651234
479514,1,-0.71798,0.0150707,0.993463,-2.24299,0.51904,2.46051,0.651242
479514,1,-0.717985,0.0150737,0.993461,-2.24299,0.519041,2.46051,0.651235
479514,1,-0.71798,0.0150707,0.993462,-2.24299,0.519043,2.4605,0.651238
479514,1,-0.717982,0.0150744,0.993459,-2.243,0.519042,2.46051,0.651236
479514,1,-0.717982,0.015072,0.993462,-2.24299,0.519042,2.4605,0.65124
479514,1,-0.71798,0.0150704,0.993458,-2.243,0.519041,2.4605,0.651238
479514,1,-0.717984,0.0150706,0.993461,-2.24299,0.519043,2.4605,0.651237
479514,1,-0.717982,0.0150697,0.993462,-2.243,0.51904,2.4605,0.651241
479514,1,-0.717984,0.015065,0.993463,-2.243,0.51904,2.46051,0.651241
479514,1,-0.717986,0.0150686,0.993463,-2.24299,0.519044,2.4605,0.65124
479514,1,-0.71798,0.0150689,0.993461,-2.24299,0.519041,2.4605,0.651237
479514,1,-0.717984,0.01507,0.993464,-2.24299,0.519043,2.46051,0.651239
479514,1,-0.717985,0.015068,0.993461,-2.24299,0.519044,2.4605,0.651244
479514,1,-0.71798,0.0150682,0.993462,-2.24299,0.519036,2.4605,0.651238
479514,1,-0.717982,0.0150726,0.993465,-2.243,0.51904,2.46051,0.651235
479514,1,-0.717982,0.0150658,0.993462,-2.24299,0.519041,2.4605,0.651236
479514,1,-0.717984,0.0150665,0.993462,-2.24299,0.519039,2.46051,0.651235
479514,1,-0.71798,0.0150663,0.993463,-2.24299,0.519045,2.46051,0.651242
479514,1,-0.717984,0.0150687,0.993461,-2.24299,0.519042,2.4605,0.651235
479514,1,-0.717984,0.0150682,0.993465,-2.24299,0.519044,2.46051,0.651231
479514,1,-0.717982,0.0150675,0.993461,-2.24299,0.519039,2.46051,0.651235
479514,1,-0.717982,0.0150661,0.993465,-2.243,0.519037,2.46051,0.651241
479514,1,-0.71798,0.0150687,0.993464,-2.243,0.519044,2.46051,0.651237
479514,1,-0.717983,0.01507,0.993463,-2.24299,0.51904,2.4605,0.651236
479514,1,-0.71798,0.0150698,0.993466,-2.24299,0.519038,2.46051,0.651235
479514,1,-0.717982,0.0150706,0.993463,-2.24299,0.519043,2.46051,0.651241
479514,1,-0.717984,0.0150719,0.99346,-2.24299,0.519039,2.4605,0.651239
479514,1,-0.717982,0.0150727,0.993465,-2.24299,0.519041,2.46051,0.651241
479514,1,-0.717984,0.0150676,0.993461,-2.24299,0.519041,2.46051,0.651232
479514,1,-0.717983,0.0150726,0.993462,-2.243,0.519039,2.46051,0.651242
479514,1,-0.717984,0.0150707,0.993462,-2.24299,0.519039,2.4605,0.65124
479514,1,-0.717984,0.0150699,0.993464,-2.24299,0.519039,2.4605,0.651242
479514,1,-0.717978,0.0150665,0.993463,-2.24299,0.519039,2.4605,0.651239
479514,1,-0.717984,0.0150661,0.993461,-2.243,0.51904,2.46051,0.651241
479514,1,-0.717984,0.0150688,0.99346,-2.243,0.519039,2.46051,0.651239
479515,1,-0.71798,0.0150716,0.993465,-2.24299,0.519038,2.4605,0.651243
479515,1,-0.71798,0.015069,0.993458,-2.24299,0.519041,2.4605,0.651236
479515,1,-0.71798,0.0150659,0.993463,-2.243,0.519041,2.46051,0.651239
479515,1,-0.717982,0.0150707,0.993463,-2.24299,0.519042,2.46051,0.65124
479515,1,-0.717982,0.0150702,0.993465,-2.24299,0.519038,2.4605,0.651241
479515,1,-0.717982,0.0150686,0.993461,-2.24299,0.51904,2.4605,0.65124
479515,1,-0.71798,0.0150667,0.993467,-2.24299,0.519039,2.46051,0.651239
479515,1,-0.717981,0.0150689,0.993463,-2.24299,0.519043,2.46051,0.651233
479515,1,-0.717984,0.0150667,0.993464,-2.24299,0.519037,2.46051,0.651242
479515,1,-0.717982,0.0150681,0.993463,-2.24299,0.51904,2.4605,0.651234
479515,1,-0.71798,0.0150649,0.993461,-2.24299,0.519041,2.4605,0.65124
479515,1,-0.717982,0.0150661,0.993459,-2.24299,0.519039,2.46051,0.651237
479515,1,-0.717978,0.0150705,0.993463,-2.24299,0.519045,2.4605,0.651243
479515,1,-0.717982,0.0150719,0.993457,-2.24299,0.519045,2.4605,0.651233
479515,1,-0.71798,0.0150706,0.993464,-2.24299,0.519043,2.46051,0.651239
479515,1,-0.717984,0.0150678,0.993464,-2.24299,0.51904,2.46051,0.651236
479515,1,-0.717982,0.0150697,0.993466,-2.243,0.519042,2.46051,0.651234
479515,1,-0.717982,0.015066,0.993459,-2.24299,0.519043,2.46051,0.651239
479515,1,-0.717984,0.015072,0.993462,-2.24299,0.519042,2.46051,0.651239
479515,1,-0.717982,0.0150679,0.993465,-2.24299,0.51904,2.4605,0.651239
479515,1,-0.717985,0.0150706,0.99346,-2.24299,0.519041,2.46051,0.651241
479515,1,-0.71798,0.0150723,0.993463,-2.24299,0.519041,2.4605,0.651238
479515,1,-0.717982,0.0150682,0.993461,-2.24299,0.519044,2.46051,0.651238
479515,1,-0.717982,0.0150706,0.993466,-2.24299,0.519041,2.46051,0.651237
479515,1,-0.717982,0.0150704,0.993459,-2.24299,0.519045,2.46051,0.651239
479515,1,-0.717978,0.0150704,0.993463,-2.24299,0.519043,2.4605,0.651241
479515,1,-0.717982,0.0150685,0.993466,-2.24299,0.519044,2.4605,0.651236
479515,1,-0.717985,0.0150701,0.993467,-2.24299,0.51904,2.46051,0.651241
479515,1,-0.717982,0.0150727,0.993459,-2.24299,0.51904,2.46051,0.651236
479515,1,-0.71798,0.0150725,0.993464,-2.24299,0.519039,2.46051,0.651241
479515,1,-0.717981,0.0150703,0.993461,-2.24299,0.519042,2.4605,0.651235
479515,1,-0.717984,0.0150696,0.993465,-2.24299,0.519041,2.46051,0.651238
479515,1,-0.717982,0.015069,0.993463,-2.24299,0.519039,2.46051,0.651239
479515,1,-0.717981,0.0150707,0.993459,-2.24299,0.519043,2.46051,0.65124
479515,1,-0.717984,0.0150689,0.993463,-2.24299,0.519041,2.4605,0.651241
479515,1,-0.717984,0.0150724,0.993463,-2.24299,0.519039,2.46051,0.651239
479515,1,-0.717984,0.0150664,0.993461,-2.24299,0.519043,2.46051,0.651239
479515,1,-0.717978,0.0150668,0.993465,-2.24299,0.51904,2.46051,0.651235
479515,1,-0.717983,0.015072,0.993463,-2.24299,0.519041,2.46051,0.651241
479515,1,-0.717982,0.0150706,0.993466,-2.24299,0.519043,2.46051,0.651236
479515,1,-0.717984,0.0150704,0.993459,-2.24299,0.519041,2.4605,0.651239
479515,1,-0.717982,0.015072,0.993465,-2.24299,0.51904,2.4605,0.65124
479515,1,-0.71798,0.0150704,0.993468,-2.24299,0.519044,2.46051,0.65124
479515,1,-0.717982,0.0150705,0.993459,-2.24299,0.519044,2.46051,0.651241
479515,1,-0.717984,0.0150719,0.993461,-2.243,0.519042,2.46051,0.651232
479515,1,-0.71798,0.0150689,0.993459,-2.24299,0.519042,2.4605,0.651232
479515,1,-0.717984,0.0150687,0.993461,-2.243,0.519041,2.46051,0.651242
479515,1,-0.717983,0.0150707,0.993464,-2.24299,0.519038,2.4605,0.651238
479515,1,-0.717982,0.0150678,0.993464,-2.24299,0.519042,2.4605,0.651236
479515,1,-0.717985,0.0150706,0.993463,-2.24299,0.519047,2.46051,0.651233
479515,1,-0.717984,0.0150701,0.99346,-2.24299,0.51904,2.46051,0.651237
479515,1,-0.717982,0.0150641,0.99346,-2.24299,0.519042,2.4605,0.651237
479515,1,-0.717982,0.0150651,0.993463,-2.24299,0.51904,2.46051,0.651235
479515,1,-0.717982,0.0150683,0.993464,-2.243,0.519041,2.4605,0.65124
479515,1,-0.717984,0.0150727,0.993464,-2.24299,0.519045,2.46051,0.651237
479515,1,-0.717986,0.0150682,0.993466,-2.243,0.519038,2.46051,0.651231
479515,1,-0.717984,0.0150689,0.993461,-2.24299,0.519042,2.4605,0.651233
479515,1,-0.717985,0.0150623,0.993461,-2.24299,0.519039,2.4605,0.651234
479515,1,-0.717981,0.0150676,0.993463,-2.24299,0.519041,2.4605,0.651234
479515,1,-0.71798,0.0150666,0.993462,-2.243,0.51904,2.4605,0.651238
479515,1,-0.717979,0.0150703,0.993462,-2.24299,0.519041,2.46051,0.651236
479515,1,-0.717982,0.0150685,0.993463,-2.24299,0.519043,2.46051,0.651237
479515,1,-0.717983,0.0150709,0.993462,-2.24299,0.519041,2.4605,0.651236
479515,1,-0.717982,0.0150727,0.993462,-2.24299,0.519043,2.46051,0.651235
479515,1,-0.717982,0.0150697,0.993466,-2.243,0.519042,2.46051,0.651238
479515,1,-0.717978,0.0150685,0.993461,-2.24299,0.519042,2.46051,0.651237
479515,1,-0.717982,0.0150739,0.993461,-2.24299,0.519041,2.4605,0.651234
479515,1,-0.717985,0.0150664,0.993463,-2.24299,0.519041,2.46051,0.651234
479515,1,-0.717982,0.015068,0.993463,-2.24299,0.519045,2.4605,0.651236
479515,1,-0.717985,0.0150683,0.993459,-2.24299,0.519042,2.4605,0.651232
479515,1,-0.71798,0.0150704,0.993463,-2.24299,0.519043,2.4605,0.65124
479515,1,-0.71798,0.0150683,0.993461,-2.243,0.519039,2.4605,0.651236
479515,1,-0.717982,0.015066,0.993464,-2.24299,0.519039,2.46051,0.651237
479515,1,-0.717984,0.0150669,0.993463,-2.243,0.519041,2.4605,0.65124
479515,1,-0.71798,0.0150685,0.993464,-2.243,0.519045,2.4605,0.651238
479515,1,-0.717984,0.0150707,0.993457,-2.24299,0.519041,2.4605,0.651239
479515,1,-0.717983,0.0150726,0.993463,-2.243,0.51904,2.4605,0.651235
479515,1,-0.717984,0.0150737,0.993464,-2.24299,0.519037,2.46051,0.651234
479515,1,-0.71798,0.0150729,0.993463,-2.24299,0.519045,2.46051,0.651235
479515,1,-0.717978,0.015071,0.993457,-2.24299,0.519043,2.46051,0.651235
479515,1,-0.717982,0.0150741,0.993463,-2.243,0.519041,2.46051,0.651235
479515,1,-0.717986,0.0150705,0.993464,-2.24299,0.51904,2.46051,0.651241
479515,1,-0.717982,0.0150672,0.993468,-2.24299,0.519044,2.46051,0.651231
479515,1,-0.717985,0.0150648,0.993459,-2.24299,0.519041,2.46051,0.651236
479515,1,-0.717982,0.0150662,0.993461,-2.24299,0.519043,2.4605,0.651235
479515,1,-0.717987,0.0150659,0.993464,-2.24299,0.519042,2.4605,0.651237
479515,1,-0.717984,0.0150685,0.993463,-2.24299,0.519043,2.46051,0.651237
479515,1,-0.717985,0.0150703,0.993461,-2.24299,0.51904,2.4605,0.65124
479515,1,-0.717982,0.0150719,0.993463,-2.24299,0.519044,2.4605,0.651236
479515,1,-0.717982,0.0150737,0.993462,-2.24299,0.51904,2.4605,0.651241
479515,1,-0.717978,0.0150706,0.993461,-2.24299,0.519044,2.46051,0.651232
479515,1,-0.717987,0.0150726,0.993464,-2.24299,0.519039,2.46051,0.651238
479515,1,-0.717982,0.0150689,0.993466,-2.243,0.519044,2.46051,0.651232
479515,1,-0.717984,0.015069,0.993461,-2.24299,0.519043,2.4605,0.651236
479515,1,-0.717983,0.0150667,0.993465,-2.24299,0.51904,2.46051,0.651236
479515,1,-0.717982,0.0150678,0.993458,-2.24299,0.519041,2.46051,0.651237
479515,1,-0.717982,0.0150665,0.99346,-2.24299,0.519042,2.46051,0.651242
479515,1,-0.717984,0.0150683,0.993464,-2.243,0.519042,2.4605,0.651236
479515,1,-0.717982,0.0150645,0.993465,-2.243,0.519039,2.4605,0.651238
479515,1,-0.717987,0.0150676,0.993462,-2.24299,0.519038,2.4605,0.651242
479515,1,-0.717982,0.0150665,0.993459,-2.243,0.519038,2.46051,0.651244
479515,1,-0.71798,0.0150661,0.993464,-2.24299,0.519042,2.4605,0.651237
479515,1,-0.717982,0.0150706,0.993461,-2.24299,0.519041,2.46051,0.651239
479515,1,-0.717982,0.0150698,0.993464,-2.24299,0.519039,2.4605,0.651241
479515,1,-0.717984,0.0150682,0.993464,-2.24299,0.51904,2.46051,0.651239
479515,1,-0.717984,0.0150699,0.993466,-2.24299,0.51904,2.4605,0.651237
479515,1,-0.717981,0.0150697,0.993464,-2.24299,0.519044,2.4605,0.651234
479515,1,-0.71798,0.015072,0.993459,-2.24299,0.519044,2.4605,0.651239
479515,1,-0.71798,0.0150706,0.993463,-2.243,0.519042,2.46051,0.651234
479515,1,-0.717981,0.0150705,0.99346,-2.243,0.519041,2.46051,0.651243
479515,1,-0.717982,0.0150689,0.993464,-2.243,0.51904,2.46051,0.651231
479515,1,-0.717984,0.0150724,0.993465,-2.24299,0.51904,2.46051,0.651238
479515,1,-0.717982,0.0150682,0.993457,-2.24299,0.519041,2.4605,0.651239
479515,1,-0.717983,0.015069,0.99346,-2.24299,0.519043,2.4605,0.65124
479515,1,-0.717984,0.0150706,0.993461,-2.24299,0.51904,2.4605,0.651236
479515,1,-0.717985,0.0150707,0.993465,-2.24299,0.519041,2.46051,0.651236
479515,1,-0.717982,0.015066,0.993463,-2.24299,0.519043,2.46051,0.651238
479515,1,-0.717982,0.0150699,0.993465,-2.24299,0.519039,2.46051,0.651239
479515,1,-0.717982,0.015065,0.993464,-2.24299,0.51904,2.4605,0.651239
479515,1,-0.717985,0.0150649,0.993464,-2.24299,0.519041,2.46051,0.651238
479515,1,-0.717981,0.0150648,0.993462,-2.24299,0.519046,2.4605,0.651237
479515,1,-0.717982,0.0150668,0.99346,-2.24299,0.519041,2.46051,0.651235
479515,1,-0.717982,0.0150704,0.993461,-2.24299,0.51904,2.46051,0.651234
479515,1,-0.717979,0.0150705,0.993463,-2.24299,0.519041,2.4605,0.651235
479515,1,-0.717982,0.015074,0.993463,-2.24299,0.519044,2.46051,0.651242
479515,1,-0.717984,0.0150707,0.993462,-2.24299,0.519043,2.4605,0.651235
479515,1,-0.717986,0.0150705,0.993462,-2.24299,0.51904,2.4605,0.651239
479515,1,-0.717985,0.0150678,0.993462,-2.24299,0.519039,2.4605,0.651235
479515,1,-0.717983,0.0150685,0.993464,-2.24299,0.519044,2.46051,0.651234
479515,1,-0.717981,0.0150643,0.993463,-2.24299,0.51904,2.4605,0.651238
479515,1,-0.717984,0.0150649,0.993468,-2.243,0.519041,2.46051,0.65124
479515,1,-0.71798,0.0150679,0.993464,-2.243,0.519042,2.4605,0.651233
479515,1,-0.717978,0.0150668,0.993461,-2.24299,0.519044,2.46051,0.651242
479515,1,-0.717985,0.0150658,0.993457,-2.24299,0.519039,2.4605,0.651243
479515,1,-0.717983,0.0150665,0.993459,-2.24299,0.519042,2.4605,0.651237
479515,1,-0.717982,0.0150706,0.993463,-2.24299,0.519043,2.46051,0.651238
479515,1,-0.717978,0.0150668,0.993462,-2.24299,0.519044,2.46051,0.651235
479515,1,-0.717982,0.0150685,0.993462,-2.24299,0.519038,2.46051,0.651235
479515,1,-0.71798,0.0150682,0.993461,-2.24299,0.51904,2.46051,0.651239
479515,1,-0.71798,0.0150685,0.993461,-2.24299,0.519042,2.4605,0.651239
479515,1,-0.717982,0.0150685,0.993461,-2.24299,0.519043,2.46051,0.651241
479515,1,-0.717984,0.0150697,0.993463,-2.24299,0.519041,2.46051,0.65124
479515,1,-0.717983,0.015072,0.993463,-2.243,0.519045,2.46051,0.651234
479515,1,-0.717985,0.0150706,0.993463,-2.243,0.51904,2.46051,0.651233
479515,1,-0.717984,0.0150702,0.993461,-2.24299,0.519039,2.4605,0.651234
479515,1,-0.71798,0.0150723,0.993461,-2.24299,0.519041,2.46051,0.651239
479515,1,-0.717984,0.0150727,0.993463,-2.24299,0.519041,2.46051,0.651234
479515,1,-0.717982,0.0150668,0.993463,-2.24299,0.519041,2.46051,0.651239
479515,1,-0.717982,0.0150682,0.993463,-2.24299,0.51904,2.46051,0.651235
479515,1,-0.717981,0.015067,0.993461,-2.24299,0.519044,2.46051,0.651242
479515,1,-0.717984,0.0150707,0.993465,-2.24299,0.51904,2.4605,0.651231
479515,1,-0.717978,0.0150652,0.993461,-2.24299,0.51904,2.46051,0.651239
479515,1,-0.717984,0.0150707,0.993463,-2.24299,0.519043,2.46051,0.651234
479515,1,-0.717979,0.0150684,0.993458,-2.24299,0.519038,2.46051,0.651232
479515,1,-0.717982,0.0150696,0.99346,-2.24299,0.519039,2.46051,0.651232
479515,1,-0.717985,0.0150676,0.993464,-2.24299,0.519039,2.46051,0.651236
479515,1,-0.717984,0.0150721,0.993459,-2.243,0.519042,2.46051,0.651234
479515,1,-0.717984,0.0150668,0.993462,-2.24299,0.51904,2.46051,0.651234
479515,1,-0.717984,0.0150698,0.993463,-2.243,0.51904,2.46051,0.651233
479515,1,-0.717984,0.0150705,0.993464,-2.243,0.519043,2.46051,0.651231
479515,1,-0.717982,0.015072,0.993464,-2.24299,0.519039,2.46051,0.651232
479515,1,-0.717982,0.0150727,0.993464,-2.24299,0.519042,2.46051,0.651229
479515,1,-0.717985,0.0150703,0.993458,-2.24299,0.519041,2.4605,0.651238
479515,1,-0.717982,0.0150689,0.993463,-2.24299,0.519042,2.46051,0.651236
479515,1,-0.717984,0.015068,0.993459,-2.24299,0.519039,2.4605,0.651236
479515,1,-0.717978,0.0150706,0.993462,-2.24299,0.51904,2.46051,0.651236
479515,1,-0.717982,0.0150678,0.993463,-2.243,0.519042,2.4605,0.65124
479515,1,-0.717982,0.0150672,0.99346,-2.243,0.519042,2.46051,0.651237
479515,1,-0.717984,0.0150685,0.993465,-2.24299,0.519042,2.46051,0.651234
479515,1,-0.717984,0.0150681,0.99346,-2.24299,0.51904,2.4605,0.651244
479515,1,-0.717982,0.0150683,0.993462,-2.24299,0.519043,2.46051,0.651231
479515,1,-0.717982,0.0150666,0.993465,-2.24299,0.519041,2.46051,0.651238
479515,1,-0.717985,0.0150741,0.993464,-2.24299,0.519043,2.46051,0.65124
479515,1,-0.717985,0.0150685,0.993462,-2.24299,0.51904,2.46051,0.651241
479515,1,-0.717982,0.0150683,0.993461,-2.24299,0.519039,2.4605,0.651243
479515,1,-0.71798,0.0150703,0.993459,-2.24299,0.519043,2.4605,0.651239
479515,1,-0.71798,0.0150667,0.993463,-2.243,0.51904,2.46051,0.651239
479515,1,-0.717984,0.0150704,0.993461,-2.24299,0.519038,2.4605,0.651234
479515,1,-0.717981,0.0150704,0.993461,-2.24299,0.519043,2.46051,0.651237
479515,1,-0.71798,0.0150667,0.993462,-2.24299,0.519038,2.46051,0.651239
479515,1,-0.71798,0.0150704,0.993465,-2.24299,0.519043,2.46051,0.651239
479515,1,-0.717982,0.0150669,0.993462,-2.24299,0.519041,2.46051,0.651237
479515,1,-0.717982,0.015069,0.993461,-2.24299,0.519042,2.46051,0.651241
479515,1,-0.717982,0.0150703,0.993466,-2.24299,0.519044,2.4605,0.651242
479515,1,-0.717986,0.0150707,0.993461,-2.243,0.519043,2.4605,0.651232
479515,1,-0.717984,0.0150668,0.993464,-2.243,0.519039,2.46051,0.651239
479515,1,-0.71798,0.0150668,0.993459,-2.24299,0.519041,2.46051,0.651235
479515,1,-0.717982,0.0150641,0.993463,-2.24299,0.519043,2.46051,0.651241
479515,1,-0.717982,0.0150704,0.993463,-2.24299,0.519041,2.4605,0.651234
479515,1,-0.717982,0.0150707,0.993466,-2.24299,0.519042,2.4605,0.651237
479515,1,-0.71798,0.0150667,0.993461,-2.24299,0.519041,2.46051,0.651235
479515,1,-0.717982,0.0150672,0.993464,-2.243,0.519039,2.4605,0.651238
479515,1,-0.71798,0.0150668,0.993463,-2.243,0.519044,2.4605,0.651239
479515,1,-0.717982,0.015066,0.993465,-2.24299,0.519039,2.46051,0.651234
479515,1,-0.717986,0.0150666,0.993464,-2.24299,0.519039,2.46051,0.651236
479515,1,-0.717982,0.0150648,0.993465,-2.24299,0.51904,2.4605,0.651233
479515,1,-0.717982,0.0150704,0.993463,-2.243,0.519044,2.46051,0.65124
479515,1,-0.717982,0.0150703,0.993464,-2.243,0.519041,2.46051,0.651231
479515,1,-0.71798,0.0150706,0.993459,-2.243,0.51904,2.46051,0.651236
479515,1,-0.71798,0.0150665,0.993462,-2.24299,0.519037,2.46051,0.651239
479516,1,-0.717976,0.0150642,0.993461,-2.24299,0.519038,2.46051,0.651232
479516,1,-0.717982,0.0150659,0.993463,-2.24299,0.519039,2.4605,0.651238
479516,1,-0.717985,0.015068,0.993465,-2.243,0.519042,2.46051,0.651232
479516,1,-0.717976,0.0150668,0.993457,-2.243,0.51904,2.46051,0.651239
479516,1,-0.717984,0.0150696,0.993461,-2.24299,0.519043,2.46051,0.651237
479516,1,-0.717985,0.0150706,0.993463,-2.24299,0.519039,2.4605,0.651241
479516,1,-0.717982,0.0150689,0.993462,-2.24299,0.51904,2.46051,0.651236
479516,1,-0.717984,0.0150706,0.993461,-2.24299,0.519044,2.46051,0.65124
479516,1,-0.717984,0.0150667,0.993463,-2.24299,0.519045,2.46051,0.651238
479516,1,-0.717983,0.0150706,0.993461,-2.24299,0.519042,2.46051,0.651241
479516,1,-0.717984,0.0150707,0.993463,-2.24299,0.519039,2.46051,0.651232
479516,1,-0.717982,0.0150697,0.993461,-2.243,0.519043,2.46051,0.65123
479516,1,-0.717982,0.0150724,0.99346,-2.24299,0.519041,2.46051,0.651233
479516,1,-0.717984,0.0150678,0.993465,-2.24299,0.519041,2.46051,0.651229
479516,1,-0.717984,0.0150689,0.993464,-2.24299,0.519039,2.4605,0.651238
479516,1,-0.71798,0.0150692,0.993462,-2.24299,0.519042,2.4605,0.651237
479516,1,-0.717984,0.0150651,0.993465,-2.243,0.519042,2.4605,0.651236
479516,1,-0.717984,0.0150717,0.993457,-2.24299,0.519043,2.4605,0.651235
479516,1,-0.71798,0.0150696,0.993462,-2.24299,0.51904,2.4605,0.651238
479516,1,-0.717984,0.015069,0.993463,-2.24299,0.519041,2.4605,0.651239
479516,1,-0.717985,0.0150683,0.993466,-2.24299,0.519039,2.46051,0.65124
479516,1,-0.71798,0.0150698,0.993463,-2.24299,0.519039,2.4605,0.651239
479516,1,-0.717988,0.0150699,0.993466,-2.24299,0.51904,2.4605,0.651235
479516,1,-0.717982,0.0150696,0.993463,-2.24299,0.51904,2.4605,0.651235
479516,1,-0.717982,0.0150668,0.993464,-2.24299,0.519044,2.4605,0.651239
479516,1,-0.717982,0.015072,0.993462,-2.24299,0.519039,2.46051,0.651237
479516,1,-0.717985,0.015066,0.993457,-2.24299,0.519041,2.4605,0.651238
479516,1,-0.717982,0.0150672,0.993463,-2.24299,0.519041,2.46051,0.651234
479516,1,-0.717982,0.015068,0.993461,-2.24299,0.519041,2.46051,0.651239
479516,1,-0.717982,0.0150703,0.993466,-2.243,0.519043,2.46051,0.651233
479516,1,-0.71798,0.0150744,0.993464,-2.24299,0.519038,2.46051,0.651239
479516,1,-0.717982,0.0150668,0.993463,-2.243,0.519042,2.4605,0.651235
479516,1,-0.717984,0.0150685,0.993463,-2.24299,0.51904,2.46051,0.651237
479516,1,-0.717982,0.0150698,0.993459,-2.24299,0.519045,2.46051,0.651234
479516,1,-0.717982,0.0150689,0.993461,-2.24299,0.519044,2.46051,0.651236
479516,1,-0.717984,0.01507,0.993467,-2.24299,0.519039,2.46051,0.651239
479516,1,-0.717984,0.0150659,0.993465,-2.24299,0.519041,2.46051,0.651241
479516,1,-0.717984,0.0150697,0.993461,-2.24299,0.519043,2.46051,0.651236
479516,1,-0.717984,0.0150676,0.993464,-2.24299,0.519041,2.4605,0.651238
479516,1,-0.717982,0.0150659,0.993464,-2.24299,0.519039,2.4605,0.651236
479516,1,-0.717985,0.0150679,0.993462,-2.243,0.519038,2.46051,0.651239
479516,1,-0.717984,0.0150646,0.993464,-2.24299,0.519042,2.46051,0.651233
479516,1,-0.717986,0.0150706,0.993463,-2.24299,0.519039,2.46051,0.651236
479516,1,-0.717982,0.0150689,0.993465,-2.24299,0.519041,2.46051,0.651241
479516,1,-0.717982,0.0150666,0.993464,-2.24299,0.519042,2.46051,0.651237
479516,1,-0.717982,0.0150683,0.993463,-2.24299,0.519039,2.46051,0.651233
479516,1,-0.717982,0.01507,0.993464,-2.243,0.519044,2.4605,0.651237
479516,1,-0.717981,0.0150689,0.993465,-2.24299,0.519044,2.46051,0.651239
479516,1,-0.717984,0.0150687,0.993461,-2.24299,0.519044,2.46051,0.651241
479516,1,-0.717982,0.0150641,0.993464,-2.24299,0.519039,2.4605,0.651236
479516,1,-0.717984,0.0150744,0.993465,-2.24299,0.519039,2.4605,0.65124
479516,1,-0.717982,0.0150672,0.993461,-2.24299,0.519037,2.46051,0.651241
479516,1,-0.717984,0.0150687,0.993459,-2.24299,0.519038,2.46051,0.651236
479516,1,-0.717984,0.0150683,0.993462,-2.24299,0.519041,2.46051,0.651236
479516,1,-0.717978,0.01507,0.993464,-2.243,0.519042,2.46051,0.651237
479516,1,-0.717984,0.0150679,0.993459,-2.243,0.519038,2.46051,0.651235
479516,1,-0.717984,0.015072,0.993462,-2.243,0.519039,2.46051,0.651237
479516,1,-0.717982,0.0150706,0.99346,-2.243,0.519039,2.46051,0.651238
479516,1,-0.717982,0.0150724,0.993461,-2.24299,0.519044,2.46051,0.651235
479516,1,-0.71798,0.0150689,0.993463,-2.243,0.51904,2.46051,0.651237
479516,1,-0.71798,0.0150668,0.993465,-2.24299,0.519041,2.46051,0.651238
479516,1,-0.717984,0.0150672,0.993463,-2.24299,0.519037,2.46051,0.651236
479516,1,-0.717982,0.0150705,0.993461,-2.24299,0.519042,2.4605,0.651238
479516,1,-0.717978,0.0150685,0.993464,-2.24299,0.519043,2.4605,0.651241
479516,1,-0.717984,0.0150683,0.993463,-2.24299,0.519044,2.46051,0.651237
479516,1,-0.717978,0.0150665,0.993466,-2.24299,0.519038,2.4605,0.651236
479516,1,-0.717982,0.0150672,0.993463,-2.24299,0.519042,2.46051,0.651237
479516,1,-0.717982,0.0150625,0.993465,-2.24299,0.519042,2.4605,0.651236
479516,1,-0.717983,0.0150699,0.993462,-2.243,0.519041,2.46051,0.651235
479516,1,-0.717984,0.0150623,0.993463,-2.24299,0.519043,2.4605,0.651235
479516,1,-0.717984,0.0150697,0.993461,-2.24299,0.519039,2.4605,0.651238
479516,1,-0.717983,0.0150666,0.993466,-2.24299,0.519038,2.46051,0.651238
479516,1,-0.717979,0.0150699,0.993461,-2.24299,0.519044,2.4605,0.651236
479516,1,-0.717982,0.0150717,0.993464,-2.24299,0.519042,2.4605,0.651239
479516,1,-0.717988,0.0150704,0.993462,-2.24299,0.519039,2.4605,0.651239
479516,1,-0.717982,0.0150726,0.993468,-2.24299,0.519042,2.4605,0.651236
479516,1,-0.71798,0.0150727,0.993467,-2.24299,0.519039,2.46051,0.651233
479516,1,-0.717978,0.015069,0.993463,-2.24299,0.519041,2.46051,0.651243
479516,1,-0.71798,0.0150697,0.993462,-2.24299,0.519045,2.46051,0.651232
479516,1,-0.717984,0.0150661,0.993463,-2.24299,0.519041,2.46051,0.651234
479516,1,-0.717981,0.0150705,0.99346,-2.24299,0.519041,2.46051,0.651233
479516,1,-0.717982,0.015072,0.993465,-2.24299,0.519038,2.4605,0.651234
479516,1,-0.717984,0.0150649,0.993464,-2.24299,0.51904,2.4605,0.651232
479516,1,-0.717984,0.0150644,0.993459,-2.24299,0.519041,2.46051,0.651236
479516,1,-0.717984,0.0150727,0.993461,-2.24299,0.519045,2.46051,0.651236
479516,1,-0.717985,0.0150687,0.99346,-2.24299,0.51904,2.46051,0.651236
479516,1,-0.717982,0.0150695,0.993463,-2.24299,0.519043,2.4605,0.651232
479516,1,-0.717984,0.0150703,0.993463,-2.24299,0.519043,2.46051,0.651239
479516,1,-0.71798,0.0150678,0.993468,-2.24299,0.519045,2.46051,0.65123
479516,1,-0.717982,0.015068,0.993461,-2.243,0.519041,2.4605,0.651235
479516,1,-0.717978,0.0150713,0.993465,-2.24299,0.51904,2.4605,0.651235
479516,1,-0.717982,0.0150704,0.993466,-2.24299,0.519045,2.46051,0.651233
479516,1,-0.717979,0.0150685,0.993464,-2.24299,0.51904,2.46051,0.651238
479516,1,-0.71798,0.0150726,0.993463,-2.24299,0.519039,2.46051,0.651233
479516,1,-0.717981,0.0150685,0.993465,-2.24299,0.519043,2.46051,0.651235
479516,1,-0.717985,0.0150706,0.993463,-2.243,0.519043,2.46051,0.651232
479516,1,-0.717982,0.0150716,0.99346,-2.24299,0.519043,2.46051,0.651237
479516,1,-0.71798,0.0150684,0.993459,-2.24299,0.519039,2.46051,0.651232
479516,1,-0.717982,0.0150668,0.993461,-2.24299,0.519043,2.46051,0.651239
479516,1,-0.717984,0.0150678,0.993464,-2.24299,0.51904,2.4605,0.651231
479516,1,-0.717983,0.0150689,0.993463,-2.24299,0.519043,2.46051,0.65124
479516,1,-0.717978,0.0150705,0.993465,-2.24299,0.51904,2.4605,0.65124
479516,1,-0.717985,0.0150668,0.993461,-2.24299,0.519039,2.46051,0.651237
479516,1,-0.717986,0.0150728,0.993462,-2.24299,0.519041,2.46051,0.651229
479516,1,-0.717985,0.0150679,0.993462,-2.243,0.519041,2.46051,0.65124
479516,1,-0.717984,0.015068,0.993461,-2.243,0.519044,2.46051,0.651238
479516,1,-0.717982,0.0150683,0.99346,-2.24299,0.519038,2.4605,0.651237
479516,1,-0.717982,0.0150704,0.993463,-2.243,0.519043,2.46051,0.651242
479516,1,-0.71798,0.0150696,0.993463,-2.243,0.519043,2.46051,0.651237
479516,1,-0.717982,0.0150715,0.993463,-2.24299,0.519043,2.46051,0.651237
479516,1,-0.717982,0.0150704,0.993464,-2.24299,0.519042,2.4605,0.651238
479516,1,-0.717982,0.0150719,0.993463,-2.24299,0.51904,2.46051,0.651239
479516,1,-0.717982,0.0150643,0.993458,-2.243,0.519042,2.4605,0.651235
479516,1,-0.717982,0.0150682,0.993464,-2.24299,0.519044,2.46051,0.65123
479516,1,-0.717982,0.0150704,0.993465,-2.243,0.519042,2.46051,0.651238
479516,1,-0.717984,0.0150652,0.993463,-2.24299,0.519042,2.4605,0.651235
479516,1,-0.71798,0.0150665,0.993464,-2.24299,0.519044,2.4605,0.651239
479516,1,-0.717983,0.0150679,0.993465,-2.24299,0.519042,2.46051,0.651233
479516,1,-0.717982,0.0150665,0.993463,-2.24299,0.51904,2.46051,0.651239
479516,1,-0.717985,0.0150624,0.993462,-2.24299,0.519045,2.46051,0.651237
479516,1,-0.717985,0.0150652,0.993463,-2.24299,0.519041,2.46051,0.651236
479516,1,-0.717984,0.0150683,0.993465,-2.24299,0.519041,2.46051,0.651235
479516,1,-0.717984,0.0150669,0.993462,-2.24299,0.519039,2.46051,0.651238
479516,1,-0.717982,0.0150696,0.993463,-2.243,0.519041,2.46051,0.651242
479516,1,-0.717985,0.0150726,0.993466,-2.24299,0.519044,2.4605,0.651229
479516,1,-0.71798,0.0150717,0.99346,-2.24299,0.51904,2.46051,0.651231
479516,1,-0.717983,0.0150683,0.993461,-2.243,0.51904,2.46051,0.651233
479516,1,-0.717988,0.0150719,0.993465,-2.24299,0.519041,2.46051,0.651238
479516,1,-0.717984,0.0150698,0.993464,-2.24299,0.51904,2.46051,0.65123
479516,1,-0.717982,0.015069,0.993462,-2.24299,0.519044,2.46051,0.651233
479516,1,-0.717981,0.0150686,0.993464,-2.24299,0.519041,2.4605,0.651236
479516,1,-0.717984,0.0150719,0.993461,-2.24299,0.519039,2.46051,0.651235
479516,1,-0.717984,0.0150672,0.993468,-2.24299,0.519042,2.46051,0.651233
479516,1,-0.717979,0.01507,0.993463,-2.24299,0.519039,2.46051,0.651235
479516,1,-0.717985,0.0150707,0.993461,-2.24299,0.519042,2.4605,0.65124
479516,1,-0.717984,0.0150624,0.993459,-2.24299,0.519044,2.4605,0.651239
479516,1,-0.717984,0.015068,0.993459,-2.24299,0.519043,2.4605,0.65124
479516,1,-0.717984,0.015066,0.993464,-2.24299,0.519041,2.46051,0.651238
479516,1,-0.717982,0.0150689,0.993467,-2.24299,0.519038,2.46051,0.651231
479516,1,-0.717985,0.0150699,0.993466,-2.24299,0.519047,2.4605,0.651236
479516,1,-0.717984,0.01507,0.993463,-2.243,0.51904,2.4605,0.651233
479516,1,-0.717984,0.0150661,0.993465,-2.24299,0.51904,2.46051,0.651236
479516,1,-0.717982,0.0150658,0.993463,-2.24299,0.51904,2.46051,0.651232
479516,1,-0.717982,0.0150703,0.993464,-2.24299,0.51904,2.46051,0.65123
479516,1,-0.71798,0.0150685,0.993463,-2.24299,0.519042,2.46051,0.651234
479516,1,-0.717982,0.0150678,0.993463,-2.243,0.51904,2.46051,0.651233
479516,1,-0.717982,0.0150688,0.993464,-2.24299,0.519039,2.46051,0.651238
479516,1,-0.717982,0.0150697,0.993465,-2.24299,0.519039,2.4605,0.651236
479516,1,-0.71798,0.0150679,0.993464,-2.24299,0.519042,2.46051,0.651236
479516,1,-0.717982,0.0150704,0.993465,-2.24299,0.519042,2.46051,0.651235
479516,1,-0.717982,0.0150645,0.993463,-2.24299,0.519044,2.46051,0.65123
479516,1,-0.71798,0.0150668,0.993459,-2.24299,0.519041,2.4605,0.651241
479516,1,-0.717983,0.0150696,0.993459,-2.24299,0.51904,2.46051,0.651232
479516,1,-0.71798,0.0150704,0.993463,-2.24299,0.519039,2.46051,0.651235
479516,1,-0.717984,0.0150719,0.993461,-2.24299,0.51904,2.4605,0.651234
479516,1,-0.717985,0.0150682,0.993459,-2.24299,0.519043,2.46051,0.651237
479516,1,-0.717984,0.0150726,0.993463,-2.243,0.519039,2.4605,0.651237
479516,1,-0.717982,0.0150667,0.993459,-2.24299,0.51904,2.46051,0.651239
479516,1,-0.717984,0.0150702,0.993461,-2.24299,0.519039,2.4605,0.651239
479516,1,-0.717985,0.0150744,0.993462,-2.243,0.519044,2.46051,0.651232
479516,1,-0.717985,0.0150659,0.993465,-2.24299,0.519041,2.4605,0.651236
479516,1,-0.717982,0.0150705,0.993465,-2.24299,0.519042,2.46051,0.651235
479516,1,-0.71798,0.0150676,0.993462,-2.24299,0.51904,2.4605,0.651239
479516,1,-0.717982,0.0150686,0.993461,-2.24299,0.519042,2.4605,0.651235
479516,1,-0.717984,0.015069,0.993459,-2.24299,0.519044,2.46051,0.651234
479516,1,-0.717982,0.0150707,0.993464,-2.24299,0.519043,2.46051,0.651235
479516,1,-0.717986,0.0150672,0.993464,-2.24299,0.519039,2.4605,0.65123
479516,1,-0.717984,0.0150682,0.993462,-2.24299,0.51904,2.46051,0.65123
479516,1,-0.717984,0.0150707,0.993459,-2.24299,0.519043,2.4605,0.651234
479516,1,-0.71798,0.015067,0.993462,-2.24299,0.51904,2.4605,0.651231
479516,1,-0.717984,0.0150675,0.993464,-2.24299,0.519041,2.46051,0.651239
479516,1,-0.717982,0.0150724,0.993461,-2.24299,0.519044,2.46051,0.651237
479516,1,-0.717984,0.0150642,0.99346,-2.24299,0.519039,2.4605,0.651235
479516,1,-0.717984,0.0150707,0.993459,-2.24299,0.519041,2.46051,0.651233
479516,1,-0.717979,0.0150697,0.993461,-2.24299,0.519039,2.46051,0.651239
479516,1,-0.717987,0.0150734,0.993467,-2.24299,0.519047,2.4605,0.651237
479516,1,-0.717984,0.0150734,0.993461,-2.24299,0.519042,2.46051,0.651239
479516,1,-0.717985,0.0150726,0.993461,-2.24299,0.519039,2.46051,0.651236
479516,1,-0.717986,0.0150707,0.993465,-2.24299,0.519039,2.46051,0.651237
479516,1,-0.717983,0.0150706,0.993461,-2.24299,0.519042,2.46051,0.651241
479516,1,-0.717984,0.0150676,0.993463,-2.24299,0.519044,2.46051,0.65124
479516,1,-0.717982,0.0150707,0.993465,-2.243,0.519039,2.46051,0.651237
479516,1,-0.717982,0.0150707,0.993464,-2.24299,0.519043,2.46051,0.651235
479516,1,-0.717982,0.0150726,0.993461,-2.24299,0.519042,2.4605,0.651241
479516,1,-0.717982,0.0150706,0.99346,-2.24299,0.51904,2.46051,0.65124
479516,1,-0.717984,0.0150685,0.993464,-2.24299,0.519044,2.4605,0.651235
479516,1,-0.717984,0.0150696,0.993466,-2.24299,0.519041,2.46051,0.651233
479516,1,-0.717984,0.0150659,0.993463,-2.24299,0.519041,2.4605,0.651235
479516,1,-0.717982,0.0150668,0.993464,-2.24299,0.519042,2.46051,0.651236
479516,1,-0.717984,0.0150696,0.993464,-2.24299,0.519039,2.4605,0.651234
479516,1,-0.717985,0.0150704,0.993464,-2.24299,0.519043,2.4605,0.651232
479516,1,-0.717982,0.0150668,0.993465,-2.24299,0.51904,2.46051,0.651231
479516,1,-0.717981,0.0150665,0.993465,-2.24299,0.519041,2.4605,0.651234
479516,1,-0.717982,0.0150699,0.993465,-2.24299,0.519043,2.46051,0.651232
479516,1,-0.71798,0.0150706,0.993464,-2.243,0.519044,2.46051,0.651235
479516,1,-0.717983,0.0150704,0.993462,-2.24299,0.519041,2.46051,0.651238
479516,1,-0.717983,0.0150726,0.993465,-2.24299,0.519043,2.4605,0.651236
479516,1,-0.717982,0.0150668,0.993461,-2.24299,0.519042,2.4605,0.651236
479516,1,-0.717985,0.0150699,0.993463,-2.243,0.519038,2.4605,0.651237
479516,1,-0.717984,0.0150686,0.993462,-2.24299,0.519041,2.46051,0.651237
479517,1,-0.717982,0.0150665,0.993464,-2.24299,0.519045,2.4605,0.651236
479517,1,-0.717984,0.0150707,0.993462,-2.24299,0.519041,2.4605,0.651238
479517,1,-0.717984,0.0150707,0.993457,-2.24299,0.519042,2.46051,0.651234
479517,1,-0.717984,0.0150698,0.993462,-2.24299,0.519039,2.46051,0.651236
479517,1,-0.717984,0.0150736,0.993461,-2.243,0.519042,2.4605,0.651235
479517,1,-0.71798,0.0150704,0.993467,-2.24299,0.519038,2.46051,0.651237
479517,1,-0.717983,0.0150707,0.993467,-2.24299,0.519041,2.46051,0.651233
479517,1,-0.717982,0.0150704,0.993463,-2.24299,0.519038,2.4605,0.651237
479517,1,-0.717985,0.0150695,0.993459,-2.24299,0.519039,2.46051,0.651232
479517,1,-0.717984,0.0150726,0.993462,-2.24299,0.519041,2.4605,0.651237
479517,1,-0.717984,0.0150699,0.993464,-2.24299,0.519041,2.46051,0.651232
479517,1,-0.717985,0.0150717,0.993465,-2.24299,0.51904,2.46051,0.651237
479517,1,-0.717985,0.0150679,0.993465,-2.24299,0.519043,2.46051,0.65123
479517,1,-0.717978,0.0150663,0.993463,-2.24299,0.519039,2.46051,0.651235
479517,1,-0.717982,0.0150706,0.993465,-2.243,0.519042,2.4605,0.651231
479517,1,-0.717985,0.0150689,0.99347,-2.24299,0.519041,2.46051,0.65124
479517,1,-0.717982,0.0150685,0.993464,-2.24299,0.519041,2.4605,0.651234
479517,1,-0.717984,0.0150665,0.99346,-2.24299,0.519043,2.46051,0.651236
479517,1,-0.717984,0.0150687,0.993465,-2.24299,0.519041,2.46051,0.651233
479517,1,-0.717981,0.0150704,0.993463,-2.24299,0.519045,2.46051,0.651239
479517,1,-0.717982,0.0150696,0.993463,-2.24299,0.519041,2.46051,0.651229
479517,1,-0.717984,0.0150697,0.993468,-2.24299,0.51904,2.4605,0.651236
479517,1,-0.717978,0.0150641,0.993462,-2.24299,0.519041,2.46051,0.651237
479517,1,-0.717982,0.015065,0.993462,-2.24299,0.519042,2.46051,0.651242
479517,1,-0.717985,0.0150726,0.993463,-2.24299,0.51904,2.46051,0.651233
479517,1,-0.717982,0.0150706,0.993462,-2.24299,0.519043,2.46051,0.651241
479517,1,-0.717985,0.0150744,0.99346,-2.24299,0.519042,2.46051,0.651239
479517,1,-0.717983,0.0150682,0.993465,-2.24299,0.519039,2.46051,0.651244
479517,1,-0.717984,0.0150727,0.993461,-2.24299,0.51904,2.46051,0.651233
479517,1,-0.71798,0.0150683,0.993459,-2.24299,0.51904,2.4605,0.651241
479517,1,-0.71798,0.0150648,0.99346,-2.24299,0.519042,2.46051,0.651235
479517,1,-0.717983,0.0150682,0.993463,-2.24299,0.519041,2.46051,0.651238
479517,1,-0.717982,0.0150683,0.993465,-2.24299,0.51904,2.46051,0.651232
479517,1,-0.717985,0.0150689,0.993466,-2.24299,0.519039,2.46051,0.65123
479517,1,-0.717983,0.0150678,0.993463,-2.24299,0.519043,2.46051,0.651234
479517,1,-0.71798,0.0150689,0.993461,-2.24299,0.519041,2.4605,0.651235
479517,1,-0.717984,0.0150667,0.993461,-2.24299,0.519044,2.46051,0.651234
479517,1,-0.717984,0.0150707,0.99346,-2.243,0.519041,2.4605,0.651233
479517,1,-0.71798,0.015069,0.993462,-2.24299,0.519041,2.46051,0.651233
479517,1,-0.717985,0.0150719,0.993462,-2.24299,0.519041,2.46051,0.651229
479517,1,-0.717981,0.0150678,0.993465,-2.24299,0.519044,2.46051,0.651233
479517,1,-0.717984,0.0150687,0.993462,-2.24299,0.519044,2.4605,0.651235
479517,1,-0.717983,0.0150682,0.993466,-2.24299,0.519042,2.46051,0.651231
479517,1,-0.717983,0.0150703,0.993467,-2.24299,0.519039,2.46051,0.65123
479517,1,-0.71799,0.0150678,0.993459,-2.24299,0.51904,2.46051,0.651229
479517,1,-0.717984,0.0150668,0.993461,-2.243,0.519042,2.46051,0.651239
479517,1,-0.717984,0.0150689,0.993464,-2.243,0.519041,2.46051,0.651232
479517,1,-0.717982,0.0150689,0.993462,-2.24299,0.51904,2.46051,0.651235
479517,1,-0.717982,0.0150707,0.993465,-2.243,0.519039,2.46051,0.651234
479517,1,-0.717982,0.01507,0.993463,-2.24299,0.519042,2.4605,0.651236
479517,1,-0.717984,0.0150703,0.993461,-2.24299,0.519043,2.46051,0.651234
479517,1,-0.717982,0.0150698,0.993468,-2.24299,0.519041,2.46051,0.651236
479517,1,-0.717982,0.0150645,0.993462,-2.243,0.519044,2.4605,0.651233
479517,1,-0.71798,0.0150624,0.993464,-2.24299,0.519043,2.4605,0.651236
479517,1,-0.717982,0.0150708,0.99346,-2.24299,0.519039,2.46051,0.651235
479517,1,-0.71798,0.0150704,0.993458,-2.24299,0.519039,2.46051,0.651237
479517,1,-0.717982,0.0150676,0.993462,-2.24299,0.51904,2.4605,0.651237
479517,1,-0.717984,0.0150661,0.993461,-2.24299,0.51904,2.46051,0.651234
479517,1,-0.717984,0.0150665,0.993461,-2.243,0.51904,2.46051,0.651234
479517,1,-0.717982,0.0150682,0.993462,-2.24299,0.519037,2.46051,0.651238
479517,1,-0.717984,0.015072,0.99346,-2.243,0.519041,2.4605,0.651235
479517,1,-0.717982,0.0150704,0.993464,-2.24299,0.519041,2.46051,0.651235
479517,1,-0.717982,0.0150705,0.993466,-2.243,0.519042,2.46051,0.651237
479517,1,-0.717982,0.0150676,0.993462,-2.24299,0.51904,2.46051,0.651237
479517,1,-0.71798,0.0150672,0.993462,-2.24299,0.519042,2.46051,0.651235
479517,1,-0.717982,0.0150665,0.993466,-2.24299,0.519042,2.46051,0.651232
479517,1,-0.717978,0.0150689,0.993459,-2.24299,0.519042,2.46051,0.651235
479517,1,-0.717984,0.0150699,0.99346,-2.243,0.519039,2.46051,0.651232
479517,1,-0.717983,0.0150707,0.993462,-2.24299,0.519039,2.4605,0.651236
479517,1,-0.717984,0.0150706,0.993464,-2.24299,0.51904,2.46051,0.651229
479517,1,-0.717984,0.0150665,0.993464,-2.24299,0.519039,2.46051,0.651236
479517,1,-0.717982,0.0150706,0.993465,-2.24299,0.519042,2.46051,0.651232
479517,1,-0.71798,0.0150704,0.993466,-2.24299,0.519042,2.46051,0.651221
479517,1,-0.71798,0.0150728,0.993462,-2.243,0.519041,2.4605,0.651228
479517,1,-0.717987,0.0150668,0.99346,-2.243,0.519039,2.46051,0.651234
479517,1,-0.717979,0.0150706,0.993463,-2.24299,0.519039,2.46051,0.651235
479517,1,-0.717982,0.0150705,0.993465,-2.24299,0.519041,2.46051,0.651236
479517,1,-0.717982,0.0150683,0.993462,-2.243,0.51904,2.4605,0.651233
479517,1,-0.717984,0.0150684,0.993463,-2.24299,0.519036,2.46051,0.651228
479517,1,-0.717984,0.0150668,0.993461,-2.24299,0.519039,2.4605,0.651236
479517,1,-0.717978,0.0150706,0.993465,-2.24299,0.519041,2.4605,0.651241
479517,1,-0.717982,0.0150651,0.993464,-2.24299,0.519041,2.46051,0.651237
479517,1,-0.717984,0.0150645,0.993465,-2.24299,0.519041,2.4605,0.651238
479517,1,-0.717984,0.015066,0.993459,-2.24299,0.519039,2.46051,0.651236
479517,1,-0.717985,0.0150703,0.993465,-2.24299,0.519039,2.46051,0.651234
479517,1,-0.71798,0.015069,0.99346,-2.24299,0.519043,2.4605,0.651233
479517,1,-0.71798,0.0150699,0.993463,-2.24299,0.51904,2.4605,0.651235
479517,1,-0.717986,0.0150663,0.993465,-2.24299,0.519043,2.46051,0.651232
479517,1,-0.717984,0.0150649,0.993463,-2.24299,0.519042,2.46051,0.651233
479517,1,-0.717984,0.0150726,0.993462,-2.24299,0.519044,2.4605,0.651235
479517,1,-0.717984,0.0150678,0.993464,-2.243,0.519042,2.4605,0.651231
479517,1,-0.717985,0.0150703,0.993462,-2.24299,0.51904,2.4605,0.651235
479517,1,-0.717982,0.015068,0.993468,-2.24299,0.519044,2.4605,0.651231
479517,1,-0.717982,0.0150706,0.993461,-2.24299,0.519041,2.4605,0.651231
479517,1,-0.717982,0.0150705,0.993464,-2.24299,0.519044,2.46051,0.651236
479517,1,-0.717984,0.0150707,0.993463,-2.24299,0.51904,2.4605,0.651236
479517,1,-0.71798,0.0150707,0.99346,-2.24299,0.519039,2.46051,0.651235
479517,1,-0.717984,0.0150689,0.993462,-2.24299,0.519041,2.46051,0.651233
479517,1,-0.717982,0.0150699,0.993459,-2.24299,0.519041,2.4605,0.651228
479517,1,-0.717985,0.0150672,0.993464,-2.24299,0.519039,2.46051,0.65123
479517,1,-0.717982,0.0150708,0.993462,-2.24299,0.519038,2.4605,0.651233
479517,1,-0.717982,0.0150698,0.993464,-2.24299,0.519043,2.4605,0.65123
479517,1,-0.717982,0.0150644,0.993464,-2.24299,0.519044,2.46051,0.65123
479517,1,-0.71798,0.0150658,0.993465,-2.24299,0.519042,2.46051,0.651232
479517,1,-0.71798,0.0150651,0.993461,-2.24299,0.519038,2.46051,0.651233
479517,1,-0.717986,0.0150712,0.993462,-2.24299,0.519039,2.46051,0.651233
479517,1,-0.717984,0.0150659,0.993464,-2.24299,0.519044,2.4605,0.65123
479517,1,-0.71798,0.0150695,0.993464,-2.24299,0.51904,2.4605,0.651236
479517,1,-0.717982,0.0150723,0.993462,-2.24299,0.519045,2.4605,0.651231
479517,1,-0.717984,0.0150704,0.993464,-2.24299,0.519039,2.4605,0.651232
479517,1,-0.717984,0.0150703,0.993464,-2.24299,0.519043,2.46051,0.651234
479517,1,-0.717984,0.0150704,0.993465,-2.24299,0.51904,2.4605,0.651228
479517,1,-0.717982,0.0150704,0.993457,-2.24299,0.519044,2.46051,0.651233
479517,1,-0.717985,0.0150678,0.993461,-2.24299,0.519042,2.4605,0.651233
479517,1,-0.717984,0.0150683,0.993461,-2.243,0.519041,2.46051,0.651229
479517,1,-0.717978,0.0150719,0.99346,-2.243,0.519041,2.4605,0.651229
479517,1,-0.717985,0.0150684,0.993462,-2.24299,0.519041,2.46051,0.651228
479517,1,-0.717982,0.0150706,0.993461,-2.243,0.519041,2.46051,0.651232
479517,1,-0.717982,0.0150743,0.993463,-2.24299,0.51904,2.46051,0.651229
479517,1,-0.717985,0.0150689,0.993463,-2.24299,0.519037,2.4605,0.65123
479517,1,-0.717985,0.0150689,0.993462,-2.243,0.519039,2.4605,0.651231
479517,1,-0.717982,0.0150663,0.993461,-2.24299,0.519043,2.4605,0.651229
479517,1,-0.717982,0.0150665,0.993464,-2.24299,0.51904,2.46051,0.651232
479517,1,-0.71798,0.015067,0.993464,-2.24299,0.519041,2.46051,0.65124
479517,1,-0.717984,0.0150683,0.993461,-2.24299,0.51904,2.4605,0.651229
479517,1,-0.717982,0.015065,0.993461,-2.24299,0.519039,2.46051,0.65123
479517,1,-0.71798,0.0150658,0.993461,-2.243,0.51904,2.46051,0.651231
479517,1,-0.71798,0.0150724,0.993464,-2.24299,0.519041,2.46051,0.651237
479517,1,-0.717983,0.0150707,0.993465,-2.24299,0.519045,2.4605,0.651232
479517,1,-0.717982,0.0150667,0.993463,-2.243,0.519041,2.46051,0.651234
479517,1,-0.717982,0.015072,0.993462,-2.24299,0.519039,2.46051,0.651227
479517,1,-0.717982,0.0150699,0.993461,-2.24299,0.519044,2.46051,0.651238
479517,1,-0.717982,0.0150689,0.993464,-2.24299,0.51904,2.46051,0.651236
479517,1,-0.717982,0.0150651,0.993464,-2.24299,0.519045,2.46051,0.651237
479517,1,-0.717982,0.0150672,0.993466,-2.24299,0.519044,2.46051,0.651235
479517,1,-0.717982,0.0150682,0.993462,-2.24299,0.519039,2.46051,0.651236
479517,1,-0.717978,0.0150727,0.993462,-2.24299,0.519041,2.4605,0.651234
479517,1,-0.717984,0.015069,0.993465,-2.243,0.51904,2.4605,0.65123
479517,1,-0.717982,0.0150685,0.993465,-2.243,0.519039,2.46051,0.651231
479517,1,-0.717982,0.0150682,0.993462,-2.24299,0.519039,2.46051,0.651236
479517,1,-0.717984,0.0150685,0.993468,-2.24299,0.519037,2.4605,0.651231
479517,1,-0.717986,0.0150682,0.993462,-2.24299,0.519043,2.46051,0.651236
479517,1,-0.717982,0.0150688,0.993464,-2.243,0.519044,2.46051,0.65123
479517,1,-0.717978,0.0150668,0.993464,-2.24299,0.51904,2.4605,0.651234
479517,1,-0.717984,0.0150704,0.993461,-2.24299,0.519039,2.46051,0.65123
479517,1,-0.717979,0.0150727,0.993464,-2.24299,0.519039,2.46051,0.651235
479517,1,-0.717984,0.0150666,0.993463,-2.24299,0.519043,2.46051,0.65123
479517,1,-0.717985,0.0150731,0.993464,-2.24299,0.519044,2.4605,0.651232
479517,1,-0.717984,0.0150642,0.993461,-2.24299,0.51904,2.46051,0.651234
479517,1,-0.717984,0.0150685,0.993465,-2.24299,0.519039,2.46051,0.651235
479517,1,-0.717984,0.0150668,0.993461,-2.24299,0.519043,2.4605,0.651231
479517,1,-0.717983,0.0150705,0.993462,-2.24299,0.519039,2.4605,0.651229
479517,1,-0.717984,0.0150661,0.993467,-2.24299,0.51904,2.46051,0.651232
479517,1,-0.717985,0.0150663,0.993464,-2.24299,0.519044,2.4605,0.65123
479517,1,-0.717982,0.0150689,0.993463,-2.24299,0.51904,2.4605,0.651228
479517,1,-0.717985,0.0150689,0.993464,-2.24299,0.519037,2.46051,0.651232
479517,1,-0.717982,0.0150644,0.993463,-2.24299,0.519041,2.46051,0.651234
479517,1,-0.717982,0.0150698,0.993461,-2.243,0.519039,2.4605,0.651232
479517,1,-0.717982,0.0150719,0.993463,-2.24299,0.519041,2.46051,0.65123
479517,1,-0.717982,0.0150698,0.993461,-2.24299,0.519042,2.46051,0.651228
479517,1,-0.717982,0.0150683,0.993465,-2.243,0.519041,2.46051,0.651229
479517,1,-0.717984,0.0150722,0.993465,-2.243,0.519046,2.4605,0.651237
479517,1,-0.717978,0.0150798,0.993464,-2.243,0.519042,2.4605,0.651232
479517,1,-0.717973,0.0150774,0.993469,-2.24299,0.519043,2.4605,0.651234
479517,1,-0.717976,0.01507,0.993469,-2.24299,0.519041,2.4605,0.651232
479517,1,-0.717976,0.015067,0.993467,-2.24299,0.519036,2.46051,0.651236
479517,1,-0.71798,0.015065,0.993467,-2.24299,0.51904,2.4605,0.651234
479517,1,-0.71798,0.0150532,0.993469,-2.243,0.51903,2.4605,0.651235
479517,1,-0.71798,0.015059,0.993464,-2.24299,0.519031,2.46051,0.651233
479517,1,-0.717989,0.0150556,0.993455,-2.24299,0.519035,2.4605,0.651235
479517,1,-0.717991,0.0150606,0.99345,-2.24299,0.519036,2.4605,0.651233
479517,1,-0.717995,0.0150698,0.993453,-2.243,0.519036,2.4605,0.651231
479517,1,-0.717995,0.0150795,0.993449,-2.243,0.519042,2.4605,0.651231
479517,1,-0.717986,0.0150877,0.993457,-2.243,0.519039,2.46049,0.651234
479517,1,-0.717982,0.0150924,0.993464,-2.24301,0.519043,2.46049,0.651232
479517,1,-0.717976,0.0150992,0.993473,-2.24301,0.519041,2.46049,0.651231
479517,1,-0.717969,0.01509,0.993476,-2.24301,0.519041,2.46049,0.651231
479517,1,-0.71797,0.0150837,0.993479,-2.24301,0.519043,2.46049,0.65123
479517,1,-0.717969,0.0150811,0.993476,-2.24301,0.519047,2.46049,0.651231
479517,1,-0.717966,0.0150662,0.993485,-2.24301,0.519041,2.4605,0.651228
479517,1,-0.717964,0.0150599,0.993482,-2.243,0.51904,2.4605,0.651226
479517,1,-0.717966,0.015062,0.99348,-2.243,0.519037,2.4605,0.651234
479517,1,-0.717973,0.0150543,0.993475,-2.24299,0.519036,2.46051,0.651229
479517,1,-0.717978,0.0150542,0.993468,-2.24299,0.51904,2.4605,0.651237
479517,1,-0.717979,0.0150557,0.993463,-2.24298,0.51904,2.4605,0.651228
479517,1,-0.717983,0.0150628,0.993466,-2.24299,0.519041,2.4605,0.651232
479517,1,-0.717985,0.0150682,0.993466,-2.243,0.519041,2.4605,0.651232
479517,1,-0.717981,0.0150795,0.993462,-2.243,0.519044,2.4605,0.651234
479517,1,-0.717983,0.0150813,0.993462,-2.243,0.51904,2.4605,0.65123
479517,1,-0.717987,0.0150818,0.993458,-2.243,0.519042,2.4605,0.651237
479517,1,-0.717974,0.0150781,0.993465,-2.243,0.519043,2.4605,0.651231
479517,1,-0.71798,0.0150805,0.99347,-2.24299,0.519043,2.4605,0.651234
479517,1,-0.717978,0.0150751,0.993468,-2.24299,0.51904,2.46051,0.651231
479517,1,-0.717978,0.0150673,0.99347,-2.24299,0.519038,2.4605,0.651234
479517,1,-0.717979,0.0150631,0.993466,-2.24299,0.51904,2.4605,0.651231
479517,1,-0.71798,0.0150748,0.993466,-2.24299,0.519037,2.4605,0.651233
479517,1,-0.717977,0.0150744,0.993468,-2.243,0.51904,2.4605,0.65123
479517,1,-0.71798,0.0150852,0.993468,-2.24302,0.519044,2.46049,0.65123
479517,1,-0.717978,0.015091,0.993474,-2.24303,0.51904,2.4605,0.65123
479517,1,-0.717974,0.0150921,0.99347,-2.24302,0.519038,2.4605,0.651235
479518,1,-0.71798,0.0150808,0.993468,-2.24302,0.519044,2.4605,0.651229
479518,1,-0.717981,0.0150729,0.993464,-2.24302,0.519047,2.4605,0.651233
479518,1,-0.717983,0.0150704,0.993464,-2.243,0.519047,2.46051,0.651228
479518,1,-0.717985,0.0150655,0.993457,-2.24298,0.519047,2.4605,0.651234
479518,1,-0.717991,0.0150635,0.993456,-2.24297,0.519044,2.46051,0.651231
479518,1,-0.717989,0.0150635,0.993455,-2.24296,0.519045,2.46051,0.651235
479518,1,-0.717989,0.0150616,0.993459,-2.24296,0.519046,2.46051,0.651233
479518,1,-0.717987,0.0150653,0.993455,-2.24297,0.519047,2.46051,0.651236
479518,1,-0.717984,0.0150635,0.993456,-2.24297,0.519041,2.46051,0.651235
479518,1,-0.717982,0.0150685,0.993461,-2.24299,0.519041,2.46051,0.651231
479518,1,-0.717984,0.0150668,0.993461,-2.24299,0.519046,2.46051,0.65123
479518,1,-0.71799,0.0150715,0.993455,-2.24299,0.519044,2.4605,0.651231
479518,1,-0.717985,0.0150761,0.993455,-2.24299,0.519047,2.46051,0.651231
479518,1,-0.717985,0.0150744,0.993457,-2.24299,0.519047,2.46051,0.651232
479518,1,-0.717987,0.0150812,0.993457,-2.24299,0.519044,2.46051,0.651232
479518,1,-0.717982,0.0150798,0.993459,-2.24299,0.519046,2.46051,0.651232
479518,1,-0.717985,0.015076,0.993463,-2.24299,0.519047,2.46051,0.651232
479518,1,-0.717984,0.0150707,0.993457,-2.24299,0.519047,2.46051,0.651231
479518,1,-0.717982,0.0150734,0.993461,-2.24299,0.519043,2.4605,0.65123
479518,1,-0.71798,0.0150675,0.993461,-2.24299,0.519044,2.46051,0.651231
479518,1,-0.717986,0.0150638,0.993459,-2.24299,0.519042,2.46051,0.651231
479518,1,-0.717982,0.0150677,0.993465,-2.24299,0.519044,2.46051,0.651228
479518,1,-0.717984,0.0150619,0.993459,-2.24298,0.519046,2.46051,0.651232
479518,1,-0.717985,0.015065,0.993463,-2.24298,0.519046,2.46051,0.651231
479518,1,-0.717987,0.0150609,0.993462,-2.24299,0.519047,2.46051,0.651232
479518,1,-0.717987,0.0150673,0.993458,-2.24299,0.519043,2.46051,0.651233
479518,1,-0.71799,0.0150686,0.993455,-2.24298,0.519048,2.46051,0.651228
479518,1,-0.717993,0.0150727,0.993456,-2.24299,0.519047,2.4605,0.651237
479518,1,-0.71799,0.0150759,0.993451,-2.24299,0.519047,2.46051,0.651235
479518,1,-0.717985,0.015074,0.993459,-2.24299,0.519046,2.46051,0.651235
479518,1,-0.717984,0.0150761,0.993457,-2.24299,0.519049,2.4605,0.651235
479518,1,-0.717982,0.0150761,0.993461,-2.24299,0.519043,2.46051,0.651235
479518,1,-0.71798,0.0150818,0.993466,-2.24299,0.519043,2.46051,0.651235
479518,1,-0.717983,0.0150837,0.993465,-2.24299,0.519042,2.46051,0.651237
479518,1,-0.717979,0.0150823,0.993465,-2.24299,0.519044,2.46051,0.651232
479518,1,-0.717982,0.0150837,0.993463,-2.24299,0.519048,2.4605,0.651235
479518,1,-0.717982,0.0150791,0.993466,-2.24299,0.519043,2.46051,0.651235
479518,1,-0.717982,0.015079,0.993455,-2.24299,0.519047,2.46051,0.651233
479518,1,-0.717985,0.0150735,0.993461,-2.24298,0.519045,2.46051,0.651232
479518,1,-0.717991,0.015068,0.993456,-2.24299,0.519045,2.46051,0.651234
479518,1,-0.717992,0.015062,0.993452,-2.24299,0.519045,2.46051,0.65123
479518,1,-0.71799,0.0150598,0.99346,-2.24298,0.51905,2.46051,0.651232
479518,1,-0.717988,0.0150619,0.993451,-2.24298,0.519047,2.46051,0.651228
479518,1,-0.717989,0.0150605,0.993455,-2.24299,0.519049,2.4605,0.651235
479518,1,-0.717988,0.0150672,0.993454,-2.24299,0.519048,2.46051,0.651231
479518,1,-0.717991,0.0150707,0.99346,-2.24299,0.519047,2.4605,0.651235
479518,1,-0.717985,0.0150743,0.993464,-2.24299,0.519043,2.46051,0.651232
479518,1,-0.717982,0.0150781,0.993459,-2.24299,0.519047,2.46051,0.651236
479518,1,-0.717984,0.0150815,0.993458,-2.24299,0.519047,2.4605,0.651237
479518,1,-0.717983,0.0150815,0.993463,-2.24299,0.519044,2.46051,0.651231
479518,1,-0.71798,0.0150827,0.993464,-2.24299,0.519047,2.46051,0.651232
479518,1,-0.71798,0.0150798,0.993462,-2.24299,0.519043,2.46051,0.651234
479518,1,-0.717985,0.0150802,0.993461,-2.24299,0.519047,2.4605,0.651236
479518,1,-0.717982,0.0150761,0.993464,-2.24299,0.519048,2.46051,0.651235
479518,1,-0.717984,0.0150707,0.993457,-2.24298,0.519048,2.46051,0.651237
479518,1,-0.717987,0.0150719,0.993457,-2.24299,0.519045,2.46051,0.651235
479518,1,-0.717989,0.0150672,0.993459,-2.24299,0.519048,2.46051,0.651234
479518,1,-0.717987,0.0150681,0.993458,-2.24299,0.519048,2.46051,0.651238
479518,1,-0.717984,0.0150653,0.993459,-2.24299,0.519049,2.4605,0.651234
479518,1,-0.717986,0.015065,0.993458,-2.24299,0.519049,2.46051,0.651237
479518,1,-0.717982,0.0150672,0.993459,-2.24299,0.519043,2.46051,0.65123
479518,1,-0.717984,0.0150652,0.993463,-2.24299,0.519044,2.46051,0.651237
479518,1,-0.717984,0.0150673,0.993464,-2.24299,0.519048,2.46051,0.651237
479518,1,-0.717984,0.015072,0.993461,-2.24299,0.519043,2.46051,0.651237
479518,1,-0.717984,0.0150798,0.993462,-2.24299,0.519047,2.46051,0.651235
479518,1,-0.717982,0.0150815,0.993463,-2.24299,0.519043,2.46051,0.651236
479518,1,-0.717987,0.0150835,0.993465,-2.24299,0.519045,2.46051,0.651238
479518,1,-0.717982,0.0150838,0.993461,-2.24299,0.519048,2.46051,0.651235
479518,1,-0.717984,0.0150838,0.993459,-2.24299,0.519047,2.46051,0.651235
479518,1,-0.717985,0.0150761,0.993463,-2.24299,0.519049,2.46051,0.651237
479518,1,-0.717984,0.0150813,0.993455,-2.24299,0.519046,2.4605,0.651237
479518,1,-0.717989,0.0150728,0.993457,-2.24299,0.51905,2.46051,0.651236
479518,1,-0.717988,0.0150748,0.993457,-2.24299,0.519048,2.46051,0.651236
479518,1,-0.717985,0.0150721,0.993461,-2.24299,0.519044,2.46051,0.651233
479518,1,-0.717985,0.015066,0.993458,-2.24299,0.519047,2.46051,0.651235
479518,1,-0.717986,0.0150655,0.993455,-2.24299,0.519047,2.46051,0.65123
479518,1,-0.71799,0.0150646,0.993464,-2.24299,0.519048,2.46051,0.651239
479518,1,-0.717985,0.015069,0.993461,-2.24299,0.51905,2.46051,0.651231
479518,1,-0.717986,0.0150744,0.993461,-2.24299,0.51905,2.46051,0.651236
479518,1,-0.717985,0.0150708,0.993457,-2.24299,0.519049,2.46051,0.651231
479518,1,-0.717984,0.0150763,0.993463,-2.24299,0.51905,2.4605,0.651233
479518,1,-0.717982,0.0150813,0.993458,-2.24299,0.519045,2.46051,0.651231
479518,1,-0.717985,0.0150785,0.993459,-2.24299,0.519046,2.46051,0.651229
479518,1,-0.717984,0.015081,0.99346,-2.24299,0.519049,2.4605,0.651229
479518,1,-0.717984,0.0150747,0.993457,-2.24299,0.519047,2.46051,0.651234
479518,1,-0.717985,0.015074,0.993459,-2.24299,0.519045,2.46051,0.651233
479518,1,-0.717987,0.0150727,0.993459,-2.24299,0.519048,2.46051,0.651234
479518,1,-0.717983,0.0150734,0.993459,-2.24299,0.519045,2.46051,0.651236
479518,1,-0.717982,0.0150746,0.993461,-2.24299,0.519051,2.46051,0.651232
479518,1,-0.717982,0.0150785,0.993462,-2.24299,0.519046,2.46051,0.651232
479518,1,-0.71798,0.0150673,0.993469,-2.24299,0.519047,2.46051,0.651231
479518,1,-0.71798,0.015069,0.993462,-2.24299,0.519047,2.46051,0.651236
479518,1,-0.717986,0.015069,0.993459,-2.24299,0.519045,2.46051,0.65123
479518,1,-0.717979,0.0150711,0.993461,-2.24299,0.519049,2.46051,0.651234
479518,1,-0.717984,0.0150668,0.99346,-2.24299,0.519045,2.46051,0.651231
479518,1,-0.717982,0.0150709,0.993461,-2.24299,0.519048,2.46051,0.651229
479518,1,-0.717983,0.0150744,0.993463,-2.24299,0.519049,2.46051,0.651227
479518,1,-0.717987,0.0150753,0.993462,-2.24299,0.519048,2.46051,0.651234
479518,1,-0.717984,0.0150771,0.993459,-2.24298,0.51905,2.46051,0.651233
479518,1,-0.717982,0.0150762,0.993459,-2.24299,0.519049,2.4605,0.651237
479518,1,-0.71799,0.0150769,0.993461,-2.24299,0.519044,2.46051,0.651229
479518,1,-0.717991,0.0150745,0.993454,-2.24299,0.519048,2.46051,0.651231
479518,1,-0.717984,0.0150761,0.993459,-2.24299,0.519048,2.46051,0.651236
479518,1,-0.717984,0.0150789,0.993457,-2.24299,0.519047,2.46051,0.651238
479518,1,-0.717986,0.0150745,0.993458,-2.24299,0.519048,2.46051,0.651237
479518,1,-0.717984,0.0150766,0.993462,-2.24299,0.519045,2.46051,0.651235
479518,1,-0.717983,0.0150744,0.99346,-2.24299,0.519047,2.46051,0.651234
479518,1,-0.717984,0.0150743,0.993462,-2.24299,0.519047,2.46051,0.651231
479518,1,-0.717984,0.0150761,0.993461,-2.24299,0.519048,2.46051,0.651233
479518,1,-0.717982,0.0150729,0.993461,-2.24299,0.519049,2.46051,0.651231
479518,1,-0.717983,0.0150773,0.993459,-2.24299,0.519048,2.46051,0.651231
479518,1,-0.717987,0.0150735,0.993462,-2.24299,0.519049,2.46051,0.651235
479518,1,-0.717986,0.0150772,0.993457,-2.24299,0.519049,2.46051,0.651235
479518,1,-0.717984,0.0150735,0.993461,-2.24299,0.519051,2.46051,0.651234
479518,1,-0.717984,0.0150734,0.993459,-2.24299,0.519046,2.46051,0.651231
479518,1,-0.717987,0.0150731,0.993457,-2.24299,0.519045,2.46051,0.651235
479518,1,-0.717983,0.0150709,0.993459,-2.24299,0.519049,2.46051,0.651227
479518,1,-0.717987,0.0150742,0.993459,-2.24299,0.519046,2.4605,0.651237
479518,1,-0.717985,0.0150723,0.993462,-2.24299,0.519046,2.46051,0.651228
479518,1,-0.717985,0.0150744,0.993461,-2.24299,0.519047,2.46051,0.651235
479518,1,-0.717984,0.0150754,0.993461,-2.24299,0.519049,2.46051,0.651233
479518,1,-0.717984,0.0150709,0.993461,-2.24299,0.519047,2.46051,0.651237
479518,1,-0.717982,0.0150715,0.993461,-2.24299,0.519044,2.46051,0.651235
479518,1,-0.717984,0.0150728,0.993458,-2.24299,0.519045,2.4605,0.651235
479518,1,-0.717984,0.0150751,0.993462,-2.24299,0.519045,2.4605,0.651237
479518,1,-0.717984,0.0150692,0.993461,-2.24298,0.519047,2.46051,0.651235
479518,1,-0.717985,0.0150751,0.993456,-2.24299,0.519049,2.46051,0.651234
479518,1,-0.717985,0.0150728,0.993466,-2.24299,0.519049,2.46051,0.65123
479518,1,-0.717985,0.0150707,0.993458,-2.24299,0.51905,2.46051,0.651236
479518,1,-0.717986,0.0150765,0.993459,-2.24299,0.519047,2.46051,0.651228
479518,1,-0.717986,0.0150727,0.993459,-2.24299,0.519048,2.46051,0.651235
479518,1,-0.717988,0.0150745,0.993459,-2.24299,0.51905,2.46051,0.651231
479518,1,-0.717987,0.0150783,0.993458,-2.24299,0.519047,2.46051,0.651236
479518,1,-0.717985,0.015077,0.993457,-2.24299,0.519049,2.4605,0.651228
479518,1,-0.717987,0.0150803,0.993461,-2.24299,0.519049,2.4605,0.651233
479518,1,-0.717985,0.0150741,0.993458,-2.24299,0.519049,2.46051,0.651231
479518,1,-0.717985,0.0150744,0.993461,-2.24299,0.51905,2.46051,0.651231
479518,1,-0.717987,0.0150765,0.993461,-2.24299,0.519045,2.46051,0.651231
479518,1,-0.717984,0.0150751,0.993464,-2.24299,0.519052,2.46051,0.651235
479518,1,-0.717982,0.0150689,0.993455,-2.24299,0.519047,2.46051,0.651236
479518,1,-0.717988,0.0150729,0.993463,-2.24299,0.519048,2.46051,0.651235
479518,1,-0.717982,0.015067,0.993461,-2.24299,0.519049,2.46051,0.651237
479518,1,-0.717983,0.0150731,0.993463,-2.24299,0.519048,2.46051,0.651236
479518,1,-0.717984,0.0150696,0.993465,-2.24299,0.519046,2.46051,0.651233
479518,1,-0.717984,0.0150727,0.993465,-2.24299,0.519048,2.46051,0.651235
479518,1,-0.717982,0.0150744,0.993462,-2.24299,0.519046,2.46051,0.65123
479518,1,-0.717984,0.0150729,0.993461,-2.24299,0.51905,2.46051,0.651236
479518,1,-0.717984,0.015074,0.993461,-2.24299,0.519045,2.46051,0.651231
479518,1,-0.717984,0.0150751,0.993459,-2.24299,0.519049,2.4605,0.651233
479518,1,-0.717984,0.0150769,0.993459,-2.24299,0.519046,2.46051,0.651235
479518,1,-0.717985,0.0150761,0.993461,-2.24299,0.519049,2.46051,0.651235
479518,1,-0.717986,0.0150727,0.993458,-2.24299,0.519048,2.46051,0.65123
479518,1,-0.717984,0.0150751,0.993459,-2.24299,0.519046,2.46051,0.651231
479518,1,-0.71798,0.015079,0.993458,-2.24299,0.519045,2.46051,0.651231
479518,1,-0.717986,0.0150781,0.993459,-2.24299,0.519046,2.4605,0.651231
479518,1,-0.717984,0.0150746,0.99346,-2.24299,0.51905,2.4605,0.651229
479518,1,-0.717984,0.0150762,0.993463,-2.24299,0.519043,2.46051,0.651231
479518,1,-0.717984,0.0150745,0.993464,-2.24298,0.519049,2.46051,0.651228
479518,1,-0.717984,0.0150761,0.993461,-2.24299,0.519049,2.46051,0.651234
479518,1,-0.717985,0.0150727,0.993457,-2.24299,0.519048,2.4605,0.651236
479518,1,-0.717987,0.0150745,0.993465,-2.24299,0.519045,2.46051,0.651234
479518,1,-0.717988,0.0150751,0.993461,-2.24299,0.519046,2.46051,0.651237
479518,1,-0.717984,0.0150707,0.99346,-2.24299,0.519049,2.46051,0.651231
479518,1,-0.717986,0.0150782,0.99346,-2.24299,0.519048,2.46051,0.651235
479518,1,-0.717985,0.0150752,0.993462,-2.24299,0.519048,2.46051,0.651232
479518,1,-0.717984,0.0150768,0.993462,-2.24299,0.519045,2.4605,0.651238
479518,1,-0.717986,0.0150792,0.993457,-2.24299,0.519053,2.46051,0.651231
479518,1,-0.717983,0.0150747,0.993457,-2.24299,0.519046,2.46051,0.651237
479518,1,-0.717984,0.0150763,0.993461,-2.24299,0.519048,2.46051,0.651236
479518,1,-0.717985,0.0150727,0.993463,-2.24299,0.519044,2.46051,0.651238
479518,1,-0.717984,0.015069,0.993463,-2.24299,0.519048,2.46051,0.651236
479518,1,-0.71798,0.0150713,0.993459,-2.24299,0.519047,2.46051,0.651231
479518,1,-0.717984,0.0150709,0.993462,-2.24299,0.519049,2.46051,0.651232
479518,1,-0.717982,0.0150748,0.993463,-2.24299,0.519044,2.46051,0.651234
479518,1,-0.717984,0.0150727,0.993459,-2.24299,0.519048,2.46051,0.651235
479518,1,-0.717986,0.0150708,0.993461,-2.24299,0.519046,2.4605,0.651231
479518,1,-0.717981,0.0150751,0.993465,-2.24299,0.519048,2.46051,0.651235
479518,1,-0.717984,0.0150743,0.993463,-2.24299,0.519046,2.46051,0.651227
479518,1,-0.717985,0.0150736,0.993457,-2.24299,0.51905,2.46051,0.651235
479518,1,-0.717982,0.0150734,0.993459,-2.24299,0.519048,2.46051,0.651235
479518,1,-0.717984,0.0150734,0.993462,-2.24299,0.519049,2.46051,0.651234
479518,1,-0.717985,0.0150759,0.993461,-2.24299,0.519046,2.4605,0.651229
479518,1,-0.717989,0.0150744,0.993465,-2.24299,0.519047,2.46051,0.651234
479518,1,-0.717984,0.0150764,0.993459,-2.24299,0.519051,2.46051,0.651231
479518,1,-0.717985,0.0150765,0.993463,-2.24299,0.519045,2.46051,0.651235
479518,1,-0.717985,0.015079,0.993458,-2.24299,0.51905,2.46051,0.651233
479518,1,-0.717985,0.0150782,0.993461,-2.24299,0.519049,2.46051,0.65123
479518,1,-0.717985,0.0150766,0.99346,-2.24299,0.519045,2.46051,0.651229
479518,1,-0.717983,0.0150744,0.993462,-2.24299,0.519045,2.46051,0.65123
479518,1,-0.717984,0.0150789,0.993463,-2.24299,0.519045,2.46051,0.65123
479518,1,-0.717985,0.0150728,0.993455,-2.24299,0.519045,2.4605,0.651233
479518,1,-0.717988,0.0150751,0.99346,-2.24299,0.519047,2.46051,0.651228
479518,1,-0.717982,0.0150761,0.993457,-2.24299,0.519049,2.46051,0.651233
479518,1,-0.717984,0.0150744,0.993455,-2.24299,0.519047,2.46051,0.651235
479518,1,-0.717982,0.0150775,0.99346,-2.24299,0.519044,2.46051,0.651232
479518,1,-0.717985,0.0150768,0.993461,-2.24299,0.519046,2.46051,0.651231
479518,1,-0.717987,0.0150768,0.993461,-2.24299,0.519049,2.46051,0.651226
479518,1,-0.717985,0.0150782,0.993461,-2.24299,0.51905,2.46051,0.651235
479518,1,-0.717986,0.0150761,0.993461,-2.24299,0.519048,2.4605,0.651232
479518,1,-0.717984,0.0150768,0.993463,-2.24299,0.519049,2.4605,0.651237
479519,1,-0.717984,0.0150754,0.993457,-2.24299,0.519049,2.46051,0.651236
479519,1,-0.717984,0.0150761,0.993458,-2.24299,0.519044,2.46051,0.651237
479519,1,-0.717985,0.0150714,0.99346,-2.24299,0.519047,2.46051,0.651237
479519,1,-0.717984,0.0150686,0.993464,-2.24299,0.51905,2.46051,0.651236
479519,1,-0.717982,0.0150737,0.993459,-2.24299,0.51905,2.46051,0.651235
479519,1,-0.717985,0.0150728,0.993455,-2.24299,0.519043,2.46051,0.651236
479519,1,-0.717984,0.0150765,0.993461,-2.24299,0.519048,2.4605,0.651237
479519,1,-0.717985,0.0150744,0.993462,-2.24299,0.51905,2.4605,0.65123
479519,1,-0.717982,0.0150754,0.993461,-2.24299,0.519049,2.4605,0.65123
479519,1,-0.717985,0.0150746,0.993463,-2.24298,0.519049,2.46051,0.651229
479519,1,-0.717985,0.0150746,0.993462,-2.24299,0.519043,2.46051,0.651238
479519,1,-0.71798,0.0150761,0.993461,-2.24299,0.519048,2.46051,0.651235
479519,1,-0.717984,0.0150772,0.993463,-2.24299,0.519049,2.4605,0.651238
479519,1,-0.717984,0.0150744,0.993457,-2.24299,0.519046,2.4605,0.651231
479519,1,-0.717982,0.0150734,0.993461,-2.24299,0.51905,2.46051,0.651237
479519,1,-0.717984,0.0150744,0.993463,-2.24299,0.519047,2.46051,0.651228
479519,1,-0.717982,0.0150744,0.993461,-2.24299,0.519046,2.46051,0.65123
479519,1,-0.717982,0.0150747,0.99346,-2.24299,0.519048,2.4605,0.651229
479519,1,-0.717987,0.0150734,0.993462,-2.24299,0.519049,2.46051,0.651232
479519,1,-0.717986,0.0150729,0.993462,-2.24299,0.519049,2.46051,0.651229
479519,1,-0.717984,0.0150744,0.993458,-2.24299,0.519049,2.46051,0.65123
479519,1,-0.717987,0.0150727,0.993459,-2.24299,0.519049,2.46051,0.651231
479519,1,-0.717984,0.015073,0.993455,-2.24299,0.519048,2.46051,0.651232
479519,1,-0.717984,0.015077,0.993455,-2.24299,0.519047,2.46051,0.651232
479519,1,-0.717985,0.0150768,0.993455,-2.24299,0.519045,2.46051,0.651232
479519,1,-0.717987,0.0150744,0.993463,-2.24299,0.519048,2.46051,0.651235
479519,1,-0.717984,0.0150747,0.993458,-2.24299,0.519049,2.46051,0.651231
479519,1,-0.717984,0.0150754,0.993463,-2.24299,0.519046,2.46051,0.651231
479519,1,-0.717984,0.0150727,0.993462,-2.24299,0.519046,2.4605,0.651235
479519,1,-0.717982,0.0150765,0.993461,-2.24299,0.519048,2.46051,0.651235
479519,1,-0.717985,0.0150766,0.993464,-2.24299,0.519047,2.46051,0.651234
479519,1,-0.717982,0.015073,0.993465,-2.24299,0.519047,2.46051,0.651234
479519,1,-0.71798,0.0150707,0.993461,-2.24299,0.519049,2.46051,0.651236
479519,1,-0.717984,0.0150785,0.993461,-2.24299,0.519048,2.46051,0.651231
479519,1,-0.717984,0.0150771,0.993459,-2.24299,0.519049,2.46051,0.651232
479519,1,-0.717984,0.0150707,0.993457,-2.24299,0.519048,2.46051,0.651233
479519,1,-0.717984,0.0150744,0.993461,-2.24299,0.519048,2.4605,0.651232
479519,1,-0.717987,0.0150768,0.993459,-2.24299,0.519052,2.46051,0.65123
479519,1,-0.717982,0.0150765,0.993459,-2.24299,0.519049,2.46051,0.651231
479519,1,-0.717982,0.0150745,0.99346,-2.24299,0.519048,2.46051,0.651231
479519,1,-0.717985,0.0150744,0.993457,-2.24299,0.519046,2.46051,0.651231
479519,1,-0.717987,0.0150738,0.993459,-2.24299,0.519051,2.46051,0.651237
479519,1,-0.717985,0.015069,0.993462,-2.24299,0.519042,2.4605,0.651233
479519,1,-0.717982,0.0150727,0.993465,-2.24299,0.519048,2.46051,0.651228
479519,1,-0.717984,0.015069,0.993457,-2.24299,0.519048,2.46051,0.65124
479519,1,-0.717984,0.0150755,0.993459,-2.24299,0.519047,2.46051,0.651229
479519,1,-0.71798,0.0150744,0.993459,-2.243,0.51905,2.4605,0.651232
479519,1,-0.717984,0.0150744,0.993459,-2.24299,0.519045,2.46051,0.651233
479519,1,-0.717982,0.0150768,0.993459,-2.24299,0.519044,2.4605,0.651237
479519,1,-0.717986,0.0150782,0.993462,-2.24299,0.519047,2.46051,0.651231
479519,1,-0.71798,0.0150761,0.993462,-2.24299,0.519047,2.4605,0.651228
479519,1,-0.717987,0.0150751,0.993461,-2.24299,0.519046,2.46051,0.651229
479519,1,-0.717984,0.0150727,0.993463,-2.24299,0.519049,2.46051,0.651234
479519,1,-0.717984,0.0150761,0.99346,-2.24299,0.519048,2.46051,0.651233
479519,1,-0.717988,0.0150746,0.993459,-2.24299,0.519047,2.46051,0.651234
479519,1,-0.717985,0.0150749,0.993461,-2.24299,0.519045,2.4605,0.65123
479519,1,-0.717987,0.0150744,0.993457,-2.24299,0.519048,2.46051,0.651235
479519,1,-0.717987,0.0150748,0.993459,-2.24299,0.519044,2.46051,0.651238
479519,1,-0.717987,0.0150761,0.993465,-2.24299,0.519048,2.46051,0.651237
479519,1,-0.717986,0.0150745,0.993461,-2.24299,0.519048,2.46051,0.651234
479519,1,-0.717984,0.0150748,0.993456,-2.24299,0.51905,2.46051,0.651233
479519,1,-0.717987,0.0150748,0.993461,-2.24299,0.519047,2.46051,0.651236
479519,1,-0.717985,0.0150729,0.993459,-2.24299,0.519048,2.46051,0.651236
479519,1,-0.717982,0.0150729,0.993463,-2.24299,0.51905,2.46051,0.651232
479519,1,-0.717982,0.0150707,0.993461,-2.24299,0.519045,2.4605,0.651237
479519,1,-0.717984,0.0150715,0.993459,-2.24299,0.519048,2.46051,0.651229
479519,1,-0.717986,0.0150751,0.993459,-2.24299,0.519045,2.46051,0.651234
479519,1,-0.717983,0.0150745,0.993459,-2.24299,0.519046,2.46051,0.651232
479519,1,-0.717985,0.0150756,0.993459,-2.24299,0.519048,2.46051,0.651232
479519,1,-0.717984,0.0150744,0.99346,-2.24299,0.519046,2.46051,0.651229
479519,1,-0.717981,0.0150761,0.993464,-2.24299,0.51905,2.46051,0.651234
479519,1,-0.717985,0.0150781,0.993459,-2.24299,0.519049,2.46051,0.651235
479519,1,-0.717982,0.0150748,0.993459,-2.243,0.519045,2.46051,0.651238
479519,1,-0.717987,0.015081,0.993462,-2.24299,0.519048,2.46051,0.651238
479519,1,-0.717984,0.0150729,0.993457,-2.24299,0.519045,2.4605,0.651234
479519,1,-0.717985,0.0150728,0.99346,-2.24299,0.519049,2.46051,0.651235
479519,1,-0.717985,0.0150744,0.993461,-2.24299,0.519049,2.46051,0.651231
479519,1,-0.717988,0.0150727,0.993458,-2.24299,0.519049,2.4605,0.651232
479519,1,-0.717985,0.0150727,0.993459,-2.24299,0.519049,2.46051,0.651231
479519,1,-0.717985,0.0150748,0.993459,-2.24299,0.519049,2.46051,0.651231
479519,1,-0.717984,0.0150744,0.99346,-2.24299,0.519049,2.46051,0.651228
479519,1,-0.717984,0.0150708,0.993459,-2.24299,0.519047,2.46051,0.651226
479519,1,-0.717983,0.0150727,0.993463,-2.24299,0.519047,2.46051,0.651229
479519,1,-0.717982,0.0150756,0.993461,-2.24299,0.519047,2.46051,0.651236
479519,1,-0.717982,0.0150785,0.993461,-2.24299,0.519054,2.46051,0.65123
479519,1,-0.717984,0.0150769,0.993462,-2.24299,0.519048,2.46051,0.651234
479519,1,-0.717982,0.0150746,0.993461,-2.24299,0.519045,2.46051,0.65123
479519,1,-0.717987,0.0150751,0.993461,-2.24299,0.519048,2.46051,0.65123
479519,1,-0.717984,0.0150765,0.993464,-2.24299,0.519049,2.4605,0.651231
479519,1,-0.717984,0.0150754,0.993458,-2.24299,0.519046,2.46051,0.651235
479519,1,-0.717984,0.0150714,0.993461,-2.24299,0.519044,2.46051,0.65123
479519,1,-0.717984,0.0150746,0.993457,-2.24299,0.519049,2.46051,0.651237
479519,1,-0.717985,0.0150753,0.993462,-2.24299,0.519049,2.46051,0.651231
479519,1,-0.717984,0.0150744,0.993462,-2.24299,0.519047,2.4605,0.651235
479519,1,-0.717984,0.0150707,0.993457,-2.24299,0.519047,2.46051,0.651236
479519,1,-0.717984,0.0150756,0.993461,-2.243,0.51905,2.46051,0.651235
479519,1,-0.717984,0.0150751,0.993462,-2.24299,0.519044,2.4605,0.651237
479519,1,-0.717984,0.0150751,0.993463,-2.24299,0.519045,2.46051,0.651231
479519,1,-0.717985,0.0150724,0.993459,-2.24299,0.519049,2.46051,0.651235
479519,1,-0.717985,0.0150746,0.993455,-2.24299,0.51905,2.46051,0.651233
479519,1,-0.717984,0.0150723,0.993464,-2.24299,0.519047,2.46051,0.651233
479519,1,-0.717984,0.0150765,0.993461,-2.24299,0.519049,2.46051,0.651232
479519,1,-0.717984,0.0150709,0.993459,-2.24299,0.519047,2.46051,0.651234
479519,1,-0.717985,0.0150768,0.993461,-2.24299,0.51905,2.46051,0.651238
479519,1,-0.717985,0.0150802,0.993459,-2.24299,0.519046,2.46051,0.651232
479519,1,-0.717985,0.0150781,0.993459,-2.24299,0.519048,2.46051,0.651235
479519,1,-0.717982,0.0150761,0.993457,-2.24299,0.519045,2.46051,0.651234
479519,1,-0.717982,0.0150744,0.993457,-2.24299,0.519049,2.46051,0.651235
479519,1,-0.717986,0.0150744,0.993462,-2.24299,0.519049,2.46051,0.651237
479519,1,-0.717984,0.0150745,0.993458,-2.24299,0.51905,2.46051,0.651233
479519,1,-0.717986,0.0150788,0.993461,-2.24299,0.519048,2.46051,0.65123
479519,1,-0.717984,0.0150744,0.993457,-2.24299,0.519047,2.46051,0.651233
479519,1,-0.717987,0.0150749,0.993459,-2.24299,0.519048,2.46051,0.651231
479519,1,-0.717984,0.0150768,0.993461,-2.24299,0.519048,2.46051,0.651235
479519,1,-0.717984,0.0150727,0.993461,-2.24299,0.519047,2.46051,0.651229
479519,1,-0.717985,0.0150711,0.99346,-2.24299,0.519045,2.4605,0.651231
479519,1,-0.717986,0.0150707,0.993459,-2.24299,0.51905,2.46051,0.651231
479519,1,-0.717985,0.0150746,0.993458,-2.24299,0.519045,2.46051,0.651235
479519,1,-0.717982,0.0150727,0.993463,-2.24299,0.519047,2.46051,0.651229
479519,1,-0.717984,0.0150744,0.993464,-2.24299,0.519048,2.4605,0.651234
479519,1,-0.717984,0.0150747,0.993459,-2.24299,0.519046,2.46051,0.651231
479519,1,-0.717984,0.0150803,0.993462,-2.24299,0.519048,2.46051,0.651235
479519,1,-0.717984,0.0150722,0.993458,-2.24299,0.519046,2.4605,0.651233
479519,1,-0.717987,0.0150763,0.993458,-2.24299,0.519051,2.46051,0.651233
479519,1,-0.717985,0.0150789,0.993459,-2.24299,0.519047,2.46051,0.65123
479519,1,-0.717985,0.0150762,0.993459,-2.24299,0.51905,2.46051,0.651235
479519,1,-0.717985,0.0150782,0.993458,-2.24299,0.519047,2.46051,0.651237
479519,1,-0.717986,0.015079,0.993462,-2.24299,0.519048,2.46051,0.651233
479519,1,-0.717985,0.0150766,0.993461,-2.24299,0.519047,2.46051,0.651237
479519,1,-0.717983,0.0150751,0.993459,-2.24299,0.519047,2.46051,0.651233
479519,1,-0.717985,0.0150707,0.99346,-2.24299,0.519046,2.46051,0.651236
479519,1,-0.717984,0.0150727,0.993464,-2.24299,0.519045,2.46051,0.651233
479519,1,-0.717982,0.0150728,0.993466,-2.24299,0.519049,2.4605,0.651235
479519,1,-0.717982,0.0150748,0.993463,-2.24299,0.519049,2.46051,0.651236
479519,1,-0.717984,0.0150781,0.99346,-2.24299,0.519048,2.46051,0.651231
479519,1,-0.717982,0.0150802,0.993463,-2.24299,0.519046,2.46051,0.651231
479519,1,-0.717985,0.0150748,0.993459,-2.24299,0.519049,2.46051,0.65123
479519,1,-0.717982,0.0150766,0.993463,-2.24299,0.519048,2.46051,0.651231
479519,1,-0.717984,0.0150751,0.993459,-2.24299,0.51905,2.46051,0.651231
479519,1,-0.717989,0.0150766,0.993464,-2.24299,0.519049,2.46051,0.651226
479519,1,-0.717984,0.0150707,0.993459,-2.24299,0.519047,2.46051,0.65123
479519,1,-0.717983,0.0150709,0.99346,-2.24299,0.51905,2.46051,0.651237
479519,1,-0.717983,0.0150707,0.993458,-2.24299,0.519048,2.46051,0.651235
479519,1,-0.717984,0.0150773,0.993459,-2.24299,0.519044,2.46051,0.651236
479519,1,-0.717983,0.0150773,0.993461,-2.24299,0.519048,2.46051,0.651235
479519,1,-0.717985,0.0150768,0.993458,-2.24299,0.519044,2.46051,0.651234
479519,1,-0.717988,0.0150729,0.993465,-2.24299,0.519047,2.46051,0.651237
479519,1,-0.717986,0.0150783,0.993459,-2.24299,0.519048,2.4605,0.651232
479519,1,-0.717986,0.0150746,0.993458,-2.24299,0.519048,2.46051,0.65123
479519,1,-0.717985,0.0150782,0.993459,-2.24299,0.519046,2.46051,0.65123
479519,1,-0.717985,0.0150762,0.993457,-2.24299,0.519048,2.4605,0.651235
479519,1,-0.717984,0.0150782,0.99346,-2.24299,0.519048,2.46051,0.651231
479519,1,-0.717982,0.0150736,0.993464,-2.24299,0.519045,2.46051,0.651238
479519,1,-0.717982,0.0150745,0.993461,-2.24299,0.519049,2.46051,0.651236
479519,1,-0.717984,0.0150748,0.99346,-2.24299,0.519044,2.46051,0.651236
479519,1,-0.717985,0.0150744,0.993464,-2.24299,0.519044,2.46051,0.651237
479519,1,-0.717984,0.0150763,0.993462,-2.24299,0.519048,2.46051,0.651237
479519,1,-0.717986,0.0150761,0.993464,-2.24299,0.519046,2.46051,0.651237
479519,1,-0.717984,0.0150745,0.993459,-2.24299,0.519048,2.46051,0.65123
479519,1,-0.717985,0.0150771,0.993461,-2.24299,0.519046,2.46051,0.651232
479519,1,-0.717987,0.0150753,0.993463,-2.24299,0.519048,2.46051,0.651231
479519,1,-0.717982,0.0150765,0.993459,-2.24299,0.519049,2.46051,0.651236
479519,1,-0.717986,0.0150785,0.993464,-2.24299,0.519048,2.46051,0.651231
479519,1,-0.717984,0.0150798,0.993464,-2.24299,0.519046,2.46051,0.651235
479519,1,-0.717984,0.0150744,0.99346,-2.24298,0.519047,2.46051,0.65123
479519,1,-0.717984,0.0150727,0.993459,-2.24299,0.519044,2.46051,0.651232
479519,1,-0.717985,0.0150736,0.993456,-2.24299,0.519047,2.46051,0.651231
479519,1,-0.717984,0.015069,0.993463,-2.24299,0.519046,2.4605,0.651235
479519,1,-0.717984,0.0150744,0.993461,-2.24299,0.519049,2.46051,0.651225
479519,1,-0.717986,0.0150782,0.993462,-2.24299,0.519045,2.46051,0.651235
479519,1,-0.717985,0.0150728,0.993461,-2.24299,0.519045,2.46051,0.651233
479519,1,-0.717983,0.015072,0.993459,-2.24299,0.519043,2.46051,0.651235
479519,1,-0.717984,0.0150744,0.993461,-2.24299,0.519048,2.46051,0.651238
479519,1,-0.717982,0.015072,0.993462,-2.24299,0.519047,2.4605,0.651237
479519,1,-0.717984,0.0150745,0.99346,-2.24299,0.519048,2.46051,0.651235
479519,1,-0.717984,0.0150766,0.993462,-2.24299,0.519049,2.46051,0.651238
479519,1,-0.717987,0.015074,0.993462,-2.24299,0.51905,2.46051,0.651235
479519,1,-0.717984,0.0150783,0.993461,-2.24299,0.519049,2.46051,0.651234
479519,1,-0.717987,0.0150752,0.993459,-2.24299,0.519048,2.4605,0.651234
479519,1,-0.717984,0.0150745,0.993462,-2.24299,0.519046,2.46051,0.651236
479519,1,-0.717984,0.0150736,0.993459,-2.24299,0.519046,2.46051,0.651233
479519,1,-0.717985,0.0150727,0.993457,-2.24299,0.519044,2.46051,0.651232
479519,1,-0.71798,0.0150727,0.993461,-2.24299,0.519049,2.46051,0.651232
479519,1,-0.717985,0.0150746,0.993461,-2.24299,0.519049,2.46051,0.651227
479519,1,-0.717984,0.0150736,0.993465,-2.24299,0.519047,2.46051,0.651233
479519,1,-0.717986,0.0150746,0.993461,-2.24299,0.51905,2.46051,0.651233
479519,1,-0.717982,0.0150754,0.993462,-2.24299,0.519044,2.46051,0.651231
479519,1,-0.717984,0.0150727,0.993462,-2.24299,0.519048,2.46051,0.651238
479519,1,-0.717985,0.0150744,0.993459,-2.24298,0.519049,2.46051,0.651232
479519,1,-0.717985,0.0150734,0.993462,-2.24299,0.519048,2.46051,0.651236
479519,1,-0.717982,0.0150725,0.993459,-2.24299,0.519048,2.4605,0.651235
479519,1,-0.717987,0.0150758,0.993465,-2.24299,0.519047,2.46051,0.651235
479519,1,-0.717985,0.0150751,0.993459,-2.24299,0.519044,2.46051,0.651237
479519,1,-0.717982,0.0150746,0.993461,-2.24299,0.51905,2.46051,0.651235
479519,1,-0.717984,0.0150761,0.993462,-2.24299,0.519047,2.4605,0.651236
479519,1,-0.717987,0.0150761,0.993457,-2.24299,0.519049,2.4605,0.651239
479519,1,-0.717984,0.0150735,0.993459,-2.24299,0.519048,2.46051,0.651238
479519,1,-0.717986,0.0150752,0.993457,-2.24299,0.519051,2.46051,0.651233
479519,1,-0.717983,0.0150783,0.993457,-2.24299,0.519049,2.46051,0.651234
479519,1,-0.717984,0.015082,0.993459,-2.24298,0.519049,2.46051,0.651232
479520,1,-0.717986,0.0150782,0.993463,-2.24299,0.519049,2.4605,0.65123
479520,1,-0.717988,0.0150772,0.993459,-2.24299,0.519044,2.46051,0.651232
479520,1,-0.717983,0.0150748,0.993461,-2.24299,0.519049,2.4605,0.651236
479520,1,-0.717982,0.0150747,0.993461,-2.24299,0.519043,2.46051,0.651234
479520,1,-0.717984,0.0150744,0.993461,-2.243,0.519049,2.4605,0.651235
479520,1,-0.717982,0.0150734,0.993465,-2.24299,0.519049,2.46051,0.651229
479520,1,-0.717984,0.0150771,0.993464,-2.24299,0.519047,2.46051,0.651234
479520,1,-0.717982,0.0150766,0.993461,-2.24299,0.519049,2.46051,0.651235
479520,1,-0.717984,0.0150709,0.993463,-2.24299,0.519044,2.4605,0.651235
479520,1,-0.717985,0.0150728,0.993461,-2.24299,0.51905,2.4605,0.65123
479520,1,-0.717985,0.0150744,0.993462,-2.24299,0.519053,2.4605,0.651233
479520,1,-0.717982,0.015071,0.993466,-2.24299,0.519043,2.46051,0.651231
479520,1,-0.717984,0.0150729,0.993462,-2.24299,0.519047,2.46051,0.651233
479520,1,-0.717984,0.0150727,0.993461,-2.24299,0.519051,2.46051,0.651231
479520,1,-0.717988,0.0150748,0.993462,-2.24299,0.519048,2.46051,0.651231
479520,1,-0.717985,0.0150771,0.993459,-2.24299,0.519046,2.46051,0.651231
479520,1,-0.717984,0.0150771,0.993458,-2.24299,0.519049,2.46051,0.651232
479520,1,-0.717985,0.0150727,0.993463,-2.24299,0.519049,2.4605,0.651235
479520,1,-0.717985,0.01508,0.993456,-2.24299,0.519047,2.46051,0.651234
479520,1,-0.717985,0.0150715,0.993463,-2.24299,0.519049,2.46051,0.651233
479520,1,-0.717987,0.0150744,0.993455,-2.24299,0.519046,2.46051,0.651236
479520,1,-0.717982,0.0150726,0.993459,-2.24299,0.519048,2.4605,0.65123
479520,1,-0.717985,0.0150707,0.993463,-2.24299,0.519044,2.46051,0.651237
479520,1,-0.717982,0.0150761,0.993461,-2.24299,0.519047,2.46051,0.65123
479520,1,-0.717986,0.0150714,0.993459,-2.24299,0.519047,2.46051,0.651235
479520,1,-0.717985,0.0150689,0.993461,-2.24299,0.519049,2.46051,0.651235
479520,1,-0.717984,0.0150765,0.993457,-2.24298,0.519049,2.46051,0.651233
479520,1,-0.717985,0.0150763,0.993464,-2.24299,0.51905,2.4605,0.651231
479520,1,-0.717984,0.0150745,0.993459,-2.24299,0.519049,2.4605,0.651234
479520,1,-0.717984,0.0150768,0.993461,-2.24299,0.519048,2.46051,0.65123
479520,1,-0.717984,0.0150751,0.993461,-2.24299,0.519048,2.46051,0.651235
479520,1,-0.717986,0.015073,0.993458,-2.24299,0.519044,2.46051,0.651237
479520,1,-0.717985,0.0150751,0.993457,-2.24299,0.519047,2.4605,0.651231
479520,1,-0.717985,0.0150754,0.993456,-2.24299,0.519049,2.46051,0.651239
479520,1,-0.71798,0.0150728,0.993459,-2.24299,0.519044,2.46051,0.651237
479520,1,-0.717984,0.0150765,0.993455,-2.24299,0.519047,2.46051,0.651235
479520,1,-0.717987,0.0150751,0.993459,-2.24299,0.519045,2.46051,0.651233
479520,1,-0.717984,0.0150751,0.993464,-2.24299,0.519046,2.46051,0.651236
479520,1,-0.717986,0.0150784,0.993461,-2.24299,0.519049,2.46051,0.651235
479520,1,-0.717984,0.0150785,0.99346,-2.24299,0.519047,2.46051,0.651235
479520,1,-0.717982,0.0150707,0.993457,-2.24299,0.519044,2.46051,0.651234
479520,1,-0.717982,0.0150746,0.993461,-2.24299,0.519044,2.46051,0.651231
479520,1,-0.717986,0.0150734,0.993459,-2.24299,0.519046,2.46051,0.651235
479520,1,-0.717985,0.0150761,0.993457,-2.24299,0.519045,2.46051,0.65123
479520,1,-0.71798,0.0150772,0.99346,-2.24299,0.519049,2.46051,0.651231
479520,1,-0.717984,0.0150744,0.99346,-2.24299,0.519049,2.4605,0.651235
479520,1,-0.717984,0.0150744,0.993461,-2.24299,0.519049,2.4605,0.651231
479520,1,-0.717982,0.0150754,0.993462,-2.24299,0.519049,2.46051,0.651232
479520,1,-0.717984,0.0150707,0.99346,-2.24299,0.519049,2.46051,0.651231
479520,1,-0.717986,0.0150752,0.993462,-2.24299,0.519049,2.46051,0.651235
479520,1,-0.717985,0.0150727,0.993461,-2.24299,0.519049,2.46051,0.651231
479520,1,-0.717984,0.0150783,0.993462,-2.24299,0.519049,2.46051,0.651236
479520,1,-0.717985,0.0150714,0.993461,-2.24299,0.519049,2.46051,0.651232
479520,1,-0.717984,0.01507,0.993463,-2.24299,0.519041,2.46051,0.651233
479520,1,-0.717984,0.0150728,0.99346,-2.24299,0.51905,2.46051,0.651231
479520,1,-0.717984,0.0150734,0.99346,-2.24299,0.519048,2.46051,0.651231
479520,1,-0.717984,0.0150751,0.993457,-2.24299,0.519049,2.46051,0.651235
479520,1,-0.717984,0.0150744,0.993459,-2.24299,0.519044,2.4605,0.651236
479520,1,-0.717986,0.0150716,0.99346,-2.24299,0.519047,2.46051,0.651237
479520,1,-0.717982,0.0150745,0.993463,-2.24299,0.519044,2.46051,0.651236
479520,1,-0.717984,0.0150745,0.99346,-2.24299,0.519044,2.4605,0.651236
479520,1,-0.717987,0.0150729,0.993459,-2.24299,0.519049,2.46051,0.651238
479520,1,-0.717982,0.0150746,0.993462,-2.24299,0.519048,2.46051,0.651229
479520,1,-0.717982,0.0150726,0.993461,-2.24299,0.519049,2.46051,0.651231
479520,1,-0.717986,0.0150727,0.993463,-2.24299,0.519049,2.46051,0.651233
479520,1,-0.717982,0.0150753,0.993459,-2.24299,0.519048,2.4605,0.651233
479520,1,-0.717985,0.015069,0.993459,-2.24299,0.519048,2.46051,0.651235
479520,1,-0.717982,0.0150761,0.993461,-2.24299,0.519047,2.4605,0.651232
479520,1,-0.717985,0.0150707,0.993466,-2.24299,0.519048,2.4605,0.651237
479520,1,-0.717984,0.0150765,0.993461,-2.24298,0.51905,2.46051,0.651235
479520,1,-0.71798,0.0150714,0.993459,-2.24299,0.519045,2.46051,0.651232
479520,1,-0.717985,0.0150768,0.993457,-2.24299,0.519046,2.46051,0.651231
479520,1,-0.717985,0.0150748,0.993461,-2.24299,0.519046,2.46051,0.651235
479520,1,-0.717982,0.0150729,0.993461,-2.24299,0.519045,2.46051,0.65123
479520,1,-0.717982,0.0150744,0.993462,-2.24299,0.519048,2.46051,0.651234
479520,1,-0.717985,0.0150735,0.993458,-2.24299,0.519046,2.46051,0.65123
479520,1,-0.717987,0.0150753,0.993461,-2.24299,0.519047,2.46051,0.651235
479520,1,-0.717984,0.0150765,0.993459,-2.243,0.51905,2.46051,0.651237
479520,1,-0.717982,0.0150729,0.993463,-2.24299,0.519045,2.46051,0.651236
479520,1,-0.717984,0.0150727,0.993461,-2.24299,0.519051,2.46051,0.651239
479520,1,-0.717985,0.0150727,0.993464,-2.24299,0.519046,2.46051,0.65123
479520,1,-0.717985,0.0150709,0.993457,-2.243,0.519049,2.46051,0.651237
479520,1,-0.717987,0.0150708,0.993462,-2.24299,0.519048,2.46051,0.651231
479520,1,-0.717983,0.0150753,0.993459,-2.24298,0.519045,2.46051,0.651229
479520,1,-0.717985,0.0150768,0.993457,-2.24299,0.519047,2.4605,0.651231
479520,1,-0.717985,0.0150714,0.993461,-2.24299,0.51905,2.46051,0.651228
479520,1,-0.717984,0.015069,0.993462,-2.24299,0.519047,2.4605,0.651228
479520,1,-0.71798,0.0150746,0.993459,-2.24299,0.519048,2.46051,0.651232
479520,1,-0.717985,0.0150745,0.993462,-2.24299,0.519048,2.46051,0.651228
479520,1,-0.717982,0.0150745,0.993464,-2.24299,0.519044,2.46051,0.651235
479520,1,-0.717984,0.0150745,0.993462,-2.24299,0.519046,2.46051,0.651233
479520,1,-0.717987,0.0150744,0.993459,-2.24299,0.519044,2.46051,0.651235
479520,1,-0.717985,0.015071,0.993462,-2.24299,0.519047,2.46051,0.651236
479520,1,-0.71798,0.0150768,0.993463,-2.24298,0.519049,2.46051,0.651235
479520,1,-0.717985,0.0150735,0.993464,-2.24299,0.519047,2.46051,0.651234
479520,1,-0.717984,0.0150697,0.993464,-2.24299,0.519049,2.46051,0.651235
479520,1,-0.717984,0.0150751,0.993461,-2.24299,0.519048,2.4605,0.651238
479520,1,-0.717986,0.0150728,0.993463,-2.24299,0.51905,2.46051,0.651232
479520,1,-0.717987,0.0150782,0.993466,-2.24299,0.51905,2.46051,0.651235
479520,1,-0.717985,0.0150708,0.993462,-2.24299,0.519051,2.46051,0.651227
479520,1,-0.717984,0.0150773,0.993459,-2.24299,0.519046,2.46051,0.651231
479520,1,-0.717984,0.0150761,0.993461,-2.24299,0.519047,2.46051,0.651232
479520,1,-0.71799,0.0150751,0.993459,-2.24299,0.519043,2.46051,0.651235
479520,1,-0.717987,0.0150763,0.99346,-2.24299,0.51905,2.46051,0.651231
479520,1,-0.717984,0.0150728,0.993455,-2.24299,0.519048,2.46051,0.651236
479520,1,-0.717984,0.0150746,0.993459,-2.24299,0.519049,2.46051,0.651233
479520,1,-0.717984,0.0150716,0.993459,-2.24299,0.519043,2.46051,0.651235
479520,1,-0.717984,0.0150711,0.99346,-2.24299,0.519045,2.46051,0.651236
479520,1,-0.717982,0.0150709,0.993458,-2.24299,0.519047,2.46051,0.651229
479520,1,-0.717985,0.0150735,0.993462,-2.24299,0.519049,2.46051,0.651231
479520,1,-0.717985,0.015079,0.993459,-2.24299,0.519048,2.46051,0.651229
479520,1,-0.717985,0.0150748,0.993462,-2.24299,0.519045,2.46051,0.651235
479520,1,-0.717984,0.0150744,0.993457,-2.24299,0.519049,2.46051,0.651236
479520,1,-0.717987,0.0150736,0.993459,-2.24299,0.519049,2.46051,0.651237
479520,1,-0.717982,0.0150758,0.993459,-2.24299,0.519049,2.46051,0.651236
479520,1,-0.717982,0.0150701,0.993461,-2.24299,0.519049,2.46051,0.651232
479520,1,-0.717984,0.0150744,0.993463,-2.24299,0.519053,2.4605,0.65123
479520,1,-0.717984,0.0150729,0.993461,-2.24299,0.519045,2.46051,0.651237
479520,1,-0.717982,0.0150736,0.993459,-2.24299,0.519049,2.46051,0.651232
479520,1,-0.717984,0.0150784,0.993461,-2.24299,0.519049,2.46051,0.651235
479520,1,-0.717982,0.015075,0.99346,-2.24299,0.519046,2.46051,0.651234
479520,1,-0.717984,0.0150751,0.993459,-2.24299,0.519045,2.46051,0.651233
479520,1,-0.717985,0.0150744,0.993458,-2.24299,0.519044,2.46051,0.651238
479520,1,-0.717986,0.0150805,0.993464,-2.24299,0.519048,2.46051,0.65123
479520,1,-0.717984,0.0150773,0.993463,-2.24299,0.519047,2.46051,0.651229
479520,1,-0.717988,0.015073,0.993457,-2.24299,0.519044,2.46051,0.651229
479520,1,-0.717985,0.015079,0.993459,-2.24299,0.519047,2.46051,0.651233
479520,1,-0.717985,0.0150745,0.993458,-2.24299,0.51905,2.46051,0.651229
479520,1,-0.717982,0.0150781,0.993459,-2.24299,0.519046,2.46051,0.651231
479520,1,-0.717984,0.0150746,0.993463,-2.24299,0.519048,2.46051,0.651232
479520,1,-0.717984,0.0150783,0.993461,-2.24299,0.519045,2.46051,0.651234
479520,1,-0.717985,0.0150727,0.993459,-2.24299,0.519043,2.46051,0.651238
479520,1,-0.717982,0.0150783,0.993461,-2.24299,0.519047,2.46051,0.651237
479520,1,-0.717988,0.0150761,0.993464,-2.24299,0.519047,2.4605,0.651237
479520,1,-0.717982,0.015071,0.993462,-2.24298,0.519046,2.46051,0.651233
479520,1,-0.717988,0.0150727,0.993459,-2.24299,0.51905,2.46051,0.651231
479520,1,-0.717983,0.0150727,0.993459,-2.24299,0.519044,2.4605,0.651231
479520,1,-0.717985,0.0150728,0.993461,-2.24299,0.519047,2.46051,0.651237
479520,1,-0.717982,0.0150744,0.993461,-2.24299,0.519048,2.46051,0.651236
479520,1,-0.717984,0.0150782,0.993461,-2.24299,0.519049,2.46051,0.651235
479520,1,-0.717983,0.0150738,0.993463,-2.24299,0.519049,2.46051,0.651237
479520,1,-0.717985,0.0150731,0.99346,-2.24298,0.519049,2.4605,0.651232
479520,1,-0.717985,0.0150744,0.993463,-2.24299,0.519047,2.46051,0.651236
479520,1,-0.717982,0.0150744,0.993459,-2.24299,0.519048,2.46051,0.651231
479520,1,-0.717983,0.0150725,0.993461,-2.24299,0.519054,2.46051,0.651229
479520,1,-0.71798,0.0150751,0.993465,-2.24299,0.519049,2.46051,0.651236
479520,1,-0.717986,0.0150747,0.993462,-2.24299,0.519049,2.4605,0.651229
479520,1,-0.717985,0.0150763,0.993459,-2.24299,0.519048,2.46051,0.651233
479520,1,-0.717985,0.0150762,0.993459,-2.24299,0.519045,2.46051,0.651232
479520,1,-0.717986,0.0150805,0.993461,-2.24299,0.519046,2.4605,0.651228
479520,1,-0.717985,0.0150771,0.993457,-2.24299,0.519049,2.46051,0.651231
479520,1,-0.717984,0.0150775,0.993465,-2.24299,0.519047,2.46051,0.651231
479520,1,-0.717982,0.0150751,0.99346,-2.24299,0.519048,2.4605,0.651237
479520,1,-0.717985,0.0150772,0.993463,-2.24299,0.519049,2.46051,0.651238
479520,1,-0.717984,0.0150747,0.993464,-2.24299,0.519048,2.46051,0.651231
479520,1,-0.717985,0.0150754,0.993462,-2.24299,0.519048,2.46051,0.651234
479520,1,-0.717984,0.0150744,0.993461,-2.24299,0.519046,2.46051,0.651234
479520,1,-0.717985,0.0150744,0.993463,-2.24299,0.519048,2.46051,0.651233
479520,1,-0.717987,0.0150727,0.993462,-2.24299,0.51905,2.46051,0.651226
479520,1,-0.717982,0.0150707,0.993457,-2.24299,0.519048,2.46051,0.651228
479520,1,-0.717984,0.0150765,0.993463,-2.24299,0.519046,2.46051,0.651235
479520,1,-0.717985,0.0150765,0.993459,-2.24299,0.519047,2.46051,0.651236
479520,1,-0.717982,0.015079,0.993459,-2.24299,0.519048,2.4605,0.651238
479520,1,-0.717985,0.0150772,0.993462,-2.24299,0.519049,2.46051,0.65123
479520,1,-0.717986,0.0150806,0.993457,-2.24299,0.519044,2.46051,0.651234
479520,1,-0.717984,0.0150748,0.993462,-2.24299,0.519047,2.46051,0.65123
479520,1,-0.717984,0.0150728,0.993464,-2.24299,0.519049,2.46051,0.651232
479520,1,-0.71798,0.0150749,0.993459,-2.24299,0.519046,2.46051,0.651238
479520,1,-0.717984,0.0150744,0.993465,-2.24299,0.519045,2.46051,0.651231
479520,1,-0.717982,0.0150751,0.993459,-2.24299,0.51905,2.4605,0.651235
479520,1,-0.717983,0.0150727,0.993462,-2.24299,0.519048,2.46051,0.651233
479520,1,-0.717984,0.0150746,0.993463,-2.24299,0.519047,2.46051,0.651238
479520,1,-0.717987,0.0150734,0.993459,-2.24299,0.519045,2.46051,0.651232
479520,1,-0.717985,0.0150764,0.993462,-2.24299,0.519048,2.46051,0.651235
479520,1,-0.717985,0.0150764,0.993461,-2.24299,0.51905,2.4605,0.651231
479520,1,-0.717991,0.0150707,0.993455,-2.24299,0.519049,2.46051,0.651233
479520,1,-0.717984,0.0150783,0.993461,-2.24299,0.519047,2.46051,0.651238
479520,1,-0.717981,0.0150729,0.993459,-2.24299,0.519047,2.46051,0.651231
479520,1,-0.717984,0.0150751,0.993458,-2.24299,0.519048,2.46051,0.651232
479520,1,-0.717987,0.0150763,0.993459,-2.243,0.519045,2.4605,0.651229
479520,1,-0.717982,0.0150768,0.993458,-2.24299,0.519048,2.46051,0.651236
479520,1,-0.717984,0.0150766,0.993457,-2.24299,0.519049,2.46051,0.651234
479520,1,-0.717991,0.0150785,0.993459,-2.24299,0.519046,2.46051,0.651236
479520,1,-0.717984,0.0150773,0.993461,-2.24299,0.519049,2.46051,0.651233
479520,1,-0.717982,0.0150765,0.993465,-2.24299,0.519049,2.46051,0.651231
479520,1,-0.717982,0.0150766,0.993461,-2.24299,0.519047,2.4605,0.651232
479520,1,-0.717982,0.0150751,0.993457,-2.24299,0.519049,2.46051,0.651235
479520,1,-0.717982,0.0150766,0.993462,-2.24299,0.519046,2.46051,0.651238
479520,1,-0.71799,0.0150749,0.99346,-2.24299,0.51905,2.46051,0.651237
479520,1,-0.71798,0.0150752,0.993463,-2.24299,0.519046,2.46051,0.651236
479520,1,-0.717982,0.0150744,0.99346,-2.24299,0.519044,2.46051,0.651233
479520,1,-0.717985,0.0150717,0.99346,-2.24299,0.519049,2.4605,0.651232
479520,1,-0.717984,0.0150762,0.993459,-2.24299,0.51905,2.46051,0.651232
479520,1,-0.717988,0.0150745,0.993461,-2.24299,0.519048,2.46051,0.651237
479520,1,-0.717985,0.0150763,0.993463,-2.24299,0.519049,2.46051,0.651229
479520,1,-0.717984,0.0150727,0.993459,-2.24299,0.519049,2.4605,0.651232
479520,1,-0.717985,0.0150748,0.993461,-2.24299,0.519045,2.46051,0.651239
479520,1,-0.717985,0.0150781,0.993463,-2.24299,0.519048,2.46051,0.651232
479520,1,-0.717985,0.0150747,0.993459,-2.24299,0.519049,2.46051,0.651236
479520,1,-0.717985,0.0150783,0.993455,-2.24299,0.519047,2.46051,0.651233
479521,1,-0.717982,0.0150804,0.993461,-2.24299,0.519049,2.46051,0.651228
479521,1,-0.71798,0.0150746,0.993459,-2.24299,0.519047,2.46051,0.651235
479521,1,-0.717982,0.015079,0.993463,-2.24299,0.519045,2.4605,0.651235
479521,1,-0.717982,0.0150763,0.993457,-2.24299,0.519048,2.46051,0.651231
479521,1,-0.717987,0.0150751,0.993461,-2.24298,0.519045,2.46051,0.651237
479521,1,-0.717982,0.0150754,0.993459,-2.24299,0.519046,2.46051,0.651234
479521,1,-0.717984,0.0150789,0.993461,-2.24299,0.519044,2.46051,0.651232
479521,1,-0.717986,0.0150764,0.993457,-2.24299,0.519047,2.46051,0.651232
479521,1,-0.717982,0.0150765,0.993459,-2.24298,0.519049,2.46051,0.651233
479521,1,-0.717985,0.0150772,0.993461,-2.24299,0.519045,2.4605,0.651231
479521,1,-0.717988,0.0150748,0.993464,-2.24299,0.519046,2.46051,0.651229
479521,1,-0.717984,0.0150781,0.99346,-2.24299,0.519048,2.46051,0.651237
479521,1,-0.717984,0.0150745,0.993457,-2.24299,0.519045,2.46051,0.651235
479521,1,-0.717985,0.0150744,0.99346,-2.24299,0.519049,2.46051,0.651232
479521,1,-0.717984,0.0150765,0.99346,-2.24299,0.519049,2.46051,0.651231
479521,1,-0.717985,0.0150737,0.993457,-2.24299,0.519048,2.46051,0.651231
479521,1,-0.717988,0.0150781,0.993457,-2.24299,0.51905,2.46051,0.651231
479521,1,-0.717984,0.0150752,0.993458,-2.24299,0.519048,2.4605,0.651229
479521,1,-0.717988,0.0150729,0.993463,-2.24299,0.519045,2.46051,0.651231
479521,1,-0.717984,0.0150765,0.993461,-2.24299,0.519049,2.46051,0.651231
479521,1,-0.717985,0.0150751,0.99346,-2.24298,0.519047,2.46051,0.651238
479521,1,-0.71798,0.015079,0.993459,-2.24299,0.519048,2.46051,0.651236
479521,1,-0.717983,0.0150768,0.993459,-2.24299,0.519046,2.4605,0.651231
479521,1,-0.717982,0.0150768,0.993464,-2.24299,0.519049,2.4605,0.651234
479521,1,-0.717984,0.0150775,0.993458,-2.24299,0.51905,2.46051,0.651234
479521,1,-0.717984,0.0150771,0.993465,-2.24299,0.519045,2.46051,0.651238
479521,1,-0.717985,0.0150737,0.993463,-2.24299,0.519048,2.46051,0.651229
479521,1,-0.717982,0.0150744,0.993461,-2.24299,0.519048,2.46051,0.651237
479521,1,-0.717984,0.0150728,0.993459,-2.24299,0.519049,2.4605,0.651236
479521,1,-0.717985,0.0150744,0.993464,-2.24299,0.51905,2.46051,0.651234
479521,1,-0.717984,0.0150736,0.99346,-2.24299,0.519049,2.46051,0.651235
479521,1,-0.71798,0.0150714,0.993461,-2.24299,0.519046,2.46051,0.651229
479521,1,-0.717984,0.0150746,0.993461,-2.24299,0.519042,2.46051,0.651234
479521,1,-0.717984,0.0150751,0.993464,-2.24299,0.519042,2.46051,0.651228
479521,1,-0.717986,0.0150764,0.993461,-2.24299,0.519049,2.46051,0.65123
479521,1,-0.717984,0.0150762,0.993461,-2.24299,0.519049,2.4605,0.65123
479521,1,-0.717984,0.0150752,0.993461,-2.24299,0.519049,2.46051,0.651235
479521,1,-0.717982,0.0150747,0.993457,-2.24299,0.519043,2.46051,0.651235
479521,1,-0.717982,0.0150709,0.993463,-2.24299,0.519048,2.46051,0.651228
479521,1,-0.717988,0.0150728,0.993459,-2.24299,0.519045,2.46051,0.651239
479521,1,-0.717984,0.0150729,0.993458,-2.24299,0.519048,2.46051,0.651237
479521,1,-0.717984,0.0150772,0.993461,-2.24299,0.519045,2.46051,0.651236
479521,1,-0.717985,0.0150716,0.993461,-2.24299,0.519046,2.4605,0.651232
479521,1,-0.717985,0.0150768,0.993466,-2.24299,0.519049,2.46051,0.651229
479521,1,-0.717982,0.015073,0.993461,-2.24299,0.519049,2.46051,0.651232
479521,1,-0.717988,0.0150744,0.993461,-2.24299,0.519049,2.46051,0.651239
479521,1,-0.717984,0.0150759,0.993459,-2.24299,0.519048,2.46051,0.651231
479521,1,-0.717984,0.0150781,0.993459,-2.24299,0.519049,2.46051,0.651237
479521,1,-0.717985,0.0150745,0.993458,-2.24299,0.519047,2.46051,0.651236
479521,1,-0.717985,0.0150763,0.993461,-2.24299,0.519045,2.46051,0.651229
479521,1,-0.717987,0.0150722,0.993461,-2.24299,0.519049,2.46051,0.651235
479521,1,-0.717981,0.0150783,0.993458,-2.24299,0.519049,2.46051,0.651231
479521,1,-0.71799,0.015082,0.99346,-2.24299,0.519049,2.4605,0.651235
479521,1,-0.717988,0.0150803,0.993455,-2.24299,0.519046,2.46051,0.651231
479521,1,-0.717985,0.0150758,0.993459,-2.24299,0.519047,2.46051,0.651231
479521,1,-0.717985,0.0150753,0.993459,-2.24299,0.519049,2.46051,0.651238
479521,1,-0.717987,0.0150762,0.99346,-2.24299,0.51905,2.46051,0.651233
479521,1,-0.717983,0.0150736,0.993464,-2.24299,0.519047,2.4605,0.651235
479521,1,-0.717982,0.0150747,0.993464,-2.24299,0.519048,2.46051,0.651231
479521,1,-0.71798,0.0150802,0.993461,-2.24299,0.519045,2.46051,0.651235
479521,1,-0.717982,0.0150728,0.993465,-2.24299,0.519048,2.46051,0.651227
479521,1,-0.717986,0.0150714,0.993461,-2.24299,0.519048,2.4605,0.65123
479521,1,-0.717985,0.0150714,0.993459,-2.24299,0.519053,2.46051,0.651232
479521,1,-0.717985,0.0150727,0.993463,-2.24299,0.519047,2.46051,0.651232
479521,1,-0.717984,0.0150742,0.993461,-2.24299,0.519049,2.46051,0.65123
479521,1,-0.717985,0.0150792,0.993464,-2.24299,0.519049,2.46051,0.651234
479521,1,-0.717985,0.0150772,0.993459,-2.24299,0.519045,2.46051,0.651238
479521,1,-0.717982,0.0150721,0.993461,-2.24299,0.519042,2.46051,0.651232
479521,1,-0.717982,0.0150734,0.993463,-2.24299,0.519045,2.46051,0.651231
479521,1,-0.717987,0.0150734,0.993463,-2.24299,0.519046,2.46051,0.651235
479521,1,-0.717985,0.0150744,0.993456,-2.24299,0.519049,2.4605,0.651231
479521,1,-0.717986,0.015075,0.993459,-2.24299,0.519047,2.46051,0.651232
479521,1,-0.717985,0.0150783,0.993457,-2.24299,0.519047,2.46051,0.65123
479521,1,-0.717982,0.0150744,0.993462,-2.24299,0.519047,2.46051,0.651238
479521,1,-0.717984,0.0150727,0.993459,-2.24299,0.519046,2.4605,0.651233
479521,1,-0.717985,0.0150754,0.993459,-2.24299,0.519049,2.46051,0.651238
479521,1,-0.717985,0.0150744,0.99346,-2.24298,0.519045,2.46051,0.651231
479521,1,-0.717986,0.0150745,0.993463,-2.24299,0.519048,2.46051,0.651235
479521,1,-0.717985,0.0150771,0.993462,-2.24299,0.519044,2.46051,0.651236
479521,1,-0.717984,0.0150786,0.993457,-2.24299,0.519047,2.46051,0.651234
479521,1,-0.717984,0.0150744,0.993463,-2.24298,0.519048,2.4605,0.651228
479521,1,-0.717984,0.0150745,0.993461,-2.24299,0.519049,2.46051,0.651232
479521,1,-0.717987,0.0150749,0.993465,-2.24299,0.519045,2.46051,0.651231
479521,1,-0.717984,0.0150749,0.993458,-2.24299,0.519048,2.46051,0.65123
479521,1,-0.717982,0.0150728,0.993462,-2.24299,0.519044,2.46051,0.651231
479521,1,-0.717982,0.0150751,0.993464,-2.24299,0.519049,2.4605,0.651233
479521,1,-0.717982,0.0150728,0.993464,-2.24299,0.519048,2.46051,0.651237
479521,1,-0.717985,0.0150727,0.99346,-2.24299,0.519048,2.46051,0.651236
479521,1,-0.71798,0.0150762,0.993464,-2.24299,0.519043,2.46051,0.651238
479521,1,-0.717985,0.0150769,0.993461,-2.24299,0.519048,2.46051,0.651236
479521,1,-0.717985,0.0150727,0.99346,-2.24299,0.519049,2.4605,0.651233
479521,1,-0.717986,0.0150768,0.993461,-2.24299,0.519049,2.46051,0.65123
479521,1,-0.717985,0.015069,0.993457,-2.24299,0.519045,2.46051,0.651231
479521,1,-0.717987,0.0150789,0.993461,-2.24299,0.519047,2.46051,0.651238
479521,1,-0.717985,0.015073,0.993458,-2.24299,0.519047,2.4605,0.651231
479521,1,-0.717985,0.0150772,0.993459,-2.24299,0.519045,2.46051,0.651233
479521,1,-0.717983,0.0150751,0.99346,-2.24299,0.519049,2.46051,0.651236
479521,1,-0.717987,0.015071,0.993459,-2.24299,0.519048,2.46051,0.65123
479521,1,-0.717984,0.0150745,0.993459,-2.24299,0.519046,2.46051,0.651235
479521,1,-0.717984,0.0150707,0.993461,-2.24299,0.519048,2.46051,0.651231
479521,1,-0.717988,0.0150728,0.993461,-2.24299,0.519047,2.46051,0.651234
479521,1,-0.717987,0.0150782,0.99346,-2.24299,0.519048,2.46051,0.651234
479521,1,-0.717985,0.0150763,0.993459,-2.24299,0.519047,2.4605,0.651231
479521,1,-0.717987,0.0150728,0.993464,-2.24298,0.519044,2.46051,0.651233
479521,1,-0.717986,0.0150768,0.993463,-2.24299,0.519046,2.46051,0.651231
479521,1,-0.717984,0.0150727,0.993459,-2.24299,0.519048,2.4605,0.651237
479521,1,-0.717985,0.0150746,0.993461,-2.24299,0.519046,2.46051,0.651232
479521,1,-0.717982,0.0150751,0.993463,-2.24299,0.519048,2.4605,0.651231
479521,1,-0.717984,0.0150754,0.993461,-2.24299,0.519049,2.46051,0.65123
479521,1,-0.717984,0.0150715,0.993459,-2.24299,0.519046,2.46051,0.651228
479521,1,-0.717984,0.0150707,0.993463,-2.24299,0.519045,2.46051,0.651231
479521,1,-0.717984,0.0150761,0.993461,-2.24299,0.519049,2.46051,0.651236
479521,1,-0.717985,0.0150748,0.993459,-2.24299,0.519048,2.46051,0.651237
479521,1,-0.717982,0.0150709,0.993465,-2.24299,0.519051,2.46051,0.651236
479521,1,-0.717984,0.0150734,0.993457,-2.24299,0.519045,2.4605,0.651236
479521,1,-0.717985,0.0150766,0.993466,-2.24298,0.519046,2.46051,0.651237
479521,1,-0.717984,0.0150766,0.993462,-2.24299,0.519042,2.46051,0.651234
479521,1,-0.717985,0.0150766,0.993461,-2.24299,0.519047,2.46051,0.651233
479521,1,-0.717985,0.0150728,0.993461,-2.24299,0.519049,2.46051,0.65123
479521,1,-0.717982,0.0150737,0.993462,-2.24299,0.519047,2.46051,0.651231
479521,1,-0.717984,0.0150734,0.993459,-2.24299,0.519051,2.46051,0.651235
479521,1,-0.717987,0.0150729,0.993462,-2.24299,0.519049,2.46051,0.651235
479521,1,-0.717984,0.0150752,0.993461,-2.24299,0.519047,2.46051,0.651237
479521,1,-0.717987,0.0150727,0.993459,-2.24299,0.51905,2.46051,0.65123
479521,1,-0.717988,0.0150782,0.993459,-2.24299,0.519044,2.46051,0.651235
479521,1,-0.717984,0.0150762,0.993455,-2.24299,0.519048,2.46051,0.651237
479521,1,-0.717985,0.0150782,0.993458,-2.24299,0.519048,2.46051,0.651228
479521,1,-0.717985,0.0150728,0.993465,-2.24299,0.519048,2.46051,0.651235
479521,1,-0.717985,0.0150803,0.993461,-2.24299,0.519044,2.4605,0.651237
479521,1,-0.717984,0.0150764,0.993459,-2.24299,0.519046,2.46051,0.651235
479521,1,-0.717985,0.0150698,0.993459,-2.24299,0.519049,2.46051,0.651238
479521,1,-0.717986,0.0150733,0.993461,-2.24299,0.519046,2.4605,0.651229
479521,1,-0.717988,0.0150765,0.993458,-2.24299,0.519044,2.4605,0.651233
479521,1,-0.717984,0.0150763,0.993465,-2.24299,0.519048,2.46051,0.651235
479521,1,-0.717984,0.0150747,0.99346,-2.24299,0.51905,2.46051,0.651231
479521,1,-0.717984,0.0150765,0.993461,-2.24298,0.51905,2.46051,0.651236
479521,1,-0.717986,0.0150744,0.993461,-2.24299,0.51905,2.46051,0.651234
479521,1,-0.717983,0.0150772,0.993463,-2.24299,0.519046,2.4605,0.651234
479521,1,-0.71798,0.0150791,0.993461,-2.24299,0.519047,2.46051,0.651233
479521,1,-0.717984,0.0150712,0.993461,-2.24299,0.519047,2.4605,0.651231
479521,1,-0.717982,0.0150746,0.993459,-2.24299,0.519049,2.46051,0.651233
479521,1,-0.717988,0.0150751,0.993461,-2.24299,0.519047,2.4605,0.651235
479521,1,-0.717984,0.0150748,0.993465,-2.24298,0.519049,2.46051,0.651233
479521,1,-0.717982,0.0150707,0.993461,-2.24299,0.519047,2.46051,0.651234
479521,1,-0.717985,0.0150714,0.993457,-2.24299,0.519049,2.46051,0.651234
479521,1,-0.717986,0.0150734,0.993462,-2.24299,0.51905,2.46051,0.651232
479521,1,-0.717987,0.0150707,0.993463,-2.24299,0.519049,2.46051,0.651229
479521,1,-0.717986,0.0150785,0.993461,-2.24299,0.519048,2.46051,0.651236
479521,1,-0.717984,0.0150758,0.993458,-2.24299,0.519049,2.46051,0.651236
479521,1,-0.717986,0.0150707,0.993461,-2.24299,0.519044,2.46051,0.651238
479521,1,-0.717985,0.0150729,0.993462,-2.24299,0.51905,2.46051,0.651236
479521,1,-0.717984,0.0150748,0.993461,-2.24299,0.519049,2.4605,0.651229
479521,1,-0.717984,0.0150729,0.993458,-2.24299,0.519047,2.46051,0.65123
479521,1,-0.717985,0.0150745,0.993463,-2.24299,0.519048,2.46051,0.651236
479521,1,-0.717984,0.0150744,0.993459,-2.24299,0.519049,2.4605,0.651235
479521,1,-0.717985,0.0150729,0.993461,-2.24299,0.51905,2.46051,0.651236
479521,1,-0.717984,0.0150728,0.993457,-2.24299,0.519049,2.46051,0.651232
479521,1,-0.717982,0.0150755,0.99346,-2.24299,0.519044,2.46051,0.651232
479521,1,-0.717985,0.0150734,0.993462,-2.24299,0.519044,2.4605,0.651233
479521,1,-0.717984,0.0150744,0.993461,-2.24299,0.519046,2.46051,0.651238
479521,1,-0.717986,0.0150734,0.993462,-2.24299,0.519048,2.46051,0.651233
479521,1,-0.717984,0.0150748,0.993463,-2.24299,0.519044,2.46051,0.651235
479521,1,-0.717982,0.0150748,0.993457,-2.24299,0.519045,2.4605,0.651231
479521,1,-0.717984,0.0150727,0.993456,-2.24299,0.51905,2.46051,0.651231
479521,1,-0.717985,0.0150728,0.993459,-2.24299,0.519048,2.46051,0.651239
479521,1,-0.717986,0.0150789,0.993464,-2.24299,0.519047,2.46051,0.651239
479521,1,-0.717983,0.0150783,0.993462,-2.24299,0.519051,2.46051,0.65123
479521,1,-0.717985,0.0150761,0.993461,-2.24299,0.519045,2.46051,0.651235
479521,1,-0.717984,0.0150793,0.993457,-2.24299,0.51905,2.4605,0.651229
479521,1,-0.717986,0.0150768,0.993459,-2.24299,0.519047,2.4605,0.651231
479521,1,-0.717984,0.0150771,0.993461,-2.24299,0.519047,2.46051,0.651237
479521,1,-0.717984,0.0150762,0.993463,-2.24299,0.519051,2.46051,0.651231
479521,1,-0.717982,0.0150753,0.993459,-2.24299,0.519045,2.46051,0.651236
479521,1,-0.717982,0.0150747,0.993464,-2.24299,0.519047,2.46051,0.651236
479521,1,-0.717984,0.0150737,0.993459,-2.24299,0.519049,2.46051,0.651235
479521,1,-0.717988,0.0150762,0.993455,-2.24299,0.519046,2.46051,0.651231
479521,1,-0.717984,0.0150727,0.993461,-2.24299,0.519049,2.46051,0.65123
479521,1,-0.717985,0.0150734,0.993458,-2.24299,0.519044,2.46051,0.651232
479521,1,-0.717984,0.0150761,0.993458,-2.24299,0.519048,2.46051,0.651231
479521,1,-0.717985,0.0150783,0.993461,-2.24299,0.519049,2.46051,0.651239
479521,1,-0.717984,0.0150707,0.99346,-2.24299,0.519048,2.46051,0.651231
479521,1,-0.717987,0.0150755,0.99346,-2.24299,0.519049,2.46051,0.651236
479521,1,-0.717983,0.0150707,0.993461,-2.24298,0.519046,2.4605,0.651235
479521,1,-0.717984,0.0150728,0.993461,-2.24299,0.51905,2.46051,0.651235
479521,1,-0.717982,0.015079,0.993462,-2.24299,0.519048,2.46051,0.651232
479521,1,-0.717984,0.0150769,0.99346,-2.24299,0.519047,2.4605,0.651229
479521,1,-0.71798,0.0150781,0.993462,-2.24299,0.519051,2.46051,0.651231
479521,1,-0.717984,0.015075,0.993459,-2.24299,0.519045,2.4605,0.651233
479521,1,-0.717982,0.0150734,0.993461,-2.24299,0.519046,2.46051,0.651235
479521,1,-0.717984,0.015073,0.99346,-2.24299,0.519047,2.46051,0.651233
479521,1,-0.717986,0.0150772,0.993459,-2.24299,0.51905,2.46051,0.651237
479521,1,-0.717987,0.0150761,0.993461,-2.24299,0.519045,2.4605,0.651236
479521,1,-0.717987,0.0150761,0.993455,-2.24299,0.519047,2.46051,0.651236
479521,1,-0.717984,0.0150762,0.993457,-2.24299,0.519048,2.46051,0.651235
479521,1,-0.717982,0.0150727,0.993459,-2.24299,0.519048,2.46051,0.651234
479521,1,-0.717982,0.0150709,0.993459,-2.24299,0.519049,2.46051,0.651233
479521,1,-0.717982,0.0150734,0.993459,-2.24299,0.519045,2.46051,0.651231
479521,1,-0.717984,0.015073,0.993461,-2.24299,0.519049,2.46051,0.65123
479521,1,-0.717984,0.0150802,0.993459,-2.24299,0.519048,2.46051,0.651234
479521,1,-0.717982,0.0150683,0.993459,-2.24299,0.519047,2.46051,0.651235
479522,1,-0.717986,0.015073,0.99346,-2.24299,0.519046,2.46051,0.651235
479522,1,-0.717982,0.0150747,0.993461,-2.24299,0.519048,2.46051,0.651232
479522,1,-0.717984,0.0150751,0.993459,-2.24299,0.519048,2.46051,0.651235
479522,1,-0.717987,0.0150746,0.993457,-2.24299,0.519051,2.46051,0.651233
479522,1,-0.717984,0.0150751,0.99346,-2.24299,0.519049,2.46051,0.651232
479522,1,-0.717982,0.0150761,0.993462,-2.24299,0.519049,2.46051,0.651237
479522,1,-0.717982,0.0150765,0.99346,-2.24299,0.519045,2.4605,0.651231
479522,1,-0.717984,0.0150728,0.993459,-2.24299,0.519049,2.4605,0.651233
479522,1,-0.717984,0.0150754,0.993463,-2.24299,0.519045,2.46051,0.651236
479522,1,-0.717987,0.0150737,0.993457,-2.24299,0.51905,2.46051,0.651231
479522,1,-0.717987,0.0150729,0.993459,-2.24299,0.51905,2.46051,0.651231
479522,1,-0.717984,0.0150785,0.993463,-2.24298,0.519048,2.46051,0.651233
479522,1,-0.717985,0.0150737,0.993465,-2.24299,0.519049,2.46051,0.651231
479522,1,-0.717985,0.0150714,0.993462,-2.24299,0.519045,2.46051,0.651237
479522,1,-0.717984,0.0150766,0.993461,-2.24299,0.519045,2.46051,0.651237
479522,1,-0.717985,0.0150724,0.993462,-2.24299,0.51905,2.46051,0.651231
479522,1,-0.717985,0.0150749,0.99346,-2.24299,0.519049,2.4605,0.651229
479522,1,-0.717986,0.0150765,0.993458,-2.24299,0.519047,2.4605,0.65123
479522,1,-0.717985,0.0150751,0.993461,-2.24299,0.519045,2.46051,0.651229
479522,1,-0.717984,0.0150761,0.993459,-2.24299,0.519048,2.46051,0.651233
479522,1,-0.717984,0.015075,0.993465,-2.24299,0.519049,2.46051,0.651234
479522,1,-0.717985,0.0150786,0.993461,-2.24299,0.519045,2.4605,0.651237
479522,1,-0.717986,0.0150761,0.993459,-2.24299,0.519048,2.46051,0.651232
479522,1,-0.717984,0.0150744,0.993461,-2.24299,0.519048,2.4605,0.651232
479522,1,-0.717984,0.0150714,0.993461,-2.24299,0.519044,2.4605,0.651233
479522,1,-0.717985,0.0150764,0.993457,-2.24299,0.519046,2.46051,0.651234
479522,1,-0.717984,0.0150766,0.993461,-2.24299,0.519047,2.46051,0.651235
479522,1,-0.717985,0.015079,0.993458,-2.24299,0.519044,2.46051,0.651231
479522,1,-0.717984,0.0150782,0.993457,-2.24299,0.51905,2.46051,0.651236
479522,1,-0.717984,0.0150768,0.993461,-2.24299,0.519049,2.4605,0.651231
479522,1,-0.71798,0.0150746,0.993464,-2.24299,0.519049,2.4605,0.651233
479522,1,-0.717987,0.01507,0.993458,-2.24299,0.519045,2.46051,0.651233
479522,1,-0.717986,0.0150709,0.99346,-2.24299,0.51905,2.46051,0.651228
479522,1,-0.717983,0.0150737,0.993463,-2.24299,0.51905,2.46051,0.651235
479522,1,-0.717984,0.0150728,0.993459,-2.24299,0.519047,2.4605,0.651235
479522,1,-0.717984,0.0150746,0.993463,-2.24299,0.519049,2.4605,0.651232
479522,1,-0.717984,0.0150788,0.993455,-2.24299,0.519047,2.46051,0.651236
479522,1,-0.717985,0.015069,0.993461,-2.24299,0.519047,2.46051,0.651231
479522,1,-0.717982,0.0150727,0.993461,-2.24299,0.519045,2.46051,0.651235
479522,1,-0.717987,0.0150728,0.993463,-2.24299,0.519047,2.46051,0.651239
479522,1,-0.717985,0.0150768,0.993463,-2.24299,0.51905,2.46051,0.651237
479522,1,-0.717986,0.0150772,0.993459,-2.24299,0.519048,2.46051,0.651234
479522,1,-0.717985,0.0150768,0.993457,-2.24299,0.519048,2.46051,0.651229
479522,1,-0.717986,0.0150792,0.993459,-2.24299,0.51905,2.46051,0.651229
479522,1,-0.717986,0.0150766,0.993461,-2.24299,0.519045,2.46051,0.651235
479522,1,-0.717985,0.0150782,0.99346,-2.24298,0.519048,2.46051,0.651233
479522,1,-0.717987,0.0150736,0.993462,-2.24299,0.519043,2.4605,0.651237
479522,1,-0.717984,0.0150764,0.993461,-2.243,0.519048,2.46051,0.651234
479522,1,-0.71798,0.0150745,0.99346,-2.24299,0.51905,2.46051,0.651235
479522,1,-0.717985,0.015075,0.993459,-2.24299,0.51905,2.46051,0.651236
479522,1,-0.717982,0.0150805,0.99346,-2.24299,0.519049,2.46051,0.651232
479522,1,-0.717986,0.0150803,0.993458,-2.24299,0.519049,2.4605,0.651234
479522,1,-0.717984,0.0150728,0.993461,-2.24299,0.519049,2.46051,0.651234
479522,1,-0.717984,0.0150728,0.993461,-2.24299,0.519049,2.4605,0.651238
479522,1,-0.717984,0.0150707,0.993462,-2.24299,0.519052,2.46051,0.651238
479522,1,-0.717984,0.0150744,0.993459,-2.24299,0.51905,2.46051,0.651231
479522,1,-0.717982,0.0150752,0.993461,-2.24299,0.519048,2.4605,0.651233
479522,1,-0.717984,0.0150748,0.993457,-2.24299,0.519049,2.4605,0.651231
479522,1,-0.717982,0.0150731,0.993461,-2.24299,0.519049,2.46051,0.651235
479522,1,-0.717984,0.0150745,0.993459,-2.24299,0.519047,2.46051,0.651231
479522,1,-0.717986,0.0150785,0.993461,-2.24299,0.519049,2.46051,0.651235
479522,1,-0.717982,0.0150765,0.99346,-2.24299,0.519043,2.46051,0.651238
479522,1,-0.717987,0.0150773,0.993461,-2.24299,0.519043,2.46051,0.651235
479522,1,-0.717985,0.0150763,0.993459,-2.24299,0.519045,2.46051,0.651236
479522,1,-0.717984,0.0150738,0.993463,-2.24299,0.519046,2.4605,0.651232
479522,1,-0.717985,0.0150747,0.993462,-2.24299,0.519048,2.4605,0.65123
479522,1,-0.717985,0.0150765,0.993462,-2.24299,0.519046,2.46051,0.651231
479522,1,-0.717987,0.0150735,0.993458,-2.24299,0.519048,2.46051,0.651234
479522,1,-0.717984,0.0150744,0.993461,-2.24299,0.519047,2.4605,0.651233
479522,1,-0.717984,0.0150789,0.99346,-2.24299,0.519045,2.46051,0.651235
479522,1,-0.717987,0.0150762,0.993459,-2.24299,0.51905,2.46051,0.651237
479522,1,-0.717986,0.0150761,0.993459,-2.24299,0.519048,2.46051,0.651237
479522,1,-0.717982,0.0150725,0.993459,-2.24299,0.519046,2.4605,0.651231
479522,1,-0.71799,0.015075,0.99346,-2.24299,0.519049,2.4605,0.65123
479522,1,-0.717984,0.0150747,0.993461,-2.24298,0.519051,2.46051,0.651237
479522,1,-0.717984,0.0150744,0.993459,-2.24299,0.519051,2.46051,0.651236
479522,1,-0.717984,0.0150754,0.993463,-2.24299,0.519047,2.46051,0.651237
479522,1,-0.717984,0.0150701,0.993463,-2.24299,0.519047,2.46051,0.651236
479522,1,-0.717986,0.0150745,0.993459,-2.24299,0.519048,2.46051,0.651235
479522,1,-0.717984,0.0150782,0.993463,-2.24299,0.519044,2.46051,0.65123
479522,1,-0.717984,0.0150751,0.99346,-2.24299,0.519048,2.46051,0.651231
479522,1,-0.717984,0.0150761,0.993461,-2.24299,0.519049,2.46051,0.651234
479522,1,-0.717984,0.0150744,0.993464,-2.24299,0.519047,2.46051,0.651229
479522,1,-0.717984,0.0150765,0.993463,-2.24299,0.519045,2.4605,0.651236
479522,1,-0.71798,0.0150754,0.993457,-2.24299,0.519044,2.4605,0.651231
479522,1,-0.717982,0.0150806,0.993459,-2.24299,0.519046,2.46051,0.651236
479522,1,-0.717984,0.0150791,0.993461,-2.24299,0.519049,2.46051,0.651235
479522,1,-0.717981,0.0150764,0.993456,-2.24299,0.519044,2.46051,0.651235
479522,1,-0.717985,0.0150752,0.993462,-2.24299,0.519043,2.4605,0.651237
479522,1,-0.717982,0.0150754,0.993457,-2.24299,0.519047,2.46051,0.651227
479522,1,-0.717985,0.0150727,0.993462,-2.24299,0.519047,2.46051,0.651233
479522,1,-0.717984,0.0150731,0.993459,-2.24298,0.51905,2.46051,0.651234
479522,1,-0.717984,0.0150744,0.993461,-2.24299,0.519049,2.46051,0.651231
479522,1,-0.717985,0.0150727,0.993459,-2.24299,0.51905,2.4605,0.651236
479522,1,-0.717984,0.0150728,0.993461,-2.24299,0.519049,2.46051,0.651234
479522,1,-0.71798,0.0150744,0.993461,-2.24299,0.519046,2.46051,0.651232
479522,1,-0.717984,0.015069,0.993464,-2.24299,0.519049,2.4605,0.651231
479522,1,-0.717982,0.0150756,0.993457,-2.24299,0.51905,2.46051,0.651229
479522,1,-0.717984,0.0150781,0.993461,-2.24299,0.519055,2.46051,0.651231
479522,1,-0.717985,0.0150723,0.993462,-2.24299,0.519047,2.4605,0.651235
479522,1,-0.717985,0.0150772,0.993461,-2.24299,0.519049,2.46051,0.651237
479522,1,-0.717987,0.015079,0.993457,-2.24299,0.519046,2.46051,0.651228
479522,1,-0.717984,0.0150764,0.993459,-2.24299,0.519048,2.46051,0.651236
479522,1,-0.717986,0.015073,0.993461,-2.24299,0.519049,2.46051,0.651238
479522,1,-0.717985,0.0150745,0.993457,-2.24299,0.519046,2.46051,0.651231
479522,1,-0.717986,0.0150752,0.993461,-2.24299,0.519046,2.46051,0.651237
479522,1,-0.717984,0.0150765,0.993464,-2.24299,0.519048,2.46051,0.651234
479522,1,-0.717983,0.0150744,0.993462,-2.24299,0.519046,2.4605,0.65123
479522,1,-0.717986,0.0150707,0.993463,-2.24299,0.519049,2.46051,0.651236
479522,1,-0.717984,0.0150727,0.993464,-2.24299,0.519051,2.46051,0.651232
479522,1,-0.717984,0.0150735,0.993458,-2.24299,0.519048,2.46051,0.651238
479522,1,-0.717983,0.0150765,0.993463,-2.24299,0.51905,2.46051,0.651231
479522,1,-0.717987,0.0150775,0.993459,-2.24299,0.519047,2.46051,0.65123
479522,1,-0.717984,0.0150766,0.993459,-2.24299,0.51905,2.46051,0.651238
479522,1,-0.717984,0.0150744,0.993459,-2.24298,0.519049,2.46051,0.651233
479522,1,-0.717985,0.0150727,0.993464,-2.24299,0.519051,2.4605,0.651236
479522,1,-0.71798,0.015079,0.993461,-2.24299,0.519049,2.46051,0.651226
479522,1,-0.717985,0.0150755,0.993461,-2.24299,0.519044,2.46051,0.651231
479522,1,-0.717982,0.0150773,0.993463,-2.24299,0.519047,2.4605,0.651232
479522,1,-0.717984,0.0150782,0.993459,-2.24299,0.519046,2.46051,0.651231
479522,1,-0.717984,0.0150751,0.99346,-2.24299,0.519045,2.46051,0.651231
479522,1,-0.717984,0.0150727,0.993459,-2.24298,0.519048,2.46051,0.651234
479522,1,-0.71798,0.0150736,0.993457,-2.24299,0.519046,2.4605,0.651234
479522,1,-0.717988,0.0150727,0.993459,-2.24299,0.519048,2.46051,0.651238
479522,1,-0.717984,0.0150735,0.993461,-2.24299,0.519046,2.46051,0.651229
479522,1,-0.717984,0.0150748,0.993464,-2.24299,0.519048,2.46051,0.65123
479522,1,-0.717982,0.0150743,0.993459,-2.24299,0.51905,2.46051,0.651231
479522,1,-0.717988,0.0150755,0.993458,-2.24299,0.519049,2.4605,0.651237
479522,1,-0.717982,0.0150708,0.99346,-2.24299,0.519049,2.46051,0.651233
479522,1,-0.717984,0.0150744,0.993463,-2.24299,0.519047,2.46051,0.651235
479522,1,-0.717985,0.0150744,0.993457,-2.24299,0.519051,2.46051,0.651235
479522,1,-0.717985,0.0150751,0.993461,-2.24299,0.519049,2.46051,0.65123
479522,1,-0.717987,0.0150788,0.99346,-2.24299,0.519049,2.46051,0.651233
479522,1,-0.717985,0.0150752,0.99346,-2.24299,0.51905,2.46051,0.651228
479522,1,-0.717984,0.0150732,0.993461,-2.24299,0.51905,2.4605,0.651234
479522,1,-0.717984,0.0150747,0.993462,-2.24299,0.519049,2.46051,0.651232
479522,1,-0.717983,0.0150785,0.99346,-2.24299,0.519044,2.46051,0.65123
479522,1,-0.717987,0.0150746,0.993459,-2.24299,0.519048,2.4605,0.65123
479522,1,-0.717985,0.015073,0.993461,-2.24299,0.519048,2.46051,0.651231
479522,1,-0.717984,0.0150769,0.993465,-2.24299,0.519048,2.46051,0.651231
479522,1,-0.71798,0.0150758,0.993463,-2.24299,0.519049,2.46051,0.651232
479522,1,-0.717984,0.0150746,0.993459,-2.24299,0.519049,2.4605,0.651236
479522,1,-0.717985,0.0150727,0.993457,-2.24299,0.519045,2.4605,0.651237
479522,1,-0.717984,0.0150772,0.993461,-2.24299,0.519049,2.46051,0.651237
479522,1,-0.717981,0.0150725,0.993463,-2.24299,0.519047,2.46051,0.651236
479522,1,-0.717986,0.0150746,0.993466,-2.24299,0.519049,2.46051,0.65123
479522,1,-0.717981,0.0150744,0.993456,-2.24299,0.519048,2.46051,0.651234
479522,1,-0.717984,0.0150772,0.993461,-2.24299,0.519047,2.46051,0.65123
479522,1,-0.717986,0.0150714,0.993458,-2.24299,0.519047,2.46051,0.651228
479522,1,-0.717984,0.0150747,0.993463,-2.24299,0.519045,2.46051,0.651235
479522,1,-0.717985,0.0150751,0.993463,-2.24299,0.519048,2.46051,0.651229
479522,1,-0.717983,0.015071,0.993461,-2.24299,0.519049,2.46051,0.651236
479522,1,-0.717984,0.0150747,0.993463,-2.24299,0.519048,2.46051,0.651233
479522,1,-0.71798,0.0150747,0.993465,-2.24299,0.519048,2.46051,0.651237
479522,1,-0.717988,0.0150754,0.993461,-2.24299,0.519049,2.46051,0.651237
479522,1,-0.717984,0.0150768,0.993463,-2.24299,0.519046,2.46051,0.651232
479522,1,-0.717982,0.0150788,0.993465,-2.24299,0.519046,2.46051,0.651235
479522,1,-0.717982,0.0150734,0.993461,-2.24299,0.51905,2.4605,0.651229
479522,1,-0.717986,0.015079,0.993456,-2.24299,0.519049,2.46051,0.651235
479522,1,-0.717984,0.0150754,0.993459,-2.24299,0.51905,2.46051,0.651235
479522,1,-0.717985,0.0150747,0.993455,-2.24299,0.519043,2.46051,0.651238
479522,1,-0.717984,0.0150783,0.993462,-2.24299,0.519045,2.46051,0.651239
479522,1,-0.717985,0.0150766,0.993462,-2.24299,0.519047,2.46051,0.651238
479522,1,-0.717982,0.0150729,0.993461,-2.24299,0.519046,2.46051,0.651235
479522,1,-0.717985,0.015081,0.993457,-2.24299,0.519047,2.46051,0.651236
479522,1,-0.717984,0.0150736,0.99346,-2.24299,0.519044,2.46051,0.651235
479522,1,-0.717985,0.0150768,0.993458,-2.24299,0.519051,2.4605,0.651226
479522,1,-0.717985,0.0150771,0.993458,-2.24299,0.519044,2.4605,0.651234
479522,1,-0.717984,0.0150745,0.993458,-2.24299,0.519048,2.4605,0.651229
479522,1,-0.717983,0.0150737,0.993461,-2.24299,0.51905,2.46051,0.651234
479522,1,-0.717987,0.0150737,0.993463,-2.24299,0.51905,2.46051,0.651229
479522,1,-0.717984,0.0150761,0.993461,-2.24298,0.519047,2.46051,0.651235
479522,1,-0.717982,0.0150692,0.993465,-2.24299,0.519046,2.46051,0.651231
479522,1,-0.717983,0.0150717,0.993463,-2.24299,0.519049,2.46051,0.651235
479522,1,-0.717982,0.0150745,0.993461,-2.24299,0.519049,2.46051,0.651233
479522,1,-0.717976,0.0150697,0.993462,-2.24299,0.51905,2.46051,0.651238
479522,1,-0.717982,0.0150735,0.993463,-2.24299,0.519048,2.46051,0.651242
479522,1,-0.717989,0.01507,0.993465,-2.24299,0.519043,2.46051,0.651236
479522,1,-0.717984,0.0150748,0.993461,-2.24299,0.519049,2.46051,0.651236
479522,1,-0.717982,0.0150728,0.99346,-2.24299,0.519049,2.46051,0.651238
479522,1,-0.717984,0.0150758,0.993459,-2.24299,0.519047,2.4605,0.651233
479522,1,-0.717984,0.0150765,0.993459,-2.24299,0.51905,2.46051,0.651231
479522,1,-0.717985,0.0150775,0.99346,-2.24299,0.51905,2.46051,0.651236
479522,1,-0.717987,0.0150783,0.993458,-2.24299,0.519049,2.4605,0.651228
479522,1,-0.717987,0.0150754,0.993461,-2.24299,0.519048,2.46051,0.651228
479522,1,-0.717985,0.0150764,0.993457,-2.24299,0.51905,2.46051,0.651235
479522,1,-0.717986,0.0150805,0.993458,-2.24299,0.519047,2.46051,0.651232
479522,1,-0.717984,0.0150763,0.993457,-2.24299,0.519047,2.46051,0.651234
479522,1,-0.717986,0.0150717,0.99346,-2.24299,0.519047,2.46051,0.651231
479522,1,-0.717986,0.0150705,0.99346,-2.24299,0.519049,2.46051,0.651235
479522,1,-0.717987,0.0150727,0.993461,-2.24299,0.519049,2.46051,0.65124
479522,1,-0.717982,0.0150707,0.993461,-2.24299,0.51905,2.46051,0.651239
479522,1,-0.717986,0.0150707,0.993458,-2.24298,0.519047,2.46051,0.651235
479522,1,-0.717983,0.0150735,0.993464,-2.24299,0.51905,2.46051,0.651236
479522,1,-0.717985,0.0150714,0.993464,-2.24299,0.519044,2.46051,0.651235
479522,1,-0.717988,0.0150717,0.993458,-2.24299,0.519047,2.4605,0.651235
479522,1,-0.717985,0.0150707,0.993459,-2.24299,0.519049,2.46051,0.651231
479522,1,-0.717982,0.0150761,0.993459,-2.24299,0.519045,2.46051,0.651233
479522,1,-0.717986,0.0150727,0.993459,-2.24299,0.519047,2.46051,0.65123
479522,1,-0.717984,0.0150788,0.993459,-2.24299,0.51905,2.46051,0.651237
479523,1,-0.717982,0.0150812,0.993461,-2.24299,0.519045,2.46051,0.651227
479523,1,-0.717985,0.0150744,0.99346,-2.24299,0.519049,2.46051,0.651235
479523,1,-0.717982,0.0150772,0.993459,-2.24299,0.519048,2.46051,0.651229
479523,1,-0.717985,0.0150792,0.993462,-2.24299,0.519044,2.46051,0.651237
479523,1,-0.717986,0.0150764,0.993461,-2.24299,0.51905,2.4605,0.651233
479523,1,-0.717984,0.0150744,0.993463,-2.24299,0.51905,2.46051,0.651236
479523,1,-0.717984,0.0150727,0.993461,-2.24299,0.519048,2.4605,0.651234
479523,1,-0.717984,0.015073,0.993463,-2.24299,0.519048,2.46051,0.651236
479523,1,-0.717984,0.0150698,0.993462,-2.24299,0.519047,2.46051,0.651233
479523,1,-0.717986,0.0150711,0.993463,-2.24299,0.519044,2.46051,0.65123
479523,1,-0.717985,0.0150707,0.993461,-2.24299,0.519048,2.46051,0.65123
479523,1,-0.71799,0.0150748,0.993458,-2.24299,0.519049,2.4605,0.651231
479523,1,-0.717984,0.0150707,0.993463,-2.24299,0.519046,2.46051,0.651231
479523,1,-0.717985,0.0150768,0.993463,-2.24299,0.519049,2.46051,0.651237
479523,1,-0.717984,0.0150761,0.993455,-2.24299,0.519048,2.46051,0.651236
479523,1,-0.717989,0.015077,0.99346,-2.24299,0.519048,2.4605,0.651234
479523,1,-0.717982,0.0150793,0.993464,-2.24299,0.519046,2.46051,0.651237
479523,1,-0.717985,0.0150772,0.993459,-2.24299,0.519049,2.46051,0.651232
479523,1,-0.717984,0.0150789,0.993459,-2.24299,0.519045,2.46051,0.651236
479523,1,-0.717985,0.0150751,0.993459,-2.24299,0.519045,2.4605,0.651232
479523,1,-0.717986,0.0150783,0.993459,-2.24299,0.519048,2.46051,0.651239
479523,1,-0.717984,0.0150744,0.993463,-2.24299,0.51905,2.46051,0.65123
479523,1,-0.717984,0.0150744,0.99346,-2.24299,0.519045,2.46051,0.65123
479523,1,-0.717985,0.0150772,0.993463,-2.24299,0.51905,2.4605,0.65123
479523,1,-0.717984,0.0150729,0.99346,-2.24299,0.519048,2.46051,0.651232
479523,1,-0.717985,0.0150765,0.993457,-2.24299,0.51905,2.46051,0.65123
479523,1,-0.717982,0.0150744,0.993461,-2.24299,0.519051,2.46051,0.651233
479523,1,-0.717984,0.0150783,0.993466,-2.24299,0.519045,2.46051,0.651233
479523,1,-0.717984,0.0150751,0.993464,-2.24299,0.519049,2.46051,0.651232
479523,1,-0.717982,0.0150706,0.993462,-2.24299,0.519048,2.46051,0.651237
479523,1,-0.717983,0.0150751,0.993464,-2.24299,0.519054,2.46051,0.651229
479523,1,-0.717982,0.0150757,0.993459,-2.24299,0.519049,2.46051,0.651237
479523,1,-0.717985,0.0150793,0.993459,-2.24299,0.519047,2.46051,0.651232
479523,1,-0.717985,0.0150805,0.99346,-2.24299,0.519047,2.46051,0.651235
479523,1,-0.717984,0.0150785,0.993463,-2.24299,0.519051,2.46051,0.651231
479523,1,-0.717988,0.0150753,0.993459,-2.24298,0.519046,2.46051,0.651231
479523,1,-0.717987,0.0150765,0.993462,-2.24299,0.519048,2.46051,0.651233
479523,1,-0.717984,0.0150768,0.993461,-2.24299,0.519049,2.46051,0.651236
479523,1,-0.717984,0.0150746,0.993461,-2.24299,0.519049,2.46051,0.651234
479523,1,-0.717982,0.0150728,0.993457,-2.24299,0.519046,2.46051,0.651234
479523,1,-0.717984,0.0150754,0.993459,-2.24299,0.519048,2.46051,0.651233
479523,1,-0.717987,0.0150765,0.99346,-2.24299,0.519049,2.46051,0.651235
479523,1,-0.717986,0.0150763,0.99346,-2.24299,0.519048,2.46051,0.65123
479523,1,-0.717986,0.0150709,0.993464,-2.24299,0.519048,2.46051,0.651235
479523,1,-0.717982,0.0150707,0.993454,-2.24299,0.519048,2.46051,0.651231
479523,1,-0.717985,0.0150764,0.993462,-2.24299,0.519044,2.46051,0.651239
479523,1,-0.717982,0.0150768,0.993458,-2.24299,0.519048,2.46051,0.651229
479523,1,-0.717984,0.0150768,0.993462,-2.24299,0.519048,2.46051,0.651237
479523,1,-0.717986,0.0150764,0.993459,-2.24299,0.519046,2.46051,0.651234
479523,1,-0.717987,0.0150751,0.993455,-2.24299,0.519049,2.46051,0.651238
479523,1,-0.717987,0.0150744,0.993459,-2.24299,0.519049,2.46051,0.651235
479523,1,-0.717988,0.0150737,0.993456,-2.24299,0.519049,2.46051,0.651233
479523,1,-0.717989,0.0150791,0.993456,-2.24299,0.519047,2.46051,0.651234
479523,1,-0.71799,0.0150766,0.993458,-2.24299,0.519046,2.46051,0.651228
479523,1,-0.717982,0.0150783,0.99346,-2.24299,0.519048,2.46051,0.65123
479523,1,-0.717985,0.0150751,0.993464,-2.24299,0.519045,2.46051,0.651232
479523,1,-0.717984,0.0150755,0.993459,-2.24299,0.51905,2.46051,0.651231
479523,1,-0.717986,0.0150755,0.993461,-2.24299,0.519045,2.46051,0.651232
479523,1,-0.71798,0.0150751,0.993463,-2.24299,0.519049,2.4605,0.651237
479523,1,-0.717984,0.0150727,0.993461,-2.24298,0.519046,2.46051,0.651233
479523,1,-0.717982,0.0150755,0.993463,-2.24299,0.519045,2.46051,0.651235
479523,1,-0.717982,0.015073,0.993461,-2.24299,0.519046,2.4605,0.651231
479523,1,-0.717982,0.015069,0.993461,-2.24299,0.519046,2.46051,0.651235
479523,1,-0.717986,0.0150737,0.993465,-2.24299,0.519047,2.46051,0.65123
479523,1,-0.717984,0.0150744,0.993463,-2.243,0.519045,2.4605,0.651232
479523,1,-0.717984,0.0150729,0.993462,-2.24299,0.519047,2.46051,0.651235
479523,1,-0.717984,0.0150729,0.99346,-2.24299,0.519049,2.46051,0.651229
479523,1,-0.717986,0.0150729,0.99346,-2.24299,0.519044,2.4605,0.651237
479523,1,-0.717986,0.0150764,0.993457,-2.24299,0.519049,2.46051,0.651231
479523,1,-0.71798,0.0150775,0.993464,-2.24299,0.519047,2.46051,0.651235
479523,1,-0.717984,0.0150771,0.99346,-2.24299,0.519049,2.46051,0.651235
479523,1,-0.717984,0.0150781,0.99346,-2.24299,0.519046,2.46051,0.651233
479523,1,-0.71799,0.0150744,0.993455,-2.24299,0.519049,2.4605,0.65123
479523,1,-0.717985,0.0150805,0.993457,-2.24299,0.519051,2.46051,0.651231
479523,1,-0.717987,0.0150765,0.993461,-2.24299,0.519045,2.46051,0.65123
479523,1,-0.717985,0.0150808,0.993457,-2.24299,0.519049,2.46051,0.651239
479523,1,-0.717985,0.0150783,0.993462,-2.24299,0.519046,2.4605,0.651232
479523,1,-0.717985,0.0150762,0.993459,-2.24299,0.519049,2.46051,0.651236
479523,1,-0.717985,0.0150785,0.993457,-2.24299,0.519049,2.46051,0.651238
479523,1,-0.71799,0.0150783,0.993457,-2.24299,0.519046,2.4605,0.651236
479523,1,-0.717986,0.0150751,0.993461,-2.243,0.519046,2.46051,0.651231
479523,1,-0.717985,0.0150755,0.993459,-2.24299,0.519048,2.46051,0.651237
479523,1,-0.717985,0.0150736,0.993461,-2.24299,0.519048,2.46051,0.651234
479523,1,-0.717982,0.0150755,0.993459,-2.24299,0.519047,2.46051,0.651238
479523,1,-0.717986,0.0150765,0.993461,-2.24299,0.519048,2.4605,0.651235
479523,1,-0.71798,0.0150752,0.993461,-2.24299,0.519049,2.4605,0.651231
479523,1,-0.717982,0.0150736,0.993461,-2.24299,0.519049,2.46051,0.651235
479523,1,-0.717984,0.0150731,0.993461,-2.24299,0.519049,2.46051,0.651234
479523,1,-0.717984,0.0150768,0.993461,-2.24299,0.519044,2.4605,0.65123
479523,1,-0.717984,0.0150709,0.993461,-2.24299,0.519048,2.46051,0.651233
479523,1,-0.717982,0.0150727,0.993463,-2.24299,0.519051,2.46051,0.651231
479523,1,-0.717986,0.0150713,0.993461,-2.24299,0.519048,2.4605,0.651229
479523,1,-0.71798,0.0150716,0.993466,-2.24299,0.51905,2.46051,0.65123
479523,1,-0.717982,0.0150736,0.993459,-2.24299,0.519049,2.46051,0.651235
479523,1,-0.71798,0.0150773,0.993461,-2.24299,0.519048,2.46051,0.651231
479523,1,-0.717982,0.0150727,0.993461,-2.24299,0.519048,2.46051,0.651235
479523,1,-0.717984,0.0150727,0.993461,-2.24299,0.519048,2.46051,0.651231
479523,1,-0.717984,0.0150744,0.993459,-2.24299,0.519049,2.46051,0.651239
479523,1,-0.717987,0.0150792,0.993464,-2.24299,0.51905,2.46051,0.651235
479523,1,-0.717986,0.0150782,0.993463,-2.24299,0.519048,2.46051,0.651235
479523,1,-0.717984,0.0150744,0.993459,-2.24299,0.519047,2.46051,0.651229
479523,1,-0.717984,0.0150764,0.993455,-2.24299,0.519045,2.46051,0.651232
479523,1,-0.717987,0.0150781,0.993461,-2.24299,0.519048,2.4605,0.651233
479523,1,-0.717985,0.0150803,0.993459,-2.24299,0.519047,2.4605,0.651233
479523,1,-0.717985,0.0150745,0.99346,-2.24299,0.519051,2.46051,0.651237
479523,1,-0.717985,0.0150813,0.993457,-2.24299,0.519046,2.46051,0.651236
479523,1,-0.717987,0.0150765,0.993459,-2.24299,0.519047,2.4605,0.651236
479523,1,-0.717986,0.0150771,0.993455,-2.24299,0.519048,2.46051,0.651231
479523,1,-0.717985,0.0150754,0.993459,-2.24299,0.519049,2.46051,0.651238
479523,1,-0.717984,0.0150747,0.993459,-2.243,0.519048,2.46051,0.651232
479523,1,-0.717984,0.0150714,0.993457,-2.24299,0.51905,2.46051,0.651236
479523,1,-0.717987,0.0150768,0.993461,-2.24299,0.519049,2.46051,0.651231
479523,1,-0.717988,0.0150744,0.99346,-2.24299,0.51905,2.46051,0.651235
479523,1,-0.717984,0.0150751,0.993461,-2.24299,0.519044,2.4605,0.651234
479523,1,-0.717984,0.0150736,0.993462,-2.24299,0.519049,2.46051,0.651231
479523,1,-0.717985,0.0150764,0.993458,-2.24299,0.519044,2.46051,0.651238
479523,1,-0.717982,0.0150745,0.993458,-2.24299,0.519048,2.46051,0.65123
479523,1,-0.717984,0.0150748,0.993462,-2.24299,0.519047,2.46051,0.651235
479523,1,-0.717985,0.015079,0.993457,-2.24299,0.519051,2.4605,0.651231
479523,1,-0.717985,0.0150766,0.993457,-2.24299,0.519051,2.46051,0.651234
479523,1,-0.717985,0.0150747,0.993461,-2.24299,0.51905,2.46051,0.651228
479523,1,-0.717984,0.0150748,0.993463,-2.24299,0.51905,2.4605,0.651231
479523,1,-0.717984,0.015077,0.993461,-2.24299,0.519049,2.46051,0.651232
479523,1,-0.717984,0.0150755,0.993461,-2.24299,0.519044,2.46051,0.651226
479523,1,-0.717982,0.015071,0.993463,-2.24299,0.519049,2.46051,0.651231
479523,1,-0.717982,0.0150755,0.993461,-2.24299,0.519048,2.46051,0.651234
479523,1,-0.717983,0.0150747,0.993459,-2.24299,0.519049,2.46051,0.651234
479523,1,-0.717978,0.0150735,0.993457,-2.24299,0.519045,2.46051,0.651235
479523,1,-0.717985,0.0150728,0.993462,-2.24298,0.519045,2.46051,0.651231
479523,1,-0.717985,0.015079,0.99346,-2.24299,0.519046,2.46051,0.651235
479523,1,-0.717984,0.0150745,0.993457,-2.24299,0.519047,2.46051,0.651235
479523,1,-0.717985,0.0150716,0.99346,-2.24299,0.519049,2.4605,0.65123
479523,1,-0.717986,0.015073,0.993459,-2.24299,0.519048,2.46051,0.651235
479523,1,-0.717984,0.0150768,0.993457,-2.24299,0.519049,2.46051,0.651231
479523,1,-0.717984,0.0150753,0.993464,-2.24299,0.51905,2.46051,0.651233
479523,1,-0.717985,0.0150768,0.993463,-2.24299,0.519049,2.4605,0.651231
479523,1,-0.717984,0.0150751,0.993455,-2.24299,0.519048,2.4605,0.651232
479523,1,-0.717984,0.0150744,0.993457,-2.24299,0.51905,2.46051,0.651239
479523,1,-0.717985,0.0150764,0.993461,-2.24299,0.519049,2.46051,0.651233
479523,1,-0.717987,0.0150782,0.993459,-2.24299,0.51905,2.4605,0.651236
479523,1,-0.717984,0.0150781,0.993459,-2.24299,0.519048,2.4605,0.651234
479523,1,-0.717982,0.0150812,0.993459,-2.24299,0.519049,2.46051,0.651236
479523,1,-0.717984,0.0150744,0.993458,-2.24299,0.519049,2.4605,0.651231
479523,1,-0.717982,0.0150727,0.993457,-2.24299,0.519049,2.46051,0.651232
479523,1,-0.717987,0.0150755,0.993459,-2.24299,0.519049,2.46051,0.651233
479523,1,-0.717984,0.0150752,0.993461,-2.24299,0.519049,2.4605,0.651232
479523,1,-0.717984,0.0150745,0.993456,-2.24299,0.519049,2.46051,0.65123
479523,1,-0.717986,0.0150768,0.993457,-2.24299,0.519048,2.4605,0.65123
479523,1,-0.717981,0.0150772,0.99346,-2.24299,0.519049,2.46051,0.651233
479523,1,-0.717986,0.0150764,0.993459,-2.24299,0.519046,2.46051,0.651238
479523,1,-0.717982,0.0150766,0.993462,-2.24299,0.519049,2.46051,0.651233
479523,1,-0.717985,0.0150751,0.993458,-2.24299,0.51905,2.46051,0.651239
479523,1,-0.717982,0.0150745,0.993466,-2.24299,0.519049,2.46051,0.651233
479523,1,-0.717982,0.0150746,0.993461,-2.24299,0.519048,2.46051,0.651231
479523,1,-0.717982,0.0150763,0.993464,-2.24299,0.519049,2.46051,0.651231
479523,1,-0.717984,0.0150736,0.993461,-2.24299,0.51905,2.46051,0.651233
479523,1,-0.717984,0.0150761,0.993458,-2.24299,0.519046,2.46051,0.65123
479523,1,-0.717984,0.015079,0.993463,-2.24299,0.519049,2.46051,0.651233
479523,1,-0.717984,0.0150751,0.993461,-2.24299,0.519047,2.46051,0.651231
479523,1,-0.717985,0.0150783,0.99346,-2.24299,0.519049,2.46051,0.651231
479523,1,-0.717982,0.0150673,0.993458,-2.24299,0.519049,2.46051,0.65123
479523,1,-0.717985,0.0150735,0.993455,-2.24299,0.519049,2.46051,0.651236
479523,1,-0.717985,0.0150751,0.993462,-2.24299,0.519047,2.46051,0.651231
479523,1,-0.717984,0.0150709,0.993461,-2.24299,0.519049,2.46051,0.651233
479523,1,-0.717984,0.0150755,0.993459,-2.24298,0.519044,2.46051,0.651234
479523,1,-0.717985,0.0150727,0.99346,-2.24299,0.519048,2.46051,0.651238
479523,1,-0.717984,0.0150709,0.993459,-2.24299,0.519048,2.46051,0.651235
479523,1,-0.717984,0.0150751,0.993459,-2.24299,0.519047,2.46051,0.651236
479523,1,-0.717984,0.0150709,0.993457,-2.24299,0.51905,2.4605,0.651235
479523,1,-0.717985,0.0150763,0.993459,-2.24299,0.51905,2.4605,0.651233
479523,1,-0.717984,0.0150768,0.99346,-2.24299,0.519049,2.46051,0.651232
479523,1,-0.717984,0.0150792,0.993459,-2.24299,0.519048,2.46051,0.65123
479523,1,-0.717986,0.0150803,0.99346,-2.24299,0.519048,2.46051,0.651233
479523,1,-0.717987,0.0150747,0.993455,-2.24299,0.519047,2.4605,0.651228
479523,1,-0.717987,0.0150809,0.993462,-2.24299,0.519047,2.46051,0.651236
479523,1,-0.717982,0.0150749,0.993459,-2.24299,0.519049,2.46051,0.65123
479523,1,-0.717984,0.0150749,0.993458,-2.24299,0.519045,2.46051,0.651235
479523,1,-0.717987,0.0150737,0.993458,-2.24299,0.519049,2.46051,0.651232
479523,1,-0.717984,0.0150792,0.993463,-2.24299,0.519048,2.46051,0.651236
479523,1,-0.717986,0.0150748,0.993459,-2.24298,0.519049,2.46051,0.65123
479523,1,-0.717984,0.0150751,0.993463,-2.24299,0.519044,2.4605,0.651232
479523,1,-0.717985,0.015079,0.993461,-2.24299,0.519043,2.46051,0.651229
479523,1,-0.717982,0.0150765,0.99346,-2.24299,0.519048,2.46051,0.651227
479523,1,-0.717982,0.0150762,0.993458,-2.24299,0.519047,2.46051,0.651238
479523,1,-0.717984,0.0150748,0.993461,-2.24299,0.519049,2.4605,0.651229
479523,1,-0.717984,0.0150762,0.993463,-2.24299,0.519046,2.46051,0.651237
479523,1,-0.717984,0.0150769,0.99346,-2.24299,0.519049,2.46051,0.651231
479523,1,-0.717984,0.0150758,0.993459,-2.24299,0.519048,2.46051,0.651231
479523,1,-0.717985,0.0150768,0.993461,-2.24299,0.519047,2.46051,0.651229
479523,1,-0.717984,0.0150728,0.993461,-2.24299,0.519049,2.46051,0.651237
479523,1,-0.717984,0.0150774,0.993463,-2.24299,0.519047,2.46051,0.651236
479523,1,-0.717985,0.0150737,0.993461,-2.24299,0.519048,2.46051,0.651236
479523,1,-0.717985,0.0150748,0.993457,-2.24299,0.519049,2.46051,0.651231
479523,1,-0.717985,0.0150746,0.99346,-2.24299,0.519048,2.46051,0.651238
479523,1,-0.717985,0.0150775,0.99346,-2.24299,0.519049,2.46051,0.651234
479523,1,-0.717985,0.0150766,0.993461,-2.24299,0.519047,2.4605,0.651236
479523,1,-0.717987,0.0150742,0.993459,-2.24299,0.519047,2.46051,0.651238
479523,1,-0.71798,0.0150749,0.993461,-2.24299,0.519045,2.46051,0.651235
479523,1,-0.717987,0.0150789,0.993463,-2.24299,0.519047,2.46051,0.651236
479523,1,-0.717984,0.0150729,0.993459,-2.24299,0.51905,2.46051,0.651233
479524,1,-0.717984,0.015079,0.99346,-2.24299,0.519044,2.46051,0.651238
479524,1,-0.717985,0.0150768,0.993458,-2.24299,0.519049,2.46051,0.651232
479524,1,-0.717983,0.0150768,0.99346,-2.24299,0.519051,2.46051,0.651232
479524,1,-0.717984,0.0150748,0.993461,-2.24299,0.519048,2.46051,0.651231
479524,1,-0.717985,0.0150765,0.993459,-2.24299,0.519047,2.4605,0.651231
479524,1,-0.717986,0.0150764,0.993458,-2.24299,0.519049,2.4605,0.651229
479524,1,-0.717982,0.015075,0.993461,-2.24299,0.519047,2.46051,0.651231
479524,1,-0.717984,0.0150761,0.993455,-2.24299,0.519048,2.46051,0.651231
479524,1,-0.717983,0.0150764,0.993461,-2.24299,0.519045,2.4605,0.651235
479524,1,-0.717985,0.0150727,0.993461,-2.24299,0.519052,2.46051,0.651232
479524,1,-0.717984,0.0150709,0.993461,-2.24299,0.519049,2.46051,0.651235
479524,1,-0.717984,0.0150768,0.993465,-2.24299,0.519049,2.46051,0.65123
479524,1,-0.717982,0.0150758,0.993465,-2.24299,0.519049,2.46051,0.651235
479524,1,-0.717982,0.0150769,0.99346,-2.24299,0.519049,2.4605,0.651234
479524,1,-0.717984,0.0150772,0.993457,-2.24299,0.519049,2.46051,0.651237
479524,1,-0.717987,0.0150713,0.993461,-2.24299,0.519049,2.46051,0.65123
479524,1,-0.717984,0.0150751,0.993461,-2.24298,0.519049,2.46051,0.651233
479524,1,-0.71798,0.0150714,0.993462,-2.24299,0.519049,2.46051,0.651233
479524,1,-0.717984,0.0150745,0.993459,-2.24299,0.519048,2.4605,0.651232
479524,1,-0.717988,0.0150727,0.993458,-2.24299,0.519047,2.4605,0.651232
479524,1,-0.717985,0.0150764,0.993461,-2.24299,0.519051,2.46051,0.651235
479524,1,-0.717987,0.0150745,0.993457,-2.24299,0.519049,2.46051,0.651237
479524,1,-0.717984,0.0150785,0.99346,-2.24299,0.519048,2.46051,0.651235
479524,1,-0.717988,0.0150756,0.993461,-2.24299,0.519049,2.4605,0.651235
479524,1,-0.717985,0.0150766,0.993462,-2.24299,0.519049,2.46051,0.651237
479524,1,-0.717985,0.0150782,0.993459,-2.24299,0.519048,2.46051,0.651236
479524,1,-0.717985,0.0150735,0.993455,-2.24299,0.51905,2.46051,0.651233
479524,1,-0.717986,0.0150751,0.993457,-2.24299,0.519048,2.4605,0.651233
479524,1,-0.717984,0.0150748,0.993461,-2.24299,0.519046,2.46051,0.651231
479524,1,-0.717984,0.0150707,0.993461,-2.24299,0.519043,2.4605,0.651238
479524,1,-0.717984,0.0150747,0.993459,-2.24299,0.519048,2.46051,0.651232
479524,1,-0.717986,0.0150755,0.993463,-2.24299,0.519049,2.4605,0.651235
479524,1,-0.717985,0.0150769,0.993459,-2.24299,0.519045,2.46051,0.651233
479524,1,-0.717989,0.0150729,0.993461,-2.24299,0.519049,2.46051,0.651235
479524,1,-0.717983,0.0150729,0.993461,-2.24299,0.519048,2.46051,0.651231
479524,1,-0.717987,0.0150707,0.993459,-2.24299,0.519047,2.46051,0.651233
479524,1,-0.717984,0.0150727,0.993465,-2.24299,0.519047,2.4605,0.651231
479524,1,-0.717985,0.0150734,0.993461,-2.24299,0.519047,2.46051,0.651226
479524,1,-0.717985,0.0150714,0.993461,-2.24299,0.519049,2.46051,0.651232
479524,1,-0.717984,0.0150731,0.993459,-2.24299,0.519049,2.46051,0.651235
479524,1,-0.717984,0.0150751,0.993465,-2.24299,0.519048,2.46051,0.651231
479524,1,-0.717984,0.0150693,0.993459,-2.24298,0.519049,2.46051,0.651235
479524,1,-0.717982,0.0150728,0.993461,-2.24299,0.519047,2.46051,0.651236
479524,1,-0.717982,0.0150727,0.993462,-2.24299,0.519049,2.4605,0.651234
479524,1,-0.717982,0.0150758,0.993462,-2.24299,0.519049,2.46051,0.651234
479524,1,-0.717982,0.0150705,0.993461,-2.24299,0.519052,2.4605,0.651235
479524,1,-0.717982,0.0150728,0.993465,-2.24299,0.519048,2.46051,0.651238
479524,1,-0.717984,0.0150747,0.993464,-2.24299,0.519048,2.46051,0.65123
479524,1,-0.717985,0.0150738,0.993459,-2.24299,0.519048,2.46051,0.651235
479524,1,-0.717982,0.0150747,0.99346,-2.24299,0.519044,2.46051,0.651232
479524,1,-0.717983,0.0150747,0.993458,-2.24299,0.519046,2.46051,0.651235
479524,1,-0.717985,0.0150727,0.993461,-2.24299,0.519048,2.46051,0.651231
479524,1,-0.717984,0.0150729,0.993457,-2.24299,0.519045,2.46051,0.651232
479524,1,-0.717982,0.015073,0.993456,-2.24299,0.51905,2.46051,0.65123
479524,1,-0.717985,0.0150781,0.993458,-2.24299,0.519047,2.46051,0.651232
479524,1,-0.717984,0.0150742,0.993458,-2.24299,0.519048,2.46051,0.651236
479524,1,-0.717988,0.0150744,0.993457,-2.24299,0.519048,2.46051,0.651237
479524,1,-0.717982,0.0150738,0.993457,-2.24299,0.51905,2.46051,0.651235
479524,1,-0.717989,0.0150729,0.993458,-2.24299,0.519048,2.46051,0.651235
479524,1,-0.717985,0.0150751,0.993455,-2.24299,0.519045,2.4605,0.651235
479524,1,-0.717989,0.0150806,0.993461,-2.24299,0.519046,2.46051,0.651233
479524,1,-0.717988,0.0150827,0.993465,-2.24299,0.51905,2.46051,0.65123
479524,1,-0.717986,0.0150764,0.99346,-2.24298,0.519049,2.4605,0.651235
479524,1,-0.717984,0.0150762,0.993459,-2.24299,0.519045,2.46051,0.651231
479524,1,-0.717985,0.0150808,0.993461,-2.24299,0.51905,2.46051,0.651233
479524,1,-0.717985,0.0150744,0.993459,-2.24299,0.519047,2.4605,0.651233
479524,1,-0.717985,0.0150754,0.993464,-2.24299,0.519049,2.46051,0.651233
479524,1,-0.717984,0.0150782,0.993465,-2.24299,0.519047,2.46051,0.651238
479524,1,-0.717987,0.0150769,0.993463,-2.24299,0.519045,2.4605,0.651237
479524,1,-0.717987,0.0150768,0.993459,-2.24299,0.519049,2.46051,0.651239
479524,1,-0.717984,0.0150747,0.993462,-2.24299,0.519049,2.46051,0.651236
479524,1,-0.717985,0.0150769,0.993461,-2.24299,0.519048,2.46051,0.651236
479524,1,-0.717982,0.0150755,0.993461,-2.24299,0.519047,2.46051,0.651236
479524,1,-0.717985,0.015079,0.993463,-2.24299,0.519044,2.46051,0.651237
479524,1,-0.717985,0.015069,0.993459,-2.24299,0.519048,2.46051,0.651231
479524,1,-0.717984,0.0150729,0.993461,-2.24299,0.51905,2.4605,0.651232
479524,1,-0.717984,0.0150745,0.993461,-2.24299,0.519049,2.46051,0.651234
479524,1,-0.717984,0.0150707,0.993461,-2.24299,0.519049,2.46051,0.651236
479524,1,-0.717985,0.0150758,0.993461,-2.24299,0.519046,2.46051,0.651234
479524,1,-0.717985,0.0150708,0.993463,-2.24299,0.519049,2.46051,0.651235
479524,1,-0.717984,0.0150753,0.993461,-2.24299,0.51905,2.46051,0.651238
479524,1,-0.717984,0.0150709,0.99346,-2.24299,0.519047,2.46051,0.651229
479524,1,-0.717984,0.0150735,0.993462,-2.24299,0.519044,2.46051,0.651234
479524,1,-0.717985,0.0150729,0.99346,-2.24298,0.519049,2.46051,0.651235
479524,1,-0.717987,0.0150783,0.993461,-2.24299,0.519051,2.46051,0.651237
479524,1,-0.717985,0.0150761,0.993457,-2.24299,0.519048,2.46051,0.651237
479524,1,-0.717987,0.0150789,0.993461,-2.24299,0.519049,2.46051,0.651236
479524,1,-0.717984,0.0150744,0.99346,-2.24299,0.519049,2.46051,0.651234
479524,1,-0.717987,0.0150805,0.993458,-2.24299,0.519046,2.46051,0.651235
479524,1,-0.717988,0.0150761,0.993457,-2.24299,0.51905,2.46051,0.651233
479524,1,-0.717987,0.0150756,0.993461,-2.24299,0.519049,2.4605,0.651229
479524,1,-0.717985,0.0150749,0.993461,-2.24299,0.519047,2.46051,0.651231
479524,1,-0.717984,0.0150765,0.993464,-2.24299,0.519044,2.46051,0.651227
479524,1,-0.717985,0.0150728,0.993461,-2.24299,0.519048,2.46051,0.651227
479524,1,-0.717985,0.0150709,0.993459,-2.24299,0.51905,2.46051,0.651235
479524,1,-0.717985,0.0150747,0.993459,-2.24299,0.519047,2.46051,0.65123
479524,1,-0.717985,0.015073,0.99346,-2.24299,0.519048,2.46051,0.651237
479524,1,-0.717984,0.0150751,0.993461,-2.24299,0.519049,2.46051,0.65123
479524,1,-0.717984,0.0150744,0.993458,-2.24299,0.519047,2.46051,0.651236
479524,1,-0.717984,0.015073,0.99346,-2.24299,0.51905,2.46051,0.651228
479524,1,-0.717985,0.0150727,0.993462,-2.24299,0.519046,2.46051,0.651235
479524,1,-0.717984,0.0150768,0.993462,-2.24299,0.519048,2.4605,0.651229
479524,1,-0.717982,0.0150809,0.993463,-2.24299,0.519048,2.46051,0.651232
479524,1,-0.717982,0.0150754,0.993461,-2.24299,0.519048,2.4605,0.65123
479524,1,-0.717982,0.0150765,0.993463,-2.24299,0.519045,2.46051,0.651229
479524,1,-0.717987,0.0150744,0.99346,-2.24299,0.519048,2.46051,0.651237
479524,1,-0.717986,0.0150759,0.993459,-2.24299,0.519049,2.4605,0.651237
479524,1,-0.717984,0.0150744,0.993461,-2.24299,0.519045,2.46051,0.651235
479524,1,-0.717982,0.0150792,0.993462,-2.24299,0.519049,2.4605,0.651233
479524,1,-0.717985,0.0150772,0.993458,-2.24299,0.519049,2.46051,0.651228
479524,1,-0.717984,0.0150744,0.993463,-2.24299,0.519049,2.46051,0.65123
479524,1,-0.717984,0.0150765,0.993457,-2.24299,0.519048,2.46051,0.651231
479524,1,-0.717982,0.0150752,0.993461,-2.24299,0.519052,2.4605,0.651233
479524,1,-0.717985,0.0150729,0.993461,-2.24299,0.519051,2.46051,0.651237
479524,1,-0.717989,0.0150744,0.993461,-2.24299,0.519048,2.4605,0.651228
479524,1,-0.717986,0.0150769,0.993462,-2.24299,0.51905,2.4605,0.651237
479524,1,-0.717986,0.0150762,0.993463,-2.24299,0.519045,2.46051,0.651237
479524,1,-0.717983,0.0150732,0.993457,-2.24299,0.519049,2.4605,0.651233
479524,1,-0.717987,0.0150762,0.993462,-2.24299,0.519047,2.4605,0.651231
479524,1,-0.717984,0.015079,0.993459,-2.24299,0.519049,2.46051,0.651234
479524,1,-0.717984,0.0150723,0.993458,-2.24299,0.519049,2.46051,0.651237
479524,1,-0.717984,0.0150728,0.993458,-2.24298,0.519047,2.46051,0.651229
479524,1,-0.717982,0.0150748,0.993462,-2.24299,0.51905,2.46051,0.651229
479524,1,-0.717984,0.0150744,0.993459,-2.24299,0.519047,2.4605,0.651233
479524,1,-0.717984,0.0150727,0.993461,-2.24299,0.519048,2.46051,0.651231
479524,1,-0.717982,0.0150704,0.993459,-2.24299,0.519048,2.46051,0.651234
479524,1,-0.717984,0.0150747,0.993459,-2.24299,0.519046,2.46051,0.651232
479524,1,-0.717987,0.0150746,0.993463,-2.24299,0.519052,2.46051,0.65123
479524,1,-0.717987,0.0150764,0.993458,-2.24298,0.519047,2.46051,0.651235
479524,1,-0.717987,0.0150754,0.993461,-2.24299,0.519044,2.46051,0.651231
479524,1,-0.717985,0.0150751,0.993461,-2.24299,0.519047,2.4605,0.651236
479524,1,-0.717986,0.0150783,0.993459,-2.24299,0.519044,2.46051,0.651231
479524,1,-0.717982,0.0150747,0.993461,-2.24299,0.519049,2.46051,0.651232
479524,1,-0.717983,0.0150734,0.993463,-2.24299,0.519049,2.4605,0.651235
479524,1,-0.71799,0.0150744,0.993459,-2.24299,0.519049,2.4605,0.651231
479524,1,-0.717987,0.0150746,0.993461,-2.24299,0.519049,2.46051,0.651235
479524,1,-0.717984,0.0150737,0.993461,-2.24299,0.519047,2.46051,0.651233
479524,1,-0.717985,0.0150744,0.993459,-2.24298,0.519044,2.4605,0.651236
479524,1,-0.717986,0.0150728,0.993463,-2.24299,0.519048,2.4605,0.651232
479524,1,-0.717987,0.0150746,0.993461,-2.24299,0.519046,2.46051,0.651234
479524,1,-0.717982,0.0150762,0.993457,-2.24299,0.519048,2.46051,0.651233
479524,1,-0.717988,0.0150768,0.993459,-2.24299,0.519049,2.46051,0.651233
479524,1,-0.717982,0.0150762,0.993461,-2.24299,0.519048,2.46051,0.65123
479524,1,-0.717982,0.0150765,0.993457,-2.24299,0.519046,2.46051,0.651234
479524,1,-0.717988,0.0150771,0.993459,-2.24299,0.519048,2.46051,0.651231
479524,1,-0.717984,0.0150754,0.993461,-2.24299,0.519047,2.46051,0.651236
479524,1,-0.717984,0.0150768,0.993461,-2.24299,0.519049,2.4605,0.651233
479524,1,-0.717983,0.0150744,0.99346,-2.24299,0.519048,2.46051,0.651233
479524,1,-0.717985,0.0150744,0.993464,-2.24298,0.519048,2.46051,0.651233
479524,1,-0.717984,0.0150754,0.993464,-2.24299,0.51905,2.46051,0.651233
479524,1,-0.717985,0.015073,0.99346,-2.24299,0.519051,2.46051,0.651235
479524,1,-0.717985,0.0150707,0.99346,-2.24299,0.519047,2.46051,0.651231
479524,1,-0.717982,0.0150744,0.993457,-2.24299,0.51905,2.46051,0.651235
479524,1,-0.717982,0.0150765,0.99346,-2.24298,0.519045,2.46051,0.651233
479524,1,-0.717985,0.0150729,0.993461,-2.24299,0.519048,2.46051,0.651231
479524,1,-0.717984,0.015073,0.99346,-2.24299,0.51905,2.46051,0.651235
479524,1,-0.717988,0.0150712,0.993463,-2.24299,0.519045,2.46051,0.651238
479524,1,-0.717984,0.0150765,0.993461,-2.24299,0.519049,2.46051,0.651238
479524,1,-0.717987,0.0150773,0.993459,-2.24299,0.519048,2.46051,0.651235
479524,1,-0.717985,0.0150746,0.993457,-2.24299,0.51905,2.46051,0.651233
479524,1,-0.717988,0.0150737,0.993459,-2.24299,0.519048,2.46051,0.65123
479524,1,-0.71798,0.0150773,0.993463,-2.24299,0.519049,2.46051,0.651231
479524,1,-0.717982,0.015081,0.993459,-2.24299,0.519047,2.4605,0.651233
479524,1,-0.717982,0.0150728,0.993463,-2.24299,0.519044,2.46051,0.651235
479524,1,-0.717985,0.0150765,0.993461,-2.24299,0.519048,2.46051,0.651237
479524,1,-0.717982,0.0150768,0.993459,-2.24299,0.51905,2.46051,0.651235
479524,1,-0.717982,0.0150744,0.993458,-2.24299,0.519045,2.46051,0.651235
479524,1,-0.717987,0.0150768,0.993463,-2.24299,0.51905,2.46051,0.651233
479524,1,-0.717984,0.0150744,0.993463,-2.24299,0.519048,2.46051,0.651238
479524,1,-0.717982,0.0150708,0.99346,-2.24298,0.519045,2.46051,0.651229
479524,1,-0.717984,0.0150738,0.993462,-2.24299,0.51905,2.4605,0.651235
479524,1,-0.717984,0.0150735,0.993461,-2.24299,0.519048,2.46051,0.651233
479524,1,-0.717984,0.0150735,0.993465,-2.24299,0.519047,2.46051,0.65123
479524,1,-0.717984,0.0150698,0.993465,-2.24299,0.519048,2.4605,0.651231
479524,1,-0.717982,0.0150727,0.993463,-2.24299,0.519049,2.46051,0.651235
479524,1,-0.717985,0.0150711,0.993463,-2.24298,0.519051,2.46051,0.65123
479524,1,-0.717985,0.0150727,0.993461,-2.24299,0.519046,2.46051,0.651235
479524,1,-0.717982,0.0150727,0.993461,-2.24299,0.519047,2.4605,0.651233
479524,1,-0.717984,0.0150747,0.993459,-2.24299,0.519049,2.46051,0.651238
479524,1,-0.717984,0.0150755,0.993461,-2.24299,0.519044,2.4605,0.651233
479524,1,-0.717985,0.0150765,0.993458,-2.24299,0.519049,2.46051,0.651235
479524,1,-0.717986,0.0150803,0.993459,-2.24299,0.519048,2.4605,0.651231
479524,1,-0.71799,0.0150792,0.993459,-2.24299,0.519049,2.4605,0.651235
479524,1,-0.717986,0.0150771,0.993458,-2.24299,0.519049,2.4605,0.651234
479524,1,-0.717985,0.0150751,0.993459,-2.24299,0.519049,2.4605,0.651231
479524,1,-0.717985,0.0150746,0.993461,-2.24299,0.519048,2.46051,0.651232
479524,1,-0.717991,0.0150793,0.993455,-2.24299,0.519045,2.46051,0.651226
479524,1,-0.717985,0.0150707,0.993457,-2.24299,0.519048,2.46051,0.651233
479524,1,-0.717984,0.0150781,0.993459,-2.24299,0.51905,2.46051,0.651234
479524,1,-0.717985,0.0150742,0.993457,-2.24299,0.51905,2.4605,0.651234
479524,1,-0.717985,0.0150729,0.993455,-2.24299,0.519049,2.46051,0.651233
479524,1,-0.717983,0.0150768,0.993457,-2.24299,0.519048,2.46051,0.651234
479524,1,-0.717984,0.0150814,0.993461,-2.24299,0.519045,2.4605,0.651233
479524,1,-0.717985,0.0150727,0.993461,-2.24299,0.519051,2.4605,0.651233
479524,1,-0.717984,0.0150737,0.993462,-2.24299,0.519048,2.46051,0.651237
479524,1,-0.717984,0.0150734,0.99346,-2.24299,0.519049,2.4605,0.651228
479524,1,-0.717984,0.015069,0.99346,-2.24299,0.519049,2.46051,0.651231
479524,1,-0.717982,0.0150744,0.993461,-2.24299,0.519046,2.46051,0.651231
479524,1,-0.717986,0.0150745,0.993462,-2.24299,0.519049,2.46051,0.651237
479524,1,-0.717985,0.0150727,0.993459,-2.24299,0.519046,2.4605,0.651232
479525,1,-0.717984,0.0150685,0.993466,-2.24299,0.519049,2.46051,0.651236
479525,1,-0.717987,0.0150792,0.993464,-2.24299,0.519045,2.46051,0.651231
479525,1,-0.717984,0.0150744,0.993463,-2.24299,0.519049,2.46051,0.651236
479525,1,-0.717982,0.0150745,0.993464,-2.24299,0.519051,2.46051,0.651229
479525,1,-0.717984,0.0150762,0.993457,-2.24299,0.519049,2.46051,0.651232
479525,1,-0.717984,0.0150727,0.993458,-2.24299,0.519051,2.46051,0.651229
479525,1,-0.717982,0.0150781,0.993463,-2.24299,0.519048,2.46051,0.651232
479525,1,-0.717982,0.0150775,0.993459,-2.24299,0.519049,2.46051,0.651235
479525,1,-0.717984,0.0150803,0.993459,-2.24299,0.519047,2.46051,0.651235
479525,1,-0.717988,0.0150728,0.993461,-2.24299,0.519049,2.46051,0.651235
479525,1,-0.717984,0.0150728,0.993461,-2.24299,0.519046,2.46051,0.651237
479525,1,-0.71798,0.0150744,0.99346,-2.24299,0.519049,2.46051,0.651231
479525,1,-0.717984,0.0150754,0.99346,-2.24299,0.519047,2.46051,0.651234
479525,1,-0.717989,0.0150752,0.99346,-2.24299,0.519053,2.4605,0.651228
479525,1,-0.717984,0.0150744,0.993462,-2.24299,0.519049,2.46051,0.651232
479525,1,-0.717986,0.0150728,0.99346,-2.24299,0.51905,2.46051,0.651234
479525,1,-0.717988,0.0150761,0.993458,-2.24299,0.519044,2.4605,0.651238
479525,1,-0.717985,0.0150727,0.993461,-2.24299,0.519048,2.46051,0.65123
479525,1,-0.717986,0.0150764,0.993457,-2.24299,0.519049,2.46051,0.651236
479525,1,-0.717986,0.0150758,0.993455,-2.24299,0.519049,2.46051,0.651228
479525,1,-0.717984,0.0150727,0.993455,-2.24299,0.519047,2.46051,0.651231
479525,1,-0.717985,0.0150707,0.993461,-2.24299,0.519046,2.4605,0.651231
479525,1,-0.717984,0.0150735,0.993459,-2.24299,0.519046,2.46051,0.651234
479525,1,-0.717985,0.0150699,0.993459,-2.24299,0.519049,2.46051,0.651235
479525,1,-0.717984,0.0150754,0.993461,-2.24299,0.519046,2.46051,0.651233
479525,1,-0.717984,0.0150744,0.993461,-2.24298,0.519046,2.46051,0.651233
479525,1,-0.71798,0.0150762,0.993464,-2.24299,0.519048,2.46051,0.651237
479525,1,-0.717984,0.0150673,0.993461,-2.24299,0.519047,2.46051,0.651232
479525,1,-0.717984,0.0150734,0.993464,-2.24299,0.519048,2.4605,0.651235
479525,1,-0.717986,0.0150707,0.993463,-2.24299,0.519048,2.4605,0.651228
479525,1,-0.717985,0.0150782,0.993464,-2.24299,0.519049,2.46051,0.651237
479525,1,-0.717984,0.0150746,0.99346,-2.24299,0.519048,2.46051,0.651228
479525,1,-0.717983,0.0150769,0.993457,-2.24299,0.51905,2.46051,0.651236
479525,1,-0.717988,0.0150728,0.993463,-2.24299,0.519045,2.46051,0.651231
479525,1,-0.717987,0.0150789,0.993458,-2.24299,0.519044,2.46051,0.651233
479525,1,-0.717982,0.0150762,0.993457,-2.24299,0.519048,2.4605,0.651234
479525,1,-0.717985,0.0150754,0.993461,-2.24299,0.519047,2.46051,0.651234
479525,1,-0.717985,0.015071,0.993463,-2.24299,0.519045,2.46051,0.651239
479525,1,-0.717985,0.0150727,0.993459,-2.24299,0.519045,2.4605,0.651238
479525,1,-0.717984,0.015075,0.993459,-2.24299,0.519047,2.4605,0.651237
479525,1,-0.717986,0.0150747,0.993459,-2.24299,0.519048,2.46051,0.651237
479525,1,-0.717986,0.0150727,0.993459,-2.24299,0.51905,2.46051,0.651232
479525,1,-0.717984,0.0150745,0.993459,-2.24299,0.519045,2.46051,0.651233
479525,1,-0.717982,0.0150761,0.993459,-2.24299,0.51905,2.46051,0.651231
479525,1,-0.717985,0.015069,0.993461,-2.24299,0.519046,2.46051,0.651231
479525,1,-0.717984,0.0150749,0.993459,-2.24299,0.519052,2.46051,0.651231
479525,1,-0.717985,0.0150768,0.993463,-2.24299,0.51905,2.46051,0.651227
479525,1,-0.717982,0.0150754,0.993466,-2.24299,0.519053,2.46051,0.651235
479525,1,-0.717987,0.0150747,0.993456,-2.24299,0.519049,2.46051,0.65123
479525,1,-0.717984,0.0150744,0.993457,-2.24299,0.519046,2.4605,0.651235
479525,1,-0.717987,0.0150803,0.993463,-2.24299,0.519051,2.46051,0.651235
479525,1,-0.717986,0.0150765,0.99346,-2.24299,0.519046,2.46051,0.651237
479525,1,-0.717984,0.0150744,0.993456,-2.24299,0.519051,2.46051,0.651239
479525,1,-0.717986,0.0150744,0.993459,-2.24299,0.519049,2.4605,0.651234
479525,1,-0.717984,0.0150756,0.993461,-2.24299,0.519049,2.46051,0.651234
479525,1,-0.717984,0.0150714,0.993457,-2.24299,0.51905,2.46051,0.651235
479525,1,-0.717984,0.0150729,0.993458,-2.24299,0.519051,2.46051,0.651232
479525,1,-0.717985,0.0150768,0.993459,-2.24299,0.519048,2.4605,0.651232
479525,1,-0.717984,0.0150773,0.993466,-2.24299,0.519046,2.46051,0.651228
479525,1,-0.717982,0.0150727,0.993464,-2.24299,0.519049,2.46051,0.651234
479525,1,-0.717982,0.0150744,0.993463,-2.24299,0.519046,2.46051,0.651231
479525,1,-0.717985,0.0150745,0.993465,-2.24299,0.519049,2.4605,0.651235
479525,1,-0.717984,0.0150752,0.993463,-2.24299,0.519045,2.46051,0.65123
479525,1,-0.717982,0.0150728,0.993457,-2.24299,0.519047,2.46051,0.651237
479525,1,-0.717985,0.0150709,0.993462,-2.24299,0.519048,2.46051,0.651232
479525,1,-0.717988,0.0150745,0.993461,-2.24299,0.519048,2.46051,0.651236
479525,1,-0.717984,0.0150745,0.993461,-2.24299,0.519048,2.46051,0.651233
479525,1,-0.717985,0.0150734,0.993463,-2.24299,0.519048,2.4605,0.65123
479525,1,-0.717984,0.0150771,0.993461,-2.24299,0.519049,2.46051,0.651228
479525,1,-0.717984,0.015079,0.993463,-2.24299,0.519049,2.46051,0.651233
479525,1,-0.717985,0.0150775,0.993459,-2.24299,0.519049,2.46051,0.65123
479525,1,-0.717985,0.0150772,0.993457,-2.24299,0.519049,2.46051,0.651229
479525,1,-0.717987,0.0150791,0.993461,-2.24299,0.519049,2.46051,0.651234
479525,1,-0.717985,0.0150783,0.993457,-2.24299,0.519049,2.46051,0.651238
479525,1,-0.717982,0.0150736,0.993457,-2.24299,0.51905,2.46051,0.651231
479525,1,-0.717985,0.0150805,0.993462,-2.24299,0.51905,2.46051,0.651237
479525,1,-0.717986,0.0150747,0.993457,-2.24299,0.519048,2.46051,0.651238
479525,1,-0.717985,0.0150752,0.993457,-2.24299,0.519045,2.46051,0.651233
479525,1,-0.717984,0.0150775,0.993461,-2.24299,0.51905,2.46051,0.651238
479525,1,-0.717984,0.0150768,0.993463,-2.24299,0.519048,2.46051,0.65123
479525,1,-0.717985,0.0150748,0.993464,-2.24299,0.519045,2.46051,0.651235
479525,1,-0.717988,0.0150744,0.993461,-2.24299,0.51905,2.46051,0.651231
479525,1,-0.717982,0.0150707,0.993457,-2.24299,0.519049,2.46051,0.651233
479525,1,-0.717984,0.0150707,0.99346,-2.24299,0.519045,2.46051,0.651235
479525,1,-0.717982,0.0150729,0.993457,-2.24299,0.519048,2.46051,0.651238
479525,1,-0.717985,0.015073,0.993463,-2.24299,0.519049,2.46051,0.651237
479525,1,-0.717982,0.0150761,0.993462,-2.24299,0.51905,2.4605,0.651231
479525,1,-0.717982,0.0150708,0.99346,-2.24299,0.519045,2.46051,0.651235
479525,1,-0.717982,0.0150768,0.993459,-2.24299,0.519051,2.46051,0.65123
479525,1,-0.717984,0.0150753,0.993461,-2.24299,0.519045,2.46051,0.651238
479525,1,-0.717988,0.0150768,0.99346,-2.24299,0.519049,2.46051,0.651232
479525,1,-0.717978,0.0150776,0.993459,-2.24299,0.519047,2.46051,0.651236
479525,1,-0.717984,0.0150727,0.993457,-2.24299,0.519048,2.46051,0.651232
479525,1,-0.717985,0.0150728,0.993461,-2.24299,0.519045,2.4605,0.651237
479525,1,-0.717983,0.0150758,0.993463,-2.24299,0.519047,2.46051,0.651233
479525,1,-0.717985,0.0150711,0.993463,-2.24299,0.519049,2.46051,0.651239
479525,1,-0.717982,0.0150771,0.993464,-2.24299,0.519049,2.46051,0.651235
479525,1,-0.717981,0.0150728,0.993461,-2.24299,0.519049,2.46051,0.651235
479525,1,-0.717987,0.0150745,0.993459,-2.24299,0.519048,2.46051,0.651232
479525,1,-0.717985,0.0150746,0.993464,-2.24299,0.519047,2.46051,0.651233
479525,1,-0.717984,0.0150751,0.993464,-2.24299,0.51905,2.46051,0.65123
479525,1,-0.717984,0.0150764,0.993458,-2.24299,0.519051,2.46051,0.651231
479525,1,-0.717986,0.0150752,0.993459,-2.24299,0.519045,2.46051,0.651231
479525,1,-0.717982,0.0150783,0.993463,-2.24299,0.519045,2.46051,0.651231
479525,1,-0.717985,0.0150737,0.993457,-2.24299,0.519048,2.46051,0.651235
479525,1,-0.717988,0.0150781,0.993461,-2.24299,0.51905,2.46051,0.651235
479525,1,-0.717984,0.0150747,0.993462,-2.24299,0.519046,2.4605,0.651235
479525,1,-0.71799,0.0150784,0.993457,-2.24299,0.519044,2.46051,0.651233
479525,1,-0.717985,0.0150822,0.993461,-2.24299,0.519049,2.46051,0.651231
479525,1,-0.717986,0.0150792,0.993461,-2.24299,0.519048,2.46051,0.651231
479525,1,-0.717982,0.0150749,0.993459,-2.24299,0.519049,2.46051,0.65123
479525,1,-0.71798,0.0150744,0.99346,-2.24299,0.519049,2.4605,0.65124
479525,1,-0.717985,0.0150773,0.99346,-2.24299,0.51905,2.4605,0.651235
479525,1,-0.717986,0.0150707,0.993457,-2.24299,0.519049,2.4605,0.65123
479525,1,-0.717984,0.0150765,0.993462,-2.24299,0.519046,2.4605,0.651232
479525,1,-0.717984,0.0150729,0.993459,-2.24299,0.519045,2.46051,0.651231
479525,1,-0.717982,0.0150744,0.993461,-2.24299,0.519048,2.46051,0.65123
479525,1,-0.717983,0.0150707,0.993462,-2.24299,0.519045,2.46051,0.651232
479525,1,-0.717982,0.0150753,0.99346,-2.24299,0.519049,2.46051,0.651224
479525,1,-0.717984,0.0150712,0.993461,-2.24299,0.51905,2.46051,0.651233
479525,1,-0.717982,0.0150727,0.993458,-2.24299,0.519047,2.46051,0.651234
479525,1,-0.717984,0.0150822,0.993461,-2.24299,0.519048,2.4605,0.651235
479525,1,-0.717982,0.0150803,0.993464,-2.24299,0.519049,2.46051,0.651235
479525,1,-0.717985,0.0150727,0.993464,-2.24299,0.519047,2.46051,0.651231
479525,1,-0.717985,0.0150765,0.993458,-2.24299,0.519047,2.46051,0.651234
479525,1,-0.717987,0.0150751,0.993459,-2.24299,0.519048,2.46051,0.651229
479525,1,-0.717987,0.0150761,0.993461,-2.24299,0.519047,2.4605,0.651235
479525,1,-0.717983,0.0150762,0.993455,-2.24299,0.519048,2.4605,0.651231
479525,1,-0.717985,0.0150792,0.993457,-2.24299,0.51905,2.46051,0.651234
479525,1,-0.717985,0.0150773,0.993463,-2.24299,0.519043,2.46051,0.651228
479525,1,-0.717984,0.0150758,0.993459,-2.24299,0.51905,2.4605,0.651231
479525,1,-0.717985,0.0150727,0.993465,-2.24299,0.519049,2.4605,0.65123
479525,1,-0.717984,0.0150729,0.993462,-2.24299,0.519048,2.46051,0.651231
479525,1,-0.717984,0.0150715,0.993462,-2.24299,0.519049,2.46051,0.651232
479525,1,-0.717984,0.0150734,0.993457,-2.24299,0.519048,2.46051,0.651231
479525,1,-0.717985,0.0150751,0.993459,-2.24299,0.519044,2.46051,0.651231
479525,1,-0.717984,0.0150734,0.993459,-2.24299,0.519049,2.4605,0.651234
479525,1,-0.717984,0.0150728,0.993459,-2.24299,0.519049,2.4605,0.651231
479525,1,-0.717986,0.0150755,0.99346,-2.24299,0.519048,2.4605,0.651231
479525,1,-0.717985,0.0150716,0.993457,-2.24299,0.519048,2.46051,0.651232
479525,1,-0.71799,0.0150805,0.993455,-2.24299,0.519045,2.46051,0.651236
479525,1,-0.717987,0.0150734,0.99346,-2.24299,0.519049,2.46051,0.651234
479525,1,-0.717988,0.0150746,0.993459,-2.24299,0.519047,2.4605,0.651231
479525,1,-0.717986,0.0150764,0.993459,-2.24299,0.519048,2.46051,0.651231
479525,1,-0.717982,0.0150782,0.993459,-2.24299,0.51905,2.46051,0.651232
479525,1,-0.717986,0.0150788,0.993459,-2.24299,0.519046,2.46051,0.651234
479525,1,-0.717982,0.0150783,0.993457,-2.24299,0.51905,2.46051,0.651227
479525,1,-0.717984,0.0150761,0.993459,-2.24299,0.51905,2.46051,0.651235
479525,1,-0.717987,0.0150755,0.993461,-2.24299,0.519045,2.46051,0.651237
479525,1,-0.717985,0.0150766,0.993457,-2.24299,0.519047,2.46051,0.651236
479525,1,-0.717984,0.0150744,0.993462,-2.24299,0.519048,2.46051,0.651236
479525,1,-0.717984,0.0150727,0.99346,-2.24298,0.519047,2.46051,0.651237
479525,1,-0.717985,0.0150748,0.993459,-2.24299,0.519049,2.46051,0.651235
479525,1,-0.717984,0.01507,0.993459,-2.24299,0.51905,2.46051,0.65123
479525,1,-0.717982,0.0150683,0.993461,-2.24299,0.519046,2.46051,0.65123
479525,1,-0.717984,0.0150728,0.993459,-2.24299,0.519049,2.46051,0.651237
479525,1,-0.717984,0.0150748,0.993462,-2.24299,0.51905,2.46051,0.651231
479525,1,-0.717984,0.0150692,0.993462,-2.24299,0.519048,2.46051,0.651232
479525,1,-0.717984,0.0150728,0.993459,-2.24299,0.51905,2.4605,0.651236
479525,1,-0.717984,0.0150773,0.993465,-2.24299,0.519044,2.46051,0.651232
479525,1,-0.717982,0.0150727,0.993459,-2.24299,0.519048,2.46051,0.651236
479525,1,-0.717985,0.015077,0.993455,-2.24299,0.519044,2.46051,0.651232
479525,1,-0.717984,0.0150762,0.99346,-2.24299,0.519048,2.46051,0.651238
479525,1,-0.717985,0.0150752,0.993459,-2.24299,0.519047,2.46051,0.651228
479525,1,-0.717985,0.0150698,0.99346,-2.24299,0.519049,2.4605,0.651232
479525,1,-0.717984,0.0150744,0.993459,-2.24299,0.519048,2.4605,0.651228
479525,1,-0.71799,0.0150762,0.993459,-2.24299,0.519051,2.4605,0.651235
479525,1,-0.717987,0.0150771,0.993457,-2.24299,0.519048,2.46051,0.65123
479525,1,-0.717982,0.015079,0.993461,-2.24299,0.519052,2.46051,0.651236
479525,1,-0.717985,0.0150747,0.993464,-2.24299,0.519048,2.46051,0.651237
479525,1,-0.717984,0.0150765,0.993457,-2.24299,0.51905,2.4605,0.651234
479525,1,-0.717984,0.0150727,0.993457,-2.24299,0.519047,2.46051,0.651231
479525,1,-0.717984,0.0150707,0.993457,-2.24299,0.519046,2.46051,0.651233
479525,1,-0.71799,0.0150736,0.993461,-2.24299,0.519052,2.46051,0.651236
479525,1,-0.717982,0.0150744,0.993461,-2.24299,0.519048,2.46051,0.651237
479525,1,-0.717986,0.0150748,0.993462,-2.24299,0.519048,2.46051,0.651234
479525,1,-0.717985,0.0150742,0.993459,-2.24299,0.519048,2.46051,0.65123
479525,1,-0.717982,0.0150744,0.993464,-2.24298,0.51905,2.46051,0.651232
479525,1,-0.717982,0.0150761,0.993463,-2.24299,0.519049,2.4605,0.651236
479525,1,-0.717984,0.0150766,0.993464,-2.24299,0.519049,2.46051,0.65123
479525,1,-0.717982,0.0150728,0.993461,-2.24299,0.519047,2.46051,0.651236
479525,1,-0.717984,0.0150768,0.993461,-2.24299,0.519043,2.4605,0.651234
479525,1,-0.717984,0.0150704,0.993464,-2.24299,0.519044,2.46051,0.651234
479525,1,-0.717982,0.015069,0.993461,-2.24299,0.51905,2.4605,0.651228
479525,1,-0.717982,0.0150765,0.993458,-2.24299,0.519046,2.4605,0.651237
479525,1,-0.717984,0.0150735,0.993463,-2.24299,0.519046,2.4605,0.651232
479525,1,-0.717985,0.0150753,0.993459,-2.24299,0.519049,2.4605,0.651236
479525,1,-0.717984,0.0150744,0.993461,-2.24299,0.519049,2.46051,0.651231
479525,1,-0.717987,0.0150752,0.993459,-2.24299,0.519044,2.4605,0.651235
479525,1,-0.717985,0.0150728,0.993461,-2.24299,0.519049,2.46051,0.651231
479525,1,-0.717987,0.0150761,0.993463,-2.24299,0.519046,2.4605,0.651238
479525,1,-0.717984,0.0150744,0.993461,-2.24299,0.519046,2.46051,0.651231
479525,1,-0.717984,0.0150766,0.993459,-2.24299,0.519046,2.46051,0.651232
479525,1,-0.717987,0.015079,0.993461,-2.24299,0.519049,2.4605,0.651234
479525,1,-0.717986,0.0150783,0.993459,-2.24299,0.519047,2.4605,0.651235
479525,1,-0.717985,0.0150783,0.993459,-2.24299,0.51905,2.46051,0.651236
479525,1,-0.717991,0.0150805,0.993464,-2.24299,0.519048,2.46051,0.651238
479525,1,-0.717986,0.0150803,0.993462,-2.24299,0.519049,2.46051,0.651235
479525,1,-0.717987,0.015074,0.99346,-2.24299,0.519048,2.46051,0.651235
479525,1,-0.717982,0.0150754,0.993457,-2.24299,0.519051,2.46051,0.651232
479526,1,-0.717988,0.0150765,0.993455,-2.24299,0.519047,2.46051,0.651233
479526,1,-0.717986,0.015073,0.993459,-2.24299,0.519049,2.46051,0.651235
479526,1,-0.717982,0.0150755,0.993462,-2.24299,0.519047,2.46051,0.65123
479526,1,-0.717985,0.0150755,0.993459,-2.24299,0.51905,2.46051,0.651234
479526,1,-0.717984,0.0150765,0.993459,-2.24298,0.519045,2.46051,0.65123
479526,1,-0.717982,0.015073,0.993465,-2.24299,0.51905,2.46051,0.651236
479526,1,-0.717982,0.0150714,0.993464,-2.24299,0.519046,2.46051,0.651231
479526,1,-0.717984,0.0150727,0.993461,-2.24299,0.519047,2.46051,0.651235
479526,1,-0.717982,0.0150746,0.993464,-2.24299,0.519049,2.46051,0.651235
479526,1,-0.717985,0.0150728,0.993462,-2.24299,0.519049,2.46051,0.651232
479526,1,-0.717982,0.0150744,0.993463,-2.24299,0.519048,2.46051,0.651235
479526,1,-0.717984,0.0150731,0.993463,-2.24299,0.519048,2.46051,0.651231
479526,1,-0.717982,0.0150709,0.993458,-2.24299,0.519051,2.46051,0.65123
479526,1,-0.717986,0.0150748,0.993464,-2.24299,0.519044,2.4605,0.651235
479526,1,-0.717984,0.0150735,0.993457,-2.24299,0.519047,2.46051,0.651231
479526,1,-0.717985,0.0150715,0.993461,-2.24299,0.519047,2.46051,0.651234
479526,1,-0.717984,0.0150747,0.993455,-2.24298,0.519047,2.46051,0.651231
479526,1,-0.717984,0.0150752,0.993458,-2.24299,0.519048,2.46051,0.651236
479526,1,-0.717986,0.0150749,0.993455,-2.24299,0.51905,2.46051,0.651227
479526,1,-0.717988,0.0150761,0.993455,-2.24299,0.519047,2.46051,0.651237
479526,1,-0.717987,0.0150785,0.993457,-2.24299,0.519047,2.46051,0.651232
479526,1,-0.717985,0.0150746,0.993457,-2.24299,0.51905,2.46051,0.651236
479526,1,-0.717987,0.0150763,0.993465,-2.24299,0.519045,2.46051,0.651233
479526,1,-0.717985,0.0150761,0.993459,-2.24299,0.519048,2.46051,0.651236
479526,1,-0.71799,0.0150761,0.993464,-2.24299,0.519047,2.46051,0.651233
479526,1,-0.717985,0.0150765,0.99346,-2.24299,0.519049,2.4605,0.651232
479526,1,-0.717984,0.0150754,0.993457,-2.24299,0.519051,2.4605,0.651232
479526,1,-0.717985,0.0150763,0.99346,-2.24299,0.519049,2.46051,0.651232
479526,1,-0.717984,0.0150727,0.993457,-2.24299,0.519049,2.4605,0.65123
479526,1,-0.717985,0.0150765,0.993461,-2.24299,0.519049,2.4605,0.65123
479526,1,-0.717985,0.0150727,0.993464,-2.24299,0.519048,2.4605,0.651235
479526,1,-0.717985,0.0150761,0.993463,-2.24299,0.51905,2.46051,0.651231
479526,1,-0.71798,0.0150727,0.993461,-2.24299,0.51905,2.46051,0.651235
479526,1,-0.717984,0.0150738,0.993461,-2.24299,0.519044,2.46051,0.651233
479526,1,-0.717987,0.015078,0.993463,-2.24299,0.51905,2.46051,0.651237
479526,1,-0.71798,0.0150744,0.993463,-2.24299,0.519049,2.46051,0.651229
479526,1,-0.717984,0.0150744,0.993462,-2.24299,0.51905,2.46051,0.651237
479526,1,-0.717984,0.0150735,0.993457,-2.24299,0.519044,2.46051,0.651232
479526,1,-0.717982,0.015071,0.993458,-2.24299,0.519048,2.46051,0.651233
479526,1,-0.717987,0.0150745,0.993463,-2.24299,0.519049,2.46051,0.651232
479526,1,-0.717984,0.0150747,0.993461,-2.24299,0.519049,2.4605,0.65123
479526,1,-0.717984,0.015081,0.993463,-2.24299,0.519043,2.46051,0.651237
479526,1,-0.717984,0.0150783,0.993461,-2.24299,0.519049,2.46051,0.651232
479526,1,-0.717988,0.0150769,0.993459,-2.24299,0.519049,2.46051,0.651237
479526,1,-0.717984,0.0150744,0.993461,-2.24299,0.519049,2.4605,0.651228
479526,1,-0.717987,0.0150744,0.993459,-2.24299,0.519045,2.46051,0.651238
479526,1,-0.717987,0.0150792,0.993463,-2.24299,0.519048,2.46051,0.651231
479526,1,-0.717986,0.0150758,0.99346,-2.24299,0.519047,2.46051,0.651233
479526,1,-0.717982,0.0150775,0.993458,-2.24299,0.519048,2.46051,0.651232
479526,1,-0.717985,0.0150768,0.993461,-2.24299,0.519044,2.46051,0.651237
479526,1,-0.717982,0.0150739,0.993463,-2.24299,0.519046,2.46051,0.651235
479526,1,-0.717986,0.0150727,0.99346,-2.24299,0.519047,2.46051,0.651236
479526,1,-0.717982,0.0150728,0.993461,-2.24299,0.519044,2.46051,0.651235
479526,1,-0.717984,0.0150706,0.993461,-2.24299,0.519045,2.46051,0.651235
479526,1,-0.717986,0.0150708,0.993457,-2.24299,0.51905,2.46051,0.651237
479526,1,-0.717984,0.0150734,0.993461,-2.24299,0.519049,2.46051,0.651233
479526,1,-0.717982,0.0150713,0.993459,-2.24299,0.51905,2.46051,0.651235
479526,1,-0.717985,0.015069,0.993464,-2.24299,0.519048,2.46051,0.651233
479526,1,-0.717984,0.0150744,0.993461,-2.24299,0.519049,2.46051,0.651235
479526,1,-0.717982,0.0150765,0.993456,-2.24299,0.519049,2.4605,0.65123
479526,1,-0.717985,0.0150714,0.993462,-2.24298,0.519049,2.46051,0.651227
479526,1,-0.717984,0.0150727,0.993459,-2.24299,0.519053,2.46051,0.651236
479526,1,-0.717982,0.0150737,0.993457,-2.24299,0.51905,2.46051,0.651236
479526,1,-0.717985,0.0150762,0.993462,-2.24299,0.519045,2.46051,0.651235
479526,1,-0.717982,0.0150771,0.993463,-2.24299,0.519047,2.46051,0.651234
479526,1,-0.717988,0.0150839,0.993461,-2.24299,0.519047,2.46051,0.651228
479526,1,-0.717984,0.0150799,0.993461,-2.24299,0.519048,2.46051,0.651236
479526,1,-0.717985,0.0150771,0.993457,-2.24299,0.519053,2.46051,0.651231
479526,1,-0.717984,0.0150753,0.993463,-2.24299,0.519048,2.46051,0.651237
479526,1,-0.717984,0.0150752,0.993457,-2.24299,0.51905,2.4605,0.651235
479526,1,-0.717984,0.0150773,0.993461,-2.24299,0.519046,2.46051,0.651234
479526,1,-0.717984,0.0150761,0.993459,-2.24299,0.519046,2.46051,0.651238
479526,1,-0.717985,0.0150734,0.993459,-2.24299,0.519049,2.46051,0.651237
479526,1,-0.717985,0.015073,0.993459,-2.24299,0.519047,2.46051,0.65123
479526,1,-0.717989,0.0150751,0.993454,-2.24299,0.519048,2.46051,0.651231
479526,1,-0.717985,0.0150746,0.993459,-2.24298,0.519048,2.46051,0.651233
479526,1,-0.717984,0.0150753,0.993462,-2.24299,0.519045,2.46051,0.651231
479526,1,-0.717982,0.0150759,0.993459,-2.24299,0.519052,2.46051,0.651235
479526,1,-0.717984,0.0150759,0.993461,-2.24299,0.519048,2.46051,0.651239
479526,1,-0.717985,0.0150798,0.993461,-2.24299,0.519047,2.46051,0.651238
479526,1,-0.717986,0.0150744,0.993457,-2.24299,0.519048,2.46051,0.651232
479526,1,-0.717984,0.0150751,0.993457,-2.24299,0.519049,2.4605,0.651236
479526,1,-0.717985,0.0150708,0.993462,-2.24299,0.519048,2.46051,0.651233
479526,1,-0.717985,0.0150785,0.99346,-2.24299,0.519049,2.4605,0.651235
479526,1,-0.717985,0.0150745,0.993463,-2.24299,0.519049,2.46051,0.651238
479526,1,-0.717985,0.0150707,0.993459,-2.24299,0.51905,2.46051,0.651238
479526,1,-0.717985,0.0150718,0.99346,-2.24299,0.519047,2.46051,0.651238
479526,1,-0.717987,0.0150737,0.993459,-2.24299,0.51905,2.46051,0.651234
479526,1,-0.717982,0.015071,0.993458,-2.24299,0.519049,2.46051,0.65123
479526,1,-0.717984,0.0150727,0.993462,-2.24299,0.519049,2.4605,0.651235
479526,1,-0.717986,0.0150698,0.993461,-2.24299,0.519047,2.46051,0.651238
479526,1,-0.717986,0.0150727,0.993457,-2.24299,0.519048,2.46051,0.651234
479526,1,-0.717982,0.0150744,0.993463,-2.24299,0.519047,2.4605,0.65123
479526,1,-0.717987,0.0150744,0.993462,-2.24299,0.519045,2.46051,0.651231
479526,1,-0.717986,0.0150707,0.993461,-2.24299,0.519048,2.46051,0.651235
479526,1,-0.717984,0.0150748,0.993457,-2.24299,0.519049,2.46051,0.651236
479526,1,-0.717983,0.0150781,0.99346,-2.24299,0.519048,2.46051,0.651241
479526,1,-0.717985,0.0150788,0.993459,-2.24299,0.519053,2.46051,0.651237
479526,1,-0.717988,0.0150783,0.993461,-2.24299,0.519049,2.4605,0.651233
479526,1,-0.717985,0.0150768,0.993457,-2.24299,0.519045,2.46051,0.651233
479526,1,-0.717985,0.0150773,0.993459,-2.24299,0.519044,2.46051,0.651229
479526,1,-0.717987,0.0150755,0.993464,-2.24299,0.519045,2.4605,0.651232
479526,1,-0.717987,0.0150773,0.993461,-2.24299,0.519043,2.4605,0.651235
479526,1,-0.717988,0.0150805,0.993461,-2.24299,0.519048,2.46051,0.651232
479526,1,-0.717984,0.0150718,0.993466,-2.24299,0.519047,2.46051,0.651234
479526,1,-0.717985,0.0150773,0.99346,-2.24299,0.519049,2.46051,0.651236
479526,1,-0.717982,0.0150759,0.993459,-2.24299,0.519045,2.4605,0.651235
479526,1,-0.717987,0.0150773,0.993465,-2.24299,0.519049,2.46051,0.651231
479526,1,-0.717985,0.0150716,0.993459,-2.24299,0.519045,2.4605,0.651237
479526,1,-0.717987,0.0150754,0.993457,-2.24299,0.519045,2.46051,0.651235
479526,1,-0.717985,0.0150764,0.99346,-2.24299,0.519048,2.46051,0.651232
479526,1,-0.717984,0.0150812,0.993464,-2.24299,0.51905,2.4605,0.651226
479526,1,-0.717984,0.0150769,0.993457,-2.24299,0.519048,2.46051,0.651231
479526,1,-0.717986,0.015073,0.993458,-2.24299,0.519048,2.46051,0.651233
479526,1,-0.717985,0.0150761,0.993461,-2.24299,0.519046,2.46051,0.651235
479526,1,-0.717984,0.0150812,0.993461,-2.24299,0.519047,2.4605,0.651235
479526,1,-0.717988,0.0150812,0.993458,-2.24299,0.519046,2.46051,0.651236
479526,1,-0.717984,0.0150782,0.993455,-2.24299,0.519044,2.46051,0.651233
479526,1,-0.717984,0.0150801,0.993459,-2.24299,0.519048,2.46051,0.651235
479526,1,-0.717985,0.0150766,0.993461,-2.24299,0.519045,2.46051,0.651233
479526,1,-0.717987,0.0150768,0.993461,-2.24299,0.519048,2.46051,0.651232
479526,1,-0.717986,0.0150792,0.993463,-2.24299,0.519048,2.46051,0.651236
479526,1,-0.717986,0.0150737,0.99346,-2.24299,0.519048,2.46051,0.651229
479526,1,-0.717985,0.0150707,0.993462,-2.24299,0.519049,2.46051,0.651226
479526,1,-0.717984,0.0150719,0.993463,-2.24299,0.519046,2.46051,0.651232
479526,1,-0.717985,0.0150708,0.993461,-2.24299,0.519047,2.46051,0.651234
479526,1,-0.71798,0.0150728,0.993468,-2.24299,0.519048,2.46051,0.651228
479526,1,-0.717985,0.0150728,0.993461,-2.24299,0.519046,2.4605,0.651234
479526,1,-0.71798,0.0150728,0.993462,-2.24299,0.519045,2.46051,0.651238
479526,1,-0.717985,0.0150753,0.993459,-2.24299,0.519049,2.46051,0.651235
479526,1,-0.717985,0.0150712,0.993463,-2.24299,0.519046,2.46051,0.651237
479526,1,-0.717985,0.0150708,0.993462,-2.24299,0.519046,2.46051,0.651232
479526,1,-0.717985,0.0150748,0.993462,-2.24299,0.519046,2.46051,0.651229
479526,1,-0.717984,0.0150753,0.993461,-2.24299,0.519046,2.46051,0.651231
479526,1,-0.717984,0.0150765,0.993456,-2.24299,0.519049,2.4605,0.651231
479526,1,-0.717985,0.0150761,0.993459,-2.24299,0.519048,2.46051,0.651233
479526,1,-0.717985,0.0150746,0.993462,-2.24299,0.519049,2.46051,0.651235
479526,1,-0.717987,0.0150768,0.993458,-2.24299,0.519049,2.46051,0.65123
479526,1,-0.717984,0.0150751,0.993463,-2.24299,0.519046,2.46051,0.65123
479526,1,-0.717987,0.0150771,0.993457,-2.24299,0.519047,2.46051,0.651237
479526,1,-0.717985,0.0150734,0.993458,-2.24299,0.519048,2.46051,0.651238
479526,1,-0.717987,0.0150782,0.993459,-2.24299,0.51905,2.46051,0.651235
479526,1,-0.717982,0.0150728,0.993458,-2.24299,0.519046,2.4605,0.651235
479526,1,-0.717984,0.0150752,0.993463,-2.24299,0.519049,2.46051,0.651231
479526,1,-0.717985,0.0150768,0.993459,-2.24299,0.519047,2.46051,0.651233
479526,1,-0.717987,0.0150759,0.993462,-2.24299,0.519049,2.46051,0.651235
479526,1,-0.717985,0.0150751,0.993461,-2.24299,0.519049,2.46051,0.651231
479526,1,-0.717984,0.0150747,0.993459,-2.24298,0.519046,2.46051,0.651235
479526,1,-0.717985,0.0150736,0.993461,-2.24299,0.51905,2.46051,0.651237
479526,1,-0.717984,0.015071,0.993457,-2.24299,0.519044,2.46051,0.651238
479526,1,-0.717985,0.0150709,0.993461,-2.24299,0.519052,2.46051,0.651236
479526,1,-0.717987,0.0150746,0.993458,-2.24299,0.519049,2.46051,0.651236
479526,1,-0.717982,0.015069,0.993455,-2.24299,0.519049,2.46051,0.651231
479526,1,-0.717988,0.0150708,0.993457,-2.24299,0.519049,2.46051,0.651237
479526,1,-0.717986,0.015075,0.99346,-2.24299,0.519049,2.46051,0.651237
479526,1,-0.717984,0.015079,0.993462,-2.24299,0.519049,2.46051,0.651231
479526,1,-0.717988,0.0150791,0.993458,-2.24299,0.519049,2.46051,0.651233
479526,1,-0.717985,0.0150783,0.993457,-2.24299,0.519049,2.46051,0.651228
479526,1,-0.717982,0.0150805,0.993459,-2.24299,0.519049,2.46051,0.651229
479526,1,-0.717989,0.0150806,0.993463,-2.24299,0.51905,2.46051,0.651239
479526,1,-0.717984,0.0150782,0.993461,-2.24299,0.519044,2.46051,0.651238
479526,1,-0.717984,0.0150782,0.993457,-2.24299,0.519048,2.46051,0.651235
479526,1,-0.717984,0.015075,0.993457,-2.24299,0.519047,2.46051,0.651237
479526,1,-0.717982,0.0150763,0.993459,-2.243,0.519047,2.46051,0.651232
479526,1,-0.717985,0.0150751,0.993462,-2.24299,0.519049,2.4605,0.651232
479526,1,-0.717985,0.0150752,0.993459,-2.24299,0.519049,2.46051,0.651228
479526,1,-0.717984,0.0150728,0.993457,-2.24299,0.519047,2.46051,0.65123
479526,1,-0.717982,0.0150734,0.993458,-2.24299,0.519049,2.4605,0.651232
479526,1,-0.717984,0.0150718,0.993461,-2.24299,0.519046,2.46051,0.651236
479526,1,-0.717982,0.01507,0.993456,-2.24299,0.519048,2.46051,0.65123
479526,1,-0.717982,0.0150707,0.993457,-2.24299,0.519046,2.46051,0.651233
479526,1,-0.717982,0.0150673,0.993459,-2.24299,0.519046,2.46051,0.651237
479526,1,-0.71798,0.0150727,0.993461,-2.24299,0.519049,2.46051,0.651235
479526,1,-0.717982,0.0150676,0.993462,-2.24299,0.519048,2.46051,0.651235
479526,1,-0.717984,0.0150707,0.993462,-2.24299,0.519049,2.4605,0.651238
479526,1,-0.717982,0.0150727,0.993461,-2.24299,0.519049,2.46051,0.651231
479526,1,-0.717982,0.0150751,0.993462,-2.24299,0.519052,2.46051,0.651228
479526,1,-0.717982,0.0150783,0.993462,-2.24299,0.519049,2.4605,0.651236
479526,1,-0.717986,0.0150766,0.993463,-2.24299,0.51905,2.46051,0.651235
479526,1,-0.717987,0.0150783,0.993459,-2.24299,0.519048,2.46051,0.651233
479526,1,-0.717982,0.0150766,0.99346,-2.24299,0.519049,2.46051,0.651236
479526,1,-0.717982,0.0150746,0.993459,-2.24299,0.519048,2.46051,0.651232
479526,1,-0.717986,0.0150803,0.993464,-2.24299,0.519048,2.4605,0.651235
479526,1,-0.717985,0.0150784,0.993457,-2.24299,0.519045,2.4605,0.651238
479526,1,-0.717985,0.0150783,0.993461,-2.24299,0.519045,2.4605,0.651238
479526,1,-0.717985,0.0150735,0.993462,-2.24299,0.519049,2.46051,0.651237
479526,1,-0.717988,0.0150709,0.993455,-2.24299,0.519049,2.46051,0.651236
479526,1,-0.717982,0.0150735,0.993462,-2.24299,0.519048,2.46051,0.651233
479526,1,-0.717984,0.0150723,0.993459,-2.24299,0.519051,2.46051,0.651233
479526,1,-0.717985,0.0150815,0.993461,-2.24299,0.519046,2.46051,0.65123
479526,1,-0.717986,0.015079,0.993459,-2.24299,0.519048,2.46051,0.651234
479526,1,-0.717984,0.0150773,0.993461,-2.24299,0.519045,2.4605,0.651233
479526,1,-0.717984,0.0150747,0.993459,-2.24299,0.519049,2.4605,0.651231
479526,1,-0.717988,0.0150788,0.993459,-2.24299,0.51905,2.46051,0.651229
479526,1,-0.717985,0.0150772,0.993459,-2.24299,0.519046,2.46051,0.651235
479526,1,-0.717987,0.0150746,0.993461,-2.24299,0.519045,2.46051,0.651236
479526,1,-0.717985,0.0150806,0.993461,-2.24299,0.519048,2.46051,0.651234
479526,1,-0.717987,0.0150762,0.993462,-2.24299,0.519048,2.46051,0.651238
479526,1,-0.717984,0.0150736,0.993461,-2.24299,0.519047,2.46051,0.651228
479526,1,-0.717985,0.0150734,0.993461,-2.24299,0.519048,2.4605,0.65123
479527,1,-0.717982,0.0150758,0.993463,-2.24299,0.519047,2.4605,0.651233
479527,1,-0.717984,0.0150752,0.993459,-2.24299,0.519049,2.46051,0.651235
479527,1,-0.717981,0.0150714,0.993459,-2.24299,0.51905,2.46051,0.651231
479527,1,-0.717982,0.0150707,0.993467,-2.24299,0.519048,2.4605,0.651237
479527,1,-0.717985,0.0150714,0.993465,-2.24298,0.519049,2.46051,0.651242
479527,1,-0.717984,0.015071,0.993465,-2.24299,0.51905,2.46051,0.651239
479527,1,-0.717984,0.0150686,0.993461,-2.24299,0.519051,2.46051,0.651235
479527,1,-0.717982,0.0150707,0.993459,-2.24299,0.519046,2.46051,0.651237
479527,1,-0.717984,0.0150707,0.993459,-2.24299,0.519045,2.4605,0.651233
479527,1,-0.717985,0.015069,0.993461,-2.24299,0.519048,2.46051,0.651231
479527,1,-0.717984,0.0150715,0.993459,-2.24299,0.519044,2.46051,0.651233
479527,1,-0.717987,0.0150765,0.993461,-2.24299,0.519045,2.46051,0.651232
479527,1,-0.717984,0.0150765,0.993457,-2.24299,0.519049,2.46051,0.651236
479527,1,-0.717988,0.0150744,0.993457,-2.24299,0.519049,2.46051,0.651233
479527,1,-0.717985,0.0150772,0.993457,-2.24299,0.519047,2.46051,0.651228
479527,1,-0.717984,0.0150728,0.99346,-2.24299,0.519047,2.46051,0.651237
479527,1,-0.717985,0.0150784,0.993462,-2.24299,0.519045,2.46051,0.65124
479527,1,-0.717985,0.0150769,0.993461,-2.24299,0.519048,2.46051,0.651237
479527,1,-0.717982,0.0150751,0.993464,-2.24299,0.519048,2.4605,0.651238
479527,1,-0.717985,0.0150749,0.993459,-2.24299,0.519049,2.46051,0.651228
479527,1,-0.717985,0.0150775,0.993462,-2.24299,0.519049,2.46051,0.651235
479527,1,-0.717986,0.0150761,0.993458,-2.24299,0.519048,2.46051,0.651234
479527,1,-0.717985,0.0150727,0.993462,-2.24299,0.519045,2.46051,0.651231
479527,1,-0.717985,0.0150727,0.99346,-2.24299,0.51905,2.46051,0.651231
479527,1,-0.717985,0.0150753,0.99346,-2.24299,0.519049,2.46051,0.651238
479527,1,-0.717984,0.0150763,0.993459,-2.24299,0.519046,2.46051,0.651236
479527,1,-0.717987,0.0150792,0.993455,-2.24299,0.519046,2.46051,0.651236
479527,1,-0.717986,0.0150782,0.99346,-2.24299,0.519049,2.4605,0.651236
479527,1,-0.717985,0.0150803,0.993457,-2.24299,0.519049,2.46051,0.651231
479527,1,-0.717985,0.0150735,0.993459,-2.24299,0.519046,2.46051,0.651228
479527,1,-0.717985,0.0150793,0.993456,-2.24299,0.519047,2.4605,0.651234
479527,1,-0.717983,0.0150781,0.993459,-2.24299,0.519049,2.46051,0.651232
479527,1,-0.717984,0.0150768,0.993465,-2.24299,0.519046,2.46051,0.651233
479527,1,-0.717984,0.0150768,0.993462,-2.24299,0.519047,2.4605,0.651235
479527,1,-0.717982,0.0150747,0.993461,-2.24299,0.519049,2.4605,0.651226
479527,1,-0.717986,0.0150745,0.993459,-2.24299,0.519049,2.46051,0.651231
479527,1,-0.717986,0.015073,0.993463,-2.24299,0.519047,2.46051,0.65124
479527,1,-0.717982,0.0150718,0.993461,-2.24299,0.519045,2.46051,0.651233
479527,1,-0.717982,0.015071,0.993461,-2.24299,0.519047,2.46051,0.651238
479527,1,-0.717984,0.015073,0.99346,-2.24299,0.519047,2.46051,0.651238
479527,1,-0.717983,0.0150716,0.993459,-2.24299,0.51905,2.46051,0.651239
479527,1,-0.717984,0.0150727,0.993458,-2.24299,0.519049,2.46051,0.651237
479527,1,-0.717985,0.0150707,0.993462,-2.24299,0.519049,2.46051,0.651236
479527,1,-0.717982,0.0150755,0.993461,-2.24299,0.519047,2.46051,0.651235
479527,1,-0.717982,0.0150754,0.99346,-2.24299,0.519049,2.46051,0.651235
479527,1,-0.717984,0.0150771,0.993459,-2.24299,0.519042,2.46051,0.651231
479527,1,-0.717984,0.0150747,0.993464,-2.24299,0.519048,2.46051,0.651233
479527,1,-0.717985,0.0150768,0.993468,-2.24299,0.51905,2.4605,0.651234
479527,1,-0.717982,0.0150726,0.993458,-2.24299,0.519048,2.46051,0.651235
479527,1,-0.717984,0.0150744,0.993459,-2.24299,0.519048,2.46051,0.651237
479527,1,-0.717984,0.0150751,0.993464,-2.24299,0.519046,2.46051,0.651231
479527,1,-0.717985,0.0150748,0.993461,-2.24299,0.51905,2.46051,0.651227
479527,1,-0.717985,0.0150744,0.993463,-2.24299,0.519048,2.4605,0.651237
479527,1,-0.717984,0.0150762,0.993464,-2.24299,0.519048,2.46051,0.651231
479527,1,-0.717984,0.0150773,0.993461,-2.24299,0.519048,2.46051,0.651234
479527,1,-0.717986,0.0150786,0.99346,-2.24299,0.519049,2.46051,0.651238
479527,1,-0.717983,0.0150744,0.993459,-2.24299,0.519047,2.46051,0.651241
479527,1,-0.717984,0.0150745,0.993459,-2.24299,0.519046,2.4605,0.651237
479527,1,-0.717984,0.015078,0.993462,-2.24299,0.519049,2.46051,0.651236
479527,1,-0.717986,0.0150764,0.993458,-2.24299,0.519049,2.46051,0.651235
479527,1,-0.717984,0.0150784,0.993457,-2.24299,0.519048,2.46051,0.651233
479527,1,-0.717984,0.0150754,0.993461,-2.24299,0.519049,2.46051,0.651229
479527,1,-0.717982,0.0150734,0.993457,-2.24299,0.519045,2.46051,0.651231
479527,1,-0.717985,0.0150784,0.993458,-2.24299,0.519049,2.46051,0.651234
479527,1,-0.717982,0.0150771,0.993461,-2.24299,0.519047,2.46051,0.651229
479527,1,-0.717983,0.0150762,0.993457,-2.24299,0.519047,2.46051,0.651234
479527,1,-0.717988,0.0150785,0.993462,-2.24299,0.519046,2.4605,0.65123
479527,1,-0.717984,0.0150765,0.993459,-2.24299,0.51905,2.46051,0.651239
479527,1,-0.717986,0.0150771,0.993459,-2.24299,0.519048,2.46051,0.651236
479527,1,-0.717982,0.0150714,0.993462,-2.24299,0.519046,2.46051,0.651233
479527,1,-0.717987,0.0150715,0.993459,-2.24299,0.519049,2.46051,0.651236
479527,1,-0.717984,0.0150727,0.993461,-2.24299,0.519051,2.46051,0.651234
479527,1,-0.717983,0.0150735,0.993459,-2.24299,0.519051,2.46051,0.651234
479527,1,-0.717982,0.015069,0.993461,-2.24299,0.519049,2.46051,0.651233
479527,1,-0.717985,0.0150707,0.993462,-2.24299,0.519049,2.46051,0.651231
479527,1,-0.717984,0.0150755,0.993461,-2.24299,0.519048,2.46051,0.651231
479527,1,-0.717982,0.0150752,0.993461,-2.24299,0.519049,2.46051,0.651235
479527,1,-0.717982,0.0150748,0.993461,-2.24299,0.519045,2.46051,0.651229
479527,1,-0.71798,0.0150787,0.993457,-2.24299,0.51905,2.46051,0.651235
479527,1,-0.717984,0.0150773,0.993461,-2.24299,0.519049,2.46051,0.651233
479527,1,-0.717988,0.015079,0.993456,-2.24299,0.51905,2.46051,0.651232
479527,1,-0.717982,0.0150734,0.99346,-2.24299,0.51905,2.46051,0.651236
479527,1,-0.717985,0.0150735,0.993457,-2.24299,0.519049,2.46051,0.651232
479527,1,-0.717984,0.015073,0.99346,-2.24299,0.519044,2.4605,0.651233
479527,1,-0.717984,0.0150734,0.993465,-2.24299,0.519043,2.46051,0.65123
479527,1,-0.717984,0.0150711,0.993462,-2.24299,0.519047,2.46051,0.651234
479527,1,-0.717983,0.0150738,0.99346,-2.24299,0.519044,2.46051,0.651234
479527,1,-0.71798,0.015069,0.99346,-2.24299,0.519046,2.4605,0.651236
479527,1,-0.717984,0.0150716,0.993457,-2.24299,0.519051,2.4605,0.651235
479527,1,-0.717984,0.0150744,0.993459,-2.24299,0.519047,2.46051,0.651233
479527,1,-0.717987,0.0150729,0.993462,-2.24299,0.519048,2.4605,0.651231
479527,1,-0.717985,0.0150707,0.993461,-2.24299,0.519049,2.46051,0.651236
479527,1,-0.717985,0.0150754,0.993459,-2.24299,0.519049,2.46051,0.651231
479527,1,-0.717984,0.015083,0.993464,-2.24299,0.519048,2.46051,0.651231
479527,1,-0.717985,0.0150766,0.993457,-2.24299,0.519049,2.4605,0.651231
479527,1,-0.717982,0.0150784,0.993462,-2.24299,0.519048,2.4605,0.651232
479527,1,-0.717984,0.0150783,0.993461,-2.24299,0.519047,2.46051,0.651236
479527,1,-0.717984,0.0150771,0.993459,-2.24299,0.519049,2.4605,0.651229
479527,1,-0.717984,0.0150736,0.993459,-2.24299,0.519049,2.46051,0.651237
479527,1,-0.717982,0.0150784,0.993457,-2.24299,0.519049,2.46051,0.651232
479527,1,-0.717984,0.015075,0.993457,-2.24298,0.519046,2.4605,0.65123
479527,1,-0.717985,0.0150751,0.993459,-2.24298,0.519049,2.46051,0.651236
479527,1,-0.717985,0.0150766,0.993463,-2.24299,0.519048,2.46051,0.651232
479527,1,-0.717984,0.0150768,0.993459,-2.24299,0.519046,2.4605,0.651237
479527,1,-0.717987,0.0150731,0.993459,-2.24299,0.519049,2.46051,0.651232
479527,1,-0.717985,0.0150752,0.993461,-2.24299,0.519044,2.46051,0.651239
479527,1,-0.717988,0.0150745,0.993457,-2.24299,0.519049,2.46051,0.651236
479527,1,-0.717985,0.0150744,0.993461,-2.24298,0.519049,2.46051,0.65123
479527,1,-0.717986,0.0150765,0.99346,-2.24299,0.519049,2.46051,0.65124
479527,1,-0.717982,0.015082,0.99346,-2.24299,0.519047,2.4605,0.651239
479527,1,-0.717988,0.0150728,0.993462,-2.24299,0.519049,2.46051,0.651233
479527,1,-0.717984,0.0150728,0.993461,-2.24299,0.519049,2.46051,0.651232
479527,1,-0.717984,0.0150744,0.99346,-2.24299,0.519046,2.4605,0.651232
479527,1,-0.717985,0.0150748,0.993461,-2.24299,0.519049,2.4605,0.651232
479527,1,-0.717982,0.0150714,0.993464,-2.24299,0.519045,2.46051,0.651239
479527,1,-0.71798,0.0150716,0.993464,-2.24299,0.51905,2.46051,0.651231
479527,1,-0.717982,0.0150751,0.993459,-2.24299,0.51905,2.46051,0.651234
479527,1,-0.717984,0.0150749,0.993463,-2.24299,0.519045,2.46051,0.651231
479527,1,-0.71798,0.0150708,0.993459,-2.24299,0.51905,2.46051,0.651232
479527,1,-0.71798,0.0150696,0.993463,-2.24299,0.519049,2.4605,0.651238
479527,1,-0.717986,0.0150727,0.993461,-2.24299,0.519049,2.46051,0.651231
479527,1,-0.717982,0.0150736,0.99346,-2.24299,0.519048,2.46051,0.651237
479527,1,-0.717985,0.0150729,0.99346,-2.24299,0.519045,2.4605,0.651234
479527,1,-0.717985,0.0150749,0.993462,-2.24299,0.519046,2.46051,0.651237
479527,1,-0.717985,0.0150744,0.993462,-2.24299,0.519043,2.46051,0.651234
479527,1,-0.717984,0.0150755,0.993458,-2.24299,0.519046,2.4605,0.651238
479527,1,-0.717985,0.015073,0.993455,-2.24299,0.519048,2.46051,0.651236
479527,1,-0.717984,0.0150772,0.993458,-2.24299,0.519048,2.46051,0.651235
479527,1,-0.717987,0.0150762,0.993461,-2.24299,0.519045,2.46051,0.651231
479527,1,-0.71799,0.0150744,0.993454,-2.24299,0.519048,2.46051,0.651229
479527,1,-0.717986,0.015079,0.993457,-2.24299,0.519048,2.46051,0.651233
479527,1,-0.717987,0.0150771,0.993456,-2.24299,0.519044,2.46051,0.65123
479527,1,-0.717987,0.015073,0.993457,-2.24299,0.519049,2.46051,0.651236
479527,1,-0.717987,0.015081,0.993463,-2.24299,0.519053,2.4605,0.651233
479527,1,-0.717987,0.0150745,0.993457,-2.24299,0.519045,2.46051,0.651226
479527,1,-0.717985,0.0150805,0.993458,-2.24299,0.519048,2.46051,0.651231
479527,1,-0.717985,0.0150751,0.993459,-2.24299,0.51905,2.46051,0.651235
479527,1,-0.717986,0.015069,0.99346,-2.24299,0.51905,2.46051,0.651235
479527,1,-0.717986,0.0150748,0.993461,-2.24299,0.519045,2.46051,0.651226
479527,1,-0.717984,0.0150728,0.993464,-2.24299,0.519049,2.46051,0.651236
479527,1,-0.717984,0.0150741,0.993459,-2.24299,0.519049,2.46051,0.651225
479527,1,-0.717986,0.0150748,0.99346,-2.24299,0.519048,2.46051,0.651235
479527,1,-0.717982,0.0150754,0.993463,-2.24299,0.519047,2.46051,0.651232
479527,1,-0.717984,0.015075,0.993463,-2.24299,0.519048,2.46051,0.651235
479527,1,-0.717984,0.015079,0.993462,-2.24299,0.519045,2.46051,0.651235
479527,1,-0.717984,0.0150786,0.993463,-2.24299,0.519049,2.46051,0.651239
479527,1,-0.717985,0.0150766,0.993459,-2.24299,0.519049,2.46051,0.651233
479527,1,-0.717986,0.0150736,0.993461,-2.24299,0.519047,2.4605,0.651238
479527,1,-0.717982,0.0150763,0.99346,-2.24299,0.519048,2.4605,0.651235
479527,1,-0.717985,0.015077,0.993459,-2.24299,0.519048,2.46051,0.651238
479527,1,-0.717982,0.0150762,0.993462,-2.24299,0.519046,2.46051,0.651235
479527,1,-0.717982,0.0150745,0.993463,-2.24299,0.519048,2.46051,0.651231
479527,1,-0.717984,0.0150751,0.993464,-2.24299,0.519047,2.46051,0.651235
479527,1,-0.717985,0.0150748,0.993458,-2.24299,0.519048,2.46051,0.651231
