t_mono,changed,ch0,ch1,ch2,ch3,ch4,ch5,ch6,ch7,ch8,ch9,ch10,ch11,ch12,ch13,ch14,ch15
479482,0,4225,-4100,-1167,53,-590,40,1914,461,-257,928,841,786,1577,877,1695,10
479482,1,4227,-4101,-1170,51,-591,39,1916,460,-258,928,843,787,1576,874,1697,10
479482,1,4229,-4101,-1169,49,-589,40,1914,463,-257,926,843,788,1576,876,1695,11
479482,1,4227,-4103,-1171,51,-592,41,1913,459,-257,928,843,786,1578,876,1696,10
479482,1,4227,-4102,-1170,53,-592,42,1915,461,-257,926,841,788,1579,874,1695,11
479482,0,4227,-4102,-1170,53,-592,42,1915,461,-257,926,841,788,1579,874,1695,11
479482,1,4226,-4101,-1169,51,-593,40,1913,459,-256,927,841,788,1577,877,1696,11
479482,1,4227,-4100,-1170,51,-591,42,1912,457,-259,930,843,787,1576,875,1698,10
479482,1,4226,-4099,-1170,51,-593,40,1913,460,-255,929,842,787,1577,876,1696,12
479482,1,4228,-4100,-1170,53,-594,40,1910,458,-256,929,842,786,1577,875,1696,10
479482,1,4227,-4104,-1170,51,-594,41,1913,458,-257,928,844,786,1578,875,1696,10
479482,0,4227,-4104,-1170,51,-594,41,1913,458,-257,928,844,786,1578,875,1696,10
479482,1,4226,-4102,-1169,50,-593,40,1911,460,-258,929,842,786,1576,876,1696,11
479482,1,4227,-4100,-1171,52,-592,45,1914,460,-258,930,843,784,1578,875,1699,9
479482,1,4226,-4102,-1171,52,-593,42,1912,460,-255,929,840,788,1576,878,1697,12
479482,0,4226,-4102,-1171,52,-593,42,1912,460,-255,929,840,788,1576,878,1697,12
479482,1,4226,-4102,-1171,48,-590,39,1913,458,-254,930,844,786,1576,876,1696,11
479482,1,4226,-4103,-1171,50,-591,43,1913,459,-257,929,843,787,1577,876,1697,9
479482,1,4228,-4101,-1169,53,-594,41,1911,461,-255,927,842,789,1572,875,1695,10
479482,1,4228,-4099,-1167,53,-591,42,1910,459,-255,930,841,786,1574,875,1696,10
479482,1,4226,-4102,-1170,52,-592,40,1913,460,-258,929,841,788,1576,877,1695,10
479482,0,4226,-4102,-1170,52,-592,40,1913,460,-258,929,841,788,1576,877,1695,10
479482,1,4227,-4099,-1171,52,-590,39,1912,461,-256,929,842,787,1577,876,1697,8
479482,1,4229,-4099,-1168,51,-593,38,1913,459,-255,927,843,786,1577,876,1697,8
479482,1,4226,-4102,-1170,53,-591,39,1914,461,-255,927,841,785,1577,878,1695,10
479482,1,4227,-4102,-1168,51,-591,37,1914,458,-258,929,842,787,1578,878,1697,12
479482,0,4227,-4102,-1168,51,-591,37,1914,458,-258,929,842,787,1578,878,1697,12
479482,1,4229,-4100,-1170,51,-591,39,1913,459,-256,926,840,786,1579,878,1697,10
479482,1,4228,-4102,-1171,52,-591,39,1914,459,-259,928,842,788,1576,873,1697,11
479482,1,4226,-4100,-1169,52,-593,38,1914,455,-257,927,843,788,1578,878,1697,10
479482,0,4226,-4100,-1169,52,-593,38,1914,455,-257,927,843,788,1578,878,1697,10
479482,1,4225,-4102,-1170,52,-591,40,1914,458,-256,930,842,785,1578,878,1695,12
479482,1,4228,-4101,-1170,51,-592,38,1911,458,-256,930,842,786,1576,875,1701,10
479482,1,4226,-4100,-1169,50,-594,38,1911,460,-256,931,843,788,1577,874,1695,12
479482,1,4226,-4097,-1170,52,-592,38,1913,455,-255,928,843,786,1580,876,1694,10
479482,1,4227,-4100,-1169,51,-590,40,1913,460,-256,929,840,787,1578,874,1695,10
479482,0,4227,-4100,-1169,51,-590,40,1913,460,-256,929,840,787,1578,874,1695,10
479482,1,4227,-4103,-1169,51,-589,40,1911,459,-257,930,841,786,1578,876,1699,8
479482,1,4226,-4101,-1169,51,-592,39,1912,461,-257,929,841,787,1579,879,1697,11
479482,1,4228,-4100,-1167,51,-590,38,1912,461,-258,931,839,786,1576,879,1697,10
479482,1,4227,-4100,-1168,52,-592,40,1914,458,-256,926,841,786,1576,875,1698,8
479482,0,4227,-4100,-1168,52,-592,40,1914,458,-256,926,841,786,1576,875,1698,8
479482,1,4226,-4102,-1168,51,-589,41,1913,459,-257,929,841,788,1576,877,1696,11
479482,1,4226,-4101,-1169,51,-593,38,1912,460,-259,927,843,785,1580,877,1695,9
479482,1,4226,-4099,-1167,53,-594,42,1914,460,-257,928,842,788,1576,877,1694,10
479482,1,4228,-4103,-1171,53,-591,39,1912,460,-255,928,842,787,1577,875,1695,9
479482,0,4228,-4103,-1171,53,-591,39,1912,460,-255,928,842,787,1577,875,1695,9
479482,1,4227,-4102,-1168,48,-593,40,1913,460,-257,928,843,786,1576,875,1696,10
479482,1,4228,-4100,-1171,50,-592,38,1912,459,-255,927,841,786,1577,877,1697,11
479482,1,4226,-4101,-1170,50,-593,41,1912,458,-257,930,843,788,1578,875,1695,10
479482,1,4228,-4099,-1170,52,-591,40,1912,459,-259,929,841,786,1577,875,1697,7
479482,0,4228,-4099,-1170,52,-591,40,1912,459,-259,929,841,786,1577,875,1697,7
479482,1,4228,-4098,-1170,52,-595,38,1913,459,-261,928,842,788,1577,877,1692,11
479482,1,4227,-4102,-1170,52,-591,43,1913,459,-255,928,842,788,1576,875,1695,11
479482,1,4225,-4102,-1168,51,-591,40,1913,459,-259,929,842,786,1576,877,1696,10
479482,1,4228,-4099,-1171,51,-593,39,1912,458,-258,930,839,789,1576,877,1696,11
479482,0,4228,-4099,-1171,51,-593,39,1912,458,-258,930,839,789,1576,877,1696,11
479482,1,4227,-4100,-1169,50,-590,39,1910,459,-255,929,839,787,1577,876,1697,10
479482,1,4227,-4100,-1169,51,-594,42,1912,457,-258,928,840,788,1579,876,1697,11
479482,1,4227,-4101,-1170,52,-591,40,1911,458,-255,928,841,785,1577,874,1698,10
479482,0,4227,-4101,-1170,52,-591,40,1911,458,-255,928,841,785,1577,874,1698,10
479482,1,4228,-4102,-1169,52,-594,40,1913,459,-258,927,843,786,1577,875,1697,10
479482,1,4226,-4100,-1170,50,-592,39,1914,460,-258,928,843,787,1578,878,1697,10
479482,1,4226,-4102,-1168,52,-595,40,1911,462,-257,927,843,788,1575,876,1695,10
479482,1,4228,-4101,-1171,52,-593,41,1911,460,-255,927,841,787,1579,877,1697,10
479482,1,4225,-4102,-1171,49,-590,41,1914,460,-254,930,841,787,1578,875,1696,9
479482,0,4225,-4102,-1171,49,-590,41,1914,460,-254,930,841,787,1578,875,1696,9
479482,1,4224,-4098,-1170,53,-592,40,1913,460,-257,929,842,787,1579,875,1696,11
479482,1,4225,-4100,-1169,50,-591,39,1914,458,-259,930,843,784,1575,876,1697,9
479482,1,4227,-4104,-1169,49,-593,37,1914,457,-257,927,841,787,1576,875,1696,10
479482,1,4227,-4103,-1168,52,-592,38,1913,459,-255,927,844,788,1576,873,1697,11
479482,0,4227,-4103,-1168,52,-592,38,1913,459,-255,927,844,788,1576,873,1697,11
479482,1,4228,-4101,-1169,51,-591,42,1911,459,-258,927,843,788,1577,878,1697,11
479482,1,4229,-4106,-1169,53,-593,40,1911,461,-255,930,842,784,1577,874,1697,12
479482,1,4227,-4103,-1169,53,-591,41,1912,457,-254,927,843,790,1576,876,1698,10
479482,1,4226,-4098,-1168,51,-593,41,1911,459,-255,930,842,788,1577,877,1698,9
479482,0,4226,-4098,-1168,51,-593,41,1911,459,-255,930,842,788,1577,877,1698,9
479482,1,4229,-4102,-1172,51,-589,39,1913,458,-257,929,841,786,1577,877,1693,11
479482,1,4225,-4103,-1169,52,-594,41,1912,459,-257,928,841,788,1576,877,1696,12
479482,1,4226,-4104,-1171,48,-591,40,1912,456,-256,928,845,787,1575,875,1698,11
479482,1,4227,-4102,-1169,51,-591,41,1913,460,-255,927,844,787,1575,877,1696,10
479482,1,4226,-4100,-1170,53,-591,40,1913,461,-257,927,842,786,1577,874,1695,11
479482,0,4226,-4100,-1170,53,-591,40,1913,461,-257,927,842,786,1577,874,1695,11
479482,1,4228,-4103,-1170,52,-593,40,1914,458,-258,930,842,787,1579,878,1695,11
479482,1,4227,-4102,-1169,51,-591,42,1912,459,-257,931,841,786,1575,877,1698,10
479482,1,4229,-4100,-1170,50,-593,40,1910,458,-258,929,842,785,1577,875,1696,9
479482,1,4227,-4100,-1170,50,-592,40,1913,458,-258,927,844,789,1576,876,1697,11
479482,0,4227,-4100,-1170,50,-592,40,1913,458,-258,927,844,789,1576,876,1697,11
479482,1,4228,-4104,-1170,50,-592,40,1915,459,-260,930,842,787,1577,876,1696,10
479482,1,4227,-4099,-1170,49,-592,39,1911,462,-254,929,844,786,1578,876,1696,11
479482,1,4228,-4101,-1169,51,-591,42,1913,458,-256,930,839,789,1579,875,1699,11
479482,1,4226,-4100,-1168,48,-592,38,1911,460,-257,927,840,787,1579,875,1697,10
479482,0,4226,-4100,-1168,48,-592,38,1911,460,-257,927,840,787,1579,875,1697,10
479482,1,4224,-4103,-1170,48,-591,39,1910,458,-257,926,843,788,1578,878,1698,13
479482,1,4228,-4100,-1171,51,-590,39,1914,458,-257,926,843,788,1577,875,1697,10
479482,1,4228,-4101,-1169,50,-592,40,1912,458,-257,928,840,785,1576,877,1697,11
479482,1,4228,-4101,-1168,52,-591,42,1914,459,-255,929,844,789,1576,875,1695,10
479482,0,4228,-4101,-1168,52,-591,42,1914,459,-255,929,844,789,1576,875,1695,10
479482,1,4227,-4101,-1171,51,-594,40,1911,460,-255,929,843,786,1577,874,1695,11
479482,1,4228,-4100,-1168,50,-591,37,1912,460,-256,929,845,787,1578,874,1697,10
479482,1,4227,-4099,-1169,50,-589,38,1912,459,-259,929,842,786,1577,877,1697,11
479483,1,4225,-4104,-1171,50,-591,39,1914,460,-256,930,841,788,1577,878,1697,9
479483,0,4225,-4104,-1171,50,-591,39,1914,460,-256,930,841,788,1577,878,1697,9
479483,1,4228,-4100,-1170,52,-591,40,1913,459,-256,929,842,787,1578,876,1696,12
479483,1,4228,-4103,-1168,52,-593,38,1913,457,-253,928,843,786,1576,875,1698,10
479483,1,4227,-4102,-1167,50,-591,41,1914,458,-255,929,844,787,1576,876,1697,11
479483,1,4227,-4101,-1168,52,-595,40,1911,457,-258,927,840,788,1577,874,1697,11
479483,0,4227,-4101,-1168,52,-595,40,1911,457,-258,927,840,788,1577,874,1697,11
479483,1,4228,-4101,-1171,50,-591,42,1912,460,-258,929,841,785,1579,875,1697,12
479483,1,4228,-4103,-1169,53,-592,39,1913,459,-257,927,841,788,1576,876,1697,13
479483,1,4228,-4100,-1168,49,-593,41,1913,459,-258,927,844,786,1574,875,1698,9
479483,1,4229,-4101,-1172,51,-590,40,1914,461,-257,927,840,788,1577,875,1695,9
479483,0,4229,-4101,-1172,51,-590,40,1914,461,-257,927,840,788,1577,875,1695,9
479483,1,4226,-4098,-1170,52,-593,38,1910,458,-258,929,843,785,1578,874,1697,11
479483,1,4226,-4102,-1169,51,-590,37,1913,457,-257,930,842,785,1576,877,1697,11
479483,1,4228,-4102,-1167,51,-591,39,1912,458,-255,930,843,788,1576,877,1696,10
479483,1,4226,-4103,-1169,49,-594,38,1913,460,-257,931,842,785,1577,878,1695,11
479483,0,4226,-4103,-1169,49,-594,38,1913,460,-257,931,842,785,1577,878,1695,11
479483,1,4228,-4102,-1168,52,-593,39,1912,460,-257,928,845,788,1579,876,1697,11
479483,1,4227,-4100,-1170,52,-591,40,1912,456,-255,929,842,784,1576,878,1697,13
479483,1,4229,-4101,-1173,51,-590,39,1911,460,-259,928,841,786,1577,877,1695,11
479483,1,4226,-4100,-1171,50,-593,37,1912,457,-258,929,843,787,1577,877,1698,9
479483,0,4226,-4100,-1171,50,-593,37,1912,457,-258,929,843,787,1577,877,1698,9
479483,1,4225,-4098,-1170,53,-589,38,1913,459,-256,927,841,788,1576,876,1695,10
479483,1,4230,-4100,-1171,51,-595,39,1912,464,-258,927,841,788,1577,878,1698,10
479483,1,4228,-4104,-1172,50,-593,42,1915,459,-255,929,841,787,1577,877,1697,9
479483,1,4229,-4102,-1168,50,-588,39,1913,457,-255,926,845,788,1576,876,1697,12
479483,0,4229,-4102,-1168,50,-588,39,1913,457,-255,926,845,788,1576,876,1697,12
479483,1,4225,-4102,-1168,51,-595,39,1914,461,-258,927,842,787,1577,875,1696,11
479483,1,4227,-4104,-1170,51,-592,41,1913,459,-256,929,842,787,1577,876,1698,11
479483,1,4226,-4100,-1169,50,-591,40,1913,460,-255,931,840,787,1578,878,1696,10
479483,1,4227,-4102,-1167,53,-588,38,1913,458,-257,930,843,787,1578,875,1698,7
479483,0,4227,-4102,-1167,53,-588,38,1913,458,-257,930,843,787,1578,875,1698,7
479483,1,4228,-4100,-1171,50,-594,38,1913,456,-258,930,841,784,1576,874,1695,9
479483,1,4226,-4100,-1169,50,-590,43,1913,459,-257,929,843,788,1577,876,1695,12
479483,1,4227,-4102,-1170,51,-596,40,1912,458,-255,929,844,785,1576,876,1695,10
479483,1,4228,-4102,-1168,51,-592,40,1914,459,-258,928,840,787,1576,875,1697,12
479483,0,4228,-4102,-1168,51,-592,40,1914,459,-258,928,840,787,1576,875,1697,12
479483,1,4226,-4099,-1170,50,-591,42,1912,457,-257,925,841,788,1576,878,1694,11
479483,1,4225,-4102,-1168,52,-594,40,1912,457,-255,928,841,788,1577,876,1697,9
479483,1,4228,-4102,-1169,52,-591,38,1914,458,-257,927,843,789,1577,877,1698,11
479483,1,4229,-4100,-1167,52,-592,39,1913,459,-256,928,841,786,1577,877,1697,11
479483,0,4229,-4100,-1167,52,-592,39,1913,459,-256,928,841,786,1577,877,1697,11
479483,1,4225,-4099,-1169,49,-589,41,1913,460,-260,930,843,787,1578,876,1695,9
479483,1,4226,-4100,-1170,50,-592,39,1913,459,-257,928,842,787,1577,873,1698,11
479483,1,4227,-4100,-1170,52,-592,42,1913,459,-257,928,842,787,1577,874,1694,11
479483,1,4228,-4100,-1168,51,-590,39,1912,458,-259,927,842,784,1577,877,1696,8
479483,0,4228,-4100,-1168,51,-590,39,1912,458,-259,927,842,784,1577,877,1696,8
479483,1,4229,-4101,-1170,51,-591,42,1912,460,-257,931,843,785,1577,877,1697,10
479483,1,4228,-4102,-1170,51,-592,39,1913,459,-257,928,844,787,1579,876,1696,11
479483,1,4226,-4103,-1168,51,-592,39,1913,460,-258,927,841,787,1579,877,1698,9
479483,1,4227,-4100,-1169,51,-590,40,1912,456,-254,929,843,786,1575,877,1695,11
479483,1,4227,-4102,-1169,51,-593,38,1911,459,-257,928,842,786,1577,876,1696,11
479483,0,4227,-4102,-1169,51,-593,38,1911,459,-257,928,842,786,1577,876,1696,11
479483,1,4227,-4102,-1170,50,-595,41,1913,459,-259,927,842,787,1579,879,1697,11
479483,1,4226,-4102,-1169,49,-591,40,1911,460,-256,929,842,788,1579,875,1696,11
479483,1,4229,-4100,-1169,52,-593,39,1913,459,-256,930,844,787,1577,878,1697,10
479483,1,4227,-4101,-1170,51,-590,40,1910,460,-256,930,842,787,1577,877,1696,9
479483,0,4227,-4101,-1170,51,-590,40,1910,460,-256,930,842,787,1577,877,1696,9
479483,1,4227,-4102,-1168,50,-592,40,1915,461,-256,929,842,786,1580,876,1699,11
479483,1,4229,-4102,-1166,50,-589,39,1913,458,-259,927,841,788,1576,875,1697,10
479483,1,4227,-4101,-1172,53,-593,40,1913,460,-257,929,843,787,1577,875,1697,11
479483,1,4227,-4104,-1170,51,-592,42,1914,458,-256,928,844,787,1575,876,1699,10
479483,0,4227,-4104,-1170,51,-592,42,1914,458,-256,928,844,787,1575,876,1699,10
479483,1,4226,-4099,-1168,50,-592,40,1913,460,-256,929,844,785,1578,877,1697,12
479483,1,4228,-4103,-1170,51,-592,40,1913,460,-256,931,844,786,1576,875,1698,13
479483,1,4228,-4104,-1169,52,-590,39,1912,459,-256,928,841,785,1578,878,1696,10
479483,1,4227,-4100,-1172,48,-592,42,1913,459,-258,928,842,786,1575,873,1697,9
479483,0,4227,-4100,-1172,48,-592,42,1913,459,-258,928,842,786,1575,873,1697,9
479483,1,4227,-4100,-1170,51,-590,42,1911,461,-254,928,842,787,1576,875,1695,11
479483,1,4226,-4103,-1170,50,-591,40,1912,460,-256,928,840,787,1575,876,1697,9
479483,1,4227,-4102,-1171,50,-590,40,1912,459,-254,928,841,788,1577,875,1696,9
479483,1,4229,-4101,-1171,51,-591,42,1913,458,-257,928,844,788,1578,875,1697,9
479483,0,4229,-4101,-1171,51,-591,42,1913,458,-257,928,844,788,1578,875,1697,9
479483,1,4226,-4103,-1172,50,-591,40,1915,459,-256,927,841,788,1578,877,1697,10
479483,1,4226,-4101,-1168,50,-591,43,1912,459,-257,929,838,789,1580,875,1695,10
479483,1,4227,-4102,-1169,50,-593,42,1915,460,-257,930,842,785,1576,877,1696,12
479483,1,4226,-4105,-1171,51,-591,39,1910,461,-258,928,841,788,1578,878,1699,10
479483,0,4226,-4105,-1171,51,-591,39,1910,461,-258,928,841,788,1578,878,1699,10
479483,1,4228,-4100,-1170,50,-592,42,1913,457,-257,926,842,785,1577,874,1697,10
479483,1,4228,-4100,-1168,51,-592,40,1915,458,-254,930,842,784,1579,875,1698,11
479483,1,4228,-4100,-1168,51,-592,42,1913,458,-259,930,845,788,1576,876,1697,10
479483,1,4227,-4104,-1171,53,-593,37,1912,460,-259,928,842,787,1576,875,1695,10
479483,0,4227,-4104,-1171,53,-593,37,1912,460,-259,928,842,787,1576,875,1695,10
479483,1,4227,-4101,-1168,50,-593,38,1914,459,-258,928,842,788,1577,873,1698,12
479483,1,4226,-4102,-1169,51,-593,42,1914,459,-256,926,842,786,1577,876,1694,12
479483,1,4225,-4099,-1171,51,-590,40,1913,458,-258,927,841,784,1574,879,1697,9
479483,1,4227,-4100,-1171,53,-592,38,1914,460,-259,931,845,785,1578,877,1696,11
479483,0,4227,-4100,-1171,53,-592,38,1914,460,-259,931,845,785,1578,877,1696,11
479483,1,4226,-4100,-1167,50,-590,39,1914,459,-257,929,843,787,1579,875,1696,9
479483,1,4228,-4101,-1169,50,-592,40,1913,459,-258,928,842,787,1578,874,1697,10
479483,1,4227,-4102,-1168,49,-593,38,1913,458,-257,930,839,786,1576,876,1697,9
479483,1,4225,-4100,-1168,50,-591,40,1914,459,-255,928,843,786,1577,878,1696,10
479483,0,4225,-4100,-1168,50,-591,40,1914,459,-255,928,843,786,1577,878,1696,10
479483,1,4227,-4102,-1171,50,-593,39,1913,460,-258,926,844,787,1575,873,1695,9
479483,1,4226,-4102,-1168,51,-591,37,1914,461,-254,928,843,785,1578,876,1697,10
479483,1,4227,-4102,-1169,50,-592,39,1913,457,-257,929,843,788,1575,878,1696,9
479483,1,4227,-4102,-1167,51,-592,40,1915,460,-259,929,840,785,1578,872,1696,10
479483,0,4227,-4102,-1167,51,-592,40,1915,460,-259,929,840,785,1578,872,1696,10
479483,1,4226,-4099,-1169,53,-593,38,1915,456,-257,926,841,789,1579,877,1694,10
479483,1,4227,-4100,-1168,50,-592,39,1911,458,-257,926,841,784,1576,878,1696,12
479483,1,4227,-4102,-1170,52,-589,41,1912,458,-254,930,843,786,1577,878,1697,11
479483,1,4226,-4099,-1168,51,-592,38,1914,458,-256,929,840,785,1577,875,1697,8
479483,0,4226,-4099,-1168,51,-592,38,1914,458,-256,929,840,785,1577,875,1697,8
479483,1,4225,-4102,-1170,49,-589,40,1913,460,-255,929,844,785,1580,878,1697,8
479483,1,4230,-4099,-1169,51,-589,42,1911,459,-259,929,841,785,1578,873,1698,11
479483,1,4226,-4101,-1168,50,-592,42,1910,460,-256,927,843,785,1577,879,1695,11
479483,1,4228,-4100,-1169,52,-592,41,1911,459,-257,928,842,787,1576,876,1697,10
479483,0,4228,-4100,-1169,52,-592,41,1911,459,-257,928,842,787,1576,876,1697,10
479483,1,4228,-4102,-1169,52,-591,39,1913,460,-258,929,842,788,1576,875,1695,9
479483,1,4226,-4099,-1171,51,-588,40,1912,459,-255,927,843,786,1575,876,1694,9
479483,1,4227,-4101,-1171,50,-595,43,1914,458,-255,928,842,786,1578,876,1701,11
479483,1,4225,-4102,-1172,50,-593,41,1911,460,-253,929,842,786,1576,874,1698,12
479483,0,4225,-4102,-1172,50,-593,41,1911,460,-253,929,842,786,1576,874,1698,12
479483,1,4227,-4102,-1168,53,-591,42,1912,458,-257,926,842,787,1579,875,1697,11
479483,1,4226,-4103,-1170,50,-594,42,1912,459,-258,928,843,789,1578,877,1696,11
479483,1,4226,-4100,-1171,53,-591,38,1912,460,-255,929,842,786,1575,875,1697,8
479483,1,4226,-4100,-1170,51,-591,40,1914,460,-254,927,843,788,1572,877,1697,10
479483,1,4226,-4103,-1171,52,-595,40,1913,457,-256,927,843,786,1576,877,1698,9
479483,0,4226,-4103,-1171,52,-595,40,1913,457,-256,927,843,786,1576,877,1698,9
479483,1,4227,-4103,-1171,50,-592,40,1912,458,-256,928,844,788,1577,875,1697,10
479483,1,4225,-4101,-1169,51,-594,39,1911,460,-256,930,842,786,1577,878,1696,10
479483,1,4224,-4100,-1171,53,-590,39,1916,461,-258,927,843,786,1576,877,1696,10
479483,1,4226,-4101,-1168,48,-591,40,1915,459,-257,931,842,786,1577,876,1697,10
479483,0,4226,-4101,-1168,48,-591,40,1915,459,-257,931,842,786,1577,876,1697,10
479483,1,4226,-4100,-1171,51,-590,42,1913,458,-256,929,842,786,1578,876,1696,8
479483,1,4228,-4101,-1170,51,-593,39,1912,459,-256,929,840,785,1576,878,1695,10
479483,1,4227,-4102,-1172,51,-591,39,1915,460,-256,929,840,786,1577,877,1699,12
479483,1,4226,-4105,-1169,49,-590,40,1913,460,-256,928,843,787,1578,876,1696,11
479483,0,4226,-4105,-1169,49,-590,40,1913,460,-256,928,843,787,1578,876,1696,11
479483,1,4228,-4103,-1171,50,-592,37,1913,459,-256,931,843,788,1576,875,1697,12
479483,1,4227,-4099,-1170,51,-592,40,1913,459,-255,927,843,786,1577,877,1695,10
479483,1,4227,-4099,-1171,52,-593,39,1914,458,-256,928,842,786,1574,875,1697,9
479483,1,4229,-4101,-1170,52,-592,42,1911,459,-259,929,842,784,1576,878,1698,10
479483,0,4229,-4101,-1170,52,-592,42,1911,459,-259,929,842,784,1576,878,1698,10
479483,1,4227,-4103,-1167,51,-591,40,1914,463,-257,927,845,786,1577,877,1699,12
479483,1,4225,-4099,-1168,50,-595,42,1913,460,-257,929,841,789,1577,876,1695,10
479483,1,4226,-4103,-1169,50,-592,38,1912,459,-256,927,842,786,1578,877,1697,14
479483,1,4227,-4102,-1170,50,-595,38,1912,460,-259,930,840,788,1579,878,1697,9
479483,0,4227,-4102,-1170,50,-595,38,1912,460,-259,930,840,788,1579,878,1697,9
479483,1,4226,-4104,-1169,53,-590,40,1912,460,-255,928,842,786,1577,878,1698,8
479483,1,4228,-4100,-1171,51,-592,40,1911,460,-256,927,841,788,1577,877,1698,11
479483,1,4227,-4100,-1168,49,-591,38,1911,460,-255,929,841,786,1574,876,1697,8
479483,1,4228,-4100,-1168,51,-590,41,1912,460,-255,928,843,787,1578,876,1696,10
479483,0,4228,-4100,-1168,51,-590,41,1912,460,-255,928,843,787,1578,876,1696,10
479483,1,4227,-4098,-1171,50,-595,39,1913,459,-257,929,840,785,1576,876,1696,10
479483,1,4229,-4100,-1170,51,-590,38,1913,458,-257,929,843,785,1578,876,1696,9
479483,1,4228,-4099,-1168,51,-587,38,1912,460,-255,928,842,786,1578,876,1696,11
479483,1,4228,-4100,-1169,51,-591,42,1912,458,-255,928,841,786,1576,876,1697,10
479483,0,4228,-4100,-1169,51,-591,42,1912,458,-255,928,841,786,1576,876,1697,10
479483,1,4226,-4102,-1170,50,-591,39,1913,460,-257,930,843,787,1580,877,1696,9
479483,1,4225,-4100,-1170,52,-589,42,1912,458,-256,930,843,785,1578,877,1699,10
479483,1,4226,-4101,-1171,48,-592,40,1911,460,-258,930,843,788,1578,876,1700,10
479483,1,4226,-4100,-1168,52,-592,40,1913,459,-258,928,844,786,1579,876,1698,8
479483,0,4226,-4100,-1168,52,-592,40,1913,459,-258,928,844,786,1579,876,1698,8
479483,1,4227,-4102,-1171,50,-590,39,1913,459,-257,927,842,788,1580,876,1696,10
479483,1,4226,-4100,-1169,51,-593,42,1910,457,-256,931,841,786,1577,875,1697,12
479483,1,4227,-4103,-1168,53,-591,37,1912,457,-260,931,842,788,1577,876,1697,10
479483,1,4226,-4102,-1172,51,-594,40,1914,459,-256,926,841,785,1577,877,1697,11
479483,0,4226,-4102,-1172,51,-594,40,1914,459,-256,926,841,785,1577,877,1697,11
479483,1,4227,-4100,-1170,51,-595,39,1912,461,-256,927,843,787,1579,875,1697,9
479483,1,4227,-4102,-1169,52,-591,40,1914,461,-256,927,843,786,1577,876,1696,11
479483,1,4226,-4100,-1169,51,-597,40,1911,459,-257,931,843,786,1577,875,1698,10
479483,1,4225,-4104,-1171,52,-591,41,1913,459,-256,928,843,786,1577,874,1696,10
479483,0,4225,-4104,-1171,52,-591,41,1913,459,-256,928,843,786,1577,874,1696,10
479483,1,4229,-4099,-1171,53,-592,41,1912,459,-260,931,845,787,1576,875,1696,9
479483,1,4227,-4100,-1168,52,-594,41,1912,458,-257,930,841,787,1577,875,1697,8
479483,1,4227,-4100,-1169,53,-593,40,1913,458,-260,928,844,785,1576,878,1697,9
479483,1,4228,-4102,-1169,52,-591,38,1911,461,-256,929,840,787,1577,877,1697,9
479483,0,4228,-4102,-1169,52,-591,38,1911,461,-256,929,840,787,1577,877,1697,9
479483,1,4226,-4099,-1172,52,-591,39,1913,460,-259,928,844,786,1575,877,1696,12
479483,1,4226,-4100,-1168,50,-593,37,1912,459,-259,930,842,788,1576,876,1697,10
479483,1,4227,-4101,-1169,51,-590,41,1914,463,-258,927,843,787,1578,877,1696,9
479483,1,4228,-4103,-1170,50,-592,40,1915,459,-256,926,843,787,1576,877,1696,11
479483,0,4228,-4103,-1170,50,-592,40,1915,459,-256,926,843,787,1576,877,1696,11
479483,1,4226,-4102,-1167,52,-593,40,1911,459,-259,927,845,788,1579,875,1696,9
479483,1,4227,-4101,-1169,52,-591,42,1910,456,-257,926,842,789,1576,879,1697,9
479483,1,4226,-4101,-1168,52,-594,37,1912,459,-258,929,842,785,1576,877,1699,11
479483,1,4226,-4102,-1169,51,-591,42,1914,460,-257,928,843,786,1575,876,1699,8
479483,0,4226,-4102,-1169,51,-591,42,1914,460,-257,928,843,786,1575,876,1699,8
479483,1,4228,-4101,-1173,50,-593,39,1912,462,-255,926,843,786,1579,878,1695,10
479483,1,4229,-4104,-1169,50,-591,37,1913,460,-257,927,841,788,1577,877,1695,8
479483,1,4226,-4102,-1172,53,-593,41,1912,460,-255,928,842,786,1577,875,1694,11
479483,1,4226,-4103,-1169,53,-593,41,1913,459,-255,930,841,789,1577,876,1696,12
479483,0,4226,-4103,-1169,53,-593,41,1913,459,-255,930,841,789,1577,876,1696,12
479483,1,4228,-4101,-1170,51,-591,40,1913,459,-254,929,841,790,1577,875,1698,11
479483,1,4227,-4099,-1170,52,-594,39,1913,461,-258,927,843,786,1577,877,1696,9
479483,1,4226,-4102,-1170,50,-590,39,1911,458,-259,927,842,786,1578,876,1699,13
479483,1,4229,-4102,-1168,52,-596,39,1913,459,-255,930,843,788,1576,878,1697,10
479483,1,4227,-4100,-1170,49,-593,37,1914,457,-257,927,839,785,1576,875,1697,9
479483,0,4227,-4100,-1170,49,-593,37,1914,457,-257,927,839,785,1576,875,1697,9
479483,1,4226,-4100,-1170,50,-590,39,1911,460,-259,928,841,784,1576,878,1697,12
479483,1,4226,-4100,-1171,51,-589,42,1914,461,-255,930,840,786,1577,878,1695,10
479483,1,4228,-4100,-1169,52,-592,42,1910,458,-255,927,840,786,1576,876,1696,8
479483,1,4225,-4102,-1171,49,-593,42,1911,458,-256,928,842,786,1578,877,1699,11
479483,0,4225,-4102,-1171,49,-593,42,1911,458,-256,928,842,786,1578,877,1699,11
479483,1,4228,-4101,-1171,49,-591,39,1911,460,-257,930,843,787,1578,876,1698,11
479483,1,4227,-4100,-1169,52,-594,42,1912,459,-258,927,842,787,1575,878,1696,9
479483,1,4230,-4099,-1169,52,-591,41,1914,460,-256,930,841,787,1572,876,1695,9
479483,1,4225,-4101,-1170,53,-593,41,1913,458,-255,928,841,786,1577,877,1697,11
479483,0,4225,-4101,-1170,53,-593,41,1913,458,-255,928,841,786,1577,877,1697,11
479484,1,4226,-4101,-1171,51,-592,39,1915,457,-257,927,842,787,1580,876,1697,10
479484,1,4229,-4100,-1171,52,-590,37,1912,457,-256,928,843,786,1577,878,1696,11
479484,1,4227,-4101,-1170,51,-593,40,1913,461,-255,929,839,785,1577,876,1696,10
479484,1,4226,-4102,-1170,51,-592,41,1913,459,-256,927,841,786,1577,874,1696,11
479484,0,4226,-4102,-1170,51,-592,41,1913,459,-256,927,841,786,1577,874,1696,11
479484,1,4226,-4099,-1169,52,-592,40,1912,460,-259,928,844,786,1575,877,1695,8
479484,1,4227,-4104,-1168,51,-588,38,1913,459,-258,926,840,786,1578,877,1698,8
479484,1,4227,-4100,-1170,51,-594,41,1912,458,-257,929,840,787,1577,877,1697,11
479484,1,4225,-4102,-1168,53,-593,40,1912,458,-257,929,841,788,1579,878,1698,10
479484,0,4225,-4102,-1168,53,-593,40,1912,458,-257,929,841,788,1579,878,1698,10
479484,1,4228,-4104,-1168,50,-592,41,1914,461,-257,927,842,787,1578,876,1698,12
479484,1,4225,-4102,-1170,50,-594,40,1913,460,-257,926,842,786,1577,878,1696,11
479484,1,4225,-4103,-1167,49,-591,41,1911,458,-258,930,844,789,1574,875,1696,10
479484,1,4227,-4100,-1169,49,-592,40,1911,457,-257,929,843,788,1579,877,1697,10
479484,0,4227,-4100,-1169,49,-592,40,1911,457,-257,929,843,788,1579,877,1697,10
479484,1,4227,-4100,-1171,47,-594,44,1912,459,-257,930,843,785,1578,875,1695,10
479484,1,4227,-4104,-1169,50,-591,40,1913,460,-255,928,843,788,1575,875,1696,12
479484,1,4227,-4103,-1168,50,-589,42,1914,459,-257,929,843,785,1577,877,1696,11
479484,1,4225,-4102,-1171,51,-591,39,1914,458,-257,928,842,786,1577,877,1697,11
479484,0,4225,-4102,-1171,51,-591,39,1914,458,-257,928,842,786,1577,877,1697,11
479484,1,4225,-4101,-1172,51,-593,43,1913,459,-257,930,842,786,1579,875,1696,12
479484,1,4227,-4102,-1169,51,-590,38,1914,460,-258,927,840,787,1577,878,1696,11
479484,1,4226,-4100,-1170,53,-593,40,1912,458,-254,927,843,787,1577,875,1700,11
479484,1,4225,-4101,-1170,51,-591,39,1911,461,-257,929,841,787,1580,876,1696,10
479484,0,4225,-4101,-1170,51,-591,39,1911,461,-257,929,841,787,1580,876,1696,10
479484,1,4227,-4102,-1168,51,-591,41,1912,461,-256,927,841,785,1575,875,1698,11
479484,1,4228,-4100,-1171,50,-595,40,1912,460,-258,930,842,786,1578,878,1697,8
479484,1,4226,-4102,-1169,52,-592,43,1915,459,-256,931,843,788,1576,874,1697,10
479484,1,4228,-4102,-1171,50,-594,40,1913,460,-257,929,844,786,1577,877,1697,11
479484,0,4228,-4102,-1171,50,-594,40,1913,460,-257,929,844,786,1577,877,1697,11
479484,1,4228,-4101,-1168,52,-591,37,1912,459,-258,928,842,788,1578,876,1697,11
479484,1,4227,-4099,-1171,52,-593,40,1915,460,-257,927,842,786,1575,875,1696,11
479484,1,4228,-4102,-1169,52,-587,38,1912,460,-257,926,844,785,1577,878,1697,12
479484,1,4227,-4101,-1171,51,-594,41,1912,460,-256,930,840,790,1576,876,1697,10
479484,0,4227,-4101,-1171,51,-594,41,1912,460,-256,930,840,790,1576,876,1697,10
479484,1,4227,-4103,-1169,51,-591,39,1912,458,-258,930,841,786,1574,875,1699,11
479484,1,4225,-4105,-1171,53,-588,42,1912,461,-258,926,843,788,1575,875,1697,11
479484,1,4228,-4102,-1169,51,-594,40,1911,459,-259,928,842,788,1577,876,1696,12
479484,1,4228,-4101,-1169,52,-590,41,1913,459,-255,929,841,789,1581,877,1697,10
479484,0,4228,-4101,-1169,52,-590,41,1913,459,-255,929,841,789,1581,877,1697,10
479484,1,4228,-4100,-1169,51,-591,40,1911,458,-257,927,840,787,1575,878,1696,12
479484,1,4228,-4101,-1170,50,-594,41,1915,459,-255,928,842,787,1577,877,1697,7
479484,1,4228,-4101,-1170,51,-592,39,1913,460,-257,928,842,788,1576,877,1698,9
479484,1,4227,-4102,-1170,52,-591,41,1912,460,-259,929,841,788,1580,879,1695,11
479484,0,4227,-4102,-1170,52,-591,41,1912,460,-259,929,841,788,1580,879,1695,11
479484,1,4228,-4102,-1170,52,-591,38,1914,459,-257,927,844,786,1577,875,1695,10
479484,1,4227,-4103,-1169,52,-592,40,1911,462,-255,930,841,787,1576,876,1697,11
479484,1,4226,-4102,-1170,52,-591,39,1914,458,-258,930,843,786,1577,877,1697,12
479484,1,4225,-4102,-1169,50,-594,40,1914,458,-256,930,842,788,1578,878,1696,12
479484,0,4225,-4102,-1169,50,-594,40,1914,458,-256,930,842,788,1578,878,1696,12
479484,1,4225,-4101,-1170,51,-589,43,1912,461,-258,930,843,788,1577,872,1695,9
479484,1,4225,-4099,-1171,52,-591,40,1915,458,-256,927,843,787,1576,879,1697,9
479484,1,4225,-4101,-1170,50,-594,37,1911,459,-258,929,843,788,1577,876,1696,11
479484,1,4226,-4103,-1169,51,-589,39,1914,460,-256,929,841,787,1576,879,1697,12
479484,1,4229,-4102,-1169,50,-594,40,1910,461,-256,928,841,788,1577,876,1697,11
479484,0,4229,-4102,-1169,50,-594,40,1910,461,-256,928,841,788,1577,876,1697,11
479484,1,4226,-4102,-1171,50,-591,40,1912,458,-258,929,842,786,1576,875,1695,10
479484,1,4225,-4103,-1169,51,-590,39,1915,458,-258,928,844,787,1579,878,1696,9
479484,1,4225,-4102,-1170,53,-590,38,1912,459,-255,930,842,785,1578,875,1697,11
479484,1,4223,-4100,-1170,51,-593,42,1912,458,-257,930,844,786,1577,877,1698,11
479484,0,4223,-4100,-1170,51,-593,42,1912,458,-257,930,844,786,1577,877,1698,11
479484,1,4225,-4101,-1171,50,-592,42,1915,458,-255,930,842,789,1576,876,1695,10
479484,1,4225,-4101,-1169,51,-589,39,1913,460,-259,930,841,787,1579,879,1698,10
479484,1,4226,-4102,-1170,52,-595,38,1913,459,-256,930,842,786,1576,877,1695,9
479484,1,4227,-4100,-1168,53,-590,37,1912,459,-257,927,842,788,1577,877,1698,10
479484,0,4227,-4100,-1168,53,-590,37,1912,459,-257,927,842,788,1577,877,1698,10
479484,1,4228,-4100,-1168,51,-591,39,1913,459,-258,929,838,785,1577,877,1697,11
479484,1,4228,-4102,-1169,49,-593,40,1911,457,-258,929,844,787,1575,876,1697,11
479484,1,4225,-4101,-1169,50,-592,37,1914,460,-259,930,841,785,1574,878,1697,10
479484,1,4226,-4102,-1172,52,-592,42,1912,458,-258,928,843,785,1578,876,1699,10
479484,0,4226,-4102,-1172,52,-592,42,1912,458,-258,928,843,785,1578,876,1699,10
479484,1,4229,-4101,-1169,54,-591,41,1913,457,-257,929,844,788,1576,878,1697,9
479484,1,4228,-4102,-1169,51,-594,36,1913,460,-258,930,840,784,1576,875,1696,11
479484,1,4227,-4100,-1169,51,-587,41,1915,461,-258,929,843,785,1577,877,1696,10
479484,1,4228,-4100,-1171,53,-592,40,1912,458,-261,930,842,786,1577,878,1697,12
479484,0,4228,-4100,-1171,53,-592,40,1912,458,-261,930,842,786,1577,878,1697,12
479484,1,4230,-4102,-1170,52,-591,40,1913,459,-257,929,842,789,1577,875,1696,8
479484,1,4227,-4104,-1171,52,-592,39,1910,459,-257,927,841,789,1577,877,1697,10
479484,1,4226,-4102,-1170,51,-592,40,1913,459,-257,928,840,787,1580,878,1695,12
479484,1,4227,-4101,-1170,51,-590,40,1913,461,-254,928,842,786,1577,877,1696,11
479484,0,4227,-4101,-1170,51,-590,40,1913,461,-254,928,842,786,1577,877,1696,11
479484,1,4229,-4100,-1169,52,-595,41,1912,461,-257,929,842,788,1574,877,1699,9
479484,1,4226,-4099,-1171,49,-592,39,1912,459,-258,928,844,787,1576,877,1697,11
479484,1,4223,-4103,-1169,52,-590,39,1912,458,-257,930,842,789,1578,874,1697,8
479484,1,4228,-4100,-1172,53,-595,38,1913,459,-256,929,840,786,1575,877,1697,10
479484,0,4228,-4100,-1172,53,-595,38,1913,459,-256,929,840,786,1575,877,1697,10
479484,1,4227,-4102,-1169,51,-591,39,1912,460,-258,928,841,787,1578,875,1694,11
479484,1,4225,-4098,-1169,49,-590,41,1913,460,-259,926,841,786,1579,877,1697,11
479484,1,4228,-4100,-1171,50,-590,40,1915,457,-258,928,844,786,1577,876,1696,10
479484,1,4225,-4101,-1170,49,-593,41,1911,458,-257,928,843,787,1579,875,1695,12
479484,0,4225,-4101,-1170,49,-593,41,1911,458,-257,928,843,787,1579,875,1695,12
479484,1,4227,-4103,-1171,49,-590,41,1910,456,-255,929,843,785,1574,879,1698,9
479484,1,4228,-4100,-1171,48,-589,38,1915,462,-256,930,841,788,1577,879,1697,11
479484,1,4226,-4099,-1170,51,-595,40,1912,458,-256,929,842,787,1577,876,1697,12
479484,1,4226,-4100,-1169,51,-591,39,1913,462,-258,928,840,788,1576,878,1695,9
479484,0,4226,-4100,-1169,51,-591,39,1913,462,-258,928,840,788,1576,878,1695,9
479484,1,4226,-4102,-1170,51,-589,39,1912,458,-258,926,843,785,1576,876,1695,10
479484,1,4225,-4102,-1170,52,-591,40,1911,458,-257,927,843,787,1577,876,1695,11
479484,1,4226,-4102,-1170,52,-591,41,1913,459,-258,929,842,788,1578,874,1697,12
479484,1,4229,-4099,-1170,51,-589,42,1914,458,-256,929,843,787,1577,877,1697,10
479484,0,4229,-4099,-1170,51,-589,42,1914,458,-256,929,843,787,1577,877,1697,10
479484,1,4230,-4101,-1173,51,-591,41,1913,458,-257,929,842,788,1575,875,1695,11
479484,1,4228,-4104,-1172,51,-592,39,1914,460,-259,928,842,786,1577,877,1697,10
479484,1,4228,-4102,-1168,52,-590,41,1913,460,-258,928,840,788,1577,878,1696,11
479484,1,4226,-4100,-1169,52,-594,40,1913,460,-258,930,842,786,1578,874,1695,8
479484,0,4226,-4100,-1169,52,-594,40,1913,460,-258,930,842,786,1578,874,1695,8
479484,1,4228,-4100,-1171,53,-592,40,1913,460,-260,928,840,788,1575,875,1698,12
479484,1,4226,-4100,-1169,51,-592,41,1913,460,-256,927,842,787,1575,877,1698,11
479484,1,4225,-4102,-1170,51,-593,41,1914,459,-258,927,842,788,1578,874,1696,10
479484,1,4225,-4098,-1170,50,-591,41,1915,461,-255,927,843,786,1576,877,1697,11
479484,0,4225,-4098,-1170,50,-591,41,1915,461,-255,927,843,786,1576,877,1697,11
479484,1,4227,-4099,-1171,51,-594,38,1914,461,-254,930,841,787,1577,874,1696,10
479484,1,4230,-4101,-1170,50,-591,39,1912,459,-257,927,841,784,1577,877,1695,11
479484,1,4228,-4100,-1171,51,-592,41,1915,460,-259,929,841,788,1576,877,1698,12
479484,1,4228,-4102,-1170,53,-595,36,1914,457,-255,928,841,785,1574,876,1698,9
479484,0,4228,-4102,-1170,53,-595,36,1914,457,-255,928,841,785,1574,876,1698,9
479484,1,4225,-4099,-1168,51,-592,42,1913,456,-256,927,840,789,1577,878,1697,8
479484,1,4229,-4102,-1171,53,-592,39,1911,461,-260,928,841,789,1576,875,1698,11
479484,1,4228,-4102,-1170,50,-590,42,1910,460,-253,926,842,785,1578,876,1699,9
479484,1,4229,-4101,-1170,53,-592,40,1911,460,-257,929,842,786,1577,877,1698,10
479484,0,4229,-4101,-1170,53,-592,40,1911,460,-257,929,842,786,1577,877,1698,10
479484,1,4226,-4100,-1169,50,-592,40,1913,461,-257,927,842,785,1577,879,1698,11
479484,1,4226,-4101,-1170,51,-591,41,1913,458,-257,928,844,786,1577,875,1696,13
479484,1,4227,-4101,-1171,49,-593,40,1914,459,-256,929,842,786,1576,876,1698,11
479484,1,4227,-4100,-1169,53,-590,40,1913,459,-256,930,845,785,1577,878,1697,9
479484,1,4226,-4100,-1169,51,-596,39,1913,460,-257,927,841,785,1577,878,1696,11
479484,0,4226,-4100,-1169,51,-596,39,1913,460,-257,927,841,785,1577,878,1696,11
479484,1,4225,-4101,-1171,49,-591,41,1912,461,-258,931,843,785,1576,877,1696,11
479484,1,4226,-4100,-1171,50,-593,39,1913,459,-258,930,844,786,1581,877,1697,9
479484,1,4227,-4103,-1171,52,-593,38,1913,460,-257,928,841,787,1579,875,1697,11
479484,1,4226,-4102,-1166,52,-595,41,1915,459,-257,929,840,789,1576,876,1696,8
479484,0,4226,-4102,-1166,52,-595,41,1915,459,-257,929,840,789,1576,876,1696,8
479484,1,4226,-4105,-1166,51,-593,39,1914,457,-258,929,841,788,1576,876,1694,12
479484,1,4225,-4101,-1170,52,-594,38,1910,460,-255,930,843,787,1577,876,1698,11
479484,1,4226,-4100,-1169,51,-592,41,1913,459,-256,928,843,788,1577,875,1696,11
479484,1,4225,-4101,-1170,51,-590,39,1912,459,-256,928,840,785,1577,876,1698,11
479484,0,4225,-4101,-1170,51,-590,39,1912,459,-256,928,840,785,1577,876,1698,11
479484,1,4224,-4103,-1168,53,-591,39,1912,459,-257,929,841,787,1577,877,1696,9
479484,1,4226,-4104,-1169,49,-593,39,1913,462,-257,927,843,785,1578,876,1697,10
479484,1,4226,-4102,-1168,50,-595,37,1913,462,-257,926,842,785,1577,879,1698,13
479484,1,4227,-4102,-1169,48,-590,40,1914,460,-259,927,841,786,1578,876,1700,10
479484,0,4227,-4102,-1169,48,-590,40,1914,460,-259,927,841,786,1578,876,1700,10
479484,1,4226,-4102,-1169,49,-593,40,1911,460,-256,927,841,788,1579,876,1696,9
479484,1,4227,-4102,-1169,50,-593,41,1913,458,-256,928,841,784,1578,877,1695,12
479484,1,4230,-4102,-1172,50,-592,37,1913,459,-257,928,840,786,1579,874,1697,8
479484,1,4228,-4101,-1169,53,-592,43,1914,459,-255,927,842,790,1575,877,1698,10
479484,0,4228,-4101,-1169,53,-592,43,1914,459,-255,927,842,790,1575,877,1698,10
479484,1,4228,-4104,-1171,48,-593,40,1913,460,-253,929,840,787,1576,875,1697,12
479484,1,4225,-4103,-1170,48,-588,41,1910,459,-256,928,844,785,1576,877,1698,9
479484,1,4226,-4100,-1170,50,-595,38,1915,458,-257,928,841,786,1577,877,1697,10
479484,1,4226,-4100,-1170,51,-592,41,1915,457,-257,926,841,786,1575,875,1699,12
479484,0,4226,-4100,-1170,51,-592,41,1915,457,-257,926,841,786,1575,875,1699,12
479484,1,4227,-4101,-1170,51,-592,42,1913,461,-255,930,842,787,1577,873,1696,8
479484,1,4228,-4103,-1169,51,-588,40,1912,459,-257,929,843,786,1578,877,1697,11
479484,1,4226,-4102,-1169,52,-591,39,1912,459,-256,929,841,789,1577,876,1697,13
479484,1,4228,-4100,-1168,52,-589,40,1911,459,-259,929,842,785,1578,877,1697,8
479484,0,4228,-4100,-1168,52,-589,40,1911,459,-259,929,842,785,1578,877,1697,8
479484,1,4226,-4103,-1170,50,-590,40,1913,460,-256,925,842,785,1576,876,1697,9
479484,1,4227,-4105,-1168,52,-595,39,1913,459,-257,929,842,788,1577,876,1696,10
479484,1,4226,-4103,-1167,53,-591,42,1914,459,-257,928,843,786,1580,877,1696,9
479484,1,4227,-4100,-1170,51,-593,41,1914,458,-257,928,840,786,1577,876,1697,11
479484,0,4227,-4100,-1170,51,-593,41,1914,458,-257,928,840,786,1577,876,1697,11
479484,1,4227,-4102,-1171,52,-589,41,1912,458,-257,927,839,788,1578,876,1694,11
479484,1,4228,-4103,-1169,50,-591,38,1911,460,-258,928,842,786,1576,877,1697,11
479484,1,4225,-4100,-1171,51,-595,41,1914,463,-258,929,840,787,1577,876,1696,12
479484,0,4225,-4100,-1171,51,-595,41,1914,463,-258,929,840,787,1577,876,1696,12
479484,0,4225,-4100,-1171,51,-595,41,1914,463,-258,929,840,787,1577,876,1696,12
479484,1,4228,-4100,-1170,52,-591,41,1913,460,-259,926,842,785,1577,875,1697,9
479484,0,4228,-4100,-1170,52,-591,41,1913,460,-259,926,842,785,1577,875,1697,9
479484,1,4226,-4102,-1169,51,-591,40,1911,460,-260,927,842,787,1577,876,1695,10
479484,0,4226,-4102,-1169,51,-591,40,1911,460,-260,927,842,787,1577,876,1695,10
479484,0,4226,-4102,-1169,51,-591,40,1911,460,-260,927,842,787,1577,876,1695,10
479484,1,4224,-4102,-1168,50,-588,38,1912,460,-257,928,843,787,1578,877,1696,11
479484,1,4224,-4102,-1168,50,-592,38,1914,458,-258,927,844,784,1579,876,1697,9
479484,1,4228,-4100,-1170,52,-590,39,1912,458,-256,929,839,784,1577,877,1696,10
479484,0,4228,-4100,-1170,52,-590,39,1912,458,-256,929,839,784,1577,877,1696,10
479484,1,4227,-4100,-1170,52,-593,38,1912,460,-255,928,841,785,1577,878,1696,12
479484,1,4228,-4102,-1170,53,-593,40,1913,458,-258,929,842,787,1576,874,1697,11
479484,1,4226,-4100,-1171,52,-591,40,1913,460,-258,930,843,787,1579,876,1698,11
479484,1,4227,-4103,-1170,51,-594,39,1914,460,-255,927,842,790,1579,877,1698,9
479484,0,4227,-4103,-1170,51,-594,39,1914,460,-255,927,842,790,1579,877,1698,9
479484,1,4225,-4104,-1168,52,-592,39,1914,460,-257,928,843,787,1577,878,1697,10
479484,1,4226,-4101,-1169,50,-591,39,1915,460,-257,930,843,786,1578,878,1698,11
479484,1,4227,-4103,-1169,51,-591,38,1914,461,-257,930,843,787,1577,878,1696,9
479484,1,4227,-4100,-1170,52,-591,37,1915,458,-256,928,844,785,1577,878,1698,9
479484,1,4226,-4100,-1170,48,-592,39,1914,460,-259,929,843,788,1577,876,1696,10
479484,0,4226,-4100,-1170,48,-592,39,1914,460,-259,929,843,788,1577,876,1696,10
479484,1,4227,-4102,-1171,50,-592,37,1912,458,-256,927,841,788,1576,878,1696,11
479484,1,4225,-4104,-1168,51,-597,39,1914,459,-260,929,842,784,1577,875,1696,9
479485,1,4227,-4103,-1170,53,-591,41,1913,460,-257,929,844,786,1577,877,1697,9
479485,1,4226,-4100,-1168,53,-589,42,1913,460,-259,931,842,787,1577,878,1696,9
479485,0,4226,-4100,-1168,53,-589,42,1913,460,-259,931,842,787,1577,878,1696,9
479485,1,4226,-4100,-1169,51,-591,42,1915,460,-256,927,841,787,1576,875,1697,12
479485,1,4228,-4102,-1169,50,-589,42,1914,460,-258,926,843,786,1578,877,1697,9
479485,1,4227,-4102,-1169,51,-592,38,1914,459,-257,928,843,788,1576,878,1696,9
479485,1,4226,-4101,-1168,50,-590,41,1910,460,-255,931,841,789,1577,877,1695,9
479485,0,4226,-4101,-1168,50,-590,41,1910,460,-255,931,841,789,1577,877,1695,9
479485,1,4226,-4102,-1172,51,-588,41,1913,460,-258,926,844,786,1577,875,1697,10
479485,1,4225,-4102,-1171,50,-591,39,1912,461,-259,929,843,786,1580,878,1697,10
479485,1,4228,-4100,-1169,51,-591,42,1911,462,-255,928,843,786,1577,877,1699,10
479485,1,4227,-4100,-1171,51,-593,39,1914,459,-257,928,841,789,1577,878,1697,11
479485,0,4227,-4100,-1171,51,-593,39,1914,459,-257,928,841,789,1577,878,1697,11
479485,1,4228,-4102,-1169,51,-590,41,1910,459,-257,929,842,787,1576,877,1699,12
479485,1,4229,-4103,-1168,50,-592,38,1912,459,-254,930,840,784,1578,878,1698,12
479485,1,4226,-4100,-1169,52,-590,39,1914,460,-257,927,842,786,1576,878,1697,10
479485,1,4226,-4101,-1169,52,-593,40,1911,456,-254,927,843,786,1577,876,1696,11
479485,0,4226,-4101,-1169,52,-593,40,1911,456,-254,927,843,786,1577,876,1696,11
479485,1,4226,-4100,-1170,52,-593,40,1912,458,-257,930,844,787,1577,876,1699,11
479485,1,4226,-4101,-1170,50,-591,38,1913,459,-256,929,844,787,1577,876,1697,11
479485,1,4228,-4103,-1169,52,-594,42,1913,459,-255,930,839,788,1577,876,1697,9
479485,1,4228,-4100,-1170,51,-591,42,1913,461,-257,928,843,784,1577,874,1699,11
479485,0,4228,-4100,-1170,51,-591,42,1913,461,-257,928,843,784,1577,874,1699,11
479485,1,4227,-4103,-1170,51,-591,39,1913,458,-259,927,843,787,1577,875,1696,11
479485,1,4227,-4100,-1170,52,-589,38,1915,458,-257,929,840,785,1578,877,1696,9
479485,1,4225,-4102,-1171,50,-593,38,1913,457,-256,930,841,788,1578,876,1694,11
479485,1,4226,-4103,-1169,50,-593,39,1913,460,-257,926,844,786,1577,877,1698,11
479485,0,4226,-4103,-1169,50,-593,39,1913,460,-257,926,844,786,1577,877,1698,11
479485,1,4228,-4102,-1171,50,-588,38,1913,460,-257,930,843,787,1579,877,1697,10
479485,1,4226,-4101,-1167,51,-595,40,1915,460,-255,928,840,786,1578,875,1697,11
479485,1,4227,-4100,-1169,51,-591,39,1911,457,-257,929,842,784,1578,878,1698,10
479485,1,4227,-4101,-1168,50,-591,38,1913,460,-258,925,840,790,1574,879,1694,11
479485,0,4227,-4101,-1168,50,-591,38,1913,460,-258,925,840,790,1574,879,1694,11
479485,1,4228,-4102,-1172,51,-594,41,1912,458,-257,928,839,786,1577,877,1696,11
479485,1,4227,-4102,-1169,52,-590,41,1912,464,-257,928,844,787,1578,878,1695,10
479485,1,4226,-4101,-1170,51,-591,38,1915,460,-258,928,841,786,1576,878,1696,9
479485,1,4228,-4100,-1170,50,-592,40,1913,461,-255,928,842,784,1577,878,1696,8
479485,0,4228,-4100,-1170,50,-592,40,1913,461,-255,928,842,784,1577,878,1696,8
479485,1,4226,-4103,-1170,50,-592,40,1913,460,-257,930,843,788,1579,877,1698,9
479485,1,4226,-4102,-1170,53,-591,42,1912,461,-255,926,841,788,1578,878,1697,10
479485,1,4226,-4099,-1169,49,-592,39,1912,459,-257,926,842,788,1575,878,1696,9
479485,1,4227,-4102,-1170,50,-594,43,1913,459,-257,929,843,788,1577,876,1695,12
479485,0,4227,-4102,-1170,50,-594,43,1913,459,-257,929,843,788,1577,876,1695,12
479485,1,4226,-4099,-1170,50,-590,42,1915,460,-257,928,840,785,1577,874,1696,8
479485,1,4226,-4101,-1169,51,-593,42,1913,458,-257,928,842,787,1578,878,1694,11
479485,1,4229,-4103,-1170,51,-591,40,1911,459,-260,927,841,788,1577,877,1698,10
479485,1,4227,-4102,-1171,51,-591,40,1913,460,-258,929,844,788,1578,875,1697,10
479485,0,4227,-4102,-1171,51,-591,40,1913,460,-258,929,844,788,1578,875,1697,10
479485,1,4226,-4103,-1172,51,-589,39,1915,460,-258,927,842,788,1579,877,1695,9
479485,1,4229,-4103,-1169,51,-594,39,1914,460,-257,929,842,788,1576,875,1698,10
479485,1,4227,-4100,-1169,51,-590,38,1913,459,-257,929,843,787,1577,877,1696,8
479485,1,4227,-4102,-1171,51,-591,42,1912,458,-255,927,840,786,1579,877,1695,15
479485,0,4227,-4102,-1171,51,-591,42,1912,458,-255,927,840,786,1579,877,1695,15
479485,1,4227,-4100,-1171,51,-595,39,1912,460,-258,928,841,788,1576,874,1697,12
479485,1,4226,-4101,-1168,52,-591,41,1912,459,-256,928,842,785,1576,875,1698,10
479485,1,4225,-4101,-1171,52,-594,38,1913,460,-256,928,843,786,1577,878,1697,8
479485,1,4227,-4103,-1171,51,-592,38,1911,460,-258,929,842,786,1576,875,1696,9
479485,0,4227,-4103,-1171,51,-592,38,1911,460,-258,929,842,786,1576,875,1696,9
479485,1,4224,-4101,-1170,51,-595,37,1913,459,-258,927,840,786,1578,873,1697,12
479485,1,4225,-4101,-1170,50,-593,42,1913,457,-256,929,840,789,1576,876,1698,10
479485,1,4226,-4098,-1170,50,-590,39,1911,459,-256,930,840,786,1575,877,1699,10
479485,1,4225,-4100,-1170,51,-594,42,1913,460,-259,928,842,787,1577,879,1698,10
479485,0,4225,-4100,-1170,51,-594,42,1913,460,-259,928,842,787,1577,879,1698,10
479485,1,4226,-4099,-1172,49,-590,39,1913,460,-258,928,843,786,1575,877,1695,8
479485,1,4227,-4103,-1170,50,-593,38,1911,458,-256,930,840,788,1576,880,1698,11
479485,1,4227,-4102,-1169,48,-589,38,1915,462,-257,928,841,789,1576,877,1696,10
479485,1,4225,-4102,-1168,52,-592,39,1912,460,-258,930,841,789,1576,876,1696,10
479485,1,4225,-4102,-1169,51,-592,42,1915,459,-256,927,842,786,1577,875,1699,9
479485,0,4225,-4102,-1169,51,-592,42,1915,459,-256,927,842,786,1577,875,1699,9
479485,1,4228,-4102,-1167,51,-588,40,1915,458,-258,929,842,788,1578,879,1695,11
479485,1,4227,-4103,-1171,50,-595,40,1912,457,-258,929,843,786,1577,875,1698,9
479485,1,4225,-4099,-1169,51,-588,42,1912,461,-257,930,842,788,1576,876,1696,9
479485,1,4229,-4100,-1169,51,-589,38,1914,463,-255,927,842,790,1577,876,1697,11
479485,0,4229,-4100,-1169,51,-589,38,1914,463,-255,927,842,790,1577,876,1697,11
479485,1,4227,-4100,-1170,51,-593,37,1913,458,-255,926,842,786,1576,875,1695,9
479485,1,4225,-4104,-1170,50,-592,42,1912,460,-256,929,842,786,1577,876,1698,11
479485,1,4226,-4101,-1170,52,-595,39,1915,459,-257,928,842,785,1577,876,1696,12
479485,1,4228,-4100,-1169,52,-589,40,1913,457,-255,929,842,786,1577,875,1697,11
479485,0,4228,-4100,-1169,52,-589,40,1913,457,-255,929,842,786,1577,875,1697,11
479485,1,4226,-4105,-1171,53,-591,39,1915,459,-257,929,842,788,1576,875,1695,10
479485,1,4226,-4098,-1170,52,-589,36,1913,460,-257,927,841,788,1579,879,1695,9
479485,1,4228,-4102,-1170,52,-590,40,1911,459,-256,927,843,788,1575,878,1698,9
479485,1,4226,-4103,-1171,53,-594,43,1914,457,-259,928,842,785,1577,874,1696,8
479485,0,4226,-4103,-1171,53,-594,43,1914,457,-259,928,842,785,1577,874,1696,8
479485,1,4225,-4101,-1169,53,-590,40,1910,460,-257,929,843,787,1574,877,1697,9
479485,1,4227,-4100,-1169,50,-590,40,1913,459,-257,927,844,788,1575,877,1695,10
479485,1,4226,-4100,-1170,52,-591,38,1913,459,-256,927,843,786,1575,876,1696,11
479485,1,4226,-4103,-1167,50,-592,42,1910,456,-255,929,841,787,1576,877,1697,11
479485,0,4226,-4103,-1167,50,-592,42,1910,456,-255,929,841,787,1576,877,1697,11
479485,1,4227,-4100,-1170,51,-589,41,1915,458,-254,927,844,786,1578,877,1695,11
479485,1,4228,-4102,-1170,50,-594,38,1911,460,-257,928,842,788,1577,877,1694,10
479485,1,4227,-4102,-1170,51,-591,37,1911,459,-256,930,841,785,1575,875,1697,8
479485,1,4228,-4102,-1171,53,-590,39,1914,461,-257,930,841,787,1577,879,1698,10
479485,0,4228,-4102,-1171,53,-590,39,1914,461,-257,930,841,787,1577,879,1698,10
479485,1,4226,-4102,-1166,51,-594,39,1913,462,-256,929,842,789,1576,876,1696,11
479485,1,4230,-4103,-1167,52,-593,40,1912,457,-257,927,842,788,1576,877,1697,11
479485,1,4225,-4103,-1170,52,-591,41,1911,460,-255,926,843,785,1576,877,1697,8
479485,1,4226,-4103,-1169,52,-594,39,1912,460,-259,929,844,785,1578,876,1697,10
479485,0,4226,-4103,-1169,52,-594,39,1912,460,-259,929,844,785,1578,876,1697,10
479485,1,4226,-4100,-1171,51,-591,42,1910,460,-257,929,842,784,1577,875,1697,10
479485,1,4228,-4101,-1171,50,-591,39,1912,460,-255,929,839,788,1576,877,1698,11
479485,1,4228,-4103,-1168,51,-591,39,1914,460,-257,929,845,786,1576,877,1696,12
479485,1,4227,-4100,-1170,53,-593,37,1911,457,-257,930,842,787,1577,874,1697,11
479485,0,4227,-4100,-1170,53,-593,37,1911,457,-257,930,842,787,1577,874,1697,11
479485,1,4226,-4101,-1169,51,-592,40,1914,461,-257,929,843,784,1578,878,1696,10
479485,1,4228,-4100,-1171,53,-592,41,1914,459,-257,928,842,785,1576,875,1696,10
479485,1,4226,-4102,-1167,49,-591,40,1912,459,-256,927,845,785,1577,877,1696,9
479485,1,4228,-4102,-1167,51,-593,43,1913,460,-256,928,839,788,1578,876,1697,11
479485,0,4228,-4102,-1167,51,-593,43,1913,460,-256,928,839,788,1578,876,1697,11
479485,1,4226,-4098,-1169,51,-595,38,1915,457,-257,928,841,787,1578,878,1699,10
479485,1,4227,-4100,-1171,54,-589,39,1911,458,-256,929,839,788,1575,879,1695,7
479485,1,4228,-4101,-1167,51,-595,41,1910,458,-258,929,844,787,1576,875,1698,12
479485,1,4228,-4101,-1168,53,-587,40,1912,460,-258,926,839,788,1578,876,1697,10
479485,0,4228,-4101,-1168,53,-587,40,1912,460,-258,926,839,788,1578,876,1697,10
479485,1,4228,-4102,-1168,51,-590,39,1913,458,-258,929,840,785,1578,879,1696,10
479485,1,4227,-4102,-1171,52,-594,42,1913,460,-259,930,842,787,1579,876,1696,11
479485,1,4226,-4102,-1170,50,-591,39,1913,460,-257,929,840,787,1578,877,1695,9
479485,1,4227,-4102,-1169,49,-594,41,1912,460,-255,926,842,788,1576,878,1698,9
479485,0,4227,-4102,-1169,49,-594,41,1912,460,-255,926,842,788,1576,878,1698,9
479485,1,4226,-4104,-1167,50,-590,40,1914,460,-258,929,842,788,1577,876,1697,11
479485,1,4225,-4101,-1168,50,-591,39,1913,458,-257,930,841,787,1575,876,1697,10
479485,1,4226,-4102,-1169,50,-593,40,1913,458,-256,929,842,786,1578,878,1696,10
479485,1,4226,-4103,-1169,51,-590,43,1914,459,-257,930,842,784,1578,877,1696,9
479485,0,4226,-4103,-1169,51,-590,43,1914,459,-257,930,842,784,1578,877,1696,9
479485,1,4226,-4102,-1169,50,-595,42,1912,462,-260,928,843,788,1577,877,1697,10
479485,1,4226,-4100,-1169,52,-592,36,1912,458,-256,929,839,786,1577,878,1697,11
479485,1,4228,-4100,-1172,50,-593,42,1912,458,-256,930,845,785,1576,876,1698,11
479485,1,4226,-4099,-1168,52,-591,39,1912,459,-257,929,841,786,1578,875,1697,11
479485,0,4226,-4099,-1168,52,-591,39,1912,459,-257,929,841,786,1578,875,1697,11
479485,1,4224,-4102,-1168,51,-592,39,1916,457,-257,927,842,788,1577,875,1698,10
479485,1,4228,-4103,-1169,50,-592,43,1913,461,-257,928,843,789,1576,875,1697,10
479485,1,4227,-4102,-1170,50,-593,41,1914,457,-259,931,841,788,1578,873,1697,10
479485,1,4226,-4102,-1167,51,-593,39,1912,462,-257,929,839,787,1574,877,1699,11
479485,1,4226,-4101,-1169,52,-590,38,1913,458,-256,929,842,786,1575,877,1696,11
479485,0,4226,-4101,-1169,52,-590,38,1913,458,-256,929,842,786,1575,877,1696,11
479485,1,4225,-4104,-1172,51,-594,40,1912,459,-258,926,839,787,1576,875,1696,11
479485,1,4229,-4100,-1169,51,-593,38,1915,459,-257,930,844,788,1577,877,1695,10
479485,1,4228,-4101,-1168,51,-593,43,1914,461,-257,926,842,788,1581,877,1695,12
479485,1,4226,-4101,-1169,51,-594,39,1913,462,-258,929,842,788,1578,876,1697,11
479485,0,4226,-4101,-1169,51,-594,39,1913,462,-258,929,842,788,1578,876,1697,11
479485,1,4226,-4099,-1171,51,-590,40,1913,460,-257,927,843,784,1576,880,1697,8
479485,1,4229,-4100,-1169,54,-593,40,1914,460,-259,928,842,786,1573,875,1697,9
479485,1,4230,-4099,-1172,51,-592,39,1912,460,-255,926,841,786,1576,877,1697,10
479485,1,4228,-4101,-1170,51,-593,43,1913,460,-255,930,844,789,1576,875,1696,11
479485,0,4228,-4101,-1170,51,-593,43,1913,460,-255,930,844,789,1576,875,1696,11
479485,1,4226,-4100,-1170,51,-591,41,1913,459,-256,929,843,789,1579,876,1695,10
479485,1,4226,-4102,-1171,50,-591,38,1910,459,-258,927,844,786,1577,877,1697,9
479485,1,4226,-4101,-1169,50,-590,39,1912,461,-258,929,843,786,1579,874,1696,12
479485,1,4227,-4104,-1167,52,-590,41,1912,461,-256,929,842,786,1576,877,1696,10
479485,0,4227,-4104,-1167,52,-590,41,1912,461,-256,929,842,786,1576,877,1696,10
479485,1,4227,-4098,-1171,50,-594,39,1915,461,-260,928,842,784,1576,877,1697,10
479485,1,4226,-4099,-1167,49,-591,42,1913,460,-257,925,843,785,1576,877,1698,10
479485,1,4225,-4104,-1169,50,-592,41,1911,459,-258,927,842,785,1579,875,1697,9
479485,1,4226,-4104,-1171,51,-591,41,1912,460,-256,927,842,787,1577,877,1698,10
479485,0,4226,-4104,-1171,51,-591,41,1912,460,-256,927,842,787,1577,877,1698,10
479485,1,4228,-4100,-1169,51,-591,42,1914,460,-258,927,840,788,1579,876,1699,10
479485,1,4224,-4100,-1171,50,-593,40,1913,459,-257,927,843,788,1579,875,1697,11
479485,1,4226,-4099,-1171,51,-595,41,1913,460,-255,929,842,785,1579,875,1698,9
479485,1,4227,-4101,-1170,51,-592,42,1914,459,-258,930,841,786,1575,876,1696,11
479485,0,4227,-4101,-1170,51,-592,42,1914,459,-258,930,841,786,1575,876,1696,11
479485,1,4227,-4098,-1168,51,-588,39,1913,460,-256,927,838,787,1576,875,1697,11
479485,1,4228,-4100,-1169,52,-593,38,1912,457,-255,927,841,790,1577,879,1696,12
479485,1,4228,-4102,-1170,52,-593,40,1914,456,-258,929,841,787,1578,875,1696,6
479485,1,4227,-4098,-1169,52,-591,39,1912,458,-257,927,841,786,1577,877,1697,9
479485,0,4227,-4098,-1169,52,-591,39,1912,458,-257,927,841,786,1577,877,1697,9
479485,1,4226,-4103,-1169,52,-593,37,1914,459,-257,930,842,786,1575,874,1697,11
479485,1,4225,-4104,-1170,49,-593,40,1913,459,-257,930,842,789,1576,877,1697,9
479485,1,4226,-4103,-1170,51,-590,37,1914,460,-258,928,841,787,1577,874,1697,10
479485,1,4225,-4102,-1169,49,-591,40,1912,460,-257,930,843,784,1574,877,1697,11
479485,0,4225,-4102,-1169,49,-591,40,1912,460,-257,930,843,784,1574,877,1697,11
479485,1,4227,-4102,-1171,51,-593,38,1912,458,-256,930,840,787,1576,877,1697,8
479485,1,4227,-4101,-1170,50,-592,38,1913,460,-255,929,844,786,1577,876,1698,10
479485,1,4226,-4102,-1169,50,-590,40,1911,456,-259,928,839,787,1577,878,1699,10
479485,1,4226,-4100,-1169,53,-593,39,1914,456,-257,927,839,785,1576,875,1696,12
479485,0,4226,-4100,-1169,53,-593,39,1914,456,-257,927,839,785,1576,875,1696,12
479485,1,4226,-4104,-1170,51,-590,40,1911,460,-255,927,843,787,1576,877,1700,9
479485,1,4227,-4100,-1172,51,-591,40,1911,460,-256,929,841,787,1577,877,1696,10
479485,1,4230,-4100,-1169,49,-591,40,1912,458,-256,926,843,787,1578,878,1696,11
479485,1,4230,-4100,-1168,51,-593,38,1913,460,-254,928,841,786,1573,879,1695,10
479485,0,4230,-4100,-1168,51,-593,38,1913,460,-254,928,841,786,1573,879,1695,10
479485,1,4229,-4100,-1171,52,-591,41,1913,459,-255,926,842,788,1579,876,1698,9
479485,1,4228,-4102,-1169,52,-591,41,1913,460,-253,930,843,786,1576,876,1696,9
479485,1,4230,-4100,-1168,50,-592,39,1914,459,-254,928,844,787,1579,875,1697,11
479485,1,4231,-4098,-1170,53,-591,40,1914,459,-254,928,842,787,1576,877,1698,11
479485,0,4231,-4098,-1170,53,-591,40,1914,459,-254,928,842,787,1576,877,1698,11
479485,1,4231,-4103,-1169,51,-592,39,1915,459,-251,929,842,784,1577,875,1695,8
479485,1,4233,-4103,-1170,49,-592,39,1911,460,-251,930,842,785,1577,874,1697,11
479485,1,4235,-4100,-1171,50,-591,40,1913,459,-251,929,842,787,1578,877,1699,12
479485,1,4235,-4102,-1170,50,-591,40,1914,459,-248,926,844,787,1578,877,1697,7
479485,0,4235,-4102,-1170,50,-591,40,1914,459,-248,926,844,787,1578,877,1697,7
479485,1,4235,-4102,-1169,51,-588,39,1913,459,-249,928,841,787,1579,875,1696,10
479485,1,4236,-4103,-1169,50,-591,43,1913,458,-245,929,843,790,1580,878,1694,13
479485,1,4237,-4100,-1166,53,-591,38,1915,460,-245,929,841,786,1579,877,1696,9
479485,1,4239,-4100,-1169,50,-589,42,1911,459,-241,928,842,784,1578,873,1697,11
479485,0,4239,-4100,-1169,50,-589,42,1911,459,-241,928,842,784,1578,873,1697,11
479485,1,4242,-4100,-1170,50,-591,39,1912,460,-241,928,841,786,1576,877,1697,11
479485,1,4241,-4103,-1169,50,-589,40,1913,459,-241,926,844,787,1578,875,1698,10
479485,1,4242,-4100,-1170,55,-590,40,1911,461,-238,927,840,785,1577,878,1697,10
479485,1,4243,-4100,-1171,52,-590,41,1913,461,-239,927,844,788,1578,878,1697,12
479485,0,4243,-4100,-1171,52,-590,41,1913,461,-239,927,844,788,1578,878,1697,12
479486,1,4243,-4101,-1169,53,-588,40,1915,461,-236,928,844,785,1579,877,1696,8
479486,1,4244,-4102,-1168,51,-589,39,1911,457,-233,925,842,787,1579,876,1696,9
479486,1,4243,-4101,-1167,51,-588,39,1911,460,-235,927,842,786,1577,879,1697,12
479486,1,4244,-4101,-1168,52,-588,40,1914,461,-237,926,841,787,1577,875,1698,10
479486,1,4246,-4100,-1170,51,-588,37,1912,459,-232,930,841,786,1579,878,1698,9
479486,0,4246,-4100,-1170,51,-588,37,1912,459,-232,930,841,786,1579,878,1698,9
479486,1,4247,-4102,-1170,52,-587,40,1914,460,-234,929,841,785,1579,877,1695,11
479486,1,4244,-4101,-1171,52,-587,38,1912,461,-232,927,843,788,1579,878,1696,11
479486,1,4246,-4099,-1172,51,-585,41,1913,458,-232,927,842,788,1581,875,1696,11
479486,1,4245,-4099,-1169,51,-587,40,1911,460,-231,930,843,786,1585,878,1696,8
479486,0,4245,-4099,-1169,51,-587,40,1911,460,-231,930,843,786,1585,878,1696,8
479486,1,4246,-4100,-1169,54,-586,40,1914,459,-231,928,840,787,1584,877,1699,9
479486,1,4247,-4099,-1170,48,-584,42,1913,461,-230,930,843,785,1584,877,1697,8
479486,1,4246,-4102,-1166,50,-589,42,1912,460,-228,929,843,788,1583,878,1700,8
479486,1,4246,-4101,-1170,53,-587,39,1914,460,-227,929,844,787,1584,874,1698,10
479486,0,4246,-4101,-1170,53,-587,39,1914,460,-227,929,844,787,1584,874,1698,10
479486,1,4249,-4100,-1169,52,-586,40,1912,458,-226,931,843,788,1582,876,1697,10
479486,1,4246,-4103,-1172,53,-585,42,1913,457,-225,929,843,788,1585,876,1695,8
479486,1,4250,-4101,-1171,51,-586,43,1915,459,-228,928,841,787,1581,876,1697,10
479486,1,4247,-4099,-1170,50,-583,40,1914,460,-226,929,842,786,1584,876,1697,10
479486,0,4247,-4099,-1170,50,-583,40,1914,460,-226,929,842,786,1584,876,1697,10
479486,1,4249,-4101,-1169,52,-583,40,1913,460,-225,929,841,787,1585,876,1697,11
479486,1,4249,-4100,-1170,50,-586,42,1913,458,-222,926,844,789,1590,877,1697,14
479486,1,4248,-4102,-1166,51,-586,42,1913,459,-225,927,839,788,1590,878,1697,10
479486,1,4249,-4099,-1170,50,-584,41,1913,459,-224,929,843,788,1589,877,1697,10
479486,0,4249,-4099,-1170,50,-584,41,1913,459,-224,929,843,788,1589,877,1697,10
479486,1,4248,-4103,-1169,50,-586,40,1914,459,-223,927,841,788,1592,875,1695,12
479486,1,4250,-4100,-1169,51,-584,39,1912,459,-223,929,841,788,1589,878,1694,11
479486,1,4249,-4102,-1172,51,-582,40,1912,460,-224,927,844,785,1593,878,1696,8
479486,1,4246,-4098,-1170,50,-583,39,1913,459,-221,929,841,786,1595,876,1696,11
479486,0,4246,-4098,-1170,50,-583,39,1913,459,-221,929,841,786,1595,876,1696,11
479486,1,4248,-4102,-1169,51,-583,40,1913,458,-222,930,843,786,1594,878,1698,10
479486,1,4250,-4101,-1171,51,-582,43,1915,463,-223,926,843,786,1593,878,1697,9
479486,1,4248,-4103,-1171,52,-583,40,1913,461,-224,927,841,787,1593,875,1697,10
479486,1,4251,-4101,-1170,50,-583,41,1914,460,-222,928,842,784,1596,878,1696,12
479486,0,4251,-4101,-1170,50,-583,41,1914,460,-222,928,842,784,1596,878,1696,12
479486,1,4251,-4102,-1169,51,-583,40,1912,460,-224,927,842,787,1599,877,1697,11
479486,1,4251,-4102,-1170,51,-581,38,1915,460,-220,929,843,786,1597,876,1695,11
479486,1,4251,-4101,-1169,52,-582,40,1913,460,-222,929,842,787,1599,878,1697,9
479486,1,4251,-4101,-1170,52,-582,42,1913,458,-222,929,841,786,1598,878,1699,10
479486,0,4251,-4101,-1170,52,-582,42,1913,458,-222,929,841,786,1598,878,1699,10
479486,1,4251,-4101,-1172,51,-585,40,1913,459,-218,929,841,787,1600,877,1697,12
479486,1,4250,-4100,-1169,50,-583,40,1912,459,-221,931,843,785,1602,877,1697,10
479486,1,4250,-4101,-1168,52,-581,41,1912,460,-220,926,842,788,1602,879,1698,10
479486,1,4251,-4100,-1171,50,-583,40,1913,460,-219,931,842,787,1602,876,1699,11
479486,0,4251,-4100,-1171,50,-583,40,1913,460,-219,931,842,787,1602,876,1699,11
479486,1,4251,-4101,-1170,53,-584,42,1912,460,-220,930,842,786,1605,877,1699,8
479486,1,4250,-4102,-1168,51,-580,41,1914,460,-221,927,844,787,1604,875,1695,11
479486,1,4249,-4099,-1168,52,-580,36,1911,457,-219,931,842,786,1604,876,1697,10
479486,1,4252,-4099,-1170,51,-582,39,1912,461,-219,929,843,788,1606,876,1697,10
479486,0,4252,-4099,-1170,51,-582,39,1912,461,-219,929,843,788,1606,876,1697,10
479486,1,4251,-4103,-1168,50,-580,42,1913,460,-220,928,843,786,1602,877,1695,10
479486,1,4250,-4102,-1169,53,-581,42,1912,460,-218,930,842,785,1606,876,1697,10
479486,1,4251,-4100,-1169,51,-581,39,1912,458,-219,931,842,786,1605,877,1696,10
479486,1,4251,-4102,-1169,50,-578,40,1915,460,-218,930,844,786,1606,878,1695,9
479486,0,4251,-4102,-1169,50,-578,40,1915,460,-218,930,844,786,1606,878,1695,9
479486,1,4250,-4101,-1170,52,-580,38,1910,458,-219,927,842,786,1604,875,1695,13
479486,1,4252,-4101,-1169,51,-580,40,1913,459,-218,929,842,787,1606,875,1697,8
479486,1,4252,-4103,-1169,53,-580,44,1913,460,-220,929,841,787,1607,875,1697,11
479486,1,4251,-4103,-1169,50,-579,43,1914,461,-219,929,842,788,1608,875,1695,11
479486,0,4251,-4103,-1169,50,-579,43,1914,461,-219,929,842,788,1608,875,1695,11
479486,1,4252,-4100,-1170,51,-581,41,1914,460,-218,929,840,786,1604,876,1697,12
479486,1,4252,-4101,-1169,54,-576,41,1913,460,-218,930,842,788,1606,874,1699,10
479486,1,4251,-4102,-1171,47,-577,40,1913,460,-218,926,841,786,1606,875,1697,10
479486,1,4251,-4103,-1171,52,-578,40,1914,460,-217,930,843,788,1607,876,1696,12
479486,0,4251,-4103,-1171,52,-578,40,1914,460,-217,930,843,788,1607,876,1696,12
479486,1,4252,-4100,-1169,51,-576,41,1912,461,-217,929,843,788,1605,880,1696,9
479486,1,4253,-4100,-1170,51,-578,37,1912,458,-216,928,841,788,1607,876,1698,9
479486,1,4251,-4101,-1170,52,-577,38,1910,459,-220,929,843,787,1608,876,1697,11
479486,1,4251,-4101,-1170,51,-577,43,1911,459,-218,930,844,787,1608,877,1697,9
479486,1,4253,-4102,-1172,53,-580,42,1910,461,-217,929,841,788,1608,876,1699,10
479486,0,4253,-4102,-1172,53,-580,42,1910,461,-217,929,841,788,1608,876,1699,10
479486,1,4250,-4102,-1170,53,-577,43,1913,460,-218,930,842,784,1609,878,1697,11
479486,1,4250,-4101,-1169,53,-575,40,1913,460,-217,930,841,788,1610,874,1695,11
479486,1,4250,-4102,-1169,50,-575,40,1914,460,-218,929,842,787,1607,876,1698,10
479486,1,4251,-4100,-1168,53,-578,41,1914,460,-218,928,841,788,1610,875,1697,9
479486,0,4251,-4100,-1168,53,-578,41,1914,460,-218,928,841,788,1610,875,1697,9
479486,1,4252,-4102,-1169,52,-578,39,1914,460,-219,927,843,786,1609,878,1696,11
479486,1,4251,-4102,-1169,52,-578,43,1912,460,-217,929,842,787,1608,876,1697,9
479486,1,4250,-4103,-1170,50,-577,40,1912,460,-216,930,839,789,1608,877,1698,10
479486,1,4255,-4101,-1169,52,-580,40,1911,458,-216,929,841,785,1609,874,1697,11
479486,0,4255,-4101,-1169,52,-580,40,1911,458,-216,929,841,785,1609,874,1697,11
479486,1,4251,-4100,-1170,50,-576,44,1913,461,-215,930,842,788,1608,876,1696,10
479486,1,4251,-4100,-1171,53,-576,42,1912,461,-215,928,839,788,1608,878,1694,10
479486,1,4252,-4104,-1170,50,-577,42,1915,461,-217,927,840,788,1607,877,1697,11
479486,1,4251,-4101,-1172,51,-576,40,1911,459,-215,930,839,787,1611,875,1695,10
479486,0,4251,-4101,-1172,51,-576,40,1911,459,-215,930,839,787,1611,875,1695,10
479486,1,4253,-4103,-1168,51,-577,42,1914,459,-217,930,838,788,1607,877,1696,11
479486,1,4251,-4104,-1171,49,-579,41,1911,458,-218,929,842,788,1610,875,1695,9
479486,1,4254,-4102,-1168,52,-577,43,1913,459,-217,929,842,786,1611,876,1696,11
479486,1,4255,-4104,-1171,51,-578,39,1911,459,-215,929,842,788,1610,877,1696,9
479486,0,4255,-4104,-1171,51,-578,39,1911,459,-215,929,842,788,1610,877,1696,9
479486,1,4251,-4101,-1171,52,-577,39,1915,461,-216,929,839,785,1609,876,1697,11
479486,1,4253,-4100,-1170,50,-577,41,1913,460,-216,930,842,788,1613,878,1696,9
479486,1,4251,-4103,-1169,51,-576,42,1913,458,-217,930,846,785,1610,876,1697,12
479486,1,4251,-4102,-1169,52,-578,40,1913,460,-217,930,841,788,1611,876,1698,13
479486,0,4251,-4102,-1169,52,-578,40,1913,460,-217,930,841,788,1611,876,1698,13
479486,1,4252,-4102,-1170,51,-576,39,1912,460,-217,927,843,785,1613,877,1696,10
479486,1,4252,-4102,-1170,50,-579,40,1911,460,-218,929,842,788,1612,877,1694,11
479486,1,4253,-4102,-1168,52,-576,40,1913,459,-216,931,844,787,1611,877,1698,13
479486,1,4253,-4101,-1169,53,-578,39,1912,460,-216,931,843,788,1613,877,1698,10
479486,0,4253,-4101,-1169,53,-578,39,1912,460,-216,931,843,788,1613,877,1698,10
479486,1,4252,-4101,-1169,51,-577,41,1913,460,-215,927,841,786,1614,877,1697,11
479486,1,4252,-4102,-1169,53,-577,43,1913,462,-214,930,842,786,1613,876,1695,11
479486,1,4254,-4100,-1169,52,-577,43,1917,458,-217,929,841,788,1611,877,1697,9
479486,1,4253,-4100,-1171,48,-575,40,1914,459,-217,931,845,787,1613,877,1697,11
479486,0,4253,-4100,-1171,48,-575,40,1914,459,-217,931,845,787,1613,877,1697,11
479486,1,4252,-4100,-1171,53,-576,39,1913,460,-218,929,846,787,1613,876,1696,12
479486,1,4252,-4103,-1169,52,-576,40,1911,461,-214,930,842,788,1614,877,1698,8
479486,1,4253,-4100,-1171,51,-577,42,1913,460,-216,930,842,786,1613,877,1698,11
479486,1,4254,-4103,-1169,49,-578,40,1912,459,-216,928,842,788,1613,873,1697,10
479486,0,4254,-4103,-1169,49,-578,40,1912,459,-216,928,842,788,1613,873,1697,10
479486,1,4251,-4100,-1168,51,-578,42,1912,459,-216,931,842,787,1612,874,1697,12
479486,1,4252,-4100,-1170,51,-577,42,1913,460,-216,928,841,786,1614,876,1696,10
479486,1,4252,-4102,-1172,53,-578,39,1912,459,-217,929,842,786,1616,875,1697,10
479486,1,4253,-4102,-1169,53,-577,40,1912,462,-214,930,843,786,1611,876,1697,10
479486,0,4253,-4102,-1169,53,-577,40,1912,462,-214,930,843,786,1611,876,1697,10
479486,1,4253,-4104,-1168,52,-577,39,1910,459,-215,931,841,784,1614,877,1698,8
479486,1,4253,-4101,-1170,52,-580,42,1914,460,-216,929,842,785,1615,876,1697,11
479486,1,4253,-4100,-1171,52,-577,41,1911,459,-215,931,841,785,1615,878,1697,9
479486,1,4252,-4100,-1170,51,-578,40,1913,462,-213,930,842,787,1612,878,1697,10
479486,0,4252,-4100,-1170,51,-578,40,1913,462,-213,930,842,787,1612,878,1697,10
479486,1,4251,-4102,-1171,50,-578,41,1913,460,-216,929,842,787,1615,877,1696,9
479486,1,4251,-4103,-1171,51,-575,41,1912,457,-216,930,841,786,1613,874,1697,10
479486,1,4251,-4101,-1169,50,-578,42,1912,459,-213,928,841,788,1616,877,1697,9
479486,1,4252,-4099,-1171,51,-577,41,1914,458,-214,930,841,787,1616,876,1696,7
479486,0,4252,-4099,-1171,51,-577,41,1914,458,-214,930,841,787,1616,876,1696,7
479486,1,4254,-4101,-1171,50,-577,42,1915,460,-213,930,843,787,1618,878,1695,9
479486,1,4251,-4100,-1169,50,-577,41,1914,460,-216,931,841,786,1615,874,1695,8
479486,1,4253,-4103,-1170,53,-578,43,1913,459,-216,931,845,785,1617,877,1695,10
479486,1,4253,-4102,-1170,53,-576,42,1913,459,-214,931,843,788,1616,876,1697,12
479486,0,4253,-4102,-1170,53,-576,42,1913,459,-214,931,843,788,1616,876,1697,12
479486,1,4252,-4102,-1168,51,-577,40,1913,460,-214,932,840,787,1615,876,1696,9
479486,1,4252,-4103,-1170,51,-578,38,1913,460,-212,931,842,785,1619,876,1695,10
479486,1,4254,-4100,-1169,51,-576,41,1912,464,-216,930,842,787,1620,876,1698,12
479486,1,4253,-4100,-1169,49,-576,39,1911,461,-213,929,841,789,1618,873,1697,11
479486,0,4253,-4100,-1169,49,-576,39,1911,461,-213,929,841,789,1618,873,1697,11
479486,1,4253,-4102,-1170,50,-578,41,1916,461,-214,930,839,787,1617,876,1698,12
479486,1,4252,-4098,-1169,53,-578,40,1913,460,-214,928,843,787,1619,876,1697,9
479486,1,4252,-4103,-1170,50,-576,40,1911,458,-216,930,844,787,1618,875,1696,8
479486,1,4251,-4100,-1169,52,-576,39,1914,463,-216,931,840,786,1617,878,1697,10
479486,1,4253,-4099,-1170,52,-576,43,1915,460,-213,931,844,789,1618,878,1698,11
479486,0,4253,-4099,-1170,52,-576,43,1915,460,-213,931,844,789,1618,878,1698,11
479486,1,4253,-4102,-1171,51,-578,39,1915,460,-212,930,842,786,1618,875,1698,10
479486,1,4254,-4101,-1170,53,-576,41,1912,459,-213,928,842,787,1619,876,1697,11
479486,1,4254,-4102,-1171,52,-579,40,1912,460,-212,930,846,787,1620,875,1694,12
479486,1,4253,-4101,-1170,50,-577,41,1914,460,-212,931,843,787,1623,877,1698,10
479486,0,4253,-4101,-1170,50,-577,41,1914,460,-212,931,843,787,1623,877,1698,10
479486,1,4254,-4102,-1170,50,-577,42,1911,461,-213,932,840,788,1619,876,1695,11
479486,1,4253,-4100,-1168,52,-579,39,1912,460,-214,929,843,787,1620,875,1697,10
479486,1,4253,-4100,-1171,50,-577,40,1914,459,-212,933,842,785,1620,876,1698,8
479486,1,4250,-4102,-1167,50,-577,39,1910,460,-214,930,842,788,1622,876,1696,9
479486,0,4250,-4102,-1167,50,-577,39,1910,460,-214,930,842,788,1622,876,1696,9
479486,1,4254,-4100,-1170,52,-578,40,1912,458,-213,932,846,787,1616,876,1699,9
479486,1,4251,-4099,-1170,49,-577,43,1912,461,-213,932,844,786,1619,876,1697,9
479486,1,4252,-4102,-1169,51,-577,42,1915,460,-212,930,842,786,1618,875,1695,13
479486,1,4254,-4099,-1170,52,-575,43,1912,457,-212,930,843,788,1622,875,1698,9
479486,0,4254,-4099,-1170,52,-575,43,1912,457,-212,930,843,788,1622,875,1698,9
479486,1,4254,-4101,-1170,52,-578,42,1912,456,-214,930,843,789,1620,877,1698,10
479486,1,4253,-4101,-1171,52,-576,39,1913,462,-214,930,843,787,1622,875,1696,9
479486,1,4253,-4102,-1169,51,-578,40,1913,460,-215,932,843,788,1624,875,1697,11
479486,1,4252,-4102,-1168,51,-576,42,1913,462,-211,934,844,788,1624,877,1697,11
479486,0,4252,-4102,-1168,51,-576,42,1913,462,-211,934,844,788,1624,877,1697,11
479486,1,4252,-4101,-1172,52,-577,42,1915,459,-212,930,842,784,1621,876,1696,10
479486,1,4254,-4102,-1168,52,-578,42,1914,460,-213,931,842,789,1623,877,1697,10
479486,1,4253,-4102,-1169,52,-577,40,1913,459,-214,929,841,786,1620,877,1697,10
479486,1,4253,-4099,-1172,51,-577,41,1911,460,-214,932,842,786,1623,875,1697,11
479486,0,4253,-4099,-1172,51,-577,41,1911,460,-214,932,842,786,1623,875,1697,11
479486,1,4251,-4102,-1169,52,-579,40,1911,460,-214,930,843,788,1623,876,1697,8
479486,1,4255,-4102,-1169,53,-579,40,1913,460,-212,931,844,790,1623,876,1697,12
479486,1,4255,-4100,-1170,52,-576,37,1913,457,-213,932,843,788,1620,878,1699,10
479486,1,4256,-4101,-1171,52,-576,40,1912,461,-215,933,842,785,1622,877,1698,8
479486,0,4256,-4101,-1171,52,-576,40,1912,461,-215,933,842,785,1622,877,1698,8
479486,1,4253,-4102,-1169,49,-578,41,1912,460,-211,931,845,787,1623,876,1696,9
479486,1,4252,-4100,-1170,52,-577,39,1911,460,-211,932,842,786,1621,877,1698,12
479486,1,4254,-4099,-1169,49,-578,41,1912,458,-212,931,844,784,1626,876,1697,11
479486,1,4254,-4102,-1168,51,-576,42,1912,460,-211,931,841,787,1625,877,1697,10
479486,0,4254,-4102,-1168,51,-576,42,1912,460,-211,931,841,787,1625,877,1697,10
479486,1,4253,-4101,-1169,50,-577,40,1914,459,-212,931,843,788,1625,879,1696,9
479486,1,4254,-4101,-1168,50,-575,42,1911,460,-213,931,843,786,1626,876,1697,11
479486,1,4254,-4102,-1170,51,-577,37,1911,460,-209,933,843,789,1628,876,1696,12
479486,1,4253,-4102,-1171,50,-576,41,1911,460,-213,930,842,787,1626,875,1696,9
479486,0,4253,-4102,-1171,50,-576,41,1911,460,-213,930,842,787,1626,875,1696,9
479486,1,4254,-4100,-1169,51,-577,42,1911,458,-210,931,845,786,1624,876,1697,9
479486,1,4254,-4102,-1171,53,-576,42,1912,461,-211,931,843,787,1624,877,1698,10
479486,1,4252,-4100,-1171,50,-577,40,1911,460,-215,930,843,788,1624,877,1700,12
479486,1,4253,-4100,-1169,50,-577,42,1914,464,-212,931,842,784,1625,878,1696,7
479486,0,4253,-4100,-1169,50,-577,42,1914,464,-212,931,842,784,1625,878,1696,7
479486,1,4253,-4103,-1169,51,-577,41,1913,462,-213,931,844,788,1626,877,1697,11
479486,1,4255,-4100,-1167,50,-576,41,1914,461,-213,931,843,786,1627,876,1696,11
479486,1,4254,-4103,-1170,50,-577,42,1914,462,-211,931,842,788,1627,877,1696,9
479486,1,4253,-4101,-1167,52,-580,41,1913,457,-210,930,843,788,1626,876,1697,9
479486,0,4253,-4101,-1167,52,-580,41,1913,457,-210,930,843,788,1626,876,1697,9
479486,1,4253,-4099,-1169,50,-577,41,1913,460,-213,933,843,785,1625,876,1697,12
479486,1,4252,-4099,-1170,51,-577,41,1913,463,-211,931,843,789,1629,875,1700,11
479486,1,4254,-4099,-1169,48,-576,42,1912,459,-211,934,841,786,1627,878,1696,10
479486,1,4251,-4102,-1168,53,-577,41,1915,459,-211,932,843,788,1625,878,1697,10
479486,0,4251,-4102,-1168,53,-577,41,1915,459,-211,932,843,788,1625,878,1697,10
479486,1,4254,-4101,-1169,54,-575,42,1913,462,-213,933,842,787,1623,877,1697,11
479486,1,4254,-4101,-1172,53,-577,41,1911,460,-215,931,843,786,1626,876,1697,12
479487,1,4254,-4102,-1168,52,-574,42,1911,462,-212,931,844,786,1625,877,1695,10
479487,1,4253,-4104,-1167,52,-576,41,1914,460,-213,931,841,784,1628,878,1697,10
479487,0,4253,-4104,-1167,52,-576,41,1914,460,-213,931,841,784,1628,878,1697,10
479487,1,4254,-4104,-1169,51,-578,42,1914,461,-209,931,843,786,1631,878,1697,10
479487,1,4253,-4101,-1169,51,-578,42,1911,462,-211,933,843,786,1628,876,1697,10
479487,1,4255,-4101,-1168,49,-578,41,1912,460,-211,931,845,784,1629,876,1698,10
479487,1,4252,-4102,-1169,49,-578,42,1910,459,-213,932,842,784,1629,876,1697,9
479487,0,4252,-4102,-1169,49,-578,42,1910,459,-213,932,842,784,1629,876,1697,9
479487,1,4253,-4100,-1169,51,-577,39,1912,461,-212,932,843,788,1628,873,1698,12
479487,1,4253,-4103,-1167,52,-577,43,1913,459,-211,932,843,787,1630,878,1697,11
479487,1,4251,-4101,-1170,49,-577,42,1913,460,-209,932,842,788,1628,877,1696,12
479487,1,4253,-4100,-1170,53,-576,41,1914,460,-211,931,841,786,1632,878,1696,12
479487,1,4254,-4100,-1170,52,-577,39,1914,461,-211,932,842,786,1628,874,1697,11
479487,0,4254,-4100,-1170,52,-577,39,1914,461,-211,932,842,786,1628,874,1697,11
479487,1,4253,-4101,-1171,53,-577,39,1911,460,-213,932,843,788,1629,876,1697,11
479487,1,4254,-4101,-1169,53,-576,40,1913,459,-211,932,842,787,1629,877,1696,11
479487,1,4254,-4100,-1168,50,-576,43,1912,463,-209,930,841,784,1628,875,1698,10
479487,1,4255,-4100,-1169,51,-578,39,1913,460,-215,931,841,789,1629,875,1697,12
479487,0,4255,-4100,-1169,51,-578,39,1913,460,-215,931,841,789,1629,875,1697,12
479487,1,4254,-4099,-1167,49,-576,41,1913,461,-211,933,845,786,1629,878,1697,9
479487,1,4254,-4101,-1168,50,-577,43,1911,459,-210,933,843,786,1629,878,1699,10
479487,1,4255,-4103,-1166,52,-577,44,1913,460,-211,931,845,788,1630,876,1696,9
479487,1,4252,-4104,-1171,51,-576,40,1911,459,-209,932,841,788,1630,875,1695,11
479487,0,4252,-4104,-1171,51,-576,40,1911,459,-209,932,841,788,1630,875,1695,11
479487,1,4255,-4101,-1170,51,-575,40,1914,459,-210,933,846,788,1629,877,1697,8
479487,1,4253,-4103,-1168,50,-576,39,1912,460,-210,931,845,785,1631,875,1696,8
479487,1,4253,-4101,-1169,50,-576,42,1913,459,-208,931,841,786,1628,875,1697,10
479487,1,4255,-4101,-1168,52,-577,40,1912,458,-212,931,843,787,1630,875,1698,11
479487,0,4255,-4101,-1168,52,-577,40,1912,458,-212,931,843,787,1630,875,1698,11
479487,1,4254,-4105,-1170,51,-577,42,1914,461,-208,929,843,787,1632,875,1696,9
479487,1,4254,-4101,-1169,52,-580,40,1911,460,-210,930,844,789,1630,877,1698,9
479487,1,4253,-4102,-1170,49,-575,41,1914,462,-208,932,843,786,1632,877,1697,11
479487,1,4252,-4102,-1168,52,-577,43,1911,459,-211,932,843,787,1631,875,1695,12
479487,0,4252,-4102,-1168,52,-577,43,1911,459,-211,932,843,787,1631,875,1695,12
479487,1,4253,-4101,-1170,49,-577,38,1913,460,-209,932,841,788,1632,874,1697,10
479487,1,4255,-4102,-1168,52,-576,41,1912,460,-210,932,844,788,1633,876,1697,12
479487,1,4255,-4103,-1171,49,-577,43,1912,460,-211,933,843,788,1633,879,1696,9
479487,1,4255,-4102,-1171,51,-575,41,1913,461,-210,930,845,789,1632,878,1697,11
479487,0,4255,-4102,-1171,51,-575,41,1913,461,-210,930,845,789,1632,878,1697,11
479487,1,4254,-4099,-1168,51,-577,41,1911,460,-209,932,843,788,1634,877,1697,9
479487,1,4253,-4102,-1169,52,-576,43,1912,459,-212,933,844,787,1630,877,1696,11
479487,1,4254,-4102,-1169,52,-577,42,1913,461,-209,931,843,786,1631,877,1698,10
479487,1,4254,-4103,-1168,48,-575,40,1913,459,-211,933,842,789,1630,880,1695,9
479487,0,4254,-4103,-1168,48,-575,40,1913,459,-211,933,842,789,1630,880,1695,9
479487,1,4254,-4101,-1170,50,-577,39,1914,458,-211,934,846,789,1632,877,1697,7
479487,1,4252,-4100,-1171,52,-577,42,1912,459,-208,933,843,786,1629,877,1697,10
479487,1,4253,-4104,-1169,51,-577,42,1915,459,-210,931,844,785,1634,876,1697,11
479487,1,4253,-4101,-1168,52,-575,42,1911,460,-210,932,841,788,1634,874,1698,11
479487,0,4253,-4101,-1168,52,-575,42,1911,460,-210,932,841,788,1634,874,1698,11
479487,1,4253,-4100,-1169,51,-578,41,1912,461,-212,934,845,786,1631,877,1697,11
479487,1,4254,-4098,-1169,51,-577,42,1913,461,-210,932,842,786,1634,877,1695,7
479487,1,4255,-4105,-1168,52,-575,43,1911,462,-208,932,844,788,1635,876,1695,10
479487,1,4255,-4100,-1170,51,-577,43,1911,459,-209,932,842,787,1632,876,1697,10
479487,0,4255,-4100,-1170,51,-577,43,1911,459,-209,932,842,787,1632,876,1697,10
479487,1,4254,-4100,-1169,51,-577,40,1916,460,-211,933,842,788,1634,876,1696,12
479487,1,4253,-4099,-1170,52,-576,42,1912,459,-209,934,844,789,1633,877,1696,9
479487,1,4253,-4101,-1171,50,-577,42,1913,459,-209,931,843,789,1634,874,1695,12
479487,1,4253,-4099,-1168,51,-576,43,1911,457,-208,932,847,788,1632,876,1695,11
479487,0,4253,-4099,-1168,51,-576,43,1911,457,-208,932,847,788,1632,876,1695,11
479487,1,4253,-4103,-1170,51,-577,40,1912,459,-209,931,841,785,1634,874,1696,10
479487,1,4255,-4101,-1169,49,-574,41,1915,460,-210,931,845,786,1634,876,1695,11
479487,1,4256,-4102,-1171,50,-578,41,1913,460,-209,930,843,787,1633,879,1698,11
479487,1,4253,-4101,-1167,51,-578,42,1911,461,-209,931,846,785,1634,877,1699,8
479487,0,4253,-4101,-1167,51,-578,42,1911,461,-209,931,846,785,1634,877,1699,8
479487,1,4255,-4103,-1171,50,-578,42,1911,460,-211,934,842,786,1635,876,1698,11
479487,1,4256,-4101,-1169,50,-578,43,1914,460,-210,933,844,786,1635,876,1695,9
479487,1,4254,-4100,-1168,54,-576,39,1912,461,-209,932,843,788,1637,877,1697,12
479487,1,4253,-4101,-1169,53,-577,44,1913,461,-209,932,845,787,1636,876,1698,10
479487,0,4253,-4101,-1169,53,-577,44,1913,461,-209,932,845,787,1636,876,1698,10
479487,1,4254,-4101,-1169,52,-575,41,1912,460,-208,931,844,788,1634,875,1696,9
479487,1,4253,-4103,-1169,51,-577,43,1914,459,-211,932,843,786,1636,878,1698,10
479487,1,4254,-4100,-1170,50,-579,42,1913,459,-209,931,843,787,1634,875,1697,9
479487,1,4253,-4102,-1166,51,-577,42,1915,460,-206,930,842,789,1635,878,1697,10
479487,0,4253,-4102,-1166,51,-577,42,1915,460,-206,930,842,789,1635,878,1697,10
479487,1,4254,-4100,-1169,52,-577,42,1911,460,-209,930,845,787,1632,877,1697,10
479487,1,4256,-4101,-1167,51,-577,42,1913,463,-209,930,843,785,1636,876,1696,8
479487,1,4254,-4101,-1166,52,-577,42,1915,459,-208,932,843,788,1634,875,1695,9
479487,1,4251,-4101,-1170,50,-576,40,1910,461,-210,933,844,787,1635,876,1697,10
479487,1,4255,-4100,-1168,51,-577,41,1914,460,-209,930,846,786,1634,878,1697,10
479487,0,4255,-4100,-1168,51,-577,41,1914,460,-209,930,846,786,1634,878,1697,10
479487,1,4254,-4101,-1170,51,-580,42,1913,462,-211,932,843,787,1636,876,1697,10
479487,1,4252,-4102,-1170,53,-575,42,1913,461,-208,934,842,790,1633,875,1697,11
479487,1,4253,-4101,-1169,50,-577,43,1911,459,-209,932,845,788,1634,877,1694,10
479487,1,4255,-4096,-1167,53,-578,42,1910,458,-212,933,843,785,1634,877,1696,9
479487,0,4255,-4096,-1167,53,-578,42,1910,458,-212,933,843,785,1634,877,1696,9
479487,1,4254,-4100,-1170,51,-577,43,1913,462,-211,931,844,788,1636,875,1696,11
479487,1,4253,-4103,-1171,51,-577,42,1914,460,-208,935,843,786,1635,875,1697,10
479487,1,4254,-4102,-1171,51,-577,42,1911,458,-210,932,845,787,1635,878,1698,9
479487,1,4255,-4098,-1167,51,-577,41,1911,460,-210,933,844,788,1637,875,1699,10
479487,0,4255,-4098,-1167,51,-577,41,1911,460,-210,933,844,788,1637,875,1699,10
479487,1,4255,-4101,-1168,53,-577,43,1912,461,-207,931,843,788,1637,878,1697,9
479487,1,4255,-4101,-1168,50,-577,43,1914,459,-208,931,842,788,1638,877,1697,12
479487,1,4253,-4099,-1168,51,-577,43,1913,460,-207,931,846,789,1635,877,1696,10
479487,1,4254,-4101,-1168,50,-578,42,1913,459,-210,932,844,784,1636,875,1696,11
479487,0,4254,-4101,-1168,50,-578,42,1913,459,-210,932,844,784,1636,875,1696,11
479487,1,4257,-4101,-1169,53,-577,44,1914,461,-207,932,845,786,1637,876,1697,11
479487,1,4255,-4100,-1171,51,-576,42,1914,461,-209,931,843,786,1637,878,1695,11
479487,1,4255,-4102,-1169,51,-577,42,1916,460,-208,933,844,786,1636,877,1696,10
479487,1,4253,-4102,-1167,52,-577,40,1913,462,-209,934,843,787,1636,876,1696,11
479487,0,4253,-4102,-1167,52,-577,40,1913,462,-209,934,843,787,1636,876,1696,11
479487,1,4255,-4101,-1169,51,-579,43,1912,461,-208,931,844,787,1638,876,1697,10
479487,1,4255,-4102,-1167,53,-578,43,1915,461,-210,934,844,786,1637,878,1698,10
479487,1,4254,-4100,-1166,50,-575,44,1912,463,-209,931,844,785,1637,875,1698,12
479487,1,4253,-4101,-1168,52,-575,40,1912,460,-207,933,847,786,1635,877,1697,9
479487,0,4253,-4101,-1168,52,-575,40,1912,460,-207,933,847,786,1635,877,1697,9
479487,1,4254,-4100,-1171,52,-577,43,1912,460,-209,931,841,786,1635,878,1696,11
479487,1,4256,-4101,-1169,50,-576,43,1912,461,-209,933,844,786,1635,875,1697,10
479487,1,4253,-4104,-1169,51,-577,44,1913,459,-208,932,845,787,1638,876,1696,11
479487,1,4252,-4100,-1170,51,-576,43,1915,460,-209,932,842,788,1638,877,1698,11
479487,0,4252,-4100,-1170,51,-576,43,1915,460,-209,932,842,788,1638,877,1698,11
479487,1,4254,-4101,-1169,50,-577,40,1911,460,-208,931,847,787,1637,878,1696,7
479487,1,4254,-4104,-1170,51,-577,42,1913,460,-209,932,844,786,1639,876,1697,9
479487,1,4253,-4102,-1170,52,-576,43,1913,461,-208,932,844,787,1640,876,1697,11
479487,1,4253,-4100,-1169,52,-577,41,1912,457,-210,932,843,786,1637,876,1695,12
479487,0,4253,-4100,-1169,52,-577,41,1912,457,-210,932,843,786,1637,876,1695,12
479487,1,4254,-4104,-1169,49,-575,42,1912,459,-207,931,844,786,1637,877,1696,10
479487,1,4252,-4102,-1170,52,-577,43,1911,456,-208,933,844,788,1635,878,1696,11
479487,1,4256,-4103,-1169,49,-575,42,1911,458,-208,932,844,788,1637,876,1696,7
479487,1,4255,-4100,-1166,51,-580,44,1913,460,-210,935,842,786,1639,877,1697,7
479487,0,4255,-4100,-1166,51,-580,44,1913,460,-210,935,842,786,1639,877,1697,7
479487,1,4255,-4101,-1170,51,-575,45,1914,463,-208,931,846,788,1638,879,1696,9
479487,1,4254,-4100,-1168,53,-577,40,1912,462,-209,932,846,786,1636,876,1696,11
479487,1,4255,-4102,-1169,51,-580,43,1912,462,-208,934,843,790,1640,876,1699,11
479487,1,4256,-4101,-1169,52,-574,42,1911,461,-208,932,845,785,1635,877,1699,12
479487,0,4256,-4101,-1169,52,-574,42,1911,461,-208,932,845,785,1635,877,1699,12
479487,1,4253,-4102,-1168,49,-577,43,1912,461,-206,932,844,788,1638,875,1697,10
479487,1,4254,-4100,-1167,51,-577,42,1913,461,-208,930,844,786,1640,876,1696,9
479487,1,4254,-4100,-1170,49,-577,43,1912,461,-210,932,842,788,1638,877,1695,11
479487,1,4253,-4102,-1168,51,-577,42,1912,460,-207,934,847,785,1639,878,1698,11
479487,0,4253,-4102,-1168,51,-577,42,1912,460,-207,934,847,785,1639,878,1698,11
479487,1,4255,-4100,-1169,51,-575,41,1910,460,-206,932,843,787,1641,875,1697,11
479487,1,4254,-4102,-1168,52,-577,43,1913,461,-206,935,843,788,1639,875,1695,12
479487,1,4256,-4102,-1169,50,-577,43,1914,460,-207,934,842,784,1638,877,1697,9
479487,1,4253,-4102,-1168,53,-575,42,1911,460,-205,933,843,789,1640,875,1697,11
479487,0,4253,-4102,-1168,53,-575,42,1911,460,-205,933,843,789,1640,875,1697,11
479487,1,4254,-4103,-1170,52,-578,40,1911,460,-209,932,844,788,1639,878,1697,11
479487,1,4253,-4100,-1168,50,-577,43,1913,459,-205,933,845,787,1638,874,1699,10
479487,1,4254,-4105,-1170,49,-576,42,1912,460,-208,933,844,788,1642,877,1696,11
479487,1,4254,-4100,-1169,51,-576,44,1912,461,-206,933,845,786,1640,875,1698,9
479487,0,4254,-4100,-1169,51,-576,44,1912,461,-206,933,845,786,1640,875,1698,9
479487,1,4254,-4104,-1169,52,-577,42,1915,459,-208,932,845,786,1638,875,1697,10
479487,1,4254,-4102,-1169,49,-577,43,1916,460,-205,931,844,788,1639,875,1697,9
479487,1,4252,-4100,-1170,51,-577,43,1911,461,-208,934,845,786,1640,878,1695,14
479487,1,4253,-4103,-1169,50,-575,42,1915,460,-207,932,845,788,1636,875,1696,11
479487,0,4253,-4103,-1169,50,-575,42,1915,460,-207,932,845,788,1636,875,1696,11
479487,1,4255,-4102,-1170,52,-576,42,1915,460,-208,935,846,786,1641,877,1695,9
479487,1,4254,-4098,-1169,51,-574,42,1911,460,-204,934,842,787,1640,875,1696,10
479487,1,4253,-4103,-1168,51,-574,43,1914,460,-208,932,847,788,1640,878,1697,9
479487,1,4254,-4102,-1169,54,-576,42,1911,460,-208,931,844,789,1638,877,1698,8
479487,1,4256,-4103,-1170,52,-575,43,1911,461,-205,933,842,789,1638,877,1694,11
479487,0,4256,-4103,-1170,52,-575,43,1911,461,-205,933,842,789,1638,877,1694,11
479487,1,4254,-4101,-1170,51,-575,41,1913,464,-204,934,845,786,1639,877,1697,8
479487,1,4254,-4102,-1168,52,-577,42,1912,461,-207,933,846,787,1639,878,1697,9
479487,1,4254,-4100,-1169,53,-575,41,1913,461,-208,933,841,789,1639,877,1695,11
479487,1,4254,-4101,-1169,52,-574,41,1913,461,-205,934,844,787,1639,876,1697,10
479487,0,4254,-4101,-1169,52,-574,41,1913,461,-205,934,844,787,1639,876,1697,10
479487,1,4254,-4102,-1168,50,-575,43,1915,461,-205,934,844,788,1638,876,1696,8
479487,1,4253,-4103,-1169,53,-576,40,1914,459,-205,934,844,788,1641,877,1699,11
479487,1,4256,-4103,-1170,51,-574,43,1912,461,-205,932,844,787,1641,877,1697,8
479487,1,4254,-4102,-1170,51,-575,41,1913,460,-208,934,845,788,1640,878,1699,11
479487,0,4254,-4102,-1170,51,-575,41,1913,460,-208,934,845,788,1640,878,1699,11
479487,1,4253,-4102,-1168,50,-576,43,1912,459,-204,932,845,787,1641,876,1696,10
479487,1,4254,-4101,-1168,50,-576,43,1915,460,-204,932,843,789,1640,876,1698,10
479487,1,4253,-4100,-1167,50,-573,42,1914,462,-202,934,845,789,1640,876,1696,11
479487,1,4256,-4100,-1169,52,-574,42,1913,459,-204,932,844,788,1639,876,1697,9
479487,0,4256,-4100,-1169,52,-574,42,1913,459,-204,932,844,788,1639,876,1697,9
479487,1,4253,-4100,-1169,53,-574,44,1913,460,-203,934,847,786,1637,878,1697,8
479487,1,4252,-4104,-1168,50,-572,42,1915,460,-204,934,843,787,1641,876,1696,12
479487,1,4254,-4102,-1167,51,-574,38,1911,460,-203,933,845,786,1639,875,1699,10
479487,1,4254,-4101,-1167,51,-575,42,1912,463,-204,932,844,784,1640,877,1698,10
479487,0,4254,-4101,-1167,51,-575,42,1912,463,-204,932,844,784,1640,877,1698,10
479487,1,4255,-4104,-1171,51,-575,40,1914,461,-205,933,844,786,1641,875,1696,13
479487,1,4254,-4100,-1171,50,-575,44,1914,459,-204,932,843,787,1639,875,1698,11
479487,1,4256,-4102,-1167,52,-575,44,1912,462,-204,935,844,787,1642,875,1698,10
479487,1,4255,-4103,-1166,53,-574,43,1914,456,-204,934,844,787,1642,876,1697,11
479487,0,4255,-4103,-1166,53,-574,43,1914,456,-204,934,844,787,1642,876,1697,11
479487,1,4253,-4103,-1167,52,-576,42,1913,461,-201,934,845,785,1643,877,1695,9
479487,1,4253,-4100,-1170,50,-575,42,1914,462,-205,933,845,786,1641,878,1697,10
479487,1,4254,-4099,-1169,52,-574,43,1911,460,-203,932,845,788,1640,876,1700,11
479487,1,4254,-4102,-1169,48,-576,44,1911,461,-202,935,845,785,1641,877,1696,11
479487,0,4254,-4102,-1169,48,-576,44,1911,461,-202,935,845,785,1641,877,1696,11
479487,1,4254,-4101,-1170,50,-575,42,1910,460,-205,931,845,788,1643,877,1696,9
479487,1,4252,-4099,-1171,53,-574,42,1913,463,-203,933,844,788,1641,877,1698,10
479487,1,4252,-4103,-1169,51,-574,43,1911,460,-200,935,844,787,1642,875,1698,10
479487,1,4255,-4102,-1170,51,-574,43,1911,458,-203,934,842,787,1643,877,1696,9
479487,0,4255,-4102,-1170,51,-574,43,1911,458,-203,934,842,787,1643,877,1696,9
479487,1,4254,-4101,-1169,50,-575,45,1913,461,-204,935,846,786,1643,878,1696,12
479487,1,4255,-4100,-1168,51,-574,43,1912,460,-202,933,844,787,1645,876,1698,9
479487,1,4253,-4102,-1170,52,-574,41,1911,460,-204,935,844,788,1641,877,1698,10
479487,1,4254,-4104,-1167,53,-573,44,1912,461,-204,934,847,790,1641,876,1696,9
479487,0,4254,-4104,-1167,53,-573,44,1912,461,-204,934,847,790,1641,876,1696,9
479487,1,4254,-4101,-1169,52,-574,40,1915,460,-203,934,844,787,1644,877,1694,9
479487,1,4253,-4103,-1169,51,-576,44,1913,460,-203,934,843,788,1644,877,1697,11
479487,1,4253,-4103,-1170,51,-575,44,1912,460,-202,936,844,786,1644,877,1696,11
479487,1,4255,-4102,-1170,53,-574,42,1912,460,-200,935,842,785,1646,876,1697,10
479487,0,4255,-4102,-1170,53,-574,42,1912,460,-200,935,842,785,1646,876,1697,10
479487,1,4253,-4103,-1169,50,-575,40,1913,460,-202,934,846,787,1643,879,1696,9
479487,1,4255,-4101,-1169,52,-576,43,1911,460,-202,932,845,788,1644,876,1698,10
479487,1,4254,-4102,-1167,51,-573,42,1912,461,-201,932,842,787,1646,877,1698,11
479487,1,4255,-4103,-1169,52,-575,40,1913,460,-203,932,845,787,1646,875,1698,10
479488,0,4255,-4103,-1169,52,-575,40,1913,460,-203,932,845,787,1646,875,1698,10
479488,1,4254,-4103,-1167,53,-576,43,1913,460,-204,935,846,790,1644,876,1696,11
479488,1,4251,-4100,-1170,52,-575,42,1915,461,-204,935,844,788,1646,876,1698,12
479488,1,4252,-4102,-1170,51,-573,43,1914,461,-205,934,844,788,1643,874,1698,8
479488,1,4254,-4103,-1168,49,-574,43,1912,459,-201,937,846,787,1646,877,1694,9
479488,0,4254,-4103,-1168,49,-574,43,1912,459,-201,937,846,787,1646,877,1694,9
479488,1,4254,-4103,-1170,50,-573,43,1912,458,-203,933,845,786,1646,875,1697,11
479488,1,4252,-4101,-1169,50,-576,41,1910,463,-203,933,844,786,1646,875,1697,9
479488,1,4256,-4104,-1170,52,-576,42,1912,461,-202,934,844,786,1648,877,1696,11
479488,1,4254,-4104,-1170,50,-573,41,1914,462,-203,934,844,787,1645,878,1698,7
479488,0,4254,-4104,-1170,50,-573,41,1914,462,-203,934,844,787,1645,878,1698,7
479488,1,4256,-4103,-1169,52,-574,44,1913,460,-201,935,846,787,1646,875,1697,7
479488,1,4253,-4100,-1166,51,-575,42,1913,459,-200,935,846,785,1646,875,1696,10
479488,1,4251,-4101,-1167,53,-575,44,1912,463,-203,935,845,788,1645,877,1697,11
479488,1,4254,-4104,-1166,50,-573,44,1913,461,-201,933,844,786,1646,876,1697,10
479488,1,4255,-4102,-1169,51,-575,43,1913,460,-202,935,845,788,1647,876,1697,11
479488,0,4255,-4102,-1169,51,-575,43,1913,460,-202,935,845,788,1647,876,1697,11
479488,1,4255,-4103,-1168,52,-575,42,1912,461,-200,934,846,788,1646,876,1695,10
479488,1,4255,-4102,-1166,52,-574,43,1913,460,-201,934,844,788,1646,875,1694,10
479488,1,4255,-4102,-1170,49,-574,44,1912,461,-202,933,844,788,1646,876,1696,10
479488,1,4253,-4102,-1167,50,-575,41,1910,460,-202,936,845,787,1650,878,1698,8
479488,0,4253,-4102,-1167,50,-575,41,1910,460,-202,936,845,787,1650,878,1698,8
479488,1,4256,-4100,-1168,53,-572,42,1915,462,-202,937,844,787,1651,877,1697,9
479488,1,4254,-4100,-1168,51,-575,41,1914,460,-202,937,845,785,1647,877,1695,9
479488,1,4252,-4102,-1170,53,-575,43,1914,462,-199,935,846,787,1646,878,1696,7
479488,1,4253,-4101,-1170,51,-576,41,1915,459,-202,931,843,784,1646,878,1696,11
479488,0,4253,-4101,-1170,51,-576,41,1915,459,-202,931,843,784,1646,878,1696,11
479488,1,4257,-4101,-1170,53,-573,43,1913,460,-201,932,842,786,1648,873,1697,9
479488,1,4256,-4103,-1170,53,-574,41,1912,458,-201,935,845,787,1649,875,1696,11
479488,1,4256,-4104,-1171,53,-574,42,1913,457,-199,935,846,785,1648,875,1697,10
479488,1,4254,-4104,-1168,53,-573,42,1912,461,-199,936,844,788,1648,876,1695,9
479488,0,4254,-4104,-1168,53,-573,42,1912,461,-199,936,844,788,1648,876,1695,9
479488,1,4253,-4100,-1169,53,-574,41,1912,460,-200,935,844,788,1650,875,1696,10
479488,1,4253,-4101,-1169,51,-574,44,1910,463,-200,937,846,788,1648,876,1699,11
479488,1,4255,-4101,-1170,51,-576,40,1911,459,-198,933,845,787,1648,875,1697,11
479488,1,4255,-4105,-1170,53,-576,43,1913,460,-201,934,842,784,1644,876,1697,10
479488,0,4255,-4105,-1170,53,-576,43,1913,460,-201,934,842,784,1644,876,1697,10
479488,1,4254,-4101,-1168,52,-574,40,1914,459,-198,934,843,787,1649,876,1697,9
479488,1,4254,-4102,-1169,51,-571,43,1911,457,-201,935,846,787,1648,874,1697,11
479488,1,4255,-4105,-1171,51,-573,43,1914,463,-199,935,845,786,1647,878,1697,11
479488,1,4254,-4104,-1169,53,-576,43,1912,460,-198,933,843,789,1649,878,1695,11
479488,0,4254,-4104,-1169,53,-576,43,1912,460,-198,933,843,789,1649,878,1695,11
479488,1,4254,-4102,-1170,50,-574,44,1911,460,-199,937,844,789,1647,876,1696,12
479488,1,4256,-4099,-1168,48,-574,43,1913,461,-200,935,845,789,1647,874,1695,9
479488,1,4256,-4103,-1169,51,-574,43,1913,462,-201,933,844,787,1650,875,1698,11
479488,1,4255,-4102,-1169,53,-575,45,1914,459,-200,934,845,786,1648,876,1697,9
479488,0,4255,-4102,-1169,53,-575,45,1914,459,-200,934,845,786,1648,876,1697,9
479488,1,4254,-4102,-1169,51,-575,42,1913,461,-196,933,844,786,1649,875,1698,11
479488,1,4253,-4103,-1169,51,-573,44,1911,460,-198,932,843,785,1650,874,1697,9
479488,1,4255,-4100,-1171,49,-573,42,1916,460,-199,935,844,787,1650,874,1697,12
479488,1,4254,-4105,-1168,51,-574,40,1912,459,-197,935,845,786,1649,876,1697,12
479488,0,4254,-4105,-1168,51,-574,40,1912,459,-197,935,845,786,1649,876,1697,12
479488,1,4254,-4102,-1170,50,-574,40,1912,463,-198,935,846,785,1650,876,1694,12
479488,1,4253,-4104,-1167,51,-572,45,1912,462,-200,935,844,789,1647,876,1697,12
479488,1,4255,-4103,-1169,52,-575,43,1913,460,-198,934,846,786,1649,879,1696,10
479488,1,4253,-4103,-1170,52,-575,44,1915,462,-197,935,846,786,1650,875,1699,10
479488,0,4253,-4103,-1170,52,-575,44,1915,462,-197,935,846,786,1650,875,1699,10
479488,1,4255,-4104,-1170,54,-574,43,1911,460,-195,935,844,788,1653,875,1697,9
479488,1,4255,-4102,-1168,51,-575,42,1912,463,-199,935,845,789,1649,876,1696,7
479488,1,4252,-4102,-1168,50,-572,41,1912,461,-195,935,844,788,1654,876,1696,10
479488,1,4254,-4102,-1170,51,-574,42,1911,458,-196,935,844,788,1653,875,1697,10
479488,0,4254,-4102,-1170,51,-574,42,1911,458,-196,935,844,788,1653,875,1697,10
479488,1,4255,-4105,-1171,51,-574,42,1913,460,-196,933,844,788,1654,879,1695,10
479488,1,4254,-4103,-1168,50,-571,43,1913,462,-198,933,845,786,1653,876,1697,11
479488,1,4252,-4100,-1167,50,-571,43,1913,461,-196,936,845,788,1651,875,1697,10
479488,1,4253,-4102,-1168,52,-573,42,1913,459,-196,936,845,788,1652,876,1697,9
479488,0,4253,-4102,-1168,52,-573,42,1913,459,-196,936,845,788,1652,876,1697,9
479488,1,4255,-4101,-1166,52,-574,43,1915,457,-195,936,843,786,1651,878,1697,7
479488,1,4256,-4101,-1166,52,-573,41,1912,461,-193,934,846,789,1651,876,1698,11
479488,1,4255,-4104,-1169,51,-572,44,1912,462,-196,934,843,788,1656,879,1697,10
479488,1,4255,-4102,-1169,51,-574,44,1914,460,-195,935,842,788,1654,874,1696,8
479488,0,4255,-4102,-1169,51,-574,44,1914,460,-195,935,842,788,1654,874,1696,8
479488,1,4253,-4100,-1171,48,-572,41,1912,460,-194,934,846,786,1654,876,1697,11
479488,1,4255,-4103,-1169,51,-573,43,1913,460,-196,934,847,786,1650,878,1697,10
479488,1,4255,-4102,-1167,48,-575,42,1913,460,-196,932,845,788,1654,876,1696,7
479488,1,4254,-4101,-1169,52,-572,45,1911,462,-194,935,845,787,1652,877,1697,11
479488,0,4254,-4101,-1169,52,-572,45,1911,462,-194,935,845,787,1652,877,1697,11
479488,1,4255,-4102,-1169,51,-572,41,1915,460,-194,936,844,788,1656,876,1697,11
479488,1,4253,-4105,-1167,50,-571,39,1913,460,-194,937,846,788,1654,875,1697,11
479488,1,4253,-4101,-1170,53,-572,42,1913,461,-196,934,845,787,1655,874,1697,9
479488,1,4253,-4104,-1168,53,-572,41,1912,461,-194,935,847,786,1654,878,1696,11
479488,0,4253,-4104,-1168,53,-572,41,1912,461,-194,935,847,786,1654,878,1696,11
479488,1,4255,-4102,-1168,51,-570,40,1912,459,-195,934,845,787,1653,878,1698,10
479488,1,4255,-4100,-1169,53,-573,43,1913,460,-193,938,843,787,1652,875,1697,11
479488,1,4254,-4105,-1167,52,-573,41,1914,461,-193,936,843,787,1654,875,1697,10
479488,1,4255,-4102,-1167,50,-575,44,1911,459,-195,934,844,788,1655,876,1696,11
479488,1,4253,-4102,-1168,51,-571,42,1911,461,-195,934,844,787,1655,878,1695,12
479488,0,4253,-4102,-1168,51,-571,42,1911,461,-195,934,844,787,1655,878,1695,12
479488,1,4254,-4103,-1168,51,-573,42,1913,463,-193,935,842,786,1653,876,1697,7
479488,1,4256,-4101,-1169,52,-572,44,1912,459,-197,931,847,786,1649,877,1695,9
479488,1,4253,-4102,-1170,49,-574,42,1913,459,-198,935,844,789,1650,876,1697,9
479488,1,4253,-4103,-1167,50,-574,42,1912,462,-194,935,845,786,1652,877,1696,10
479488,0,4253,-4103,-1167,50,-574,42,1912,462,-194,935,845,786,1652,877,1696,10
479488,1,4255,-4101,-1166,52,-573,43,1915,459,-197,931,845,787,1649,877,1695,11
479488,1,4254,-4102,-1169,52,-572,42,1915,461,-196,935,843,785,1653,877,1698,12
479488,1,4254,-4103,-1168,55,-572,43,1911,459,-196,932,843,787,1650,876,1696,9
479488,1,4253,-4102,-1171,53,-573,42,1912,457,-196,936,844,787,1649,874,1697,10
479488,0,4253,-4102,-1171,53,-573,42,1912,457,-196,936,844,787,1649,874,1697,10
479488,1,4253,-4101,-1170,50,-573,41,1913,459,-199,934,843,786,1650,876,1698,11
479488,1,4253,-4102,-1166,50,-573,44,1912,460,-198,935,845,788,1646,876,1698,10
479488,1,4253,-4102,-1169,52,-571,41,1912,462,-198,932,843,787,1648,876,1697,10
479488,1,4255,-4102,-1168,51,-574,43,1916,461,-200,932,845,788,1651,875,1696,10
479488,0,4255,-4102,-1168,51,-574,43,1916,461,-200,932,845,788,1651,875,1696,10
479488,1,4252,-4103,-1166,49,-575,42,1915,460,-200,934,845,786,1649,876,1698,10
479488,1,4254,-4101,-1170,49,-571,42,1911,460,-201,935,845,788,1647,876,1698,9
479488,1,4254,-4103,-1170,50,-576,42,1913,460,-197,934,844,787,1646,874,1697,10
479488,1,4255,-4103,-1170,51,-572,42,1912,460,-201,935,844,787,1645,877,1697,11
479488,0,4255,-4103,-1170,51,-572,42,1912,460,-201,935,844,787,1645,877,1697,11
479488,1,4255,-4102,-1167,50,-574,42,1912,461,-199,933,844,788,1645,877,1695,11
479488,1,4253,-4100,-1170,53,-573,43,1914,461,-202,933,847,789,1646,876,1695,13
479488,1,4251,-4101,-1167,53,-568,41,1913,460,-200,932,842,787,1641,877,1697,11
479488,1,4254,-4102,-1167,52,-571,43,1910,459,-204,935,844,788,1642,875,1699,10
479488,0,4254,-4102,-1167,52,-571,43,1910,459,-204,935,844,788,1642,875,1699,10
479488,1,4251,-4099,-1169,52,-570,42,1912,462,-200,935,844,785,1639,877,1697,10
479488,1,4255,-4102,-1169,51,-574,44,1913,460,-202,935,843,788,1640,876,1697,11
479488,1,4255,-4104,-1169,50,-576,42,1914,460,-204,933,845,788,1641,877,1697,11
479488,1,4253,-4102,-1170,51,-570,43,1913,459,-200,933,844,788,1641,874,1698,11
479488,0,4253,-4102,-1170,51,-570,43,1913,459,-200,933,844,788,1641,874,1698,11
479488,1,4253,-4101,-1170,50,-577,43,1913,461,-204,934,843,786,1637,876,1695,10
479488,1,4254,-4102,-1171,51,-576,42,1916,463,-201,934,844,785,1639,876,1698,9
479488,1,4254,-4102,-1170,53,-570,43,1916,460,-204,936,843,786,1637,875,1695,9
479488,1,4254,-4103,-1168,53,-575,43,1908,461,-202,934,846,787,1634,876,1695,8
479488,0,4254,-4103,-1168,53,-575,43,1908,461,-202,934,846,787,1634,876,1695,8
479488,1,4252,-4100,-1170,54,-572,45,1913,462,-205,935,843,788,1634,875,1696,10
479488,1,4252,-4101,-1167,51,-573,43,1911,460,-203,934,846,787,1631,879,1696,11
479488,1,4253,-4102,-1170,51,-577,42,1911,461,-204,934,845,790,1632,877,1697,11
479488,1,4254,-4101,-1169,50,-571,43,1912,460,-205,932,844,787,1630,877,1695,11
479488,0,4254,-4101,-1169,50,-571,43,1912,460,-205,932,844,787,1630,877,1695,11
479488,1,4253,-4103,-1171,49,-576,43,1911,460,-204,933,845,787,1632,876,1694,9
479488,1,4253,-4101,-1169,51,-576,44,1913,463,-204,935,845,787,1632,876,1697,9
479488,1,4253,-4105,-1168,49,-572,42,1912,460,-206,935,847,788,1626,879,1696,11
479488,1,4253,-4101,-1168,51,-576,43,1911,460,-205,932,845,787,1627,879,1698,13
479488,0,4253,-4101,-1168,51,-576,43,1911,460,-205,932,845,787,1627,879,1698,13
479488,1,4253,-4105,-1168,51,-574,43,1912,462,-207,933,842,787,1628,874,1696,10
479488,1,4253,-4104,-1169,51,-576,43,1912,459,-204,934,844,788,1628,877,1697,11
479488,1,4252,-4105,-1169,52,-579,43,1912,460,-207,934,846,786,1627,878,1697,10
479488,1,4251,-4102,-1168,51,-575,41,1915,461,-208,935,845,786,1627,875,1696,12
479488,0,4251,-4102,-1168,51,-575,41,1915,461,-208,935,845,786,1627,875,1696,12
479488,1,4253,-4102,-1171,52,-574,43,1912,463,-204,935,843,788,1627,876,1696,10
479488,1,4255,-4102,-1167,50,-576,44,1912,458,-208,934,846,786,1625,877,1700,10
479488,1,4253,-4103,-1168,53,-576,43,1913,461,-208,932,844,788,1621,875,1695,11
479488,1,4254,-4103,-1170,50,-580,41,1915,460,-207,934,845,786,1626,875,1696,7
479488,0,4254,-4103,-1170,50,-580,41,1915,460,-207,934,845,786,1626,875,1696,7
479488,1,4254,-4104,-1169,49,-575,42,1913,462,-208,936,844,787,1625,876,1695,9
479488,1,4255,-4103,-1169,51,-578,43,1911,460,-211,932,845,786,1621,875,1700,8
479488,1,4254,-4100,-1168,52,-576,43,1913,462,-210,935,844,786,1623,877,1698,11
479488,1,4255,-4101,-1168,50,-574,43,1912,460,-208,933,845,789,1618,877,1697,11
479488,0,4255,-4101,-1168,50,-574,43,1912,460,-208,933,845,789,1618,877,1697,11
479488,1,4253,-4102,-1169,51,-577,43,1913,460,-211,934,845,789,1620,875,1696,10
479488,1,4251,-4103,-1170,53,-582,42,1913,461,-209,934,845,788,1621,877,1699,11
479488,1,4252,-4101,-1169,47,-575,42,1911,460,-210,935,843,786,1618,877,1696,11
479488,1,4255,-4100,-1169,53,-580,43,1914,461,-208,936,845,788,1616,875,1696,12
479488,0,4255,-4100,-1169,53,-580,43,1914,461,-208,936,845,788,1616,875,1696,12
479488,1,4252,-4102,-1169,53,-575,43,1913,460,-211,935,847,789,1615,875,1697,10
479488,1,4252,-4101,-1169,50,-577,43,1915,461,-211,935,845,788,1615,874,1697,8
479488,1,4252,-4102,-1170,50,-576,43,1913,460,-210,933,842,788,1616,878,1695,10
479488,1,4251,-4104,-1169,50,-573,42,1913,458,-215,933,845,788,1617,873,1696,11
479488,1,4254,-4099,-1171,51,-582,42,1915,460,-212,934,845,786,1617,877,1695,10
479488,0,4254,-4099,-1171,51,-582,42,1915,460,-212,934,845,786,1617,877,1695,10
479488,1,4253,-4102,-1170,50,-578,43,1913,460,-212,932,845,788,1613,877,1698,12
479488,1,4252,-4100,-1166,51,-577,42,1914,461,-211,933,845,788,1616,875,1696,11
479488,1,4253,-4103,-1170,51,-579,45,1911,461,-212,935,846,788,1616,875,1697,10
479488,1,4251,-4103,-1173,52,-577,42,1915,461,-212,933,843,784,1613,877,1696,12
479488,0,4251,-4103,-1173,52,-577,42,1915,461,-212,933,843,784,1613,877,1696,12
479488,1,4253,-4103,-1173,52,-577,40,1912,460,-212,936,844,788,1614,879,1697,9
479488,1,4253,-4104,-1170,51,-581,42,1912,459,-214,934,845,788,1611,878,1697,10
479488,1,4253,-4102,-1171,51,-580,43,1914,462,-214,934,844,786,1612,875,1695,10
479488,1,4253,-4105,-1169,52,-575,43,1911,460,-216,932,846,786,1611,873,1697,9
479488,0,4253,-4105,-1169,52,-575,43,1911,460,-216,932,846,786,1611,873,1697,9
479488,1,4253,-4103,-1166,49,-579,42,1914,462,-214,933,844,787,1610,875,1697,9
479488,1,4252,-4104,-1170,52,-580,40,1914,460,-213,934,845,784,1612,876,1699,11
479488,1,4253,-4101,-1169,52,-583,45,1914,462,-218,934,844,788,1609,877,1695,11
479488,1,4253,-4103,-1169,48,-577,41,1914,462,-215,935,844,787,1608,877,1698,11
479488,0,4253,-4103,-1169,48,-577,41,1914,462,-215,935,844,787,1608,877,1698,11
479488,1,4253,-4102,-1169,53,-582,44,1912,463,-216,934,845,788,1607,877,1697,11
479488,1,4253,-4101,-1169,51,-579,42,1913,460,-217,934,845,787,1607,879,1698,8
479488,1,4254,-4101,-1170,51,-577,43,1914,459,-214,937,845,786,1609,877,1697,12
479488,1,4253,-4103,-1171,49,-581,43,1911,461,-218,933,845,787,1609,877,1697,9
479488,0,4253,-4103,-1171,49,-581,43,1911,461,-218,933,845,787,1609,877,1697,9
479488,1,4249,-4100,-1169,50,-578,38,1915,462,-216,933,845,788,1605,877,1696,9
479488,1,4253,-4102,-1172,50,-583,43,1915,460,-219,936,846,788,1610,875,1695,11
479488,1,4252,-4105,-1170,51,-577,43,1912,458,-219,934,844,788,1604,879,1696,11
479488,1,4252,-4103,-1170,52,-580,45,1915,459,-217,930,845,784,1604,876,1698,9
479488,0,4252,-4103,-1170,52,-580,45,1915,459,-217,930,845,784,1604,876,1698,9
479488,1,4252,-4103,-1169,51,-581,43,1913,459,-217,934,846,787,1606,875,1694,11
479488,1,4254,-4101,-1170,51,-577,42,1913,460,-219,933,846,785,1603,876,1696,10
479488,1,4252,-4101,-1170,51,-583,42,1913,459,-217,932,844,787,1603,875,1697,7
479488,1,4251,-4102,-1169,51,-582,42,1915,459,-218,934,846,787,1601,876,1695,12
479488,0,4251,-4102,-1169,51,-582,42,1915,459,-218,934,846,787,1601,876,1695,12
479488,1,4250,-4104,-1169,50,-579,42,1913,459,-218,935,846,788,1603,875,1696,11
479488,1,4254,-4105,-1169,50,-583,44,1914,460,-218,934,844,789,1604,877,1696,10
479488,1,4253,-4103,-1171,51,-580,43,1913,461,-220,937,843,788,1602,877,1697,10
479488,1,4253,-4102,-1169,52,-580,44,1913,462,-218,934,846,789,1600,877,1698,10
479488,0,4253,-4102,-1169,52,-580,44,1913,462,-218,934,846,789,1600,877,1698,10
479488,1,4252,-4103,-1172,50,-585,44,1913,460,-221,933,846,787,1603,875,1696,11
479488,1,4251,-4103,-1167,51,-578,44,1915,462,-219,934,843,785,1601,878,1695,10
479488,1,4252,-4099,-1167,50,-587,43,1913,460,-219,935,846,788,1601,872,1696,10
479488,1,4252,-4102,-1171,49,-582,43,1915,459,-221,934,845,788,1600,878,1696,9
479488,0,4252,-4102,-1171,49,-582,43,1915,459,-221,934,845,788,1600,878,1696,9
479488,1,4253,-4099,-1169,51,-580,42,1913,460,-220,935,844,786,1598,879,1696,11
479489,1,4253,-4104,-1173,51,-582,43,1911,458,-224,935,846,788,1600,877,1696,11
479489,1,4252,-4103,-1170,50,-580,41,1911,460,-221,936,845,789,1600,877,1698,9
479489,1,4254,-4102,-1171,53,-584,41,1913,459,-220,934,845,785,1599,877,1697,11
479489,0,4254,-4102,-1171,53,-584,41,1913,459,-220,934,845,785,1599,877,1697,11
479489,1,4253,-4102,-1169,51,-586,42,1911,460,-223,933,843,791,1599,875,1695,7
479489,1,4253,-4100,-1169,52,-581,42,1914,460,-222,935,847,785,1599,877,1695,10
479489,1,4253,-4103,-1171,52,-582,43,1916,458,-224,934,844,787,1601,878,1694,11
479489,1,4254,-4105,-1168,48,-581,43,1914,459,-223,934,844,787,1602,877,1698,9
479489,0,4254,-4105,-1168,48,-581,43,1914,459,-223,934,844,787,1602,877,1698,9
479489,1,4253,-4103,-1168,51,-582,42,1913,462,-223,935,844,787,1600,876,1697,12
479489,1,4252,-4105,-1170,48,-584,41,1910,459,-223,933,847,784,1599,877,1697,11
479489,1,4253,-4101,-1169,49,-581,43,1912,460,-224,934,843,784,1597,875,1697,11
479489,1,4252,-4103,-1170,49,-583,43,1913,460,-223,932,844,786,1597,876,1698,11
479489,0,4252,-4103,-1170,49,-583,43,1913,460,-223,932,844,786,1597,876,1698,11
479489,1,4253,-4103,-1169,50,-581,42,1912,462,-224,933,846,785,1597,878,1696,10
479489,1,4250,-4102,-1172,46,-580,43,1912,460,-226,936,846,785,1599,877,1696,11
479489,1,4254,-4102,-1170,51,-586,44,1912,460,-225,933,844,788,1596,877,1697,9
479489,1,4254,-4102,-1170,50,-579,42,1913,462,-225,934,845,787,1595,877,1698,11
479489,0,4254,-4102,-1170,50,-579,42,1913,462,-225,934,845,787,1595,877,1698,11
479489,1,4253,-4100,-1169,52,-584,42,1911,459,-226,935,843,788,1594,879,1698,10
479489,1,4251,-4102,-1171,52,-586,44,1915,463,-226,935,843,785,1594,877,1697,12
479489,1,4252,-4102,-1170,51,-581,43,1914,462,-225,934,845,788,1594,876,1699,10
479489,1,4252,-4100,-1172,52,-582,42,1912,458,-227,934,845,788,1591,878,1697,12
479489,1,4253,-4107,-1169,53,-580,43,1913,460,-227,935,845,786,1595,878,1700,10
479489,0,4253,-4107,-1169,53,-580,43,1913,460,-227,935,845,786,1595,878,1700,10
479489,1,4252,-4105,-1170,49,-585,45,1912,460,-226,932,844,785,1596,875,1697,11
479489,1,4251,-4104,-1169,50,-581,44,1913,459,-227,932,844,787,1592,876,1696,11
479489,1,4249,-4103,-1170,49,-583,43,1912,462,-230,934,845,788,1595,877,1696,11
479489,1,4255,-4100,-1168,52,-584,43,1913,459,-227,934,844,788,1592,876,1698,9
479489,0,4255,-4100,-1168,52,-584,43,1913,459,-227,934,844,788,1592,876,1698,9
479489,1,4253,-4103,-1171,50,-580,42,1913,456,-227,935,844,786,1592,878,1697,11
479489,1,4256,-4104,-1173,50,-582,43,1913,459,-228,932,844,786,1591,878,1698,11
479489,1,4253,-4100,-1170,51,-587,42,1911,459,-227,933,845,787,1591,875,1697,11
479489,1,4253,-4103,-1172,53,-582,42,1911,461,-230,934,844,788,1592,878,1698,11
479489,0,4253,-4103,-1172,53,-582,42,1911,461,-230,934,844,788,1592,878,1698,11
479489,1,4253,-4101,-1168,50,-586,43,1914,459,-232,934,844,788,1593,877,1697,12
479489,1,4253,-4103,-1171,52,-581,43,1912,462,-228,937,843,788,1594,877,1697,10
479489,1,4254,-4101,-1171,50,-584,43,1913,459,-230,935,844,788,1592,876,1697,10
479489,1,4253,-4102,-1172,48,-584,43,1912,462,-231,934,847,787,1588,878,1697,12
479489,0,4253,-4102,-1172,48,-584,43,1912,462,-231,934,847,787,1588,878,1697,12
479489,1,4252,-4101,-1170,53,-585,43,1913,461,-231,936,844,789,1591,873,1697,11
479489,1,4251,-4106,-1172,49,-587,42,1914,462,-231,935,846,785,1592,876,1697,12
479489,1,4254,-4103,-1170,50,-586,41,1914,459,-228,936,845,785,1592,877,1695,11
479489,1,4251,-4103,-1170,49,-585,41,1913,461,-232,935,843,791,1591,876,1698,12
479489,0,4251,-4103,-1170,49,-585,41,1913,461,-232,935,843,791,1591,876,1698,12
479489,1,4253,-4102,-1170,51,-584,45,1913,458,-228,935,845,787,1590,877,1696,11
479489,1,4253,-4098,-1172,52,-582,43,1913,461,-232,936,845,788,1590,879,1696,10
479489,1,4252,-4102,-1168,52,-589,40,1914,463,-231,933,844,788,1590,874,1696,10
479489,1,4253,-4104,-1169,51,-582,43,1913,462,-230,933,845,788,1589,878,1696,10
479489,0,4253,-4104,-1169,51,-582,43,1913,462,-230,933,845,788,1589,878,1696,10
479489,1,4253,-4102,-1171,50,-589,41,1913,458,-227,934,842,786,1590,879,1697,12
479489,1,4252,-4103,-1171,49,-583,43,1911,458,-233,934,843,785,1591,876,1697,11
479489,1,4254,-4105,-1171,52,-584,42,1913,460,-230,934,844,787,1590,877,1696,10
479489,1,4252,-4102,-1171,48,-588,42,1913,460,-232,935,846,788,1590,876,1701,10
479489,0,4252,-4102,-1171,48,-588,42,1913,460,-232,935,846,788,1590,876,1701,10
479489,1,4251,-4101,-1172,49,-582,42,1913,460,-231,934,847,788,1588,877,1696,11
479489,1,4251,-4104,-1169,49,-590,44,1914,458,-230,935,844,786,1589,874,1697,10
479489,1,4255,-4104,-1170,53,-587,42,1913,463,-232,933,843,788,1588,878,1696,11
479489,1,4251,-4100,-1170,51,-584,42,1912,458,-232,932,843,786,1588,878,1696,10
479489,0,4251,-4100,-1170,51,-584,42,1912,458,-232,932,843,786,1588,878,1696,10
479489,1,4251,-4102,-1168,51,-586,44,1915,461,-230,936,846,787,1587,879,1697,11
479489,1,4252,-4101,-1170,49,-581,46,1913,460,-235,935,842,788,1589,877,1695,12
479489,1,4250,-4099,-1169,51,-589,43,1914,460,-235,935,844,788,1586,878,1697,10
479489,1,4249,-4102,-1169,50,-584,42,1913,458,-232,936,842,788,1587,876,1695,8
479489,0,4249,-4102,-1169,50,-584,42,1913,458,-232,936,842,788,1587,876,1695,8
479489,1,4251,-4101,-1172,50,-587,44,1912,459,-233,935,842,788,1586,875,1696,9
479489,1,4251,-4102,-1169,50,-585,42,1912,459,-233,934,843,790,1585,877,1698,11
479489,1,4253,-4104,-1172,48,-584,43,1912,459,-233,934,845,788,1585,876,1698,10
479489,1,4253,-4100,-1169,50,-588,42,1913,460,-236,934,845,790,1585,875,1698,9
479489,0,4253,-4100,-1169,50,-588,42,1913,460,-236,934,845,790,1585,875,1698,9
479489,1,4253,-4102,-1171,52,-589,43,1914,460,-234,935,847,785,1588,876,1695,11
479489,1,4251,-4103,-1170,49,-586,42,1914,459,-234,936,844,786,1588,878,1696,10
479489,1,4251,-4102,-1171,49,-590,42,1914,460,-234,935,845,787,1588,877,1697,10
479489,1,4251,-4102,-1171,53,-585,43,1914,460,-237,933,845,788,1586,878,1695,10
479489,0,4251,-4102,-1171,53,-585,43,1914,460,-237,933,845,788,1586,878,1695,10
479489,1,4252,-4101,-1170,52,-585,43,1912,461,-234,936,845,789,1588,878,1696,11
479489,1,4253,-4103,-1170,48,-584,43,1913,459,-235,932,846,786,1586,874,1697,10
479489,1,4251,-4106,-1172,48,-587,43,1913,461,-234,934,845,788,1586,878,1696,10
479489,1,4253,-4101,-1171,49,-589,42,1914,460,-234,933,843,788,1583,877,1698,10
479489,0,4253,-4101,-1171,49,-589,42,1914,460,-234,933,843,788,1583,877,1698,10
479489,1,4255,-4105,-1170,49,-588,42,1913,457,-233,935,846,787,1585,875,1700,11
479489,1,4250,-4102,-1171,49,-589,43,1911,460,-237,933,844,788,1585,878,1697,9
479489,1,4254,-4103,-1170,49,-584,42,1913,459,-233,934,844,785,1583,878,1695,11
479489,1,4254,-4103,-1170,52,-587,40,1913,462,-238,934,846,788,1583,876,1699,12
479489,0,4254,-4103,-1170,52,-587,40,1913,462,-238,934,846,788,1583,876,1699,12
479489,1,4252,-4103,-1171,51,-592,45,1915,460,-235,933,843,785,1586,875,1696,8
479489,1,4250,-4102,-1169,52,-585,42,1913,458,-237,934,847,787,1588,878,1695,10
479489,1,4250,-4104,-1171,52,-590,45,1911,460,-236,934,845,786,1586,879,1698,12
479489,1,4253,-4105,-1170,53,-585,43,1911,460,-236,932,844,785,1585,878,1695,11
479489,0,4253,-4105,-1170,53,-585,43,1911,460,-236,932,844,785,1585,878,1695,11
479489,1,4253,-4102,-1171,49,-588,41,1912,459,-237,933,845,787,1584,875,1694,11
479489,1,4251,-4105,-1169,49,-589,43,1915,460,-237,934,846,787,1581,876,1698,11
479489,1,4252,-4101,-1171,50,-588,42,1912,460,-236,934,845,786,1584,876,1697,12
479489,1,4253,-4102,-1169,51,-591,41,1913,458,-238,936,844,786,1586,878,1696,11
479489,1,4253,-4101,-1173,49,-587,40,1913,460,-239,932,845,786,1584,877,1696,9
479489,0,4253,-4101,-1173,49,-587,40,1913,460,-239,932,845,786,1584,877,1696,9
479489,1,4253,-4105,-1170,51,-589,42,1913,461,-236,935,842,788,1586,877,1696,11
479489,1,4252,-4104,-1169,51,-590,44,1910,460,-235,934,843,787,1583,876,1697,10
479489,1,4253,-4103,-1171,49,-591,43,1911,460,-236,935,847,787,1582,878,1696,11
479489,1,4251,-4100,-1168,51,-587,43,1914,459,-237,937,845,788,1583,875,1696,9
479489,0,4251,-4100,-1168,51,-587,43,1914,459,-237,937,845,788,1583,875,1696,9
479489,1,4252,-4103,-1169,53,-587,43,1911,460,-237,934,846,788,1581,874,1698,10
479489,1,4252,-4105,-1170,51,-590,42,1914,461,-237,936,841,789,1581,875,1696,10
479489,1,4251,-4102,-1169,52,-586,39,1913,459,-238,930,845,785,1583,875,1697,11
479489,1,4253,-4102,-1170,48,-587,42,1911,458,-237,935,845,787,1579,875,1695,11
479489,0,4253,-4102,-1170,48,-587,42,1911,458,-237,935,845,787,1579,875,1695,11
479489,1,4252,-4104,-1170,52,-590,43,1914,461,-236,932,845,787,1579,877,1697,10
479489,1,4252,-4101,-1172,50,-586,43,1913,460,-238,934,846,787,1580,876,1696,10
479489,1,4252,-4103,-1171,51,-589,42,1912,460,-237,931,845,788,1580,876,1696,10
479489,1,4253,-4103,-1172,50,-588,43,1913,460,-237,932,845,786,1582,875,1697,9
479489,0,4253,-4103,-1172,50,-588,43,1913,460,-237,932,845,786,1582,875,1697,9
479489,1,4252,-4101,-1172,50,-586,42,1912,460,-239,933,845,788,1582,877,1699,9
479489,1,4251,-4099,-1170,53,-590,41,1912,460,-237,934,846,789,1578,874,1698,10
479489,1,4253,-4105,-1172,51,-590,42,1911,460,-237,933,845,786,1580,876,1696,9
479489,1,4256,-4102,-1170,52,-587,43,1913,458,-234,935,846,786,1581,875,1698,10
479489,0,4256,-4102,-1170,52,-587,43,1913,458,-234,935,846,786,1581,875,1698,10
479489,1,4252,-4103,-1171,50,-588,42,1912,459,-236,937,843,787,1578,876,1695,10
479489,1,4253,-4100,-1169,48,-589,41,1913,459,-238,937,846,786,1580,876,1696,10
479489,1,4252,-4103,-1171,48,-590,40,1914,461,-238,935,845,787,1581,874,1695,10
479489,1,4252,-4102,-1170,48,-587,43,1915,464,-237,935,844,788,1578,877,1697,11
479489,0,4252,-4102,-1170,48,-587,43,1915,464,-237,935,844,788,1578,877,1697,11
479489,1,4254,-4104,-1172,50,-589,42,1912,460,-239,936,842,786,1577,877,1695,9
479489,1,4251,-4106,-1170,48,-589,44,1914,462,-239,933,842,787,1579,878,1697,12
479489,1,4253,-4102,-1171,48,-587,44,1913,459,-238,932,844,788,1581,876,1696,10
479489,1,4251,-4103,-1173,51,-590,40,1912,461,-238,936,843,788,1579,875,1696,10
479489,0,4251,-4103,-1173,51,-590,40,1912,461,-238,936,843,788,1579,875,1696,10
479489,1,4254,-4102,-1170,51,-586,43,1912,462,-237,933,846,788,1579,876,1695,11
479489,1,4251,-4103,-1170,52,-586,42,1914,460,-240,934,845,786,1576,877,1696,10
479489,1,4252,-4104,-1169,51,-591,43,1914,460,-238,934,844,787,1578,876,1696,9
479489,1,4251,-4103,-1171,50,-590,42,1912,460,-236,935,845,787,1578,877,1698,8
479489,0,4251,-4103,-1171,50,-590,42,1912,460,-236,935,845,787,1578,877,1698,8
479489,1,4252,-4102,-1170,51,-588,43,1912,459,-238,934,844,787,1577,878,1695,11
479489,1,4254,-4102,-1169,50,-584,43,1912,460,-237,932,844,788,1577,876,1694,10
479489,1,4251,-4102,-1169,51,-586,43,1911,459,-236,933,844,788,1579,877,1696,11
479489,1,4254,-4103,-1172,51,-590,45,1911,463,-236,934,844,788,1577,879,1697,12
479489,0,4254,-4103,-1172,51,-590,45,1911,463,-236,934,844,788,1577,879,1697,12
479489,1,4251,-4100,-1172,50,-591,43,1913,460,-238,935,843,789,1578,876,1696,11
479489,1,4252,-4102,-1170,50,-590,42,1914,458,-239,935,845,786,1579,875,1697,11
479489,1,4252,-4103,-1170,52,-588,42,1913,459,-236,935,843,790,1579,877,1697,11
479489,1,4252,-4102,-1170,52,-588,45,1913,460,-239,934,844,786,1579,876,1697,10
479489,0,4252,-4102,-1170,52,-588,45,1913,460,-239,934,844,786,1579,876,1697,10
479489,1,4253,-4101,-1170,50,-593,42,1913,461,-238,933,845,788,1579,877,1695,11
479489,1,4252,-4103,-1171,52,-584,44,1913,461,-238,936,846,786,1578,878,1698,9
479489,1,4252,-4100,-1170,48,-591,41,1914,460,-239,933,843,785,1576,876,1697,10
479489,1,4252,-4102,-1170,52,-586,41,1915,460,-240,935,844,788,1577,877,1697,11
479489,0,4252,-4102,-1170,52,-586,41,1915,460,-240,935,844,788,1577,877,1697,11
479489,1,4253,-4100,-1171,50,-588,44,1911,460,-239,935,844,787,1579,875,1697,11
479489,1,4253,-4103,-1171,49,-587,43,1911,459,-238,934,846,785,1578,877,1696,11
479489,1,4252,-4101,-1171,50,-589,43,1915,462,-240,935,845,787,1580,880,1699,10
479489,1,4250,-4104,-1171,50,-588,44,1913,460,-237,935,843,786,1577,878,1697,10
479489,0,4250,-4104,-1171,50,-588,44,1913,460,-237,935,843,786,1577,878,1697,10
479489,1,4251,-4103,-1171,50,-588,43,1913,460,-238,934,842,786,1580,877,1696,11
479489,1,4254,-4102,-1170,50,-588,43,1911,460,-239,935,844,786,1578,876,1696,11
479489,1,4252,-4102,-1170,53,-590,45,1914,457,-239,934,846,787,1579,877,1697,10
479489,1,4251,-4101,-1171,51,-587,44,1911,460,-238,934,845,790,1577,879,1695,8
479489,0,4251,-4101,-1171,51,-587,44,1911,460,-238,934,845,790,1577,879,1695,8
479489,1,4252,-4103,-1171,51,-591,43,1912,463,-239,934,844,787,1579,875,1697,11
479489,1,4251,-4103,-1170,51,-586,42,1912,463,-239,933,843,787,1579,878,1697,11
479489,1,4253,-4103,-1171,49,-592,42,1912,460,-240,934,842,787,1576,878,1697,10
479489,1,4251,-4101,-1171,50,-590,39,1912,463,-241,935,845,787,1577,877,1697,11
479489,0,4251,-4101,-1171,50,-590,39,1912,463,-241,935,845,787,1577,877,1697,11
479489,1,4250,-4103,-1169,52,-589,45,1912,457,-238,934,843,786,1578,877,1698,9
479489,1,4253,-4103,-1172,50,-589,43,1911,460,-238,935,847,787,1577,879,1698,10
479489,1,4254,-4104,-1169,48,-588,44,1913,461,-235,935,844,786,1578,877,1698,12
479489,1,4257,-4102,-1171,50,-590,45,1912,462,-234,936,844,788,1582,875,1698,9
479489,1,4253,-4103,-1171,49,-586,48,1912,460,-233,937,846,787,1583,875,1697,11
479489,0,4253,-4103,-1171,49,-586,48,1912,460,-233,937,846,787,1583,875,1697,11
479489,1,4253,-4103,-1167,52,-588,52,1913,460,-236,935,846,790,1583,877,1696,9
479489,1,4255,-4105,-1166,50,-586,60,1912,460,-233,937,843,790,1583,877,1695,9
479489,1,4257,-4101,-1161,52,-588,65,1913,462,-233,942,846,788,1582,879,1697,11
479489,1,4253,-4104,-1156,51,-586,76,1913,459,-234,944,846,786,1583,878,1697,8
479489,0,4253,-4104,-1156,51,-586,76,1913,459,-234,944,846,786,1583,878,1697,8
479489,1,4259,-4100,-1151,49,-588,86,1912,459,-234,949,845,785,1581,878,1697,12
479489,1,4256,-4102,-1144,51,-587,98,1911,459,-232,950,845,787,1580,877,1696,8
479489,1,4255,-4104,-1138,52,-589,109,1911,457,-232,955,845,789,1583,877,1698,10
479489,1,4255,-4100,-1132,51,-589,124,1939,460,-232,959,843,786,1582,877,1697,10
479489,0,4255,-4100,-1132,51,-589,124,1939,460,-232,959,843,786,1582,877,1697,10
479489,1,4255,-4103,-1127,53,-587,128,1913,459,-232,963,847,787,1584,879,1697,9
479489,1,4255,-4103,-1119,53,-587,136,1910,460,-231,967,849,787,1586,879,1696,10
479489,1,4256,-4102,-1114,53,-590,145,1910,461,-232,976,843,787,1587,878,1698,8
479489,1,4254,-4104,-1108,58,-588,157,1910,460,-230,981,846,786,1587,880,1695,10
479489,0,4254,-4104,-1108,58,-588,157,1910,460,-230,981,846,786,1587,880,1695,10
479489,1,4258,-4102,-1103,59,-588,165,1910,459,-232,989,844,786,1584,879,1696,11
479489,1,4257,-4104,-1094,63,-587,179,1906,459,-230,996,846,785,1584,882,1697,10
479489,1,4257,-4099,-1084,68,-586,192,1907,460,-232,1002,848,785,1586,882,1695,10
479489,1,4255,-4101,-1078,67,-586,209,1906,458,-232,1008,845,786,1587,881,1695,10
479489,0,4255,-4101,-1078,67,-586,209,1906,458,-232,1008,845,786,1587,881,1695,10
479489,1,4259,-4103,-1069,73,-587,226,1908,460,-229,1014,847,787,1585,887,1693,8
479489,1,4257,-4102,-1061,76,-588,238,1907,460,-232,1019,847,788,1588,889,1692,11
479489,1,4256,-4101,-1053,78,-588,255,1905,455,-231,1025,848,786,1588,889,1695,9
479489,1,4259,-4103,-1047,84,-586,271,1907,462,-231,1031,845,786,1584,894,1695,9
479489,0,4259,-4103,-1047,84,-586,271,1907,462,-231,1031,845,786,1584,894,1695,9
479489,1,4255,-4104,-1040,90,-588,282,1905,460,-231,1040,846,784,1589,895,1693,10
479489,1,4260,-4103,-1032,96,-587,291,1903,460,-229,1048,847,786,1589,897,1690,10
479489,1,4257,-4103,-1025,101,-586,302,1902,460,-230,1056,849,785,1588,899,1692,11
479489,1,4257,-4107,-1018,103,-586,313,1899,457,-227,1067,846,788,1591,902,1692,9
479489,0,4257,-4107,-1018,103,-586,313,1899,457,-227,1067,846,788,1591,902,1692,9
479489,1,4256,-4103,-1010,107,-586,325,1895,458,-230,1073,848,788,1592,910,1694,10
479489,1,4258,-4103,-1005,112,-587,337,1894,459,-229,1084,849,788,1594,911,1691,10
479489,1,4260,-4104,-998,115,-587,351,1891,459,-228,1088,850,787,1586,920,1691,10
479490,1,4258,-4101,-988,115,-587,366,1887,460,-230,1098,853,786,1588,927,1689,9
479490,0,4258,-4101,-988,115,-587,366,1887,460,-230,1098,853,786,1588,927,1689,9
479490,1,4256,-4102,-983,121,-586,383,1884,460,-227,1099,852,784,1591,930,1690,9
479490,1,4260,-4104,-977,124,-587,398,1883,459,-231,1107,853,786,1590,937,1684,9
479490,1,4258,-4104,-970,130,-588,415,1883,460,-231,1114,852,786,1590,946,1688,11
479490,1,4258,-4103,-961,131,-588,432,1879,461,-231,1120,854,783,1591,953,1686,9
479490,0,4258,-4103,-961,131,-588,432,1879,461,-231,1120,854,783,1591,953,1686,9
479490,1,4260,-4103,-955,138,-587,446,1877,460,-229,1132,856,788,1591,961,1684,12
479490,1,4256,-4102,-950,142,-584,459,1876,460,-230,1137,853,789,1593,965,1683,10
479490,1,4259,-4102,-942,145,-590,470,1874,461,-226,1149,856,788,1594,974,1684,9
479490,1,4257,-4101,-937,150,-587,483,1871,459,-228,1160,857,786,1595,986,1682,12
479490,0,4257,-4101,-937,150,-587,483,1871,459,-228,1160,857,786,1595,986,1682,12
479490,1,4256,-4106,-930,150,-588,494,1865,460,-229,1175,860,787,1593,995,1681,8
479490,1,4258,-4105,-923,154,-588,504,1860,458,-225,1188,860,789,1592,1002,1680,10
479490,1,4257,-4103,-912,158,-588,516,1858,459,-229,1203,860,787,1594,1014,1679,9
479490,1,4257,-4102,-904,163,-589,531,1855,460,-229,1213,861,786,1592,1023,1680,9
479490,0,4257,-4102,-904,163,-589,531,1855,460,-229,1213,861,786,1592,1023,1680,9
479490,1,4259,-4101,-897,171,-589,546,1850,460,-230,1224,862,787,1593,1032,1677,10
479490,1,4258,-4104,-887,169,-588,563,1846,459,-230,1230,863,784,1594,1041,1675,10
479490,1,4260,-4102,-876,175,-591,577,1844,457,-230,1235,866,788,1593,1051,1671,9
479490,1,4257,-4103,-867,181,-588,596,1841,455,-231,1241,864,788,1595,1063,1672,11
479490,0,4257,-4103,-867,181,-588,596,1841,455,-231,1241,864,788,1595,1063,1672,11
479490,1,4260,-4102,-858,186,-590,613,1838,460,-230,1246,864,787,1598,1074,1672,10
479490,1,4256,-4102,-850,190,-589,624,1838,458,-227,1249,864,789,1596,1080,1666,9
479490,1,4260,-4102,-842,192,-591,638,1833,459,-230,1255,866,785,1596,1097,1670,11
479490,1,4258,-4102,-834,195,-584,651,1832,460,-225,1259,868,789,1597,1105,1665,10
479490,0,4258,-4102,-834,195,-584,651,1832,460,-225,1259,868,789,1597,1105,1665,10
479490,1,4256,-4104,-829,197,-591,661,1826,461,-229,1264,869,784,1595,1115,1664,12
479490,1,4258,-4103,-820,201,-590,675,1821,459,-228,1274,868,785,1596,1124,1657,10
479490,1,4258,-4103,-810,205,-586,685,1818,456,-227,1282,871,785,1597,1140,1657,12
479490,1,4259,-4101,-802,208,-587,697,1816,458,-229,1291,873,783,1595,1151,1651,10
479490,1,4257,-4105,-793,213,-588,711,1810,457,-232,1299,874,783,1593,1166,1644,10
479490,0,4257,-4105,-793,213,-588,711,1810,457,-232,1299,874,783,1593,1166,1644,10
479490,1,4257,-4106,-786,217,-593,726,1806,456,-228,1311,876,788,1596,1177,1641,9
479490,1,4258,-4103,-778,221,-588,741,1804,456,-229,1316,881,785,1598,1186,1636,9
479490,1,4257,-4104,-766,225,-590,758,1799,455,-228,1325,880,785,1595,1196,1630,10
479490,1,4258,-4102,-760,230,-589,778,1794,459,-229,1335,881,785,1598,1214,1622,11
479490,0,4258,-4102,-760,230,-589,778,1794,459,-229,1335,881,785,1598,1214,1622,11
479490,1,4259,-4103,-754,234,-589,795,1793,459,-228,1341,882,785,1599,1221,1615,10
479490,1,4258,-4104,-748,236,-594,810,1790,453,-230,1349,883,784,1598,1239,1610,12
479490,1,4257,-4101,-740,241,-591,822,1788,454,-228,1353,887,784,1598,1251,1608,11
479490,1,4257,-4102,-733,243,-594,836,1783,454,-228,1365,886,783,1599,1267,1604,11
479490,0,4257,-4102,-733,243,-594,836,1783,454,-228,1365,886,783,1599,1267,1604,11
479490,1,4256,-4104,-723,246,-588,847,1780,452,-226,1374,884,785,1599,1276,1600,9
479490,1,4259,-4102,-714,251,-591,858,1772,454,-229,1383,888,783,1597,1288,1599,11
479490,1,4260,-4101,-707,254,-598,865,1773,454,-229,1393,892,783,1601,1302,1598,7
479490,1,4259,-4100,-700,261,-594,877,1766,452,-227,1404,895,784,1599,1313,1598,14
479490,0,4259,-4100,-700,261,-594,877,1766,452,-227,1404,895,784,1599,1313,1598,14
479490,1,4259,-4103,-694,264,-597,889,1763,452,-228,1417,894,783,1597,1323,1596,8
479490,1,4256,-4101,-684,267,-595,900,1761,452,-228,1424,896,783,1596,1336,1589,10
479490,1,4257,-4103,-678,270,-593,916,1757,448,-228,1435,896,784,1596,1346,1584,9
479490,1,4259,-4103,-671,274,-596,933,1751,449,-230,1443,899,782,1597,1358,1577,11
479490,0,4259,-4103,-671,274,-596,933,1751,449,-230,1443,899,782,1597,1358,1577,11
479490,1,4258,-4104,-663,275,-596,951,1746,448,-229,1452,900,785,1596,1373,1576,10
479490,1,4259,-4102,-653,280,-599,972,1743,446,-230,1458,901,780,1600,1384,1573,8
479490,1,4258,-4101,-645,286,-601,991,1742,448,-230,1469,904,781,1602,1398,1568,8
479490,1,4257,-4099,-636,290,-601,1009,1742,449,-227,1482,905,783,1600,1408,1562,8
479490,0,4257,-4099,-636,290,-601,1009,1742,449,-227,1482,905,783,1600,1408,1562,8
479490,1,4260,-4100,-627,292,-605,1027,1737,446,-231,1491,907,782,1601,1417,1559,11
479490,1,4257,-4101,-619,297,-604,1040,1736,449,-230,1503,904,780,1598,1431,1554,10
479490,1,4258,-4103,-611,300,-607,1053,1733,447,-229,1514,908,781,1600,1440,1551,11
479490,1,4257,-4102,-607,305,-612,1064,1730,445,-228,1524,911,781,1597,1454,1544,11
479490,0,4257,-4102,-607,305,-612,1064,1730,445,-228,1524,911,781,1597,1454,1544,11
479490,1,4258,-4103,-601,310,-603,1073,1726,443,-230,1536,915,782,1599,1462,1540,11
479490,1,4255,-4103,-596,312,-611,1081,1719,443,-229,1546,915,782,1598,1470,1536,9
479490,1,4259,-4104,-590,316,-611,1090,1715,444,-229,1558,914,781,1601,1482,1534,11
479490,1,4258,-4101,-580,319,-613,1096,1713,440,-231,1564,917,781,1600,1498,1526,11
479490,0,4258,-4101,-580,319,-613,1096,1713,440,-231,1564,917,781,1600,1498,1526,11
479490,1,4258,-4102,-568,323,-621,1109,1710,439,-232,1572,917,780,1599,1505,1523,9
479490,1,4257,-4102,-556,325,-617,1121,1706,439,-230,1577,919,780,1600,1517,1516,10
479490,1,4259,-4102,-551,330,-625,1136,1702,439,-230,1583,920,779,1601,1530,1513,12
479490,1,4257,-4103,-541,335,-630,1154,1697,436,-230,1592,921,777,1598,1539,1507,8
479490,0,4257,-4103,-541,335,-630,1154,1697,436,-230,1592,921,777,1598,1539,1507,8
479490,1,4256,-4100,-533,340,-631,1169,1694,434,-230,1599,921,778,1598,1549,1504,10
479490,1,4259,-4103,-531,343,-629,1190,1689,437,-230,1607,922,777,1597,1556,1504,11
479490,1,4257,-4103,-523,347,-633,1205,1687,434,-231,1618,922,776,1598,1570,1493,9
479490,1,4260,-4102,-517,350,-633,1225,1684,434,-231,1625,924,775,1600,1579,1489,12
479490,0,4260,-4102,-517,350,-633,1225,1684,434,-231,1625,924,775,1600,1579,1489,12
479490,1,4258,-4102,-510,354,-639,1248,1680,429,-232,1637,924,773,1600,1588,1478,10
479490,1,4258,-4104,-503,359,-641,1267,1675,428,-232,1650,928,773,1598,1599,1474,12
479490,1,4258,-4103,-495,361,-636,1287,1676,430,-232,1664,932,771,1601,1610,1468,9
479490,1,4259,-4104,-486,366,-646,1302,1676,430,-231,1673,934,771,1598,1620,1465,11
479490,0,4259,-4104,-486,366,-646,1302,1676,430,-231,1673,934,771,1598,1620,1465,11
479490,1,4258,-4102,-477,369,-651,1313,1672,429,-232,1687,935,772,1600,1631,1457,7
479490,1,4260,-4101,-469,373,-653,1326,1671,429,-232,1700,938,772,1599,1637,1454,9
479490,1,4259,-4103,-463,377,-654,1335,1668,430,-231,1710,938,772,1600,1645,1454,10
479490,1,4259,-4103,-458,379,-664,1341,1662,425,-234,1721,942,771,1605,1659,1447,9
479490,0,4259,-4103,-458,379,-664,1341,1662,425,-234,1721,942,771,1605,1659,1447,9
479490,1,4260,-4100,-451,385,-666,1349,1655,426,-234,1726,942,773,1601,1671,1440,9
479490,1,4259,-4104,-443,388,-669,1356,1650,420,-231,1735,941,770,1601,1678,1435,11
479490,1,4258,-4104,-436,392,-682,1364,1650,423,-234,1739,944,769,1601,1687,1431,9
479490,1,4256,-4101,-426,395,-683,1370,1647,419,-231,1743,942,766,1599,1696,1429,10
479490,0,4256,-4101,-426,395,-683,1370,1647,419,-231,1743,942,766,1599,1696,1429,10
479490,1,4259,-4100,-418,400,-688,1383,1641,418,-234,1750,941,766,1599,1706,1426,10
479490,1,4259,-4100,-409,403,-694,1398,1639,416,-234,1754,945,765,1602,1718,1424,9
479490,1,4259,-4102,-405,409,-695,1411,1637,419,-233,1764,941,765,1600,1724,1415,12
479490,1,4258,-4104,-396,413,-703,1426,1631,415,-233,1771,940,762,1599,1738,1411,7
479490,0,4258,-4104,-396,413,-703,1426,1631,415,-233,1771,940,762,1599,1738,1411,7
479490,1,4257,-4101,-386,413,-711,1441,1629,413,-233,1783,943,763,1598,1745,1403,12
479490,1,4258,-4103,-381,418,-712,1461,1623,412,-235,1795,941,763,1600,1756,1397,12
479490,1,4260,-4100,-374,422,-714,1481,1618,412,-233,1805,946,761,1601,1765,1393,9
479490,1,4257,-4102,-367,426,-721,1504,1616,410,-236,1819,955,759,1603,1776,1387,8
479490,1,4260,-4098,-359,431,-725,1524,1613,408,-236,1831,955,756,1598,1784,1384,9
479490,0,4260,-4098,-359,431,-725,1524,1613,408,-236,1831,955,756,1598,1784,1384,9
479490,1,4258,-4100,-348,433,-722,1549,1609,408,-234,1847,959,760,1599,1793,1376,11
479490,1,4257,-4101,-342,436,-724,1571,1606,407,-233,1859,959,761,1599,1803,1368,11
479490,1,4258,-4099,-333,441,-732,1590,1608,407,-234,1871,961,757,1598,1815,1362,11
479490,1,4256,-4100,-325,443,-728,1608,1606,406,-236,1873,960,759,1598,1830,1356,8
479490,0,4256,-4100,-325,443,-728,1608,1606,406,-236,1873,960,759,1598,1830,1356,8
479490,1,4255,-4101,-320,448,-734,1619,1607,406,-235,1880,961,755,1600,1839,1344,12
479490,1,4257,-4100,-314,450,-736,1623,1604,403,-237,1887,965,756,1599,1852,1342,10
479490,1,4258,-4095,-307,455,-746,1631,1600,403,-234,1891,964,755,1599,1864,1338,11
479490,1,4260,-4088,-297,456,-742,1637,1593,402,-236,1901,966,754,1604,1876,1335,12
479490,0,4260,-4088,-297,456,-742,1637,1593,402,-236,1901,966,754,1604,1876,1335,12
479490,1,4258,-4078,-292,461,-744,1642,1592,399,-234,1908,966,753,1607,1888,1335,10
479490,1,4258,-4075,-281,467,-753,1645,1588,400,-235,1919,968,750,1602,1899,1334,9
479490,1,4257,-4068,-272,474,-753,1653,1584,397,-234,1929,968,748,1601,1912,1325,10
479490,1,4258,-4063,-264,474,-754,1657,1582,395,-238,1937,970,750,1599,1923,1320,8
479490,0,4258,-4063,-264,474,-754,1657,1582,395,-238,1937,970,750,1599,1923,1320,8
479490,1,4256,-4059,-254,477,-759,1667,1576,395,-236,1947,968,751,1596,1931,1312,11
479490,1,4257,-4062,-248,485,-766,1675,1573,393,-238,1956,971,749,1596,1943,1307,11
479490,1,4256,-4061,-240,486,-764,1687,1570,392,-236,1965,973,749,1597,1958,1299,10
479490,1,4257,-4063,-234,490,-764,1703,1566,388,-236,1976,974,745,1601,1969,1292,10
479490,0,4257,-4063,-234,490,-764,1703,1566,388,-236,1976,974,745,1601,1969,1292,10
479490,1,4257,-4062,-227,493,-766,1718,1559,389,-239,1983,976,745,1602,1978,1285,12
479490,1,4257,-4062,-215,497,-771,1741,1557,385,-236,1999,976,744,1599,1993,1281,11
479490,1,4258,-4064,-210,499,-775,1762,1554,385,-239,2010,981,745,1600,2011,1273,11
479490,1,4258,-4061,-197,505,-774,1788,1549,383,-239,2019,983,746,1601,2021,1271,11
479490,0,4258,-4061,-197,505,-774,1788,1549,383,-239,2019,983,746,1601,2021,1271,11
479490,1,4258,-4063,-189,510,-778,1817,1546,385,-237,2028,983,744,1602,2032,1265,11
479490,1,4260,-4069,-181,514,-778,1841,1541,382,-239,2035,984,742,1599,2043,1262,10
479490,1,4258,-4067,-174,515,-785,1866,1537,380,-243,2043,983,740,1598,2058,1258,11
479490,1,4257,-4070,-171,520,-784,1896,1533,376,-242,2049,988,740,1597,2070,1255,12
479490,0,4257,-4070,-171,520,-784,1896,1533,376,-242,2049,988,740,1597,2070,1255,12
479490,1,4257,-4066,-165,524,-786,1916,1533,375,-244,2053,986,741,1595,2084,1249,11
479490,1,4256,-4069,-153,526,-794,1935,1535,375,-240,2061,989,737,1598,2098,1240,12
479490,1,4257,-4068,-147,530,-802,1946,1535,374,-243,2064,990,736,1598,2110,1240,14
479490,1,4257,-4068,-138,534,-807,1949,1532,374,-242,2075,987,736,1598,2121,1237,10
479490,0,4257,-4068,-138,534,-807,1949,1532,374,-242,2075,987,736,1598,2121,1237,10
479490,1,4257,-4070,-133,538,-805,1953,1528,373,-242,2085,987,737,1600,2132,1233,8
479490,1,4255,-4069,-125,543,-805,1957,1519,372,-243,2098,987,735,1602,2144,1232,12
479490,1,4258,-4070,-119,545,-815,1955,1516,367,-246,2108,991,732,1603,2158,1229,11
479490,1,4257,-4071,-112,548,-820,1954,1514,366,-244,2119,996,733,1598,2169,1225,11
479490,0,4257,-4071,-112,548,-820,1954,1514,366,-244,2119,996,733,1598,2169,1225,11
479490,1,4259,-4070,-99,552,-821,1957,1509,364,-245,2130,997,733,1594,2182,1220,12
479490,1,4258,-4066,-90,558,-823,1958,1507,364,-246,2141,999,731,1595,2193,1215,15
479490,1,4258,-4070,-82,560,-834,1964,1502,361,-244,2151,997,732,1597,2204,1210,13
479490,1,4260,-4070,-74,567,-836,1971,1498,362,-247,2156,997,729,1596,2215,1204,12
479490,0,4260,-4070,-74,567,-836,1971,1498,362,-247,2156,997,729,1596,2215,1204,12
479490,1,4259,-4070,-68,568,-830,1986,1490,358,-249,2165,1002,730,1598,2226,1200,11
479490,1,4258,-4073,-61,572,-840,2005,1483,354,-251,2172,1002,728,1601,2238,1196,12
479490,1,4259,-4072,-52,576,-853,2028,1478,350,-249,2183,1004,728,1603,2249,1190,14
479490,1,4258,-4072,-42,578,-857,2053,1478,350,-250,2188,1002,726,1600,2262,1182,12
479490,0,4258,-4072,-42,578,-857,2053,1478,350,-250,2188,1002,726,1600,2262,1182,12
479490,1,4259,-4070,-33,580,-860,2077,1477,347,-252,2195,1003,728,1603,2274,1173,14
479490,1,4260,-4069,-27,586,-868,2108,1471,348,-253,2206,1005,727,1601,2284,1169,13
479490,1,4260,-4070,-22,591,-880,2142,1467,347,-252,2215,1006,723,1597,2292,1166,11
479490,1,4259,-4071,-13,593,-883,2175,1465,345,-253,2223,1007,722,1595,2302,1163,12
479490,0,4259,-4071,-13,593,-883,2175,1465,345,-253,2223,1007,722,1595,2302,1163,12
479490,1,4260,-4072,-6,596,-885,2203,1464,346,-254,2232,1009,721,1595,2315,1159,17
479490,1,4259,-4069,6,602,-900,2222,1466,341,-257,2239,1009,721,1595,2327,1152,14
479490,1,4258,-4070,17,606,-905,2236,1466,344,-258,2247,1010,720,1593,2336,1147,15
479490,1,4260,-4070,23,609,-907,2241,1468,343,-259,2255,1010,719,1598,2349,1139,16
479490,0,4260,-4070,23,609,-907,2241,1468,343,-259,2255,1010,719,1598,2349,1139,16
479490,1,4259,-4069,29,614,-918,2245,1464,342,-256,2267,1007,718,1600,2359,1136,14
479490,1,4259,-4069,34,618,-927,2246,1456,339,-259,2284,1011,716,1604,2373,1131,12
479490,1,4258,-4068,45,618,-927,2245,1450,332,-260,2292,1014,715,1603,2381,1130,15
479490,1,4260,-4069,51,622,-932,2242,1446,337,-260,2304,1021,712,1602,2391,1124,13
479490,1,4258,-4069,62,625,-937,2245,1442,334,-262,2317,1026,710,1600,2405,1120,13
479490,0,4258,-4069,62,625,-937,2245,1442,334,-262,2317,1026,710,1600,2405,1120,13
479490,1,4257,-4068,72,631,-949,2247,1438,334,-262,2327,1027,712,1595,2415,1116,13
479490,1,4258,-4068,80,635,-958,2250,1435,327,-260,2333,1028,712,1592,2426,1107,16
479490,1,4258,-4068,87,637,-950,2256,1431,329,-265,2343,1028,710,1592,2434,1098,14
479490,1,4258,-4068,94,645,-964,2267,1423,328,-264,2352,1030,711,1594,2445,1092,16
479490,0,4258,-4068,94,645,-964,2267,1423,328,-264,2352,1030,711,1594,2445,1092,16
479490,1,4259,-4069,97,647,-962,2285,1420,324,-265,2358,1027,709,1598,2454,1084,16
479490,1,4256,-4070,106,647,-959,2305,1410,320,-266,2363,1029,708,1599,2463,1080,16
479490,1,4258,-4070,112,653,-965,2325,1410,318,-268,2372,1031,707,1601,2476,1073,12
479490,1,4258,-4069,121,655,-977,2352,1408,320,-267,2375,1028,705,1599,2486,1066,14
479490,0,4258,-4069,121,655,-977,2352,1408,320,-267,2375,1028,705,1599,2486,1066,14
479490,1,4259,-4066,132,663,-975,2384,1406,319,-269,2382,1034,704,1597,2495,1057,15
479490,1,4257,-4068,139,664,-974,2420,1403,317,-270,2393,1032,701,1599,2508,1051,14
479490,1,4258,-4069,145,669,-979,2453,1399,314,-271,2400,1036,702,1597,2519,1048,18
479490,1,4257,-4069,153,673,-991,2486,1396,314,-276,2405,1035,700,1597,2529,1044,15
479490,0,4257,-4069,153,673,-991,2486,1396,314,-276,2405,1035,700,1597,2529,1044,15
479490,1,4256,-4068,161,676,-989,2509,1401,315,-275,2407,1038,699,1596,2539,1038,14
479490,1,4257,-4067,168,681,-990,2527,1402,315,-276,2414,1039,698,1598,2546,1031,12
479490,1,4258,-4071,176,686,-1002,2533,1401,315,-278,2418,1038,696,1594,2557,1022,18
479490,1,4257,-4070,185,686,-1004,2533,1397,315,-277,2424,1040,696,1595,2569,1020,16
479490,0,4257,-4070,185,686,-1004,2533,1397,315,-277,2424,1040,696,1595,2569,1020,16
479490,1,4259,-4070,189,689,-1001,2535,1394,315,-277,2433,1043,696,1602,2580,1013,14
479490,1,4261,-4071,194,692,-1010,2530,1382,311,-280,2445,1037,693,1604,2591,1011,16
479490,1,4257,-4067,203,696,-1018,2527,1378,310,-280,2452,1041,692,1600,2604,1009,16
479490,1,4259,-4066,213,699,-1023,2528,1373,308,-282,2464,1041,689,1597,2613,1002,16
479490,0,4259,-4066,213,699,-1023,2528,1373,308,-282,2464,1041,689,1597,2613,1002,16
479490,1,4258,-4071,226,704,-1019,2526,1371,308,-284,2473,1042,688,1598,2625,999,16
479490,1,4259,-4068,235,711,-1023,2528,1372,302,-286,2482,1046,688,1595,2634,994,14
479490,1,4258,-4066,242,716,-1035,2532,1364,300,-284,2492,1046,686,1594,2645,990,16
479490,1,4258,-4070,247,717,-1038,2546,1360,300,-286,2498,1048,684,1594,2655,983,15
479490,0,4258,-4070,247,717,-1038,2546,1360,300,-286,2498,1048,684,1594,2655,983,15
479491,1,4259,-4069,251,719,-1034,2565,1347,297,-286,2504,1048,686,1597,2669,979,15
479491,1,4259,-4071,258,724,-1042,2591,1341,298,-288,2514,1047,685,1599,2674,975,18
479491,1,4260,-4070,264,731,-1041,2611,1338,292,-290,2520,1046,684,1596,2689,971,18
479491,1,4258,-4069,274,731,-1045,2638,1341,291,-291,2526,1048,679,1597,2706,965,16
479491,0,4258,-4069,274,731,-1045,2638,1341,291,-291,2526,1048,679,1597,2706,965,16
479491,1,4258,-4067,283,731,-1039,2672,1338,291,-290,2541,1045,677,1597,2715,958,18
479491,1,4257,-4067,288,738,-1049,2713,1332,289,-296,2553,1047,676,1599,2724,957,16
479491,1,4260,-4065,297,742,-1057,2747,1329,290,-294,2562,1048,674,1594,2738,958,18
479491,1,4260,-4067,305,747,-1060,2776,1332,292,-297,2574,1051,675,1597,2751,950,18
479491,0,4260,-4067,305,747,-1060,2776,1332,292,-297,2574,1051,675,1597,2751,950,18
479491,1,4258,-4070,315,750,-1060,2794,1338,289,-297,2586,1051,673,1594,2764,943,17
479491,1,4258,-4068,323,755,-1060,2805,1335,290,-298,2596,1050,673,1592,2775,935,19
479491,1,4258,-4070,331,759,-1070,2807,1333,287,-300,2607,1049,671,1598,2788,933,18
479491,1,4256,-4070,335,759,-1077,2803,1331,290,-301,2618,1053,671,1599,2800,928,19
479491,0,4256,-4070,335,759,-1077,2803,1331,290,-301,2618,1053,671,1599,2800,928,19
479491,1,4257,-4068,340,761,-1077,2799,1323,287,-301,2632,1054,670,1601,2811,927,20
479491,1,4258,-4068,347,769,-1079,2799,1316,279,-305,2644,1057,670,1601,2825,923,19
479491,1,4258,-4068,359,774,-1089,2790,1313,279,-303,2652,1065,667,1597,2836,917,19
479491,1,4260,-4069,368,781,-1093,2783,1307,278,-307,2662,1067,668,1595,2851,909,19
479491,0,4260,-4069,368,781,-1093,2783,1307,278,-307,2662,1067,668,1595,2851,909,19
479491,1,4259,-4071,380,783,-1094,2785,1304,275,-309,2673,1072,666,1593,2862,909,18
479491,1,4259,-4072,384,788,-1098,2795,1298,277,-311,2678,1077,666,1594,2874,898,17
479491,1,4257,-4067,390,793,-1110,2809,1288,274,-313,2688,1078,664,1595,2883,896,20
479491,1,4256,-4067,395,792,-1118,2831,1275,272,-313,2699,1079,662,1596,2896,888,20
479491,0,4256,-4067,395,792,-1118,2831,1275,272,-313,2699,1079,662,1596,2896,888,20
479491,1,4259,-4069,402,793,-1118,2853,1274,269,-314,2705,1078,662,1595,2908,883,17
479491,1,4256,-4069,409,798,-1116,2876,1278,268,-316,2711,1079,660,1595,2918,879,17
479491,1,4257,-4068,420,806,-1130,2911,1277,269,-318,2721,1078,657,1596,2933,874,21
479491,1,4260,-4067,430,809,-1128,2945,1272,265,-321,2729,1078,657,1595,2940,873,18
479491,0,4260,-4067,430,809,-1128,2945,1272,265,-321,2729,1078,657,1595,2940,873,18
479491,1,4256,-4068,434,811,-1130,2985,1270,266,-321,2739,1079,658,1595,2952,870,20
479491,1,4259,-4068,444,816,-1142,3021,1266,264,-321,2751,1078,653,1597,2966,865,22
479491,1,4255,-4072,452,821,-1151,3045,1273,265,-325,2759,1082,653,1593,2975,862,20
479491,1,4257,-4068,461,826,-1149,3057,1277,265,-328,2768,1081,654,1592,2985,859,17
479491,0,4257,-4068,461,826,-1149,3057,1277,265,-328,2768,1081,654,1592,2985,859,17
479491,1,4256,-4067,466,830,-1152,3060,1274,263,-329,2773,1083,652,1592,2993,846,22
479491,1,4258,-4065,475,831,-1167,3060,1270,262,-334,2781,1081,651,1594,3004,843,20
479491,1,4258,-4070,479,834,-1175,3050,1261,263,-337,2794,1083,648,1596,3014,841,19
479491,1,4256,-4067,487,840,-1175,3046,1254,259,-338,2803,1085,648,1594,3025,838,22
479491,1,4258,-4067,494,843,-1175,3037,1249,259,-338,2813,1084,651,1596,3037,835,21
479491,0,4258,-4067,494,843,-1175,3037,1249,259,-338,2813,1084,651,1596,3037,835,21
479491,1,4256,-4066,503,846,-1186,3029,1247,255,-337,2819,1088,650,1591,3045,831,23
479491,1,4258,-4068,515,849,-1184,3028,1242,255,-340,2828,1092,644,1588,3058,821,22
479491,1,4257,-4066,521,857,-1188,3038,1233,249,-345,2836,1087,642,1592,3064,815,23
479491,1,4257,-4067,527,859,-1198,3056,1213,248,-342,2843,1093,643,1594,3077,813,22
479491,0,4257,-4067,527,859,-1198,3056,1213,248,-342,2843,1093,643,1594,3077,813,22
479491,1,4259,-4064,535,865,-1205,3080,1199,246,-346,2850,1090,641,1594,3086,804,19
479491,1,4255,-4067,544,868,-1202,3106,1202,244,-351,2854,1092,643,1589,3097,801,20
479491,1,4257,-4068,552,870,-1196,3129,1217,245,-350,2865,1090,642,1589,3107,791,23
479491,1,4257,-4066,559,874,-1209,3155,1226,244,-353,2871,1089,641,1591,3118,788,23
479491,0,4257,-4066,559,874,-1209,3155,1226,244,-353,2871,1089,641,1591,3118,788,23
479491,1,4256,-4067,567,876,-1213,3196,1219,241,-353,2882,1091,637,1592,3127,786,22
479491,1,4257,-4067,576,879,-1211,3235,1211,241,-356,2892,1090,636,1588,3138,778,22
479491,1,4259,-4067,584,883,-1212,3269,1209,240,-359,2901,1090,636,1588,3149,773,23
479491,1,4258,-4067,594,884,-1226,3292,1213,241,-362,2911,1094,635,1587,3158,766,26
479491,0,4258,-4067,594,884,-1226,3292,1213,241,-362,2911,1094,635,1587,3158,766,26
479491,1,4257,-4067,600,894,-1221,3306,1216,241,-363,2919,1094,634,1588,3174,754,23
479491,1,4255,-4067,607,899,-1225,3308,1213,240,-364,2927,1094,634,1589,3185,747,25
479491,1,4258,-4066,615,902,-1236,3304,1211,241,-365,2935,1096,630,1590,3193,737,25
479491,1,4258,-4066,624,899,-1236,3302,1200,235,-366,2944,1098,628,1587,3203,735,23
479491,0,4258,-4066,624,899,-1236,3302,1200,235,-366,2944,1098,628,1587,3203,735,23
479491,1,4257,-4066,628,904,-1236,3296,1190,232,-369,2956,1101,630,1590,3212,735,23
479491,1,4256,-4067,639,912,-1236,3281,1189,233,-370,2962,1102,625,1587,3224,736,24
479491,1,4254,-4069,648,913,-1252,3272,1187,230,-372,2969,1103,628,1587,3235,730,26
479491,1,4257,-4071,656,918,-1249,3274,1179,232,-374,2977,1108,625,1586,3245,722,23
479491,0,4257,-4071,656,918,-1249,3274,1179,232,-374,2977,1108,625,1586,3245,722,23
479491,1,4257,-4067,668,923,-1249,3291,1165,227,-374,2985,1107,622,1588,3255,713,27
479491,1,4258,-4066,673,929,-1249,3313,1146,227,-374,2989,1111,623,1585,3264,714,26
479491,1,4258,-4069,682,934,-1262,3337,1141,227,-379,2996,1110,625,1583,3272,707,24
479491,1,4259,-4066,691,939,-1255,3356,1153,227,-382,3006,1114,620,1586,3279,702,25
479491,0,4259,-4066,691,939,-1255,3356,1153,227,-382,3006,1114,620,1586,3279,702,25
479491,1,4259,-4066,697,943,-1263,3375,1177,226,-382,3011,1116,620,1587,3289,701,29
479491,1,4255,-4068,703,949,-1269,3409,1177,227,-386,3023,1122,620,1588,3293,699,26
479491,1,4255,-4068,712,955,-1269,3446,1170,226,-384,3031,1125,619,1587,3301,702,25
479491,1,4257,-4068,720,961,-1264,3475,1171,227,-386,3037,1128,618,1587,3308,701,28
479491,0,4257,-4068,720,961,-1264,3475,1171,227,-386,3037,1128,618,1587,3308,701,28
479491,1,4256,-4069,727,963,-1270,3492,1177,227,-388,3045,1134,623,1583,3313,698,29
479491,1,4257,-4067,731,969,-1278,3503,1185,226,-390,3053,1141,621,1584,3324,698,28
479491,1,4256,-4069,738,974,-1281,3504,1183,226,-389,3057,1147,620,1583,3331,698,31
479491,1,4255,-4065,745,981,-1276,3498,1181,226,-393,3059,1147,620,1586,3339,697,30
479491,0,4255,-4065,745,981,-1276,3498,1181,226,-393,3059,1147,620,1586,3339,697,30
479491,1,4258,-4069,747,982,-1285,3488,1177,224,-394,3064,1152,622,1583,3345,697,29
479491,1,4258,-4066,756,990,-1275,3475,1170,228,-398,3068,1154,620,1586,3347,698,32
479491,1,4255,-4067,758,994,-1285,3462,1170,224,-398,3074,1160,620,1581,3358,695,32
479491,1,4257,-4065,768,1000,-1279,3447,1170,226,-401,3077,1162,620,1583,3362,695,35
479491,0,4257,-4065,768,1000,-1279,3447,1170,226,-401,3077,1162,620,1583,3362,695,35
479491,1,4255,-4068,775,1006,-1275,3433,1170,228,-400,3078,1170,621,1583,3367,695,32
479491,1,4256,-4067,783,1012,-1281,3424,1168,226,-403,3081,1171,620,1584,3373,695,31
479491,1,4256,-4068,788,1018,-1290,3426,1161,225,-408,3087,1177,621,1586,3383,693,32
479491,1,4255,-4063,793,1023,-1287,3431,1160,225,-410,3087,1178,621,1583,3380,696,35
479491,0,4255,-4063,793,1023,-1287,3431,1160,225,-410,3087,1178,621,1583,3380,696,35
479491,1,4256,-4066,798,1028,-1285,3443,1160,228,-406,3091,1185,621,1579,3388,693,35
479491,1,4254,-4067,806,1034,-1293,3452,1166,226,-410,3094,1191,620,1578,3392,694,38
479491,1,4257,-4065,810,1038,-1288,3465,1177,228,-410,3098,1193,620,1581,3396,694,37
479491,1,4257,-4067,814,1043,-1286,3487,1178,229,-413,3101,1197,621,1583,3399,701,39
479491,0,4257,-4067,814,1043,-1286,3487,1178,229,-413,3101,1197,621,1583,3399,701,39
479491,1,4255,-4068,822,1046,-1299,3511,1178,228,-416,3107,1204,621,1583,3403,697,38
479491,1,4255,-4068,828,1054,-1296,3527,1180,228,-417,3109,1211,621,1583,3405,694,41
479491,1,4256,-4069,832,1062,-1294,3542,1188,226,-417,3110,1214,618,1583,3409,694,41
479491,1,4256,-4069,840,1068,-1298,3549,1197,228,-417,3113,1221,620,1577,3413,694,43
479491,0,4256,-4069,840,1068,-1298,3549,1197,228,-417,3113,1221,620,1577,3413,694,43
479491,1,4255,-4068,846,1074,-1291,3551,1197,238,-423,3116,1225,619,1581,3419,693,42
479491,1,4257,-4069,849,1078,-1296,3545,1199,245,-424,3115,1228,622,1585,3422,695,44
479491,1,4256,-4069,853,1081,-1299,3542,1199,247,-424,3120,1236,624,1584,3422,696,45
479491,1,4254,-4068,858,1086,-1295,3532,1199,244,-425,3123,1240,626,1583,3429,692,47
479491,0,4254,-4068,858,1086,-1295,3532,1199,244,-425,3123,1240,626,1583,3429,692,47
479491,1,4255,-4067,864,1092,-1302,3521,1200,247,-424,3123,1248,624,1583,3432,694,44
479491,1,4255,-4067,870,1099,-1304,3509,1205,243,-428,3124,1251,625,1584,3438,697,52
479491,1,4254,-4067,875,1104,-1302,3502,1205,245,-430,3127,1256,628,1580,3440,698,49
479491,1,4254,-4065,883,1110,-1304,3494,1209,243,-430,3126,1260,627,1582,3442,694,52
479491,1,4255,-4068,889,1116,-1301,3492,1216,244,-429,3126,1268,629,1580,3442,692,54
479491,0,4255,-4068,889,1116,-1301,3492,1216,244,-429,3126,1268,629,1580,3442,692,54
479491,1,4254,-4069,894,1123,-1303,3490,1216,243,-432,3131,1269,632,1580,3446,694,56
479491,1,4255,-4066,900,1128,-1307,3490,1222,242,-434,3130,1274,631,1578,3449,695,56
479491,1,4256,-4068,902,1134,-1303,3492,1230,242,-435,3131,1280,632,1578,3454,695,57
479491,1,4255,-4065,906,1137,-1307,3495,1234,244,-434,3131,1286,633,1580,3460,697,61
479491,0,4255,-4065,906,1137,-1307,3495,1234,244,-434,3131,1286,633,1580,3460,697,61
479491,1,4257,-4068,910,1143,-1304,3499,1236,248,-436,3134,1289,632,1580,3463,693,64
479491,1,4258,-4068,915,1147,-1302,3505,1241,255,-437,3135,1297,634,1577,3464,696,63
479491,1,4256,-4071,921,1153,-1309,3509,1247,263,-437,3137,1300,634,1577,3465,696,68
479491,1,4257,-4068,926,1158,-1310,3516,1252,271,-439,3140,1305,636,1581,3474,695,69
479491,0,4257,-4068,926,1158,-1310,3516,1252,271,-439,3140,1305,636,1581,3474,695,69
479491,1,4256,-4067,932,1166,-1305,3522,1259,280,-442,3139,1312,634,1577,3475,697,71
479491,1,4254,-4065,935,1171,-1313,3530,1264,288,-442,3141,1318,633,1576,3475,695,72
479491,1,4254,-4068,943,1173,-1306,3536,1269,291,-442,3140,1323,635,1579,3477,695,76
479491,1,4256,-4066,948,1181,-1304,3540,1276,298,-444,3140,1329,633,1577,3479,696,77
479491,0,4256,-4066,948,1181,-1304,3540,1276,298,-444,3140,1329,633,1577,3479,696,77
479491,1,4255,-4065,955,1186,-1311,3544,1280,305,-442,3140,1333,633,1577,3480,695,81
479491,1,4256,-4068,959,1194,-1304,3544,1289,311,-445,3139,1338,636,1576,3485,695,82
479491,1,4255,-4065,965,1198,-1308,3543,1293,315,-446,3141,1343,635,1580,3486,694,86
479491,1,4255,-4066,968,1205,-1315,3545,1296,320,-447,3142,1348,639,1577,3489,692,87
479491,0,4255,-4066,968,1205,-1315,3545,1296,320,-447,3142,1348,639,1577,3489,692,87
479491,1,4256,-4067,973,1210,-1311,3543,1300,327,-449,3142,1353,645,1577,3493,696,91
479491,1,4257,-4067,979,1215,-1315,3540,1304,329,-448,3141,1360,653,1576,3497,697,95
479491,1,4256,-4064,984,1220,-1310,3538,1309,337,-448,3145,1363,664,1576,3497,693,97
479491,1,4255,-4065,985,1224,-1311,3539,1313,340,-449,3145,1371,669,1576,3496,696,101
479491,0,4255,-4065,985,1224,-1311,3539,1313,340,-449,3145,1371,669,1576,3496,696,101
479491,1,4255,-4070,992,1227,-1317,3540,1321,347,-451,3148,1375,674,1577,3502,698,106
479491,1,4256,-4066,994,1234,-1309,3538,1326,352,-448,3147,1382,680,1578,3503,697,109
479491,1,4256,-4067,996,1242,-1315,3538,1335,355,-451,3145,1386,685,1578,3503,696,112
479491,1,4254,-4066,999,1251,-1313,3538,1339,362,-455,3146,1391,689,1577,3507,696,115
479491,0,4254,-4066,999,1251,-1313,3538,1339,362,-455,3146,1391,689,1577,3507,696,115
479491,1,4255,-4068,1009,1255,-1314,3538,1345,368,-453,3148,1397,694,1576,3508,694,120
479491,1,4256,-4063,1013,1258,-1320,3540,1351,371,-455,3148,1403,700,1576,3514,697,124
479491,1,4254,-4066,1017,1264,-1311,3538,1357,376,-452,3148,1405,707,1576,3516,696,124
479491,1,4255,-4065,1019,1265,-1315,3536,1362,385,-455,3147,1410,710,1578,3516,696,130
479491,0,4255,-4065,1019,1265,-1315,3536,1362,385,-455,3147,1410,710,1578,3516,696,130
479491,1,4257,-4067,1024,1273,-1320,3538,1368,390,-455,3141,1418,717,1578,3519,697,133
479491,1,4252,-4068,1023,1276,-1314,3538,1370,394,-455,3140,1419,718,1576,3518,701,135
479491,1,4255,-4064,1025,1277,-1319,3537,1377,399,-458,3137,1420,722,1576,3520,702,142
479491,1,4254,-4068,1027,1284,-1316,3542,1385,406,-455,3133,1423,724,1577,3522,702,145
479491,0,4254,-4068,1027,1284,-1316,3542,1385,406,-455,3133,1423,724,1577,3522,702,145
479491,1,4257,-4066,1029,1286,-1322,3537,1388,411,-459,3134,1425,731,1575,3525,704,150
479491,1,4256,-4066,1033,1292,-1318,3538,1392,416,-458,3133,1425,732,1570,3526,702,151
479491,1,4253,-4066,1030,1292,-1320,3539,1398,421,-458,3131,1425,735,1575,3530,702,157
479491,1,4252,-4068,1034,1295,-1323,3536,1403,422,-459,3131,1431,738,1577,3532,706,161
479491,0,4252,-4068,1034,1295,-1323,3536,1403,422,-459,3131,1431,738,1577,3532,706,161
479491,1,4252,-4064,1035,1299,-1320,3535,1409,430,-459,3131,1425,739,1574,3532,705,164
479491,1,4251,-4065,1036,1301,-1321,3538,1415,437,-458,3129,1428,746,1575,3536,704,165
479491,1,4257,-4066,1032,1304,-1324,3539,1421,441,-459,3130,1427,748,1578,3537,707,171
479491,1,4254,-4067,1034,1307,-1319,3536,1425,447,-460,3126,1428,748,1575,3541,711,174
479491,0,4254,-4067,1034,1307,-1319,3536,1425,447,-460,3126,1428,748,1575,3541,711,174
479491,1,4253,-4062,1036,1311,-1324,3539,1431,452,-456,3127,1431,750,1575,3539,715,180
479491,1,4255,-4067,1035,1314,-1320,3538,1437,456,-460,3126,1430,756,1576,3543,714,183
479491,1,4253,-4067,1036,1318,-1322,3536,1440,462,-462,3125,1432,757,1575,3545,715,190
479491,1,4252,-4068,1038,1316,-1320,3536,1444,469,-459,3125,1432,757,1575,3545,717,193
479491,0,4252,-4068,1038,1316,-1320,3536,1444,469,-459,3125,1432,757,1575,3545,717,193
479491,1,4254,-4065,1039,1318,-1319,3538,1449,475,-464,3125,1435,758,1573,3547,714,198
479491,1,4253,-4068,1041,1324,-1329,3539,1458,481,-464,3122,1434,760,1577,3550,719,200
479491,1,4252,-4066,1041,1329,-1323,3537,1463,484,-466,3121,1433,766,1579,3551,717,206
479491,1,4253,-4066,1041,1333,-1326,3537,1464,489,-463,3120,1436,768,1575,3551,721,210
479491,0,4253,-4066,1041,1333,-1326,3537,1464,489,-463,3120,1436,768,1575,3551,721,210
479491,1,4253,-4067,1040,1335,-1327,3533,1464,493,-461,3122,1438,768,1573,3554,724,213
479491,1,4253,-4065,1040,1335,-1324,3530,1473,497,-463,3122,1438,771,1575,3555,728,218
479491,1,4254,-4065,1043,1340,-1328,3529,1473,502,-463,3121,1438,773,1577,3558,730,223
479491,1,4252,-4067,1040,1342,-1325,3525,1476,506,-465,3117,1441,774,1575,3561,732,229
479491,1,4253,-4069,1041,1346,-1331,3520,1480,512,-465,3118,1439,776,1575,3563,735,234
479491,0,4253,-4069,1041,1346,-1331,3520,1480,512,-465,3118,1439,776,1575,3563,735,234
479491,1,4253,-4065,1042,1348,-1324,3515,1488,516,-467,3118,1440,778,1575,3563,734,237
479491,1,4253,-4066,1041,1349,-1328,3508,1493,519,-466,3116,1443,778,1575,3561,736,243
479491,1,4253,-4067,1041,1354,-1332,3503,1498,527,-466,3115,1443,782,1576,3564,736,244
479491,1,4251,-4066,1042,1357,-1328,3498,1504,533,-466,3115,1443,786,1573,3565,737,248
479491,0,4251,-4066,1042,1357,-1328,3498,1504,533,-466,3115,1443,786,1573,3565,737,248
479491,1,4254,-4069,1044,1358,-1333,3496,1512,534,-469,3113,1444,788,1574,3565,741,255
479491,1,4254,-4068,1043,1366,-1327,3494,1510,540,-470,3113,1446,792,1576,3570,740,258
479491,1,4253,-4067,1045,1367,-1330,3491,1512,550,-467,3111,1444,794,1574,3569,744,262
479491,1,4253,-4066,1044,1369,-1327,3490,1514,552,-470,3110,1447,798,1572,3570,746,265
479491,0,4253,-4066,1044,1369,-1327,3490,1514,552,-470,3110,1447,798,1572,3570,746,265
479491,1,4253,-4068,1045,1370,-1327,3485,1518,556,-469,3110,1449,801,1576,3573,751,271
479491,1,4254,-4067,1044,1374,-1333,3482,1523,563,-467,3109,1448,801,1574,3574,752,273
479491,1,4255,-4065,1041,1379,-1334,3474,1527,565,-470,3106,1449,802,1574,3577,751,281
479491,1,4251,-4069,1044,1382,-1332,3475,1534,571,-469,3107,1452,805,1573,3574,752,286
479491,0,4251,-4069,1044,1382,-1332,3475,1534,571,-469,3107,1452,805,1573,3574,752,286
479491,1,4253,-4067,1044,1381,-1328,3472,1540,577,-471,3106,1453,808,1576,3575,750,289
479491,1,4254,-4067,1043,1384,-1334,3468,1541,582,-470,3104,1452,811,1576,3578,756,295
479491,1,4253,-4069,1044,1388,-1330,3466,1546,587,-468,3103,1455,815,1574,3580,759,298
479491,1,4253,-4067,1044,1392,-1335,3463,1548,590,-469,3102,1454,816,1574,3580,763,303
479491,0,4253,-4067,1044,1392,-1335,3463,1548,590,-469,3102,1454,816,1574,3580,763,303
479491,1,4254,-4071,1042,1396,-1333,3463,1549,591,-471,3103,1455,816,1574,3579,767,304
479491,1,4251,-4067,1043,1402,-1332,3463,1556,598,-472,3103,1458,816,1576,3584,768,313
479492,1,4253,-4067,1046,1405,-1339,3459,1554,601,-472,3104,1461,822,1573,3585,768,315
479492,1,4253,-4067,1043,1406,-1328,3458,1558,604,-469,3101,1462,824,1573,3587,771,322
479492,0,4253,-4067,1043,1406,-1328,3458,1558,604,-469,3101,1462,824,1573,3587,771,322
479492,1,4254,-4065,1046,1411,-1336,3460,1559,609,-472,3100,1461,827,1572,3587,775,327
479492,1,4253,-4067,1045,1414,-1333,3457,1562,611,-471,3101,1461,829,1574,3584,779,331
479492,1,4253,-4067,1042,1416,-1337,3454,1565,613,-471,3097,1467,830,1574,3588,779,336
479492,1,4249,-4065,1044,1418,-1330,3457,1565,615,-470,3099,1466,832,1575,3590,783,339
479492,0,4249,-4065,1044,1418,-1330,3457,1565,615,-470,3099,1466,832,1575,3590,783,339
479492,1,4253,-4066,1044,1419,-1336,3454,1565,620,-475,3096,1464,837,1574,3590,783,344
479492,1,4254,-4066,1044,1420,-1336,3453,1568,623,-472,3095,1469,837,1575,3592,790,349
479492,1,4252,-4065,1043,1425,-1338,3454,1569,622,-471,3094,1471,840,1574,3589,791,353
479492,1,4255,-4064,1044,1427,-1337,3451,1571,626,-474,3096,1472,843,1573,3594,793,356
479492,0,4255,-4064,1044,1427,-1337,3451,1571,626,-474,3096,1472,843,1573,3594,793,356
479492,1,4254,-4063,1044,1432,-1334,3450,1573,629,-472,3092,1471,847,1574,3595,798,364
479492,1,4254,-4066,1044,1435,-1340,3451,1575,630,-474,3091,1473,849,1573,3598,798,366
479492,1,4253,-4068,1044,1439,-1338,3451,1575,632,-472,3092,1476,849,1573,3597,801,372
479492,1,4254,-4067,1043,1440,-1341,3451,1577,633,-475,3092,1477,852,1575,3597,805,378
479492,0,4254,-4067,1043,1440,-1341,3451,1577,633,-475,3092,1477,852,1575,3597,805,378
479492,1,4253,-4065,1044,1445,-1334,3448,1576,636,-474,3089,1475,855,1575,3599,810,381
479492,1,4253,-4069,1043,1445,-1341,3449,1580,639,-471,3089,1474,859,1573,3599,812,385
479492,1,4255,-4066,1045,1454,-1336,3447,1579,642,-474,3087,1475,860,1574,3601,822,391
479492,1,4254,-4067,1043,1451,-1341,3448,1581,646,-475,3088,1478,861,1575,3601,824,396
479492,0,4254,-4067,1043,1451,-1341,3448,1581,646,-475,3088,1478,861,1575,3601,824,396
479492,1,4254,-4065,1044,1454,-1340,3444,1580,648,-473,3087,1481,862,1574,3601,826,401
479492,1,4253,-4068,1046,1460,-1336,3447,1583,649,-474,3085,1481,868,1576,3603,833,404
479492,1,4255,-4065,1044,1461,-1341,3446,1582,652,-475,3085,1480,867,1574,3607,838,407
479492,1,4253,-4066,1044,1464,-1334,3445,1582,656,-473,3083,1483,866,1573,3604,841,413
479492,0,4253,-4066,1044,1464,-1334,3445,1582,656,-473,3083,1483,866,1573,3604,841,413
479492,1,4257,-4065,1045,1464,-1344,3442,1584,660,-474,3083,1484,873,1573,3605,844,418
479492,1,4255,-4068,1045,1467,-1343,3442,1585,662,-472,3081,1488,876,1573,3607,850,424
479492,1,4253,-4068,1047,1469,-1339,3443,1585,668,-476,3079,1489,877,1573,3607,857,429
479492,1,4256,-4069,1045,1475,-1340,3441,1587,671,-473,3080,1492,878,1574,3608,860,433
479492,0,4256,-4069,1045,1475,-1340,3441,1587,671,-473,3080,1492,878,1574,3608,860,433
479492,1,4255,-4066,1044,1477,-1343,3440,1587,669,-474,3078,1494,878,1574,3607,867,438
479492,1,4254,-4066,1044,1479,-1339,3442,1591,672,-478,3078,1494,883,1574,3608,874,443
479492,1,4255,-4066,1045,1481,-1341,3441,1591,675,-475,3078,1494,885,1572,3610,878,448
479492,1,4256,-4068,1047,1484,-1344,3439,1593,679,-476,3076,1497,888,1574,3612,884,452
479492,0,4256,-4068,1047,1484,-1344,3439,1593,679,-476,3076,1497,888,1574,3612,884,452
479492,1,4255,-4066,1046,1488,-1342,3439,1594,684,-474,3073,1497,889,1574,3611,892,456
479492,1,4256,-4068,1047,1491,-1345,3437,1594,683,-475,3072,1499,890,1574,3614,896,460
479492,1,4257,-4072,1048,1494,-1344,3436,1596,688,-474,3071,1498,892,1576,3614,901,466
479492,1,4256,-4066,1044,1494,-1344,3437,1596,690,-477,3071,1499,891,1574,3617,904,469
479492,0,4256,-4066,1044,1494,-1344,3437,1596,690,-477,3071,1499,891,1574,3617,904,469
479492,1,4257,-4069,1047,1500,-1343,3435,1599,694,-476,3069,1501,897,1572,3615,911,477
479492,1,4256,-4068,1047,1504,-1346,3433,1602,693,-477,3068,1501,902,1569,3619,916,480
479492,1,4255,-4068,1045,1505,-1340,3434,1600,695,-476,3066,1502,907,1572,3616,922,485
479492,1,4256,-4065,1047,1510,-1343,3433,1603,699,-476,3065,1504,904,1576,3621,927,490
479492,1,4257,-4069,1045,1510,-1345,3432,1606,701,-476,3064,1506,908,1573,3620,931,494
479492,0,4257,-4069,1045,1510,-1345,3432,1606,701,-476,3064,1506,908,1573,3620,931,494
479492,1,4255,-4069,1047,1508,-1343,3430,1607,703,-475,3061,1510,912,1571,3617,938,497
479492,1,4259,-4069,1046,1511,-1348,3432,1607,705,-478,3063,1511,910,1573,3623,942,502
479492,1,4257,-4068,1047,1518,-1343,3429,1608,707,-479,3060,1515,913,1575,3620,948,505
479492,1,4255,-4069,1049,1523,-1348,3430,1611,712,-475,3060,1515,919,1572,3622,955,510
479492,0,4255,-4069,1049,1523,-1348,3430,1611,712,-475,3060,1515,919,1572,3622,955,510
479492,1,4256,-4069,1047,1525,-1346,3425,1612,716,-477,3057,1518,920,1575,3621,959,515
479492,1,4258,-4072,1047,1528,-1348,3426,1613,718,-478,3057,1518,923,1571,3624,961,521
479492,1,4257,-4068,1046,1531,-1346,3426,1615,719,-477,3056,1517,925,1571,3623,971,525
479492,1,4258,-4072,1048,1532,-1349,3425,1616,719,-478,3054,1522,928,1571,3624,975,529
479492,0,4258,-4072,1048,1532,-1349,3425,1616,719,-478,3054,1522,928,1571,3624,975,529
479492,1,4257,-4068,1048,1532,-1348,3425,1619,719,-476,3052,1520,929,1573,3624,980,535
479492,1,4260,-4069,1050,1536,-1347,3427,1617,725,-477,3052,1522,931,1572,3627,983,539
479492,1,4258,-4070,1049,1541,-1348,3422,1621,728,-476,3050,1524,934,1572,3625,987,542
479492,1,4260,-4071,1050,1546,-1344,3423,1624,729,-477,3049,1525,938,1574,3629,991,547
479492,0,4260,-4071,1050,1546,-1344,3423,1624,729,-477,3049,1525,938,1574,3629,991,547
479492,1,4258,-4070,1045,1550,-1348,3422,1625,728,-478,3044,1532,938,1571,3630,999,555
479492,1,4256,-4069,1047,1554,-1344,3420,1627,734,-476,3043,1530,943,1572,3627,1003,555
479492,1,4260,-4069,1045,1555,-1349,3422,1628,736,-476,3042,1534,942,1575,3629,1005,563
479492,1,4259,-4070,1049,1557,-1349,3421,1625,739,-477,3041,1535,945,1573,3630,1011,569
479492,0,4259,-4070,1049,1557,-1349,3421,1625,739,-477,3041,1535,945,1573,3630,1011,569
479492,1,4261,-4072,1045,1561,-1350,3421,1632,740,-476,3039,1535,949,1572,3631,1020,570
479492,1,4260,-4070,1047,1565,-1350,3422,1631,741,-478,3037,1534,952,1572,3633,1026,577
479492,1,4257,-4071,1046,1565,-1349,3419,1633,747,-479,3035,1538,955,1574,3631,1030,581
479492,1,4260,-4072,1046,1564,-1347,3417,1633,749,-478,3036,1540,955,1572,3631,1033,586
479492,0,4260,-4072,1046,1564,-1347,3417,1633,749,-478,3036,1540,955,1572,3631,1033,586
479492,1,4260,-4072,1048,1581,-1349,3415,1637,750,-477,3036,1540,955,1574,3632,1033,591
479492,1,4260,-4070,1046,1578,-1348,3417,1637,754,-479,3033,1548,961,1573,3634,1042,596
479492,1,4257,-4073,1048,1582,-1346,3415,1639,759,-478,3032,1546,963,1574,3634,1046,602
479492,1,4259,-4074,1049,1584,-1350,3413,1639,766,-479,3028,1551,966,1575,3634,1051,610
479492,0,4259,-4074,1049,1584,-1350,3413,1639,766,-479,3028,1551,966,1575,3634,1051,610
479492,1,4260,-4071,1046,1586,-1347,3411,1641,768,-478,3030,1553,969,1572,3634,1052,610
479492,1,4261,-4073,1047,1589,-1352,3411,1646,773,-480,3029,1554,970,1573,3635,1059,613
479492,1,4260,-4072,1048,1595,-1347,3410,1646,775,-478,3028,1553,974,1570,3634,1063,620
479492,1,4261,-4072,1046,1597,-1347,3410,1642,775,-481,3026,1553,977,1572,3636,1067,624
479492,0,4261,-4072,1046,1597,-1347,3410,1642,775,-481,3026,1553,977,1572,3636,1067,624
479492,1,4260,-4075,1045,1603,-1350,3410,1646,780,-479,3024,1552,979,1573,3638,1073,627
479492,1,4260,-4074,1048,1603,-1352,3410,1648,783,-482,3023,1558,979,1572,3636,1077,631
479492,1,4260,-4074,1048,1607,-1350,3406,1648,785,-480,3019,1559,984,1572,3637,1079,638
479492,1,4260,-4072,1049,1606,-1351,3407,1649,789,-479,3021,1562,984,1573,3640,1082,643
479492,0,4260,-4072,1049,1606,-1351,3407,1649,789,-479,3021,1562,984,1573,3640,1082,643
479492,1,4259,-4074,1048,1612,-1348,3410,1651,789,-479,3019,1561,987,1571,3640,1087,645
479492,1,4261,-4072,1047,1617,-1350,3405,1650,791,-478,3016,1563,990,1571,3639,1088,653
479492,1,4259,-4077,1046,1619,-1353,3404,1651,794,-480,3017,1563,990,1572,3640,1093,656
479492,1,4263,-4072,1048,1620,-1350,3405,1653,796,-479,3015,1564,993,1571,3642,1097,664
479492,0,4263,-4072,1048,1620,-1350,3405,1653,796,-479,3015,1564,993,1571,3642,1097,664
479492,1,4262,-4075,1046,1629,-1353,3403,1656,801,-477,3014,1569,997,1574,3640,1104,667
479492,1,4261,-4074,1048,1632,-1349,3403,1658,800,-478,3013,1570,998,1574,3645,1109,672
479492,1,4262,-4073,1045,1631,-1350,3402,1655,802,-476,3010,1573,1000,1571,3642,1112,676
479492,1,4262,-4073,1049,1634,-1352,3403,1660,806,-480,3012,1572,1003,1574,3644,1116,679
479492,0,4262,-4073,1049,1634,-1352,3403,1660,806,-480,3012,1572,1003,1574,3644,1116,679
479492,1,4261,-4074,1048,1638,-1352,3399,1660,809,-479,3007,1569,1005,1572,3642,1119,686
479492,1,4261,-4073,1048,1639,-1354,3401,1664,808,-478,3013,1573,1006,1570,3647,1124,691
479492,1,4261,-4074,1047,1647,-1350,3398,1664,810,-478,3009,1576,1012,1573,3642,1126,696
479492,1,4261,-4072,1045,1652,-1355,3397,1667,814,-478,3004,1580,1013,1571,3642,1132,698
479492,0,4261,-4072,1045,1652,-1355,3397,1667,814,-478,3004,1580,1013,1571,3642,1132,698
479492,1,4260,-4074,1047,1652,-1348,3397,1667,820,-477,3007,1578,1014,1570,3644,1138,705
479492,1,4263,-4072,1047,1653,-1356,3395,1671,822,-480,3004,1582,1018,1570,3645,1141,710
479492,1,4260,-4074,1048,1655,-1352,3395,1672,825,-477,3004,1581,1019,1573,3647,1148,713
479492,1,4262,-4074,1047,1661,-1352,3390,1671,825,-478,3003,1581,1022,1572,3643,1153,718
479492,0,4262,-4074,1047,1661,-1352,3390,1671,825,-478,3003,1581,1022,1572,3643,1153,718
479492,1,4261,-4073,1046,1661,-1352,3390,1674,828,-478,2999,1581,1024,1571,3649,1157,723
479492,1,4263,-4074,1047,1663,-1354,3392,1677,831,-477,3001,1586,1025,1570,3648,1161,727
479492,1,4262,-4074,1049,1667,-1353,3387,1677,834,-477,2999,1587,1027,1569,3648,1169,729
479492,1,4262,-4073,1049,1673,-1353,3390,1678,837,-478,2996,1587,1034,1572,3649,1173,736
479492,0,4262,-4073,1049,1673,-1353,3390,1678,837,-478,2996,1587,1034,1572,3649,1173,736
479492,1,4261,-4076,1045,1674,-1350,3385,1678,836,-477,2996,1589,1032,1572,3648,1174,741
479492,1,4263,-4074,1046,1678,-1352,3387,1683,845,-476,2995,1591,1035,1572,3648,1182,745
479492,1,4262,-4073,1047,1682,-1357,3384,1684,843,-479,2991,1595,1040,1570,3647,1188,750
479492,1,4265,-4074,1048,1686,-1350,3383,1685,846,-479,2992,1593,1042,1572,3648,1194,754
479492,1,4263,-4073,1046,1687,-1354,3383,1685,851,-478,2993,1600,1046,1571,3648,1197,761
479492,0,4263,-4073,1046,1687,-1354,3383,1685,851,-478,2993,1600,1046,1571,3648,1197,761
479492,1,4262,-4075,1047,1691,-1351,3382,1689,851,-479,2988,1602,1047,1573,3651,1205,764
479492,1,4264,-4077,1046,1695,-1355,3382,1690,852,-478,2987,1598,1050,1572,3651,1208,769
479492,1,4265,-4075,1046,1696,-1356,3382,1693,861,-476,2987,1598,1053,1570,3651,1216,774
479492,1,4262,-4076,1047,1701,-1353,3380,1692,862,-479,2985,1602,1055,1571,3652,1222,776
479492,0,4262,-4076,1047,1701,-1353,3380,1692,862,-479,2985,1602,1055,1571,3652,1222,776
479492,1,4264,-4076,1048,1704,-1356,3380,1695,862,-479,2985,1607,1057,1570,3651,1225,783
479492,1,4260,-4077,1047,1703,-1357,3378,1695,863,-479,2983,1605,1060,1570,3652,1230,788
479492,1,4263,-4078,1045,1708,-1356,3377,1698,866,-477,2984,1603,1060,1572,3655,1235,792
479492,1,4264,-4075,1047,1711,-1354,3375,1698,872,-479,2979,1607,1062,1575,3654,1242,797
479492,0,4264,-4075,1047,1711,-1354,3375,1698,872,-479,2979,1607,1062,1575,3654,1242,797
479492,1,4264,-4080,1044,1716,-1356,3375,1699,872,-478,2980,1608,1067,1571,3653,1249,802
479492,1,4267,-4077,1046,1718,-1352,3376,1698,876,-479,2980,1609,1067,1571,3651,1250,806
479492,1,4264,-4077,1046,1721,-1355,3373,1702,876,-478,2974,1612,1073,1570,3654,1257,811
479492,1,4265,-4075,1046,1722,-1354,3371,1703,883,-479,2975,1613,1072,1571,3656,1263,814
479492,0,4265,-4075,1046,1722,-1354,3371,1703,883,-479,2975,1613,1072,1571,3656,1263,814
479492,1,4264,-4077,1050,1722,-1356,3374,1702,883,-479,2972,1614,1074,1571,3658,1268,822
479492,1,4263,-4076,1046,1728,-1357,3371,1709,883,-478,2971,1618,1076,1572,3659,1274,826
479492,1,4266,-4076,1047,1730,-1354,3372,1705,888,-478,2969,1621,1076,1573,3655,1280,831
479492,1,4265,-4077,1048,1734,-1357,3370,1709,890,-478,2966,1621,1083,1573,3657,1285,833
479492,0,4265,-4077,1048,1734,-1357,3370,1709,890,-478,2966,1621,1083,1573,3657,1285,833
479492,1,4266,-4078,1049,1740,-1358,3369,1710,892,-478,2964,1623,1088,1570,3656,1288,838
479492,1,4262,-4077,1045,1744,-1357,3366,1711,897,-480,2965,1621,1086,1569,3658,1297,845
479492,1,4265,-4075,1048,1745,-1358,3368,1711,897,-478,2961,1626,1094,1569,3656,1301,850
479492,1,4265,-4077,1047,1749,-1356,3365,1715,900,-479,2961,1629,1097,1570,3657,1304,855
479492,0,4265,-4077,1047,1749,-1356,3365,1715,900,-479,2961,1629,1097,1570,3657,1304,855
479492,1,4265,-4076,1047,1752,-1353,3363,1715,903,-479,2959,1630,1098,1570,3659,1313,861
479492,1,4263,-4077,1047,1754,-1358,3364,1718,901,-478,2956,1630,1101,1570,3657,1316,865
479492,1,4264,-4076,1049,1758,-1354,3365,1722,908,-480,2956,1628,1105,1569,3658,1321,870
479492,1,4266,-4080,1047,1761,-1358,3360,1723,910,-481,2952,1631,1109,1570,3659,1330,876
479492,0,4266,-4080,1047,1761,-1358,3360,1723,910,-481,2952,1631,1109,1570,3659,1330,876
479492,1,4267,-4077,1047,1764,-1358,3363,1723,916,-477,2949,1637,1112,1570,3660,1334,882
479492,1,4265,-4077,1046,1767,-1358,3360,1722,917,-480,2948,1636,1116,1573,3659,1337,886
479492,1,4265,-4074,1048,1770,-1356,3361,1724,921,-479,2947,1637,1117,1568,3659,1342,890
479492,1,4267,-4080,1046,1777,-1359,3354,1727,922,-480,2944,1639,1121,1572,3661,1347,896
479492,0,4267,-4080,1046,1777,-1359,3354,1727,922,-480,2944,1639,1121,1572,3661,1347,896
479492,1,4267,-4076,1046,1777,-1358,3358,1728,926,-480,2942,1643,1127,1569,3660,1352,900
479492,1,4267,-4076,1045,1780,-1356,3358,1730,928,-479,2940,1641,1124,1571,3660,1355,906
479492,1,4267,-4076,1048,1780,-1357,3352,1729,933,-479,2942,1645,1128,1570,3659,1362,911
479492,1,4266,-4075,1046,1783,-1359,3350,1730,939,-481,2938,1642,1131,1571,3660,1365,916
479492,0,4266,-4075,1046,1783,-1359,3350,1730,939,-481,2938,1642,1131,1571,3660,1365,916
479492,1,4267,-4076,1048,1789,-1359,3354,1731,939,-480,2934,1649,1133,1570,3659,1369,922
479492,1,4267,-4078,1050,1791,-1359,3352,1730,945,-478,2937,1648,1137,1568,3662,1374,924
479492,1,4266,-4076,1048,1794,-1361,3348,1731,943,-479,2934,1649,1138,1568,3662,1376,931
479492,1,4266,-4077,1045,1798,-1357,3347,1736,950,-477,2933,1651,1143,1572,3666,1382,935
479492,0,4266,-4077,1045,1798,-1357,3347,1736,950,-477,2933,1651,1143,1572,3666,1382,935
479492,1,4267,-4074,1046,1803,-1361,3348,1734,955,-480,2931,1650,1148,1570,3663,1383,940
479492,1,4268,-4076,1047,1807,-1359,3348,1736,960,-480,2930,1656,1150,1571,3661,1390,948
479492,1,4267,-4076,1047,1810,-1361,3344,1740,961,-478,2928,1656,1154,1571,3661,1394,952
479492,1,4263,-4079,1046,1815,-1359,3346,1740,964,-479,2925,1653,1153,1570,3661,1398,957
479492,1,4264,-4076,1049,1817,-1361,3347,1740,965,-476,2925,1656,1161,1570,3662,1403,964
479492,0,4264,-4076,1049,1817,-1361,3347,1740,965,-476,2925,1656,1161,1570,3662,1403,964
479492,1,4267,-4079,1047,1824,-1358,3341,1742,971,-478,2922,1659,1165,1572,3660,1406,967
479492,1,4267,-4080,1046,1828,-1361,3341,1743,973,-480,2922,1663,1170,1570,3663,1412,972
479492,1,4269,-4075,1048,1829,-1362,3341,1745,980,-478,2919,1662,1170,1570,3665,1418,976
479492,0,4269,-4075,1048,1829,-1362,3341,1745,980,-478,2919,1662,1170,1570,3665,1418,976
479492,1,4269,-4073,1047,1834,-1361,3336,1746,981,-480,2916,1665,1172,1570,3666,1422,982
479492,1,4265,-4078,1050,1835,-1358,3337,1748,985,-479,2919,1665,1173,1569,3666,1426,989
479492,1,4266,-4077,1048,1837,-1359,3337,1747,988,-480,2916,1669,1178,1571,3667,1432,992
479492,1,4267,-4077,1047,1841,-1360,3336,1748,988,-477,2915,1666,1185,1570,3665,1438,996
479492,0,4267,-4077,1047,1841,-1360,3336,1748,988,-477,2915,1666,1185,1570,3665,1438,996
479492,1,4268,-4079,1046,1842,-1357,3339,1750,992,-478,2911,1665,1187,1570,3664,1439,1002
479492,1,4267,-4077,1050,1844,-1358,3333,1749,993,-479,2912,1671,1188,1572,3665,1441,1007
479492,1,4267,-4077,1049,1853,-1360,3334,1751,997,-477,2910,1670,1189,1572,3667,1450,1013
479492,1,4266,-4077,1049,1851,-1363,3336,1754,1002,-479,2909,1670,1193,1569,3665,1452,1017
479492,1,4266,-4077,1045,1853,-1361,3333,1755,1002,-479,2907,1671,1196,1569,3669,1454,1021
479492,0,4266,-4077,1045,1853,-1361,3333,1755,1002,-479,2907,1671,1196,1569,3669,1454,1021
479492,1,4266,-4073,1048,1855,-1362,3332,1752,1004,-477,2904,1673,1201,1571,3670,1455,1025
479492,1,4269,-4078,1047,1859,-1361,3333,1753,1007,-478,2901,1677,1205,1568,3668,1464,1031
479492,1,4268,-4075,1046,1859,-1363,3327,1755,1015,-478,2904,1673,1204,1568,3668,1466,1031
479492,1,4267,-4078,1046,1861,-1362,3323,1757,1017,-479,2898,1676,1208,1570,3668,1469,1038
479492,0,4267,-4078,1046,1861,-1362,3323,1757,1017,-479,2898,1676,1208,1570,3668,1469,1038
479492,1,4267,-4078,1046,1862,-1362,3326,1757,1015,-476,2900,1679,1207,1569,3670,1472,1043
479492,1,4268,-4079,1047,1865,-1363,3328,1758,1018,-478,2899,1680,1209,1571,3670,1473,1047
479492,1,4269,-4075,1045,1869,-1362,3324,1756,1021,-481,2898,1678,1216,1569,3669,1476,1051
479492,1,4266,-4077,1047,1872,-1361,3320,1758,1027,-480,2897,1680,1213,1570,3670,1477,1054
479492,0,4266,-4077,1047,1872,-1361,3320,1758,1027,-480,2897,1680,1213,1570,3670,1477,1054
479492,1,4270,-4074,1044,1873,-1362,3324,1761,1026,-479,2895,1682,1219,1569,3672,1478,1056
479492,1,4268,-4076,1047,1874,-1365,3323,1760,1031,-479,2893,1684,1220,1569,3669,1477,1061
479492,1,4267,-4074,1047,1874,-1363,3322,1762,1029,-479,2892,1682,1221,1569,3670,1482,1063
479492,1,4268,-4078,1049,1875,-1364,3321,1762,1031,-480,2894,1685,1223,1567,3673,1486,1066
479493,0,4268,-4078,1049,1875,-1364,3321,1762,1031,-480,2894,1685,1223,1567,3673,1486,1066
479493,1,4267,-4073,1047,1877,-1360,3319,1759,1035,-477,2890,1684,1225,1566,3672,1487,1071
479493,1,4266,-4073,1046,1876,-1367,3317,1763,1035,-478,2890,1686,1226,1571,3671,1489,1073
479493,1,4268,-4074,1047,1878,-1361,3318,1763,1039,-477,2887,1689,1226,1570,3672,1491,1078
479493,1,4266,-4076,1044,1879,-1364,3316,1764,1039,-479,2886,1686,1232,1569,3674,1492,1080
479493,0,4266,-4076,1044,1879,-1364,3316,1764,1039,-479,2886,1686,1232,1569,3674,1492,1080
479493,1,4269,-4073,1046,1879,-1364,3318,1765,1046,-479,2883,1689,1230,1568,3672,1494,1084
479493,1,4269,-4073,1047,1878,-1367,3316,1766,1044,-479,2883,1692,1232,1569,3673,1498,1086
479493,1,4268,-4074,1045,1883,-1364,3313,1765,1046,-479,2882,1691,1234,1568,3672,1498,1089
479493,1,4267,-4075,1047,1885,-1367,3316,1767,1049,-477,2880,1688,1232,1568,3672,1498,1094
479493,0,4267,-4075,1047,1885,-1367,3316,1767,1049,-477,2880,1688,1232,1568,3672,1498,1094
479493,1,4267,-4075,1046,1884,-1363,3311,1769,1052,-480,2877,1692,1237,1570,3674,1496,1096
479493,1,4268,-4078,1047,1882,-1363,3309,1765,1052,-481,2880,1691,1236,1567,3676,1503,1099
479493,1,4268,-4076,1047,1885,-1367,3312,1768,1054,-477,2880,1695,1241,1567,3672,1503,1101
479493,1,4269,-4074,1045,1887,-1365,3307,1769,1056,-478,2875,1694,1238,1566,3673,1505,1101
479493,0,4269,-4074,1045,1887,-1365,3307,1769,1056,-478,2875,1694,1238,1566,3673,1505,1101
479493,1,4270,-4077,1047,1887,-1365,3307,1770,1054,-478,2874,1695,1241,1570,3675,1508,1106
479493,1,4267,-4075,1047,1888,-1365,3308,1770,1059,-481,2874,1695,1243,1570,3674,1508,1110
479493,1,4268,-4075,1047,1891,-1366,3310,1769,1059,-476,2870,1699,1243,1568,3678,1511,1111
479493,1,4268,-4076,1043,1897,-1363,3307,1771,1059,-479,2872,1697,1248,1568,3675,1512,1113
479493,0,4268,-4076,1043,1897,-1363,3307,1771,1059,-479,2872,1697,1248,1568,3675,1512,1113
479493,1,4268,-4074,1043,1896,-1364,3305,1772,1063,-478,2870,1699,1248,1570,3674,1515,1116
479493,1,4267,-4077,1048,1897,-1362,3305,1768,1066,-478,2870,1701,1247,1567,3675,1515,1119
479493,1,4267,-4075,1046,1900,-1366,3304,1774,1065,-478,2869,1703,1252,1571,3677,1515,1120
479493,1,4267,-4074,1045,1899,-1361,3303,1773,1065,-479,2866,1701,1248,1568,3675,1519,1123
479493,0,4267,-4074,1045,1899,-1361,3303,1773,1065,-479,2866,1701,1248,1568,3675,1519,1123
479493,1,4268,-4072,1045,1897,-1368,3304,1775,1070,-481,2866,1702,1253,1566,3674,1520,1125
479493,1,4267,-4076,1047,1900,-1366,3301,1773,1069,-478,2865,1702,1250,1570,3675,1524,1130
479493,1,4267,-4076,1043,1902,-1365,3300,1776,1070,-478,2865,1703,1257,1570,3673,1522,1130
479493,1,4267,-4078,1045,1903,-1365,3302,1775,1067,-478,2863,1707,1254,1569,3676,1524,1133
479493,0,4267,-4078,1045,1903,-1365,3302,1775,1067,-478,2863,1707,1254,1569,3676,1524,1133
479493,1,4271,-4076,1048,1902,-1365,3299,1776,1077,-479,2859,1703,1257,1568,3678,1527,1132
479493,1,4268,-4073,1046,1903,-1369,3298,1774,1074,-480,2859,1702,1259,1569,3676,1527,1137
479493,1,4270,-4074,1047,1905,-1363,3295,1777,1077,-480,2859,1709,1257,1573,3678,1529,1138
479493,1,4269,-4075,1047,1905,-1365,3298,1776,1078,-477,2857,1704,1260,1569,3677,1531,1143
479493,0,4269,-4075,1047,1905,-1365,3298,1776,1078,-477,2857,1704,1260,1569,3677,1531,1143
479493,1,4269,-4076,1048,1907,-1365,3296,1778,1078,-477,2856,1702,1262,1567,3677,1533,1142
479493,1,4269,-4073,1046,1907,-1364,3293,1777,1081,-479,2854,1707,1263,1569,3678,1534,1146
479493,1,4267,-4074,1046,1904,-1368,3296,1779,1079,-477,2853,1706,1266,1568,3676,1534,1147
479493,1,4267,-4076,1049,1904,-1365,3293,1782,1084,-480,2852,1711,1264,1566,3675,1538,1149
479493,0,4267,-4076,1049,1904,-1365,3293,1782,1084,-480,2852,1711,1264,1566,3675,1538,1149
479493,1,4267,-4074,1046,1906,-1364,3293,1781,1079,-480,2853,1709,1268,1568,3679,1540,1148
479493,1,4267,-4073,1046,1908,-1367,3291,1782,1083,-477,2852,1712,1272,1568,3680,1540,1152
479493,1,4268,-4073,1045,1908,-1365,3291,1780,1085,-478,2848,1714,1273,1567,3679,1542,1153
479493,1,4267,-4076,1045,1909,-1366,3289,1785,1088,-479,2850,1715,1272,1567,3679,1543,1156
479493,0,4267,-4076,1045,1909,-1366,3289,1785,1088,-479,2850,1715,1272,1567,3679,1543,1156
479493,1,4268,-4078,1048,1913,-1365,3289,1783,1088,-479,2848,1712,1274,1564,3677,1545,1158
479493,1,4269,-4073,1046,1914,-1369,3290,1783,1088,-477,2849,1709,1277,1566,3681,1545,1155
479493,1,4269,-4075,1045,1912,-1366,3288,1788,1090,-477,2845,1715,1276,1567,3681,1547,1158
479493,1,4269,-4075,1048,1919,-1370,3287,1784,1090,-479,2844,1717,1278,1566,3676,1548,1159
479493,0,4269,-4075,1048,1919,-1370,3287,1784,1090,-479,2844,1717,1278,1566,3676,1548,1159
479493,1,4267,-4078,1047,1919,-1365,3290,1787,1091,-479,2843,1713,1279,1566,3679,1549,1159
479493,1,4268,-4075,1045,1918,-1368,3285,1786,1091,-479,2842,1715,1275,1566,3678,1552,1162
479493,1,4269,-4075,1046,1917,-1365,3285,1786,1097,-478,2844,1714,1283,1564,3678,1552,1162
479493,1,4266,-4074,1045,1916,-1367,3285,1786,1095,-478,2841,1716,1279,1563,3682,1554,1166
479493,1,4268,-4074,1046,1923,-1365,3281,1787,1096,-479,2842,1717,1285,1567,3681,1554,1164
479493,0,4268,-4074,1046,1923,-1365,3281,1787,1096,-479,2842,1717,1285,1567,3681,1554,1164
479493,1,4267,-4077,1049,1921,-1368,3282,1789,1095,-480,2840,1715,1281,1567,3680,1555,1167
479493,1,4268,-4077,1047,1923,-1364,3281,1793,1097,-477,2839,1715,1284,1564,3681,1555,1169
479493,1,4269,-4077,1045,1925,-1367,3283,1790,1097,-479,2838,1719,1288,1566,3682,1558,1171
479493,1,4268,-4074,1046,1923,-1365,3281,1790,1103,-479,2835,1720,1286,1563,3683,1560,1173
479493,0,4268,-4074,1046,1923,-1365,3281,1790,1103,-479,2835,1720,1286,1563,3683,1560,1173
479493,1,4267,-4076,1045,1926,-1368,3284,1790,1105,-479,2837,1718,1289,1562,3681,1562,1170
479493,1,4268,-4074,1046,1926,-1369,3279,1789,1103,-480,2834,1721,1289,1562,3683,1562,1172
479493,1,4270,-4074,1045,1927,-1370,3277,1791,1105,-478,2833,1722,1293,1565,3680,1563,1171
479493,1,4267,-4073,1044,1927,-1366,3280,1792,1107,-476,2834,1725,1292,1568,3683,1566,1175
479493,0,4267,-4073,1044,1927,-1366,3280,1792,1107,-476,2834,1725,1292,1568,3683,1566,1175
479493,1,4268,-4074,1047,1925,-1366,3277,1791,1106,-480,2833,1724,1290,1563,3682,1567,1175
479493,1,4267,-4074,1046,1928,-1370,3277,1791,1108,-478,2831,1718,1293,1564,3682,1568,1177
479493,1,4266,-4075,1044,1925,-1369,3279,1794,1106,-479,2829,1723,1295,1564,3680,1568,1177
479493,1,4271,-4076,1047,1929,-1369,3279,1795,1105,-479,2828,1726,1299,1562,3681,1569,1181
479493,0,4271,-4076,1047,1929,-1369,3279,1795,1105,-479,2828,1726,1299,1562,3681,1569,1181
479493,1,4269,-4076,1048,1926,-1366,3276,1794,1110,-479,2827,1724,1296,1564,3681,1568,1179
479493,1,4266,-4074,1046,1928,-1371,3274,1793,1112,-479,2826,1725,1298,1563,3683,1570,1181
479493,1,4268,-4074,1046,1928,-1371,3276,1797,1109,-480,2827,1723,1298,1566,3683,1573,1181
479493,1,4269,-4073,1048,1926,-1369,3273,1796,1109,-477,2826,1729,1299,1562,3682,1573,1182
479493,0,4269,-4073,1048,1926,-1369,3273,1796,1109,-477,2826,1729,1299,1562,3682,1573,1182
479493,1,4268,-4075,1049,1928,-1374,3275,1797,1110,-477,2823,1724,1304,1564,3679,1575,1181
479493,1,4270,-4076,1047,1927,-1370,3278,1797,1111,-479,2822,1725,1299,1563,3683,1574,1183
479493,1,4269,-4076,1046,1929,-1368,3273,1798,1112,-478,2826,1724,1300,1563,3682,1575,1189
479493,1,4270,-4074,1045,1931,-1374,3272,1796,1113,-480,2820,1726,1300,1562,3683,1577,1187
479493,0,4270,-4074,1045,1931,-1374,3272,1796,1113,-480,2820,1726,1300,1562,3683,1577,1187
479493,1,4267,-4075,1046,1927,-1371,3273,1796,1118,-480,2821,1726,1303,1562,3681,1579,1188
479493,1,4268,-4076,1049,1932,-1372,3271,1799,1116,-477,2819,1729,1303,1559,3681,1580,1192
479493,1,4269,-4074,1047,1930,-1370,3272,1798,1117,-479,2818,1727,1303,1563,3685,1584,1189
479493,1,4271,-4075,1047,1932,-1370,3271,1799,1115,-479,2816,1727,1307,1560,3683,1584,1190
479493,0,4271,-4075,1047,1932,-1370,3271,1799,1115,-479,2816,1727,1307,1560,3683,1584,1190
479493,1,4271,-4077,1045,1934,-1372,3273,1797,1116,-479,2815,1731,1306,1559,3685,1586,1193
479493,1,4269,-4075,1047,1930,-1369,3270,1800,1117,-479,2816,1730,1307,1561,3683,1588,1196
479493,1,4267,-4074,1045,1928,-1368,3268,1801,1116,-478,2814,1729,1310,1560,3682,1587,1196
479493,1,4268,-4076,1044,1928,-1375,3271,1801,1120,-480,2812,1733,1305,1561,3683,1588,1196
479493,0,4268,-4076,1044,1928,-1375,3271,1801,1120,-480,2812,1733,1305,1561,3683,1588,1196
479493,1,4268,-4078,1047,1932,-1372,3268,1802,1122,-480,2813,1732,1311,1560,3682,1590,1197
479493,1,4267,-4077,1046,1932,-1371,3269,1801,1118,-479,2809,1734,1309,1561,3683,1589,1198
479493,1,4268,-4075,1044,1934,-1370,3269,1801,1123,-479,2808,1732,1314,1561,3682,1591,1198
479493,1,4268,-4076,1046,1934,-1373,3264,1801,1121,-479,2807,1731,1312,1562,3682,1590,1198
479493,0,4268,-4076,1046,1934,-1373,3264,1801,1121,-479,2807,1731,1312,1562,3682,1590,1198
479493,1,4269,-4074,1045,1932,-1376,3269,1803,1122,-479,2810,1732,1313,1562,3682,1593,1201
479493,1,4267,-4075,1045,1935,-1370,3264,1801,1124,-478,2806,1735,1314,1562,3683,1596,1201
479493,1,4270,-4075,1048,1933,-1373,3262,1803,1126,-480,2803,1731,1314,1559,3684,1593,1200
479493,1,4269,-4073,1045,1935,-1372,3260,1803,1125,-478,2803,1731,1317,1563,3682,1596,1202
479493,0,4269,-4073,1045,1935,-1372,3260,1803,1125,-478,2803,1731,1317,1563,3682,1596,1202
479493,1,4268,-4074,1046,1932,-1368,3264,1803,1127,-479,2802,1739,1314,1561,3683,1596,1202
479493,1,4268,-4072,1048,1936,-1369,3261,1802,1126,-478,2802,1741,1318,1560,3683,1598,1204
479493,1,4269,-4074,1049,1933,-1374,3261,1804,1126,-480,2801,1735,1321,1562,3681,1602,1206
479493,1,4267,-4074,1047,1932,-1369,3263,1804,1126,-477,2800,1738,1319,1561,3686,1600,1205
479493,0,4267,-4074,1047,1932,-1369,3263,1804,1126,-477,2800,1738,1319,1561,3686,1600,1205
479493,1,4268,-4075,1047,1935,-1372,3259,1804,1130,-479,2798,1738,1321,1562,3681,1601,1206
479493,1,4270,-4072,1045,1938,-1367,3262,1804,1130,-478,2799,1741,1320,1560,3683,1604,1207
479493,1,4268,-4073,1048,1938,-1376,3262,1805,1128,-478,2796,1741,1325,1560,3683,1604,1208
479493,1,4267,-4072,1046,1939,-1370,3258,1803,1131,-478,2796,1739,1320,1561,3681,1604,1209
479493,0,4267,-4072,1046,1939,-1370,3258,1803,1131,-478,2796,1739,1320,1561,3681,1604,1209
479493,1,4269,-4073,1046,1937,-1374,3262,1806,1132,-479,2793,1746,1325,1562,3682,1605,1208
479493,1,4268,-4076,1046,1939,-1371,3259,1808,1129,-478,2792,1745,1326,1565,3685,1605,1210
479493,1,4269,-4073,1047,1943,-1372,3259,1804,1127,-479,2791,1742,1324,1561,3684,1607,1212
479493,1,4266,-4076,1046,1938,-1369,3259,1806,1127,-477,2794,1741,1328,1562,3687,1607,1212
479493,0,4266,-4076,1046,1938,-1369,3259,1806,1127,-477,2794,1741,1328,1562,3687,1607,1212
479493,1,4265,-4074,1047,1940,-1375,3258,1806,1130,-477,2789,1743,1325,1562,3685,1609,1210
479493,1,4271,-4074,1046,1942,-1373,3255,1804,1134,-479,2788,1748,1323,1559,3684,1608,1214
479493,1,4266,-4078,1045,1942,-1375,3257,1805,1133,-479,2789,1748,1331,1561,3683,1611,1216
479493,1,4268,-4075,1045,1945,-1373,3260,1810,1130,-481,2786,1743,1328,1556,3685,1610,1217
479493,1,4268,-4074,1048,1946,-1376,3256,1811,1133,-478,2785,1742,1328,1560,3683,1613,1215
479493,0,4268,-4074,1048,1946,-1376,3256,1811,1133,-478,2785,1742,1328,1560,3683,1613,1215
479493,1,4269,-4075,1044,1945,-1375,3254,1809,1133,-479,2785,1750,1327,1561,3684,1614,1216
479493,1,4268,-4075,1047,1945,-1373,3256,1811,1136,-478,2784,1752,1332,1562,3687,1617,1220
479493,1,4267,-4076,1046,1944,-1374,3251,1811,1133,-479,2785,1748,1330,1557,3689,1614,1217
479493,1,4269,-4074,1048,1947,-1374,3251,1812,1136,-480,2781,1749,1330,1561,3685,1614,1221
479493,0,4269,-4074,1048,1947,-1374,3251,1812,1136,-480,2781,1749,1330,1561,3685,1614,1221
479493,1,4268,-4073,1044,1950,-1376,3253,1811,1136,-477,2781,1753,1334,1559,3684,1616,1217
479493,1,4269,-4075,1046,1947,-1377,3255,1812,1136,-481,2783,1757,1330,1558,3687,1618,1221
479493,1,4269,-4075,1046,1949,-1370,3254,1812,1134,-480,2780,1755,1335,1560,3685,1618,1221
479493,1,4268,-4074,1048,1951,-1372,3254,1812,1134,-479,2778,1753,1333,1560,3683,1619,1221
479493,0,4268,-4074,1048,1951,-1372,3254,1812,1134,-479,2778,1753,1333,1560,3683,1619,1221
479493,1,4270,-4074,1046,1953,-1372,3255,1812,1137,-479,2777,1757,1334,1561,3689,1620,1224
479493,1,4268,-4073,1045,1951,-1375,3252,1812,1137,-480,2778,1754,1338,1557,3686,1624,1223
479493,1,4267,-4074,1045,1954,-1376,3252,1814,1141,-475,2778,1757,1337,1561,3686,1622,1225
479493,1,4267,-4075,1049,1951,-1373,3249,1813,1137,-474,2778,1756,1340,1560,3687,1621,1224
479493,0,4267,-4075,1049,1951,-1373,3249,1813,1137,-474,2778,1756,1340,1560,3687,1621,1224
479493,1,4268,-4077,1046,1954,-1381,3250,1814,1143,-478,2779,1755,1337,1560,3688,1624,1224
479493,1,4266,-4076,1045,1953,-1374,3250,1815,1140,-478,2776,1755,1341,1556,3688,1624,1227
479493,1,4268,-4074,1044,1951,-1377,3251,1815,1138,-478,2772,1757,1338,1556,3687,1624,1226
479493,1,4267,-4073,1049,1954,-1373,3249,1816,1135,-478,2774,1755,1338,1557,3690,1625,1228
479493,0,4267,-4073,1049,1954,-1373,3249,1816,1135,-478,2774,1755,1338,1557,3690,1625,1228
479493,1,4266,-4073,1045,1951,-1373,3248,1814,1141,-479,2771,1754,1342,1561,3686,1626,1227
479493,1,4270,-4074,1047,1955,-1374,3249,1812,1141,-478,2773,1761,1337,1557,3686,1628,1228
479493,1,4268,-4074,1045,1955,-1378,3245,1814,1142,-480,2774,1761,1341,1558,3688,1627,1230
479493,1,4266,-4077,1048,1954,-1374,3248,1814,1145,-479,2774,1755,1346,1558,3688,1627,1230
479493,0,4266,-4077,1048,1954,-1374,3248,1814,1145,-479,2774,1755,1346,1558,3688,1627,1230
479493,1,4267,-4075,1047,1955,-1378,3249,1813,1145,-478,2771,1759,1341,1556,3687,1629,1231
479493,1,4269,-4075,1047,1954,-1374,3244,1815,1144,-480,2772,1761,1342,1556,3687,1630,1231
479493,1,4270,-4074,1046,1955,-1379,3244,1816,1144,-479,2771,1760,1341,1557,3685,1630,1235
479493,1,4265,-4074,1044,1952,-1375,3247,1815,1144,-480,2770,1768,1343,1556,3685,1632,1234
479493,0,4265,-4074,1044,1952,-1375,3247,1815,1144,-480,2770,1768,1343,1556,3685,1632,1234
479493,1,4267,-4075,1046,1954,-1381,3246,1815,1147,-481,2771,1756,1339,1559,3686,1634,1233
479493,1,4268,-4075,1046,1955,-1374,3243,1817,1146,-478,2771,1759,1343,1558,3687,1631,1235
479493,1,4268,-4075,1044,1954,-1377,3248,1818,1147,-478,2767,1762,1344,1553,3687,1633,1235
479493,1,4269,-4075,1045,1955,-1375,3245,1819,1148,-479,2771,1762,1342,1557,3685,1634,1238
479493,0,4269,-4075,1045,1955,-1375,3245,1819,1148,-479,2771,1762,1342,1557,3685,1634,1238
479493,1,4268,-4075,1045,1956,-1378,3242,1815,1149,-478,2767,1763,1348,1557,3688,1637,1236
479493,1,4268,-4075,1048,1956,-1374,3244,1815,1151,-479,2769,1763,1346,1558,3686,1635,1235
479493,1,4267,-4076,1047,1959,-1379,3241,1817,1149,-478,2768,1757,1344,1556,3684,1637,1236
479493,1,4269,-4072,1049,1954,-1375,3239,1818,1151,-479,2768,1766,1350,1555,3687,1637,1239
479493,0,4269,-4072,1049,1954,-1375,3239,1818,1151,-479,2768,1766,1350,1555,3687,1637,1239
479493,1,4270,-4075,1051,1953,-1380,3242,1819,1148,-477,2768,1762,1346,1556,3687,1636,1237
479493,1,4269,-4076,1046,1957,-1376,3241,1819,1149,-479,2767,1760,1345,1558,3687,1638,1238
479493,1,4268,-4076,1050,1956,-1377,3239,1821,1151,-478,2765,1762,1343,1556,3686,1639,1239
479493,1,4266,-4073,1046,1958,-1377,3241,1820,1150,-479,2767,1767,1350,1553,3687,1640,1243
479493,0,4266,-4073,1046,1958,-1377,3241,1820,1150,-479,2767,1767,1350,1553,3687,1640,1243
479493,1,4269,-4074,1049,1958,-1377,3241,1817,1152,-477,2764,1766,1351,1555,3683,1640,1241
479493,1,4268,-4075,1048,1959,-1378,3240,1816,1156,-478,2765,1763,1348,1557,3688,1640,1243
479493,1,4268,-4074,1046,1960,-1375,3240,1818,1153,-479,2764,1765,1353,1555,3688,1641,1243
479493,1,4269,-4075,1048,1960,-1376,3238,1818,1153,-480,2763,1770,1349,1555,3685,1643,1244
479493,0,4269,-4075,1048,1960,-1376,3238,1818,1153,-480,2763,1770,1349,1555,3685,1643,1244
479493,1,4268,-4073,1046,1963,-1377,3237,1820,1154,-479,2763,1767,1351,1553,3686,1647,1244
479493,1,4269,-4073,1049,1964,-1377,3242,1819,1155,-478,2764,1760,1349,1557,3687,1642,1244
479493,1,4267,-4075,1047,1960,-1377,3238,1819,1154,-480,2761,1764,1346,1559,3688,1645,1246
479493,1,4269,-4075,1049,1961,-1376,3240,1823,1152,-479,2761,1768,1350,1555,3686,1645,1246
479493,0,4269,-4075,1049,1961,-1376,3240,1823,1152,-479,2761,1768,1350,1555,3686,1645,1246
479493,1,4270,-4075,1046,1960,-1376,3238,1820,1156,-479,2762,1771,1349,1553,3689,1647,1244
479493,1,4274,-4076,1036,1961,-1380,3235,1817,1159,-479,2762,1770,1353,1558,3688,1645,1247
479493,1,4272,-4072,1026,1960,-1375,3236,1817,1160,-479,2763,1766,1348,1555,3688,1645,1248
479493,1,4277,-4069,1017,1960,-1382,3237,1820,1156,-480,2760,1768,1352,1554,3687,1646,1247
479493,0,4277,-4069,1017,1960,-1382,3237,1820,1156,-480,2760,1768,1352,1554,3687,1646,1247
479493,1,4275,-4071,1011,1962,-1376,3238,1822,1156,-479,2760,1771,1354,1554,3688,1648,1249
479493,1,4276,-4069,1004,1959,-1375,3236,1821,1155,-480,2760,1767,1350,1556,3686,1649,1248
479493,1,4280,-4073,999,1963,-1376,3235,1820,1157,-475,2761,1766,1351,1559,3686,1647,1249
479493,1,4280,-4069,992,1963,-1381,3238,1823,1160,-480,2763,1771,1349,1554,3688,1651,1251
479493,0,4280,-4069,992,1963,-1381,3238,1823,1160,-480,2763,1771,1349,1554,3688,1651,1251
479493,1,4282,-4070,986,1963,-1375,3233,1823,1158,-478,2764,1769,1349,1556,3689,1651,1250
479493,1,4280,-4072,981,1965,-1380,3235,1822,1160,-478,2761,1773,1352,1556,3685,1651,1254
479493,1,4284,-4068,979,1969,-1375,3237,1823,1160,-479,2762,1770,1351,1558,3687,1650,1251
479493,1,4282,-4068,974,1972,-1380,3237,1824,1166,-479,2761,1768,1352,1555,3685,1650,1252
479493,1,4283,-4067,973,1972,-1377,3236,1826,1164,-480,2760,1772,1347,1554,3689,1650,1253
479493,0,4283,-4067,973,1972,-1377,3236,1826,1164,-480,2760,1772,1347,1554,3689,1650,1253
479493,1,4284,-4067,967,1974,-1377,3233,1825,1162,-478,2762,1775,1352,1555,3689,1653,1255
479493,1,4283,-4070,964,1977,-1375,3235,1828,1164,-479,2763,1767,1351,1553,3689,1655,1256
479493,1,4283,-4067,960,1979,-1378,3237,1827,1164,-477,2762,1767,1351,1556,3689,1653,1257
479493,1,4283,-4067,960,1979,-1374,3236,1831,1168,-478,2763,1771,1352,1556,3687,1655,1257
479493,0,4283,-4067,960,1979,-1374,3236,1831,1168,-478,2763,1771,1352,1556,3687,1655,1257
479493,1,4283,-4069,955,1979,-1379,3232,1830,1172,-478,2763,1771,1346,1556,3689,1656,1256
479494,1,4282,-4066,953,1981,-1375,3238,1831,1167,-481,2759,1768,1353,1554,3689,1656,1256
479494,1,4285,-4068,950,1983,-1376,3234,1833,1172,-481,2761,1770,1352,1555,3689,1657,1260
479494,1,4285,-4065,949,1986,-1374,3233,1831,1173,-480,2762,1771,1349,1555,3687,1659,1259
479494,0,4285,-4065,949,1986,-1374,3233,1831,1173,-480,2762,1771,1349,1555,3687,1659,1259
479494,1,4284,-4067,945,1986,-1377,3237,1830,1170,-478,2764,1776,1348,1553,3688,1659,1259
479494,1,4282,-4065,940,1991,-1375,3234,1836,1174,-481,2764,1772,1350,1553,3689,1660,1261
479494,1,4283,-4067,938,1991,-1379,3236,1834,1170,-481,2762,1771,1350,1554,3691,1660,1260
479494,1,4283,-4065,935,1991,-1380,3236,1838,1172,-479,2763,1771,1347,1558,3690,1660,1262
479494,0,4283,-4065,935,1991,-1380,3236,1838,1172,-479,2763,1771,1347,1558,3690,1660,1262
479494,1,4285,-4065,933,1992,-1376,3238,1839,1176,-480,2764,1776,1353,1550,3689,1660,1261
479494,1,4284,-4064,932,1994,-1376,3236,1838,1173,-480,2764,1774,1352,1556,3690,1660,1264
479494,1,4284,-4064,924,1997,-1378,3235,1840,1176,-479,2762,1773,1345,1556,3690,1663,1262
479494,1,4283,-4064,921,2000,-1373,3237,1842,1177,-478,2762,1771,1354,1553,3689,1661,1264
479494,0,4283,-4064,921,2000,-1373,3237,1842,1177,-478,2762,1771,1354,1553,3689,1661,1264
479494,1,4281,-4060,919,2002,-1379,3235,1841,1178,-478,2761,1778,1348,1552,3691,1661,1264
479494,1,4286,-4061,915,2003,-1379,3236,1842,1177,-479,2764,1775,1351,1557,3689,1662,1263
479494,1,4285,-4060,913,2005,-1379,3237,1843,1174,-480,2763,1775,1351,1557,3689,1664,1265
479494,1,4287,-4062,908,2011,-1379,3233,1846,1177,-476,2764,1773,1355,1553,3691,1661,1267
479494,0,4287,-4062,908,2011,-1379,3233,1846,1177,-476,2764,1773,1355,1553,3691,1661,1267
479494,1,4282,-4060,908,2011,-1378,3235,1849,1179,-478,2765,1774,1352,1553,3691,1662,1266
479494,1,4285,-4061,900,2013,-1380,3239,1849,1184,-481,2765,1779,1350,1551,3688,1665,1266
479494,1,4285,-4057,900,2014,-1376,3236,1849,1182,-478,2764,1779,1356,1553,3690,1664,1269
479494,1,4285,-4057,897,2017,-1378,3235,1850,1181,-481,2763,1773,1349,1558,3693,1666,1268
479494,0,4285,-4057,897,2017,-1378,3235,1850,1181,-481,2763,1773,1349,1558,3693,1666,1268
479494,1,4285,-4057,893,2023,-1377,3232,1852,1183,-480,2763,1771,1350,1553,3692,1667,1269
479494,1,4283,-4060,890,2024,-1375,3235,1853,1183,-479,2764,1782,1355,1556,3690,1668,1268
479494,1,4285,-4058,889,2023,-1377,3236,1856,1184,-479,2762,1778,1350,1557,3687,1668,1269
479494,1,4285,-4059,889,2028,-1377,3234,1857,1186,-475,2766,1773,1354,1556,3691,1667,1269
479494,0,4285,-4059,889,2028,-1377,3234,1857,1186,-475,2766,1773,1354,1556,3691,1667,1269
479494,1,4286,-4058,885,2027,-1374,3235,1858,1187,-482,2764,1776,1353,1553,3691,1668,1272
479494,1,4286,-4061,880,2029,-1377,3235,1861,1189,-480,2763,1777,1355,1552,3691,1669,1270
479494,1,4285,-4058,880,2030,-1377,3235,1860,1186,-480,2765,1779,1349,1551,3692,1668,1272
479494,1,4285,-4056,875,2031,-1382,3234,1860,1183,-478,2764,1782,1354,1555,3693,1671,1273
479494,0,4285,-4056,875,2031,-1382,3234,1860,1183,-478,2764,1782,1354,1555,3693,1671,1273
479494,1,4284,-4057,872,2034,-1377,3233,1860,1185,-479,2767,1777,1355,1556,3694,1670,1272
479494,1,4286,-4058,870,2035,-1379,3235,1862,1188,-478,2766,1783,1352,1556,3691,1670,1273
479494,1,4288,-4058,868,2032,-1375,3234,1864,1188,-479,2765,1789,1358,1556,3693,1670,1275
479494,1,4285,-4055,866,2034,-1379,3237,1866,1191,-480,2766,1779,1354,1554,3692,1672,1275
479494,0,4285,-4055,866,2034,-1379,3237,1866,1191,-480,2766,1779,1354,1554,3692,1672,1275
479494,1,4284,-4057,864,2034,-1377,3231,1866,1191,-480,2764,1779,1349,1554,3691,1672,1275
479494,1,4286,-4056,859,2038,-1379,3232,1868,1187,-479,2766,1784,1358,1553,3695,1675,1276
479494,1,4286,-4054,859,2036,-1375,3237,1869,1188,-483,2766,1783,1352,1554,3694,1673,1273
479494,1,4286,-4059,856,2039,-1381,3230,1870,1190,-479,2765,1784,1355,1553,3691,1674,1276
479494,0,4286,-4059,856,2039,-1381,3230,1870,1190,-479,2765,1784,1355,1553,3691,1674,1276
479494,1,4286,-4056,853,2040,-1374,3235,1868,1192,-479,2767,1780,1357,1554,3696,1673,1279
479494,1,4284,-4055,847,2042,-1379,3236,1872,1188,-479,2768,1779,1357,1553,3692,1675,1276
479494,1,4285,-4057,845,2042,-1375,3237,1874,1196,-481,2767,1785,1357,1552,3696,1673,1278
479494,1,4285,-4059,842,2043,-1380,3233,1875,1193,-478,2766,1787,1357,1556,3692,1675,1277
479494,0,4285,-4059,842,2043,-1380,3233,1875,1193,-478,2766,1787,1357,1556,3692,1675,1277
479494,1,4284,-4054,838,2048,-1374,3237,1875,1194,-481,2768,1783,1361,1554,3694,1678,1278
479494,1,4288,-4054,833,2049,-1379,3235,1879,1199,-482,2768,1783,1361,1553,3694,1678,1281
479494,1,4285,-4051,833,2051,-1374,3234,1880,1199,-478,2766,1786,1362,1555,3694,1679,1279
479494,1,4285,-4055,827,2049,-1377,3238,1880,1200,-480,2768,1789,1363,1554,3691,1678,1280
479494,0,4285,-4055,827,2049,-1377,3238,1880,1200,-480,2768,1789,1363,1554,3691,1678,1280
479494,1,4285,-4051,825,2050,-1374,3237,1878,1194,-479,2769,1788,1357,1553,3693,1680,1280
479494,1,4285,-4053,821,2053,-1381,3235,1881,1200,-480,2768,1788,1363,1555,3692,1679,1281
479494,1,4286,-4050,819,2056,-1376,3237,1884,1200,-480,2767,1790,1362,1557,3693,1679,1284
479494,1,4283,-4052,813,2060,-1381,3236,1883,1198,-484,2767,1793,1366,1552,3695,1681,1282
479494,0,4283,-4052,813,2060,-1381,3236,1883,1198,-484,2767,1793,1366,1552,3695,1681,1282
479494,1,4285,-4053,808,2062,-1375,3236,1885,1199,-480,2767,1799,1362,1553,3693,1678,1286
479494,1,4287,-4050,806,2061,-1382,3236,1889,1201,-482,2768,1795,1365,1556,3696,1679,1283
479494,1,4288,-4052,806,2064,-1377,3237,1892,1201,-481,2774,1793,1365,1555,3696,1682,1285
479494,1,4288,-4050,803,2063,-1379,3234,1892,1201,-479,2769,1797,1362,1555,3693,1679,1285
479494,1,4285,-4051,798,2066,-1380,3238,1893,1201,-480,2770,1804,1370,1554,3696,1681,1285
479494,0,4285,-4051,798,2066,-1380,3238,1893,1201,-480,2770,1804,1370,1554,3696,1681,1285
479494,1,4287,-4047,795,2070,-1381,3239,1896,1201,-480,2767,1798,1368,1558,3697,1682,1284
479494,1,4287,-4048,791,2070,-1375,3236,1897,1207,-479,2771,1797,1365,1555,3695,1682,1285
479494,1,4286,-4046,790,2072,-1379,3236,1896,1202,-480,2771,1803,1372,1553,3695,1681,1286
479494,1,4286,-4049,789,2075,-1376,3234,1900,1205,-480,2768,1806,1370,1550,3694,1682,1287
479494,0,4286,-4049,789,2075,-1376,3234,1900,1205,-480,2768,1806,1370,1550,3694,1682,1287
479494,1,4287,-4049,783,2072,-1380,3233,1902,1206,-478,2768,1807,1370,1553,3694,1683,1288
479494,1,4287,-4049,782,2074,-1374,3238,1903,1207,-480,2770,1807,1365,1556,3694,1684,1288
479494,1,4285,-4050,779,2079,-1379,3235,1904,1204,-480,2767,1807,1371,1555,3697,1686,1287
479494,1,4287,-4047,777,2082,-1376,3235,1907,1210,-480,2770,1808,1377,1554,3697,1684,1290
479494,0,4287,-4047,777,2082,-1376,3235,1907,1210,-480,2770,1808,1377,1554,3697,1684,1290
479494,1,4287,-4045,772,2082,-1381,3237,1910,1210,-482,2770,1811,1371,1555,3696,1685,1289
479494,1,4288,-4049,768,2085,-1374,3234,1913,1207,-481,2770,1816,1379,1555,3696,1685,1290
479494,1,4288,-4050,765,2088,-1377,3235,1915,1209,-481,2768,1811,1372,1552,3695,1688,1291
479494,1,4286,-4046,761,2091,-1375,3239,1916,1209,-480,2768,1811,1374,1556,3697,1689,1290
479494,0,4286,-4046,761,2091,-1375,3239,1916,1209,-480,2768,1811,1374,1556,3697,1689,1290
479494,1,4287,-4050,758,2090,-1376,3235,1915,1212,-480,2770,1820,1376,1553,3695,1689,1291
479494,1,4288,-4048,754,2094,-1375,3234,1916,1214,-480,2772,1820,1373,1553,3696,1686,1291
479494,1,4287,-4049,756,2096,-1382,3238,1918,1211,-482,2771,1816,1379,1556,3698,1688,1290
479494,1,4288,-4048,751,2095,-1375,3233,1921,1213,-479,2769,1819,1383,1552,3695,1689,1291
479494,0,4288,-4048,751,2095,-1375,3233,1921,1213,-479,2769,1819,1383,1552,3695,1689,1291
479494,1,4286,-4047,749,2095,-1379,3235,1925,1211,-481,2774,1819,1382,1552,3695,1689,1291
479494,1,4287,-4049,746,2096,-1376,3235,1925,1215,-482,2768,1822,1378,1554,3697,1689,1292
479494,1,4284,-4049,745,2097,-1378,3237,1925,1215,-481,2771,1827,1380,1554,3697,1689,1292
479494,1,4287,-4050,745,2098,-1373,3235,1930,1216,-479,2771,1824,1385,1554,3697,1689,1292
479494,0,4287,-4050,745,2098,-1373,3235,1930,1216,-479,2771,1824,1385,1554,3697,1689,1292
479494,1,4289,-4048,741,2096,-1379,3239,1933,1213,-482,2771,1824,1380,1555,3698,1690,1293
479494,1,4289,-4047,744,2098,-1376,3232,1934,1215,-480,2773,1832,1383,1556,3698,1693,1295
479494,1,4286,-4047,740,2096,-1379,3238,1937,1221,-482,2771,1835,1388,1555,3698,1689,1294
479494,1,4286,-4047,740,2098,-1375,3236,1939,1217,-479,2769,1831,1385,1553,3697,1690,1297
479494,0,4286,-4047,740,2098,-1375,3236,1939,1217,-479,2769,1831,1385,1553,3697,1690,1297
479494,1,4288,-4046,740,2097,-1376,3235,1939,1213,-480,2773,1834,1388,1552,3697,1692,1298
479494,1,4287,-4048,735,2097,-1378,3237,1942,1219,-480,2770,1830,1386,1555,3699,1691,1297
479494,1,4286,-4044,739,2096,-1378,3234,1941,1218,-482,2770,1838,1383,1554,3697,1693,1299
479494,1,4287,-4047,735,2096,-1375,3237,1941,1220,-480,2773,1841,1389,1555,3698,1692,1297
479494,0,4287,-4047,735,2096,-1375,3237,1941,1220,-480,2773,1841,1389,1555,3698,1692,1297
479494,1,4287,-4046,733,2097,-1375,3236,1944,1223,-482,2770,1836,1388,1554,3699,1693,1297
479494,1,4286,-4046,733,2094,-1378,3234,1948,1223,-482,2771,1842,1393,1552,3698,1695,1297
479494,1,4285,-4046,734,2097,-1375,3236,1946,1222,-480,2770,1842,1392,1553,3698,1694,1300
479494,1,4287,-4044,734,2096,-1382,3238,1947,1220,-479,2770,1845,1391,1555,3700,1694,1300
479494,0,4287,-4044,734,2096,-1382,3238,1947,1220,-479,2770,1845,1391,1555,3700,1694,1300
479494,1,4288,-4046,733,2096,-1375,3233,1948,1225,-481,2773,1847,1396,1553,3700,1692,1298
479494,1,4288,-4045,733,2094,-1380,3237,1951,1224,-481,2769,1842,1393,1551,3699,1696,1298
479494,1,4287,-4047,734,2093,-1379,3232,1952,1227,-481,2773,1844,1396,1554,3698,1696,1300
479494,1,4287,-4047,730,2094,-1376,3235,1951,1227,-482,2769,1852,1396,1555,3700,1697,1300
479494,0,4287,-4047,730,2094,-1376,3235,1951,1227,-482,2769,1852,1396,1555,3700,1697,1300
479494,1,4289,-4047,734,2095,-1377,3237,1954,1222,-484,2769,1850,1393,1554,3697,1698,1302
479494,1,4286,-4049,732,2096,-1376,3236,1952,1224,-481,2771,1854,1395,1554,3702,1696,1303
479494,1,4288,-4045,732,2095,-1376,3236,1956,1228,-483,2771,1852,1393,1552,3699,1697,1301
479494,1,4286,-4050,731,2093,-1377,3236,1956,1229,-483,2769,1851,1399,1556,3700,1698,1303
479494,0,4286,-4050,731,2093,-1377,3236,1956,1229,-483,2769,1851,1399,1556,3700,1698,1303
479494,1,4290,-4050,729,2093,-1376,3239,1959,1225,-481,2769,1855,1398,1555,3700,1697,1301
479494,1,4288,-4048,728,2092,-1381,3237,1959,1229,-481,2770,1859,1395,1557,3699,1700,1302
479494,1,4289,-4050,729,2092,-1375,3236,1960,1226,-481,2770,1857,1402,1555,3702,1698,1303
479494,1,4288,-4046,730,2090,-1380,3235,1965,1225,-482,2772,1856,1398,1551,3700,1699,1302
479494,0,4288,-4046,730,2090,-1380,3235,1965,1225,-482,2772,1856,1398,1551,3700,1699,1302
479494,1,4288,-4048,728,2090,-1380,3237,1965,1228,-483,2769,1856,1399,1554,3701,1700,1307
479494,1,4288,-4045,728,2093,-1376,3233,1966,1230,-479,2770,1862,1403,1552,3702,1699,1305
479494,1,4289,-4048,728,2092,-1373,3238,1968,1228,-481,2771,1867,1400,1550,3699,1700,1302
479494,1,4287,-4045,726,2093,-1380,3234,1970,1230,-481,2770,1859,1401,1555,3700,1702,1303
479494,0,4287,-4045,726,2093,-1380,3234,1970,1230,-481,2770,1859,1401,1555,3700,1702,1303
479494,1,4288,-4047,726,2092,-1376,3239,1969,1230,-479,2769,1863,1401,1555,3699,1701,1304
479494,1,4288,-4048,726,2089,-1379,3235,1971,1226,-480,2771,1862,1404,1554,3700,1699,1305
479494,1,4287,-4048,725,2086,-1375,3238,1973,1234,-481,2769,1863,1404,1553,3701,1700,1307
479494,1,4290,-4045,723,2088,-1379,3236,1968,1230,-481,2770,1870,1402,1555,3701,1702,1306
479494,1,4289,-4044,723,2090,-1374,3234,1974,1231,-483,2769,1867,1405,1554,3700,1701,1305
479494,0,4289,-4044,723,2090,-1374,3234,1974,1231,-483,2769,1867,1405,1554,3700,1701,1305
479494,1,4288,-4047,725,2089,-1376,3234,1976,1231,-482,2772,1865,1405,1552,3701,1701,1308
479494,1,4290,-4049,726,2090,-1375,3238,1975,1234,-483,2772,1872,1403,1551,3699,1701,1307
479494,1,4289,-4046,721,2091,-1379,3234,1980,1232,-485,2774,1873,1409,1552,3697,1703,1307
479494,1,4287,-4044,720,2090,-1374,3238,1977,1233,-482,2768,1876,1411,1553,3698,1704,1309
479494,0,4287,-4044,720,2090,-1374,3238,1977,1233,-482,2768,1876,1411,1553,3698,1704,1309
479494,1,4289,-4048,720,2090,-1379,3235,1978,1234,-482,2768,1871,1406,1555,3701,1702,1310
479494,1,4288,-4048,719,2088,-1375,3236,1978,1236,-482,2769,1872,1413,1552,3700,1703,1310
479494,1,4289,-4050,722,2086,-1381,3235,1979,1238,-484,2772,1875,1406,1556,3700,1702,1310
479494,1,4289,-4046,719,2086,-1375,3235,1981,1234,-484,2768,1875,1412,1556,3702,1704,1311
479494,0,4289,-4046,719,2086,-1375,3235,1981,1234,-484,2768,1875,1412,1556,3702,1704,1311
479494,1,4289,-4049,720,2087,-1378,3238,1981,1236,-483,2769,1881,1408,1553,3701,1704,1311
479494,1,4288,-4045,720,2086,-1381,3236,1982,1233,-481,2770,1881,1411,1552,3703,1705,1310
479494,1,4291,-4046,719,2090,-1377,3234,1982,1235,-484,2770,1876,1414,1553,3702,1706,1310
479494,1,4289,-4046,721,2088,-1381,3237,1983,1236,-482,2770,1875,1410,1557,3700,1705,1309
479494,0,4289,-4046,721,2088,-1381,3237,1983,1236,-482,2770,1875,1410,1557,3700,1705,1309
479494,1,4288,-4050,718,2087,-1378,3232,1982,1236,-484,2769,1882,1412,1556,3701,1709,1310
479494,1,4290,-4049,720,2085,-1375,3237,1985,1238,-483,2770,1879,1414,1554,3704,1707,1313
479494,1,4288,-4046,719,2086,-1378,3237,1985,1236,-483,2771,1881,1411,1552,3700,1706,1313
479494,1,4287,-4048,718,2085,-1377,3239,1988,1236,-482,2772,1881,1412,1553,3702,1706,1312
479494,0,4287,-4048,718,2085,-1377,3239,1988,1236,-482,2772,1881,1412,1553,3702,1706,1312
479494,1,4288,-4045,718,2085,-1376,3233,1986,1238,-480,2768,1881,1419,1555,3699,1706,1314
479494,1,4288,-4047,719,2084,-1378,3236,1985,1241,-485,2772,1886,1417,1554,3701,1707,1314
479494,1,4290,-4047,718,2085,-1375,3236,1989,1238,-484,2770,1886,1416,1552,3701,1706,1315
479494,1,4289,-4048,719,2086,-1379,3233,1988,1237,-482,2770,1885,1414,1551,3700,1706,1315
479494,0,4289,-4048,719,2086,-1379,3233,1988,1237,-482,2770,1885,1414,1551,3700,1706,1315
479494,1,4287,-4048,719,2083,-1377,3235,1987,1242,-484,2771,1886,1414,1555,3701,1709,1314
479494,1,4289,-4049,719,2083,-1378,3234,1987,1239,-482,2768,1884,1420,1556,3700,1708,1314
479494,1,4288,-4046,721,2081,-1373,3234,1988,1240,-482,2771,1893,1416,1551,3701,1709,1315
479494,1,4288,-4043,716,2084,-1381,3240,1989,1242,-484,2773,1890,1421,1551,3699,1710,1317
479494,0,4288,-4043,716,2084,-1381,3240,1989,1242,-484,2773,1890,1421,1551,3699,1710,1317
479494,1,4290,-4047,717,2084,-1375,3234,1989,1242,-483,2771,1887,1418,1555,3705,1708,1317
479494,1,4286,-4049,719,2081,-1376,3238,1990,1242,-484,2770,1884,1416,1554,3700,1711,1315
479494,1,4289,-4044,719,2081,-1375,3238,1988,1242,-484,2771,1887,1424,1553,3700,1711,1314
479494,1,4291,-4048,716,2080,-1375,3236,1992,1241,-483,2770,1887,1419,1555,3701,1709,1317
479494,0,4291,-4048,716,2080,-1375,3236,1992,1241,-483,2770,1887,1419,1555,3701,1709,1317
479494,1,4290,-4046,718,2083,-1376,3237,1993,1243,-482,2768,1891,1423,1553,3700,1711,1316
479494,1,4291,-4046,717,2083,-1378,3235,1994,1242,-484,2769,1892,1420,1556,3704,1710,1318
479494,1,4289,-4046,717,2081,-1377,3238,1992,1241,-482,2767,1889,1420,1553,3702,1712,1319
479494,1,4290,-4048,718,2083,-1379,3235,1992,1242,-486,2769,1889,1424,1554,3700,1711,1318
479494,0,4290,-4048,718,2083,-1379,3235,1992,1242,-486,2769,1889,1424,1554,3700,1711,1318
479494,1,4291,-4047,717,2081,-1372,3235,1990,1248,-484,2769,1891,1418,1555,3702,1709,1318
479494,1,4289,-4048,718,2082,-1379,3237,1991,1244,-483,2769,1894,1420,1554,3701,1711,1319
479494,1,4290,-4046,716,2079,-1374,3235,1992,1244,-486,2770,1889,1426,1551,3702,1714,1319
479494,1,4292,-4048,717,2080,-1375,3236,1995,1245,-485,2771,1889,1418,1553,3704,1713,1319
479494,0,4292,-4048,717,2080,-1375,3236,1995,1245,-485,2771,1889,1418,1553,3704,1713,1319
479494,1,4289,-4048,716,2077,-1373,3234,1993,1251,-484,2769,1895,1421,1551,3702,1713,1319
479494,1,4290,-4050,717,2078,-1379,3237,1993,1247,-484,2768,1899,1430,1554,3701,1712,1319
479494,1,4290,-4049,718,2079,-1375,3235,1995,1246,-484,2770,1898,1420,1554,3703,1713,1319
479494,1,4292,-4047,715,2079,-1380,3237,1995,1243,-487,2769,1899,1426,1552,3704,1715,1321
479494,0,4292,-4047,715,2079,-1380,3237,1995,1243,-487,2769,1899,1426,1552,3704,1715,1321
479494,1,4290,-4044,716,2080,-1377,3235,1999,1249,-484,2770,1895,1422,1553,3703,1712,1320
479494,1,4289,-4048,715,2080,-1376,3236,1997,1247,-483,2771,1894,1430,1549,3702,1713,1321
479494,1,4290,-4049,712,2080,-1380,3236,1996,1248,-482,2772,1894,1428,1552,3703,1714,1322
479494,1,4291,-4049,713,2080,-1378,3235,1996,1251,-486,2773,1902,1422,1554,3702,1714,1322
479494,0,4291,-4049,713,2080,-1378,3235,1996,1251,-486,2773,1902,1422,1554,3702,1714,1322
479494,1,4292,-4050,715,2076,-1377,3235,1997,1251,-485,2768,1903,1427,1553,3703,1718,1320
479494,1,4290,-4047,709,2079,-1379,3238,1998,1248,-484,2769,1898,1427,1554,3703,1716,1324
479494,1,4291,-4047,713,2080,-1377,3235,1998,1250,-485,2770,1899,1421,1553,3704,1716,1323
479494,1,4290,-4044,710,2079,-1376,3238,1999,1249,-485,2770,1901,1428,1555,3703,1715,1323
479494,0,4290,-4044,710,2079,-1376,3238,1999,1249,-485,2770,1901,1428,1555,3703,1715,1323
479494,1,4289,-4047,708,2081,-1379,3233,2001,1251,-485,2768,1903,1428,1555,3702,1715,1322
479494,1,4291,-4047,711,2081,-1376,3237,1999,1250,-487,2769,1906,1423,1550,3701,1715,1324
479494,1,4290,-4046,710,2077,-1381,3235,2001,1249,-485,2772,1902,1426,1551,3702,1718,1327
479494,1,4289,-4048,712,2081,-1375,3236,2004,1250,-486,2770,1904,1428,1554,3703,1715,1324
479494,0,4289,-4048,712,2081,-1375,3236,2004,1250,-486,2770,1904,1428,1554,3703,1715,1324
479494,1,4291,-4048,708,2079,-1380,3236,2001,1255,-487,2767,1900,1431,1554,3701,1718,1325
479494,1,4291,-4048,710,2080,-1375,3233,2000,1250,-487,2765,1901,1428,1555,3702,1719,1325
479494,1,4289,-4045,712,2082,-1378,3236,2001,1248,-486,2767,1906,1427,1554,3704,1717,1324
479494,1,4289,-4046,709,2081,-1376,3235,2003,1252,-485,2771,1909,1430,1554,3702,1720,1323
479495,1,4291,-4048,712,2079,-1380,3233,2005,1251,-486,2770,1900,1432,1552,3704,1718,1325
479495,0,4291,-4048,712,2079,-1380,3233,2005,1251,-486,2770,1900,1432,1552,3704,1718,1325
479495,1,4291,-4049,708,2078,-1376,3239,2005,1250,-484,2771,1903,1429,1553,3702,1718,1327
479495,1,4290,-4047,708,2080,-1379,3233,2005,1252,-486,2769,1906,1436,1553,3702,1718,1325
479495,1,4290,-4049,707,2080,-1374,3236,2005,1256,-486,2772,1910,1431,1554,3704,1715,1327
479495,1,4289,-4050,707,2079,-1382,3233,2005,1252,-486,2770,1909,1427,1555,3702,1718,1327
479495,0,4289,-4050,707,2079,-1382,3233,2005,1252,-486,2770,1909,1427,1555,3702,1718,1327
479495,1,4289,-4047,708,2077,-1375,3238,2007,1250,-487,2773,1910,1430,1556,3702,1719,1328
479495,1,4291,-4048,705,2079,-1381,3233,2004,1254,-484,2769,1910,1435,1553,3703,1718,1327
479495,1,4291,-4049,705,2078,-1375,3236,2006,1257,-487,2769,1904,1435,1552,3701,1719,1328
479495,1,4290,-4047,705,2079,-1378,3236,2007,1254,-489,2771,1905,1430,1553,3703,1718,1329
479495,0,4290,-4047,705,2079,-1378,3236,2007,1254,-489,2771,1905,1430,1553,3703,1718,1329
479495,1,4289,-4050,709,2078,-1374,3237,2006,1252,-486,2771,1913,1435,1554,3701,1722,1326
479495,1,4291,-4049,705,2078,-1377,3233,2009,1255,-484,2771,1909,1437,1552,3704,1719,1328
479495,1,4292,-4045,705,2078,-1373,3234,2009,1251,-487,2769,1907,1433,1555,3703,1721,1331
479495,1,4292,-4046,707,2078,-1380,3235,2007,1251,-487,2770,1908,1434,1554,3702,1721,1329
479495,0,4292,-4046,707,2078,-1380,3235,2007,1251,-487,2770,1908,1434,1554,3702,1721,1329
479495,1,4292,-4046,711,2077,-1372,3235,2006,1255,-486,2768,1906,1439,1556,3704,1725,1330
479495,1,4289,-4045,707,2078,-1378,3232,2008,1256,-486,2771,1913,1436,1553,3702,1720,1331
479495,1,4289,-4045,707,2076,-1375,3236,2009,1254,-486,2774,1913,1437,1551,3704,1722,1329
479495,1,4292,-4048,703,2076,-1379,3235,2006,1252,-486,2771,1914,1435,1556,3704,1723,1329
479495,0,4292,-4048,703,2076,-1379,3235,2006,1252,-486,2771,1914,1435,1556,3704,1723,1329
479495,1,4292,-4046,703,2077,-1374,3239,2010,1255,-489,2769,1913,1442,1552,3703,1723,1329
479495,1,4289,-4050,706,2080,-1381,3233,2011,1254,-486,2771,1908,1438,1554,3705,1722,1332
479495,1,4292,-4047,707,2077,-1377,3232,2014,1253,-486,2768,1915,1438,1554,3704,1723,1331
479495,1,4288,-4046,705,2076,-1378,3238,2013,1257,-486,2771,1915,1442,1555,3705,1723,1330
479495,0,4288,-4046,705,2076,-1378,3238,2013,1257,-486,2771,1915,1442,1555,3705,1723,1330
479495,1,4289,-4048,706,2074,-1375,3236,2011,1259,-485,2768,1915,1443,1554,3702,1723,1330
479495,1,4289,-4049,705,2076,-1380,3237,2010,1256,-487,2770,1912,1440,1553,3701,1723,1330
479495,1,4293,-4048,705,2076,-1373,3235,2013,1259,-488,2772,1913,1444,1552,3704,1723,1330
479495,1,4291,-4046,703,2075,-1379,3235,2013,1256,-485,2772,1910,1441,1552,3704,1723,1332
479495,0,4291,-4046,703,2075,-1379,3235,2013,1256,-485,2772,1910,1441,1552,3704,1723,1332
479495,1,4290,-4048,704,2074,-1375,3235,2013,1258,-485,2770,1920,1441,1554,3703,1724,1333
479495,1,4291,-4049,704,2075,-1376,3234,2012,1256,-487,2770,1914,1439,1553,3704,1726,1332
479495,1,4291,-4049,703,2076,-1373,3234,2017,1255,-487,2769,1918,1441,1556,3702,1724,1334
479495,1,4293,-4047,705,2078,-1379,3234,2016,1257,-487,2766,1915,1446,1554,3704,1724,1333
479495,0,4293,-4047,705,2078,-1379,3234,2016,1257,-487,2766,1915,1446,1554,3704,1724,1333
479495,1,4288,-4045,704,2076,-1378,3235,2015,1253,-487,2771,1911,1442,1552,3704,1725,1334
479495,1,4295,-4049,705,2078,-1380,3237,2017,1257,-485,2768,1917,1445,1551,3705,1724,1334
479495,1,4291,-4050,705,2075,-1376,3236,2017,1257,-487,2768,1919,1448,1554,3703,1724,1333
479495,1,4290,-4048,703,2073,-1377,3236,2017,1256,-489,2771,1919,1443,1553,3704,1725,1334
479495,0,4290,-4048,703,2073,-1377,3236,2017,1256,-489,2771,1919,1443,1553,3704,1725,1334
479495,1,4291,-4048,704,2076,-1373,3234,2022,1258,-487,2769,1920,1445,1552,3702,1728,1333
479495,1,4291,-4045,705,2076,-1380,3238,2020,1257,-486,2769,1913,1450,1553,3704,1727,1336
479495,1,4290,-4046,704,2074,-1374,3230,2019,1261,-486,2769,1918,1447,1555,3703,1725,1335
479495,1,4290,-4046,703,2075,-1379,3239,2020,1260,-487,2770,1916,1448,1557,3705,1726,1336
479495,0,4290,-4046,703,2075,-1379,3239,2020,1260,-487,2770,1916,1448,1557,3705,1726,1336
479495,1,4293,-4046,701,2074,-1379,3236,2019,1255,-488,2767,1922,1450,1555,3702,1725,1335
479495,1,4290,-4047,704,2075,-1380,3239,2020,1257,-486,2770,1922,1448,1552,3702,1726,1337
479495,1,4290,-4049,703,2073,-1376,3234,2021,1259,-486,2769,1922,1450,1554,3704,1726,1337
479495,1,4289,-4047,703,2074,-1376,3235,2018,1255,-486,2767,1920,1445,1554,3704,1728,1338
479495,0,4289,-4047,703,2074,-1376,3235,2018,1255,-486,2767,1920,1445,1554,3704,1728,1338
479495,1,4291,-4047,703,2073,-1382,3236,2021,1258,-485,2770,1917,1450,1553,3703,1729,1339
479495,1,4289,-4045,702,2073,-1376,3236,2022,1261,-486,2772,1919,1450,1549,3701,1726,1339
479495,1,4290,-4048,702,2071,-1374,3237,2022,1257,-487,2769,1926,1444,1553,3706,1724,1339
479495,1,4292,-4046,702,2075,-1377,3236,2021,1260,-487,2770,1923,1448,1556,3707,1728,1338
479495,0,4292,-4046,702,2075,-1377,3236,2021,1260,-487,2770,1923,1448,1556,3707,1728,1338
479495,1,4290,-4046,702,2071,-1374,3235,2022,1259,-488,2770,1921,1451,1553,3704,1730,1340
479495,1,4294,-4050,701,2072,-1375,3236,2022,1261,-490,2769,1919,1447,1550,3699,1728,1339
479495,1,4291,-4049,702,2074,-1377,3235,2022,1260,-485,2769,1919,1451,1550,3703,1729,1338
479495,1,4289,-4050,704,2074,-1374,3235,2023,1260,-489,2769,1925,1449,1553,3702,1729,1339
479495,0,4289,-4050,704,2074,-1374,3235,2023,1260,-489,2769,1925,1449,1553,3702,1729,1339
479495,1,4290,-4048,701,2071,-1377,3234,2022,1262,-488,2766,1923,1451,1552,3704,1727,1339
479495,1,4291,-4048,703,2071,-1376,3239,2023,1259,-489,2772,1929,1452,1553,3705,1730,1337
479495,1,4291,-4049,704,2071,-1382,3235,2027,1258,-492,2770,1928,1448,1552,3704,1729,1339
479495,1,4288,-4048,701,2074,-1374,3232,2026,1264,-489,2770,1922,1453,1552,3702,1728,1342
479495,1,4293,-4046,705,2071,-1380,3238,2024,1266,-488,2772,1927,1453,1552,3706,1729,1339
479495,0,4293,-4046,705,2071,-1380,3238,2024,1266,-488,2772,1927,1453,1552,3706,1729,1339
479495,1,4292,-4047,700,2072,-1378,3235,2026,1262,-489,2769,1927,1450,1551,3704,1730,1340
479495,1,4291,-4048,701,2070,-1378,3238,2027,1262,-489,2770,1933,1456,1552,3704,1729,1340
479495,1,4291,-4047,701,2069,-1377,3235,2028,1263,-488,2770,1930,1454,1551,3702,1730,1343
479495,1,4290,-4050,702,2072,-1376,3238,2030,1266,-490,2771,1927,1448,1554,3705,1730,1342
479495,0,4290,-4050,702,2072,-1376,3238,2030,1266,-490,2771,1927,1448,1554,3705,1730,1342
479495,1,4289,-4047,701,2070,-1375,3233,2028,1263,-489,2771,1929,1453,1550,3701,1732,1343
479495,1,4290,-4047,703,2072,-1381,3237,2027,1266,-486,2770,1924,1454,1553,3705,1731,1342
479495,1,4290,-4048,703,2070,-1375,3234,2029,1264,-486,2770,1927,1457,1553,3704,1733,1341
479495,1,4292,-4050,702,2070,-1379,3237,2027,1266,-489,2765,1932,1453,1553,3702,1732,1342
479495,0,4292,-4050,702,2070,-1379,3237,2027,1266,-489,2765,1932,1453,1553,3702,1732,1342
479495,1,4291,-4044,703,2071,-1375,3235,2029,1265,-486,2771,1932,1450,1554,3703,1729,1344
479495,1,4291,-4048,701,2072,-1379,3235,2029,1265,-489,2767,1932,1455,1555,3703,1730,1341
479495,1,4292,-4045,702,2070,-1374,3235,2029,1263,-490,2770,1927,1453,1552,3704,1732,1342
479495,1,4294,-4046,700,2072,-1377,3235,2028,1268,-489,2770,1928,1452,1554,3704,1731,1343
479495,0,4294,-4046,700,2072,-1377,3235,2028,1268,-489,2770,1928,1452,1554,3704,1731,1343
479495,1,4288,-4046,701,2072,-1373,3236,2028,1266,-490,2770,1932,1455,1555,3702,1731,1344
479495,1,4294,-4047,699,2068,-1375,3236,2030,1264,-492,2770,1928,1452,1550,3704,1732,1341
479495,1,4294,-4049,699,2070,-1378,3235,2025,1265,-489,2768,1923,1452,1553,3706,1730,1341
479495,1,4296,-4050,694,2073,-1376,3233,2025,1264,-488,2769,1920,1453,1554,3704,1731,1344
479495,0,4296,-4050,694,2073,-1376,3233,2025,1264,-488,2769,1920,1453,1554,3704,1731,1344
479495,1,4301,-4052,690,2071,-1376,3231,2022,1265,-487,2769,1917,1452,1554,3702,1734,1344
479495,1,4303,-4050,687,2071,-1376,3228,2020,1265,-488,2768,1911,1453,1557,3701,1732,1342
479495,1,4303,-4051,688,2071,-1377,3228,2020,1267,-487,2766,1907,1455,1553,3698,1732,1343
479495,1,4302,-4052,684,2070,-1375,3221,2020,1262,-488,2763,1904,1456,1556,3699,1734,1343
479495,0,4302,-4052,684,2070,-1375,3221,2020,1262,-488,2763,1904,1456,1556,3699,1734,1343
479495,1,4303,-4050,685,2070,-1381,3220,2018,1264,-487,2760,1906,1456,1558,3700,1733,1343
479495,1,4304,-4050,686,2070,-1376,3221,2021,1264,-488,2758,1907,1457,1560,3699,1732,1343
479495,1,4304,-4054,686,2069,-1377,3220,2019,1266,-487,2758,1908,1456,1558,3696,1730,1344
479495,1,4304,-4053,688,2070,-1378,3221,2019,1264,-486,2756,1908,1457,1556,3696,1734,1342
479495,0,4304,-4053,688,2070,-1378,3221,2019,1264,-486,2756,1908,1457,1556,3696,1734,1342
479495,1,4308,-4052,685,2071,-1379,3218,2017,1267,-486,2752,1907,1457,1560,3696,1734,1343
479495,1,4306,-4052,685,2070,-1378,3219,2017,1264,-486,2753,1909,1456,1558,3693,1731,1345
479495,1,4302,-4053,686,2070,-1377,3220,2018,1264,-486,2753,1911,1456,1557,3696,1733,1341
479495,1,4304,-4054,687,2071,-1377,3219,2017,1264,-486,2754,1910,1456,1558,3697,1732,1341
479495,0,4304,-4054,687,2071,-1377,3219,2017,1264,-486,2754,1910,1456,1558,3697,1732,1341
479495,1,4304,-4055,688,2072,-1375,3219,2020,1264,-484,2754,1910,1455,1558,3697,1732,1344
479495,1,4306,-4053,689,2069,-1376,3221,2021,1267,-488,2754,1912,1458,1557,3697,1732,1345
479495,1,4305,-4052,692,2069,-1377,3220,2018,1264,-486,2752,1909,1458,1557,3695,1733,1345
479495,1,4305,-4053,698,2067,-1376,3219,2017,1266,-489,2750,1914,1459,1559,3692,1731,1345
479495,0,4305,-4053,698,2067,-1376,3219,2017,1266,-489,2750,1914,1459,1559,3692,1731,1345
479495,1,4304,-4055,701,2067,-1379,3219,2019,1265,-489,2750,1914,1458,1560,3697,1733,1344
479495,1,4304,-4058,706,2068,-1376,3220,2020,1266,-489,2751,1914,1461,1558,3692,1733,1345
479495,1,4305,-4059,714,2066,-1376,3220,2016,1266,-486,2748,1912,1458,1556,3695,1732,1343
479495,1,4305,-4059,723,2062,-1378,3219,2020,1269,-485,2748,1914,1461,1559,3695,1730,1343
479495,0,4305,-4059,723,2062,-1378,3219,2020,1269,-485,2748,1914,1461,1559,3695,1730,1343
479495,1,4305,-4064,735,2063,-1378,3219,2021,1270,-488,2746,1914,1462,1558,3697,1732,1344
479495,1,4306,-4065,742,2062,-1376,3214,2022,1269,-486,2746,1916,1461,1560,3695,1735,1340
479495,1,4304,-4065,747,2062,-1375,3217,2023,1269,-488,2746,1918,1461,1558,3695,1731,1343
479495,1,4306,-4065,751,2060,-1380,3217,2022,1270,-485,2746,1918,1464,1558,3695,1731,1344
479495,0,4306,-4065,751,2060,-1380,3217,2022,1270,-485,2746,1918,1464,1558,3695,1731,1344
479495,1,4308,-4065,752,2060,-1373,3216,2023,1271,-484,2746,1919,1466,1560,3697,1733,1346
479495,1,4306,-4065,754,2059,-1377,3215,2025,1271,-486,2745,1921,1463,1559,3694,1733,1345
479495,1,4305,-4069,760,2057,-1374,3216,2025,1273,-485,2746,1919,1463,1559,3694,1734,1345
479495,1,4306,-4067,762,2059,-1380,3215,2025,1274,-485,2746,1919,1466,1557,3695,1735,1344
479495,0,4306,-4067,762,2059,-1380,3215,2025,1274,-485,2746,1919,1466,1557,3695,1735,1344
479495,1,4305,-4065,762,2058,-1376,3215,2024,1273,-491,2746,1918,1468,1561,3694,1733,1343
479495,1,4307,-4065,764,2059,-1378,3219,2026,1279,-486,2742,1920,1467,1558,3696,1730,1344
479495,1,4307,-4067,765,2059,-1376,3216,2027,1273,-486,2743,1926,1468,1558,3698,1733,1341
479495,1,4305,-4069,765,2060,-1376,3213,2028,1277,-486,2741,1922,1472,1560,3698,1734,1346
479495,0,4305,-4069,765,2060,-1376,3213,2028,1277,-486,2741,1922,1472,1560,3698,1734,1346
479495,1,4306,-4069,767,2057,-1378,3216,2029,1278,-487,2743,1927,1476,1560,3698,1735,1343
479495,1,4307,-4066,765,2058,-1378,3215,2029,1278,-487,2744,1930,1473,1559,3697,1733,1344
479495,1,4304,-4067,767,2059,-1378,3215,2033,1278,-487,2744,1926,1476,1560,3696,1733,1345
479495,1,4305,-4065,768,2059,-1376,3210,2034,1278,-485,2743,1927,1477,1558,3697,1734,1344
479495,0,4305,-4065,768,2059,-1376,3210,2034,1278,-485,2743,1927,1477,1558,3697,1734,1344
479495,1,4306,-4067,767,2058,-1374,3215,2034,1278,-487,2743,1923,1472,1557,3700,1734,1343
479495,1,4306,-4067,766,2058,-1382,3214,2033,1284,-488,2741,1924,1474,1559,3697,1733,1346
479495,1,4306,-4067,770,2060,-1377,3214,2035,1279,-486,2744,1932,1478,1559,3695,1734,1346
479495,1,4306,-4067,770,2060,-1375,3211,2037,1282,-487,2740,1933,1477,1560,3699,1734,1345
479495,1,4307,-4069,770,2060,-1380,3213,2035,1282,-487,2741,1933,1477,1557,3698,1734,1345
479495,0,4307,-4069,770,2060,-1380,3213,2035,1282,-487,2741,1933,1477,1557,3698,1734,1345
479495,1,4307,-4065,769,2061,-1373,3211,2034,1283,-486,2739,1927,1482,1557,3701,1735,1346
479495,1,4307,-4070,773,2060,-1381,3212,2035,1283,-487,2741,1931,1482,1557,3697,1734,1346
479495,1,4308,-4066,771,2059,-1376,3209,2037,1284,-486,2739,1929,1479,1562,3699,1733,1345
479495,1,4305,-4069,772,2061,-1378,3211,2036,1283,-488,2742,1927,1480,1560,3698,1734,1344
479495,0,4305,-4069,772,2061,-1378,3211,2036,1283,-488,2742,1927,1480,1560,3698,1734,1344
479495,1,4308,-4070,772,2061,-1374,3211,2041,1286,-487,2739,1937,1480,1557,3699,1735,1346
479495,1,4307,-4068,774,2060,-1377,3213,2041,1283,-487,2744,1939,1484,1553,3701,1734,1347
479495,1,4306,-4066,773,2061,-1376,3212,2040,1284,-488,2739,1935,1488,1556,3700,1736,1345
479495,1,4307,-4066,775,2061,-1380,3209,2041,1286,-488,2741,1934,1480,1557,3700,1736,1345
479495,0,4307,-4066,775,2061,-1380,3209,2041,1286,-488,2741,1934,1480,1557,3700,1736,1345
479495,1,4305,-4071,773,2060,-1376,3211,2041,1287,-489,2740,1933,1481,1555,3701,1738,1349
479495,1,4306,-4066,774,2063,-1381,3209,2043,1283,-489,2739,1940,1488,1555,3702,1736,1348
479495,1,4304,-4065,774,2061,-1375,3212,2041,1287,-487,2740,1941,1484,1556,3701,1736,1346
479495,1,4307,-4065,775,2062,-1379,3207,2042,1287,-490,2741,1938,1486,1558,3701,1736,1346
479495,0,4307,-4065,775,2062,-1379,3207,2042,1287,-490,2741,1938,1486,1558,3701,1736,1346
479495,1,4302,-4065,777,2064,-1374,3208,2042,1288,-490,2740,1943,1490,1555,3702,1737,1347
479495,1,4306,-4066,774,2063,-1378,3209,2043,1284,-489,2739,1936,1486,1554,3701,1735,1347
479495,1,4308,-4069,773,2063,-1381,3210,2044,1284,-487,2739,1936,1492,1555,3702,1735,1350
479495,1,4304,-4066,776,2062,-1379,3211,2044,1287,-487,2737,1938,1488,1556,3702,1735,1347
479495,0,4304,-4066,776,2062,-1379,3211,2044,1287,-487,2737,1938,1488,1556,3702,1735,1347
479495,1,4305,-4067,775,2063,-1379,3211,2043,1285,-490,2737,1940,1486,1556,3701,1734,1346
479495,1,4306,-4068,780,2062,-1378,3209,2044,1288,-492,2737,1945,1491,1556,3700,1733,1349
479495,1,4305,-4064,778,2061,-1377,3209,2044,1288,-491,2739,1941,1491,1555,3701,1736,1348
479495,1,4305,-4066,778,2062,-1377,3210,2044,1286,-490,2738,1939,1489,1557,3704,1738,1351
479495,0,4305,-4066,778,2062,-1377,3210,2044,1286,-490,2738,1939,1489,1557,3704,1738,1351
479495,1,4307,-4065,781,2064,-1376,3208,2045,1289,-491,2739,1941,1490,1558,3702,1739,1348
479495,1,4307,-4068,783,2065,-1382,3207,2047,1288,-488,2739,1943,1492,1555,3701,1737,1351
479495,1,4307,-4066,780,2065,-1375,3207,2045,1289,-491,2737,1945,1490,1553,3701,1734,1349
479495,1,4308,-4068,783,2063,-1379,3207,2047,1292,-487,2738,1945,1494,1555,3700,1737,1352
479495,0,4308,-4068,783,2063,-1379,3207,2047,1292,-487,2738,1945,1494,1555,3700,1737,1352
479495,1,4311,-4065,781,2066,-1377,3207,2047,1292,-488,2736,1945,1490,1556,3702,1737,1352
479495,1,4307,-4069,783,2065,-1379,3209,2045,1291,-490,2736,1945,1496,1555,3701,1738,1349
479495,1,4306,-4067,783,2067,-1378,3205,2048,1289,-491,2738,1942,1494,1555,3700,1735,1350
479495,1,4306,-4068,782,2063,-1376,3209,2045,1291,-490,2736,1948,1493,1552,3703,1737,1350
479495,0,4306,-4068,782,2063,-1376,3209,2045,1291,-490,2736,1948,1493,1552,3703,1737,1350
479495,1,4308,-4068,784,2064,-1382,3207,2049,1290,-491,2737,1947,1492,1553,3702,1738,1350
479495,1,4306,-4066,785,2066,-1378,3208,2050,1293,-490,2738,1948,1497,1551,3701,1738,1351
479495,1,4304,-4067,784,2066,-1376,3207,2048,1291,-489,2735,1946,1494,1553,3703,1736,1353
479495,1,4307,-4068,786,2062,-1377,3207,2047,1291,-489,2738,1944,1491,1555,3703,1739,1352
479495,0,4307,-4068,786,2062,-1377,3207,2047,1291,-489,2738,1944,1491,1555,3703,1739,1352
479495,1,4307,-4070,786,2065,-1379,3207,2047,1292,-488,2736,1946,1498,1555,3703,1739,1350
479495,1,4307,-4065,787,2065,-1378,3205,2048,1292,-489,2738,1952,1491,1553,3703,1738,1353
479495,1,4307,-4069,785,2067,-1378,3207,2048,1293,-489,2734,1945,1493,1553,3706,1738,1353
479495,1,4309,-4065,785,2066,-1377,3209,2048,1291,-492,2737,1950,1493,1551,3703,1739,1353
479495,0,4309,-4065,785,2066,-1377,3209,2048,1291,-492,2737,1950,1493,1551,3703,1739,1353
479495,1,4306,-4066,787,2066,-1376,3205,2050,1293,-491,2734,1950,1496,1553,3702,1740,1354
479495,1,4308,-4068,787,2066,-1378,3207,2051,1295,-491,2734,1945,1498,1557,3707,1738,1354
479495,1,4308,-4066,784,2066,-1380,3203,2051,1290,-488,2736,1946,1496,1556,3701,1740,1352
479495,1,4306,-4063,786,2068,-1375,3205,2049,1294,-489,2739,1948,1493,1555,3704,1738,1352
479495,0,4306,-4063,786,2068,-1375,3205,2049,1294,-489,2739,1948,1493,1555,3704,1738,1352
479495,1,4307,-4064,786,2066,-1381,3207,2050,1294,-491,2734,1951,1497,1554,3704,1739,1354
479495,1,4305,-4065,787,2066,-1378,3203,2053,1294,-492,2734,1953,1495,1554,3704,1742,1355
479495,1,4305,-4068,787,2068,-1379,3208,2050,1292,-491,2736,1948,1494,1552,3702,1741,1355
479495,1,4306,-4068,787,2067,-1381,3205,2054,1297,-491,2735,1953,1497,1554,3704,1740,1353
479495,0,4306,-4068,787,2067,-1381,3205,2054,1297,-491,2735,1953,1497,1554,3704,1740,1353
479495,1,4307,-4066,788,2066,-1377,3207,2051,1296,-489,2733,1950,1497,1553,3705,1741,1354
479495,1,4305,-4067,786,2071,-1375,3203,2053,1294,-493,2736,1952,1492,1553,3704,1741,1355
479495,1,4308,-4068,786,2070,-1382,3208,2051,1293,-489,2737,1952,1496,1553,3703,1742,1356
479495,1,4307,-4068,788,2070,-1376,3206,2052,1295,-492,2734,1951,1494,1552,3701,1741,1357
479495,0,4307,-4068,788,2070,-1376,3206,2052,1295,-492,2734,1951,1494,1552,3701,1741,1357
479495,1,4307,-4067,785,2071,-1380,3208,2051,1293,-492,2736,1948,1500,1553,3702,1742,1357
479496,1,4305,-4068,787,2072,-1377,3205,2052,1294,-492,2735,1947,1496,1551,3705,1742,1355
479496,1,4305,-4069,787,2070,-1380,3206,2053,1296,-493,2736,1951,1494,1554,3704,1739,1354
479496,1,4306,-4066,784,2071,-1381,3207,2053,1296,-491,2736,1955,1498,1552,3704,1740,1355
479496,0,4306,-4066,784,2071,-1381,3207,2053,1296,-491,2736,1955,1498,1552,3704,1740,1355
479496,1,4307,-4068,786,2074,-1378,3205,2054,1295,-493,2735,1955,1501,1551,3706,1741,1358
479496,1,4308,-4065,786,2071,-1375,3207,2051,1295,-490,2734,1950,1493,1555,3702,1740,1355
479496,1,4308,-4066,787,2071,-1378,3206,2053,1292,-492,2734,1949,1497,1557,3704,1744,1355
479496,1,4307,-4067,786,2072,-1377,3207,2053,1295,-491,2733,1953,1498,1555,3704,1742,1357
479496,1,4307,-4066,786,2072,-1382,3204,2054,1291,-493,2734,1954,1494,1549,3703,1741,1356
479496,0,4307,-4066,786,2072,-1382,3204,2054,1291,-493,2734,1954,1494,1549,3703,1741,1356
479496,1,4306,-4068,786,2071,-1377,3206,2054,1297,-492,2737,1955,1498,1552,3704,1743,1357
479496,1,4305,-4068,787,2070,-1381,3206,2054,1294,-492,2734,1958,1492,1554,3703,1742,1356
479496,1,4307,-4069,789,2070,-1375,3205,2053,1296,-491,2736,1955,1495,1558,3702,1744,1360
479496,1,4306,-4066,788,2070,-1380,3205,2053,1294,-494,2737,1951,1501,1554,3704,1742,1355
479496,0,4306,-4066,788,2070,-1380,3205,2053,1294,-494,2737,1951,1501,1554,3704,1742,1355
479496,1,4308,-4067,788,2069,-1380,3203,2055,1294,-491,2735,1954,1497,1554,3705,1740,1358
479496,1,4308,-4064,788,2070,-1382,3205,2057,1293,-488,2734,1955,1496,1555,3702,1744,1358
479496,1,4306,-4067,787,2071,-1375,3206,2053,1296,-493,2736,1958,1499,1555,3703,1744,1360
479496,1,4307,-4067,788,2071,-1381,3207,2054,1291,-491,2735,1955,1496,1553,3703,1743,1359
479496,0,4307,-4067,788,2071,-1381,3207,2054,1291,-491,2735,1955,1496,1553,3703,1743,1359
479496,1,4307,-4066,787,2070,-1378,3205,2053,1297,-490,2734,1955,1495,1554,3704,1744,1359
479496,1,4306,-4068,787,2072,-1383,3204,2053,1294,-491,2732,1953,1501,1554,3702,1744,1359
479496,1,4307,-4068,787,2070,-1374,3204,2051,1297,-493,2734,1954,1497,1554,3704,1745,1357
479496,1,4307,-4069,790,2071,-1381,3205,2051,1292,-490,2732,1955,1500,1554,3703,1743,1357
479496,1,4304,-4068,789,2069,-1374,3207,2055,1296,-494,2736,1956,1495,1554,3704,1743,1359
479496,0,4304,-4068,789,2069,-1374,3207,2055,1296,-494,2736,1956,1495,1554,3704,1743,1359
479496,1,4307,-4064,791,2071,-1381,3205,2056,1298,-492,2733,1952,1493,1553,3702,1743,1357
479496,1,4308,-4068,789,2069,-1375,3203,2055,1295,-491,2734,1950,1499,1553,3705,1745,1360
479496,1,4308,-4067,788,2070,-1377,3204,2054,1295,-491,2737,1957,1493,1554,3704,1743,1358
479496,0,4308,-4067,788,2070,-1377,3204,2054,1295,-491,2737,1957,1493,1554,3704,1743,1358
479496,1,4307,-4068,789,2069,-1378,3206,2051,1297,-493,2733,1952,1495,1555,3704,1744,1360
479496,1,4306,-4067,790,2066,-1380,3204,2053,1295,-493,2736,1957,1502,1554,3704,1744,1358
479496,1,4306,-4068,790,2072,-1375,3205,2055,1294,-492,2735,1957,1498,1552,3704,1745,1360
479496,1,4307,-4066,788,2070,-1378,3204,2055,1296,-492,2737,1950,1495,1553,3706,1745,1359
479496,0,4307,-4066,788,2070,-1378,3204,2055,1296,-492,2737,1950,1495,1553,3706,1745,1359
479496,1,4305,-4067,789,2071,-1375,3205,2054,1300,-491,2734,1952,1496,1551,3704,1746,1360
479496,1,4305,-4065,788,2073,-1381,3206,2055,1297,-491,2736,1954,1497,1552,3705,1744,1360
479496,1,4307,-4066,788,2071,-1379,3205,2055,1299,-491,2736,1957,1500,1552,3705,1745,1361
479496,1,4307,-4063,789,2072,-1381,3205,2053,1295,-490,2732,1956,1499,1556,3704,1746,1362
479496,0,4307,-4063,789,2072,-1381,3205,2053,1295,-490,2732,1956,1499,1556,3704,1746,1362
479496,1,4306,-4070,791,2069,-1375,3206,2052,1296,-492,2733,1955,1494,1555,3702,1746,1361
479496,1,4309,-4067,788,2068,-1376,3207,2055,1294,-491,2734,1955,1499,1554,3702,1745,1361
479496,1,4309,-4068,786,2067,-1384,3209,2053,1298,-491,2732,1953,1502,1550,3705,1747,1361
479496,1,4308,-4063,790,2071,-1380,3202,2055,1295,-490,2735,1955,1493,1551,3702,1749,1359
479496,0,4308,-4063,790,2071,-1380,3202,2055,1295,-490,2735,1955,1493,1551,3702,1749,1359
479496,1,4306,-4065,789,2071,-1378,3207,2052,1297,-490,2733,1959,1498,1553,3703,1749,1363
479496,1,4307,-4065,790,2070,-1380,3202,2054,1300,-493,2733,1959,1500,1553,3704,1749,1362
479496,1,4308,-4066,789,2068,-1377,3205,2053,1297,-492,2732,1955,1495,1553,3705,1747,1362
479496,1,4308,-4068,790,2069,-1379,3204,2053,1296,-491,2732,1957,1496,1554,3704,1744,1362
479496,0,4308,-4068,790,2069,-1379,3204,2053,1296,-491,2732,1957,1496,1554,3704,1744,1362
479496,1,4308,-4067,791,2070,-1380,3203,2055,1296,-491,2734,1952,1499,1552,3703,1748,1361
479496,1,4306,-4066,791,2069,-1377,3203,2053,1297,-491,2731,1956,1495,1553,3703,1747,1362
479496,1,4305,-4066,790,2071,-1380,3202,2053,1296,-493,2734,1955,1501,1552,3703,1746,1360
479496,1,4307,-4066,790,2070,-1378,3204,2055,1298,-489,2731,1957,1500,1553,3704,1748,1364
479496,0,4307,-4066,790,2070,-1378,3204,2055,1298,-489,2731,1957,1500,1553,3704,1748,1364
479496,1,4308,-4067,791,2069,-1380,3204,2053,1297,-490,2733,1958,1499,1555,3706,1746,1362
479496,1,4307,-4067,793,2067,-1378,3206,2051,1294,-490,2732,1954,1503,1552,3704,1749,1363
479496,1,4306,-4070,792,2069,-1376,3203,2053,1297,-493,2732,1950,1498,1555,3705,1749,1364
479496,1,4308,-4064,793,2069,-1381,3206,2053,1298,-493,2730,1957,1497,1556,3704,1749,1365
479496,0,4308,-4064,793,2069,-1381,3206,2053,1298,-493,2730,1957,1497,1556,3704,1749,1365
479496,1,4308,-4069,791,2069,-1383,3205,2053,1298,-491,2732,1957,1501,1555,3704,1747,1362
479496,1,4309,-4067,793,2068,-1380,3203,2054,1297,-492,2732,1954,1500,1552,3704,1749,1364
479496,1,4306,-4069,791,2069,-1378,3204,2056,1296,-492,2732,1957,1499,1551,3704,1744,1364
479496,1,4308,-4066,792,2070,-1376,3205,2056,1296,-494,2730,1955,1499,1550,3705,1749,1365
479496,0,4308,-4066,792,2070,-1376,3205,2056,1296,-494,2730,1955,1499,1550,3705,1749,1365
479496,1,4310,-4068,792,2071,-1381,3205,2054,1295,-491,2731,1950,1498,1555,3704,1748,1364
479496,1,4305,-4066,789,2074,-1375,3204,2058,1295,-492,2734,1954,1499,1552,3704,1751,1364
479496,1,4306,-4070,792,2074,-1382,3206,2055,1297,-489,2733,1959,1502,1549,3706,1747,1364
479496,1,4306,-4065,792,2073,-1378,3205,2052,1298,-492,2733,1958,1498,1555,3704,1748,1365
479496,0,4306,-4065,792,2073,-1378,3205,2052,1298,-492,2733,1958,1498,1555,3704,1748,1365
479496,1,4308,-4068,791,2072,-1382,3204,2055,1296,-492,2732,1954,1502,1553,3703,1748,1365
479496,1,4308,-4065,790,2072,-1379,3204,2057,1298,-493,2731,1954,1504,1551,3704,1750,1364
479496,1,4308,-4068,792,2072,-1382,3204,2054,1297,-493,2731,1953,1498,1550,3707,1752,1366
479496,1,4307,-4067,791,2076,-1382,3208,2055,1297,-492,2732,1960,1496,1552,3704,1749,1365
479496,1,4305,-4065,791,2070,-1379,3204,2055,1296,-493,2731,1958,1504,1554,3706,1748,1366
479496,0,4305,-4065,791,2070,-1379,3204,2055,1296,-493,2731,1958,1504,1554,3706,1748,1366
479496,1,4308,-4067,792,2070,-1375,3206,2051,1298,-492,2731,1960,1500,1555,3704,1750,1366
479496,1,4306,-4066,791,2072,-1379,3203,2054,1300,-492,2728,1959,1497,1553,3703,1750,1363
479496,1,4310,-4065,790,2069,-1377,3202,2054,1297,-492,2732,1951,1501,1550,3704,1751,1365
479496,1,4309,-4066,790,2072,-1383,3204,2054,1298,-491,2732,1952,1501,1553,3705,1750,1367
479496,0,4309,-4066,790,2072,-1383,3204,2054,1298,-491,2732,1952,1501,1553,3705,1750,1367
479496,1,4308,-4065,790,2073,-1375,3206,2054,1297,-493,2733,1955,1502,1555,3703,1753,1368
479496,1,4307,-4065,793,2073,-1379,3206,2053,1300,-491,2730,1959,1500,1551,3706,1754,1369
479496,1,4307,-4067,793,2073,-1380,3206,2056,1298,-491,2731,1955,1500,1554,3704,1750,1367
479496,1,4308,-4063,791,2073,-1382,3206,2053,1297,-491,2729,1953,1504,1555,3705,1752,1368
479496,0,4308,-4063,791,2073,-1382,3206,2053,1297,-491,2729,1953,1504,1555,3705,1752,1368
479496,1,4308,-4066,791,2073,-1376,3202,2054,1297,-491,2733,1952,1502,1552,3705,1752,1367
479496,1,4305,-4068,788,2070,-1381,3204,2053,1299,-493,2729,1958,1498,1554,3706,1751,1369
479496,1,4305,-4067,792,2073,-1378,3204,2053,1297,-491,2730,1957,1500,1554,3705,1751,1366
479496,1,4307,-4071,790,2072,-1384,3205,2055,1296,-491,2730,1957,1504,1553,3708,1751,1369
479496,0,4307,-4071,790,2072,-1384,3205,2055,1296,-491,2730,1957,1504,1553,3708,1751,1369
479496,1,4308,-4069,791,2070,-1380,3206,2054,1297,-491,2730,1957,1500,1553,3704,1752,1368
479496,1,4304,-4065,795,2072,-1383,3206,2054,1298,-493,2732,1953,1505,1554,3706,1751,1367
479496,1,4306,-4068,793,2069,-1375,3205,2056,1296,-490,2732,1953,1500,1552,3704,1752,1367
479496,1,4307,-4067,792,2068,-1378,3203,2054,1300,-490,2729,1952,1503,1554,3705,1751,1370
479496,0,4307,-4067,792,2068,-1378,3203,2054,1300,-490,2729,1952,1503,1554,3705,1751,1370
479496,1,4305,-4070,793,2069,-1376,3203,2053,1298,-492,2730,1958,1504,1552,3705,1752,1367
479496,1,4306,-4065,794,2070,-1381,3206,2057,1295,-493,2732,1958,1500,1553,3704,1752,1366
479496,1,4309,-4067,791,2071,-1378,3204,2057,1299,-491,2731,1957,1499,1552,3705,1751,1371
479496,1,4306,-4064,793,2070,-1382,3204,2053,1296,-490,2729,1955,1506,1552,3702,1752,1369
479496,0,4306,-4064,793,2070,-1382,3204,2053,1296,-490,2729,1955,1506,1552,3702,1752,1369
479496,1,4308,-4070,793,2072,-1376,3202,2055,1297,-491,2732,1954,1502,1553,3703,1752,1368
479496,1,4307,-4065,791,2070,-1382,3205,2054,1296,-492,2732,1959,1502,1553,3703,1754,1369
479496,1,4307,-4071,795,2071,-1378,3205,2054,1296,-490,2731,1958,1505,1556,3706,1754,1369
479496,1,4308,-4065,791,2071,-1379,3204,2055,1298,-490,2729,1957,1503,1550,3705,1754,1370
479496,0,4308,-4065,791,2071,-1379,3204,2055,1298,-490,2729,1957,1503,1550,3705,1754,1370
479496,1,4306,-4067,792,2073,-1383,3206,2054,1296,-491,2732,1955,1504,1552,3706,1754,1368
479496,1,4307,-4067,793,2067,-1378,3205,2053,1299,-491,2730,1952,1501,1554,3705,1753,1369
479496,1,4308,-4069,795,2067,-1381,3206,2054,1298,-492,2731,1956,1501,1555,3705,1753,1368
479496,1,4307,-4065,792,2066,-1376,3203,2054,1295,-493,2732,1957,1505,1552,3707,1754,1368
479496,0,4307,-4065,792,2066,-1376,3203,2054,1295,-493,2732,1957,1505,1552,3707,1754,1368
479496,1,4306,-4071,792,2068,-1381,3204,2053,1297,-493,2732,1957,1502,1552,3707,1754,1369
479496,1,4308,-4066,790,2067,-1381,3204,2054,1298,-490,2729,1953,1499,1554,3704,1752,1370
479496,1,4307,-4068,795,2066,-1382,3207,2053,1297,-493,2731,1955,1505,1553,3704,1753,1369
479496,1,4308,-4068,795,2068,-1383,3205,2055,1301,-493,2731,1953,1503,1550,3706,1757,1369
479496,0,4308,-4068,795,2068,-1383,3205,2055,1301,-493,2731,1953,1503,1550,3706,1757,1369
479496,1,4306,-4065,793,2072,-1377,3203,2055,1296,-492,2731,1958,1499,1552,3705,1757,1372
479496,1,4306,-4066,793,2068,-1378,3204,2054,1300,-491,2731,1953,1504,1553,3704,1755,1370
479496,1,4306,-4067,793,2071,-1382,3203,2055,1298,-492,2733,1960,1501,1554,3705,1753,1367
479496,1,4307,-4070,793,2070,-1382,3203,2056,1293,-492,2731,1958,1506,1553,3706,1753,1371
479496,0,4307,-4070,793,2070,-1382,3203,2056,1293,-492,2731,1958,1506,1553,3706,1753,1371
479496,1,4306,-4070,793,2072,-1382,3206,2053,1299,-493,2731,1952,1501,1552,3705,1755,1370
479496,1,4309,-4068,793,2073,-1377,3205,2056,1300,-487,2731,1954,1501,1552,3705,1756,1373
479496,1,4305,-4066,793,2072,-1384,3204,2053,1297,-492,2730,1955,1502,1553,3705,1758,1370
479496,1,4307,-4067,794,2070,-1379,3206,2054,1298,-488,2731,1960,1503,1552,3704,1755,1370
479496,0,4307,-4067,794,2070,-1379,3206,2054,1298,-488,2731,1960,1503,1552,3704,1755,1370
479496,1,4305,-4069,791,2070,-1378,3203,2055,1297,-493,2727,1958,1499,1552,3708,1755,1370
479496,1,4305,-4067,793,2069,-1380,3206,2055,1299,-489,2731,1954,1504,1552,3704,1755,1373
479496,1,4308,-4068,793,2070,-1378,3204,2055,1301,-491,2732,1951,1502,1555,3706,1756,1368
479496,1,4307,-4071,793,2068,-1381,3205,2055,1299,-494,2732,1951,1499,1554,3706,1754,1373
479496,0,4307,-4071,793,2068,-1381,3205,2055,1299,-494,2732,1951,1499,1554,3706,1754,1373
479496,1,4306,-4069,795,2069,-1382,3203,2056,1294,-493,2730,1952,1501,1552,3706,1756,1372
479496,1,4306,-4066,795,2070,-1380,3204,2055,1296,-491,2729,1957,1500,1549,3705,1757,1371
479496,1,4308,-4070,792,2069,-1382,3204,2056,1299,-491,2732,1958,1506,1553,3705,1757,1371
479496,1,4308,-4066,791,2073,-1378,3205,2054,1299,-491,2727,1954,1505,1554,3705,1757,1373
479496,0,4308,-4066,791,2073,-1378,3205,2054,1299,-491,2727,1954,1505,1554,3705,1757,1373
479496,1,4307,-4071,791,2076,-1385,3204,2055,1299,-491,2732,1956,1497,1552,3705,1756,1373
479496,1,4307,-4068,792,2072,-1377,3205,2054,1300,-492,2731,1952,1501,1550,3704,1757,1372
479496,1,4306,-4067,793,2074,-1381,3202,2055,1300,-489,2731,1959,1506,1554,3706,1756,1373
479496,1,4305,-4064,794,2071,-1380,3206,2053,1297,-492,2731,1959,1497,1555,3708,1756,1373
479496,0,4305,-4064,794,2071,-1380,3206,2053,1297,-492,2731,1959,1497,1555,3708,1756,1373
479496,1,4309,-4066,791,2072,-1382,3205,2056,1297,-491,2729,1956,1503,1554,3707,1757,1373
479496,1,4305,-4064,793,2070,-1382,3204,2054,1295,-493,2731,1952,1506,1553,3703,1757,1374
479496,1,4305,-4067,793,2069,-1379,3205,2056,1294,-494,2732,1953,1501,1556,3706,1756,1372
479496,1,4305,-4067,794,2071,-1373,3203,2053,1301,-493,2731,1952,1499,1555,3705,1756,1374
479496,1,4307,-4067,793,2070,-1383,3207,2053,1298,-491,2731,1956,1499,1552,3706,1755,1373
479496,0,4307,-4067,793,2070,-1383,3207,2053,1298,-491,2731,1956,1499,1552,3706,1755,1373
479496,1,4307,-4067,790,2073,-1378,3203,2051,1294,-492,2730,1960,1502,1552,3705,1758,1375
479496,1,4308,-4065,793,2071,-1383,3206,2053,1298,-492,2732,1957,1504,1550,3704,1759,1376
479496,1,4309,-4065,794,2072,-1379,3203,2055,1297,-491,2732,1950,1499,1554,3708,1758,1372
479496,1,4309,-4067,790,2072,-1384,3204,2055,1296,-492,2731,1955,1499,1555,3707,1758,1373
479496,0,4309,-4067,790,2072,-1384,3204,2055,1296,-492,2731,1955,1499,1555,3707,1758,1373
479496,1,4309,-4065,795,2074,-1379,3207,2055,1297,-492,2734,1958,1505,1553,3708,1756,1375
479496,1,4307,-4067,793,2075,-1381,3204,2053,1297,-491,2731,1958,1503,1551,3705,1757,1371
479496,1,4307,-4069,794,2073,-1381,3208,2055,1299,-493,2731,1954,1500,1554,3706,1756,1373
479496,1,4305,-4069,794,2075,-1379,3206,2055,1297,-489,2732,1954,1504,1552,3705,1758,1372
479496,0,4305,-4069,794,2075,-1379,3206,2055,1297,-489,2732,1954,1504,1552,3705,1758,1372
479496,1,4306,-4067,793,2073,-1378,3203,2055,1298,-493,2732,1954,1502,1552,3707,1756,1373
479496,1,4306,-4067,794,2073,-1385,3202,2055,1296,-491,2729,1950,1501,1555,3705,1756,1373
479496,1,4309,-4068,792,2074,-1378,3204,2056,1296,-489,2731,1955,1502,1553,3706,1759,1374
479496,1,4310,-4066,792,2073,-1384,3203,2058,1297,-491,2729,1960,1500,1555,3707,1757,1374
479496,0,4310,-4066,792,2073,-1384,3203,2058,1297,-491,2729,1960,1500,1555,3707,1757,1374
479496,1,4305,-4070,795,2069,-1377,3206,2055,1296,-491,2729,1957,1504,1552,3706,1758,1377
479496,1,4307,-4068,793,2070,-1381,3204,2054,1299,-491,2730,1952,1503,1552,3707,1757,1372
479496,1,4308,-4069,797,2070,-1382,3203,2056,1300,-491,2729,1953,1500,1549,3709,1758,1374
479496,1,4309,-4067,791,2070,-1384,3205,2056,1297,-491,2732,1957,1506,1553,3705,1759,1375
479496,0,4309,-4067,791,2070,-1384,3205,2056,1297,-491,2732,1957,1506,1553,3705,1759,1375
479496,1,4307,-4070,790,2068,-1377,3204,2055,1300,-491,2731,1958,1502,1550,3706,1759,1372
479496,1,4309,-4067,793,2070,-1384,3206,2054,1296,-489,2731,1957,1499,1549,3705,1758,1375
479496,1,4308,-4065,791,2070,-1378,3203,2053,1296,-494,2731,1953,1505,1549,3706,1760,1374
479496,1,4307,-4065,793,2073,-1383,3205,2055,1296,-490,2729,1955,1506,1554,3709,1761,1374
479496,0,4307,-4065,793,2073,-1383,3205,2055,1296,-490,2729,1955,1506,1554,3709,1761,1374
479496,1,4307,-4068,792,2071,-1376,3205,2055,1299,-490,2729,1950,1499,1550,3706,1759,1373
479496,1,4305,-4067,796,2076,-1382,3204,2055,1299,-491,2730,1954,1503,1550,3704,1758,1374
479496,1,4307,-4066,796,2067,-1377,3205,2055,1296,-492,2731,1960,1499,1554,3706,1755,1377
479496,1,4308,-4067,794,2069,-1380,3205,2055,1300,-493,2730,1960,1503,1552,3707,1758,1376
479496,1,4306,-4066,793,2066,-1379,3204,2055,1299,-494,2732,1952,1505,1551,3704,1760,1375
479496,0,4306,-4066,793,2066,-1379,3204,2055,1299,-494,2732,1952,1505,1551,3704,1760,1375
479496,1,4308,-4066,793,2073,-1384,3202,2055,1295,-492,2732,1955,1498,1552,3705,1759,1374
479496,1,4307,-4065,793,2069,-1375,3206,2055,1301,-493,2730,1953,1504,1554,3704,1760,1377
479496,1,4308,-4066,793,2069,-1382,3204,2054,1298,-491,2731,1957,1504,1554,3709,1761,1378
479496,0,4308,-4066,793,2069,-1382,3204,2054,1298,-491,2731,1957,1504,1554,3709,1761,1378
479496,1,4308,-4067,793,2069,-1378,3205,2056,1299,-490,2732,1958,1501,1552,3704,1762,1375
479496,1,4307,-4066,795,2069,-1384,3202,2056,1297,-491,2732,1952,1501,1549,3704,1761,1377
479496,1,4305,-4067,796,2069,-1379,3205,2055,1300,-491,2729,1958,1503,1550,3707,1762,1374
479496,1,4308,-4070,791,2069,-1381,3205,2052,1298,-488,2732,1953,1501,1554,3704,1763,1378
479496,0,4308,-4070,791,2069,-1381,3205,2052,1298,-488,2732,1953,1501,1554,3704,1763,1378
479496,1,4308,-4069,793,2073,-1382,3204,2053,1296,-491,2732,1953,1505,1553,3707,1760,1380
479496,1,4308,-4067,793,2070,-1385,3205,2053,1297,-490,2729,1958,1498,1553,3703,1761,1378
479496,1,4305,-4066,792,2073,-1384,3205,2053,1299,-492,2731,1956,1499,1553,3710,1761,1381
479496,1,4307,-4070,793,2074,-1380,3204,2053,1300,-492,2732,1954,1506,1552,3705,1759,1377
479496,0,4307,-4070,793,2074,-1380,3204,2053,1300,-492,2732,1954,1506,1552,3705,1759,1377
479496,1,4306,-4066,794,2075,-1378,3204,2054,1300,-493,2732,1952,1498,1555,3708,1761,1377
479496,1,4307,-4068,793,2072,-1381,3207,2057,1297,-492,2729,1953,1502,1552,3704,1760,1379
479496,1,4306,-4067,793,2074,-1378,3203,2056,1299,-491,2731,1958,1504,1551,3706,1764,1378
479496,1,4308,-4068,794,2074,-1382,3202,2057,1296,-493,2731,1960,1503,1550,3706,1761,1378
479496,0,4308,-4068,794,2074,-1382,3202,2057,1296,-493,2731,1960,1503,1550,3706,1761,1378
479496,1,4306,-4068,792,2072,-1377,3205,2053,1300,-493,2729,1955,1501,1553,3707,1762,1380
479496,1,4306,-4065,790,2073,-1380,3205,2054,1300,-491,2731,1958,1505,1555,3706,1763,1377
479496,1,4308,-4068,793,2070,-1381,3206,2054,1297,-490,2730,1955,1508,1551,3708,1762,1381
479497,1,4308,-4066,793,2069,-1383,3204,2054,1298,-491,2731,1951,1505,1549,3707,1762,1379
479497,0,4308,-4066,793,2069,-1383,3204,2054,1298,-491,2731,1951,1505,1549,3707,1762,1379
479497,1,4309,-4071,794,2069,-1377,3206,2056,1297,-493,2731,1955,1505,1552,3707,1761,1380
479497,1,4306,-4068,793,2073,-1380,3204,2056,1298,-493,2729,1959,1501,1553,3706,1762,1379
479497,1,4307,-4068,791,2072,-1383,3202,2053,1301,-491,2733,1958,1505,1555,3707,1764,1380
479497,1,4307,-4065,795,2072,-1382,3203,2055,1298,-491,2729,1954,1501,1553,3706,1763,1379
479497,0,4307,-4065,795,2072,-1382,3203,2055,1298,-491,2729,1954,1501,1553,3706,1763,1379
479497,1,4307,-4065,793,2074,-1377,3205,2056,1297,-491,2731,1952,1501,1556,3709,1763,1379
479497,1,4308,-4067,793,2071,-1382,3201,2057,1301,-491,2731,1961,1504,1554,3707,1761,1378
479497,1,4309,-4065,792,2074,-1376,3204,2053,1299,-491,2729,1956,1503,1555,3708,1762,1378
479497,1,4305,-4067,790,2073,-1381,3204,2056,1296,-492,2732,1956,1496,1548,3707,1762,1382
479497,0,4305,-4067,790,2073,-1381,3204,2056,1296,-492,2732,1956,1496,1548,3707,1762,1382
479497,1,4307,-4067,796,2074,-1378,3203,2056,1295,-492,2733,1954,1503,1552,3708,1760,1378
479497,1,4304,-4066,794,2074,-1381,3204,2054,1302,-489,2729,1953,1505,1553,3705,1762,1380
479497,1,4307,-4067,794,2073,-1376,3203,2055,1298,-493,2729,1955,1502,1554,3708,1761,1384
479497,1,4306,-4067,794,2069,-1379,3204,2055,1297,-492,2732,1955,1504,1552,3706,1762,1379
479497,1,4307,-4068,793,2070,-1380,3204,2055,1300,-491,2730,1959,1501,1550,3707,1762,1381
479497,0,4307,-4068,793,2070,-1380,3204,2055,1300,-491,2730,1959,1501,1550,3707,1762,1381
479497,1,4306,-4066,791,2069,-1379,3205,2055,1297,-492,2726,1958,1504,1550,3707,1762,1380
479497,1,4305,-4070,792,2069,-1380,3204,2052,1299,-490,2732,1953,1506,1549,3707,1762,1380
479497,1,4307,-4068,794,2069,-1382,3203,2056,1299,-490,2731,1951,1500,1552,3709,1763,1378
479497,1,4308,-4067,794,2070,-1380,3206,2056,1299,-492,2731,1957,1503,1552,3708,1762,1382
479497,0,4308,-4067,794,2070,-1380,3206,2056,1299,-492,2731,1957,1503,1552,3708,1762,1382
479497,1,4308,-4067,795,2072,-1384,3203,2055,1299,-492,2732,1956,1505,1552,3706,1760,1381
479497,1,4308,-4069,796,2071,-1375,3204,2055,1298,-494,2732,1957,1500,1555,3708,1764,1382
479497,1,4304,-4069,793,2069,-1379,3205,2056,1300,-493,2732,1955,1505,1553,3706,1761,1385
479497,1,4306,-4068,792,2071,-1380,3206,2055,1298,-490,2732,1953,1506,1551,3707,1762,1381
479497,0,4306,-4068,792,2071,-1380,3206,2055,1298,-490,2732,1953,1506,1551,3707,1762,1381
479497,1,4308,-4067,792,2071,-1382,3205,2054,1298,-492,2732,1954,1504,1552,3707,1760,1383
479497,1,4306,-4068,793,2072,-1379,3205,2056,1298,-489,2732,1953,1501,1555,3707,1763,1381
479497,1,4307,-4069,793,2069,-1378,3206,2057,1298,-492,2731,1959,1499,1553,3707,1764,1380
479497,1,4309,-4069,793,2068,-1385,3206,2055,1299,-489,2727,1954,1504,1553,3707,1766,1384
479497,0,4309,-4069,793,2068,-1385,3206,2055,1299,-489,2727,1954,1504,1553,3707,1766,1384
479497,1,4308,-4067,794,2068,-1382,3204,2055,1300,-491,2732,1955,1505,1552,3708,1764,1383
479497,1,4306,-4067,791,2068,-1378,3204,2055,1299,-491,2731,1956,1500,1554,3704,1763,1382
479497,1,4309,-4067,794,2069,-1380,3206,2055,1300,-493,2727,1955,1500,1556,3705,1763,1381
479497,1,4307,-4067,793,2069,-1376,3203,2055,1299,-494,2731,1959,1506,1552,3708,1764,1382
479497,0,4307,-4067,793,2069,-1376,3203,2055,1299,-494,2731,1959,1506,1552,3708,1764,1382
479497,1,4306,-4066,792,2067,-1381,3204,2055,1299,-489,2731,1957,1501,1551,3710,1767,1382
479497,1,4307,-4066,794,2068,-1383,3206,2051,1298,-492,2732,1958,1502,1553,3708,1766,1382
479497,1,4307,-4068,793,2069,-1378,3202,2054,1295,-491,2732,1959,1500,1555,3709,1764,1383
479497,1,4307,-4070,790,2069,-1381,3204,2053,1300,-491,2729,1955,1504,1553,3707,1763,1381
479497,0,4307,-4070,790,2069,-1381,3204,2053,1300,-491,2729,1955,1504,1553,3707,1763,1381
479497,1,4308,-4062,795,2068,-1376,3204,2054,1301,-490,2732,1957,1504,1551,3709,1765,1381
479497,1,4309,-4066,795,2068,-1383,3204,2055,1299,-491,2731,1960,1500,1551,3708,1763,1383
479497,1,4307,-4068,795,2071,-1379,3202,2055,1300,-491,2732,1956,1501,1553,3709,1764,1383
479497,1,4307,-4067,792,2074,-1382,3203,2053,1300,-492,2731,1955,1505,1553,3706,1766,1385
479497,0,4307,-4067,792,2074,-1382,3203,2053,1300,-492,2731,1955,1505,1553,3706,1766,1385
479497,1,4306,-4067,792,2076,-1379,3203,2053,1298,-496,2730,1952,1503,1549,3708,1765,1384
479497,1,4307,-4067,795,2074,-1382,3205,2057,1298,-492,2732,1952,1500,1554,3708,1763,1384
479497,1,4306,-4068,794,2075,-1378,3205,2057,1299,-492,2728,1958,1504,1553,3709,1764,1385
479497,1,4306,-4068,791,2074,-1381,3205,2053,1297,-493,2732,1956,1504,1552,3707,1766,1383
479497,0,4306,-4068,791,2074,-1381,3205,2053,1297,-493,2732,1956,1504,1552,3707,1766,1383
479497,1,4307,-4070,794,2076,-1378,3206,2054,1295,-493,2732,1958,1501,1551,3708,1766,1384
479497,1,4307,-4063,795,2073,-1385,3204,2056,1300,-492,2732,1954,1505,1551,3706,1765,1385
479497,1,4307,-4067,795,2074,-1379,3205,2054,1298,-488,2729,1952,1501,1551,3709,1766,1387
479497,1,4306,-4066,795,2071,-1385,3203,2053,1298,-490,2732,1954,1508,1556,3706,1764,1382
479497,1,4308,-4068,793,2072,-1379,3206,2054,1300,-491,2731,1956,1499,1554,3708,1765,1384
479497,0,4308,-4068,793,2072,-1379,3206,2054,1300,-491,2731,1956,1499,1554,3708,1765,1384
479497,1,4310,-4068,791,2071,-1381,3202,2056,1298,-492,2729,1960,1500,1553,3708,1766,1386
479497,1,4308,-4065,793,2070,-1382,3205,2056,1299,-492,2731,1957,1506,1552,3707,1767,1384
479497,1,4309,-4068,793,2072,-1380,3206,2056,1298,-491,2731,1951,1503,1552,3708,1768,1384
479497,0,4309,-4068,793,2072,-1380,3206,2056,1298,-491,2731,1951,1503,1552,3708,1768,1384
479497,1,4309,-4069,793,2072,-1381,3204,2053,1298,-490,2730,1953,1500,1555,3708,1767,1386
479497,1,4307,-4070,793,2073,-1378,3201,2054,1297,-491,2732,1958,1505,1552,3706,1766,1384
479497,1,4309,-4068,792,2076,-1381,3205,2054,1298,-490,2730,1959,1505,1554,3707,1766,1384
479497,1,4306,-4065,795,2072,-1381,3203,2052,1301,-491,2728,1960,1498,1553,3711,1766,1383
479497,0,4306,-4065,795,2072,-1381,3203,2052,1301,-491,2728,1960,1498,1553,3711,1766,1383
479497,1,4309,-4067,793,2073,-1381,3205,2057,1297,-490,2731,1959,1503,1556,3710,1767,1386
479497,1,4307,-4068,791,2074,-1382,3204,2055,1297,-491,2731,1955,1500,1552,3712,1768,1386
479497,1,4309,-4068,792,2070,-1379,3205,2056,1300,-491,2732,1954,1502,1553,3708,1766,1384
479497,1,4305,-4070,793,2069,-1383,3204,2055,1295,-492,2730,1955,1504,1552,3706,1767,1385
479497,0,4305,-4070,793,2069,-1383,3204,2055,1295,-492,2730,1955,1504,1552,3706,1767,1385
479497,1,4306,-4068,791,2071,-1377,3203,2053,1298,-492,2730,1961,1500,1555,3709,1767,1386
479497,1,4306,-4068,792,2069,-1384,3205,2053,1298,-491,2731,1955,1507,1554,3709,1766,1385
479497,1,4308,-4066,793,2073,-1382,3206,2056,1299,-494,2730,1953,1501,1552,3709,1765,1386
479497,1,4306,-4066,794,2070,-1378,3205,2055,1299,-493,2732,1950,1500,1552,3710,1766,1385
479497,0,4306,-4066,794,2070,-1378,3205,2055,1299,-493,2732,1950,1500,1552,3710,1766,1385
479497,1,4307,-4065,794,2068,-1380,3205,2057,1299,-493,2726,1956,1505,1553,3709,1766,1386
479497,1,4307,-4068,792,2072,-1381,3205,2054,1299,-491,2729,1958,1502,1553,3707,1766,1387
479497,1,4307,-4065,792,2069,-1376,3203,2055,1297,-491,2731,1958,1500,1555,3710,1768,1386
479497,1,4308,-4065,794,2070,-1380,3204,2053,1295,-491,2733,1958,1504,1552,3709,1766,1385
479497,1,4308,-4066,791,2068,-1380,3204,2055,1299,-491,2730,1957,1499,1548,3707,1768,1383
479497,0,4308,-4066,791,2068,-1380,3204,2055,1299,-491,2730,1957,1499,1548,3707,1768,1383
479497,1,4306,-4068,793,2071,-1384,3204,2055,1299,-491,2732,1952,1507,1554,3707,1768,1386
479497,1,4306,-4068,794,2071,-1379,3204,2055,1299,-493,2732,1956,1504,1554,3711,1768,1386
479497,1,4306,-4066,795,2070,-1385,3204,2058,1300,-493,2731,1957,1499,1552,3709,1767,1386
479497,1,4307,-4069,794,2071,-1377,3205,2054,1298,-491,2731,1957,1504,1551,3710,1767,1386
479497,0,4307,-4069,794,2071,-1377,3205,2054,1298,-491,2731,1957,1504,1551,3710,1767,1386
479497,1,4308,-4069,794,2071,-1383,3203,2053,1298,-490,2730,1958,1503,1552,3709,1769,1388
479497,1,4306,-4069,792,2070,-1380,3203,2052,1300,-490,2731,1952,1499,1551,3711,1767,1388
479497,1,4307,-4068,793,2068,-1379,3205,2054,1300,-490,2731,1953,1504,1552,3710,1765,1388
479497,1,4306,-4066,791,2071,-1376,3206,2052,1297,-491,2729,1952,1502,1551,3709,1769,1387
479497,0,4306,-4066,791,2071,-1376,3206,2052,1297,-491,2729,1952,1502,1551,3709,1769,1387
479497,1,4307,-4072,794,2067,-1385,3204,2056,1299,-491,2731,1955,1498,1550,3709,1766,1388
479497,1,4307,-4067,793,2068,-1378,3205,2054,1299,-492,2731,1956,1503,1553,3708,1768,1385
479497,1,4305,-4067,793,2066,-1382,3204,2055,1297,-491,2728,1954,1500,1554,3708,1767,1388
479497,1,4308,-4068,795,2071,-1379,3202,2054,1299,-496,2731,1954,1504,1550,3707,1767,1388
479497,0,4308,-4068,795,2071,-1379,3202,2054,1299,-496,2731,1954,1504,1550,3707,1767,1388
479497,1,4306,-4072,793,2073,-1385,3205,2055,1300,-492,2730,1955,1502,1553,3708,1764,1386
479497,1,4307,-4066,794,2073,-1377,3206,2055,1300,-493,2730,1954,1500,1554,3709,1767,1386
479497,1,4307,-4067,793,2073,-1382,3206,2055,1298,-491,2732,1959,1505,1554,3709,1767,1385
479497,1,4307,-4067,795,2072,-1382,3203,2055,1298,-492,2731,1958,1503,1553,3711,1769,1386
479497,0,4307,-4067,795,2072,-1382,3203,2055,1298,-492,2731,1958,1503,1553,3711,1769,1386
479497,1,4307,-4068,793,2072,-1378,3205,2057,1298,-491,2730,1953,1497,1553,3709,1767,1387
479497,1,4308,-4065,793,2072,-1380,3204,2053,1296,-492,2732,1954,1503,1553,3709,1767,1388
479497,1,4305,-4067,794,2072,-1382,3204,2054,1300,-492,2728,1951,1503,1551,3708,1768,1386
479497,1,4306,-4068,794,2071,-1381,3206,2053,1299,-491,2730,1959,1499,1552,3712,1768,1388
479497,0,4306,-4068,794,2071,-1381,3206,2053,1299,-491,2730,1959,1499,1552,3712,1768,1388
479497,1,4307,-4068,796,2071,-1382,3206,2054,1297,-493,2729,1958,1501,1552,3711,1769,1388
479497,1,4306,-4066,793,2070,-1379,3204,2053,1296,-491,2732,1955,1499,1549,3710,1770,1386
479497,1,4307,-4065,792,2071,-1384,3205,2051,1298,-492,2731,1955,1505,1550,3712,1768,1387
479497,1,4306,-4064,792,2072,-1381,3206,2054,1297,-492,2730,1956,1501,1554,3711,1768,1387
479497,1,4309,-4068,793,2073,-1384,3204,2055,1301,-493,2731,1954,1500,1553,3711,1768,1389
479497,0,4309,-4068,793,2073,-1384,3204,2055,1301,-493,2731,1954,1500,1553,3711,1768,1389
479497,1,4307,-4065,795,2071,-1378,3206,2053,1299,-494,2728,1958,1503,1553,3710,1768,1388
479497,1,4307,-4065,793,2073,-1375,3203,2055,1297,-493,2730,1955,1504,1554,3709,1768,1388
479497,1,4306,-4067,794,2073,-1376,3207,2053,1301,-491,2730,1955,1500,1552,3709,1769,1387
479497,0,4306,-4067,794,2073,-1376,3207,2053,1301,-491,2730,1955,1500,1552,3709,1769,1387
479497,1,4305,-4067,793,2072,-1382,3205,2055,1299,-492,2731,1954,1502,1550,3709,1768,1388
479497,1,4307,-4067,795,2071,-1377,3202,2055,1299,-492,2730,1952,1505,1552,3706,1768,1388
479497,1,4308,-4071,791,2074,-1380,3205,2058,1296,-492,2729,1958,1501,1551,3708,1771,1391
479497,1,4305,-4065,793,2072,-1380,3206,2055,1298,-490,2730,1957,1505,1553,3711,1769,1388
479497,0,4305,-4065,793,2072,-1380,3206,2055,1298,-490,2730,1957,1505,1553,3711,1769,1388
479497,1,4308,-4068,793,2073,-1385,3204,2055,1298,-492,2728,1959,1500,1552,3709,1768,1387
479497,1,4307,-4065,796,2069,-1378,3206,2055,1298,-490,2731,1957,1503,1553,3712,1770,1389
479497,1,4307,-4069,796,2070,-1382,3200,2057,1300,-493,2729,1951,1505,1553,3708,1770,1389
479497,1,4309,-4070,793,2069,-1380,3203,2057,1299,-491,2729,1955,1500,1554,3712,1769,1388
479497,0,4309,-4070,793,2069,-1380,3203,2057,1299,-491,2729,1955,1500,1554,3712,1769,1388
479497,1,4308,-4068,793,2069,-1381,3203,2054,1298,-493,2730,1957,1502,1552,3709,1771,1388
479497,1,4305,-4068,794,2071,-1380,3204,2053,1299,-490,2731,1959,1506,1554,3710,1771,1388
479497,1,4307,-4068,792,2070,-1383,3205,2055,1300,-493,2732,1956,1501,1553,3708,1771,1390
479497,1,4308,-4068,795,2073,-1378,3205,2054,1299,-492,2731,1955,1503,1556,3710,1769,1390
479497,1,4307,-4066,792,2070,-1384,3202,2052,1295,-492,2728,1955,1507,1553,3708,1770,1387
479497,0,4307,-4066,792,2070,-1384,3202,2052,1295,-492,2728,1955,1507,1553,3708,1770,1387
479497,1,4305,-4070,791,2072,-1380,3206,2054,1298,-493,2731,1955,1501,1551,3707,1770,1388
479497,1,4307,-4068,792,2074,-1382,3204,2056,1299,-491,2731,1954,1504,1553,3709,1769,1390
479497,1,4307,-4068,794,2071,-1381,3204,2054,1298,-491,2729,1960,1501,1551,3711,1771,1389
479497,0,4307,-4068,794,2071,-1381,3204,2054,1298,-491,2729,1960,1501,1551,3711,1771,1389
479497,1,4307,-4065,793,2071,-1382,3204,2053,1301,-493,2729,1954,1503,1552,3707,1773,1388
479497,1,4305,-4068,796,2072,-1376,3203,2056,1301,-494,2729,1952,1503,1551,3710,1772,1388
479497,1,4306,-4067,792,2074,-1385,3208,2055,1300,-492,2729,1953,1500,1552,3710,1770,1391
479497,1,4307,-4066,792,2070,-1379,3205,2052,1297,-493,2731,1955,1501,1554,3711,1772,1389
479497,1,4310,-4065,794,2069,-1384,3202,2055,1300,-493,2728,1958,1506,1555,3708,1771,1389
479497,0,4310,-4065,794,2069,-1384,3202,2055,1300,-493,2728,1958,1506,1555,3708,1771,1389
479497,1,4308,-4069,794,2073,-1377,3205,2053,1297,-493,2728,1960,1500,1552,3709,1771,1389
479497,1,4307,-4066,793,2072,-1383,3205,2057,1296,-491,2727,1953,1502,1553,3709,1773,1389
479497,1,4307,-4069,796,2072,-1377,3207,2056,1301,-492,2728,1957,1508,1555,3710,1774,1390
479497,1,4311,-4070,796,2069,-1384,3205,2055,1297,-491,2729,1951,1501,1550,3710,1772,1388
479497,0,4311,-4070,796,2069,-1384,3205,2055,1297,-491,2729,1951,1501,1550,3710,1772,1388
479497,1,4309,-4067,793,2072,-1378,3206,2054,1296,-492,2728,1958,1506,1551,3710,1772,1390
479497,1,4306,-4069,793,2071,-1382,3204,2055,1299,-490,2728,1959,1502,1554,3711,1773,1391
479497,1,4307,-4068,793,2071,-1382,3205,2053,1300,-492,2730,1957,1503,1553,3710,1771,1391
479497,1,4307,-4065,792,2069,-1384,3204,2054,1300,-492,2730,1954,1505,1553,3711,1772,1389
479497,0,4307,-4065,792,2069,-1384,3204,2054,1300,-492,2730,1954,1505,1553,3711,1772,1389
479497,1,4308,-4068,792,2072,-1380,3206,2058,1301,-492,2730,1952,1503,1553,3710,1774,1390
479497,1,4307,-4068,794,2071,-1383,3204,2055,1296,-493,2727,1954,1500,1552,3709,1770,1391
479497,1,4305,-4069,792,2071,-1382,3206,2053,1294,-496,2732,1959,1506,1552,3710,1774,1389
479497,1,4306,-4065,793,2070,-1383,3206,2054,1298,-489,2729,1956,1501,1551,3709,1773,1393
479497,0,4306,-4065,793,2070,-1383,3206,2054,1298,-489,2729,1956,1501,1551,3709,1773,1393
479497,1,4305,-4069,793,2069,-1377,3206,2051,1301,-492,2730,1954,1501,1552,3707,1772,1391
479497,1,4307,-4066,796,2071,-1379,3204,2055,1299,-490,2730,1954,1504,1554,3710,1772,1392
479497,1,4305,-4065,794,2071,-1379,3204,2052,1299,-489,2729,1952,1500,1557,3710,1772,1390
479497,1,4308,-4068,793,2071,-1382,3201,2053,1298,-491,2728,1955,1505,1553,3711,1772,1389
479497,1,4309,-4066,792,2070,-1381,3203,2055,1300,-493,2730,1956,1503,1551,3710,1772,1390
479497,0,4309,-4066,792,2070,-1381,3203,2055,1300,-493,2730,1956,1503,1551,3710,1772,1390
479497,1,4307,-4068,795,2069,-1384,3206,2054,1299,-493,2730,1960,1500,1553,3710,1773,1393
479497,1,4304,-4067,794,2074,-1379,3206,2053,1297,-490,2728,1960,1504,1553,3710,1770,1392
479497,1,4306,-4067,791,2070,-1380,3202,2055,1297,-493,2725,1952,1504,1550,3712,1772,1392
479497,1,4308,-4065,794,2070,-1378,3204,2054,1299,-492,2731,1953,1502,1551,3710,1772,1394
479497,0,4308,-4065,794,2070,-1378,3204,2054,1299,-492,2731,1953,1502,1551,3710,1772,1394
479497,1,4305,-4066,793,2071,-1380,3206,2055,1300,-492,2725,1956,1506,1555,3710,1774,1391
479497,1,4309,-4067,792,2072,-1375,3205,2056,1299,-490,2726,1959,1505,1554,3711,1772,1393
479497,1,4309,-4067,791,2072,-1382,3203,2052,1299,-491,2727,1956,1498,1553,3711,1772,1392
479497,1,4307,-4066,791,2074,-1377,3205,2054,1297,-491,2726,1960,1503,1554,3709,1771,1391
479497,0,4307,-4066,791,2074,-1377,3205,2054,1297,-491,2726,1960,1503,1554,3709,1771,1391
479497,1,4309,-4066,794,2072,-1382,3206,2055,1299,-489,2727,1958,1499,1553,3707,1772,1392
479497,1,4308,-4068,792,2072,-1376,3205,2056,1299,-493,2729,1955,1502,1554,3710,1774,1391
479497,1,4308,-4067,795,2071,-1382,3203,2053,1298,-491,2727,1954,1504,1553,3709,1773,1393
479497,0,4308,-4067,795,2071,-1382,3203,2053,1298,-491,2727,1954,1504,1553,3709,1773,1393
479497,1,4309,-4067,794,2071,-1377,3206,2051,1297,-491,2724,1959,1498,1555,3710,1775,1394
479497,1,4306,-4065,793,2070,-1382,3203,2057,1296,-489,2727,1958,1506,1552,3710,1773,1394
479497,1,4307,-4067,791,2069,-1378,3204,2053,1297,-491,2725,1955,1504,1554,3710,1774,1394
479497,1,4306,-4067,794,2069,-1382,3206,2055,1299,-490,2729,1955,1503,1555,3710,1773,1394
479497,1,4304,-4068,792,2069,-1378,3203,2057,1297,-491,2726,1956,1505,1552,3709,1774,1393
479497,0,4304,-4068,792,2069,-1378,3203,2057,1297,-491,2726,1956,1505,1552,3709,1774,1393
479497,1,4308,-4067,793,2073,-1383,3205,2056,1297,-493,2725,1959,1504,1551,3709,1775,1393
479497,1,4307,-4069,794,2071,-1380,3203,2055,1298,-490,2725,1957,1499,1552,3711,1773,1393
479497,1,4309,-4067,794,2072,-1383,3203,2055,1296,-491,2727,1958,1504,1554,3710,1774,1396
479497,0,4309,-4067,794,2072,-1383,3203,2055,1296,-491,2727,1958,1504,1554,3710,1774,1396
479497,1,4309,-4070,793,2073,-1377,3205,2055,1297,-490,2726,1958,1506,1554,3710,1772,1394
479497,1,4308,-4068,795,2072,-1386,3204,2056,1301,-489,2725,1952,1507,1551,3709,1774,1394
479497,1,4307,-4067,793,2072,-1378,3206,2055,1299,-493,2728,1951,1503,1549,3710,1774,1394
479497,1,4307,-4069,791,2074,-1384,3204,2056,1297,-492,2727,1957,1504,1555,3710,1775,1394
479497,0,4307,-4069,791,2074,-1384,3204,2056,1297,-492,2727,1957,1504,1555,3710,1775,1394
479497,1,4307,-4071,792,2072,-1378,3205,2054,1298,-492,2727,1959,1507,1552,3708,1772,1393
479497,1,4308,-4068,794,2070,-1381,3207,2058,1298,-491,2725,1954,1503,1548,3709,1773,1394
479497,1,4305,-4066,794,2071,-1378,3205,2057,1296,-494,2727,1950,1500,1552,3711,1774,1394
479497,1,4308,-4067,795,2072,-1384,3203,2055,1299,-493,2727,1953,1505,1554,3712,1774,1395
479497,0,4308,-4067,795,2072,-1384,3203,2055,1299,-493,2727,1953,1505,1554,3712,1774,1395
479498,1,4306,-4069,792,2071,-1378,3206,2054,1300,-490,2728,1957,1506,1553,3709,1774,1393
479498,1,4308,-4070,793,2071,-1384,3203,2056,1298,-493,2727,1957,1500,1552,3712,1776,1394
479498,1,4308,-4064,791,2074,-1376,3205,2054,1297,-494,2725,1959,1507,1550,3713,1773,1396
479498,1,4305,-4066,793,2073,-1383,3205,2053,1298,-494,2724,1962,1502,1554,3712,1775,1395
479498,0,4305,-4066,793,2073,-1383,3205,2053,1298,-494,2724,1962,1502,1554,3712,1775,1395
479498,1,4303,-4065,791,2070,-1379,3202,2054,1299,-492,2722,1956,1507,1555,3710,1773,1395
479498,1,4307,-4068,792,2071,-1383,3203,2052,1299,-491,2726,1955,1503,1553,3708,1773,1395
479498,1,4307,-4067,793,2071,-1381,3205,2055,1299,-490,2724,1958,1503,1552,3710,1777,1395
479498,1,4306,-4066,796,2070,-1382,3206,2054,1299,-492,2726,1961,1508,1552,3712,1773,1394
479498,0,4306,-4066,796,2070,-1382,3206,2054,1299,-492,2726,1961,1508,1552,3712,1773,1394
479498,1,4306,-4065,793,2072,-1376,3204,2056,1299,-491,2725,1958,1505,1553,3711,1778,1395
479498,1,4307,-4064,793,2069,-1384,3204,2056,1299,-491,2724,1954,1502,1553,3711,1776,1395
479498,1,4308,-4068,793,2070,-1380,3203,2056,1297,-491,2724,1954,1507,1552,3712,1775,1397
479498,1,4306,-4068,795,2070,-1382,3204,2053,1301,-491,2723,1957,1505,1553,3709,1773,1395
479498,0,4306,-4068,795,2070,-1382,3204,2053,1301,-491,2723,1957,1505,1553,3709,1773,1395
479498,1,4307,-4069,796,2072,-1379,3205,2055,1297,-493,2725,1959,1503,1553,3710,1774,1395
479498,1,4306,-4067,793,2070,-1383,3205,2054,1302,-490,2725,1959,1509,1554,3709,1777,1394
479498,1,4309,-4069,796,2071,-1377,3204,2055,1300,-488,2724,1955,1505,1552,3711,1775,1396
479498,1,4307,-4068,794,2072,-1383,3204,2054,1297,-492,2726,1958,1509,1551,3711,1775,1395
479498,1,4306,-4069,793,2071,-1379,3204,2056,1300,-489,2725,1953,1505,1550,3711,1776,1395
479498,0,4306,-4069,793,2071,-1379,3204,2056,1300,-489,2725,1953,1505,1550,3711,1776,1395
479498,1,4308,-4070,793,2071,-1383,3207,2054,1298,-492,2722,1955,1505,1552,3709,1774,1397
479498,1,4306,-4070,792,2070,-1380,3205,2052,1298,-492,2723,1958,1511,1554,3711,1775,1398
479498,1,4306,-4069,795,2069,-1383,3204,2053,1299,-491,2725,1959,1508,1552,3711,1774,1396
479498,1,4308,-4066,794,2069,-1376,3203,2054,1300,-492,2724,1956,1506,1552,3710,1776,1396
479498,0,4308,-4066,794,2069,-1376,3203,2054,1300,-492,2724,1956,1506,1552,3710,1776,1396
479498,1,4307,-4066,794,2073,-1384,3204,2054,1297,-492,2724,1955,1508,1552,3711,1776,1396
479498,1,4308,-4065,793,2073,-1380,3203,2054,1298,-491,2723,1956,1509,1554,3710,1776,1396
479498,1,4307,-4066,794,2070,-1383,3206,2054,1298,-493,2720,1958,1503,1556,3711,1776,1397
479498,1,4306,-4068,793,2071,-1377,3202,2055,1298,-490,2727,1956,1509,1551,3711,1773,1396
479498,0,4306,-4068,793,2071,-1377,3202,2055,1298,-490,2727,1956,1509,1551,3711,1773,1396
479498,1,4309,-4068,795,2073,-1384,3204,2054,1299,-492,2722,1960,1506,1549,3711,1775,1396
479498,1,4308,-4069,793,2070,-1382,3205,2053,1300,-491,2724,1960,1512,1553,3708,1774,1396
479498,1,4307,-4065,794,2069,-1384,3204,2052,1297,-491,2725,1954,1507,1556,3712,1773,1396
479498,1,4306,-4065,793,2074,-1376,3206,2055,1297,-491,2724,1953,1505,1551,3710,1776,1397
479498,1,4305,-4065,791,2071,-1382,3205,2053,1301,-491,2724,1959,1509,1550,3709,1776,1396
479498,0,4305,-4065,791,2071,-1382,3205,2053,1301,-491,2724,1959,1509,1550,3709,1776,1396
479498,1,4307,-4064,793,2072,-1376,3204,2055,1302,-492,2723,1960,1510,1558,3710,1776,1395
479498,1,4308,-4065,796,2073,-1383,3203,2052,1301,-492,2726,1957,1505,1556,3710,1776,1396
479498,1,4308,-4068,794,2072,-1378,3205,2052,1299,-492,2727,1951,1507,1551,3712,1776,1395
479498,1,4308,-4069,793,2071,-1383,3205,2056,1298,-493,2724,1955,1513,1551,3710,1774,1397
479498,0,4308,-4069,793,2071,-1383,3205,2056,1298,-493,2724,1955,1513,1551,3710,1774,1397
479498,1,4308,-4068,793,2073,-1377,3205,2056,1301,-490,2724,1955,1505,1552,3708,1774,1397
479498,1,4306,-4069,793,2073,-1384,3207,2055,1302,-493,2721,1955,1506,1550,3711,1774,1398
479498,1,4307,-4069,792,2072,-1379,3203,2053,1301,-494,2723,1959,1504,1554,3709,1775,1397
479498,0,4307,-4069,792,2072,-1379,3203,2053,1301,-494,2723,1959,1504,1554,3709,1775,1397
479498,1,4304,-4066,793,2070,-1381,3203,2053,1296,-491,2723,1961,1509,1554,3710,1777,1396
479498,1,4309,-4066,794,2073,-1378,3206,2056,1299,-493,2722,1954,1511,1555,3710,1778,1396
479498,1,4308,-4067,791,2070,-1378,3204,2054,1299,-493,2723,1955,1505,1551,3711,1776,1397
479498,1,4309,-4068,796,2070,-1383,3205,2055,1295,-491,2722,1956,1507,1552,3710,1776,1396
479498,1,4305,-4067,795,2072,-1381,3206,2056,1300,-492,2723,1960,1512,1549,3712,1773,1397
479498,0,4305,-4067,795,2072,-1381,3206,2056,1300,-492,2723,1960,1512,1549,3712,1773,1397
479498,1,4307,-4068,793,2071,-1376,3205,2055,1300,-492,2722,1960,1509,1550,3711,1777,1399
479498,1,4306,-4068,795,2071,-1382,3205,2056,1299,-493,2720,1956,1507,1549,3712,1776,1397
479498,1,4307,-4070,794,2070,-1379,3204,2055,1299,-489,2720,1953,1514,1552,3708,1776,1397
479498,1,4310,-4067,791,2071,-1385,3204,2055,1297,-491,2723,1951,1510,1549,3709,1776,1397
479498,0,4310,-4067,791,2071,-1385,3204,2055,1297,-491,2723,1951,1510,1549,3709,1776,1397
479498,1,4307,-4069,792,2072,-1378,3206,2051,1299,-491,2720,1953,1508,1553,3712,1776,1396
479498,1,4305,-4071,793,2072,-1381,3205,2055,1300,-491,2722,1960,1508,1551,3710,1774,1397
479498,1,4305,-4067,794,2070,-1381,3202,2051,1298,-491,2722,1960,1506,1551,3711,1777,1395
479498,1,4310,-4066,792,2074,-1381,3205,2054,1299,-489,2722,1960,1515,1551,3709,1776,1397
479498,0,4310,-4066,792,2074,-1381,3205,2054,1299,-489,2722,1960,1515,1551,3709,1776,1397
479498,1,4307,-4068,792,2074,-1379,3203,2056,1299,-491,2724,1952,1512,1551,3709,1775,1396
479498,1,4307,-4069,794,2072,-1377,3206,2053,1296,-493,2725,1954,1508,1550,3711,1776,1398
479498,1,4308,-4070,792,2072,-1380,3205,2055,1298,-493,2720,1957,1514,1549,3712,1777,1395
479498,0,4308,-4070,792,2072,-1380,3205,2055,1298,-493,2720,1957,1514,1549,3712,1777,1395
479498,1,4306,-4067,795,2071,-1384,3203,2057,1301,-491,2724,1957,1512,1551,3709,1778,1397
479498,1,4307,-4069,793,2075,-1378,3205,2056,1298,-490,2723,1960,1507,1553,3710,1780,1399
479498,1,4308,-4065,794,2072,-1382,3203,2054,1295,-493,2723,1958,1511,1549,3710,1779,1396
479498,1,4309,-4068,793,2072,-1380,3205,2056,1299,-493,2720,1957,1513,1552,3711,1776,1397
479498,1,4307,-4068,793,2073,-1383,3202,2056,1299,-492,2723,1957,1508,1550,3707,1779,1397
479498,0,4307,-4068,793,2073,-1383,3202,2056,1299,-492,2723,1957,1508,1550,3707,1779,1397
479498,1,4307,-4066,794,2071,-1381,3204,2051,1299,-491,2723,1953,1514,1552,3709,1777,1397
479498,1,4305,-4066,796,2074,-1383,3203,2058,1297,-491,2722,1959,1507,1551,3711,1777,1399
479498,1,4306,-4068,793,2073,-1377,3205,2053,1297,-489,2724,1959,1510,1550,3710,1776,1397
479498,0,4306,-4068,793,2073,-1377,3205,2053,1297,-489,2724,1959,1510,1550,3710,1776,1397
479498,1,4308,-4067,793,2070,-1381,3203,2053,1301,-492,2720,1957,1514,1549,3710,1780,1398
479498,1,4309,-4067,792,2069,-1384,3204,2054,1295,-491,2725,1955,1508,1549,3709,1778,1399
479498,1,4308,-4068,794,2069,-1383,3204,2055,1295,-493,2721,1955,1512,1550,3712,1780,1398
479498,1,4309,-4068,793,2071,-1377,3203,2054,1300,-493,2721,1955,1515,1548,3711,1778,1397
479498,1,4306,-4068,794,2070,-1383,3206,2055,1302,-492,2723,1959,1509,1550,3708,1780,1397
479498,0,4306,-4068,794,2070,-1383,3206,2055,1302,-492,2723,1959,1509,1550,3708,1780,1397
479498,1,4306,-4070,793,2070,-1375,3204,2055,1301,-493,2725,1957,1510,1549,3710,1779,1396
479498,1,4307,-4067,794,2070,-1383,3206,2055,1299,-488,2720,1960,1514,1554,3710,1778,1401
479498,1,4307,-4068,795,2071,-1378,3203,2056,1302,-492,2720,1954,1510,1551,3709,1779,1397
479498,0,4307,-4068,795,2071,-1378,3203,2056,1302,-492,2720,1954,1510,1551,3709,1779,1397
479498,1,4309,-4066,793,2074,-1380,3206,2056,1298,-493,2720,1953,1517,1550,3709,1778,1395
479498,1,4308,-4067,792,2073,-1377,3206,2054,1298,-493,2721,1959,1507,1551,3708,1778,1399
479498,1,4305,-4069,793,2071,-1381,3204,2053,1299,-492,2722,1955,1508,1550,3710,1777,1399
479498,1,4306,-4072,794,2071,-1382,3202,2055,1297,-490,2723,1960,1515,1552,3708,1779,1398
479498,1,4309,-4069,792,2071,-1384,3207,2053,1301,-491,2722,1958,1508,1552,3711,1781,1398
479498,0,4309,-4069,792,2071,-1384,3207,2053,1301,-491,2722,1958,1508,1552,3711,1781,1398
479498,1,4307,-4069,793,2071,-1378,3201,2053,1299,-493,2723,1954,1511,1548,3712,1779,1400
479498,1,4308,-4067,793,2071,-1384,3205,2055,1299,-492,2723,1952,1516,1551,3710,1779,1396
479498,1,4309,-4067,794,2070,-1382,3205,2054,1300,-494,2722,1956,1510,1549,3708,1777,1397
479498,1,4307,-4065,793,2074,-1385,3201,2055,1296,-493,2721,1959,1509,1549,3712,1778,1399
479498,0,4307,-4065,793,2074,-1385,3201,2055,1296,-493,2721,1959,1509,1549,3712,1778,1399
479498,1,4310,-4067,793,2071,-1378,3203,2054,1300,-490,2721,1958,1514,1547,3712,1777,1400
479498,1,4307,-4066,793,2070,-1381,3206,2053,1297,-493,2723,1960,1514,1549,3711,1777,1397
479498,1,4309,-4069,795,2071,-1381,3202,2055,1297,-491,2722,1958,1517,1555,3710,1781,1398
479498,1,4305,-4070,793,2069,-1381,3204,2055,1302,-491,2722,1952,1513,1551,3709,1778,1398
479498,0,4305,-4070,793,2069,-1381,3204,2055,1302,-491,2722,1952,1513,1551,3709,1778,1398
479498,1,4308,-4067,794,2073,-1380,3203,2053,1300,-493,2722,1949,1513,1549,3709,1779,1398
479498,1,4305,-4067,793,2074,-1376,3201,2053,1299,-493,2721,1956,1514,1548,3711,1779,1399
479498,1,4306,-4068,795,2071,-1385,3207,2054,1299,-493,2724,1960,1511,1552,3711,1779,1399
479498,1,4306,-4067,793,2073,-1383,3207,2051,1300,-492,2723,1956,1510,1547,3712,1778,1398
479498,1,4307,-4066,792,2071,-1378,3204,2054,1300,-491,2723,1951,1517,1548,3710,1779,1400
479498,0,4307,-4066,792,2071,-1378,3204,2054,1300,-491,2723,1951,1517,1548,3710,1779,1400
479498,1,4308,-4066,795,2072,-1381,3204,2055,1301,-492,2720,1950,1514,1549,3708,1778,1399
479498,1,4307,-4066,792,2072,-1380,3206,2056,1299,-491,2720,1951,1510,1552,3709,1779,1399
479498,1,4306,-4067,794,2072,-1379,3205,2055,1297,-492,2722,1952,1514,1547,3706,1780,1399
479498,1,4306,-4069,794,2071,-1384,3207,2055,1297,-493,2721,1959,1514,1548,3709,1776,1399
479498,0,4306,-4069,794,2071,-1384,3207,2055,1297,-493,2721,1959,1514,1548,3709,1776,1399
479498,1,4308,-4065,796,2070,-1377,3205,2054,1298,-490,2723,1959,1518,1547,3710,1778,1401
479498,1,4307,-4067,794,2073,-1382,3204,2055,1299,-493,2720,1956,1518,1547,3711,1780,1401
479498,1,4307,-4068,793,2071,-1375,3203,2051,1297,-491,2724,1955,1512,1549,3711,1781,1398
479498,1,4306,-4067,793,2072,-1386,3203,2054,1300,-493,2719,1955,1518,1550,3710,1781,1400
479498,0,4306,-4067,793,2072,-1386,3203,2054,1300,-493,2719,1955,1518,1550,3710,1781,1400
479498,1,4309,-4066,794,2074,-1380,3203,2056,1301,-492,2719,1960,1518,1548,3712,1777,1399
479498,1,4306,-4067,793,2074,-1382,3207,2056,1300,-493,2722,1961,1511,1549,3712,1778,1400
479498,1,4308,-4072,792,2075,-1377,3204,2055,1299,-492,2719,1954,1515,1550,3710,1780,1401
479498,0,4308,-4072,792,2075,-1377,3204,2055,1299,-492,2719,1954,1515,1550,3710,1780,1401
479498,1,4309,-4069,793,2074,-1384,3205,2057,1300,-493,2722,1955,1516,1548,3710,1779,1398
479498,1,4305,-4069,791,2075,-1379,3205,2055,1298,-492,2719,1955,1512,1549,3712,1780,1399
479498,1,4305,-4066,793,2074,-1384,3206,2053,1299,-491,2721,1954,1516,1544,3710,1778,1398
479498,1,4306,-4068,794,2073,-1381,3205,2057,1303,-492,2721,1956,1512,1546,3712,1777,1399
479498,0,4306,-4068,794,2073,-1381,3205,2057,1303,-492,2721,1956,1512,1546,3712,1777,1399
479498,1,4307,-4068,795,2074,-1385,3205,2055,1300,-493,2723,1955,1512,1548,3707,1779,1399
479498,1,4308,-4068,793,2071,-1376,3205,2056,1299,-493,2722,1961,1518,1547,3709,1781,1401
479498,1,4308,-4067,793,2071,-1384,3201,2054,1302,-489,2720,1955,1515,1549,3712,1778,1398
479498,1,4307,-4068,794,2069,-1381,3206,2056,1299,-491,2721,1953,1516,1546,3711,1779,1401
479498,1,4308,-4067,793,2070,-1382,3200,2055,1299,-492,2720,1955,1519,1550,3714,1780,1397
479498,0,4308,-4067,793,2070,-1382,3200,2055,1299,-492,2720,1955,1519,1550,3714,1780,1397
479498,1,4308,-4067,792,2069,-1379,3204,2056,1300,-492,2721,1955,1512,1548,3711,1780,1398
479498,1,4309,-4064,796,2068,-1384,3203,2056,1297,-494,2721,1957,1514,1545,3706,1780,1398
479498,1,4307,-4067,792,2071,-1378,3204,2054,1299,-492,2723,1960,1517,1549,3710,1779,1399
479498,1,4306,-4064,791,2072,-1383,3205,2055,1299,-494,2719,1956,1512,1549,3707,1781,1401
479498,0,4306,-4064,791,2072,-1383,3205,2055,1299,-494,2719,1956,1512,1549,3707,1781,1401
479498,1,4308,-4067,795,2070,-1376,3205,2054,1301,-493,2721,1957,1516,1548,3710,1780,1398
479498,1,4306,-4067,796,2070,-1386,3206,2056,1296,-493,2723,1954,1512,1550,3710,1781,1401
479498,1,4307,-4065,793,2070,-1377,3205,2054,1300,-493,2720,1955,1518,1549,3710,1781,1398
479498,1,4308,-4065,794,2072,-1386,3205,2054,1300,-493,2722,1958,1521,1549,3712,1780,1402
479498,0,4308,-4065,794,2072,-1386,3205,2054,1300,-493,2722,1958,1521,1549,3712,1780,1402
479498,1,4307,-4068,795,2071,-1379,3201,2053,1298,-491,2722,1958,1514,1548,3711,1780,1401
479498,1,4309,-4069,794,2068,-1381,3206,2057,1298,-492,2721,1954,1514,1547,3710,1780,1400
479498,1,4308,-4066,794,2070,-1381,3201,2053,1299,-491,2722,1953,1520,1546,3710,1781,1402
479498,1,4310,-4068,792,2070,-1385,3203,2055,1297,-491,2722,1954,1517,1543,3708,1780,1402
479498,0,4310,-4068,792,2070,-1385,3203,2055,1297,-491,2722,1954,1517,1543,3708,1780,1402
479498,1,4309,-4067,793,2071,-1379,3205,2056,1303,-492,2721,1959,1514,1549,3711,1780,1401
479498,1,4306,-4068,792,2069,-1385,3205,2056,1301,-491,2719,1957,1521,1548,3712,1778,1399
479498,1,4307,-4070,793,2071,-1380,3203,2053,1299,-489,2721,1958,1515,1547,3710,1780,1399
479498,1,4307,-4069,794,2071,-1383,3206,2054,1298,-491,2721,1958,1515,1546,3710,1781,1402
479498,0,4307,-4069,794,2071,-1383,3206,2054,1298,-491,2721,1958,1515,1546,3710,1781,1402
479498,1,4306,-4065,795,2069,-1376,3202,2055,1302,-493,2719,1954,1514,1547,3711,1778,1400
479498,1,4307,-4066,796,2069,-1384,3206,2052,1298,-491,2721,1957,1514,1547,3710,1780,1401
479498,1,4309,-4069,795,2070,-1377,3205,2056,1297,-491,2720,1958,1519,1549,3711,1779,1401
479498,1,4307,-4069,794,2075,-1384,3203,2055,1297,-493,2722,1958,1517,1549,3709,1780,1402
479498,0,4307,-4069,794,2075,-1384,3203,2055,1297,-493,2722,1958,1517,1549,3709,1780,1402
479498,1,4306,-4069,793,2074,-1380,3203,2056,1300,-493,2720,1959,1517,1546,3711,1778,1401
479498,1,4309,-4069,794,2075,-1382,3202,2055,1300,-489,2720,1951,1520,1551,3712,1781,1401
479498,1,4306,-4069,794,2075,-1379,3203,2054,1300,-494,2721,1954,1520,1550,3710,1783,1403
479498,1,4308,-4070,793,2071,-1384,3206,2053,1297,-495,2721,1956,1512,1547,3711,1782,1401
479498,0,4308,-4070,793,2071,-1384,3206,2053,1297,-495,2721,1956,1512,1547,3711,1782,1401
479498,1,4308,-4068,794,2073,-1386,3202,2053,1299,-493,2719,1957,1518,1545,3710,1781,1401
479498,1,4309,-4069,792,2076,-1382,3204,2055,1300,-492,2721,1959,1519,1547,3711,1779,1402
479498,1,4308,-4065,793,2072,-1378,3202,2058,1298,-489,2721,1958,1513,1547,3708,1780,1402
479498,1,4309,-4069,794,2071,-1385,3206,2055,1299,-492,2723,1953,1518,1549,3712,1781,1401
479498,0,4309,-4069,794,2071,-1385,3206,2055,1299,-492,2723,1953,1518,1549,3712,1781,1401
479498,1,4307,-4066,796,2072,-1381,3201,2054,1301,-493,2721,1952,1515,1550,3711,1780,1401
479498,1,4308,-4065,794,2072,-1385,3201,2054,1301,-492,2719,1953,1518,1548,3708,1780,1402
479498,1,4306,-4063,793,2072,-1378,3203,2054,1297,-494,2720,1959,1518,1545,3712,1782,1402
479498,1,4306,-4068,793,2073,-1382,3204,2054,1299,-491,2723,1959,1514,1549,3712,1780,1402
479498,1,4307,-4064,795,2075,-1381,3205,2052,1296,-491,2720,1956,1517,1545,3712,1781,1404
479498,0,4307,-4064,795,2075,-1381,3205,2052,1296,-491,2720,1956,1517,1545,3712,1781,1404
479498,1,4305,-4066,795,2074,-1383,3202,2056,1301,-492,2718,1952,1521,1548,3708,1781,1402
479498,1,4307,-4065,791,2073,-1377,3203,2055,1301,-490,2721,1955,1515,1548,3710,1783,1402
479498,1,4307,-4065,794,2074,-1383,3201,2055,1299,-492,2722,1960,1518,1546,3707,1782,1403
479498,1,4309,-4067,794,2075,-1379,3206,2056,1302,-489,2718,1956,1521,1548,3711,1781,1403
479498,0,4309,-4067,794,2075,-1379,3206,2056,1302,-489,2718,1956,1521,1548,3711,1781,1403
479498,1,4309,-4068,795,2075,-1383,3204,2055,1300,-492,2721,1957,1519,1546,3712,1779,1404
479498,1,4305,-4066,793,2075,-1381,3205,2056,1298,-491,2722,1954,1521,1545,3709,1781,1401
479498,1,4307,-4067,793,2075,-1384,3204,2052,1297,-492,2721,1952,1516,1546,3707,1783,1401
479498,1,4306,-4068,793,2074,-1376,3206,2054,1300,-493,2721,1951,1516,1548,3709,1780,1403
479498,0,4306,-4068,793,2074,-1376,3206,2054,1300,-493,2721,1951,1516,1548,3709,1780,1403
479498,1,4307,-4067,795,2072,-1381,3203,2053,1300,-492,2722,1956,1520,1547,3710,1780,1404
479498,1,4309,-4071,794,2071,-1381,3205,2055,1300,-493,2721,1955,1515,1548,3711,1780,1402
479498,1,4307,-4069,794,2074,-1381,3205,2055,1299,-491,2722,1956,1517,1549,3712,1783,1402
479498,1,4309,-4071,793,2069,-1377,3203,2055,1300,-492,2720,1952,1519,1548,3708,1781,1401
479498,0,4309,-4071,793,2069,-1377,3203,2055,1300,-492,2720,1952,1519,1548,3708,1781,1401
479498,1,4305,-4071,793,2074,-1384,3204,2051,1298,-492,2720,1953,1516,1549,3710,1781,1402
479498,1,4306,-4067,793,2073,-1378,3201,2057,1302,-491,2721,1957,1516,1550,3710,1780,1400
479498,1,4306,-4068,794,2075,-1385,3206,2055,1300,-492,2722,1956,1518,1547,3709,1782,1403
479498,1,4308,-4067,795,2073,-1378,3203,2054,1297,-493,2721,1959,1516,1546,3708,1782,1401
479498,0,4308,-4067,795,2073,-1378,3203,2054,1297,-493,2721,1959,1516,1546,3708,1782,1401
479498,1,4309,-4068,793,2069,-1384,3205,2055,1298,-491,2720,1959,1518,1547,3707,1782,1404
479498,1,4308,-4067,792,2072,-1377,3202,2054,1297,-491,2720,1954,1517,1547,3709,1782,1402
479498,1,4305,-4067,794,2075,-1381,3205,2053,1301,-492,2720,1955,1513,1548,3709,1780,1404
479498,1,4308,-4066,794,2070,-1380,3205,2054,1299,-491,2722,1957,1519,1550,3712,1782,1404
479498,0,4308,-4066,794,2070,-1380,3205,2054,1299,-491,2722,1957,1519,1550,3712,1782,1404
479498,1,4309,-4067,794,2070,-1383,3203,2056,1297,-492,2718,1959,1518,1549,3710,1782,1402
479499,1,4308,-4068,793,2068,-1377,3205,2058,1299,-493,2719,1956,1516,1547,3710,1780,1403
479499,1,4306,-4068,793,2075,-1383,3205,2055,1300,-493,2722,1954,1520,1547,3711,1781,1403
479499,1,4307,-4067,794,2070,-1377,3205,2054,1299,-494,2720,1954,1517,1548,3708,1781,1401
479499,0,4307,-4067,794,2070,-1377,3205,2054,1299,-494,2720,1954,1517,1548,3708,1781,1401
479499,1,4305,-4065,796,2069,-1384,3202,2052,1297,-491,2724,1956,1516,1547,3710,1780,1404
479499,1,4306,-4067,791,2068,-1376,3206,2054,1299,-493,2720,1954,1518,1547,3709,1781,1405
479499,1,4308,-4065,795,2068,-1384,3203,2056,1299,-490,2720,1957,1519,1549,3708,1781,1402
479499,1,4309,-4067,793,2070,-1378,3206,2054,1299,-493,2721,1956,1518,1545,3711,1782,1402
479499,0,4309,-4067,793,2070,-1378,3206,2054,1299,-493,2721,1956,1518,1545,3711,1782,1402
479499,1,4310,-4068,793,2070,-1385,3203,2053,1301,-493,2722,1955,1518,1545,3708,1779,1404
479499,1,4309,-4070,792,2071,-1379,3205,2054,1300,-493,2722,1953,1514,1548,3710,1784,1404
479499,1,4307,-4068,796,2072,-1382,3206,2055,1300,-493,2722,1955,1518,1546,3709,1783,1405
479499,1,4307,-4065,793,2072,-1378,3201,2055,1300,-492,2722,1960,1518,1547,3710,1782,1404
479499,0,4307,-4065,793,2072,-1378,3201,2055,1300,-492,2722,1960,1518,1547,3710,1782,1404
479499,1,4306,-4066,794,2073,-1386,3204,2055,1300,-492,2721,1959,1514,1546,3710,1782,1402
479499,1,4308,-4065,791,2070,-1378,3204,2057,1300,-493,2721,1953,1518,1546,3709,1782,1406
479499,1,4305,-4066,796,2070,-1383,3205,2056,1299,-492,2719,1954,1520,1550,3709,1781,1403
479499,1,4308,-4064,796,2071,-1375,3203,2054,1300,-493,2724,1954,1514,1551,3708,1783,1404
479499,0,4308,-4064,796,2071,-1375,3203,2054,1300,-493,2724,1954,1514,1551,3708,1783,1404
479499,1,4305,-4067,795,2069,-1381,3204,2055,1297,-490,2718,1953,1515,1548,3710,1781,1404
479499,1,4309,-4066,793,2073,-1380,3201,2053,1299,-493,2721,1958,1514,1548,3710,1782,1403
479499,1,4307,-4065,792,2070,-1383,3206,2054,1296,-493,2722,1958,1518,1546,3710,1781,1404
479499,1,4308,-4064,795,2070,-1379,3202,2054,1299,-493,2721,1957,1520,1547,3709,1782,1405
479499,0,4308,-4064,795,2070,-1379,3202,2054,1299,-493,2721,1957,1520,1547,3709,1782,1405
479499,1,4307,-4065,795,2069,-1379,3207,2057,1300,-489,2722,1952,1515,1548,3712,1782,1404
479499,1,4306,-4066,794,2074,-1379,3204,2056,1299,-490,2722,1957,1519,1549,3711,1781,1406
479499,1,4306,-4068,795,2074,-1385,3204,2056,1301,-492,2722,1956,1519,1546,3711,1780,1404
479499,1,4307,-4070,796,2075,-1379,3205,2055,1300,-495,2722,1957,1516,1548,3713,1781,1404
479499,0,4307,-4070,796,2075,-1379,3205,2055,1300,-495,2722,1957,1516,1548,3713,1781,1404
479499,1,4309,-4068,794,2074,-1383,3205,2054,1299,-492,2722,1956,1518,1549,3710,1781,1406
479499,1,4307,-4067,792,2074,-1377,3204,2055,1301,-493,2723,1952,1521,1547,3708,1781,1404
479499,1,4309,-4066,794,2076,-1384,3203,2053,1298,-491,2718,1953,1516,1544,3710,1781,1405
479499,1,4306,-4069,794,2069,-1378,3206,2054,1300,-491,2722,1952,1514,1547,3710,1782,1404
479499,0,4306,-4069,794,2069,-1378,3206,2054,1300,-491,2722,1952,1514,1547,3710,1782,1404
479499,1,4310,-4066,790,2075,-1381,3203,2055,1299,-496,2720,1952,1514,1546,3710,1779,1406
479499,1,4306,-4069,794,2075,-1378,3203,2055,1301,-492,2720,1958,1514,1549,3708,1782,1406
479499,1,4305,-4068,793,2075,-1383,3203,2054,1301,-493,2720,1961,1521,1549,3711,1782,1405
479499,1,4307,-4067,793,2075,-1378,3204,2055,1298,-491,2721,1955,1517,1547,3711,1781,1406
479499,0,4307,-4067,793,2075,-1378,3204,2055,1298,-491,2721,1955,1517,1547,3711,1781,1406
479499,1,4308,-4066,793,2070,-1381,3204,2057,1304,-492,2720,1954,1518,1547,3710,1780,1405
479499,1,4307,-4070,792,2070,-1376,3202,2051,1298,-493,2721,1955,1520,1549,3710,1781,1407
479499,1,4307,-4069,794,2074,-1382,3205,2055,1300,-491,2720,1959,1516,1545,3711,1780,1405
479499,1,4305,-4067,791,2073,-1379,3204,2056,1300,-492,2721,1959,1516,1549,3710,1782,1405
479499,1,4310,-4070,798,2071,-1384,3204,2055,1297,-491,2719,1955,1520,1550,3710,1783,1405
479499,0,4310,-4070,798,2071,-1384,3204,2055,1297,-491,2719,1955,1520,1550,3710,1783,1405
479499,1,4305,-4068,794,2073,-1380,3200,2053,1300,-493,2722,1958,1519,1550,3712,1783,1407
479499,1,4305,-4065,796,2074,-1380,3205,2055,1299,-491,2722,1956,1516,1549,3710,1779,1407
479499,1,4309,-4067,795,2074,-1383,3204,2056,1298,-490,2722,1953,1517,1548,3710,1781,1408
479499,1,4309,-4068,794,2073,-1381,3203,2056,1298,-492,2719,1958,1516,1545,3708,1780,1407
479499,0,4309,-4068,794,2073,-1381,3203,2056,1298,-492,2719,1958,1516,1545,3708,1780,1407
479499,1,4309,-4067,794,2074,-1383,3205,2056,1298,-494,2721,1958,1519,1547,3710,1781,1404
479499,1,4307,-4070,793,2075,-1380,3204,2054,1301,-493,2722,1958,1518,1547,3710,1782,1406
479499,1,4308,-4063,793,2072,-1381,3202,2055,1299,-493,2718,1953,1516,1545,3709,1781,1407
479499,1,4307,-4071,796,2072,-1384,3204,2055,1296,-493,2721,1953,1520,1543,3710,1781,1403
479499,0,4307,-4071,796,2072,-1384,3204,2055,1296,-493,2721,1953,1520,1543,3710,1781,1403
479499,1,4309,-4070,794,2069,-1381,3204,2053,1301,-492,2721,1961,1519,1547,3714,1780,1408
479499,1,4306,-4069,795,2071,-1380,3203,2058,1300,-493,2718,1959,1516,1546,3710,1780,1407
479499,1,4305,-4064,791,2069,-1373,3205,2055,1297,-492,2719,1957,1518,1547,3711,1782,1408
479499,1,4306,-4069,795,2069,-1382,3204,2056,1298,-494,2722,1959,1521,1545,3710,1782,1407
479499,0,4306,-4069,795,2069,-1382,3204,2056,1298,-494,2722,1959,1521,1545,3710,1782,1407
479499,1,4306,-4065,794,2070,-1380,3202,2057,1300,-493,2724,1953,1512,1547,3711,1779,1408
479499,1,4306,-4068,794,2069,-1383,3205,2055,1299,-493,2718,1954,1519,1546,3708,1782,1407
479499,1,4308,-4071,795,2069,-1380,3202,2052,1301,-491,2721,1955,1515,1549,3707,1783,1407
479499,1,4307,-4066,795,2073,-1381,3205,2057,1297,-493,2720,1960,1521,1546,3708,1782,1407
479499,0,4307,-4066,795,2073,-1381,3205,2057,1297,-493,2720,1960,1521,1546,3708,1782,1407
479499,1,4307,-4065,796,2071,-1384,3202,2052,1298,-494,2721,1959,1518,1546,3708,1784,1407
479499,1,4308,-4065,796,2075,-1382,3201,2054,1300,-490,2721,1955,1516,1549,3712,1782,1406
479499,1,4309,-4067,792,2076,-1375,3206,2057,1302,-493,2720,1950,1518,1547,3712,1780,1409
479499,1,4308,-4064,794,2074,-1383,3201,2057,1300,-491,2720,1957,1519,1544,3710,1781,1408
479499,0,4308,-4064,794,2074,-1383,3201,2057,1300,-491,2720,1957,1519,1544,3710,1781,1408
479499,1,4304,-4065,792,2073,-1376,3204,2054,1302,-493,2722,1957,1518,1545,3712,1780,1407
479499,1,4308,-4067,793,2073,-1384,3203,2056,1299,-493,2719,1955,1519,1547,3707,1781,1408
479499,1,4307,-4068,794,2074,-1379,3207,2054,1301,-492,2720,1959,1518,1550,3712,1781,1407
479499,1,4306,-4065,794,2071,-1377,3202,2055,1298,-492,2721,1956,1516,1549,3710,1781,1409
479499,0,4306,-4065,794,2071,-1377,3202,2055,1298,-492,2721,1956,1516,1549,3710,1781,1409
479499,1,4307,-4067,795,2072,-1379,3204,2055,1302,-495,2720,1955,1521,1544,3711,1781,1408
479499,1,4309,-4068,793,2074,-1380,3203,2051,1301,-492,2722,1956,1516,1544,3712,1781,1409
479499,1,4309,-4068,796,2072,-1384,3204,2054,1297,-493,2723,1958,1516,1547,3710,1783,1408
479499,1,4308,-4066,794,2074,-1378,3206,2055,1300,-492,2719,1958,1519,1549,3712,1781,1409
479499,0,4308,-4066,794,2074,-1378,3206,2055,1300,-492,2719,1958,1519,1549,3712,1781,1409
479499,1,4307,-4069,793,2072,-1384,3202,2056,1299,-493,2718,1956,1518,1543,3710,1780,1407
479499,1,4308,-4066,796,2072,-1380,3207,2053,1297,-493,2719,1952,1515,1545,3710,1782,1409
479499,1,4309,-4068,796,2074,-1381,3203,2053,1302,-493,2722,1955,1519,1546,3712,1783,1408
479499,1,4305,-4067,795,2072,-1383,3203,2054,1297,-495,2721,1960,1513,1549,3712,1781,1408
479499,0,4305,-4067,795,2072,-1383,3203,2054,1297,-495,2721,1960,1513,1549,3712,1781,1408
479499,1,4306,-4068,794,2075,-1379,3205,2055,1297,-492,2720,1961,1518,1544,3707,1780,1409
479499,1,4306,-4068,793,2077,-1378,3203,2053,1299,-492,2721,1957,1519,1546,3710,1780,1407
479499,1,4309,-4070,794,2075,-1384,3203,2054,1300,-492,2720,1955,1514,1549,3708,1781,1407
479499,1,4307,-4066,795,2074,-1381,3205,2055,1300,-492,2722,1955,1522,1547,3710,1780,1408
479499,0,4307,-4066,795,2074,-1381,3205,2055,1300,-492,2722,1955,1522,1547,3710,1780,1408
479499,1,4307,-4068,794,2076,-1383,3204,2055,1300,-494,2721,1953,1517,1549,3712,1782,1409
479499,1,4308,-4070,795,2077,-1378,3204,2055,1300,-492,2720,1958,1517,1547,3710,1781,1406
479499,1,4308,-4068,796,2076,-1384,3202,2055,1299,-493,2721,1956,1522,1545,3712,1781,1407
479499,1,4307,-4070,796,2071,-1378,3201,2055,1299,-490,2723,1958,1515,1545,3705,1780,1410
479499,0,4307,-4070,796,2071,-1378,3201,2055,1299,-490,2723,1958,1515,1545,3705,1780,1410
479499,1,4309,-4066,797,2073,-1380,3206,2056,1300,-495,2721,1954,1514,1545,3711,1781,1411
479499,1,4310,-4068,794,2071,-1381,3205,2053,1300,-493,2722,1955,1521,1547,3711,1780,1409
479499,1,4309,-4069,792,2071,-1376,3202,2056,1299,-491,2724,1960,1519,1545,3710,1783,1409
479499,1,4306,-4066,792,2070,-1380,3204,2055,1300,-492,2721,1960,1516,1546,3711,1783,1409
479499,0,4306,-4066,792,2070,-1380,3204,2055,1300,-492,2721,1960,1516,1546,3711,1783,1409
479499,1,4308,-4069,793,2073,-1382,3205,2056,1297,-490,2722,1958,1523,1547,3709,1780,1408
479499,1,4306,-4066,793,2072,-1377,3206,2055,1296,-492,2722,1959,1514,1547,3712,1780,1410
479499,1,4308,-4069,791,2075,-1383,3200,2053,1297,-493,2719,1952,1522,1547,3707,1781,1408
479499,1,4307,-4070,797,2074,-1378,3203,2055,1301,-493,2719,1952,1517,1546,3709,1780,1411
479499,0,4307,-4070,797,2074,-1378,3203,2055,1301,-493,2719,1952,1517,1546,3709,1780,1411
479499,1,4308,-4069,797,2074,-1384,3205,2053,1298,-492,2722,1955,1514,1547,3710,1781,1411
479499,1,4308,-4067,796,2073,-1378,3202,2053,1298,-492,2720,1958,1520,1548,3710,1781,1409
479499,1,4307,-4066,793,2074,-1383,3203,2052,1300,-494,2720,1957,1519,1545,3712,1780,1409
479499,1,4308,-4066,793,2068,-1379,3204,2055,1299,-492,2722,1951,1516,1545,3710,1781,1409
479499,0,4308,-4066,793,2068,-1379,3204,2055,1299,-492,2722,1951,1516,1545,3710,1781,1409
479499,1,4309,-4067,793,2068,-1385,3205,2055,1301,-496,2723,1953,1519,1544,3712,1780,1409
479499,1,4309,-4066,796,2071,-1381,3203,2057,1300,-493,2722,1960,1520,1549,3707,1781,1410
479499,1,4306,-4064,793,2069,-1380,3203,2056,1301,-491,2719,1957,1515,1548,3708,1783,1411
479499,1,4306,-4067,792,2069,-1380,3204,2055,1300,-491,2720,1959,1518,1545,3711,1782,1409
479499,1,4309,-4067,794,2069,-1384,3202,2055,1297,-492,2719,1960,1513,1543,3710,1781,1408
479499,0,4309,-4067,794,2069,-1384,3202,2055,1297,-492,2719,1960,1513,1543,3710,1781,1408
479499,1,4309,-4065,795,2072,-1381,3202,2057,1299,-493,2721,1952,1522,1546,3710,1781,1408
479499,1,4308,-4065,797,2069,-1382,3206,2054,1298,-493,2719,1953,1517,1550,3708,1781,1410
479499,1,4307,-4066,792,2070,-1377,3203,2057,1300,-495,2721,1956,1515,1544,3711,1780,1411
479499,1,4307,-4069,791,2076,-1385,3202,2057,1299,-491,2719,1957,1520,1545,3711,1777,1408
479499,0,4307,-4069,791,2076,-1385,3202,2057,1299,-491,2719,1957,1520,1545,3711,1777,1408
479499,1,4305,-4067,794,2074,-1378,3205,2057,1300,-492,2719,1957,1521,1544,3710,1781,1408
479499,1,4308,-4067,796,2077,-1384,3204,2056,1303,-492,2724,1953,1515,1546,3712,1782,1412
479499,1,4307,-4070,794,2074,-1381,3205,2058,1299,-493,2720,1952,1521,1544,3710,1780,1410
479499,1,4308,-4071,793,2073,-1381,3202,2054,1299,-491,2719,1956,1520,1544,3710,1784,1408
479499,0,4308,-4071,793,2073,-1381,3202,2054,1299,-491,2719,1956,1520,1544,3710,1784,1408
479499,1,4309,-4068,793,2074,-1378,3206,2054,1299,-493,2720,1959,1514,1543,3709,1783,1411
479499,1,4307,-4067,796,2071,-1385,3202,2056,1300,-494,2721,1957,1516,1544,3709,1780,1411
479499,1,4306,-4068,794,2074,-1380,3204,2055,1301,-494,2719,1957,1523,1545,3710,1782,1411
479499,1,4310,-4069,794,2069,-1382,3203,2055,1299,-493,2720,1954,1520,1545,3710,1780,1409
479499,0,4310,-4069,794,2069,-1382,3203,2055,1299,-493,2720,1954,1520,1545,3710,1780,1409
479499,1,4309,-4069,795,2072,-1379,3203,2056,1301,-494,2723,1952,1521,1543,3709,1780,1409
479499,1,4307,-4068,793,2074,-1386,3201,2057,1299,-492,2719,1954,1517,1545,3709,1781,1411
479499,1,4307,-4068,794,2070,-1378,3201,2055,1298,-493,2722,1958,1525,1543,3708,1781,1409
479499,1,4306,-4068,792,2076,-1380,3205,2055,1301,-494,2720,1957,1519,1545,3710,1780,1412
479499,0,4306,-4068,792,2076,-1380,3205,2055,1301,-494,2720,1957,1519,1545,3710,1780,1412
479499,1,4306,-4068,791,2076,-1377,3204,2055,1299,-493,2720,1952,1516,1546,3710,1782,1410
479499,1,4304,-4065,794,2075,-1383,3203,2055,1300,-493,2724,1954,1521,1545,3713,1780,1411
479499,1,4307,-4067,793,2076,-1379,3204,2056,1300,-491,2721,1954,1519,1546,3711,1782,1411
479499,1,4309,-4065,793,2076,-1384,3203,2054,1301,-493,2719,1955,1518,1548,3708,1780,1410
479499,0,4309,-4065,793,2076,-1384,3203,2054,1301,-493,2719,1955,1518,1548,3708,1780,1410
479499,1,4309,-4066,792,2075,-1378,3201,2056,1299,-490,2719,1955,1516,1543,3710,1782,1411
479499,1,4309,-4068,793,2075,-1381,3203,2056,1302,-491,2721,1960,1520,1546,3709,1782,1411
479499,1,4307,-4066,796,2074,-1378,3202,2056,1301,-491,2718,1959,1523,1544,3711,1783,1409
479499,1,4306,-4067,796,2076,-1384,3205,2055,1298,-493,2719,1953,1522,1543,3710,1780,1410
479499,0,4306,-4067,796,2076,-1384,3205,2055,1298,-493,2719,1953,1522,1543,3710,1780,1410
479499,1,4310,-4068,795,2074,-1378,3201,2053,1302,-491,2718,1951,1516,1547,3712,1779,1411
479499,1,4307,-4067,793,2072,-1384,3202,2053,1300,-492,2718,1959,1523,1544,3712,1780,1411
479499,1,4307,-4068,793,2072,-1380,3204,2055,1300,-492,2718,1956,1521,1546,3709,1781,1413
479499,1,4307,-4068,793,2073,-1383,3203,2055,1301,-493,2718,1956,1516,1547,3711,1782,1412
479499,0,4307,-4068,793,2073,-1383,3203,2055,1301,-493,2718,1956,1516,1547,3711,1782,1412
479499,1,4307,-4069,793,2075,-1378,3204,2053,1303,-493,2720,1954,1523,1545,3711,1782,1412
479499,1,4307,-4065,795,2072,-1382,3203,2055,1300,-491,2718,1954,1523,1545,3710,1781,1409
479499,1,4306,-4065,795,2075,-1376,3208,2052,1298,-492,2719,1957,1519,1543,3712,1780,1409
479499,1,4309,-4070,793,2075,-1386,3201,2055,1300,-492,2718,1956,1523,1544,3710,1783,1412
479499,0,4309,-4070,793,2075,-1386,3201,2055,1300,-492,2718,1956,1523,1544,3710,1783,1412
479499,1,4305,-4067,795,2074,-1383,3203,2055,1300,-493,2716,1958,1522,1546,3708,1783,1413
479499,1,4307,-4065,792,2074,-1383,3201,2057,1298,-492,2717,1955,1522,1550,3711,1782,1412
479499,1,4307,-4068,792,2076,-1375,3206,2054,1299,-492,2718,1954,1521,1545,3712,1781,1411
479499,1,4306,-4065,793,2075,-1382,3202,2054,1300,-491,2718,1954,1518,1545,3711,1782,1411
479499,0,4306,-4065,793,2075,-1382,3202,2054,1300,-491,2718,1954,1518,1545,3711,1782,1411
479499,1,4306,-4067,794,2072,-1377,3199,2055,1298,-492,2718,1959,1523,1544,3712,1780,1412
479499,1,4309,-4066,796,2074,-1379,3204,2055,1301,-493,2717,1960,1520,1544,3709,1781,1410
479499,1,4308,-4070,794,2073,-1379,3201,2056,1302,-489,2719,1958,1517,1543,3711,1780,1411
479499,1,4307,-4068,793,2072,-1381,3201,2052,1300,-493,2720,1955,1520,1544,3711,1782,1411
479499,0,4307,-4068,793,2072,-1381,3201,2052,1300,-493,2720,1955,1520,1544,3711,1782,1411
479499,1,4306,-4069,794,2072,-1378,3202,2057,1300,-495,2718,1957,1520,1546,3709,1782,1410
479499,1,4307,-4068,792,2070,-1383,3203,2057,1302,-493,2719,1953,1518,1544,3710,1780,1414
479499,1,4307,-4068,792,2073,-1377,3201,2055,1299,-495,2718,1959,1521,1546,3708,1782,1413
479499,1,4307,-4066,792,2074,-1384,3205,2057,1300,-491,2719,1960,1522,1548,3711,1782,1411
479499,0,4307,-4066,792,2074,-1384,3205,2057,1300,-491,2719,1960,1522,1548,3711,1782,1411
479499,1,4307,-4067,795,2075,-1374,3202,2054,1301,-491,2720,1955,1524,1542,3711,1781,1408
479499,1,4305,-4068,794,2075,-1385,3203,2054,1300,-492,2716,1956,1518,1544,3711,1783,1411
479499,1,4307,-4066,792,2075,-1380,3200,2053,1299,-493,2717,1954,1519,1545,3710,1782,1409
479499,1,4307,-4070,793,2072,-1378,3201,2055,1301,-493,2719,1956,1521,1545,3709,1781,1411
479499,0,4307,-4070,793,2072,-1378,3201,2055,1301,-493,2719,1956,1521,1545,3709,1781,1411
479499,1,4309,-4066,793,2071,-1375,3205,2056,1300,-493,2719,1960,1521,1544,3711,1780,1412
479499,1,4310,-4068,791,2075,-1383,3201,2053,1301,-492,2718,1954,1515,1546,3710,1782,1410
479499,1,4305,-4066,793,2075,-1378,3204,2055,1298,-493,2717,1952,1522,1546,3708,1782,1411
479499,1,4310,-4065,796,2073,-1382,3200,2056,1301,-493,2719,1955,1521,1547,3709,1782,1411
479499,1,4305,-4065,795,2072,-1377,3204,2055,1298,-493,2717,1954,1516,1546,3713,1780,1410
479499,0,4305,-4065,795,2072,-1377,3204,2055,1298,-493,2717,1954,1516,1546,3713,1780,1410
479499,1,4309,-4068,795,2073,-1383,3202,2056,1302,-494,2717,1957,1521,1545,3711,1782,1411
479499,1,4308,-4068,794,2072,-1376,3203,2056,1299,-493,2716,1958,1519,1546,3709,1781,1411
479499,1,4307,-4066,794,2073,-1384,3202,2058,1301,-492,2719,1958,1521,1543,3708,1782,1410
479499,1,4308,-4065,794,2072,-1382,3204,2056,1300,-493,2717,1957,1522,1544,3708,1782,1412
479499,0,4308,-4065,794,2072,-1382,3204,2056,1300,-493,2717,1957,1522,1544,3708,1782,1412
479499,1,4306,-4065,790,2071,-1381,3202,2057,1300,-493,2716,1954,1517,1543,3710,1781,1411
479499,1,4307,-4067,795,2076,-1377,3199,2056,1301,-493,2717,1961,1522,1547,3713,1780,1413
479499,1,4307,-4068,794,2077,-1384,3203,2056,1299,-493,2718,1959,1522,1544,3712,1782,1412
479499,1,4308,-4068,795,2075,-1379,3203,2055,1301,-493,2717,1957,1521,1543,3709,1784,1412
479499,0,4308,-4068,795,2075,-1379,3203,2055,1301,-493,2717,1957,1521,1543,3709,1784,1412
479499,1,4310,-4069,792,2075,-1384,3201,2055,1299,-493,2719,1957,1522,1544,3712,1781,1412
479499,1,4306,-4067,794,2074,-1381,3200,2055,1299,-493,2718,1951,1522,1546,3708,1780,1413
479499,1,4307,-4067,792,2076,-1383,3203,2055,1300,-494,2719,1955,1518,1547,3709,1782,1411
479499,1,4308,-4067,795,2076,-1377,3202,2056,1301,-493,2718,1956,1522,1548,3708,1783,1411
479499,0,4308,-4067,795,2076,-1377,3202,2056,1301,-493,2718,1956,1522,1548,3708,1783,1411
479499,1,4304,-4067,792,2074,-1382,3201,2056,1300,-493,2716,1957,1517,1541,3713,1779,1412
479499,1,4309,-4069,795,2074,-1377,3199,2056,1300,-492,2718,1962,1522,1544,3712,1780,1413
479499,1,4307,-4066,796,2073,-1383,3201,2056,1302,-494,2717,1955,1522,1542,3708,1781,1411
479500,1,4309,-4069,793,2074,-1378,3200,2055,1299,-493,2719,1953,1518,1544,3710,1782,1413
479500,0,4309,-4069,793,2074,-1378,3200,2055,1299,-493,2719,1953,1518,1544,3710,1782,1413
479500,1,4308,-4066,794,2076,-1382,3202,2053,1302,-493,2715,1957,1519,1544,3710,1783,1412
479500,1,4306,-4068,793,2077,-1378,3202,2054,1297,-491,2718,1956,1519,1544,3711,1782,1412
479500,1,4305,-4068,791,2076,-1383,3201,2053,1301,-497,2722,1959,1520,1546,3710,1780,1414
479500,1,4307,-4065,793,2073,-1378,3203,2055,1297,-492,2717,1958,1524,1546,3710,1781,1412
479500,0,4307,-4065,793,2073,-1378,3203,2055,1297,-492,2717,1958,1524,1546,3710,1781,1412
479500,1,4306,-4069,794,2073,-1384,3201,2058,1302,-495,2717,1952,1524,1544,3713,1782,1412
479500,1,4310,-4066,794,2075,-1379,3203,2056,1300,-492,2721,1956,1519,1543,3711,1779,1412
479500,1,4306,-4066,789,2073,-1386,3203,2056,1298,-493,2718,1952,1520,1543,3710,1780,1412
479500,1,4305,-4065,795,2070,-1377,3202,2057,1299,-493,2718,1956,1518,1545,3712,1783,1411
479500,0,4305,-4065,795,2070,-1377,3202,2057,1299,-493,2718,1956,1518,1545,3712,1783,1411
479500,1,4305,-4067,793,2071,-1381,3202,2057,1299,-493,2719,1959,1522,1544,3710,1781,1411
479500,1,4309,-4065,796,2073,-1381,3202,2056,1299,-492,2717,1956,1522,1545,3711,1780,1410
479500,1,4309,-4066,794,2073,-1383,3203,2054,1302,-491,2718,1954,1518,1539,3707,1782,1412
479500,1,4309,-4065,793,2075,-1379,3205,2058,1298,-493,2719,1952,1523,1546,3710,1780,1412
479500,0,4309,-4065,793,2075,-1379,3205,2058,1298,-493,2719,1952,1523,1546,3710,1780,1412
479500,1,4309,-4066,792,2074,-1384,3201,2055,1301,-490,2717,1953,1521,1545,3709,1781,1410
479500,1,4309,-4068,793,2074,-1378,3204,2058,1304,-493,2716,1959,1518,1542,3711,1784,1412
479500,1,4308,-4066,790,2074,-1384,3201,2055,1300,-493,2719,1954,1521,1543,3708,1782,1410
479500,1,4304,-4069,793,2077,-1377,3204,2055,1296,-490,2717,1955,1524,1541,3711,1781,1413
479500,0,4304,-4069,793,2077,-1377,3204,2055,1296,-490,2717,1955,1524,1541,3711,1781,1413
479500,1,4307,-4067,795,2075,-1381,3199,2059,1298,-492,2717,1954,1517,1545,3709,1780,1412
479500,1,4306,-4068,792,2076,-1375,3205,2054,1301,-492,2716,1951,1520,1544,3709,1779,1414
479500,1,4305,-4067,795,2076,-1381,3202,2054,1301,-494,2718,1960,1519,1546,3712,1781,1414
479500,1,4304,-4067,792,2077,-1382,3204,2055,1301,-492,2719,1957,1521,1542,3709,1783,1411
479500,0,4304,-4067,792,2077,-1382,3204,2055,1301,-492,2719,1957,1521,1542,3709,1783,1411
479500,1,4307,-4069,794,2078,-1383,3199,2056,1299,-493,2717,1957,1518,1541,3711,1781,1411
479500,1,4305,-4068,794,2073,-1378,3201,2054,1297,-493,2719,1956,1520,1544,3709,1783,1413
479500,1,4309,-4068,794,2074,-1382,3201,2054,1303,-494,2717,1956,1523,1543,3710,1780,1415
479500,1,4306,-4069,796,2075,-1385,3199,2056,1302,-495,2720,1958,1520,1542,3710,1779,1414
479500,0,4306,-4069,796,2075,-1385,3199,2056,1302,-495,2720,1958,1520,1542,3710,1779,1414
479500,1,4309,-4068,793,2075,-1381,3202,2054,1297,-493,2717,1959,1518,1542,3709,1784,1415
479500,1,4309,-4066,792,2073,-1375,3200,2055,1301,-493,2720,1952,1522,1545,3709,1781,1413
479500,1,4306,-4065,793,2073,-1386,3203,2054,1302,-492,2715,1960,1521,1540,3712,1780,1414
479500,1,4309,-4065,794,2074,-1378,3199,2058,1299,-491,2722,1955,1519,1544,3711,1781,1413
479500,0,4309,-4065,794,2074,-1378,3199,2058,1299,-491,2722,1955,1519,1544,3711,1781,1413
479500,1,4309,-4068,793,2077,-1382,3203,2056,1301,-494,2719,1951,1525,1544,3711,1782,1416
479500,1,4309,-4069,792,2075,-1377,3200,2056,1300,-491,2717,1957,1519,1542,3710,1783,1412
479500,1,4308,-4066,793,2073,-1382,3201,2058,1301,-490,2719,1958,1524,1544,3712,1779,1414
479500,1,4305,-4067,795,2074,-1377,3200,2056,1297,-493,2716,1957,1520,1542,3711,1781,1413
479500,0,4305,-4067,795,2074,-1377,3200,2056,1297,-493,2716,1957,1520,1542,3711,1781,1413
479500,1,4306,-4065,794,2074,-1383,3202,2055,1302,-493,2717,1955,1518,1542,3710,1782,1413
479500,1,4305,-4065,794,2072,-1378,3203,2056,1299,-492,2718,1953,1524,1543,3714,1780,1414
479500,1,4307,-4067,793,2074,-1380,3201,2056,1299,-493,2717,1955,1520,1540,3708,1780,1412
479500,1,4306,-4069,794,2074,-1378,3203,2055,1302,-493,2721,1958,1517,1543,3710,1782,1416
479500,0,4306,-4069,794,2074,-1378,3203,2055,1302,-493,2721,1958,1517,1543,3710,1782,1416
479500,1,4306,-4068,792,2073,-1382,3201,2056,1301,-493,2718,1957,1522,1542,3712,1782,1414
479500,1,4306,-4065,794,2073,-1378,3203,2056,1299,-493,2718,1958,1523,1543,3714,1782,1414
479500,1,4306,-4067,793,2071,-1378,3199,2055,1300,-493,2720,1957,1518,1542,3708,1782,1410
479500,1,4307,-4066,794,2074,-1377,3200,2057,1299,-493,2721,1957,1521,1543,3709,1780,1413
479500,1,4310,-4067,794,2072,-1384,3201,2055,1300,-493,2717,1953,1518,1540,3709,1780,1413
479500,0,4310,-4067,794,2072,-1384,3201,2055,1300,-493,2717,1953,1518,1540,3709,1780,1413
479500,1,4309,-4068,794,2074,-1378,3200,2056,1301,-493,2718,1959,1522,1543,3711,1781,1414
479500,1,4308,-4064,795,2075,-1383,3201,2055,1300,-494,2720,1960,1521,1542,3710,1782,1415
479500,1,4305,-4067,794,2073,-1377,3203,2056,1299,-492,2716,1956,1516,1542,3711,1781,1414
479500,1,4307,-4069,795,2074,-1381,3202,2055,1302,-493,2719,1953,1523,1541,3709,1780,1413
479500,0,4307,-4069,795,2074,-1381,3202,2055,1302,-493,2719,1953,1523,1541,3709,1780,1413
479500,1,4304,-4069,792,2074,-1379,3200,2057,1299,-494,2715,1954,1523,1540,3710,1782,1413
479500,1,4307,-4069,791,2072,-1383,3203,2055,1299,-492,2716,1953,1518,1540,3709,1780,1414
479500,1,4308,-4065,794,2075,-1377,3201,2058,1296,-491,2717,1959,1521,1543,3710,1781,1415
479500,1,4307,-4070,793,2073,-1384,3201,2056,1300,-492,2718,1962,1523,1542,3710,1779,1413
479500,0,4307,-4070,793,2073,-1384,3201,2056,1300,-492,2718,1962,1523,1542,3710,1779,1413
479500,1,4308,-4069,794,2075,-1378,3201,2056,1301,-493,2718,1961,1518,1540,3710,1781,1412
479500,1,4306,-4070,796,2073,-1384,3203,2056,1300,-493,2718,1953,1524,1541,3709,1781,1415
479500,1,4306,-4069,795,2076,-1377,3203,2056,1304,-493,2719,1952,1518,1542,3711,1783,1413
479500,1,4308,-4071,796,2074,-1383,3203,2055,1299,-494,2718,1955,1520,1545,3708,1782,1416
479500,0,4308,-4071,796,2074,-1383,3203,2055,1299,-494,2718,1955,1520,1545,3708,1782,1416
479500,1,4310,-4066,795,2074,-1375,3202,2058,1299,-493,2716,1958,1523,1545,3711,1780,1412
479500,1,4309,-4066,792,2076,-1380,3205,2058,1303,-492,2719,1958,1519,1541,3711,1781,1412
479500,1,4309,-4068,794,2074,-1378,3201,2056,1299,-493,2716,1959,1520,1541,3709,1782,1413
479500,1,4306,-4069,793,2072,-1382,3204,2054,1301,-496,2719,1954,1523,1543,3712,1782,1414
479500,0,4306,-4069,793,2072,-1382,3204,2054,1301,-496,2719,1954,1523,1543,3712,1782,1414
479500,1,4307,-4067,797,2072,-1377,3200,2054,1299,-492,2717,1953,1518,1542,3710,1780,1415
479500,1,4307,-4067,796,2073,-1384,3203,2056,1301,-494,2719,1959,1522,1540,3707,1781,1414
479500,1,4308,-4066,793,2074,-1380,3200,2055,1301,-490,2719,1958,1523,1543,3711,1780,1416
479500,1,4309,-4066,791,2073,-1384,3202,2057,1300,-493,2718,1959,1519,1542,3711,1781,1414
479500,0,4309,-4066,791,2073,-1384,3202,2057,1300,-493,2718,1959,1519,1542,3711,1781,1414
479500,1,4305,-4068,795,2073,-1377,3200,2057,1301,-493,2717,1955,1519,1541,3708,1782,1413
479500,1,4308,-4070,792,2074,-1383,3204,2055,1300,-493,2717,1955,1521,1541,3711,1782,1413
479500,1,4307,-4065,793,2074,-1377,3198,2055,1302,-494,2720,1954,1519,1541,3709,1780,1414
479500,1,4307,-4066,792,2074,-1383,3204,2055,1299,-495,2715,1958,1522,1542,3711,1780,1413
479500,0,4307,-4066,792,2074,-1383,3204,2055,1299,-495,2715,1958,1522,1542,3711,1780,1413
479500,1,4308,-4066,796,2072,-1381,3202,2060,1301,-493,2719,1961,1519,1539,3710,1780,1415
479500,1,4309,-4068,796,2075,-1386,3197,2055,1301,-493,2717,1954,1519,1539,3710,1781,1414
479500,1,4307,-4066,793,2074,-1379,3202,2057,1299,-491,2718,1952,1522,1541,3713,1781,1414
479500,1,4307,-4067,794,2074,-1384,3200,2056,1300,-492,2721,1955,1517,1540,3712,1781,1413
479500,0,4307,-4067,794,2074,-1384,3200,2056,1300,-492,2721,1955,1517,1540,3712,1781,1413
479500,1,4308,-4065,794,2073,-1378,3205,2054,1302,-490,2720,1957,1519,1544,3711,1780,1415
479500,1,4305,-4065,794,2074,-1385,3199,2054,1299,-493,2717,1957,1523,1544,3711,1781,1413
479500,1,4308,-4068,795,2075,-1377,3202,2055,1300,-495,2717,1960,1520,1542,3709,1779,1414
479500,1,4309,-4067,794,2076,-1383,3200,2057,1301,-493,2718,1956,1524,1542,3707,1779,1415
479500,0,4309,-4067,794,2076,-1383,3200,2057,1301,-493,2718,1956,1524,1542,3707,1779,1415
479500,1,4306,-4068,793,2073,-1381,3202,2056,1300,-491,2719,1955,1520,1540,3713,1783,1413
479500,1,4305,-4065,794,2075,-1383,3200,2054,1302,-492,2718,1954,1518,1540,3712,1782,1413
479500,1,4306,-4069,793,2076,-1378,3202,2055,1304,-492,2718,1957,1523,1542,3711,1781,1414
479500,1,4307,-4068,792,2073,-1380,3203,2056,1301,-493,2718,1958,1521,1540,3710,1781,1414
479500,0,4307,-4068,792,2073,-1380,3203,2056,1301,-493,2718,1958,1521,1540,3710,1781,1414
479500,1,4307,-4068,793,2074,-1380,3198,2059,1302,-493,2718,1956,1520,1542,3711,1783,1414
479500,1,4308,-4069,796,2075,-1383,3201,2055,1300,-493,2717,1956,1525,1540,3708,1782,1415
479500,1,4310,-4068,792,2073,-1375,3201,2053,1304,-493,2717,1954,1520,1544,3711,1781,1413
479500,1,4307,-4072,796,2074,-1382,3202,2056,1301,-490,2718,1954,1520,1539,3712,1780,1414
479500,0,4307,-4072,796,2074,-1382,3202,2056,1301,-490,2718,1954,1520,1539,3712,1780,1414
479500,1,4304,-4069,795,2074,-1378,3199,2056,1300,-491,2721,1958,1523,1540,3709,1781,1415
479500,1,4309,-4066,793,2074,-1383,3200,2054,1300,-491,2718,1957,1523,1542,3709,1783,1415
479500,1,4308,-4066,796,2072,-1382,3202,2056,1301,-493,2716,1959,1523,1543,3711,1782,1412
479500,1,4307,-4069,793,2073,-1381,3203,2058,1300,-491,2718,1955,1524,1542,3711,1782,1413
479500,0,4307,-4069,793,2073,-1381,3203,2058,1300,-491,2718,1955,1524,1542,3711,1782,1413
479500,1,4308,-4066,795,2073,-1378,3202,2057,1302,-491,2717,1951,1518,1542,3710,1780,1414
479500,1,4309,-4070,793,2076,-1379,3199,2056,1304,-494,2718,1957,1522,1539,3707,1780,1415
479500,1,4306,-4066,795,2075,-1383,3203,2054,1301,-493,2721,1959,1523,1541,3712,1780,1412
479500,1,4308,-4066,796,2076,-1385,3200,2056,1301,-493,2716,1958,1520,1543,3710,1781,1415
479500,0,4308,-4066,796,2076,-1385,3200,2056,1301,-493,2716,1958,1520,1543,3710,1781,1415
479500,1,4308,-4066,795,2073,-1376,3201,2056,1302,-492,2718,1955,1523,1541,3711,1782,1414
479500,1,4309,-4065,795,2070,-1385,3202,2055,1301,-491,2720,1952,1524,1542,3711,1783,1413
479500,1,4310,-4066,791,2074,-1381,3198,2059,1301,-493,2720,1958,1519,1544,3712,1782,1414
479500,1,4308,-4066,795,2072,-1386,3203,2056,1301,-493,2718,1956,1519,1538,3711,1783,1413
479500,1,4308,-4068,793,2072,-1378,3200,2055,1302,-493,2719,1960,1524,1542,3711,1781,1414
479500,0,4308,-4068,793,2072,-1378,3200,2055,1302,-493,2719,1960,1524,1542,3711,1781,1414
479500,1,4309,-4068,791,2073,-1382,3203,2056,1301,-492,2718,1959,1520,1538,3711,1783,1413
479500,1,4305,-4067,792,2074,-1383,3201,2057,1302,-493,2716,1955,1522,1541,3709,1781,1413
479500,1,4307,-4066,795,2075,-1383,3202,2056,1299,-491,2718,1953,1520,1543,3709,1782,1413
479500,1,4307,-4067,796,2073,-1382,3199,2055,1302,-493,2717,1954,1523,1540,3708,1781,1414
479500,0,4307,-4067,796,2073,-1382,3199,2055,1302,-493,2717,1954,1523,1540,3708,1781,1414
479500,1,4305,-4068,792,2074,-1377,3199,2055,1301,-494,2719,1956,1524,1539,3710,1781,1413
479500,1,4307,-4068,793,2076,-1377,3203,2054,1298,-492,2717,1958,1519,1542,3711,1783,1415
479500,1,4307,-4066,793,2072,-1381,3198,2058,1298,-492,2717,1953,1518,1541,3710,1782,1413
479500,1,4307,-4065,797,2077,-1380,3201,2054,1300,-494,2717,1954,1524,1539,3711,1782,1415
479500,0,4307,-4065,797,2077,-1380,3201,2054,1300,-494,2717,1954,1524,1539,3711,1782,1415
479500,1,4309,-4068,794,2076,-1379,3199,2056,1300,-491,2718,1958,1520,1539,3712,1782,1414
479500,1,4307,-4068,796,2075,-1378,3205,2054,1302,-494,2718,1955,1518,1539,3709,1780,1416
479500,1,4305,-4067,793,2076,-1381,3201,2055,1299,-494,2717,1960,1521,1539,3710,1781,1415
479500,1,4306,-4066,794,2074,-1381,3203,2056,1299,-493,2718,1958,1519,1543,3710,1781,1414
479500,0,4306,-4066,794,2074,-1381,3203,2056,1299,-493,2718,1958,1519,1543,3710,1781,1414
479500,1,4309,-4067,794,2074,-1384,3199,2056,1300,-493,2719,1958,1524,1542,3710,1782,1414
479500,1,4308,-4068,794,2075,-1380,3203,2056,1302,-493,2718,1952,1522,1543,3709,1780,1415
479500,1,4307,-4065,793,2074,-1379,3203,2056,1299,-492,2720,1955,1518,1539,3710,1783,1415
479500,1,4309,-4067,793,2072,-1384,3199,2054,1301,-492,2717,1959,1525,1543,3712,1780,1414
479500,0,4309,-4067,793,2072,-1384,3199,2054,1301,-492,2717,1959,1525,1543,3712,1780,1414
479500,1,4307,-4065,793,2074,-1380,3203,2056,1300,-493,2718,1959,1518,1540,3712,1782,1414
479500,1,4308,-4066,794,2075,-1379,3200,2054,1301,-491,2720,1956,1519,1539,3710,1780,1414
479500,1,4307,-4064,791,2073,-1382,3203,2056,1300,-493,2718,1953,1526,1540,3711,1780,1413
479500,1,4307,-4065,795,2074,-1383,3198,2056,1299,-493,2715,1958,1521,1539,3710,1782,1414
479500,0,4307,-4065,795,2074,-1383,3198,2056,1299,-493,2715,1958,1521,1539,3710,1782,1414
479500,1,4306,-4066,795,2073,-1383,3203,2055,1301,-488,2716,1953,1518,1541,3710,1782,1416
479500,1,4308,-4067,794,2074,-1379,3200,2058,1303,-493,2717,1957,1524,1540,3708,1783,1414
479500,1,4307,-4068,792,2074,-1380,3203,2055,1300,-492,2718,1958,1521,1539,3710,1782,1416
479500,1,4306,-4065,793,2073,-1380,3201,2056,1302,-490,2717,1954,1524,1540,3709,1781,1413
479500,0,4306,-4065,793,2073,-1380,3201,2056,1302,-490,2717,1954,1524,1540,3709,1781,1413
479500,1,4305,-4065,794,2072,-1376,3203,2057,1301,-493,2718,1955,1523,1540,3709,1781,1413
479500,1,4307,-4067,795,2073,-1386,3203,2055,1300,-495,2717,1954,1518,1540,3711,1780,1413
479500,1,4308,-4066,793,2072,-1382,3199,2058,1302,-492,2717,1958,1523,1540,3711,1781,1415
479500,1,4308,-4068,791,2074,-1377,3204,2057,1300,-491,2718,1959,1521,1542,3711,1782,1415
479500,0,4308,-4068,791,2074,-1377,3204,2057,1300,-491,2718,1959,1521,1542,3711,1782,1415
479500,1,4309,-4066,794,2076,-1384,3201,2054,1300,-492,2721,1958,1518,1540,3710,1780,1412
479500,1,4310,-4069,795,2074,-1379,3203,2054,1297,-493,2718,1955,1521,1538,3712,1779,1415
479500,1,4308,-4067,793,2076,-1385,3199,2055,1301,-493,2717,1953,1524,1538,3713,1782,1413
479500,1,4307,-4068,792,2075,-1377,3203,2055,1301,-493,2718,1954,1518,1539,3711,1781,1413
479500,0,4307,-4068,792,2075,-1377,3203,2055,1301,-493,2718,1954,1518,1539,3711,1781,1413
479500,1,4306,-4068,793,2076,-1383,3197,2056,1299,-494,2717,1955,1519,1542,3711,1781,1414
479500,1,4306,-4067,793,2074,-1379,3199,2055,1301,-493,2721,1959,1522,1541,3708,1783,1416
479500,1,4307,-4068,795,2074,-1384,3200,2058,1297,-492,2718,1960,1522,1540,3710,1782,1411
479500,1,4306,-4069,794,2076,-1377,3202,2057,1299,-492,2714,1955,1522,1541,3712,1781,1416
479500,0,4306,-4069,794,2076,-1377,3202,2057,1299,-492,2714,1955,1522,1541,3712,1781,1416
479500,1,4305,-4068,791,2076,-1375,3203,2055,1301,-496,2720,1954,1519,1540,3710,1782,1415
479500,1,4306,-4068,796,2076,-1384,3199,2056,1298,-489,2716,1957,1520,1542,3709,1783,1415
479500,1,4306,-4067,794,2071,-1383,3200,2057,1299,-493,2717,1958,1523,1540,3711,1781,1414
479500,1,4307,-4068,796,2074,-1377,3203,2058,1302,-492,2718,1957,1518,1539,3706,1782,1415
479500,0,4307,-4068,796,2074,-1377,3203,2058,1302,-492,2718,1957,1518,1539,3706,1782,1415
479500,1,4307,-4068,795,2075,-1382,3201,2057,1302,-491,2721,1954,1520,1538,3712,1782,1417
479500,1,4307,-4066,793,2072,-1378,3202,2055,1296,-495,2716,1957,1523,1540,3710,1781,1414
479500,1,4307,-4067,795,2073,-1384,3202,2056,1299,-494,2717,1955,1522,1542,3706,1780,1414
479500,1,4307,-4067,795,2072,-1379,3203,2058,1301,-493,2718,1953,1518,1540,3711,1781,1415
479500,0,4307,-4067,795,2072,-1379,3203,2058,1301,-493,2718,1953,1518,1540,3711,1781,1415
479500,1,4311,-4067,792,2075,-1385,3200,2055,1301,-492,2717,1960,1518,1540,3710,1781,1416
479500,1,4308,-4066,792,2072,-1376,3201,2055,1303,-494,2717,1959,1521,1541,3710,1781,1414
479500,1,4309,-4068,797,2073,-1384,3199,2056,1299,-492,2718,1956,1520,1541,3708,1782,1416
479500,1,4306,-4067,795,2075,-1378,3201,2058,1300,-492,2717,1955,1521,1540,3711,1781,1415
479500,0,4306,-4067,795,2075,-1378,3201,2058,1300,-492,2717,1955,1521,1540,3711,1781,1415
479500,1,4306,-4068,793,2074,-1384,3204,2057,1301,-493,2717,1956,1518,1535,3712,1781,1414
479500,1,4307,-4067,794,2070,-1377,3201,2057,1300,-493,2718,1959,1523,1539,3712,1781,1416
479500,1,4308,-4064,795,2074,-1386,3205,2056,1301,-493,2719,1961,1522,1543,3711,1780,1416
479500,1,4308,-4070,793,2072,-1379,3200,2056,1298,-493,2720,1954,1519,1540,3709,1782,1416
479500,0,4308,-4070,793,2072,-1379,3200,2056,1298,-493,2720,1954,1519,1540,3709,1782,1416
479500,1,4308,-4068,796,2073,-1382,3202,2055,1301,-493,2719,1955,1522,1538,3711,1780,1416
479500,1,4308,-4067,793,2072,-1377,3199,2053,1300,-494,2717,1954,1521,1540,3713,1780,1416
479500,1,4308,-4067,795,2073,-1378,3204,2058,1298,-492,2719,1953,1519,1536,3710,1780,1416
479500,1,4307,-4064,793,2073,-1375,3200,2058,1301,-493,2719,1957,1524,1539,3710,1781,1416
479500,1,4305,-4069,793,2074,-1385,3201,2056,1299,-494,2717,1956,1518,1543,3713,1783,1416
479500,0,4305,-4069,793,2074,-1385,3201,2056,1299,-494,2717,1956,1518,1543,3713,1783,1416
479500,1,4307,-4065,791,2074,-1375,3198,2056,1298,-493,2719,1961,1520,1537,3712,1783,1417
479500,1,4307,-4065,795,2073,-1384,3202,2056,1302,-493,2718,1953,1523,1538,3710,1783,1416
479500,1,4306,-4067,794,2077,-1381,3203,2055,1299,-493,2719,1953,1518,1541,3713,1780,1415
479500,1,4308,-4067,795,2075,-1383,3200,2056,1302,-491,2718,1959,1521,1541,3714,1781,1415
479500,0,4308,-4067,795,2075,-1383,3200,2056,1302,-491,2718,1959,1521,1541,3714,1781,1415
479500,1,4307,-4069,796,2079,-1375,3204,2055,1302,-494,2718,1960,1523,1538,3709,1783,1418
479500,1,4307,-4069,793,2075,-1380,3199,2056,1302,-494,2718,1956,1519,1538,3710,1781,1418
479500,1,4307,-4068,794,2072,-1380,3204,2058,1301,-493,2717,1957,1521,1541,3709,1780,1415
479500,1,4310,-4069,795,2074,-1383,3199,2055,1298,-494,2717,1957,1520,1541,3711,1782,1415
479500,0,4310,-4069,795,2074,-1383,3199,2055,1298,-494,2717,1957,1520,1541,3711,1782,1415
479501,1,4306,-4066,793,2075,-1378,3202,2055,1302,-492,2717,1955,1520,1542,3711,1780,1418
479501,1,4306,-4065,793,2071,-1384,3201,2056,1299,-493,2720,1953,1523,1538,3709,1783,1417
479501,1,4307,-4066,794,2070,-1377,3202,2055,1302,-493,2716,1959,1522,1538,3708,1780,1416
479501,1,4307,-4065,797,2075,-1384,3199,2057,1300,-494,2718,1960,1520,1537,3713,1782,1415
479501,0,4307,-4065,797,2075,-1384,3199,2057,1300,-494,2718,1960,1520,1537,3713,1782,1415
479501,1,4309,-4066,795,2072,-1382,3201,2056,1298,-492,2718,1956,1521,1538,3709,1782,1414
479501,1,4307,-4067,793,2071,-1376,3204,2057,1304,-495,2717,1952,1519,1538,3711,1781,1415
479501,1,4307,-4067,795,2076,-1379,3199,2055,1301,-493,2720,1955,1519,1538,3711,1781,1415
479501,1,4308,-4069,794,2076,-1379,3202,2055,1299,-492,2716,1960,1524,1537,3710,1780,1415
479501,0,4308,-4069,794,2076,-1379,3202,2055,1299,-492,2716,1960,1524,1537,3710,1780,1415
479501,1,4307,-4066,793,2072,-1379,3201,2057,1300,-493,2718,1962,1520,1540,3708,1782,1416
479501,1,4307,-4066,796,2072,-1382,3202,2056,1303,-491,2715,1955,1518,1540,3709,1781,1416
479501,1,4310,-4066,794,2073,-1379,3199,2057,1301,-491,2718,1957,1523,1538,3711,1784,1418
479501,1,4306,-4066,794,2072,-1381,3203,2056,1297,-496,2718,1953,1520,1539,3710,1779,1419
479501,0,4306,-4066,794,2072,-1381,3203,2056,1297,-496,2718,1953,1520,1539,3710,1779,1419
479501,1,4305,-4063,793,2073,-1377,3202,2058,1303,-494,2714,1954,1523,1541,3711,1780,1414
479501,1,4309,-4066,793,2073,-1385,3201,2056,1299,-491,2721,1960,1522,1540,3711,1779,1416
479501,1,4310,-4066,790,2075,-1378,3201,2058,1301,-492,2716,1958,1519,1537,3711,1783,1416
479501,1,4309,-4065,778,2076,-1382,3199,2053,1300,-492,2719,1955,1524,1542,3708,1782,1417
479501,0,4309,-4065,778,2076,-1382,3199,2053,1300,-492,2719,1955,1524,1542,3708,1782,1417
479501,1,4310,-4065,769,2075,-1379,3202,2057,1300,-490,2719,1954,1520,1542,3711,1781,1416
479501,1,4311,-4065,758,2072,-1382,3202,2056,1299,-493,2718,1956,1519,1540,3712,1783,1417
479501,1,4313,-4065,753,2071,-1383,3199,2058,1302,-493,2717,1958,1524,1539,3712,1782,1415
479501,1,4314,-4065,743,2076,-1379,3205,2056,1299,-494,2718,1957,1518,1537,3711,1779,1417
479501,0,4314,-4065,743,2076,-1379,3205,2056,1299,-494,2718,1957,1518,1537,3711,1779,1417
479501,1,4314,-4063,741,2075,-1377,3201,2058,1302,-493,2718,1957,1518,1538,3708,1781,1417
479501,1,4314,-4065,736,2076,-1385,3204,2059,1300,-492,2719,1958,1524,1539,3711,1783,1416
479501,1,4317,-4066,734,2076,-1377,3201,2056,1299,-493,2718,1953,1518,1542,3711,1781,1417
479501,1,4317,-4065,733,2076,-1381,3205,2057,1302,-491,2718,1955,1523,1539,3711,1782,1415
479501,0,4317,-4065,733,2076,-1381,3205,2057,1302,-491,2718,1955,1523,1539,3711,1782,1415
479501,1,4317,-4064,731,2078,-1377,3200,2058,1302,-493,2719,1960,1518,1539,3709,1780,1416
479501,1,4317,-4063,731,2076,-1383,3204,2057,1302,-494,2720,1958,1519,1538,3707,1781,1418
479501,1,4316,-4065,727,2077,-1380,3202,2061,1305,-493,2721,1954,1524,1540,3712,1781,1417
479501,1,4318,-4066,727,2076,-1380,3202,2061,1301,-493,2722,1955,1519,1537,3713,1782,1419
479501,0,4318,-4066,727,2076,-1380,3202,2061,1301,-493,2722,1955,1519,1537,3713,1782,1419
479501,1,4318,-4063,725,2079,-1378,3206,2062,1302,-493,2719,1955,1520,1539,3710,1783,1418
479501,1,4317,-4065,724,2078,-1378,3200,2059,1301,-495,2718,1961,1522,1540,3710,1782,1420
479501,1,4317,-4065,724,2078,-1379,3205,2063,1302,-494,2719,1960,1520,1539,3710,1780,1418
479501,1,4317,-4063,726,2077,-1382,3201,2065,1299,-495,2723,1958,1517,1539,3710,1781,1417
479501,0,4317,-4063,726,2077,-1382,3201,2065,1299,-495,2723,1958,1517,1539,3710,1781,1417
479501,1,4316,-4064,724,2076,-1383,3206,2066,1302,-496,2722,1957,1523,1543,3709,1782,1418
479501,1,4317,-4064,724,2077,-1377,3202,2066,1300,-493,2721,1953,1520,1538,3711,1782,1417
479501,1,4318,-4064,723,2077,-1385,3209,2066,1301,-493,2722,1956,1526,1538,3709,1784,1417
479501,1,4317,-4063,722,2077,-1384,3202,2065,1304,-492,2719,1960,1522,1538,3710,1783,1416
479501,0,4317,-4063,722,2077,-1384,3202,2065,1304,-492,2719,1960,1522,1538,3710,1783,1416
479501,1,4317,-4064,723,2075,-1381,3203,2065,1301,-494,2724,1960,1521,1541,3714,1783,1419
479501,1,4316,-4063,722,2075,-1383,3206,2069,1302,-492,2722,1958,1522,1537,3710,1781,1418
479501,1,4316,-4064,721,2076,-1381,3201,2068,1304,-493,2721,1957,1517,1538,3710,1781,1418
479501,1,4317,-4061,723,2078,-1376,3207,2069,1302,-492,2720,1956,1519,1538,3710,1783,1419
479501,0,4317,-4061,723,2078,-1376,3207,2069,1302,-492,2720,1956,1519,1538,3710,1783,1419
479501,1,4318,-4062,721,2078,-1380,3203,2070,1302,-493,2725,1962,1521,1537,3708,1780,1416
479501,1,4317,-4062,720,2077,-1379,3205,2069,1301,-493,2723,1960,1522,1536,3712,1782,1419
479501,1,4317,-4062,720,2075,-1379,3204,2068,1304,-494,2720,1961,1518,1536,3709,1781,1419
479501,1,4319,-4061,720,2076,-1382,3206,2069,1300,-498,2721,1955,1525,1537,3714,1782,1420
479501,0,4319,-4061,720,2076,-1382,3206,2069,1300,-498,2721,1955,1525,1537,3714,1782,1420
479501,1,4317,-4064,720,2076,-1380,3201,2070,1303,-494,2721,1957,1518,1539,3710,1780,1418
479501,1,4317,-4060,718,2076,-1381,3206,2069,1302,-493,2722,1960,1523,1538,3711,1784,1420
479501,1,4315,-4062,720,2073,-1377,3202,2069,1300,-493,2723,1962,1519,1538,3710,1784,1418
479501,1,4317,-4062,719,2073,-1384,3204,2071,1305,-495,2719,1963,1518,1537,3711,1783,1417
479501,1,4316,-4059,719,2072,-1382,3206,2071,1305,-494,2724,1963,1523,1539,3711,1780,1420
479501,0,4316,-4059,719,2072,-1382,3206,2071,1305,-494,2724,1963,1523,1539,3711,1780,1420
479501,1,4316,-4064,716,2075,-1383,3203,2071,1303,-494,2723,1958,1520,1540,3709,1783,1416
479501,1,4317,-4063,718,2078,-1384,3206,2072,1304,-496,2722,1968,1520,1537,3709,1785,1420
479501,1,4320,-4060,718,2078,-1380,3203,2071,1303,-496,2720,1965,1523,1537,3712,1782,1417
479501,1,4315,-4063,717,2077,-1380,3205,2074,1305,-494,2721,1965,1521,1535,3710,1783,1418
479501,0,4315,-4063,717,2077,-1380,3205,2074,1305,-494,2721,1965,1521,1535,3710,1783,1418
479501,1,4317,-4062,715,2074,-1383,3205,2072,1301,-498,2722,1968,1520,1539,3711,1782,1419
479501,1,4316,-4065,717,2076,-1381,3203,2074,1304,-495,2720,1962,1523,1538,3711,1779,1418
479501,1,4314,-4062,715,2077,-1380,3205,2074,1300,-493,2722,1961,1519,1541,3712,1781,1418
479501,1,4319,-4061,719,2074,-1378,3201,2074,1300,-498,2719,1965,1520,1537,3709,1783,1419
479501,0,4319,-4061,719,2074,-1378,3201,2074,1300,-498,2719,1965,1520,1537,3709,1783,1419
479501,1,4314,-4062,717,2074,-1384,3208,2077,1301,-498,2724,1966,1522,1539,3708,1781,1419
479501,1,4318,-4062,716,2075,-1380,3203,2074,1300,-498,2723,1966,1518,1537,3711,1782,1419
479501,1,4314,-4062,716,2074,-1383,3205,2076,1303,-496,2722,1965,1522,1541,3711,1781,1418
479501,1,4317,-4066,717,2077,-1383,3201,2077,1303,-496,2723,1963,1522,1535,3710,1782,1419
479501,0,4317,-4066,717,2077,-1383,3201,2077,1303,-496,2723,1963,1522,1535,3710,1782,1419
479501,1,4318,-4059,712,2075,-1375,3205,2078,1303,-498,2722,1967,1518,1539,3712,1782,1419
479501,1,4317,-4065,716,2077,-1381,3205,2078,1300,-495,2722,1968,1520,1539,3711,1784,1418
479501,1,4318,-4062,714,2074,-1378,3204,2078,1304,-495,2721,1970,1521,1536,3709,1781,1418
479501,1,4317,-4064,712,2075,-1383,3205,2079,1304,-496,2720,1971,1518,1538,3709,1782,1418
479501,0,4317,-4064,712,2075,-1383,3205,2079,1304,-496,2720,1971,1518,1538,3709,1782,1418
479501,1,4318,-4065,715,2072,-1378,3206,2079,1301,-500,2720,1966,1520,1535,3707,1784,1418
479501,1,4317,-4062,714,2074,-1381,3206,2081,1305,-494,2722,1967,1519,1538,3711,1784,1419
479501,1,4317,-4062,716,2075,-1382,3205,2078,1306,-494,2722,1969,1522,1538,3713,1785,1419
479501,1,4317,-4063,713,2076,-1382,3207,2082,1304,-498,2722,1969,1522,1542,3710,1782,1419
479501,0,4317,-4063,713,2076,-1382,3207,2082,1304,-498,2722,1969,1522,1542,3710,1782,1419
479501,1,4315,-4064,713,2075,-1379,3205,2083,1307,-499,2723,1973,1521,1539,3711,1784,1417
479501,1,4317,-4065,713,2074,-1380,3206,2083,1301,-498,2723,1968,1521,1539,3708,1783,1419
479501,1,4316,-4064,714,2073,-1377,3202,2081,1304,-499,2722,1968,1523,1540,3712,1783,1420
479501,1,4317,-4062,715,2076,-1383,3201,2083,1306,-500,2722,1970,1523,1538,3710,1783,1421
479501,0,4317,-4062,715,2076,-1383,3201,2083,1306,-500,2722,1970,1523,1538,3710,1783,1421
479501,1,4318,-4062,714,2073,-1377,3206,2086,1308,-497,2724,1970,1519,1538,3708,1783,1421
479501,1,4317,-4063,715,2074,-1382,3208,2085,1305,-499,2722,1971,1524,1536,3711,1783,1418
479501,1,4319,-4061,714,2075,-1378,3201,2081,1302,-495,2723,1973,1520,1538,3712,1782,1421
479501,1,4319,-4060,714,2074,-1380,3205,2083,1305,-499,2722,1973,1518,1539,3710,1785,1418
479501,0,4319,-4060,714,2074,-1380,3205,2083,1305,-499,2722,1973,1518,1539,3710,1785,1418
479501,1,4320,-4061,712,2077,-1379,3208,2085,1306,-497,2721,1966,1521,1541,3707,1782,1423
479501,1,4319,-4062,712,2076,-1383,3204,2083,1304,-499,2720,1968,1518,1538,3711,1784,1419
479501,1,4318,-4065,713,2076,-1382,3205,2084,1307,-497,2723,1973,1522,1537,3711,1782,1418
479501,1,4319,-4060,714,2078,-1378,3204,2086,1304,-498,2724,1974,1520,1540,3709,1784,1420
479501,0,4319,-4060,714,2078,-1378,3204,2086,1304,-498,2724,1974,1520,1540,3709,1784,1420
479501,1,4314,-4059,712,2074,-1377,3206,2084,1309,-498,2719,1972,1518,1537,3710,1784,1419
479501,1,4319,-4061,713,2073,-1383,3202,2086,1304,-498,2722,1973,1521,1535,3712,1783,1422
479501,1,4318,-4062,712,2073,-1377,3206,2086,1306,-498,2721,1968,1523,1537,3709,1783,1420
479501,1,4318,-4064,713,2070,-1382,3206,2086,1307,-500,2723,1975,1518,1539,3710,1785,1420
479501,0,4318,-4064,713,2070,-1382,3206,2086,1307,-500,2723,1975,1518,1539,3710,1785,1420
479501,1,4318,-4062,710,2074,-1378,3206,2086,1308,-497,2724,1977,1522,1538,3711,1785,1419
479501,1,4318,-4063,712,2071,-1385,3205,2089,1304,-498,2724,1975,1524,1539,3712,1783,1422
479501,1,4317,-4063,714,2072,-1376,3204,2089,1305,-498,2721,1976,1520,1538,3712,1782,1420
479501,1,4318,-4061,713,2075,-1380,3202,2086,1307,-497,2722,1975,1524,1535,3711,1782,1421
479501,0,4318,-4061,713,2075,-1380,3202,2086,1307,-497,2722,1975,1524,1535,3711,1782,1421
479501,1,4318,-4059,712,2075,-1382,3206,2088,1309,-499,2722,1974,1518,1539,3709,1780,1419
479501,1,4318,-4063,712,2075,-1384,3203,2089,1310,-498,2722,1973,1521,1538,3710,1784,1419
479501,1,4317,-4066,711,2075,-1378,3203,2087,1307,-498,2725,1975,1523,1540,3710,1784,1421
479501,1,4316,-4062,711,2076,-1387,3205,2088,1309,-498,2722,1978,1519,1535,3708,1784,1420
479501,0,4316,-4062,711,2076,-1387,3205,2088,1309,-498,2722,1978,1519,1535,3708,1784,1420
479501,1,4316,-4063,708,2072,-1375,3202,2092,1308,-497,2721,1977,1520,1535,3710,1785,1422
479501,1,4317,-4062,707,2074,-1376,3207,2090,1308,-497,2722,1974,1523,1540,3710,1783,1421
479501,1,4319,-4060,710,2069,-1379,3204,2089,1307,-502,2722,1977,1520,1537,3708,1784,1421
479501,1,4317,-4059,706,2073,-1382,3205,2094,1308,-498,2721,1975,1521,1535,3710,1783,1422
479501,0,4317,-4059,706,2073,-1382,3205,2094,1308,-498,2721,1975,1521,1535,3710,1783,1422
479501,1,4320,-4061,707,2071,-1377,3202,2092,1306,-501,2724,1978,1522,1539,3709,1786,1423
479501,1,4316,-4065,706,2072,-1382,3206,2091,1307,-499,2720,1981,1522,1538,3712,1783,1423
479501,1,4318,-4063,703,2074,-1379,3203,2093,1307,-499,2720,1979,1525,1538,3709,1784,1421
479501,1,4317,-4061,705,2073,-1384,3206,2095,1308,-499,2721,1977,1521,1535,3712,1782,1423
479501,1,4318,-4062,706,2071,-1378,3205,2093,1306,-499,2721,1976,1520,1537,3711,1783,1420
479501,0,4318,-4062,706,2071,-1378,3205,2093,1306,-499,2721,1976,1520,1537,3711,1783,1420
479501,1,4320,-4062,703,2077,-1382,3203,2095,1310,-498,2723,1971,1526,1539,3709,1784,1420
479501,1,4316,-4060,704,2074,-1381,3206,2092,1307,-500,2724,1981,1520,1538,3710,1783,1421
479501,1,4318,-4061,704,2072,-1381,3204,2094,1309,-500,2724,1982,1519,1536,3711,1784,1421
479501,1,4317,-4063,704,2074,-1377,3204,2094,1307,-497,2723,1979,1525,1538,3714,1784,1420
479501,0,4317,-4063,704,2074,-1377,3204,2094,1307,-497,2723,1979,1525,1538,3714,1784,1420
479501,1,4318,-4062,701,2073,-1386,3203,2093,1309,-499,2726,1978,1522,1540,3711,1784,1420
479501,1,4317,-4062,704,2073,-1380,3205,2095,1308,-498,2724,1981,1519,1539,3711,1785,1423
479501,1,4317,-4061,701,2072,-1386,3205,2096,1309,-501,2720,1976,1523,1537,3712,1783,1420
479501,1,4316,-4060,699,2071,-1379,3207,2095,1307,-498,2721,1982,1524,1538,3708,1782,1421
479501,0,4316,-4060,699,2071,-1379,3207,2095,1307,-498,2721,1982,1524,1538,3708,1782,1421
479501,1,4316,-4063,702,2075,-1384,3207,2096,1307,-498,2724,1983,1523,1540,3713,1783,1423
479501,1,4316,-4058,702,2073,-1375,3203,2099,1309,-499,2719,1983,1521,1537,3710,1784,1423
479501,1,4319,-4060,704,2074,-1383,3208,2096,1309,-500,2722,1983,1517,1540,3710,1784,1421
479501,1,4320,-4061,701,2072,-1379,3206,2097,1309,-501,2725,1979,1522,1539,3712,1783,1422
479501,0,4320,-4061,701,2072,-1379,3206,2097,1309,-501,2725,1979,1522,1539,3712,1783,1422
479501,1,4318,-4061,701,2074,-1382,3206,2099,1306,-499,2723,1982,1525,1536,3712,1783,1422
479501,1,4318,-4061,700,2073,-1379,3205,2098,1307,-496,2723,1987,1518,1538,3711,1784,1421
479501,1,4319,-4062,703,2073,-1385,3205,2100,1307,-499,2718,1990,1522,1541,3710,1782,1420
479501,1,4318,-4062,702,2074,-1378,3211,2098,1309,-499,2721,1985,1524,1539,3712,1783,1419
479501,0,4318,-4062,702,2074,-1378,3211,2098,1309,-499,2721,1985,1524,1539,3712,1783,1419
479501,1,4318,-4064,702,2072,-1387,3203,2099,1307,-498,2722,1986,1520,1541,3711,1782,1423
479501,1,4318,-4060,702,2074,-1378,3208,2100,1306,-499,2722,1982,1522,1538,3711,1783,1421
479501,1,4319,-4063,699,2075,-1386,3206,2100,1312,-500,2722,1981,1523,1540,3709,1785,1422
479501,1,4318,-4062,699,2074,-1378,3207,2100,1307,-498,2725,1983,1520,1541,3709,1781,1419
479501,0,4318,-4062,699,2074,-1378,3207,2100,1307,-498,2725,1983,1520,1541,3709,1781,1419
479501,1,4317,-4062,701,2073,-1386,3206,2099,1312,-500,2721,1984,1523,1540,3711,1782,1422
479501,1,4317,-4059,702,2075,-1378,3208,2102,1307,-501,2719,1987,1521,1537,3709,1782,1421
479501,1,4316,-4061,701,2070,-1381,3206,2101,1308,-498,2723,1985,1523,1542,3711,1784,1422
479501,1,4318,-4060,702,2074,-1382,3205,2104,1309,-499,2724,1983,1526,1541,3711,1783,1422
479501,0,4318,-4060,702,2074,-1382,3205,2104,1309,-499,2724,1983,1526,1541,3711,1783,1422
479501,1,4317,-4062,702,2072,-1382,3206,2103,1309,-501,2725,1985,1523,1539,3712,1781,1422
479501,1,4321,-4057,701,2075,-1379,3205,2102,1308,-500,2724,1984,1521,1536,3709,1784,1420
479501,1,4318,-4058,702,2075,-1378,3205,2101,1309,-498,2724,1987,1524,1538,3710,1782,1423
479501,1,4318,-4061,699,2075,-1379,3203,2103,1311,-498,2723,1987,1524,1537,3712,1781,1420
479501,0,4318,-4061,699,2075,-1379,3203,2103,1311,-498,2723,1987,1524,1537,3712,1781,1420
479501,1,4320,-4061,701,2076,-1381,3206,2102,1307,-499,2720,1986,1521,1540,3709,1784,1423
479501,1,4320,-4063,698,2076,-1379,3204,2104,1310,-500,2724,1989,1521,1537,3711,1786,1421
479501,1,4320,-4061,701,2075,-1380,3206,2105,1312,-499,2722,1983,1521,1536,3711,1785,1422
479501,1,4317,-4061,699,2074,-1376,3207,2105,1309,-500,2725,1987,1522,1539,3711,1784,1422
479501,0,4317,-4061,699,2074,-1376,3207,2105,1309,-500,2725,1987,1522,1539,3711,1784,1422
479501,1,4317,-4063,701,2075,-1384,3207,2105,1312,-499,2723,1990,1526,1538,3712,1783,1423
479501,1,4319,-4061,703,2072,-1379,3205,2106,1307,-499,2724,1991,1520,1536,3711,1783,1420
479501,1,4319,-4059,702,2075,-1378,3206,2108,1314,-499,2725,1990,1525,1535,3712,1785,1423
479501,1,4318,-4059,700,2074,-1381,3205,2107,1312,-500,2722,1986,1525,1537,3713,1785,1423
479501,0,4318,-4059,700,2074,-1381,3205,2107,1312,-500,2722,1986,1525,1537,3713,1785,1423
479501,1,4320,-4058,700,2073,-1379,3206,2107,1314,-500,2721,1986,1520,1537,3711,1783,1423
479501,1,4319,-4063,698,2073,-1381,3203,2106,1307,-499,2721,1991,1527,1539,3707,1784,1423
479501,1,4319,-4062,698,2077,-1378,3204,2107,1313,-502,2724,1991,1526,1539,3710,1783,1424
479501,1,4320,-4059,698,2074,-1379,3203,2109,1306,-499,2721,1993,1522,1535,3709,1783,1422
479501,0,4320,-4059,698,2074,-1379,3203,2109,1306,-499,2721,1993,1522,1535,3709,1783,1422
479501,1,4318,-4062,698,2074,-1378,3207,2113,1310,-499,2723,1994,1526,1538,3711,1781,1423
479501,1,4320,-4062,697,2076,-1385,3202,2109,1313,-499,2722,1990,1524,1539,3708,1785,1422
479501,1,4319,-4061,696,2075,-1379,3207,2111,1311,-500,2723,1990,1523,1538,3709,1785,1421
479501,1,4318,-4058,698,2074,-1381,3206,2109,1315,-499,2723,1989,1526,1540,3709,1784,1422
479501,0,4318,-4058,698,2074,-1381,3206,2109,1315,-499,2723,1989,1526,1540,3709,1784,1422
479501,1,4316,-4062,698,2074,-1377,3202,2111,1311,-501,2725,1994,1521,1537,3712,1781,1420
479501,1,4319,-4062,697,2072,-1384,3207,2111,1311,-497,2723,1995,1523,1538,3713,1784,1423
479501,1,4321,-4063,698,2071,-1378,3205,2113,1314,-498,2723,1993,1527,1539,3710,1783,1420
479501,1,4317,-4061,697,2072,-1381,3206,2113,1315,-501,2722,1993,1524,1537,3710,1784,1424
479501,0,4317,-4061,697,2072,-1381,3206,2113,1315,-501,2722,1993,1524,1537,3710,1784,1424
479501,1,4317,-4062,701,2072,-1378,3207,2111,1312,-499,2726,1993,1523,1539,3711,1786,1423
479501,1,4318,-4061,698,2073,-1383,3206,2112,1311,-500,2722,1992,1527,1537,3711,1785,1422
479501,1,4318,-4063,697,2075,-1377,3202,2113,1311,-501,2723,1992,1525,1538,3711,1782,1423
479501,1,4317,-4061,695,2073,-1384,3206,2114,1312,-501,2723,1997,1527,1537,3710,1782,1423
479501,0,4317,-4061,695,2073,-1384,3206,2114,1312,-501,2723,1997,1527,1537,3710,1782,1423
479501,1,4318,-4062,698,2077,-1382,3203,2115,1314,-501,2724,1998,1526,1538,3713,1782,1422
479501,1,4321,-4065,695,2078,-1381,3206,2114,1313,-499,2725,1995,1520,1536,3712,1783,1423
479501,1,4320,-4062,694,2076,-1378,3203,2115,1316,-501,2722,1994,1527,1534,3713,1785,1422
479501,1,4319,-4062,696,2075,-1383,3203,2115,1315,-497,2725,1993,1527,1542,3711,1785,1423
479501,1,4321,-4059,696,2075,-1379,3207,2115,1313,-500,2721,1996,1523,1538,3712,1782,1422
479501,0,4321,-4059,696,2075,-1379,3207,2115,1313,-500,2721,1996,1523,1538,3712,1782,1422
479501,1,4319,-4063,696,2071,-1380,3206,2115,1315,-499,2722,1998,1524,1538,3708,1782,1422
479501,1,4317,-4060,695,2074,-1379,3204,2113,1314,-500,2725,1997,1527,1539,3712,1784,1424
479502,1,4319,-4060,694,2072,-1380,3207,2114,1313,-501,2721,1999,1525,1540,3712,1782,1424
479502,1,4318,-4057,694,2072,-1377,3206,2114,1313,-499,2721,1998,1523,1540,3711,1784,1424
479502,0,4318,-4057,694,2072,-1377,3206,2114,1313,-499,2721,1998,1523,1540,3711,1784,1424
479502,1,4319,-4058,697,2073,-1381,3208,2114,1314,-496,2721,1996,1526,1539,3713,1784,1423
479502,1,4318,-4059,692,2072,-1377,3204,2116,1315,-498,2722,1996,1525,1539,3712,1783,1423
479502,1,4317,-4062,696,2074,-1384,3208,2117,1315,-498,2722,1997,1526,1536,3711,1783,1424
479502,1,4319,-4060,695,2073,-1377,3203,2115,1318,-498,2722,1999,1523,1539,3713,1784,1420
479502,0,4319,-4060,695,2073,-1377,3203,2115,1318,-498,2722,1999,1523,1539,3713,1784,1420
479502,1,4318,-4062,696,2072,-1383,3204,2116,1315,-498,2725,2003,1526,1539,3712,1783,1424
479502,1,4319,-4059,694,2074,-1380,3209,2118,1318,-497,2721,1993,1529,1540,3709,1784,1423
479502,1,4318,-4060,693,2072,-1378,3205,2118,1313,-500,2723,1997,1525,1535,3712,1785,1424
479502,1,4321,-4058,693,2072,-1381,3207,2117,1320,-500,2722,2000,1526,1535,3712,1784,1424
479502,0,4321,-4058,693,2072,-1381,3207,2117,1320,-500,2722,2000,1526,1535,3712,1784,1424
479502,1,4321,-4062,695,2072,-1378,3204,2118,1318,-499,2723,2001,1529,1538,3708,1783,1422
479502,1,4320,-4063,697,2074,-1378,3204,2116,1317,-500,2719,2000,1528,1539,3709,1784,1421
479502,1,4318,-4063,697,2072,-1383,3205,2118,1314,-498,2724,2000,1523,1537,3713,1786,1423
479502,1,4319,-4062,696,2073,-1381,3206,2117,1316,-498,2723,1997,1530,1539,3712,1781,1425
479502,0,4319,-4062,696,2073,-1381,3206,2117,1316,-498,2723,1997,1530,1539,3712,1781,1425
479502,1,4322,-4060,694,2074,-1383,3205,2119,1317,-501,2722,1996,1525,1537,3713,1786,1425
479502,1,4320,-4059,696,2072,-1377,3202,2120,1316,-500,2725,1999,1528,1538,3710,1783,1423
479502,1,4319,-4062,692,2072,-1381,3209,2119,1320,-497,2721,2003,1529,1537,3711,1784,1421
479502,1,4320,-4058,695,2072,-1377,3206,2117,1319,-502,2722,2004,1526,1536,3712,1784,1423
479502,0,4320,-4058,695,2072,-1377,3206,2117,1319,-502,2722,2004,1526,1536,3712,1784,1423
479502,1,4320,-4064,694,2071,-1380,3205,2120,1319,-500,2723,2000,1526,1538,3711,1782,1424
479502,1,4320,-4060,694,2076,-1382,3205,2119,1315,-500,2723,1998,1529,1537,3712,1785,1424
479502,1,4319,-4060,693,2074,-1376,3202,2121,1319,-499,2724,2000,1527,1538,3712,1785,1423
479502,1,4320,-4062,692,2072,-1380,3206,2120,1321,-501,2724,2003,1526,1535,3712,1783,1422
479502,0,4320,-4062,692,2072,-1380,3206,2120,1321,-501,2724,2003,1526,1535,3712,1783,1422
479502,1,4321,-4062,694,2072,-1380,3205,2119,1320,-502,2721,2000,1530,1538,3711,1782,1423
479502,1,4318,-4059,694,2075,-1380,3206,2119,1317,-499,2722,2002,1526,1539,3710,1783,1425
479502,1,4319,-4060,693,2072,-1377,3201,2121,1321,-501,2724,2004,1527,1537,3710,1784,1424
479502,1,4319,-4062,695,2075,-1378,3204,2121,1320,-497,2722,2000,1526,1539,3714,1783,1424
479502,0,4319,-4062,695,2075,-1378,3204,2121,1320,-497,2722,2000,1526,1539,3714,1783,1424
479502,1,4319,-4063,693,2069,-1384,3205,2122,1319,-500,2722,2004,1528,1536,3710,1782,1422
479502,1,4320,-4060,692,2074,-1382,3202,2120,1319,-499,2723,2006,1531,1537,3708,1786,1423
479502,1,4319,-4059,691,2072,-1382,3202,2121,1317,-499,2724,2005,1527,1539,3710,1782,1424
479502,1,4318,-4063,694,2072,-1384,3206,2123,1321,-500,2721,2006,1527,1535,3712,1784,1424
479502,0,4318,-4063,694,2072,-1384,3206,2123,1321,-500,2721,2006,1527,1535,3712,1784,1424
479502,1,4317,-4062,692,2074,-1377,3202,2120,1320,-500,2724,2001,1531,1536,3714,1785,1425
479502,1,4318,-4060,692,2072,-1383,3208,2120,1320,-502,2721,2002,1526,1537,3710,1783,1425
479502,1,4317,-4059,694,2076,-1377,3206,2120,1319,-501,2723,2003,1526,1537,3712,1784,1426
479502,1,4319,-4060,692,2071,-1380,3204,2120,1322,-500,2720,2001,1533,1537,3711,1784,1423
479502,0,4319,-4060,692,2071,-1380,3204,2120,1322,-500,2720,2001,1533,1537,3711,1784,1423
479502,1,4321,-4061,696,2072,-1377,3200,2122,1322,-500,2720,2008,1528,1539,3711,1781,1422
479502,1,4319,-4061,694,2069,-1383,3207,2122,1321,-500,2720,2006,1531,1536,3711,1784,1424
479502,1,4318,-4060,691,2070,-1378,3203,2123,1323,-500,2722,2006,1527,1538,3710,1784,1425
479502,1,4319,-4062,692,2069,-1383,3206,2121,1323,-500,2723,2006,1528,1538,3709,1783,1423
479502,0,4319,-4062,692,2069,-1383,3206,2121,1323,-500,2723,2006,1528,1538,3709,1783,1423
479502,1,4320,-4060,692,2070,-1379,3206,2121,1321,-497,2721,2001,1531,1538,3710,1781,1425
479502,1,4319,-4063,694,2070,-1381,3206,2121,1321,-500,2724,2004,1530,1536,3710,1781,1423
479502,1,4320,-4059,691,2070,-1380,3204,2121,1324,-497,2724,2007,1528,1535,3709,1783,1422
479502,1,4320,-4058,693,2074,-1382,3206,2117,1321,-499,2721,2004,1533,1538,3713,1783,1427
479502,0,4320,-4058,693,2074,-1382,3206,2117,1321,-499,2721,2004,1533,1538,3713,1783,1427
479502,1,4319,-4060,694,2072,-1377,3203,2119,1322,-500,2724,2005,1534,1537,3710,1783,1425
479502,1,4319,-4057,693,2071,-1384,3208,2120,1323,-498,2723,2004,1528,1535,3709,1783,1427
479502,1,4321,-4060,692,2072,-1380,3202,2119,1323,-500,2724,2005,1530,1537,3710,1784,1425
479502,1,4320,-4060,692,2070,-1383,3207,2121,1321,-500,2725,2003,1533,1536,3710,1780,1424
479502,0,4320,-4060,692,2070,-1383,3207,2121,1321,-500,2725,2003,1533,1536,3710,1780,1424
479502,1,4318,-4060,691,2070,-1377,3204,2121,1320,-501,2722,2004,1533,1537,3711,1784,1424
479502,1,4319,-4059,692,2071,-1386,3208,2120,1323,-500,2719,2008,1534,1542,3711,1786,1424
479502,1,4319,-4061,690,2069,-1376,3204,2121,1324,-500,2719,2008,1529,1535,3709,1786,1424
479502,1,4320,-4060,691,2070,-1384,3205,2120,1322,-499,2722,2007,1532,1533,3710,1786,1424
479502,0,4320,-4060,691,2070,-1384,3205,2120,1322,-499,2722,2007,1532,1533,3710,1786,1424
479502,1,4318,-4060,691,2070,-1377,3206,2123,1324,-500,2722,2002,1531,1537,3709,1787,1423
479502,1,4323,-4061,693,2073,-1379,3203,2121,1326,-498,2722,2005,1529,1539,3712,1784,1424
479502,1,4321,-4061,692,2073,-1377,3206,2121,1323,-500,2723,2009,1531,1535,3713,1783,1424
479502,1,4319,-4060,691,2070,-1383,3204,2124,1325,-499,2721,2012,1533,1536,3711,1782,1424
479502,1,4320,-4060,692,2071,-1382,3206,2122,1323,-501,2723,2007,1531,1536,3712,1785,1423
479502,0,4320,-4060,692,2071,-1382,3206,2122,1323,-501,2723,2007,1531,1536,3712,1785,1423
479502,1,4318,-4063,691,2073,-1380,3207,2120,1326,-500,2723,2010,1530,1538,3709,1785,1426
479502,1,4320,-4061,694,2072,-1375,3202,2123,1326,-497,2723,2009,1535,1538,3712,1783,1425
479502,1,4319,-4062,694,2072,-1384,3207,2122,1326,-500,2722,2007,1529,1538,3710,1785,1425
479502,1,4317,-4060,693,2073,-1379,3203,2120,1324,-500,2725,2007,1532,1537,3712,1784,1425
479502,0,4317,-4060,693,2073,-1379,3203,2120,1324,-500,2725,2007,1532,1537,3712,1784,1425
479502,1,4320,-4061,691,2073,-1381,3208,2123,1325,-501,2723,2011,1531,1536,3710,1783,1424
479502,1,4316,-4062,693,2073,-1377,3201,2124,1325,-499,2723,2011,1529,1537,3711,1782,1425
479502,1,4321,-4060,692,2072,-1386,3203,2124,1325,-499,2722,2010,1532,1537,3711,1784,1422
479502,1,4322,-4063,692,2074,-1384,3206,2124,1326,-498,2721,2008,1532,1536,3711,1785,1425
479502,0,4322,-4063,692,2074,-1384,3206,2124,1326,-498,2721,2008,1532,1536,3711,1785,1425
479502,1,4320,-4061,691,2071,-1379,3202,2122,1326,-500,2723,2008,1531,1535,3710,1781,1426
479502,1,4323,-4065,692,2070,-1382,3208,2122,1326,-500,2722,2010,1531,1537,3713,1782,1427
479502,1,4320,-4059,691,2070,-1381,3205,2124,1326,-499,2724,2011,1531,1536,3712,1786,1424
479502,1,4318,-4059,692,2073,-1380,3204,2121,1325,-501,2721,2011,1529,1539,3711,1783,1424
479502,0,4318,-4059,692,2073,-1380,3204,2121,1325,-501,2721,2011,1529,1539,3711,1783,1424
479502,1,4320,-4061,689,2073,-1381,3205,2122,1325,-501,2722,2012,1531,1537,3711,1785,1425
479502,1,4319,-4063,691,2069,-1378,3208,2123,1326,-498,2724,2013,1528,1535,3710,1785,1424
479502,1,4322,-4060,691,2073,-1378,3209,2123,1323,-500,2721,2006,1532,1537,3710,1783,1424
479502,1,4321,-4062,692,2072,-1380,3205,2122,1327,-498,2724,2011,1534,1540,3707,1782,1425
479502,0,4321,-4062,692,2072,-1380,3205,2122,1327,-498,2724,2011,1534,1540,3707,1782,1425
479502,1,4321,-4058,690,2073,-1380,3208,2125,1327,-500,2722,2010,1527,1537,3712,1785,1424
479502,1,4319,-4060,691,2072,-1384,3205,2122,1323,-500,2723,2012,1530,1537,3715,1783,1424
479502,1,4318,-4062,690,2071,-1377,3201,2124,1330,-501,2725,2013,1532,1540,3713,1784,1424
479502,1,4317,-4058,690,2073,-1382,3208,2127,1327,-503,2723,2008,1530,1539,3709,1783,1423
479502,0,4317,-4058,690,2073,-1382,3208,2127,1327,-503,2723,2008,1530,1539,3709,1783,1423
479502,1,4321,-4060,690,2070,-1381,3204,2124,1327,-501,2720,2008,1529,1536,3711,1783,1426
479502,1,4321,-4058,692,2068,-1385,3207,2125,1326,-499,2722,2010,1533,1538,3711,1784,1426
479502,1,4318,-4060,692,2069,-1377,3204,2125,1328,-500,2722,2008,1531,1538,3712,1784,1425
479502,1,4322,-4062,691,2072,-1383,3205,2125,1325,-500,2719,2012,1528,1538,3711,1785,1423
479502,0,4322,-4062,691,2072,-1383,3205,2125,1325,-500,2719,2012,1528,1538,3711,1785,1423
479502,1,4320,-4060,691,2069,-1376,3203,2125,1327,-500,2726,2011,1531,1540,3710,1785,1427
479502,1,4319,-4060,690,2074,-1384,3207,2127,1328,-496,2722,2012,1532,1537,3711,1785,1426
479502,1,4319,-4061,690,2072,-1378,3204,2125,1328,-500,2723,2013,1533,1535,3710,1782,1425
479502,1,4321,-4062,690,2071,-1381,3206,2125,1329,-500,2725,2012,1533,1536,3712,1784,1426
479502,0,4321,-4062,690,2071,-1381,3206,2125,1329,-500,2725,2012,1533,1536,3712,1784,1426
479502,1,4318,-4061,691,2072,-1379,3202,2125,1327,-502,2723,2014,1532,1534,3707,1785,1424
479502,1,4318,-4059,690,2071,-1383,3206,2127,1328,-501,2722,2014,1536,1534,3712,1785,1424
479502,1,4319,-4060,692,2072,-1378,3206,2125,1327,-502,2724,2013,1533,1538,3711,1781,1426
479502,1,4318,-4063,690,2070,-1381,3208,2125,1328,-500,2724,2015,1529,1536,3712,1784,1425
479502,0,4318,-4063,690,2070,-1381,3208,2125,1328,-500,2724,2015,1529,1536,3712,1784,1425
479502,1,4320,-4061,690,2071,-1376,3204,2127,1326,-500,2722,2010,1532,1535,3710,1783,1424
479502,1,4323,-4063,689,2072,-1383,3206,2128,1329,-499,2723,2012,1536,1537,3712,1786,1425
479502,1,4320,-4063,688,2070,-1379,3201,2126,1327,-498,2723,2013,1531,1535,3710,1785,1424
479502,1,4320,-4059,691,2072,-1382,3206,2128,1330,-500,2721,2009,1537,1537,3709,1783,1423
479502,0,4320,-4059,691,2072,-1382,3206,2128,1330,-500,2721,2009,1537,1537,3709,1783,1423
479502,1,4323,-4060,689,2071,-1377,3202,2129,1329,-501,2725,2017,1533,1539,3712,1785,1425
479502,1,4322,-4062,690,2072,-1382,3206,2130,1326,-500,2722,2011,1534,1538,3712,1782,1425
479502,1,4319,-4061,691,2071,-1379,3205,2128,1331,-501,2724,2015,1536,1537,3712,1782,1425
479502,1,4319,-4060,689,2070,-1379,3207,2127,1327,-501,2723,2011,1533,1538,3712,1785,1424
479502,0,4319,-4060,689,2070,-1379,3207,2127,1327,-501,2723,2011,1533,1538,3712,1785,1424
479502,1,4323,-4062,688,2073,-1377,3205,2130,1327,-501,2722,2011,1535,1536,3711,1786,1425
479502,1,4319,-4062,689,2071,-1382,3205,2130,1329,-501,2720,2018,1537,1539,3712,1786,1423
479502,1,4321,-4063,689,2072,-1382,3202,2128,1328,-500,2723,2017,1533,1537,3707,1783,1426
479502,1,4319,-4059,687,2071,-1377,3209,2130,1326,-498,2721,2018,1534,1535,3711,1785,1424
479502,0,4319,-4059,687,2071,-1377,3209,2130,1326,-498,2721,2018,1534,1535,3711,1785,1424
479502,1,4322,-4058,688,2072,-1380,3206,2129,1327,-499,2723,2016,1533,1538,3711,1783,1423
479502,1,4319,-4062,688,2070,-1381,3203,2127,1327,-501,2722,2011,1534,1535,3711,1785,1424
479502,1,4321,-4063,683,2072,-1380,3204,2126,1329,-501,2721,2007,1534,1535,3712,1782,1424
479502,1,4323,-4062,678,2070,-1380,3202,2128,1328,-499,2718,2004,1535,1535,3708,1784,1423
479502,0,4323,-4062,678,2070,-1380,3202,2128,1328,-499,2718,2004,1535,1535,3708,1784,1423
479502,1,4327,-4062,672,2072,-1377,3201,2126,1330,-499,2718,2000,1538,1536,3707,1785,1426
479502,1,4328,-4061,668,2072,-1381,3198,2128,1332,-499,2717,1998,1540,1535,3704,1783,1425
479502,1,4327,-4061,670,2071,-1378,3197,2125,1331,-498,2716,1995,1537,1536,3707,1783,1425
479502,1,4327,-4060,670,2069,-1378,3195,2123,1330,-496,2714,1990,1540,1537,3707,1784,1425
479502,1,4325,-4061,669,2074,-1380,3194,2123,1331,-497,2713,1994,1538,1537,3704,1784,1424
479502,0,4325,-4061,669,2074,-1380,3194,2123,1331,-497,2713,1994,1538,1537,3704,1784,1424
479502,1,4325,-4059,669,2075,-1379,3193,2124,1332,-496,2715,1996,1539,1535,3708,1783,1426
479502,1,4327,-4063,669,2074,-1381,3192,2123,1332,-497,2710,1995,1537,1537,3704,1782,1424
479502,1,4327,-4063,669,2072,-1379,3194,2122,1332,-497,2713,1993,1540,1535,3706,1784,1427
479502,1,4326,-4059,670,2074,-1380,3194,2123,1333,-498,2711,1994,1539,1535,3706,1784,1423
479502,0,4326,-4059,670,2074,-1380,3194,2123,1333,-498,2711,1994,1539,1535,3706,1784,1423
479502,1,4327,-4062,669,2071,-1378,3193,2121,1332,-496,2713,1993,1541,1537,3705,1785,1423
479502,1,4328,-4060,670,2072,-1381,3194,2123,1332,-498,2708,1995,1541,1538,3704,1784,1423
479502,1,4326,-4062,670,2067,-1381,3194,2122,1332,-498,2709,1996,1539,1537,3702,1782,1425
479502,1,4326,-4061,669,2071,-1378,3191,2121,1334,-498,2709,1994,1539,1534,3704,1785,1424
479502,0,4326,-4061,669,2071,-1378,3191,2121,1334,-498,2709,1994,1539,1534,3704,1785,1424
479502,1,4325,-4061,668,2069,-1378,3194,2123,1333,-496,2710,1995,1539,1539,3704,1785,1423
479502,1,4328,-4061,672,2069,-1380,3193,2125,1333,-497,2710,1997,1539,1535,3706,1786,1425
479502,1,4326,-4061,676,2072,-1379,3196,2121,1333,-498,2709,1995,1542,1535,3704,1784,1425
479502,1,4328,-4063,680,2070,-1379,3192,2122,1330,-494,2708,1997,1539,1536,3705,1784,1424
479502,0,4328,-4063,680,2070,-1379,3192,2122,1330,-494,2708,1997,1539,1536,3705,1784,1424
479502,1,4325,-4061,684,2071,-1378,3193,2124,1332,-497,2708,1994,1540,1536,3706,1783,1425
479502,1,4326,-4063,685,2070,-1380,3193,2121,1335,-497,2708,1995,1538,1535,3704,1784,1424
479502,1,4325,-4066,692,2069,-1381,3195,2122,1334,-498,2709,1998,1541,1536,3704,1785,1425
479502,1,4327,-4068,700,2068,-1382,3192,2122,1336,-496,2707,2001,1543,1535,3704,1784,1425
479502,0,4327,-4068,700,2068,-1382,3192,2122,1336,-496,2707,2001,1543,1535,3704,1784,1425
479502,1,4328,-4066,705,2068,-1381,3192,2122,1335,-497,2707,1999,1544,1536,3705,1785,1428
479502,1,4328,-4067,712,2065,-1379,3193,2124,1336,-499,2707,2002,1545,1536,3705,1784,1426
479502,1,4327,-4069,717,2065,-1382,3192,2120,1338,-498,2707,2002,1547,1537,3702,1784,1427
479502,1,4326,-4071,725,2067,-1381,3194,2124,1338,-497,2706,2004,1547,1536,3705,1783,1423
479502,0,4326,-4071,725,2067,-1381,3194,2124,1338,-497,2706,2004,1547,1536,3705,1783,1423
479502,1,4326,-4071,727,2066,-1377,3193,2126,1338,-495,2705,2004,1545,1535,3703,1785,1424
479502,1,4329,-4071,729,2062,-1382,3191,2126,1338,-497,2706,2004,1545,1538,3704,1782,1424
479502,1,4329,-4072,730,2062,-1379,3194,2127,1337,-498,2706,2002,1548,1535,3705,1785,1425
479502,1,4328,-4069,729,2062,-1380,3192,2128,1338,-497,2706,2006,1547,1538,3707,1784,1427
479502,0,4328,-4069,729,2062,-1380,3192,2128,1338,-497,2706,2006,1547,1538,3707,1784,1427
479502,1,4328,-4073,731,2061,-1379,3191,2129,1339,-499,2704,2004,1547,1535,3706,1785,1425
479502,1,4329,-4070,731,2061,-1382,3193,2127,1341,-497,2706,2005,1548,1536,3704,1786,1426
479502,1,4330,-4074,732,2061,-1377,3190,2128,1338,-500,2703,2009,1548,1535,3706,1783,1425
479502,1,4328,-4071,735,2062,-1381,3190,2128,1341,-498,2702,2008,1550,1534,3705,1781,1425
479502,0,4328,-4071,735,2062,-1381,3190,2128,1341,-498,2702,2008,1550,1534,3705,1781,1425
479502,1,4327,-4071,735,2064,-1377,3193,2129,1340,-498,2704,2010,1554,1537,3705,1782,1425
479502,1,4329,-4071,736,2062,-1382,3194,2126,1339,-498,2704,2007,1552,1538,3708,1781,1424
479502,1,4331,-4072,739,2062,-1379,3192,2129,1339,-500,2702,2012,1553,1534,3707,1784,1424
479502,1,4326,-4073,735,2063,-1382,3194,2130,1340,-499,2702,2007,1553,1534,3707,1782,1425
479502,0,4326,-4073,735,2063,-1382,3194,2130,1340,-499,2702,2007,1553,1534,3707,1782,1425
479502,1,4327,-4069,739,2063,-1380,3192,2131,1339,-499,2703,2009,1557,1537,3707,1785,1424
479502,1,4325,-4071,739,2063,-1381,3192,2131,1341,-499,2706,2011,1555,1537,3707,1783,1427
479502,1,4326,-4073,738,2063,-1378,3194,2132,1341,-498,2702,2006,1554,1536,3706,1784,1425
479502,1,4329,-4074,738,2062,-1384,3190,2128,1340,-498,2703,2014,1558,1536,3707,1785,1425
479502,0,4329,-4074,738,2062,-1384,3190,2128,1340,-498,2703,2014,1558,1536,3707,1785,1425
479502,1,4325,-4071,738,2065,-1379,3192,2130,1340,-498,2704,2015,1557,1535,3706,1782,1423
479502,1,4326,-4073,738,2064,-1382,3191,2135,1343,-500,2704,2011,1560,1533,3710,1784,1424
479502,1,4326,-4072,739,2064,-1379,3191,2132,1339,-498,2701,2011,1557,1538,3706,1785,1424
479502,1,4328,-4074,741,2063,-1386,3193,2135,1342,-499,2704,2010,1557,1536,3708,1784,1425
479502,0,4328,-4074,741,2063,-1386,3193,2135,1342,-499,2704,2010,1557,1536,3708,1784,1425
479502,1,4329,-4072,741,2065,-1378,3193,2134,1340,-499,2703,2015,1559,1534,3707,1785,1425
479502,1,4326,-4072,738,2064,-1378,3187,2133,1342,-498,2701,2018,1558,1537,3706,1784,1426
479502,1,4328,-4071,738,2065,-1378,3195,2134,1343,-499,2702,2016,1558,1535,3707,1786,1423
479502,1,4326,-4069,737,2064,-1376,3187,2134,1343,-500,2703,2013,1561,1537,3706,1784,1426
479502,0,4326,-4069,737,2064,-1376,3187,2134,1343,-500,2703,2013,1561,1537,3706,1784,1426
479502,1,4325,-4072,739,2063,-1381,3193,2135,1340,-496,2701,2011,1561,1534,3707,1781,1425
479502,1,4326,-4072,738,2063,-1380,3189,2138,1343,-500,2704,2015,1561,1534,3709,1783,1426
479502,1,4330,-4071,738,2067,-1385,3189,2137,1346,-500,2704,2013,1561,1535,3706,1786,1424
479502,1,4329,-4073,739,2064,-1380,3190,2135,1345,-501,2700,2018,1560,1535,3710,1784,1423
479502,0,4329,-4073,739,2064,-1380,3190,2135,1345,-501,2700,2018,1560,1535,3710,1784,1423
479502,1,4325,-4070,741,2062,-1380,3192,2136,1345,-500,2703,2020,1560,1532,3711,1784,1425
479502,1,4328,-4073,740,2064,-1382,3190,2137,1341,-500,2703,2016,1564,1535,3710,1784,1425
479502,1,4324,-4073,741,2064,-1382,3188,2138,1343,-499,2701,2018,1564,1534,3710,1785,1424
479502,1,4329,-4072,744,2065,-1380,3189,2137,1342,-498,2699,2018,1560,1537,3708,1783,1424
479502,0,4329,-4072,744,2065,-1380,3189,2137,1342,-498,2699,2018,1560,1537,3708,1783,1424
479503,1,4327,-4072,742,2065,-1382,3192,2138,1344,-502,2699,2019,1562,1535,3711,1783,1424
479503,1,4330,-4073,744,2066,-1380,3190,2140,1344,-501,2701,2021,1562,1537,3709,1785,1422
479503,1,4327,-4068,744,2062,-1384,3195,2142,1344,-500,2704,2022,1562,1535,3710,1782,1424
479503,1,4329,-4073,744,2066,-1379,3191,2137,1343,-500,2700,2023,1563,1535,3711,1784,1425
479503,1,4327,-4072,743,2062,-1382,3192,2139,1345,-500,2704,2019,1561,1537,3711,1784,1424
479503,0,4327,-4072,743,2062,-1382,3192,2139,1345,-500,2704,2019,1561,1537,3711,1784,1424
479503,1,4326,-4071,745,2067,-1375,3191,2139,1342,-502,2701,2020,1562,1534,3711,1783,1424
479503,1,4328,-4071,745,2064,-1381,3191,2140,1348,-501,2700,2021,1561,1537,3709,1783,1422
479503,1,4325,-4072,746,2064,-1382,3190,2139,1347,-501,2699,2022,1561,1534,3710,1782,1425
479503,1,4326,-4072,745,2064,-1382,3188,2142,1347,-502,2702,2023,1568,1535,3708,1783,1425
479503,0,4326,-4072,745,2064,-1382,3188,2142,1347,-502,2702,2023,1568,1535,3708,1783,1425
479503,1,4325,-4071,744,2066,-1379,3187,2140,1345,-500,2703,2023,1565,1539,3711,1785,1426
479503,1,4327,-4071,742,2066,-1382,3194,2141,1344,-500,2699,2023,1561,1534,3713,1781,1426
479503,1,4326,-4071,744,2065,-1378,3191,2142,1347,-502,2703,2021,1565,1537,3711,1783,1423
479503,1,4324,-4071,745,2066,-1383,3190,2140,1344,-500,2701,2024,1564,1535,3712,1782,1426
479503,0,4324,-4071,745,2066,-1383,3190,2140,1344,-500,2701,2024,1564,1535,3712,1782,1426
479503,1,4328,-4070,745,2067,-1375,3192,2141,1343,-501,2701,2025,1562,1532,3713,1785,1423
479503,1,4328,-4069,746,2069,-1381,3194,2141,1345,-501,2700,2025,1564,1536,3708,1782,1425
479503,1,4330,-4070,742,2068,-1379,3189,2141,1345,-498,2701,2025,1566,1532,3712,1784,1424
479503,1,4328,-4068,744,2064,-1382,3190,2141,1346,-500,2703,2024,1562,1533,3709,1780,1426
479503,0,4328,-4068,744,2064,-1382,3190,2141,1346,-500,2703,2024,1562,1533,3709,1780,1426
479503,1,4324,-4072,747,2067,-1379,3193,2140,1350,-500,2699,2021,1568,1535,3711,1783,1425
479503,1,4329,-4071,743,2068,-1380,3190,2141,1347,-500,2701,2020,1562,1535,3709,1784,1425
479503,1,4327,-4072,746,2068,-1382,3192,2142,1347,-501,2698,2026,1565,1533,3710,1783,1426
479503,1,4328,-4072,745,2067,-1383,3193,2142,1346,-501,2700,2026,1568,1534,3713,1783,1424
479503,0,4328,-4072,745,2067,-1383,3193,2142,1346,-501,2700,2026,1568,1534,3713,1783,1424
479503,1,4329,-4070,746,2069,-1375,3190,2142,1348,-499,2699,2026,1566,1536,3711,1786,1425
479503,1,4328,-4070,745,2066,-1380,3192,2140,1344,-503,2698,2023,1564,1534,3710,1782,1426
479503,1,4328,-4069,746,2067,-1377,3187,2139,1346,-501,2699,2024,1565,1533,3710,1782,1425
479503,1,4327,-4072,745,2067,-1381,3192,2143,1345,-500,2699,2023,1566,1534,3710,1783,1423
479503,0,4327,-4072,745,2067,-1381,3192,2143,1345,-500,2699,2023,1566,1534,3710,1783,1423
479503,1,4328,-4072,744,2067,-1381,3187,2142,1347,-501,2704,2021,1563,1533,3709,1787,1424
479503,1,4326,-4072,744,2069,-1380,3191,2142,1344,-503,2703,2026,1569,1534,3709,1783,1425
479503,1,4325,-4073,744,2069,-1378,3191,2143,1346,-501,2700,2025,1567,1534,3710,1784,1424
479503,1,4326,-4075,746,2067,-1381,3190,2142,1343,-500,2699,2026,1567,1534,3711,1786,1425
479503,0,4326,-4075,746,2067,-1381,3190,2142,1343,-500,2699,2026,1567,1534,3711,1786,1425
479503,1,4325,-4071,746,2065,-1384,3191,2142,1347,-501,2697,2026,1566,1532,3710,1786,1424
479503,1,4326,-4072,746,2068,-1381,3185,2143,1346,-499,2700,2022,1564,1533,3714,1783,1424
479503,1,4327,-4071,748,2069,-1382,3188,2143,1350,-498,2702,2025,1565,1532,3709,1785,1425
479503,1,4326,-4072,744,2070,-1382,3191,2142,1347,-501,2699,2026,1568,1530,3710,1787,1426
479503,0,4326,-4072,744,2070,-1382,3191,2142,1347,-501,2699,2026,1568,1530,3710,1787,1426
479503,1,4329,-4071,746,2069,-1379,3187,2143,1346,-501,2701,2026,1566,1534,3710,1784,1423
479503,1,4328,-4072,742,2067,-1383,3191,2142,1347,-500,2702,2026,1566,1535,3711,1784,1427
479503,1,4328,-4073,745,2071,-1379,3189,2144,1347,-500,2698,2026,1567,1535,3712,1786,1426
479503,1,4328,-4072,746,2069,-1378,3189,2139,1345,-500,2699,2025,1567,1534,3714,1784,1422
479503,0,4328,-4072,746,2069,-1378,3189,2139,1345,-500,2699,2025,1567,1534,3714,1784,1422
479503,1,4326,-4072,746,2070,-1384,3189,2141,1348,-499,2700,2023,1564,1532,3711,1786,1425
479503,1,4328,-4072,745,2069,-1381,3192,2144,1349,-500,2699,2023,1567,1535,3708,1784,1424
479503,1,4328,-4071,745,2071,-1381,3192,2143,1349,-500,2700,2028,1566,1533,3710,1785,1426
479503,1,4325,-4072,746,2069,-1377,3187,2143,1347,-501,2702,2026,1568,1533,3714,1784,1425
479503,0,4325,-4072,746,2069,-1377,3187,2143,1347,-501,2702,2026,1568,1533,3714,1784,1425
479503,1,4325,-4069,745,2070,-1379,3193,2141,1348,-500,2701,2026,1567,1535,3712,1783,1428
479503,1,4325,-4071,744,2070,-1379,3192,2141,1346,-499,2696,2023,1566,1532,3712,1785,1424
479503,1,4324,-4072,746,2070,-1376,3186,2144,1348,-501,2699,2024,1569,1535,3711,1784,1426
479503,1,4327,-4073,746,2070,-1379,3191,2143,1345,-500,2700,2027,1568,1534,3712,1785,1425
479503,0,4327,-4073,746,2070,-1379,3191,2143,1345,-500,2700,2027,1568,1534,3712,1785,1425
479503,1,4327,-4068,745,2068,-1378,3187,2142,1348,-497,2701,2028,1565,1534,3711,1784,1425
479503,1,4328,-4072,744,2068,-1379,3190,2143,1346,-503,2699,2026,1569,1534,3710,1785,1424
479503,1,4328,-4072,745,2069,-1382,3192,2143,1348,-500,2700,2028,1568,1533,3711,1783,1423
479503,1,4328,-4070,747,2072,-1382,3191,2141,1347,-500,2698,2024,1566,1533,3712,1782,1423
479503,0,4328,-4070,747,2072,-1382,3191,2141,1347,-500,2698,2024,1566,1533,3712,1782,1423
479503,1,4328,-4070,743,2069,-1379,3189,2142,1346,-501,2698,2025,1568,1537,3710,1784,1423
479503,1,4328,-4072,745,2071,-1378,3187,2144,1349,-501,2700,2024,1568,1534,3710,1784,1426
479503,1,4326,-4069,742,2070,-1385,3192,2142,1349,-499,2700,2024,1569,1534,3712,1781,1424
479503,1,4329,-4069,743,2070,-1380,3188,2143,1349,-501,2696,2025,1570,1532,3711,1784,1424
479503,0,4329,-4069,743,2070,-1380,3188,2143,1349,-501,2696,2025,1570,1532,3711,1784,1424
479503,1,4326,-4069,746,2068,-1385,3191,2143,1347,-500,2697,2024,1568,1534,3711,1784,1423
479503,1,4327,-4073,744,2072,-1378,3192,2143,1348,-500,2699,2023,1568,1532,3710,1782,1427
479503,1,4326,-4072,747,2071,-1377,3191,2143,1349,-501,2700,2025,1574,1532,3710,1782,1424
479503,1,4325,-4069,746,2072,-1381,3192,2142,1348,-500,2698,2025,1570,1535,3711,1786,1424
479503,1,4326,-4069,745,2067,-1378,3189,2142,1345,-502,2698,2029,1567,1534,3712,1783,1426
479503,0,4326,-4069,745,2067,-1378,3189,2142,1345,-502,2698,2029,1567,1534,3712,1783,1426
479503,1,4328,-4069,746,2067,-1380,3189,2144,1349,-501,2699,2028,1571,1532,3711,1783,1423
479503,1,4327,-4071,746,2069,-1377,3191,2144,1351,-501,2699,2029,1570,1533,3711,1783,1425
479503,1,4327,-4073,744,2069,-1378,3190,2144,1351,-503,2699,2028,1569,1535,3712,1782,1428
479503,1,4328,-4070,743,2068,-1382,3190,2143,1348,-501,2700,2026,1568,1532,3715,1783,1426
479503,0,4328,-4070,743,2068,-1382,3190,2143,1348,-501,2700,2026,1568,1532,3715,1783,1426
479503,1,4326,-4069,745,2071,-1379,3188,2144,1349,-498,2699,2022,1568,1537,3711,1784,1423
479503,1,4328,-4072,745,2072,-1381,3190,2143,1349,-499,2699,2025,1569,1533,3711,1782,1424
479503,1,4327,-4071,747,2069,-1377,3192,2141,1348,-497,2698,2026,1572,1533,3711,1783,1423
479503,1,4328,-4070,748,2074,-1378,3190,2142,1350,-502,2698,2029,1570,1534,3712,1784,1424
479503,0,4328,-4070,748,2074,-1378,3190,2142,1350,-502,2698,2029,1570,1534,3712,1784,1424
479503,1,4326,-4071,746,2071,-1382,3192,2144,1347,-501,2700,2027,1570,1533,3712,1783,1427
479503,1,4325,-4072,745,2070,-1378,3189,2141,1349,-501,2700,2024,1571,1533,3712,1784,1425
479503,1,4325,-4070,746,2070,-1383,3192,2143,1349,-501,2700,2024,1570,1535,3712,1783,1425
479503,1,4328,-4072,746,2071,-1383,3188,2143,1351,-499,2703,2024,1570,1531,3713,1784,1426
479503,0,4328,-4072,746,2071,-1383,3188,2143,1351,-499,2703,2024,1570,1531,3713,1784,1426
479503,1,4328,-4070,746,2069,-1383,3188,2142,1352,-500,2698,2024,1572,1533,3711,1782,1425
479503,1,4327,-4071,745,2071,-1382,3190,2139,1350,-501,2698,2026,1572,1533,3710,1784,1426
479503,1,4326,-4070,744,2072,-1378,3189,2143,1349,-501,2699,2029,1572,1534,3711,1783,1423
479503,1,4326,-4071,745,2072,-1378,3191,2143,1351,-502,2698,2026,1571,1533,3712,1784,1428
479503,0,4326,-4071,745,2072,-1378,3191,2143,1351,-502,2698,2026,1571,1533,3712,1784,1428
479503,1,4327,-4071,746,2069,-1379,3190,2143,1349,-500,2704,2023,1568,1532,3711,1781,1425
479503,1,4326,-4069,746,2070,-1376,3186,2143,1347,-503,2698,2023,1570,1534,3711,1785,1426
479503,1,4327,-4071,745,2070,-1381,3192,2144,1351,-499,2700,2027,1572,1533,3713,1785,1423
479503,1,4328,-4071,743,2070,-1378,3186,2143,1348,-500,2699,2028,1569,1531,3710,1784,1424
479503,0,4328,-4071,743,2070,-1378,3186,2143,1348,-500,2699,2028,1569,1531,3710,1784,1424
479503,1,4326,-4070,743,2072,-1382,3191,2141,1348,-501,2696,2026,1569,1530,3712,1784,1425
479503,1,4326,-4072,746,2069,-1378,3187,2143,1353,-501,2698,2026,1571,1534,3711,1782,1426
479503,1,4327,-4074,748,2072,-1387,3191,2143,1351,-498,2699,2027,1568,1533,3708,1783,1426
479503,1,4329,-4071,744,2069,-1377,3189,2144,1350,-500,2701,2027,1568,1532,3710,1785,1426
479503,0,4329,-4071,744,2069,-1377,3189,2144,1350,-500,2701,2027,1568,1532,3710,1785,1426
479503,1,4329,-4070,747,2068,-1380,3188,2144,1349,-500,2699,2023,1568,1532,3712,1781,1426
479503,1,4326,-4072,745,2070,-1383,3191,2142,1350,-500,2698,2023,1568,1532,3712,1781,1425
479503,1,4327,-4070,744,2070,-1379,3189,2143,1350,-498,2702,2025,1573,1534,3708,1784,1426
479503,1,4327,-4074,746,2069,-1381,3194,2143,1352,-501,2698,2027,1569,1533,3707,1784,1427
479503,0,4327,-4074,746,2069,-1381,3194,2143,1352,-501,2698,2027,1569,1533,3707,1784,1427
479503,1,4327,-4073,744,2069,-1377,3192,2145,1350,-501,2698,2027,1571,1534,3714,1787,1427
479503,1,4328,-4070,746,2070,-1378,3188,2143,1345,-501,2697,2025,1572,1530,3711,1782,1423
479503,1,4328,-4072,747,2069,-1383,3192,2143,1350,-501,2697,2026,1573,1532,3710,1786,1425
479503,1,4328,-4071,748,2072,-1379,3188,2146,1352,-500,2699,2024,1568,1531,3711,1785,1424
479503,0,4328,-4071,748,2072,-1379,3188,2146,1352,-500,2699,2024,1568,1531,3711,1785,1424
479503,1,4328,-4072,747,2070,-1386,3188,2144,1353,-501,2697,2025,1571,1535,3711,1783,1425
479503,1,4327,-4071,745,2070,-1376,3189,2145,1349,-500,2697,2026,1574,1532,3712,1785,1427
479503,1,4328,-4072,746,2070,-1381,3187,2142,1352,-502,2699,2026,1572,1531,3714,1785,1425
479503,1,4329,-4074,744,2069,-1381,3191,2142,1353,-501,2699,2027,1572,1532,3712,1783,1426
479503,0,4329,-4074,744,2069,-1381,3191,2142,1353,-501,2699,2027,1572,1532,3712,1783,1426
479503,1,4327,-4073,744,2069,-1379,3186,2140,1354,-502,2699,2025,1568,1532,3711,1785,1424
479503,1,4327,-4072,747,2069,-1380,3191,2141,1350,-501,2702,2022,1571,1533,3711,1783,1425
479503,1,4328,-4071,746,2068,-1381,3193,2144,1351,-503,2700,2025,1573,1533,3708,1786,1426
479503,1,4326,-4073,745,2070,-1380,3190,2144,1351,-502,2697,2030,1569,1533,3707,1783,1427
479503,0,4326,-4073,745,2070,-1380,3190,2144,1351,-502,2697,2030,1569,1533,3707,1783,1427
479503,1,4328,-4071,741,2072,-1383,3190,2141,1349,-501,2700,2028,1573,1534,3712,1781,1424
479503,1,4328,-4069,747,2070,-1375,3189,2143,1355,-501,2699,2026,1573,1531,3712,1783,1427
479503,1,4327,-4068,745,2070,-1382,3191,2145,1351,-502,2697,2023,1571,1531,3712,1786,1423
479503,1,4325,-4071,746,2070,-1382,3190,2143,1350,-501,2700,2024,1571,1532,3710,1784,1423
479503,0,4325,-4071,746,2070,-1382,3190,2143,1350,-501,2700,2024,1571,1532,3710,1784,1423
479503,1,4326,-4070,746,2074,-1385,3189,2142,1350,-501,2699,2024,1572,1532,3712,1785,1426
479503,1,4327,-4070,744,2070,-1382,3191,2140,1349,-503,2697,2026,1573,1527,3709,1783,1426
479503,1,4326,-4070,747,2071,-1381,3188,2142,1351,-503,2701,2023,1572,1528,3710,1784,1425
479503,1,4326,-4070,747,2069,-1376,3192,2144,1351,-500,2699,2027,1573,1528,3710,1783,1426
479503,0,4326,-4070,747,2069,-1376,3192,2144,1351,-500,2699,2027,1573,1528,3710,1783,1426
479503,1,4325,-4073,747,2070,-1379,3189,2143,1349,-499,2700,2027,1570,1532,3712,1784,1427
479503,1,4328,-4069,743,2070,-1380,3191,2143,1354,-500,2699,2023,1573,1531,3710,1782,1426
479503,1,4329,-4069,747,2071,-1384,3192,2143,1351,-503,2699,2023,1573,1528,3711,1783,1426
479503,1,4328,-4070,746,2069,-1377,3190,2142,1351,-502,2700,2023,1572,1527,3712,1784,1426
479503,0,4328,-4070,746,2069,-1377,3190,2142,1351,-502,2700,2023,1572,1527,3712,1784,1426
479503,1,4328,-4069,746,2070,-1384,3187,2143,1351,-501,2699,2026,1573,1527,3713,1784,1425
479503,1,4327,-4069,745,2073,-1382,3186,2143,1350,-500,2698,2026,1575,1527,3711,1785,1425
479503,1,4325,-4070,746,2069,-1386,3191,2141,1349,-501,2701,2024,1572,1528,3710,1784,1426
479503,1,4326,-4071,747,2070,-1378,3190,2144,1350,-501,2697,2027,1570,1526,3713,1783,1426
479503,1,4328,-4070,744,2072,-1383,3187,2141,1350,-502,2699,2025,1572,1528,3710,1783,1425
479503,0,4328,-4070,744,2072,-1383,3187,2141,1350,-502,2699,2025,1572,1528,3710,1783,1425
479503,1,4328,-4072,745,2072,-1379,3192,2145,1349,-500,2699,2024,1571,1529,3711,1787,1423
479503,1,4329,-4073,745,2073,-1383,3188,2144,1349,-498,2699,2022,1572,1529,3712,1783,1425
479503,1,4326,-4072,747,2070,-1379,3191,2143,1353,-500,2699,2026,1572,1528,3712,1783,1427
479503,1,4327,-4070,745,2071,-1380,3186,2142,1352,-499,2698,2027,1573,1527,3714,1786,1426
479503,0,4327,-4070,745,2071,-1380,3186,2142,1352,-499,2698,2027,1573,1527,3714,1786,1426
479503,1,4325,-4072,745,2071,-1381,3186,2142,1347,-500,2699,2023,1574,1528,3710,1783,1426
479503,1,4327,-4071,748,2072,-1377,3191,2142,1354,-503,2700,2023,1574,1529,3713,1787,1428
479503,1,4327,-4069,746,2067,-1376,3187,2143,1353,-500,2696,2025,1572,1528,3711,1786,1425
479503,1,4324,-4073,744,2074,-1382,3187,2142,1352,-499,2699,2022,1573,1526,3709,1785,1426
479503,0,4324,-4073,744,2074,-1382,3187,2142,1352,-499,2699,2022,1573,1526,3709,1785,1426
479503,1,4327,-4069,746,2073,-1378,3191,2143,1350,-501,2697,2022,1573,1528,3712,1785,1425
479503,1,4326,-4072,745,2073,-1385,3187,2146,1352,-499,2700,2025,1570,1527,3708,1785,1426
479503,1,4327,-4071,745,2070,-1379,3191,2143,1350,-501,2698,2028,1570,1528,3713,1782,1427
479503,1,4329,-4072,746,2072,-1379,3189,2143,1352,-501,2698,2025,1573,1526,3713,1785,1426
479503,0,4329,-4072,746,2072,-1379,3189,2143,1352,-501,2698,2025,1573,1526,3713,1785,1426
479503,1,4329,-4072,744,2071,-1377,3190,2143,1349,-500,2697,2025,1572,1525,3712,1786,1425
479503,1,4327,-4072,747,2072,-1381,3191,2144,1350,-500,2700,2023,1574,1524,3714,1785,1425
479503,1,4326,-4071,747,2070,-1382,3189,2142,1351,-500,2699,2022,1575,1527,3710,1783,1426
479503,1,4325,-4073,745,2071,-1382,3191,2144,1353,-499,2700,2025,1570,1527,3713,1782,1426
479503,0,4325,-4073,745,2071,-1382,3191,2144,1353,-499,2700,2025,1570,1527,3713,1782,1426
479503,1,4326,-4071,744,2067,-1378,3189,2143,1351,-500,2698,2028,1575,1523,3715,1784,1428
479503,1,4329,-4070,749,2070,-1385,3188,2143,1353,-500,2698,2027,1574,1526,3710,1783,1426
479503,1,4329,-4071,745,2074,-1379,3189,2143,1350,-500,2700,2026,1569,1524,3712,1782,1427
479503,1,4327,-4072,746,2071,-1384,3190,2142,1351,-501,2700,2022,1571,1527,3711,1785,1424
479503,0,4327,-4072,746,2071,-1384,3190,2142,1351,-501,2700,2022,1571,1527,3711,1785,1424
479503,1,4325,-4072,747,2073,-1379,3190,2141,1353,-500,2698,2025,1575,1526,3712,1784,1426
479503,1,4327,-4072,744,2072,-1383,3189,2143,1349,-500,2701,2026,1571,1527,3714,1784,1428
479503,1,4327,-4070,747,2072,-1378,3190,2143,1350,-501,2699,2022,1575,1526,3713,1784,1429
479503,1,4324,-4071,745,2072,-1383,3189,2142,1351,-500,2700,2029,1572,1528,3710,1784,1426
479503,0,4324,-4071,745,2072,-1383,3189,2142,1351,-500,2700,2029,1572,1528,3710,1784,1426
479503,1,4328,-4073,745,2074,-1375,3192,2144,1356,-501,2698,2026,1571,1526,3712,1783,1424
479503,1,4329,-4072,747,2070,-1382,3188,2143,1349,-502,2701,2025,1576,1523,3712,1783,1429
479503,1,4329,-4073,747,2070,-1380,3187,2143,1353,-502,2700,2025,1573,1527,3712,1783,1427
479503,1,4326,-4070,746,2070,-1380,3189,2143,1349,-501,2698,2024,1573,1527,3713,1784,1426
479503,0,4326,-4070,746,2070,-1380,3189,2143,1349,-501,2698,2024,1573,1527,3713,1784,1426
479503,1,4328,-4071,745,2073,-1380,3190,2140,1350,-500,2700,2026,1574,1525,3716,1786,1428
479503,1,4328,-4069,746,2069,-1382,3188,2143,1352,-503,2698,2027,1575,1523,3711,1784,1425
479503,1,4324,-4071,744,2073,-1379,3191,2142,1349,-502,2699,2027,1570,1525,3711,1785,1427
479503,1,4327,-4070,748,2071,-1383,3188,2144,1349,-501,2701,2028,1571,1521,3713,1782,1428
479503,0,4327,-4070,748,2071,-1383,3188,2144,1349,-501,2701,2028,1571,1521,3713,1782,1428
479503,1,4326,-4076,747,2073,-1377,3191,2141,1352,-500,2698,2025,1570,1525,3714,1783,1426
479503,1,4325,-4072,745,2074,-1384,3186,2143,1350,-501,2698,2026,1573,1527,3712,1785,1427
479503,1,4324,-4069,747,2072,-1377,3189,2143,1350,-500,2697,2021,1576,1524,3713,1783,1426
479503,1,4325,-4072,743,2074,-1385,3188,2143,1350,-502,2697,2022,1571,1523,3712,1785,1425
479503,0,4325,-4072,743,2074,-1385,3188,2143,1350,-502,2697,2022,1571,1523,3712,1785,1425
479503,1,4327,-4071,747,2072,-1375,3190,2142,1353,-499,2698,2026,1572,1524,3716,1784,1426
479503,1,4330,-4070,747,2075,-1379,3188,2142,1353,-503,2698,2026,1576,1525,3713,1782,1426
479503,1,4328,-4072,748,2073,-1379,3190,2143,1351,-498,2699,2025,1569,1522,3715,1785,1425
479503,1,4327,-4070,745,2072,-1384,3189,2142,1354,-502,2700,2026,1570,1523,3712,1783,1427
479503,0,4327,-4070,745,2072,-1384,3189,2142,1354,-502,2700,2026,1570,1523,3712,1783,1427
479503,1,4329,-4073,743,2071,-1381,3190,2141,1352,-504,2699,2024,1571,1524,3712,1784,1426
479503,1,4328,-4070,748,2071,-1379,3188,2144,1348,-501,2699,2025,1573,1524,3712,1785,1429
479503,1,4326,-4069,744,2071,-1377,3191,2143,1351,-501,2701,2025,1570,1522,3715,1785,1428
479503,1,4329,-4071,746,2072,-1385,3188,2143,1350,-503,2700,2026,1571,1522,3712,1787,1428
479503,0,4329,-4071,746,2072,-1385,3188,2143,1350,-503,2700,2026,1571,1522,3712,1787,1428
479503,1,4327,-4070,745,2075,-1379,3191,2143,1351,-500,2696,2026,1571,1521,3715,1783,1429
479503,1,4327,-4071,746,2072,-1383,3189,2141,1351,-499,2697,2026,1573,1524,3713,1782,1425
479504,1,4329,-4072,746,2073,-1376,3190,2140,1352,-502,2700,2025,1573,1524,3713,1784,1426
479504,1,4328,-4071,746,2071,-1384,3189,2144,1351,-502,2697,2024,1570,1522,3715,1785,1428
479504,0,4328,-4071,746,2071,-1384,3189,2144,1351,-502,2697,2024,1570,1522,3715,1785,1428
479504,1,4326,-4069,745,2073,-1380,3190,2143,1352,-501,2698,2027,1571,1523,3716,1783,1427
479504,1,4323,-4071,745,2072,-1381,3188,2143,1351,-502,2699,2027,1573,1526,3714,1785,1425
479504,1,4327,-4073,746,2071,-1378,3191,2142,1353,-503,2696,2026,1571,1525,3715,1784,1428
479504,1,4327,-4071,744,2068,-1378,3187,2141,1352,-501,2699,2023,1572,1524,3716,1786,1426
479504,0,4327,-4071,744,2068,-1378,3187,2141,1352,-501,2699,2023,1572,1524,3716,1786,1426
479504,1,4327,-4072,746,2069,-1379,3193,2142,1349,-501,2699,2022,1575,1523,3716,1785,1427
479504,1,4327,-4072,745,2067,-1384,3188,2144,1354,-501,2697,2023,1573,1521,3716,1781,1426
479504,1,4324,-4073,745,2068,-1380,3192,2142,1351,-500,2697,2026,1570,1520,3715,1785,1429
479504,1,4325,-4069,746,2067,-1382,3186,2142,1351,-502,2700,2024,1575,1525,3714,1785,1427
479504,1,4328,-4071,745,2068,-1377,3189,2143,1352,-503,2697,2027,1572,1523,3715,1783,1428
479504,0,4328,-4071,745,2068,-1377,3189,2143,1352,-503,2697,2027,1572,1523,3715,1783,1428
479504,1,4328,-4070,746,2071,-1383,3188,2143,1350,-500,2699,2024,1573,1521,3715,1783,1426
479504,1,4328,-4070,747,2071,-1378,3191,2144,1350,-501,2697,2026,1575,1521,3717,1786,1428
479504,1,4328,-4069,747,2073,-1381,3189,2144,1351,-499,2697,2024,1572,1525,3714,1784,1427
479504,1,4325,-4069,748,2070,-1379,3192,2140,1351,-501,2699,2023,1572,1521,3714,1787,1428
479504,0,4325,-4069,748,2070,-1379,3192,2140,1351,-501,2699,2023,1572,1521,3714,1787,1428
479504,1,4325,-4071,748,2072,-1378,3191,2143,1353,-505,2697,2029,1574,1523,3714,1785,1427
479504,1,4327,-4071,746,2070,-1381,3192,2143,1350,-499,2700,2026,1573,1521,3715,1784,1426
479504,1,4327,-4072,746,2071,-1379,3188,2143,1351,-500,2697,2027,1573,1523,3717,1783,1427
479504,1,4324,-4071,745,2068,-1378,3190,2143,1353,-502,2701,2028,1571,1525,3715,1782,1428
479504,0,4324,-4071,745,2068,-1378,3190,2143,1353,-502,2701,2028,1571,1525,3715,1782,1428
479504,1,4330,-4069,745,2068,-1382,3187,2142,1350,-502,2697,2023,1571,1523,3716,1783,1428
479504,1,4327,-4070,745,2069,-1379,3192,2142,1353,-501,2697,2022,1575,1524,3715,1782,1426
479504,1,4327,-4072,745,2070,-1383,3188,2142,1351,-500,2701,2024,1571,1520,3717,1785,1429
479504,1,4326,-4070,744,2067,-1380,3190,2143,1353,-502,2697,2026,1571,1522,3717,1784,1428
479504,0,4326,-4070,744,2067,-1380,3190,2143,1353,-502,2697,2026,1571,1522,3717,1784,1428
479504,1,4327,-4071,747,2072,-1382,3191,2143,1350,-503,2698,2030,1576,1519,3715,1783,1426
479504,1,4326,-4072,747,2072,-1382,3190,2144,1353,-500,2698,2025,1574,1521,3718,1783,1427
479504,1,4326,-4069,743,2072,-1382,3187,2142,1352,-501,2698,2025,1572,1526,3717,1786,1427
479504,1,4326,-4069,748,2072,-1384,3192,2141,1353,-501,2698,2026,1575,1523,3716,1784,1427
479504,0,4326,-4069,748,2072,-1384,3192,2141,1353,-501,2698,2026,1575,1523,3716,1784,1427
479504,1,4325,-4072,746,2070,-1378,3186,2143,1351,-501,2699,2022,1575,1522,3715,1786,1427
479504,1,4326,-4073,748,2070,-1379,3191,2143,1354,-501,2700,2025,1574,1522,3716,1782,1428
479504,1,4326,-4071,747,2071,-1376,3190,2144,1351,-500,2697,2026,1575,1521,3717,1784,1426
479504,1,4327,-4073,748,2070,-1383,3190,2142,1352,-504,2700,2028,1574,1522,3718,1781,1426
479504,0,4327,-4073,748,2070,-1383,3190,2142,1352,-504,2700,2028,1574,1522,3718,1781,1426
479504,1,4326,-4071,743,2070,-1381,3189,2141,1349,-502,2703,2024,1572,1523,3719,1783,1426
479504,1,4327,-4074,746,2069,-1378,3192,2145,1354,-502,2700,2025,1576,1525,3717,1784,1429
479504,1,4326,-4071,747,2070,-1378,3190,2144,1349,-501,2700,2024,1575,1522,3716,1784,1426
479504,1,4327,-4071,745,2069,-1383,3191,2142,1351,-501,2697,2024,1572,1521,3717,1783,1428
479504,0,4327,-4071,745,2069,-1383,3191,2142,1351,-501,2697,2024,1572,1521,3717,1783,1428
479504,1,4328,-4069,745,2070,-1379,3188,2144,1354,-506,2697,2026,1576,1522,3717,1782,1427
479504,1,4328,-4070,748,2069,-1384,3192,2143,1350,-506,2700,2023,1575,1522,3716,1784,1426
479504,1,4327,-4073,745,2069,-1378,3187,2143,1350,-500,2701,2021,1573,1521,3719,1784,1428
479504,0,4327,-4073,745,2069,-1378,3187,2143,1350,-500,2701,2021,1573,1521,3719,1784,1428
479504,1,4327,-4071,744,2072,-1382,3191,2142,1351,-503,2697,2024,1574,1521,3719,1784,1429
479504,1,4327,-4072,744,2072,-1382,3187,2143,1349,-501,2696,2022,1576,1520,3718,1786,1429
479504,1,4327,-4072,745,2069,-1384,3192,2142,1351,-502,2696,2025,1572,1521,3717,1782,1426
479504,1,4326,-4072,746,2069,-1380,3187,2143,1351,-502,2697,2030,1577,1521,3717,1785,1426
479504,1,4327,-4071,746,2071,-1380,3190,2142,1353,-502,2697,2029,1573,1524,3717,1783,1429
479504,0,4327,-4071,746,2071,-1380,3190,2142,1353,-502,2697,2029,1573,1524,3717,1783,1429
479504,1,4325,-4069,746,2069,-1381,3190,2144,1352,-500,2700,2027,1573,1522,3718,1784,1427
479504,1,4329,-4069,746,2067,-1381,3190,2141,1353,-500,2699,2024,1575,1521,3717,1782,1425
479504,1,4328,-4072,746,2067,-1374,3189,2144,1349,-502,2699,2025,1573,1523,3718,1784,1427
479504,1,4327,-4070,748,2071,-1382,3192,2143,1352,-500,2697,2023,1574,1519,3719,1782,1426
479504,0,4327,-4070,748,2071,-1382,3192,2143,1352,-500,2697,2023,1574,1519,3719,1782,1426
479504,1,4325,-4072,746,2071,-1376,3187,2144,1351,-502,2698,2026,1575,1521,3717,1782,1429
479504,1,4325,-4068,744,2072,-1381,3192,2143,1351,-501,2701,2028,1575,1519,3720,1783,1429
479504,1,4326,-4072,744,2072,-1382,3189,2145,1349,-501,2697,2026,1571,1521,3719,1783,1430
479504,1,4328,-4070,747,2068,-1379,3192,2142,1352,-504,2699,2026,1575,1521,3719,1782,1429
479504,0,4328,-4070,747,2068,-1379,3192,2142,1352,-504,2699,2026,1575,1521,3719,1782,1429
479504,1,4327,-4072,745,2069,-1381,3186,2144,1353,-501,2700,2026,1572,1522,3719,1782,1427
479504,1,4328,-4071,745,2070,-1381,3188,2143,1353,-502,2698,2024,1575,1520,3719,1784,1427
479504,1,4328,-4073,746,2070,-1382,3189,2142,1354,-500,2700,2024,1574,1519,3719,1784,1427
479504,1,4329,-4071,745,2069,-1380,3190,2143,1350,-502,2698,2026,1570,1522,3722,1785,1427
479504,0,4329,-4071,745,2069,-1380,3190,2143,1350,-502,2698,2026,1570,1522,3722,1785,1427
479504,1,4330,-4070,747,2068,-1379,3191,2144,1356,-500,2699,2025,1575,1521,3721,1784,1429
479504,1,4326,-4068,748,2067,-1383,3189,2145,1351,-501,2697,2026,1575,1520,3719,1784,1427
479504,1,4328,-4072,747,2070,-1379,3188,2144,1349,-501,2700,2023,1575,1519,3718,1785,1427
479504,1,4327,-4072,747,2070,-1382,3189,2143,1353,-502,2699,2023,1572,1524,3719,1781,1430
479504,0,4327,-4072,747,2070,-1382,3189,2143,1353,-502,2699,2023,1572,1524,3719,1781,1430
479504,1,4325,-4072,744,2072,-1378,3188,2143,1353,-501,2698,2026,1576,1522,3718,1785,1428
479504,1,4327,-4072,747,2071,-1378,3191,2141,1351,-501,2698,2024,1575,1520,3719,1782,1427
479504,1,4328,-4071,746,2072,-1381,3188,2142,1352,-502,2698,2025,1573,1522,3719,1783,1428
479504,1,4329,-4072,745,2069,-1382,3190,2140,1350,-501,2697,2026,1576,1518,3720,1783,1427
479504,1,4325,-4071,744,2070,-1382,3190,2143,1351,-501,2695,2027,1575,1521,3718,1781,1428
479504,0,4325,-4071,744,2070,-1382,3190,2143,1351,-501,2695,2027,1575,1521,3718,1781,1428
479504,1,4326,-4072,746,2070,-1377,3190,2143,1353,-504,2699,2024,1574,1523,3719,1782,1429
479504,1,4327,-4072,744,2069,-1380,3190,2143,1353,-501,2698,2023,1572,1521,3719,1785,1425
479504,1,4329,-4072,746,2072,-1380,3188,2141,1353,-500,2699,2026,1573,1520,3720,1785,1429
479504,1,4329,-4071,747,2070,-1376,3188,2142,1350,-503,2700,2024,1571,1523,3721,1784,1429
479504,0,4329,-4071,747,2070,-1376,3188,2142,1350,-503,2700,2024,1571,1523,3721,1784,1429
479504,1,4328,-4070,747,2068,-1383,3191,2142,1352,-502,2699,2025,1578,1522,3721,1782,1426
479504,1,4326,-4070,747,2070,-1376,3187,2143,1349,-502,2698,2026,1573,1522,3720,1783,1427
479504,1,4327,-4071,746,2070,-1381,3192,2145,1353,-502,2700,2025,1574,1520,3720,1784,1428
479504,1,4327,-4071,747,2071,-1379,3189,2143,1351,-501,2700,2026,1575,1520,3720,1786,1429
479504,0,4327,-4071,747,2071,-1379,3189,2143,1351,-501,2700,2026,1575,1520,3720,1786,1429
479504,1,4327,-4072,747,2071,-1383,3190,2143,1353,-502,2698,2026,1573,1521,3718,1784,1427
479504,1,4325,-4069,748,2069,-1379,3188,2142,1349,-501,2699,2021,1571,1523,3719,1784,1428
479504,1,4329,-4071,743,2071,-1376,3188,2144,1352,-504,2701,2027,1573,1522,3722,1783,1428
479504,1,4328,-4070,747,2072,-1383,3188,2143,1353,-502,2698,2027,1573,1522,3720,1779,1428
479504,0,4328,-4070,747,2072,-1383,3188,2143,1353,-502,2698,2027,1573,1522,3720,1779,1428
479504,1,4328,-4071,746,2071,-1379,3190,2142,1351,-503,2698,2026,1576,1521,3719,1783,1426
479504,1,4326,-4068,745,2071,-1382,3191,2143,1352,-501,2700,2022,1576,1519,3720,1783,1429
479504,1,4325,-4072,747,2068,-1384,3192,2143,1351,-499,2697,2023,1573,1523,3720,1784,1426
479504,1,4328,-4072,744,2069,-1381,3185,2143,1351,-502,2701,2028,1575,1522,3721,1783,1430
479504,0,4328,-4072,744,2069,-1381,3185,2143,1351,-502,2701,2028,1575,1522,3721,1783,1430
479504,1,4326,-4072,746,2069,-1383,3189,2143,1351,-503,2698,2024,1575,1521,3721,1786,1428
479504,1,4329,-4072,747,2068,-1379,3189,2144,1348,-502,2697,2025,1575,1519,3724,1784,1427
479504,1,4328,-4072,747,2070,-1378,3187,2144,1352,-503,2698,2030,1575,1524,3720,1784,1428
479504,1,4329,-4071,746,2072,-1378,3188,2143,1353,-501,2699,2026,1577,1520,3719,1785,1428
479504,0,4329,-4071,746,2072,-1378,3188,2143,1353,-501,2699,2026,1577,1520,3719,1785,1428
479504,1,4326,-4073,746,2072,-1379,3188,2143,1350,-500,2699,2027,1573,1520,3723,1785,1428
479504,1,4328,-4070,748,2070,-1382,3191,2143,1352,-501,2700,2024,1573,1520,3720,1783,1427
479504,1,4326,-4069,745,2069,-1380,3187,2145,1350,-503,2701,2024,1575,1521,3721,1781,1429
479504,1,4329,-4072,743,2072,-1381,3190,2144,1353,-500,2699,2024,1574,1521,3721,1785,1428
479504,0,4329,-4072,743,2072,-1381,3190,2144,1353,-500,2699,2024,1574,1521,3721,1785,1428
479504,1,4326,-4073,746,2069,-1382,3190,2143,1349,-501,2698,2025,1576,1522,3721,1784,1427
479504,1,4325,-4073,745,2069,-1378,3188,2143,1353,-502,2698,2028,1575,1522,3722,1781,1427
479504,1,4325,-4072,745,2070,-1383,3191,2142,1350,-501,2697,2021,1571,1521,3721,1785,1425
479504,1,4325,-4070,745,2069,-1379,3186,2142,1351,-501,2700,2024,1575,1520,3724,1783,1428
479504,0,4325,-4070,745,2069,-1379,3186,2142,1351,-501,2700,2024,1575,1520,3724,1783,1428
479504,1,4325,-4073,747,2069,-1380,3190,2142,1349,-500,2700,2026,1574,1521,3723,1787,1427
479504,1,4327,-4073,746,2072,-1383,3188,2145,1351,-502,2699,2026,1572,1521,3723,1784,1427
479504,1,4326,-4071,747,2073,-1382,3190,2144,1349,-503,2702,2027,1575,1521,3723,1784,1428
479504,1,4327,-4071,745,2071,-1381,3188,2145,1351,-501,2698,2027,1575,1521,3724,1786,1426
479504,0,4327,-4071,745,2071,-1381,3188,2145,1351,-501,2698,2027,1575,1521,3724,1786,1426
479504,1,4324,-4072,747,2074,-1381,3191,2144,1350,-503,2698,2027,1575,1520,3724,1782,1427
479504,1,4327,-4072,746,2070,-1380,3190,2140,1353,-503,2700,2023,1573,1520,3723,1785,1427
479504,1,4326,-4070,747,2073,-1379,3188,2141,1351,-503,2700,2023,1571,1520,3722,1785,1429
479504,1,4327,-4072,745,2071,-1379,3187,2145,1352,-500,2699,2025,1573,1523,3723,1783,1428
479504,0,4327,-4072,745,2071,-1379,3187,2145,1352,-500,2699,2025,1573,1523,3723,1783,1428
479504,1,4328,-4072,746,2071,-1381,3192,2140,1350,-503,2699,2027,1574,1522,3726,1784,1426
479504,1,4328,-4068,747,2069,-1377,3188,2140,1351,-500,2697,2027,1572,1521,3723,1783,1429
479504,1,4327,-4071,744,2071,-1381,3189,2140,1349,-503,2699,2023,1575,1521,3724,1785,1426
479504,1,4327,-4072,747,2074,-1380,3188,2141,1350,-503,2697,2024,1578,1519,3726,1785,1425
479504,0,4327,-4072,747,2074,-1380,3188,2141,1350,-503,2697,2024,1578,1519,3726,1785,1425
479504,1,4327,-4069,745,2075,-1383,3191,2143,1354,-502,2698,2026,1573,1521,3723,1783,1426
479504,1,4326,-4070,748,2074,-1378,3188,2141,1349,-501,2698,2024,1573,1522,3723,1785,1427
479504,1,4327,-4071,742,2073,-1380,3192,2142,1351,-501,2700,2023,1572,1522,3725,1784,1428
479504,1,4324,-4069,746,2072,-1383,3190,2144,1351,-502,2697,2028,1571,1521,3726,1783,1427
479504,0,4324,-4069,746,2072,-1383,3190,2144,1351,-502,2697,2028,1571,1521,3726,1783,1427
479504,1,4325,-4070,746,2073,-1383,3189,2141,1349,-500,2697,2027,1576,1519,3726,1784,1428
479504,1,4325,-4070,745,2073,-1380,3189,2145,1349,-503,2698,2026,1573,1520,3723,1785,1427
479504,1,4325,-4073,746,2072,-1381,3191,2142,1354,-502,2698,2025,1573,1522,3724,1784,1429
479504,1,4325,-4069,746,2068,-1375,3188,2142,1352,-502,2698,2024,1573,1521,3727,1783,1428
479504,0,4325,-4069,746,2068,-1375,3188,2142,1352,-502,2698,2024,1573,1521,3727,1783,1428
479504,1,4326,-4069,747,2070,-1380,3192,2143,1350,-504,2701,2026,1577,1521,3726,1785,1425
479504,1,4330,-4072,745,2069,-1380,3187,2144,1351,-500,2697,2026,1574,1522,3725,1782,1429
479504,1,4328,-4071,745,2074,-1383,3190,2143,1354,-502,2697,2028,1573,1522,3727,1783,1426
479504,1,4326,-4072,745,2068,-1377,3188,2144,1351,-502,2697,2027,1575,1521,3727,1784,1427
479504,0,4326,-4072,745,2068,-1377,3188,2144,1351,-502,2697,2027,1575,1521,3727,1784,1427
479504,1,4326,-4072,747,2074,-1382,3191,2142,1355,-500,2699,2026,1573,1519,3725,1786,1427
479504,1,4329,-4075,745,2071,-1379,3189,2142,1350,-502,2698,2023,1576,1522,3726,1782,1428
479504,1,4326,-4071,749,2072,-1381,3189,2141,1353,-503,2696,2024,1575,1519,3725,1785,1427
479504,1,4325,-4070,748,2072,-1379,3187,2143,1354,-502,2700,2024,1573,1522,3728,1783,1426
479504,1,4328,-4070,746,2072,-1380,3187,2144,1352,-503,2697,2026,1576,1521,3727,1785,1427
479504,0,4328,-4070,746,2072,-1380,3187,2144,1352,-503,2697,2026,1576,1521,3727,1785,1427
479504,1,4327,-4068,745,2069,-1377,3190,2141,1353,-501,2698,2025,1574,1522,3726,1784,1429
479504,1,4327,-4070,746,2070,-1383,3187,2143,1349,-502,2698,2028,1572,1524,3726,1784,1426
479504,1,4325,-4072,747,2072,-1380,3186,2143,1352,-499,2697,2025,1573,1522,3726,1783,1425
479504,1,4327,-4071,745,2069,-1381,3189,2144,1350,-502,2699,2025,1576,1521,3725,1784,1425
479504,0,4327,-4071,745,2069,-1381,3189,2144,1350,-502,2699,2025,1576,1521,3725,1784,1425
479504,1,4325,-4072,747,2070,-1380,3186,2142,1349,-499,2700,2025,1572,1522,3722,1781,1428
479504,1,4330,-4071,747,2073,-1385,3190,2142,1352,-501,2699,2024,1575,1522,3727,1782,1427
479504,1,4329,-4071,747,2073,-1382,3188,2142,1352,-502,2699,2026,1575,1520,3726,1784,1425
479504,1,4326,-4071,745,2072,-1382,3190,2142,1355,-503,2700,2027,1575,1521,3727,1781,1426
479504,0,4326,-4071,745,2072,-1382,3190,2142,1355,-503,2700,2027,1575,1521,3727,1781,1426
479504,1,4325,-4070,746,2073,-1375,3188,2142,1353,-502,2696,2026,1575,1522,3726,1781,1427
479504,1,4327,-4074,747,2072,-1384,3189,2143,1353,-501,2699,2021,1572,1522,3728,1784,1429
479504,1,4326,-4071,746,2071,-1379,3189,2144,1350,-502,2698,2023,1573,1521,3728,1786,1427
479504,1,4327,-4072,748,2071,-1379,3188,2145,1353,-501,2697,2026,1574,1522,3726,1784,1427
479504,0,4327,-4072,748,2071,-1379,3188,2145,1353,-501,2697,2026,1574,1522,3726,1784,1427
479504,1,4328,-4071,746,2072,-1377,3187,2141,1350,-502,2699,2026,1575,1524,3728,1784,1429
479504,1,4326,-4071,744,2073,-1382,3186,2142,1351,-501,2697,2024,1573,1521,3727,1784,1429
479504,1,4324,-4071,745,2072,-1380,3189,2143,1354,-502,2702,2024,1574,1521,3727,1783,1428
479504,1,4326,-4074,748,2069,-1382,3189,2143,1351,-500,2698,2022,1572,1521,3726,1784,1430
479504,0,4326,-4074,748,2069,-1382,3189,2143,1351,-500,2698,2022,1572,1521,3726,1784,1430
479504,1,4327,-4069,745,2072,-1380,3188,2143,1353,-501,2698,2024,1573,1522,3729,1782,1425
479504,1,4327,-4070,747,2072,-1382,3189,2144,1353,-503,2700,2023,1575,1524,3728,1787,1427
479504,1,4329,-4073,746,2073,-1380,3188,2144,1354,-502,2700,2026,1573,1521,3725,1784,1429
479504,1,4327,-4069,745,2072,-1384,3190,2144,1350,-503,2698,2026,1573,1519,3728,1784,1427
479504,0,4327,-4069,745,2072,-1384,3190,2144,1350,-503,2698,2026,1573,1519,3728,1784,1427
479504,1,4328,-4070,745,2073,-1377,3190,2141,1351,-500,2695,2027,1575,1520,3727,1783,1429
479504,1,4327,-4071,745,2074,-1380,3188,2142,1352,-502,2699,2023,1573,1522,3727,1783,1428
479504,1,4327,-4072,745,2070,-1382,3187,2140,1350,-503,2698,2024,1574,1521,3727,1784,1428
479504,1,4327,-4072,746,2072,-1383,3192,2143,1353,-503,2699,2022,1575,1521,3729,1784,1427
479504,0,4327,-4072,746,2072,-1383,3192,2143,1353,-503,2699,2022,1575,1521,3729,1784,1427
479504,1,4329,-4071,745,2072,-1378,3188,2143,1351,-502,2700,2025,1573,1520,3727,1784,1429
479504,1,4327,-4073,743,2070,-1381,3192,2143,1353,-503,2699,2026,1574,1518,3730,1785,1430
479504,1,4329,-4069,743,2073,-1378,3188,2143,1351,-504,2699,2024,1576,1521,3726,1784,1428
479504,1,4326,-4071,745,2070,-1386,3192,2143,1352,-503,2700,2028,1575,1523,3727,1785,1429
479504,0,4326,-4071,745,2070,-1386,3192,2143,1352,-503,2700,2028,1575,1523,3727,1785,1429
479504,1,4327,-4071,746,2071,-1377,3188,2143,1353,-501,2699,2026,1575,1520,3727,1784,1427
479504,1,4327,-4069,747,2072,-1380,3190,2140,1352,-500,2698,2025,1573,1521,3728,1784,1430
479504,1,4326,-4071,747,2071,-1379,3189,2142,1351,-503,2697,2026,1574,1521,3730,1783,1426
479504,1,4326,-4069,750,2071,-1379,3191,2143,1350,-504,2698,2028,1576,1521,3727,1782,1429
479504,0,4326,-4069,750,2071,-1379,3191,2143,1350,-504,2698,2028,1576,1521,3727,1782,1429
479504,1,4326,-4071,745,2072,-1381,3189,2140,1351,-503,2699,2028,1573,1518,3730,1780,1430
479504,1,4328,-4073,746,2071,-1384,3191,2144,1351,-502,2701,2026,1575,1519,3730,1782,1426
479504,1,4328,-4072,748,2071,-1377,3188,2144,1353,-500,2702,2024,1572,1520,3731,1784,1426
479504,1,4328,-4072,746,2074,-1382,3186,2143,1351,-502,2699,2023,1575,1521,3727,1785,1429
479504,0,4328,-4072,746,2074,-1382,3186,2143,1351,-502,2699,2023,1575,1521,3727,1785,1429
479504,1,4328,-4073,743,2074,-1379,3189,2144,1351,-502,2697,2024,1573,1519,3726,1781,1428
479504,1,4328,-4071,747,2070,-1382,3189,2143,1350,-502,2698,2024,1575,1519,3728,1783,1427
479504,1,4327,-4068,747,2070,-1378,3189,2143,1351,-501,2700,2026,1575,1521,3731,1782,1428
479504,1,4327,-4070,745,2072,-1382,3192,2144,1352,-501,2703,2026,1574,1520,3728,1783,1429
479505,0,4327,-4070,745,2072,-1382,3192,2144,1352,-501,2703,2026,1574,1520,3728,1783,1429
479505,1,4326,-4071,747,2071,-1381,3189,2143,1355,-504,2697,2026,1577,1521,3727,1784,1429
479505,1,4328,-4073,743,2070,-1380,3186,2145,1353,-502,2698,2024,1573,1522,3730,1783,1427
479505,1,4328,-4072,745,2073,-1381,3189,2143,1352,-503,2700,2024,1570,1522,3729,1784,1429
479505,1,4328,-4073,745,2070,-1379,3187,2141,1354,-502,2699,2027,1576,1521,3729,1783,1427
479505,0,4328,-4073,745,2070,-1379,3187,2141,1354,-502,2699,2027,1576,1521,3729,1783,1427
479505,1,4325,-4071,743,2072,-1377,3188,2145,1352,-505,2697,2025,1576,1522,3726,1782,1427
479505,1,4327,-4071,745,2074,-1383,3190,2144,1350,-501,2699,2027,1570,1522,3729,1783,1430
479505,1,4326,-4072,745,2072,-1378,3187,2140,1353,-500,2697,2026,1575,1520,3732,1788,1427
479505,1,4325,-4071,747,2072,-1380,3187,2142,1351,-501,2699,2024,1573,1523,3729,1784,1429
479505,0,4325,-4071,747,2072,-1380,3187,2142,1351,-501,2699,2024,1573,1523,3729,1784,1429
479505,1,4325,-4072,746,2070,-1380,3189,2143,1352,-502,2697,2023,1575,1521,3731,1784,1428
479505,1,4326,-4071,746,2072,-1381,3192,2140,1347,-501,2700,2023,1575,1519,3729,1783,1427
479505,1,4326,-4068,745,2074,-1381,3190,2142,1354,-501,2697,2022,1577,1522,3730,1785,1427
479505,1,4326,-4072,747,2072,-1381,3190,2143,1348,-503,2699,2026,1575,1522,3728,1782,1426
479505,1,4326,-4068,745,2072,-1382,3191,2143,1352,-502,2700,2026,1575,1517,3731,1783,1426
479505,0,4326,-4068,745,2072,-1382,3191,2143,1352,-502,2700,2026,1575,1517,3731,1783,1426
479505,1,4326,-4069,748,2074,-1380,3187,2143,1352,-502,2696,2023,1574,1517,3731,1785,1430
479505,1,4327,-4072,748,2072,-1382,3185,2144,1349,-500,2696,2023,1572,1521,3732,1784,1430
479505,1,4330,-4071,747,2074,-1383,3192,2143,1355,-502,2699,2026,1574,1520,3731,1784,1429
479505,1,4326,-4073,744,2071,-1380,3188,2144,1349,-500,2700,2022,1576,1519,3731,1786,1426
479505,0,4326,-4073,744,2071,-1380,3188,2144,1349,-500,2700,2022,1576,1519,3731,1786,1426
479505,1,4327,-4067,747,2073,-1380,3189,2142,1349,-501,2698,2026,1577,1521,3733,1782,1427
479505,1,4327,-4068,747,2071,-1382,3189,2144,1353,-500,2699,2028,1578,1523,3731,1784,1428
479505,1,4327,-4072,746,2070,-1383,3188,2143,1352,-502,2700,2028,1576,1523,3729,1785,1428
479505,1,4329,-4072,744,2070,-1382,3190,2143,1351,-503,2698,2025,1576,1519,3731,1784,1429
479505,0,4329,-4072,744,2070,-1382,3190,2143,1351,-503,2698,2025,1576,1519,3731,1784,1429
479505,1,4327,-4071,744,2072,-1378,3188,2141,1350,-504,2699,2025,1575,1521,3732,1782,1426
479505,1,4326,-4069,746,2072,-1383,3187,2144,1349,-500,2700,2025,1572,1520,3729,1784,1429
479505,1,4327,-4070,745,2070,-1378,3190,2143,1354,-502,2697,2024,1577,1521,3730,1782,1430
479505,1,4325,-4071,746,2073,-1385,3190,2144,1352,-501,2700,2025,1575,1521,3731,1785,1430
479505,0,4325,-4071,746,2073,-1385,3190,2144,1352,-501,2700,2025,1575,1521,3731,1785,1430
479505,1,4330,-4071,747,2070,-1379,3191,2142,1351,-502,2697,2025,1574,1521,3733,1783,1429
479505,1,4328,-4071,745,2071,-1380,3188,2143,1351,-501,2697,2021,1574,1521,3732,1784,1429
479505,1,4327,-4070,744,2072,-1381,3192,2141,1349,-501,2699,2025,1576,1523,3729,1783,1429
479505,1,4329,-4071,747,2074,-1384,3189,2142,1350,-505,2697,2021,1575,1521,3730,1784,1427
479505,0,4329,-4071,747,2074,-1384,3189,2142,1350,-505,2697,2021,1575,1521,3730,1784,1427
479505,1,4328,-4073,747,2073,-1382,3190,2141,1350,-500,2700,2025,1576,1519,3732,1784,1430
479505,1,4326,-4070,745,2072,-1383,3189,2144,1350,-502,2699,2026,1577,1518,3730,1784,1427
479505,1,4325,-4072,750,2071,-1379,3189,2141,1351,-501,2698,2027,1575,1521,3730,1782,1427
479505,1,4326,-4072,747,2070,-1383,3189,2144,1348,-500,2698,2026,1575,1521,3731,1785,1427
479505,0,4326,-4072,747,2070,-1383,3189,2144,1348,-500,2698,2026,1575,1521,3731,1785,1427
479505,1,4325,-4072,747,2069,-1380,3188,2143,1352,-503,2700,2024,1576,1521,3729,1784,1430
479505,1,4327,-4071,744,2070,-1382,3191,2142,1355,-501,2697,2023,1576,1520,3731,1783,1429
479505,1,4330,-4072,745,2072,-1377,3186,2142,1350,-504,2699,2025,1575,1520,3732,1783,1428
479505,1,4325,-4072,747,2069,-1386,3188,2142,1352,-503,2697,2025,1575,1521,3730,1783,1427
479505,0,4325,-4072,747,2069,-1386,3188,2142,1352,-503,2697,2025,1575,1521,3730,1783,1427
479505,1,4324,-4071,746,2072,-1382,3191,2143,1351,-501,2697,2027,1577,1522,3731,1785,1427
479505,1,4324,-4070,747,2072,-1383,3190,2142,1351,-502,2698,2025,1576,1520,3733,1787,1429
479505,1,4326,-4072,746,2074,-1378,3192,2143,1352,-502,2697,2026,1574,1521,3730,1784,1429
479505,1,4327,-4068,745,2074,-1380,3189,2144,1353,-501,2701,2024,1575,1521,3732,1785,1431
479505,0,4327,-4068,745,2074,-1380,3189,2144,1353,-501,2701,2024,1575,1521,3732,1785,1431
479505,1,4329,-4070,746,2072,-1380,3188,2142,1353,-502,2699,2024,1575,1522,3734,1784,1430
479505,1,4328,-4070,747,2070,-1382,3191,2145,1352,-501,2696,2027,1575,1523,3733,1783,1429
479505,1,4326,-4072,747,2070,-1381,3189,2143,1351,-503,2699,2025,1574,1519,3731,1782,1430
479505,1,4328,-4071,743,2073,-1380,3189,2140,1351,-501,2700,2027,1575,1522,3732,1784,1428
479505,0,4328,-4071,743,2073,-1380,3189,2140,1351,-501,2700,2027,1575,1522,3732,1784,1428
479505,1,4326,-4070,746,2072,-1374,3187,2143,1352,-503,2698,2027,1573,1518,3729,1783,1429
479505,1,4327,-4070,747,2068,-1382,3191,2141,1353,-501,2698,2023,1574,1522,3731,1783,1431
479505,1,4326,-4071,746,2072,-1383,3188,2142,1350,-501,2698,2023,1576,1522,3730,1783,1427
479505,1,4327,-4069,745,2069,-1381,3187,2142,1351,-503,2700,2026,1575,1521,3733,1785,1429
479505,0,4327,-4069,745,2069,-1381,3187,2142,1351,-503,2700,2026,1575,1521,3733,1785,1429
479505,1,4327,-4071,744,2071,-1379,3192,2143,1351,-500,2702,2027,1575,1519,3730,1784,1426
479505,1,4327,-4072,746,2072,-1384,3187,2143,1352,-502,2698,2025,1576,1521,3732,1781,1427
479505,1,4325,-4069,746,2072,-1383,3189,2144,1350,-501,2697,2023,1575,1522,3732,1784,1429
479505,1,4329,-4070,748,2071,-1381,3187,2142,1351,-502,2699,2026,1574,1521,3733,1784,1429
479505,0,4329,-4070,748,2071,-1381,3187,2142,1351,-502,2699,2026,1574,1521,3733,1784,1429
479505,1,4331,-4070,745,2071,-1376,3188,2144,1350,-504,2698,2023,1572,1522,3732,1785,1430
479505,1,4325,-4070,746,2069,-1387,3190,2144,1352,-502,2697,2026,1575,1521,3729,1784,1427
479505,1,4327,-4072,746,2072,-1379,3189,2142,1353,-504,2698,2025,1574,1519,3732,1784,1430
479505,1,4327,-4070,744,2070,-1381,3191,2143,1353,-502,2697,2028,1573,1523,3732,1783,1429
479505,0,4327,-4070,744,2070,-1381,3191,2143,1353,-502,2697,2028,1573,1523,3732,1783,1429
479505,1,4330,-4072,745,2070,-1378,3188,2143,1352,-504,2697,2027,1576,1521,3734,1783,1430
479505,1,4329,-4071,747,2070,-1378,3188,2146,1349,-504,2699,2026,1574,1522,3733,1784,1426
479505,1,4328,-4071,746,2070,-1382,3192,2143,1352,-502,2700,2023,1576,1521,3732,1783,1427
479505,1,4330,-4071,745,2070,-1380,3189,2144,1350,-500,2697,2024,1575,1522,3732,1785,1428
479505,0,4330,-4071,745,2070,-1380,3189,2144,1350,-500,2697,2024,1575,1522,3732,1785,1428
479505,1,4325,-4068,747,2069,-1386,3191,2142,1351,-501,2698,2026,1572,1518,3733,1784,1429
479505,1,4327,-4072,747,2070,-1380,3189,2146,1351,-501,2698,2024,1573,1521,3733,1784,1426
479505,1,4328,-4071,746,2072,-1379,3188,2144,1353,-504,2697,2026,1575,1520,3730,1785,1429
479505,1,4326,-4073,743,2070,-1382,3189,2142,1353,-501,2699,2025,1575,1523,3732,1786,1430
479505,0,4326,-4073,743,2070,-1382,3189,2142,1353,-501,2699,2025,1575,1523,3732,1786,1430
479505,1,4325,-4069,747,2072,-1380,3190,2143,1353,-501,2697,2027,1575,1520,3733,1786,1427
479505,1,4327,-4070,747,2070,-1380,3188,2143,1353,-502,2697,2024,1573,1523,3731,1784,1428
479505,1,4326,-4069,747,2074,-1378,3190,2141,1353,-501,2699,2026,1576,1522,3729,1784,1432
479505,1,4326,-4071,746,2070,-1381,3189,2143,1353,-501,2698,2025,1577,1520,3732,1780,1428
479505,1,4327,-4069,747,2070,-1381,3190,2141,1352,-503,2697,2026,1575,1521,3732,1784,1429
479505,0,4327,-4069,747,2070,-1381,3190,2141,1352,-503,2697,2026,1575,1521,3732,1784,1429
479505,1,4326,-4069,746,2074,-1379,3187,2143,1354,-503,2697,2027,1577,1519,3732,1784,1428
479505,1,4327,-4069,747,2069,-1380,3191,2143,1352,-501,2699,2025,1577,1520,3731,1782,1429
479505,1,4330,-4072,746,2070,-1376,3187,2144,1349,-503,2700,2025,1576,1521,3729,1784,1430
479505,1,4327,-4069,747,2070,-1382,3190,2144,1350,-503,2698,2024,1574,1522,3731,1783,1430
479505,0,4327,-4069,747,2070,-1382,3190,2144,1350,-503,2698,2024,1574,1522,3731,1783,1430
479505,1,4326,-4073,745,2073,-1385,3187,2141,1349,-505,2697,2025,1575,1521,3729,1784,1431
479505,1,4326,-4070,745,2071,-1379,3189,2142,1353,-502,2698,2026,1576,1519,3730,1783,1432
479505,1,4327,-4072,746,2070,-1382,3190,2142,1352,-502,2698,2026,1575,1522,3732,1783,1429
479505,1,4329,-4071,744,2070,-1378,3190,2143,1353,-502,2698,2026,1575,1521,3733,1784,1429
479505,0,4329,-4071,744,2070,-1378,3190,2143,1353,-502,2698,2026,1575,1521,3733,1784,1429
479505,1,4326,-4072,747,2074,-1384,3190,2142,1351,-504,2699,2024,1574,1521,3734,1783,1429
479505,1,4329,-4071,744,2070,-1378,3190,2145,1353,-502,2698,2025,1575,1519,3729,1784,1427
479505,1,4328,-4071,742,2070,-1378,3188,2144,1353,-501,2697,2026,1576,1522,3733,1785,1429
479505,1,4325,-4070,746,2069,-1378,3191,2143,1352,-501,2697,2028,1574,1522,3731,1785,1427
479505,0,4325,-4070,746,2069,-1378,3191,2143,1352,-501,2697,2028,1574,1522,3731,1785,1427
479505,1,4327,-4073,746,2071,-1384,3189,2143,1352,-500,2701,2023,1575,1522,3732,1784,1428
479505,1,4327,-4068,746,2070,-1383,3191,2144,1353,-502,2697,2026,1578,1521,3731,1783,1429
479505,1,4324,-4070,747,2071,-1381,3189,2143,1353,-503,2697,2026,1576,1518,3733,1785,1429
479505,1,4328,-4069,743,2073,-1378,3192,2142,1353,-500,2698,2025,1574,1521,3732,1784,1431
479505,0,4328,-4069,743,2073,-1378,3192,2142,1353,-500,2698,2025,1574,1521,3732,1784,1431
479505,1,4327,-4071,745,2071,-1387,3190,2141,1352,-502,2701,2025,1574,1520,3731,1784,1426
479505,1,4327,-4070,746,2069,-1379,3189,2142,1351,-502,2699,2025,1574,1522,3731,1783,1430
479505,1,4329,-4070,747,2074,-1380,3190,2146,1350,-502,2698,2025,1574,1523,3733,1783,1431
479505,1,4328,-4072,747,2074,-1377,3185,2143,1351,-501,2700,2026,1577,1521,3732,1782,1427
479505,0,4328,-4072,747,2074,-1377,3185,2143,1351,-501,2700,2026,1577,1521,3732,1782,1427
479505,1,4326,-4071,747,2072,-1382,3190,2143,1350,-501,2697,2025,1575,1519,3733,1784,1432
479505,1,4327,-4073,747,2075,-1382,3190,2142,1351,-500,2699,2025,1572,1520,3732,1784,1431
479505,1,4327,-4070,744,2075,-1380,3186,2143,1351,-502,2697,2026,1576,1522,3729,1784,1430
479505,1,4325,-4069,746,2073,-1378,3188,2142,1353,-503,2697,2026,1576,1520,3732,1782,1430
479505,0,4325,-4069,746,2073,-1378,3188,2142,1353,-503,2697,2026,1576,1520,3732,1782,1430
479505,1,4328,-4073,746,2072,-1380,3187,2141,1354,-501,2698,2023,1574,1520,3730,1786,1429
479505,1,4326,-4073,747,2074,-1379,3189,2145,1350,-501,2697,2026,1576,1522,3731,1786,1429
479505,1,4328,-4070,746,2071,-1381,3189,2143,1351,-500,2697,2027,1576,1521,3732,1785,1428
479505,1,4324,-4072,746,2071,-1382,3191,2144,1353,-502,2700,2026,1574,1521,3732,1784,1430
479505,0,4324,-4072,746,2071,-1382,3191,2144,1353,-502,2700,2026,1574,1521,3732,1784,1430
479505,1,4327,-4072,744,2074,-1382,3189,2145,1350,-502,2700,2024,1577,1519,3731,1782,1431
479505,1,4325,-4071,749,2074,-1375,3188,2142,1353,-501,2697,2020,1575,1519,3732,1784,1430
479505,1,4328,-4072,747,2072,-1382,3186,2142,1352,-502,2702,2022,1576,1521,3730,1784,1430
479505,1,4327,-4070,744,2073,-1377,3189,2143,1350,-506,2696,2028,1576,1519,3733,1785,1430
479505,0,4327,-4070,744,2073,-1377,3189,2143,1350,-506,2696,2028,1576,1519,3733,1785,1430
479505,1,4327,-4072,744,2071,-1384,3188,2143,1353,-503,2697,2025,1575,1523,3732,1785,1427
479505,1,4326,-4071,745,2073,-1383,3189,2145,1350,-503,2698,2025,1575,1521,3732,1785,1430
479505,1,4329,-4073,747,2072,-1386,3188,2142,1351,-501,2698,2020,1577,1521,3733,1785,1428
479505,1,4329,-4071,745,2071,-1378,3191,2144,1351,-503,2699,2022,1575,1521,3733,1786,1430
479505,0,4329,-4071,745,2071,-1378,3191,2144,1351,-503,2699,2022,1575,1521,3733,1786,1430
479505,1,4326,-4072,746,2072,-1384,3185,2144,1354,-500,2697,2024,1572,1521,3731,1786,1431
479505,1,4327,-4071,746,2071,-1377,3189,2144,1351,-500,2699,2025,1576,1518,3733,1785,1432
479505,1,4327,-4070,746,2072,-1385,3189,2145,1355,-501,2697,2026,1579,1521,3732,1785,1430
479505,1,4327,-4072,747,2074,-1379,3188,2142,1351,-504,2697,2025,1572,1522,3732,1784,1429
479505,0,4327,-4072,747,2074,-1379,3188,2142,1351,-504,2697,2025,1572,1522,3732,1784,1429
479505,1,4327,-4071,745,2070,-1381,3191,2142,1354,-502,2699,2025,1573,1521,3732,1780,1429
479505,1,4326,-4071,747,2072,-1378,3189,2142,1350,-503,2696,2024,1573,1521,3733,1784,1431
479505,1,4329,-4071,745,2072,-1385,3189,2144,1353,-499,2698,2025,1578,1520,3732,1781,1428
479505,1,4327,-4068,746,2073,-1380,3189,2144,1349,-503,2699,2026,1575,1521,3733,1786,1432
479505,0,4327,-4068,746,2073,-1380,3189,2144,1349,-503,2699,2026,1575,1521,3733,1786,1432
479505,1,4328,-4071,746,2074,-1382,3187,2144,1350,-503,2698,2026,1575,1521,3731,1784,1430
479505,1,4329,-4072,746,2069,-1378,3192,2143,1353,-502,2699,2028,1578,1520,3733,1785,1431
479505,1,4328,-4070,746,2070,-1384,3189,2143,1354,-502,2698,2027,1576,1519,3731,1784,1430
479505,1,4330,-4070,744,2072,-1378,3190,2143,1352,-502,2702,2025,1575,1520,3732,1784,1431
479505,0,4330,-4070,744,2072,-1378,3190,2143,1352,-502,2702,2025,1575,1520,3732,1784,1431
479505,1,4326,-4072,745,2070,-1383,3190,2144,1353,-502,2699,2025,1574,1523,3733,1781,1430
479505,1,4328,-4070,748,2073,-1378,3189,2143,1351,-503,2698,2026,1575,1519,3733,1784,1431
479505,1,4329,-4070,744,2073,-1382,3189,2144,1353,-502,2700,2024,1574,1519,3733,1784,1432
479505,1,4328,-4069,746,2074,-1381,3189,2142,1351,-500,2699,2026,1575,1519,3733,1787,1429
479505,0,4328,-4069,746,2074,-1381,3189,2142,1351,-500,2699,2026,1575,1519,3733,1787,1429
479505,1,4328,-4072,747,2071,-1380,3187,2142,1354,-503,2696,2025,1575,1519,3729,1784,1431
479505,1,4327,-4075,744,2075,-1380,3188,2142,1353,-500,2698,2024,1573,1521,3732,1780,1429
479505,1,4327,-4071,746,2072,-1385,3187,2143,1353,-501,2697,2026,1573,1519,3733,1784,1430
479505,1,4327,-4068,745,2073,-1377,3191,2144,1351,-502,2698,2023,1578,1518,3732,1783,1431
479505,1,4327,-4073,745,2073,-1383,3189,2142,1353,-503,2697,2025,1574,1522,3732,1783,1431
479505,0,4327,-4073,745,2073,-1383,3189,2142,1353,-503,2697,2025,1574,1522,3732,1783,1431
479505,1,4328,-4073,746,2074,-1378,3192,2142,1350,-501,2696,2026,1574,1521,3731,1783,1430
479505,1,4326,-4073,747,2073,-1384,3189,2143,1356,-501,2697,2025,1576,1524,3734,1783,1433
479505,1,4327,-4073,745,2073,-1380,3190,2144,1350,-503,2700,2024,1576,1521,3732,1784,1432
479505,1,4326,-4072,747,2071,-1382,3188,2142,1350,-501,2698,2027,1572,1520,3731,1786,1431
479505,0,4326,-4072,747,2071,-1382,3188,2142,1350,-501,2698,2027,1572,1520,3731,1786,1431
479505,1,4326,-4074,747,2070,-1377,3187,2143,1354,-503,2697,2026,1574,1521,3733,1782,1432
479505,1,4328,-4070,747,2072,-1380,3188,2143,1353,-503,2699,2026,1575,1520,3732,1783,1431
479505,1,4328,-4070,744,2072,-1383,3187,2142,1351,-501,2698,2024,1577,1521,3732,1784,1431
479505,1,4328,-4071,744,2072,-1379,3187,2142,1350,-503,2701,2025,1576,1519,3730,1786,1432
479505,0,4328,-4071,744,2072,-1379,3187,2142,1350,-503,2701,2025,1576,1519,3730,1786,1432
479505,1,4326,-4070,747,2072,-1377,3189,2143,1351,-501,2697,2026,1575,1523,3732,1782,1429
479505,1,4326,-4070,746,2073,-1381,3188,2142,1354,-501,2698,2025,1575,1522,3732,1782,1429
479505,1,4325,-4072,748,2073,-1377,3191,2140,1352,-503,2700,2022,1578,1520,3731,1787,1430
479505,1,4326,-4070,747,2073,-1382,3186,2143,1354,-502,2700,2025,1575,1519,3732,1783,1431
479505,0,4326,-4070,747,2073,-1382,3186,2143,1354,-502,2700,2025,1575,1519,3732,1783,1431
479505,1,4326,-4072,743,2071,-1379,3192,2142,1351,-503,2700,2026,1575,1516,3732,1783,1430
479505,1,4330,-4072,746,2072,-1380,3187,2142,1351,-500,2696,2024,1574,1522,3732,1781,1432
479505,1,4326,-4072,748,2074,-1376,3191,2142,1353,-502,2696,2025,1572,1521,3731,1783,1431
479505,1,4327,-4072,747,2072,-1380,3189,2140,1352,-500,2698,2026,1577,1521,3730,1783,1431
479505,0,4327,-4072,747,2072,-1380,3189,2140,1352,-500,2698,2026,1577,1521,3730,1783,1431
479505,1,4326,-4071,746,2070,-1383,3188,2142,1349,-504,2699,2026,1574,1519,3729,1784,1430
479505,1,4327,-4074,745,2070,-1377,3192,2143,1350,-502,2697,2022,1575,1516,3730,1782,1430
479505,1,4328,-4070,746,2073,-1376,3190,2143,1352,-504,2698,2023,1575,1521,3732,1782,1430
479505,1,4327,-4070,746,2074,-1380,3189,2143,1354,-502,2700,2026,1575,1522,3732,1785,1431
479505,0,4327,-4070,746,2074,-1380,3189,2143,1354,-502,2700,2026,1575,1522,3732,1785,1431
479505,1,4326,-4070,746,2073,-1381,3190,2146,1353,-500,2697,2023,1572,1520,3732,1783,1432
479505,1,4324,-4073,746,2072,-1379,3190,2141,1353,-501,2699,2026,1575,1519,3731,1785,1431
479505,1,4328,-4069,746,2072,-1379,3191,2143,1352,-502,2698,2026,1577,1520,3733,1787,1432
479505,1,4326,-4072,745,2074,-1379,3188,2144,1352,-503,2699,2025,1575,1521,3731,1786,1431
479505,0,4326,-4072,745,2074,-1379,3188,2144,1352,-503,2699,2025,1575,1521,3731,1786,1431
479505,1,4328,-4069,746,2070,-1382,3190,2143,1353,-503,2697,2025,1578,1520,3733,1785,1430
479505,1,4328,-4071,747,2071,-1380,3188,2144,1351,-500,2697,2022,1575,1519,3732,1782,1430
479505,1,4328,-4074,748,2071,-1382,3186,2143,1351,-501,2699,2026,1574,1521,3731,1782,1430
479505,1,4328,-4070,746,2073,-1378,3190,2144,1350,-504,2698,2025,1575,1520,3732,1782,1430
479505,0,4328,-4070,746,2073,-1378,3190,2144,1350,-504,2698,2025,1575,1520,3732,1782,1430
479505,1,4327,-4073,745,2071,-1383,3188,2142,1350,-501,2699,2026,1574,1524,3733,1784,1430
479505,1,4327,-4072,747,2071,-1379,3189,2145,1351,-502,2699,2028,1574,1520,3732,1785,1431
479505,1,4325,-4070,746,2073,-1379,3190,2143,1355,-502,2697,2025,1577,1518,3733,1784,1430
479505,1,4326,-4069,746,2071,-1380,3189,2144,1353,-501,2698,2022,1577,1520,3733,1784,1431
479505,0,4326,-4069,746,2071,-1380,3189,2144,1353,-501,2698,2022,1577,1520,3733,1784,1431
479505,1,4327,-4074,745,2074,-1377,3191,2143,1353,-500,2699,2026,1575,1520,3732,1783,1429
479506,1,4328,-4071,745,2074,-1381,3187,2143,1351,-503,2697,2025,1575,1521,3734,1783,1431
479506,1,4328,-4069,747,2069,-1382,3192,2141,1351,-503,2700,2026,1574,1518,3730,1783,1432
479506,1,4328,-4070,746,2069,-1382,3189,2141,1355,-503,2700,2024,1577,1519,3732,1784,1430
479506,0,4328,-4070,746,2069,-1382,3189,2141,1355,-503,2700,2024,1577,1519,3732,1784,1430
479506,1,4327,-4071,747,2072,-1384,3189,2140,1352,-500,2697,2026,1575,1521,3731,1785,1431
479506,1,4327,-4071,748,2067,-1380,3189,2144,1353,-502,2700,2026,1574,1520,3734,1782,1430
479506,1,4326,-4073,745,2071,-1383,3189,2141,1353,-503,2698,2024,1574,1523,3730,1784,1430
479506,1,4326,-4073,743,2071,-1380,3189,2140,1352,-502,2699,2023,1573,1520,3732,1782,1432
479506,0,4326,-4073,743,2071,-1380,3189,2140,1352,-502,2699,2023,1573,1520,3732,1782,1432
479506,1,4327,-4070,747,2072,-1378,3190,2141,1351,-503,2702,2025,1574,1522,3733,1785,1432
479506,1,4324,-4072,747,2071,-1382,3187,2143,1353,-503,2697,2024,1574,1519,3733,1786,1431
479506,1,4326,-4072,745,2070,-1378,3188,2143,1353,-500,2699,2025,1577,1521,3732,1783,1431
479506,1,4327,-4071,746,2073,-1381,3189,2142,1353,-499,2698,2024,1574,1520,3734,1782,1430
479506,0,4327,-4071,746,2073,-1381,3189,2142,1353,-499,2698,2024,1574,1520,3734,1782,1430
479506,1,4327,-4070,746,2073,-1377,3189,2143,1351,-501,2700,2023,1576,1518,3733,1782,1431
479506,1,4328,-4071,747,2071,-1378,3189,2144,1353,-505,2698,2023,1575,1518,3734,1785,1430
479506,1,4327,-4073,743,2072,-1379,3189,2144,1352,-504,2699,2024,1574,1522,3731,1784,1431
479506,1,4327,-4071,748,2069,-1381,3186,2143,1352,-504,2699,2026,1573,1521,3732,1784,1433
479506,0,4327,-4071,748,2069,-1381,3186,2143,1352,-504,2699,2026,1573,1521,3732,1784,1433
479506,1,4325,-4071,744,2070,-1381,3190,2143,1356,-500,2697,2029,1576,1521,3731,1785,1432
479506,1,4326,-4069,747,2067,-1377,3189,2142,1351,-501,2699,2028,1576,1518,3731,1782,1430
479506,1,4328,-4072,746,2070,-1381,3190,2141,1350,-501,2696,2026,1578,1517,3733,1784,1432
479506,1,4327,-4071,747,2071,-1378,3188,2143,1350,-501,2699,2023,1575,1522,3731,1783,1432
479506,1,4328,-4071,745,2068,-1379,3189,2142,1351,-503,2698,2023,1575,1519,3730,1784,1429
479506,0,4328,-4071,745,2068,-1379,3189,2142,1351,-503,2698,2023,1575,1519,3730,1784,1429
479506,1,4327,-4068,747,2071,-1382,3188,2144,1351,-502,2700,2024,1576,1520,3731,1784,1430
479506,1,4327,-4072,747,2073,-1379,3189,2144,1354,-501,2698,2026,1575,1521,3733,1785,1430
479506,1,4329,-4073,745,2072,-1379,3186,2144,1351,-502,2698,2025,1576,1521,3733,1781,1430
479506,1,4326,-4073,746,2070,-1380,3189,2143,1351,-502,2700,2026,1575,1519,3732,1783,1429
479506,0,4326,-4073,746,2070,-1380,3189,2143,1351,-502,2700,2026,1575,1519,3732,1783,1429
479506,1,4326,-4070,746,2070,-1382,3189,2145,1349,-500,2699,2025,1577,1517,3731,1783,1430
479506,1,4329,-4071,747,2072,-1384,3190,2143,1352,-503,2699,2024,1577,1521,3733,1786,1430
479506,1,4328,-4072,747,2070,-1381,3188,2143,1350,-505,2698,2025,1578,1521,3729,1785,1432
479506,1,4325,-4072,746,2070,-1384,3188,2143,1351,-502,2697,2026,1575,1522,3730,1784,1429
479506,0,4325,-4072,746,2070,-1384,3188,2143,1351,-502,2697,2026,1575,1522,3730,1784,1429
479506,1,4326,-4071,744,2070,-1378,3190,2144,1351,-501,2698,2026,1575,1517,3731,1783,1430
479506,1,4327,-4073,744,2071,-1379,3189,2143,1353,-505,2699,2025,1576,1518,3732,1782,1433
479506,1,4328,-4072,746,2070,-1383,3185,2144,1352,-505,2696,2026,1577,1522,3731,1787,1431
479506,1,4327,-4071,746,2070,-1376,3191,2140,1353,-504,2698,2023,1574,1519,3733,1785,1430
479506,0,4327,-4071,746,2070,-1376,3191,2140,1353,-504,2698,2023,1574,1519,3733,1785,1430
479506,1,4328,-4071,747,2069,-1381,3189,2142,1353,-501,2699,2025,1575,1515,3733,1783,1430
479506,1,4327,-4069,747,2071,-1375,3191,2144,1353,-504,2700,2026,1577,1518,3729,1785,1430
479506,1,4331,-4073,746,2071,-1378,3186,2144,1351,-504,2696,2024,1575,1520,3733,1782,1430
479506,1,4326,-4071,744,2072,-1381,3192,2141,1351,-503,2699,2026,1575,1520,3731,1782,1432
479506,0,4326,-4071,744,2072,-1381,3192,2141,1351,-503,2699,2026,1575,1520,3731,1782,1432
479506,1,4326,-4071,747,2070,-1381,3189,2144,1351,-504,2697,2027,1575,1516,3732,1783,1431
479506,1,4327,-4070,746,2070,-1383,3189,2143,1351,-502,2701,2028,1575,1517,3733,1784,1433
479506,1,4327,-4073,743,2070,-1381,3189,2143,1351,-500,2697,2025,1576,1520,3731,1783,1429
479506,1,4327,-4072,747,2072,-1382,3190,2143,1351,-502,2698,2023,1575,1521,3735,1783,1430
479506,0,4327,-4072,747,2072,-1382,3190,2143,1351,-502,2698,2023,1575,1521,3735,1783,1430
479506,1,4329,-4071,748,2070,-1382,3188,2144,1351,-503,2698,2029,1574,1519,3732,1785,1433
479506,1,4328,-4072,746,2069,-1379,3190,2143,1351,-504,2698,2027,1575,1521,3731,1784,1432
479506,1,4327,-4072,747,2071,-1382,3187,2142,1354,-503,2700,2026,1576,1518,3733,1782,1432
479506,1,4329,-4071,745,2069,-1383,3191,2141,1351,-502,2699,2023,1575,1520,3733,1785,1433
479506,0,4329,-4071,745,2069,-1383,3191,2141,1351,-502,2699,2023,1575,1520,3733,1785,1433
479506,1,4326,-4072,744,2070,-1377,3187,2143,1350,-502,2698,2026,1573,1519,3732,1782,1430
479506,1,4328,-4072,748,2074,-1383,3190,2141,1350,-505,2695,2024,1574,1522,3730,1782,1433
479506,1,4328,-4069,747,2075,-1379,3188,2144,1351,-502,2701,2027,1575,1521,3729,1785,1430
479506,1,4326,-4071,746,2074,-1383,3189,2144,1351,-505,2698,2026,1573,1519,3730,1783,1433
479506,0,4326,-4071,746,2074,-1383,3189,2144,1351,-505,2698,2026,1573,1519,3730,1783,1433
479506,1,4326,-4072,746,2075,-1380,3187,2143,1351,-501,2697,2025,1575,1518,3730,1785,1432
479506,1,4328,-4071,745,2074,-1381,3191,2144,1351,-501,2697,2023,1576,1521,3731,1784,1429
479506,1,4327,-4072,745,2073,-1378,3189,2142,1351,-503,2698,2025,1576,1517,3732,1783,1431
479506,1,4328,-4067,746,2072,-1380,3189,2144,1350,-503,2698,2024,1575,1517,3732,1785,1430
479506,0,4328,-4067,746,2072,-1380,3189,2144,1350,-503,2698,2024,1575,1517,3732,1785,1430
479506,1,4325,-4069,746,2072,-1379,3187,2143,1351,-501,2696,2025,1575,1520,3733,1782,1429
479506,1,4325,-4072,746,2072,-1379,3192,2145,1351,-502,2700,2025,1575,1522,3733,1784,1431
479506,1,4326,-4071,746,2071,-1382,3188,2144,1352,-503,2698,2025,1576,1519,3732,1784,1432
479506,1,4328,-4072,746,2072,-1383,3189,2143,1350,-504,2698,2026,1575,1517,3730,1786,1431
479506,0,4328,-4072,746,2072,-1383,3189,2143,1350,-504,2698,2026,1575,1517,3730,1786,1431
479506,1,4326,-4070,744,2071,-1382,3187,2141,1353,-502,2700,2027,1576,1519,3731,1783,1430
479506,1,4328,-4071,745,2072,-1381,3190,2143,1350,-502,2697,2023,1575,1519,3733,1783,1431
479506,1,4326,-4070,747,2073,-1379,3188,2142,1353,-502,2697,2026,1573,1521,3730,1784,1431
479506,1,4325,-4071,746,2070,-1384,3189,2143,1352,-500,2702,2026,1576,1521,3734,1786,1432
479506,0,4325,-4071,746,2070,-1384,3189,2143,1352,-500,2702,2026,1576,1521,3734,1786,1432
479506,1,4327,-4071,743,2072,-1378,3187,2144,1351,-503,2699,2026,1575,1520,3731,1782,1432
479506,1,4326,-4071,747,2072,-1383,3188,2143,1353,-503,2698,2025,1576,1521,3732,1784,1432
479506,1,4327,-4071,743,2070,-1379,3187,2144,1352,-507,2699,2025,1575,1521,3733,1783,1432
479506,1,4330,-4074,744,2071,-1379,3191,2143,1353,-501,2697,2024,1575,1517,3732,1784,1431
479506,0,4330,-4074,744,2071,-1379,3191,2143,1353,-501,2697,2024,1575,1517,3732,1784,1431
479506,1,4325,-4072,747,2069,-1381,3189,2143,1352,-501,2699,2024,1575,1519,3733,1784,1434
479506,1,4327,-4069,745,2069,-1381,3191,2142,1353,-501,2698,2026,1579,1519,3731,1784,1434
479506,1,4326,-4070,744,2069,-1378,3187,2141,1352,-502,2697,2024,1574,1520,3732,1786,1432
479506,1,4326,-4067,743,2074,-1383,3191,2143,1353,-502,2697,2028,1573,1519,3732,1783,1431
479506,0,4326,-4067,743,2074,-1383,3191,2143,1353,-502,2697,2028,1573,1519,3732,1783,1431
479506,1,4329,-4074,745,2073,-1377,3187,2143,1351,-502,2697,2028,1576,1521,3730,1786,1431
479506,1,4328,-4072,746,2073,-1383,3193,2143,1354,-503,2700,2026,1575,1518,3732,1782,1431
479506,1,4327,-4071,744,2070,-1379,3189,2142,1352,-501,2697,2023,1575,1520,3733,1781,1432
479506,1,4327,-4070,743,2072,-1383,3187,2144,1353,-502,2698,2025,1573,1520,3730,1785,1433
479506,0,4327,-4070,743,2072,-1383,3187,2144,1353,-502,2698,2025,1573,1520,3730,1785,1433
479506,1,4327,-4072,747,2069,-1381,3188,2142,1353,-499,2700,2021,1572,1518,3732,1783,1432
479506,1,4326,-4071,744,2070,-1384,3189,2142,1351,-503,2699,2025,1576,1519,3734,1785,1432
479506,1,4326,-4073,745,2070,-1379,3189,2142,1352,-502,2700,2026,1573,1518,3731,1784,1431
479506,1,4327,-4070,745,2070,-1382,3191,2143,1350,-502,2695,2026,1575,1521,3732,1783,1432
479506,1,4327,-4072,746,2070,-1377,3186,2143,1353,-501,2697,2022,1575,1517,3731,1785,1431
479506,0,4327,-4072,746,2070,-1377,3186,2143,1353,-501,2697,2022,1575,1517,3731,1785,1431
479506,1,4327,-4071,747,2072,-1386,3190,2145,1351,-503,2697,2024,1575,1521,3730,1786,1432
479506,1,4328,-4067,746,2073,-1382,3189,2141,1351,-503,2700,2027,1573,1521,3732,1782,1432
479506,1,4327,-4072,744,2072,-1382,3192,2141,1351,-501,2697,2025,1575,1518,3733,1784,1430
479506,1,4327,-4070,747,2072,-1375,3189,2142,1351,-502,2698,2025,1573,1519,3734,1785,1433
479506,0,4327,-4070,747,2072,-1375,3189,2142,1351,-502,2698,2025,1573,1519,3734,1785,1433
479506,1,4327,-4072,747,2073,-1383,3187,2143,1351,-500,2699,2025,1576,1520,3732,1783,1434
479506,1,4327,-4070,744,2070,-1378,3192,2144,1350,-502,2697,2023,1577,1521,3732,1781,1432
479506,1,4325,-4068,746,2070,-1382,3189,2143,1352,-500,2698,2023,1577,1521,3735,1783,1434
479506,1,4327,-4071,748,2073,-1375,3188,2141,1351,-500,2697,2023,1575,1517,3731,1785,1430
479506,0,4327,-4071,748,2073,-1375,3188,2141,1351,-500,2697,2023,1575,1517,3731,1785,1430
479506,1,4324,-4072,745,2072,-1383,3192,2142,1353,-501,2699,2025,1576,1518,3731,1784,1430
479506,1,4326,-4071,745,2072,-1377,3188,2144,1351,-501,2696,2026,1577,1524,3733,1783,1433
479506,1,4326,-4070,747,2071,-1384,3188,2143,1351,-504,2699,2029,1576,1517,3732,1786,1433
479506,1,4328,-4073,746,2071,-1380,3186,2142,1351,-501,2699,2025,1575,1518,3732,1784,1432
479506,0,4328,-4073,746,2071,-1380,3186,2142,1351,-501,2699,2025,1575,1518,3732,1784,1432
479506,1,4327,-4072,746,2074,-1383,3191,2143,1352,-503,2697,2024,1575,1518,3731,1784,1432
479506,1,4327,-4067,744,2072,-1377,3187,2144,1351,-501,2697,2024,1573,1517,3730,1784,1431
479506,1,4327,-4069,745,2074,-1382,3191,2143,1350,-499,2699,2025,1573,1520,3732,1783,1432
479506,1,4326,-4073,748,2072,-1379,3190,2144,1352,-500,2697,2025,1573,1518,3730,1784,1434
479506,0,4326,-4073,748,2072,-1379,3190,2144,1352,-500,2697,2025,1573,1518,3730,1784,1434
479506,1,4328,-4072,746,2069,-1384,3189,2143,1352,-501,2699,2027,1576,1519,3731,1783,1432
479506,1,4327,-4070,744,2072,-1379,3190,2142,1348,-501,2699,2024,1573,1520,3732,1783,1432
479506,1,4329,-4070,747,2072,-1383,3187,2142,1352,-503,2698,2026,1574,1519,3731,1783,1434
479506,1,4327,-4068,745,2073,-1378,3187,2142,1352,-501,2698,2024,1574,1517,3732,1786,1430
479506,0,4327,-4068,745,2073,-1378,3187,2142,1352,-501,2698,2024,1574,1517,3732,1786,1430
479506,1,4328,-4074,743,2072,-1382,3191,2142,1353,-503,2697,2024,1577,1518,3731,1784,1434
479506,1,4327,-4070,745,2071,-1379,3189,2144,1353,-500,2697,2025,1576,1519,3734,1784,1432
479506,1,4324,-4071,745,2069,-1380,3191,2143,1354,-500,2698,2026,1574,1520,3733,1780,1433
479506,1,4327,-4070,744,2072,-1376,3188,2143,1354,-504,2699,2025,1575,1519,3730,1784,1433
479506,0,4327,-4070,744,2072,-1376,3188,2143,1354,-504,2699,2025,1575,1519,3730,1784,1433
479506,1,4326,-4068,746,2073,-1381,3189,2143,1352,-504,2697,2028,1574,1516,3730,1784,1434
479506,1,4328,-4070,746,2072,-1381,3189,2144,1351,-503,2698,2024,1576,1516,3733,1784,1434
479506,1,4325,-4070,747,2073,-1383,3188,2142,1351,-500,2700,2026,1575,1519,3731,1782,1433
479506,1,4328,-4071,745,2070,-1379,3189,2143,1350,-503,2700,2026,1576,1517,3732,1785,1432
479506,0,4328,-4071,745,2070,-1379,3189,2143,1350,-503,2700,2026,1576,1517,3732,1785,1432
479506,1,4326,-4072,741,2070,-1381,3189,2142,1352,-500,2698,2027,1575,1517,3732,1784,1434
479506,1,4326,-4070,747,2072,-1377,3189,2142,1350,-500,2697,2026,1576,1517,3730,1787,1432
479506,1,4328,-4072,747,2070,-1380,3188,2142,1350,-503,2699,2026,1579,1519,3733,1784,1433
479506,1,4327,-4072,746,2072,-1378,3191,2146,1352,-502,2698,2023,1571,1520,3733,1784,1434
479506,0,4327,-4072,746,2072,-1378,3191,2146,1352,-502,2698,2023,1571,1520,3733,1784,1434
479506,1,4326,-4074,747,2070,-1382,3190,2143,1355,-504,2697,2026,1575,1518,3731,1785,1431
479506,1,4328,-4069,745,2072,-1377,3188,2142,1351,-501,2699,2024,1577,1519,3733,1786,1434
479506,1,4327,-4068,746,2070,-1382,3190,2141,1352,-502,2697,2026,1576,1517,3731,1785,1432
479506,1,4328,-4072,747,2074,-1376,3189,2142,1350,-503,2698,2026,1573,1518,3732,1781,1431
479506,0,4328,-4072,747,2074,-1376,3189,2142,1350,-503,2698,2026,1573,1518,3732,1781,1431
479506,1,4330,-4070,747,2074,-1381,3189,2142,1353,-501,2698,2025,1574,1519,3730,1784,1432
479506,1,4329,-4072,746,2073,-1379,3188,2143,1352,-504,2698,2023,1575,1520,3732,1786,1432
479506,1,4328,-4072,745,2072,-1382,3189,2143,1352,-503,2699,2026,1575,1519,3732,1784,1432
479506,1,4328,-4069,744,2071,-1379,3188,2143,1353,-502,2699,2025,1575,1519,3731,1784,1434
479506,0,4328,-4069,744,2071,-1379,3188,2143,1353,-502,2699,2025,1575,1519,3731,1784,1434
479506,1,4327,-4068,746,2072,-1381,3191,2143,1351,-504,2699,2024,1575,1516,3730,1784,1432
479506,1,4328,-4071,746,2072,-1379,3189,2143,1352,-503,2697,2026,1575,1518,3731,1783,1432
479506,1,4327,-4071,746,2071,-1384,3192,2143,1353,-501,2696,2026,1576,1520,3731,1784,1433
479506,1,4327,-4070,745,2072,-1380,3188,2143,1352,-502,2697,2025,1576,1520,3733,1782,1433
479506,0,4327,-4070,745,2072,-1380,3188,2143,1352,-502,2697,2025,1576,1520,3733,1782,1433
479506,1,4328,-4070,746,2072,-1382,3190,2141,1355,-499,2694,2025,1575,1519,3734,1786,1434
479506,1,4325,-4071,746,2075,-1378,3188,2143,1353,-501,2700,2025,1574,1520,3733,1784,1431
479506,1,4325,-4071,748,2072,-1382,3190,2145,1353,-502,2698,2022,1576,1519,3731,1785,1434
479506,1,4327,-4071,746,2072,-1381,3188,2141,1350,-499,2698,2026,1575,1517,3732,1785,1432
479506,0,4327,-4071,746,2072,-1381,3188,2141,1350,-499,2698,2026,1575,1517,3732,1785,1432
479506,1,4327,-4070,747,2072,-1381,3190,2141,1351,-501,2698,2023,1577,1517,3731,1784,1431
479506,1,4328,-4071,745,2072,-1379,3190,2142,1353,-501,2697,2027,1571,1519,3735,1787,1433
479506,1,4327,-4069,747,2072,-1384,3189,2142,1351,-501,2700,2024,1574,1519,3734,1783,1432
479506,1,4328,-4071,746,2072,-1379,3191,2142,1349,-504,2696,2024,1575,1521,3732,1786,1434
479506,0,4328,-4071,746,2072,-1379,3191,2142,1349,-504,2696,2024,1575,1521,3732,1786,1434
479506,1,4328,-4069,746,2072,-1383,3190,2145,1353,-502,2697,2022,1576,1521,3730,1783,1433
479506,1,4325,-4072,748,2071,-1377,3188,2142,1351,-503,2700,2025,1576,1519,3733,1785,1434
479506,1,4326,-4073,747,2074,-1382,3190,2144,1353,-504,2697,2025,1574,1518,3733,1784,1432
479506,1,4326,-4071,744,2070,-1379,3188,2143,1351,-503,2696,2025,1574,1519,3731,1784,1434
479506,1,4330,-4069,746,2068,-1384,3192,2142,1353,-503,2698,2025,1573,1519,3732,1785,1432
479506,0,4330,-4069,746,2068,-1384,3192,2142,1353,-503,2698,2025,1573,1519,3732,1785,1432
479506,1,4327,-4073,746,2070,-1379,3188,2142,1353,-502,2698,2026,1575,1519,3732,1784,1433
479506,1,4327,-4072,747,2069,-1387,3191,2142,1351,-502,2697,2027,1577,1520,3732,1785,1434
479506,1,4328,-4071,746,2070,-1377,3187,2143,1353,-503,2697,2025,1575,1519,3732,1787,1434
479506,1,4326,-4070,747,2071,-1381,3190,2143,1351,-504,2701,2025,1577,1517,3733,1784,1433
479506,0,4326,-4070,747,2071,-1381,3190,2143,1351,-504,2701,2025,1577,1517,3733,1784,1433
479506,1,4327,-4070,745,2072,-1379,3187,2141,1351,-502,2695,2027,1574,1520,3733,1782,1431
479506,1,4325,-4068,747,2074,-1382,3189,2143,1353,-503,2697,2026,1577,1521,3733,1785,1432
479506,1,4327,-4070,746,2072,-1378,3188,2145,1351,-503,2698,2026,1575,1517,3732,1785,1434
479506,1,4328,-4071,748,2072,-1385,3191,2145,1351,-500,2699,2023,1574,1518,3732,1784,1432
479506,0,4328,-4071,748,2072,-1385,3191,2145,1351,-500,2699,2023,1574,1518,3732,1784,1432
479506,1,4329,-4073,746,2071,-1379,3185,2141,1353,-500,2697,2024,1578,1517,3731,1784,1432
479506,1,4328,-4073,745,2072,-1381,3192,2141,1349,-503,2698,2023,1574,1518,3732,1782,1434
479506,1,4327,-4071,747,2071,-1377,3187,2143,1351,-502,2697,2023,1574,1519,3732,1782,1435
479506,1,4327,-4069,750,2070,-1381,3190,2143,1352,-502,2699,2026,1575,1519,3732,1784,1433
479506,0,4327,-4069,750,2070,-1381,3190,2143,1352,-502,2699,2026,1575,1519,3732,1784,1433
479506,1,4326,-4070,745,2071,-1378,3185,2144,1354,-501,2698,2025,1576,1519,3732,1785,1429
479506,1,4326,-4071,747,2071,-1382,3190,2143,1356,-501,2697,2025,1577,1520,3731,1781,1434
479506,1,4327,-4073,744,2069,-1380,3192,2142,1353,-504,2697,2024,1575,1520,3732,1782,1432
479506,1,4326,-4073,745,2071,-1379,3188,2142,1353,-504,2700,2024,1576,1518,3731,1784,1434
479506,0,4326,-4073,745,2071,-1379,3188,2142,1353,-504,2700,2024,1576,1518,3731,1784,1434
479506,1,4326,-4071,747,2073,-1380,3188,2143,1351,-502,2697,2025,1578,1518,3732,1785,1433
479506,1,4327,-4071,745,2071,-1381,3190,2143,1350,-501,2698,2028,1574,1519,3735,1782,1433
479506,1,4325,-4073,746,2074,-1377,3189,2142,1352,-501,2699,2026,1576,1521,3731,1783,1432
479506,1,4330,-4071,747,2072,-1386,3190,2142,1350,-503,2697,2024,1577,1518,3732,1782,1435
479506,0,4330,-4071,747,2072,-1386,3190,2142,1350,-503,2697,2024,1577,1518,3732,1782,1435
479506,1,4329,-4069,746,2069,-1379,3187,2143,1351,-496,2699,2026,1577,1519,3732,1785,1434
479506,1,4326,-4073,747,2069,-1384,3190,2143,1352,-503,2701,2026,1574,1519,3731,1784,1433
479506,1,4325,-4071,749,2070,-1380,3187,2143,1354,-501,2701,2024,1575,1518,3732,1784,1432
479506,1,4328,-4070,747,2071,-1381,3191,2144,1354,-501,2697,2025,1574,1520,3733,1785,1434
479506,0,4328,-4070,747,2071,-1381,3191,2144,1354,-501,2697,2025,1574,1520,3733,1785,1434
479506,1,4326,-4071,749,2070,-1382,3190,2141,1350,-503,2700,2027,1575,1519,3732,1785,1434
479506,1,4328,-4070,747,2070,-1377,3187,2142,1351,-502,2700,2026,1574,1518,3733,1785,1431
479506,1,4328,-4069,745,2070,-1379,3190,2144,1355,-502,2697,2026,1574,1517,3733,1784,1435
479507,1,4326,-4073,746,2070,-1379,3189,2140,1356,-502,2699,2023,1573,1520,3733,1783,1433
479507,0,4326,-4073,746,2070,-1379,3189,2140,1356,-502,2699,2023,1573,1520,3733,1783,1433
479507,1,4326,-4071,746,2072,-1378,3188,2144,1348,-502,2698,2023,1576,1521,3729,1783,1434
479507,1,4328,-4071,746,2070,-1381,3187,2143,1353,-503,2700,2027,1575,1519,3730,1786,1433
479507,1,4325,-4071,746,2072,-1378,3189,2145,1349,-504,2697,2026,1580,1519,3734,1785,1434
479507,1,4328,-4069,747,2071,-1385,3188,2143,1352,-504,2700,2025,1576,1519,3732,1783,1432
479507,0,4328,-4069,747,2071,-1385,3188,2143,1352,-504,2700,2025,1576,1519,3732,1783,1432
479507,1,4327,-4070,746,2072,-1380,3186,2142,1351,-501,2697,2026,1575,1518,3732,1784,1433
479507,1,4328,-4072,746,2070,-1380,3192,2141,1351,-501,2697,2025,1573,1520,3730,1784,1436
479507,1,4327,-4070,745,2071,-1377,3188,2143,1355,-501,2699,2027,1575,1521,3733,1785,1433
479507,1,4325,-4072,748,2072,-1382,3191,2143,1352,-502,2699,2024,1575,1519,3731,1785,1433
479507,0,4325,-4072,748,2072,-1382,3191,2143,1352,-502,2699,2024,1575,1519,3731,1785,1433
479507,1,4328,-4072,747,2075,-1380,3192,2142,1351,-501,2698,2021,1576,1518,3732,1784,1436
479507,1,4327,-4074,746,2071,-1380,3188,2141,1353,-505,2701,2026,1576,1519,3732,1782,1433
479507,1,4328,-4070,746,2071,-1379,3192,2143,1352,-499,2696,2024,1576,1517,3733,1786,1434
479507,1,4330,-4072,746,2070,-1377,3190,2144,1351,-503,2698,2026,1575,1519,3733,1782,1432
479507,0,4330,-4072,746,2070,-1377,3190,2144,1351,-503,2698,2026,1575,1519,3733,1782,1432
479507,1,4328,-4069,745,2074,-1379,3188,2144,1355,-502,2698,2023,1573,1517,3729,1784,1434
479507,1,4327,-4073,746,2070,-1381,3190,2144,1352,-501,2697,2026,1575,1521,3731,1786,1433
479507,1,4326,-4070,747,2070,-1379,3188,2143,1354,-504,2696,2025,1574,1521,3732,1784,1434
479507,1,4326,-4071,745,2070,-1383,3192,2143,1352,-504,2698,2024,1573,1519,3732,1786,1435
479507,0,4326,-4071,745,2070,-1383,3192,2143,1352,-504,2698,2024,1573,1519,3732,1786,1435
479507,1,4329,-4069,748,2071,-1377,3187,2145,1350,-502,2697,2025,1575,1516,3732,1783,1435
479507,1,4329,-4073,746,2071,-1383,3189,2144,1352,-503,2698,2026,1576,1518,3733,1783,1433
479507,1,4326,-4071,747,2069,-1381,3188,2142,1352,-502,2699,2025,1575,1520,3731,1784,1434
479507,1,4327,-4070,746,2070,-1385,3185,2142,1353,-502,2697,2022,1574,1516,3734,1785,1434
479507,0,4327,-4070,746,2070,-1385,3185,2142,1353,-502,2697,2022,1574,1516,3734,1785,1434
479507,1,4328,-4071,747,2069,-1376,3190,2145,1349,-503,2699,2025,1575,1516,3732,1785,1433
479507,1,4326,-4069,747,2072,-1384,3188,2141,1353,-500,2697,2026,1575,1517,3736,1784,1435
479507,1,4327,-4068,746,2071,-1382,3189,2143,1353,-501,2698,2026,1576,1520,3732,1781,1434
479507,1,4325,-4071,746,2072,-1382,3190,2143,1351,-502,2696,2026,1575,1518,3733,1784,1434
479507,1,4327,-4071,746,2069,-1378,3188,2145,1351,-503,2695,2027,1576,1518,3731,1786,1434
479507,0,4327,-4071,746,2069,-1378,3188,2145,1351,-503,2695,2027,1576,1518,3731,1786,1434
479507,1,4327,-4070,748,2072,-1379,3192,2143,1353,-503,2698,2026,1577,1519,3733,1785,1432
479507,1,4327,-4070,745,2069,-1378,3188,2142,1350,-503,2700,2025,1577,1517,3731,1784,1434
479507,1,4328,-4071,744,2070,-1383,3192,2140,1353,-501,2696,2024,1573,1519,3733,1785,1434
479507,1,4328,-4069,746,2070,-1382,3188,2143,1351,-503,2696,2024,1575,1521,3731,1784,1431
479507,0,4328,-4069,746,2070,-1382,3188,2143,1351,-503,2696,2024,1575,1521,3731,1784,1431
479507,1,4326,-4074,743,2068,-1379,3192,2143,1355,-503,2697,2028,1576,1518,3733,1782,1434
479507,1,4328,-4071,748,2068,-1377,3191,2142,1353,-502,2699,2027,1575,1519,3732,1781,1435
479507,1,4325,-4070,747,2072,-1383,3187,2144,1353,-505,2699,2023,1576,1517,3732,1785,1433
479507,1,4327,-4072,745,2070,-1378,3191,2141,1351,-502,2699,2027,1575,1515,3733,1784,1435
479507,0,4327,-4072,745,2070,-1378,3191,2141,1351,-502,2699,2027,1575,1515,3733,1784,1435
479507,1,4328,-4069,743,2070,-1383,3191,2141,1354,-501,2698,2026,1576,1518,3734,1784,1433
479507,1,4326,-4071,744,2071,-1377,3189,2144,1353,-501,2696,2024,1577,1515,3731,1785,1433
479507,1,4326,-4070,745,2071,-1383,3189,2142,1353,-502,2700,2024,1572,1518,3731,1783,1434
479507,1,4328,-4069,747,2074,-1380,3190,2142,1352,-502,2698,2023,1575,1519,3734,1783,1434
479507,0,4328,-4069,747,2074,-1380,3190,2142,1352,-502,2698,2023,1575,1519,3734,1783,1434
479507,1,4328,-4070,746,2073,-1382,3191,2143,1351,-502,2699,2026,1576,1518,3732,1783,1436
479507,1,4325,-4072,745,2071,-1377,3184,2142,1353,-503,2698,2026,1575,1520,3732,1784,1434
479507,1,4327,-4073,747,2071,-1380,3192,2144,1351,-501,2701,2024,1576,1517,3733,1783,1435
479507,1,4325,-4072,745,2071,-1380,3191,2143,1352,-503,2700,2024,1579,1517,3729,1783,1434
479507,0,4325,-4072,745,2071,-1380,3191,2143,1352,-503,2700,2024,1579,1517,3729,1783,1434
479507,1,4328,-4069,746,2072,-1383,3187,2143,1351,-501,2699,2026,1576,1518,3731,1781,1434
479507,1,4327,-4072,744,2071,-1378,3191,2144,1353,-503,2697,2025,1576,1518,3732,1782,1433
479507,1,4326,-4072,746,2069,-1383,3186,2143,1352,-501,2699,2026,1576,1519,3734,1784,1435
479507,1,4327,-4072,747,2070,-1380,3190,2143,1353,-503,2700,2024,1579,1517,3733,1784,1435
479507,0,4327,-4072,747,2070,-1380,3190,2143,1353,-503,2700,2024,1579,1517,3733,1784,1435
479507,1,4326,-4072,746,2069,-1383,3190,2143,1351,-503,2697,2029,1574,1519,3733,1785,1435
479507,1,4329,-4072,745,2072,-1377,3186,2142,1355,-500,2701,2024,1576,1516,3733,1783,1433
479507,1,4327,-4070,744,2070,-1382,3189,2142,1351,-502,2698,2023,1574,1516,3732,1782,1435
479507,1,4329,-4072,746,2070,-1382,3190,2143,1351,-502,2698,2025,1576,1519,3730,1783,1434
479507,0,4329,-4072,746,2070,-1382,3190,2143,1351,-502,2698,2025,1576,1519,3730,1783,1434
479507,1,4329,-4072,745,2070,-1382,3192,2143,1350,-502,2697,2026,1575,1517,3731,1784,1434
479507,1,4327,-4072,748,2070,-1379,3190,2142,1353,-500,2695,2026,1574,1516,3733,1784,1436
479507,1,4328,-4070,744,2071,-1379,3192,2141,1352,-503,2698,2024,1576,1515,3730,1784,1437
479507,1,4328,-4069,746,2071,-1378,3190,2144,1351,-503,2700,2025,1575,1519,3732,1784,1434
479507,0,4328,-4069,746,2071,-1378,3190,2144,1351,-503,2700,2025,1575,1519,3732,1784,1434
479507,1,4328,-4072,744,2070,-1383,3187,2145,1352,-501,2698,2024,1575,1517,3729,1783,1436
479507,1,4327,-4070,745,2071,-1382,3191,2142,1354,-502,2700,2025,1575,1518,3731,1782,1436
479507,1,4324,-4069,747,2070,-1382,3186,2142,1351,-505,2697,2025,1573,1516,3729,1784,1438
479507,1,4327,-4071,748,2069,-1378,3188,2141,1353,-503,2699,2026,1575,1519,3730,1784,1435
479507,0,4327,-4071,748,2069,-1378,3188,2141,1353,-503,2699,2026,1575,1519,3730,1784,1435
479507,1,4326,-4069,746,2071,-1386,3190,2143,1352,-501,2698,2025,1577,1516,3733,1784,1435
479507,1,4328,-4070,746,2071,-1380,3191,2143,1353,-502,2700,2027,1575,1518,3731,1784,1434
479507,1,4327,-4069,747,2072,-1384,3188,2143,1352,-501,2697,2025,1575,1519,3733,1782,1437
479507,1,4326,-4071,746,2073,-1376,3191,2142,1352,-503,2699,2023,1577,1514,3731,1783,1437
479507,0,4326,-4071,746,2073,-1376,3191,2142,1352,-503,2699,2023,1577,1514,3731,1783,1437
479507,1,4326,-4072,747,2073,-1381,3191,2142,1356,-501,2699,2025,1576,1516,3733,1784,1436
479507,1,4327,-4072,747,2071,-1380,3188,2143,1353,-503,2697,2028,1577,1518,3735,1784,1434
479507,1,4327,-4073,746,2072,-1382,3185,2143,1352,-503,2697,2025,1578,1514,3732,1782,1436
479507,1,4326,-4070,746,2072,-1379,3189,2141,1350,-503,2696,2026,1577,1514,3734,1782,1435
479507,0,4326,-4070,746,2072,-1379,3189,2141,1350,-503,2696,2026,1577,1514,3734,1782,1435
479507,1,4328,-4072,745,2070,-1383,3187,2143,1353,-501,2698,2024,1577,1516,3733,1782,1434
479507,1,4329,-4074,745,2069,-1378,3190,2146,1351,-502,2698,2025,1577,1516,3731,1784,1434
479507,1,4327,-4071,746,2069,-1386,3188,2142,1356,-502,2698,2026,1576,1516,3730,1786,1436
479507,1,4326,-4072,746,2070,-1378,3187,2144,1351,-503,2699,2024,1577,1517,3732,1783,1434
479507,0,4326,-4072,746,2070,-1378,3187,2144,1351,-503,2699,2024,1577,1517,3732,1783,1434
479507,1,4327,-4072,746,2071,-1384,3187,2142,1351,-505,2696,2027,1575,1515,3731,1782,1436
479507,1,4330,-4071,746,2074,-1377,3189,2141,1351,-502,2698,2026,1575,1516,3730,1783,1437
479507,1,4325,-4069,743,2075,-1377,3191,2141,1351,-503,2697,2026,1575,1513,3732,1783,1435
479507,1,4327,-4071,749,2073,-1379,3187,2140,1353,-501,2698,2023,1576,1514,3733,1781,1434
479507,0,4327,-4071,749,2073,-1379,3187,2140,1353,-501,2698,2023,1576,1514,3733,1781,1434
479507,1,4327,-4072,745,2072,-1380,3187,2144,1348,-503,2695,2025,1575,1517,3731,1784,1434
479507,1,4328,-4072,747,2070,-1377,3190,2142,1352,-502,2700,2024,1575,1514,3733,1785,1435
479507,1,4324,-4073,745,2072,-1384,3188,2143,1350,-502,2697,2024,1575,1513,3732,1786,1436
479507,1,4327,-4072,747,2073,-1380,3194,2144,1352,-503,2698,2025,1574,1517,3732,1783,1435
479507,0,4327,-4072,747,2073,-1380,3194,2144,1352,-503,2698,2025,1574,1517,3732,1783,1435
479507,1,4329,-4070,747,2072,-1383,3187,2143,1353,-502,2697,2025,1573,1518,3733,1786,1437
479507,1,4328,-4071,745,2072,-1378,3189,2144,1352,-503,2699,2027,1576,1514,3733,1784,1437
479507,1,4328,-4070,744,2072,-1382,3189,2144,1349,-503,2697,2025,1576,1517,3731,1783,1436
479507,1,4327,-4072,746,2072,-1378,3191,2142,1352,-503,2696,2022,1576,1517,3732,1783,1437
479507,1,4326,-4072,747,2072,-1383,3188,2143,1348,-501,2697,2026,1575,1517,3732,1784,1433
479507,0,4326,-4072,747,2072,-1383,3188,2143,1348,-501,2697,2026,1575,1517,3732,1784,1433
479507,1,4327,-4070,744,2072,-1378,3189,2143,1352,-504,2697,2027,1576,1514,3733,1784,1436
479507,1,4328,-4072,746,2074,-1379,3190,2144,1351,-503,2699,2025,1574,1514,3732,1784,1434
479507,1,4327,-4070,746,2073,-1378,3191,2142,1350,-501,2699,2023,1575,1517,3731,1783,1436
479507,1,4325,-4070,747,2073,-1382,3188,2144,1355,-501,2700,2024,1575,1517,3732,1782,1437
479507,0,4325,-4070,747,2073,-1382,3188,2144,1355,-501,2700,2024,1575,1517,3732,1782,1437
479507,1,4325,-4072,746,2072,-1383,3191,2144,1352,-501,2696,2024,1573,1519,3732,1783,1434
479507,1,4327,-4069,746,2071,-1382,3190,2141,1353,-501,2698,2026,1575,1517,3731,1786,1434
479507,1,4326,-4071,745,2072,-1377,3192,2143,1351,-502,2698,2026,1575,1515,3735,1785,1437
479507,1,4327,-4070,745,2072,-1383,3188,2144,1353,-502,2697,2025,1574,1516,3732,1784,1434
479507,0,4327,-4070,745,2072,-1383,3188,2144,1353,-502,2697,2025,1574,1516,3732,1784,1434
479507,1,4328,-4072,747,2070,-1379,3189,2144,1351,-502,2697,2027,1576,1515,3733,1787,1435
479507,1,4326,-4073,746,2070,-1385,3191,2144,1353,-505,2701,2027,1575,1518,3732,1783,1437
479507,1,4329,-4072,747,2072,-1378,3190,2143,1351,-502,2699,2025,1575,1516,3731,1785,1436
479507,1,4327,-4070,749,2075,-1381,3189,2144,1353,-502,2700,2024,1577,1518,3733,1783,1438
479507,0,4327,-4070,749,2075,-1381,3189,2144,1353,-502,2700,2024,1577,1518,3733,1783,1438
479507,1,4327,-4069,745,2071,-1377,3188,2143,1350,-503,2697,2026,1575,1519,3730,1786,1438
479507,1,4325,-4071,746,2073,-1383,3191,2143,1353,-503,2700,2026,1575,1518,3732,1782,1436
479507,1,4328,-4070,748,2074,-1377,3191,2142,1349,-501,2700,2027,1575,1515,3733,1785,1433
479507,1,4328,-4066,745,2071,-1382,3187,2144,1354,-503,2698,2026,1574,1515,3733,1784,1436
479507,0,4328,-4066,745,2071,-1382,3187,2144,1354,-503,2698,2026,1574,1515,3733,1784,1436
479507,1,4327,-4069,746,2072,-1379,3192,2142,1353,-501,2696,2023,1573,1518,3731,1783,1434
479507,1,4326,-4071,747,2074,-1384,3188,2142,1353,-502,2697,2026,1575,1520,3731,1784,1434
479507,1,4327,-4068,745,2073,-1380,3191,2143,1349,-503,2699,2025,1577,1517,3731,1785,1437
479507,1,4327,-4071,746,2072,-1381,3188,2144,1350,-502,2696,2025,1576,1515,3731,1784,1436
479507,0,4327,-4071,746,2072,-1381,3188,2144,1350,-502,2696,2025,1576,1515,3731,1784,1436
479507,1,4326,-4070,745,2072,-1376,3190,2143,1352,-503,2699,2025,1576,1514,3731,1784,1435
479507,1,4327,-4070,745,2072,-1383,3186,2143,1351,-503,2701,2024,1575,1514,3733,1785,1437
479507,1,4326,-4072,744,2069,-1380,3190,2142,1353,-502,2698,2023,1576,1518,3730,1786,1437
479507,1,4324,-4070,748,2073,-1382,3190,2144,1351,-503,2698,2023,1574,1516,3732,1783,1437
479507,0,4324,-4070,748,2073,-1382,3190,2144,1351,-503,2698,2023,1574,1516,3732,1783,1437
479507,1,4325,-4069,745,2070,-1378,3189,2144,1354,-500,2697,2023,1576,1517,3733,1782,1435
479507,1,4327,-4072,746,2070,-1383,3188,2142,1350,-502,2699,2023,1574,1515,3732,1785,1436
479507,1,4327,-4071,747,2071,-1379,3192,2142,1351,-503,2699,2026,1575,1517,3733,1786,1436
479507,1,4325,-4068,748,2072,-1385,3187,2144,1354,-503,2699,2025,1575,1514,3730,1783,1437
479507,0,4325,-4068,748,2072,-1385,3187,2144,1354,-503,2699,2025,1575,1514,3730,1783,1437
479507,1,4327,-4067,746,2072,-1377,3191,2143,1350,-503,2698,2023,1575,1515,3733,1784,1434
479507,1,4328,-4072,746,2073,-1381,3186,2143,1352,-501,2697,2026,1575,1517,3732,1786,1438
479507,1,4327,-4073,749,2074,-1381,3191,2141,1354,-504,2700,2024,1575,1515,3732,1784,1437
479507,1,4325,-4070,747,2069,-1382,3189,2144,1352,-503,2700,2026,1575,1516,3732,1785,1436
479507,0,4325,-4070,747,2069,-1382,3189,2144,1352,-503,2700,2026,1575,1516,3732,1785,1436
479507,1,4329,-4073,744,2070,-1379,3190,2142,1351,-505,2701,2025,1574,1516,3733,1783,1436
479507,1,4325,-4072,746,2069,-1380,3187,2145,1350,-504,2697,2026,1573,1515,3730,1786,1437
479507,1,4328,-4070,745,2070,-1381,3190,2142,1354,-501,2700,2025,1575,1518,3733,1784,1436
479507,1,4326,-4069,745,2070,-1382,3186,2142,1352,-502,2699,2023,1575,1517,3733,1784,1435
479507,0,4326,-4069,745,2070,-1382,3186,2142,1352,-502,2699,2023,1575,1517,3733,1784,1435
479507,1,4328,-4072,745,2072,-1378,3190,2143,1352,-500,2697,2024,1578,1515,3733,1781,1436
479507,1,4326,-4071,746,2072,-1381,3185,2143,1353,-501,2699,2025,1572,1517,3732,1784,1435
479507,1,4327,-4069,747,2070,-1377,3194,2143,1353,-499,2698,2025,1575,1516,3733,1784,1438
479507,1,4326,-4071,747,2071,-1382,3187,2143,1350,-504,2700,2025,1574,1517,3732,1783,1438
479507,0,4326,-4071,747,2071,-1382,3187,2143,1350,-504,2700,2025,1574,1517,3732,1783,1438
479507,1,4327,-4070,746,2073,-1379,3192,2142,1351,-503,2699,2025,1577,1514,3732,1782,1433
479507,1,4329,-4068,747,2073,-1382,3187,2145,1351,-501,2697,2026,1576,1518,3731,1783,1437
479507,1,4327,-4072,746,2069,-1376,3189,2142,1353,-500,2696,2024,1573,1521,3731,1784,1437
479507,1,4327,-4072,747,2070,-1382,3188,2143,1351,-502,2698,2023,1575,1517,3733,1784,1436
479507,0,4327,-4072,747,2070,-1382,3188,2143,1351,-502,2698,2023,1575,1517,3733,1784,1436
479507,1,4326,-4069,745,2069,-1381,3191,2141,1351,-501,2697,2025,1575,1514,3732,1784,1436
479507,1,4326,-4073,745,2070,-1381,3188,2143,1351,-505,2697,2027,1573,1514,3732,1786,1438
479507,1,4327,-4070,746,2070,-1377,3191,2144,1351,-502,2695,2026,1575,1514,3732,1784,1436
479507,1,4326,-4070,747,2069,-1385,3186,2143,1352,-501,2696,2028,1575,1515,3731,1785,1435
479507,0,4326,-4070,747,2069,-1385,3186,2143,1352,-501,2696,2028,1575,1515,3731,1785,1435
479507,1,4329,-4071,746,2069,-1379,3192,2144,1353,-502,2697,2026,1574,1520,3732,1782,1434
479507,1,4326,-4070,747,2071,-1381,3184,2144,1351,-504,2698,2023,1576,1517,3733,1784,1435
479507,1,4327,-4071,744,2071,-1376,3192,2142,1353,-502,2699,2025,1575,1516,3732,1787,1437
479507,1,4327,-4072,747,2070,-1382,3186,2145,1354,-503,2699,2025,1575,1517,3732,1784,1436
479507,0,4327,-4072,747,2070,-1382,3186,2145,1354,-503,2699,2025,1575,1517,3732,1784,1436
479507,1,4327,-4069,746,2073,-1378,3192,2143,1351,-503,2701,2024,1575,1515,3732,1782,1436
479507,1,4326,-4071,745,2071,-1383,3188,2142,1354,-501,2697,2025,1574,1517,3729,1783,1437
479507,1,4328,-4072,748,2071,-1379,3190,2142,1349,-500,2699,2025,1577,1517,3733,1782,1435
479507,1,4329,-4072,745,2071,-1380,3186,2142,1352,-500,2700,2023,1575,1518,3732,1784,1436
479507,1,4328,-4070,744,2070,-1379,3189,2144,1350,-502,2697,2024,1574,1516,3731,1784,1437
479507,0,4328,-4070,744,2070,-1379,3189,2144,1350,-502,2697,2024,1574,1516,3731,1784,1437
479507,1,4328,-4072,747,2071,-1383,3188,2145,1352,-501,2698,2023,1575,1517,3733,1784,1437
479507,1,4326,-4071,743,2072,-1378,3190,2142,1355,-505,2699,2025,1576,1513,3732,1783,1436
479507,1,4326,-4073,744,2070,-1383,3187,2143,1352,-502,2699,2026,1577,1517,3731,1784,1436
479507,1,4327,-4073,747,2070,-1378,3192,2144,1353,-502,2699,2025,1575,1516,3731,1785,1437
479507,0,4327,-4073,747,2070,-1378,3192,2144,1353,-502,2699,2025,1575,1516,3731,1785,1437
479507,1,4330,-4071,745,2072,-1384,3186,2142,1353,-501,2698,2025,1576,1520,3731,1786,1433
479507,1,4328,-4070,747,2072,-1378,3192,2143,1351,-501,2699,2026,1575,1517,3732,1786,1439
479507,1,4326,-4072,745,2071,-1383,3186,2141,1350,-502,2697,2027,1575,1517,3731,1785,1437
479507,1,4326,-4072,746,2069,-1381,3195,2143,1350,-505,2697,2023,1573,1521,3732,1784,1436
479507,0,4326,-4072,746,2069,-1381,3195,2143,1350,-505,2697,2023,1573,1521,3732,1784,1436
479507,1,4326,-4072,748,2070,-1382,3189,2143,1352,-502,2699,2024,1576,1516,3732,1786,1437
479507,1,4326,-4071,745,2071,-1381,3192,2143,1353,-504,2699,2024,1574,1516,3732,1786,1436
479507,1,4327,-4071,745,2072,-1385,3189,2143,1351,-503,2697,2026,1575,1512,3730,1786,1437
479507,1,4326,-4069,743,2071,-1378,3187,2144,1351,-500,2694,2025,1575,1515,3734,1786,1437
479507,0,4326,-4069,743,2071,-1378,3187,2144,1351,-500,2694,2025,1575,1515,3734,1786,1437
479507,1,4325,-4069,746,2073,-1383,3190,2142,1353,-502,2698,2027,1577,1516,3736,1785,1437
479507,1,4327,-4070,746,2071,-1379,3188,2143,1352,-501,2698,2026,1576,1515,3731,1785,1437
479507,1,4329,-4070,745,2072,-1384,3185,2141,1353,-503,2698,2026,1573,1516,3731,1784,1436
479507,1,4326,-4070,746,2073,-1375,3192,2144,1354,-503,2698,2026,1579,1517,3730,1785,1436
479507,0,4326,-4070,746,2073,-1375,3192,2144,1354,-503,2698,2026,1579,1517,3730,1785,1436
479507,1,4327,-4070,747,2069,-1382,3187,2145,1352,-504,2701,2026,1575,1514,3734,1786,1436
479507,1,4325,-4071,743,2072,-1379,3192,2142,1353,-501,2697,2026,1576,1514,3732,1785,1439
479507,1,4328,-4074,743,2072,-1385,3186,2143,1351,-505,2700,2024,1576,1513,3731,1783,1437
479507,1,4325,-4071,746,2073,-1379,3188,2143,1354,-502,2696,2024,1575,1519,3732,1785,1437
479507,0,4325,-4071,746,2073,-1379,3188,2143,1354,-502,2696,2024,1575,1519,3732,1785,1437
479508,1,4327,-4070,746,2070,-1384,3189,2141,1352,-502,2698,2028,1575,1520,3731,1783,1436
479508,1,4329,-4070,749,2069,-1378,3189,2143,1349,-502,2698,2025,1577,1514,3733,1782,1434
479508,1,4328,-4070,746,2069,-1385,3193,2144,1349,-502,2698,2026,1577,1516,3731,1781,1436
479508,1,4328,-4072,746,2070,-1379,3190,2141,1349,-501,2695,2025,1576,1519,3735,1783,1436
479508,0,4328,-4072,746,2070,-1379,3190,2141,1349,-501,2695,2025,1576,1519,3735,1783,1436
479508,1,4326,-4071,744,2070,-1380,3190,2143,1351,-502,2698,2026,1575,1515,3732,1787,1437
479508,1,4327,-4071,747,2071,-1377,3189,2143,1356,-502,2700,2023,1577,1514,3731,1785,1438
479508,1,4327,-4071,745,2073,-1384,3187,2143,1352,-499,2695,2026,1572,1513,3732,1785,1436
479508,1,4329,-4073,748,2072,-1379,3186,2142,1354,-502,2698,2024,1577,1516,3732,1784,1437
479508,0,4329,-4073,748,2072,-1379,3186,2142,1354,-502,2698,2024,1577,1516,3732,1784,1437
479508,1,4328,-4072,742,2072,-1384,3188,2143,1353,-503,2700,2028,1577,1514,3731,1785,1437
479508,1,4329,-4074,746,2071,-1378,3192,2141,1349,-502,2697,2026,1573,1516,3732,1786,1437
479508,1,4325,-4068,745,2071,-1384,3185,2143,1351,-499,2696,2023,1576,1516,3731,1783,1437
479508,1,4326,-4072,744,2072,-1377,3191,2145,1349,-500,2698,2027,1575,1515,3733,1783,1435
479508,0,4326,-4072,744,2072,-1377,3191,2145,1349,-500,2698,2027,1575,1515,3733,1783,1435
479508,1,4324,-4071,743,2072,-1384,3185,2143,1354,-501,2698,2024,1574,1515,3730,1784,1436
479508,1,4326,-4072,746,2070,-1378,3186,2144,1352,-502,2698,2024,1573,1515,3733,1781,1437
479508,1,4328,-4071,744,2070,-1378,3191,2142,1353,-501,2698,2025,1578,1515,3732,1782,1436
479508,1,4327,-4071,746,2070,-1379,3188,2143,1351,-501,2700,2024,1576,1512,3732,1785,1437
479508,0,4327,-4071,746,2070,-1379,3188,2143,1351,-501,2700,2024,1576,1512,3732,1785,1437
479508,1,4327,-4071,745,2070,-1382,3187,2144,1354,-501,2699,2024,1576,1516,3732,1783,1437
479508,1,4325,-4072,750,2071,-1384,3188,2144,1349,-504,2700,2024,1575,1516,3731,1783,1435
479508,1,4325,-4070,745,2071,-1381,3191,2140,1352,-503,2699,2026,1575,1514,3733,1784,1437
479508,1,4326,-4069,748,2074,-1379,3188,2143,1350,-503,2700,2023,1573,1515,3733,1784,1436
479508,0,4326,-4069,748,2074,-1379,3188,2143,1350,-503,2700,2023,1573,1515,3733,1784,1436
479508,1,4328,-4070,746,2072,-1384,3188,2145,1353,-502,2700,2026,1574,1514,3731,1786,1435
479508,1,4327,-4070,746,2071,-1381,3190,2145,1354,-503,2698,2026,1575,1516,3733,1785,1439
479508,1,4326,-4072,747,2069,-1383,3185,2142,1352,-502,2699,2024,1576,1516,3733,1783,1436
479508,1,4327,-4072,746,2070,-1378,3191,2142,1354,-503,2697,2023,1576,1514,3733,1784,1436
479508,0,4327,-4072,746,2070,-1378,3191,2142,1354,-503,2697,2023,1576,1514,3733,1784,1436
479508,1,4327,-4070,745,2070,-1383,3189,2142,1350,-502,2697,2025,1573,1515,3734,1785,1437
479508,1,4327,-4070,744,2072,-1377,3186,2143,1351,-502,2697,2026,1575,1515,3732,1783,1439
479508,1,4327,-4071,745,2071,-1382,3191,2141,1350,-500,2698,2026,1575,1515,3732,1786,1437
479508,1,4325,-4070,746,2069,-1377,3185,2143,1354,-502,2699,2021,1576,1514,3730,1785,1437
479508,0,4325,-4070,746,2069,-1377,3185,2143,1354,-502,2699,2021,1576,1514,3730,1785,1437
479508,1,4328,-4072,744,2072,-1385,3189,2145,1349,-502,2700,2023,1574,1512,3733,1784,1433
479508,1,4328,-4074,744,2071,-1382,3188,2142,1353,-502,2699,2027,1576,1514,3732,1785,1435
479508,1,4328,-4071,742,2073,-1382,3189,2143,1356,-501,2696,2020,1577,1515,3731,1783,1437
479508,1,4328,-4071,733,2070,-1383,3186,2142,1353,-501,2696,2017,1577,1514,3731,1786,1437
479508,1,4328,-4069,721,2072,-1378,3179,2140,1352,-501,2695,2011,1578,1514,3731,1784,1436
479508,0,4328,-4069,721,2072,-1378,3179,2140,1352,-501,2695,2011,1578,1514,3731,1784,1436
479508,1,4328,-4069,711,2068,-1380,3177,2138,1352,-500,2697,2007,1576,1514,3727,1785,1438
479508,1,4327,-4067,703,2063,-1380,3174,2139,1353,-501,2691,1998,1577,1514,3731,1785,1436
479508,1,4330,-4063,694,2060,-1378,3164,2137,1355,-499,2690,1994,1578,1515,3726,1784,1437
479508,1,4330,-4063,684,2055,-1380,3157,2137,1356,-497,2688,1991,1577,1514,3724,1784,1436
479508,0,4330,-4063,684,2055,-1380,3157,2137,1356,-497,2688,1991,1577,1514,3724,1784,1436
479508,1,4329,-4060,673,2050,-1375,3146,2138,1354,-501,2682,1988,1577,1512,3720,1787,1436
479508,1,4326,-4055,663,2043,-1378,3137,2143,1351,-498,2677,1984,1577,1513,3710,1786,1438
479508,1,4322,-4051,658,2035,-1369,3131,2143,1350,-496,2671,1980,1577,1512,3698,1786,1437
479508,1,4325,-4052,651,2026,-1373,3122,2141,1345,-496,2664,1981,1580,1515,3687,1788,1435
479508,0,4325,-4052,651,2026,-1373,3122,2141,1345,-496,2664,1981,1580,1515,3687,1788,1435
479508,1,4324,-4048,639,2018,-1371,3127,2143,1340,-497,2659,1981,1578,1511,3672,1787,1433
479508,1,4324,-4046,638,1991,-1361,3117,2145,1342,-494,2656,1979,1580,1511,3654,1787,1432
479508,1,4325,-4040,631,1954,-1351,3081,2181,1343,-494,2653,1976,1579,1510,3634,1787,1435
479508,1,4331,-4039,605,1926,-1338,3038,2204,1370,-494,2656,1964,1573,1510,3610,1790,1432
479508,0,4331,-4039,605,1926,-1338,3038,2204,1370,-494,2656,1964,1573,1510,3610,1790,1432
479508,1,4334,-4037,570,1896,-1336,2994,2203,1375,-497,2665,1963,1574,1510,3590,1786,1427
479508,1,4331,-4037,536,1854,-1328,2945,2193,1353,-493,2663,1963,1574,1513,3566,1787,1426
479508,1,4332,-4041,484,1811,-1312,2875,2182,1325,-493,2650,1976,1577,1512,3540,1788,1424
479508,1,4330,-4042,429,1766,-1299,2809,2167,1297,-495,2639,1969,1596,1509,3512,1787,1419
479508,0,4330,-4042,429,1766,-1299,2809,2167,1297,-495,2639,1969,1596,1509,3512,1787,1419
479508,1,4330,-4040,378,1725,-1287,2742,2144,1285,-491,2622,1949,1594,1512,3477,1786,1418
479508,1,4327,-4042,331,1682,-1276,2672,2135,1262,-492,2599,1927,1579,1513,3446,1785,1413
479508,1,4328,-4042,295,1630,-1261,2602,2132,1246,-489,2561,1908,1562,1510,3410,1787,1409
479508,1,4328,-4045,264,1581,-1252,2537,2132,1222,-489,2518,1886,1542,1508,3373,1785,1403
479508,0,4328,-4045,264,1581,-1252,2537,2132,1222,-489,2518,1886,1542,1508,3373,1785,1403
479508,1,4330,-4043,235,1533,-1236,2471,2144,1204,-491,2469,1864,1522,1513,3336,1788,1393
479508,1,4330,-4044,190,1480,-1215,2404,2155,1188,-488,2420,1834,1504,1509,3296,1785,1375
479508,1,4334,-4041,131,1429,-1200,2329,2159,1168,-490,2381,1800,1486,1512,3257,1787,1358
479508,1,4331,-4044,71,1373,-1182,2259,2155,1148,-492,2328,1771,1467,1511,3213,1787,1344
479508,0,4331,-4044,71,1373,-1182,2259,2155,1148,-492,2328,1771,1467,1511,3213,1787,1344
479508,1,4330,-4046,15,1319,-1165,2169,2142,1123,-487,2283,1745,1447,1513,3169,1786,1331
479508,1,4329,-4050,-43,1261,-1150,2083,2127,1103,-487,2246,1710,1431,1512,3126,1786,1304
479508,1,4328,-4052,-101,1201,-1134,1990,2117,1082,-486,2215,1669,1411,1516,3084,1786,1277
479508,1,4328,-4054,-156,1146,-1120,1903,2109,1059,-487,2190,1625,1390,1514,3044,1787,1259
479508,0,4328,-4054,-156,1146,-1120,1903,2109,1059,-487,2190,1625,1390,1514,3044,1787,1259
479508,1,4330,-4054,-206,1094,-1108,1820,2100,1033,-486,2160,1600,1371,1514,3000,1785,1253
479508,1,4328,-4054,-248,1044,-1089,1741,2095,1013,-487,2120,1598,1353,1509,2958,1786,1247
479508,1,4329,-4053,-292,996,-1070,1670,2092,990,-487,2078,1601,1334,1506,2915,1785,1235
479508,1,4329,-4055,-345,945,-1050,1598,2091,969,-486,2045,1579,1320,1512,2875,1785,1215
479508,0,4329,-4055,-345,945,-1050,1598,2091,969,-486,2045,1579,1320,1512,2875,1785,1215
479508,1,4330,-4057,-393,891,-1037,1523,2091,949,-485,2012,1546,1302,1511,2828,1785,1201
479508,1,4328,-4060,-441,843,-1022,1448,2089,926,-483,1970,1519,1287,1510,2782,1785,1176
479508,1,4328,-4059,-489,796,-1009,1378,2078,903,-480,1927,1490,1266,1512,2735,1786,1145
479508,1,4328,-4063,-539,748,-996,1300,2068,885,-482,1879,1467,1252,1513,2696,1786,1110
479508,0,4328,-4063,-539,748,-996,1300,2068,885,-482,1879,1467,1252,1513,2696,1786,1110
479508,1,4327,-4069,-579,703,-985,1230,2069,867,-481,1835,1436,1237,1515,2658,1787,1083
479508,1,4326,-4069,-620,668,-972,1164,2061,846,-481,1796,1412,1218,1514,2620,1782,1067
479508,1,4326,-4070,-654,620,-956,1098,2056,823,-479,1755,1386,1202,1512,2580,1785,1063
479508,1,4323,-4077,-688,582,-945,1035,2049,805,-482,1719,1360,1187,1509,2540,1786,1056
479508,0,4323,-4077,-688,582,-945,1035,2049,805,-482,1719,1360,1187,1509,2540,1786,1056
479508,1,4321,-4085,-728,543,-932,980,2046,786,-478,1687,1334,1170,1507,2501,1787,1052
479508,1,4320,-4095,-762,509,-916,920,2042,772,-480,1653,1312,1156,1508,2459,1787,1036
479508,1,4319,-4103,-797,479,-905,862,2035,751,-475,1622,1289,1140,1509,2417,1784,1014
479508,1,4317,-4115,-823,444,-897,812,2029,736,-479,1589,1266,1130,1510,2374,1783,991
479508,0,4317,-4115,-823,444,-897,812,2029,736,-479,1589,1266,1130,1510,2374,1783,991
479508,1,4316,-4121,-851,413,-892,763,2025,719,-477,1556,1247,1117,1514,2330,1786,969
479508,1,4314,-4131,-878,386,-883,721,2024,708,-476,1535,1226,1102,1514,2289,1786,953
479508,1,4314,-4124,-905,358,-874,681,2023,699,-480,1508,1208,1093,1515,2248,1785,939
479508,1,4316,-4119,-923,334,-863,644,2018,689,-475,1481,1191,1077,1514,2209,1786,919
479508,0,4316,-4119,-923,334,-863,644,2018,689,-475,1481,1191,1077,1514,2209,1786,919
479508,1,4314,-4117,-942,314,-854,617,2015,683,-476,1461,1175,1067,1512,2167,1787,903
479508,1,4313,-4117,-963,290,-845,594,2015,681,-475,1435,1160,1055,1511,2128,1782,887
479508,1,4309,-4118,-983,272,-835,578,2015,677,-476,1413,1145,1048,1510,2089,1783,869
479508,1,4307,-4117,-995,256,-832,566,2014,672,-471,1390,1131,1035,1510,2052,1784,852
479508,1,4308,-4120,-1010,240,-829,552,2015,675,-471,1370,1116,1026,1512,2010,1784,838
479508,0,4308,-4120,-1010,240,-829,552,2015,675,-471,1370,1116,1026,1512,2010,1784,838
479508,1,4306,-4120,-1024,223,-822,545,2018,673,-473,1344,1105,1018,1514,1972,1782,821
479508,1,4306,-4117,-1034,205,-822,532,2020,669,-470,1329,1094,1008,1515,1932,1784,804
479508,1,4304,-4117,-1048,191,-817,525,2019,670,-465,1314,1081,999,1515,1899,1785,789
479508,1,4303,-4118,-1054,178,-811,512,2022,669,-467,1299,1073,989,1516,1860,1784,772
479508,0,4303,-4118,-1054,178,-811,512,2022,669,-467,1299,1073,989,1516,1860,1784,772
479508,1,4304,-4116,-1059,170,-805,503,2021,668,-468,1286,1058,982,1516,1827,1782,754
479508,1,4300,-4117,-1065,155,-799,495,2021,665,-467,1279,1048,975,1514,1798,1783,737
479508,1,4299,-4118,-1068,148,-794,484,2020,668,-466,1271,1044,972,1517,1770,1781,724
479508,1,4295,-4118,-1074,144,-792,475,2019,666,-465,1258,1038,966,1515,1743,1784,713
479508,0,4295,-4118,-1074,144,-792,475,2019,666,-465,1258,1038,966,1515,1743,1784,713
479508,1,4297,-4118,-1075,134,-792,469,2018,665,-464,1249,1032,957,1516,1719,1784,697
479508,1,4297,-4116,-1080,124,-788,463,2018,663,-464,1233,1024,957,1517,1693,1784,686
479508,1,4296,-4119,-1082,120,-786,459,2020,666,-462,1217,1019,948,1517,1669,1783,669
479508,1,4296,-4114,-1084,114,-788,449,2025,660,-462,1201,1016,947,1515,1644,1786,658
479508,0,4296,-4114,-1084,114,-788,449,2025,660,-462,1201,1016,947,1515,1644,1786,658
479508,1,4295,-4119,-1087,110,-783,438,2023,653,-461,1187,1012,941,1518,1625,1782,648
479508,1,4294,-4119,-1087,108,-781,421,2026,645,-463,1173,1008,941,1514,1597,1784,636
479508,1,4294,-4116,-1088,104,-777,399,2023,635,-461,1166,1002,935,1518,1574,1783,626
479508,1,4295,-4117,-1096,100,-776,377,2021,625,-457,1158,995,930,1518,1550,1784,611
479508,0,4295,-4117,-1096,100,-776,377,2021,625,-457,1158,995,930,1518,1550,1784,611
479508,1,4293,-4115,-1096,97,-773,350,2014,616,-458,1157,993,926,1519,1530,1785,601
479508,1,4292,-4119,-1097,95,-773,325,2008,610,-460,1151,990,924,1521,1508,1783,588
479508,1,4291,-4118,-1098,93,-769,302,2006,597,-459,1149,987,919,1519,1486,1782,575
479508,1,4291,-4117,-1100,90,-767,287,2001,591,-456,1145,983,919,1518,1467,1782,563
479508,0,4291,-4117,-1100,90,-767,287,2001,591,-456,1145,983,919,1518,1467,1782,563
479508,1,4294,-4114,-1100,85,-769,274,2001,587,-458,1139,980,918,1515,1446,1782,552
479508,1,4292,-4115,-1100,84,-767,263,2000,579,-458,1132,979,915,1518,1431,1781,542
479508,1,4292,-4115,-1101,84,-766,255,1999,572,-459,1122,974,914,1516,1417,1783,529
479508,1,4291,-4117,-1100,82,-768,248,2001,570,-458,1117,971,911,1517,1402,1781,522
479508,0,4291,-4117,-1100,82,-768,248,2001,570,-458,1117,971,911,1517,1402,1781,522
479508,1,4292,-4116,-1103,82,-766,239,2001,564,-458,1109,974,906,1518,1383,1782,513
479508,1,4292,-4116,-1104,82,-765,231,1999,560,-455,1107,971,908,1520,1374,1780,501
479508,1,4294,-4118,-1104,82,-765,221,1997,558,-456,1106,971,908,1519,1360,1782,494
479508,1,4291,-4116,-1105,79,-765,213,1995,552,-455,1105,968,908,1522,1347,1780,486
479508,0,4291,-4116,-1105,79,-765,213,1995,552,-455,1105,968,908,1522,1347,1780,486
479508,1,4294,-4117,-1106,80,-763,206,1992,550,-451,1101,967,906,1527,1334,1782,479
479508,1,4294,-4115,-1105,80,-762,201,1988,548,-456,1104,969,906,1525,1323,1780,469
479508,1,4294,-4117,-1106,78,-767,199,1987,549,-453,1100,964,903,1521,1312,1781,459
479508,1,4292,-4115,-1108,79,-765,195,1988,541,-455,1092,964,901,1520,1300,1782,451
479508,0,4292,-4115,-1108,79,-765,195,1988,541,-455,1092,964,901,1520,1300,1782,451
479508,1,4291,-4117,-1110,79,-764,192,1988,543,-453,1090,966,899,1518,1289,1781,445
479508,1,4293,-4119,-1109,77,-762,191,1988,539,-454,1084,964,898,1517,1283,1779,435
479508,1,4290,-4116,-1107,77,-763,191,1987,538,-453,1082,960,897,1515,1276,1781,431
479508,1,4292,-4114,-1108,76,-765,188,1987,536,-451,1077,961,898,1519,1268,1781,422
479508,0,4292,-4114,-1108,76,-765,188,1987,536,-451,1077,961,898,1519,1268,1781,422
479508,1,4289,-4117,-1111,78,-761,187,1987,538,-451,1075,961,896,1521,1261,1782,416
479508,1,4291,-4116,-1110,77,-761,185,1987,536,-451,1072,960,896,1522,1254,1780,407
479508,1,4291,-4114,-1111,74,-764,179,1988,531,-450,1072,960,892,1524,1249,1784,400
479508,1,4293,-4117,-1112,75,-763,179,1982,534,-451,1075,960,891,1523,1242,1780,394
479508,0,4293,-4117,-1112,75,-763,179,1982,534,-451,1075,960,891,1523,1242,1780,394
479508,1,4293,-4114,-1111,75,-759,179,1984,532,-452,1074,958,892,1522,1237,1781,386
479508,1,4291,-4116,-1111,75,-760,177,1984,531,-449,1074,958,892,1521,1229,1781,383
479508,1,4292,-4119,-1111,74,-761,177,1981,533,-450,1072,959,892,1517,1226,1781,376
479508,1,4295,-4116,-1114,75,-760,178,1985,532,-453,1069,957,893,1520,1223,1782,371
479508,0,4295,-4116,-1114,75,-760,178,1985,532,-453,1069,957,893,1520,1223,1782,371
479508,1,4293,-4114,-1114,74,-759,179,1986,529,-449,1064,957,890,1521,1219,1780,364
479508,1,4291,-4117,-1114,73,-759,177,1983,528,-450,1064,958,889,1522,1215,1781,358
479508,1,4292,-4114,-1115,74,-760,177,1982,529,-449,1060,955,887,1520,1208,1779,354
479508,1,4291,-4116,-1113,74,-758,176,1982,529,-448,1061,957,886,1522,1209,1779,348
479508,0,4291,-4116,-1113,74,-758,176,1982,529,-448,1061,957,886,1522,1209,1779,348
479508,1,4288,-4116,-1114,74,-757,174,1981,530,-446,1060,954,887,1523,1206,1777,344
479508,1,4289,-4118,-1114,73,-757,171,1983,528,-449,1057,954,885,1524,1201,1779,340
479508,1,4293,-4116,-1113,70,-758,173,1980,525,-448,1058,955,883,1522,1194,1779,335
479508,1,4293,-4116,-1114,74,-758,174,1980,527,-448,1061,954,883,1523,1193,1780,332
479508,0,4293,-4116,-1114,74,-758,174,1980,527,-448,1061,954,883,1523,1193,1780,332
479508,1,4292,-4116,-1116,72,-759,170,1982,523,-445,1057,951,882,1524,1190,1778,324
479508,1,4291,-4115,-1115,74,-760,171,1979,525,-449,1058,951,883,1520,1187,1781,320
479508,1,4289,-4116,-1117,71,-759,170,1980,523,-448,1057,952,882,1517,1185,1778,318
479508,1,4293,-4118,-1114,70,-758,170,1980,523,-450,1057,952,882,1518,1186,1781,316
479508,1,4289,-4115,-1114,71,-760,173,1980,523,-448,1055,950,878,1522,1184,1778,311
479508,0,4289,-4115,-1114,71,-760,173,1980,523,-448,1055,950,878,1522,1184,1778,311
479508,1,4292,-4116,-1116,70,-755,170,1981,521,-445,1054,952,880,1520,1184,1781,308
479508,1,4292,-4117,-1117,73,-759,169,1981,520,-450,1050,951,879,1521,1183,1776,303
479508,1,4291,-4116,-1116,71,-757,168,1979,522,-448,1051,950,876,1524,1181,1778,301
479508,1,4292,-4114,-1118,70,-757,165,1979,524,-448,1054,949,875,1524,1178,1779,298
479508,0,4292,-4114,-1118,70,-757,165,1979,524,-448,1054,949,875,1524,1178,1779,298
479508,1,4289,-4116,-1119,70,-760,165,1981,519,-447,1052,950,878,1520,1177,1779,292
479508,1,4289,-4117,-1117,70,-756,166,1977,522,-448,1051,949,878,1521,1179,1778,290
479508,1,4292,-4115,-1118,70,-755,163,1977,521,-449,1050,948,874,1520,1177,1779,287
479508,1,4289,-4117,-1118,68,-754,166,1979,519,-449,1049,948,874,1519,1173,1776,282
479508,0,4289,-4117,-1118,68,-754,166,1979,519,-449,1049,948,874,1519,1173,1776,282
479508,1,4289,-4116,-1118,69,-756,165,1980,520,-448,1045,948,874,1522,1173,1780,280
479508,1,4291,-4114,-1115,70,-754,165,1979,518,-448,1045,948,874,1520,1172,1779,280
479508,1,4292,-4117,-1116,71,-758,162,1979,519,-449,1045,948,873,1521,1171,1777,275
479508,1,4291,-4118,-1117,69,-756,162,1979,519,-447,1044,948,871,1520,1169,1777,273
479508,0,4291,-4118,-1117,69,-756,162,1979,519,-447,1044,948,871,1520,1169,1777,273
479508,1,4293,-4116,-1117,69,-758,163,1976,516,-448,1044,945,872,1522,1169,1780,271
479508,1,4293,-4114,-1119,70,-758,162,1977,515,-446,1041,947,871,1522,1168,1776,268
479508,1,4291,-4117,-1119,69,-756,161,1976,518,-446,1037,947,869,1523,1167,1777,268
479508,1,4291,-4116,-1119,68,-755,160,1974,516,-447,1042,944,869,1521,1163,1778,263
479508,0,4291,-4116,-1119,68,-755,160,1974,516,-447,1042,944,869,1521,1163,1778,263
479508,1,4292,-4115,-1118,68,-754,162,1977,516,-445,1040,946,870,1520,1164,1775,259
479508,1,4290,-4116,-1120,67,-755,161,1975,517,-447,1036,944,870,1521,1164,1777,260
479509,1,4293,-4117,-1120,67,-752,161,1974,514,-446,1040,944,868,1521,1162,1777,257
479509,1,4291,-4115,-1120,68,-754,160,1976,512,-444,1039,946,869,1521,1160,1776,254
479509,0,4291,-4115,-1120,68,-754,160,1976,512,-444,1039,946,869,1521,1160,1776,254
479509,1,4289,-4115,-1118,68,-753,160,1974,516,-447,1038,943,866,1518,1158,1776,254
479509,1,4288,-4116,-1121,66,-754,157,1973,515,-448,1036,944,868,1523,1158,1774,249
479509,1,4291,-4116,-1119,65,-753,158,1974,512,-446,1035,942,866,1521,1158,1776,250
479509,1,4290,-4115,-1119,68,-753,156,1974,511,-446,1036,941,863,1520,1158,1776,249
479509,0,4290,-4115,-1119,68,-753,156,1974,511,-446,1036,941,863,1520,1158,1776,249
479509,1,4290,-4114,-1118,69,-753,157,1973,513,-446,1035,942,867,1524,1152,1776,244
479509,1,4290,-4117,-1120,66,-752,158,1973,510,-445,1036,941,865,1525,1155,1774,241
479509,1,4291,-4115,-1119,67,-753,155,1974,511,-445,1034,943,865,1525,1151,1776,241
479509,1,4291,-4115,-1120,67,-751,157,1974,509,-444,1031,941,863,1522,1153,1775,238
479509,0,4291,-4115,-1120,67,-751,157,1974,509,-444,1031,941,863,1522,1153,1775,238
479509,1,4291,-4116,-1121,65,-749,158,1974,509,-444,1032,943,865,1521,1153,1776,240
479509,1,4293,-4116,-1121,65,-753,156,1974,510,-447,1032,941,865,1522,1151,1774,236
479509,1,4289,-4117,-1121,65,-750,158,1973,512,-445,1036,943,862,1522,1149,1776,231
479509,1,4290,-4115,-1118,65,-751,156,1974,508,-446,1031,938,863,1520,1146,1776,231
479509,0,4290,-4115,-1118,65,-751,156,1974,508,-446,1031,938,863,1520,1146,1776,231
479509,1,4291,-4113,-1121,66,-751,155,1974,508,-444,1030,940,863,1520,1148,1772,230
479509,1,4290,-4114,-1123,65,-752,155,1972,509,-445,1030,938,860,1520,1148,1774,229
479509,1,4290,-4114,-1119,65,-752,156,1972,510,-444,1029,936,862,1522,1147,1776,227
479509,1,4289,-4113,-1121,63,-752,154,1969,507,-443,1029,939,860,1521,1147,1774,228
479509,0,4289,-4113,-1121,63,-752,154,1969,507,-443,1029,939,860,1521,1147,1774,228
479509,1,4291,-4112,-1118,63,-748,154,1972,507,-444,1026,938,861,1521,1145,1776,222
479509,1,4292,-4116,-1121,66,-750,153,1972,511,-443,1030,935,860,1521,1142,1775,225
479509,1,4290,-4116,-1119,65,-749,153,1970,509,-446,1027,937,858,1521,1141,1775,222
479509,1,4291,-4117,-1121,65,-750,155,1971,509,-443,1029,937,860,1519,1140,1773,217
479509,0,4291,-4117,-1121,65,-750,155,1971,509,-443,1029,937,860,1519,1140,1773,217
479509,1,4289,-4116,-1120,65,-750,155,1974,508,-443,1028,938,858,1522,1143,1772,218
479509,1,4290,-4118,-1121,65,-750,152,1973,508,-445,1028,938,859,1523,1141,1770,218
479509,1,4288,-4116,-1121,67,-752,150,1972,508,-443,1027,936,859,1521,1140,1775,216
479509,1,4290,-4115,-1120,68,-748,151,1970,508,-444,1026,935,858,1524,1136,1774,215
479509,0,4290,-4115,-1120,68,-748,151,1970,508,-444,1026,935,858,1524,1136,1774,215
479509,1,4289,-4113,-1120,65,-750,151,1971,508,-440,1025,936,858,1522,1139,1773,213
479509,1,4291,-4116,-1122,66,-748,149,1970,508,-443,1025,936,857,1520,1139,1772,212
479509,1,4292,-4118,-1123,63,-750,151,1971,506,-442,1025,936,857,1522,1137,1772,210
479509,1,4288,-4117,-1119,66,-750,152,1969,507,-443,1022,935,859,1523,1134,1773,211
479509,0,4288,-4117,-1119,66,-750,152,1969,507,-443,1022,935,859,1523,1134,1773,211
479509,1,4289,-4115,-1121,65,-752,152,1972,507,-441,1022,932,857,1523,1137,1774,208
479509,1,4288,-4116,-1122,66,-749,153,1971,507,-444,1021,935,855,1524,1132,1775,208
479509,1,4290,-4114,-1125,64,-752,150,1967,506,-441,1024,934,856,1524,1134,1774,207
479509,1,4291,-4116,-1120,64,-749,149,1971,506,-443,1024,936,854,1521,1134,1772,206
479509,0,4291,-4116,-1120,64,-749,149,1971,506,-443,1024,936,854,1521,1134,1772,206
479509,1,4288,-4117,-1123,65,-751,153,1972,507,-442,1022,934,856,1520,1134,1773,206
479509,1,4288,-4115,-1123,66,-747,153,1969,506,-441,1017,932,857,1522,1133,1772,206
479509,1,4290,-4115,-1124,64,-749,150,1969,506,-441,1020,931,854,1523,1134,1774,206
479509,1,4288,-4114,-1123,65,-749,150,1969,506,-440,1019,932,855,1521,1133,1775,203
479509,1,4288,-4118,-1124,66,-750,150,1968,505,-441,1020,932,853,1523,1129,1773,203
479509,0,4288,-4118,-1124,66,-750,150,1968,505,-441,1020,932,853,1523,1129,1773,203
479509,1,4289,-4115,-1124,66,-746,150,1971,505,-441,1021,932,854,1521,1128,1773,203
479509,1,4289,-4114,-1122,65,-746,151,1970,505,-442,1019,933,853,1521,1130,1774,201
479509,1,4289,-4113,-1122,63,-747,149,1969,505,-440,1018,932,850,1523,1129,1772,201
479509,1,4288,-4115,-1123,68,-749,149,1968,503,-440,1019,931,852,1522,1128,1770,202
479509,0,4288,-4115,-1123,68,-749,149,1968,503,-440,1019,931,852,1522,1128,1770,202
479509,1,4291,-4115,-1125,66,-748,149,1970,503,-440,1015,931,853,1521,1128,1773,200
479509,1,4290,-4114,-1123,63,-747,151,1967,505,-440,1015,931,851,1522,1127,1772,199
479509,1,4288,-4115,-1125,64,-747,148,1967,502,-439,1018,931,851,1521,1126,1771,199
479509,1,4288,-4116,-1124,64,-746,151,1967,504,-440,1017,929,851,1523,1124,1773,199
479509,0,4288,-4116,-1124,64,-746,151,1967,504,-440,1017,929,851,1523,1124,1773,199
479509,1,4288,-4112,-1123,62,-747,151,1971,506,-439,1014,929,850,1523,1123,1773,196
479509,1,4285,-4116,-1126,65,-748,151,1967,504,-442,1015,932,851,1522,1123,1773,198
479509,1,4288,-4118,-1124,65,-748,149,1969,504,-440,1014,929,851,1523,1121,1773,196
479509,1,4288,-4112,-1125,65,-749,148,1968,502,-438,1015,927,849,1526,1123,1772,197
479509,0,4288,-4112,-1125,65,-749,148,1968,502,-438,1015,927,849,1526,1123,1772,197
479509,1,4286,-4120,-1126,65,-750,150,1970,503,-442,1014,929,848,1521,1122,1773,195
479509,1,4291,-4115,-1125,64,-748,149,1968,499,-439,1017,927,849,1520,1122,1773,194
479509,1,4289,-4117,-1125,63,-749,148,1968,503,-439,1016,928,848,1523,1121,1770,192
479509,1,4289,-4114,-1125,63,-746,149,1968,503,-442,1012,929,849,1523,1117,1773,193
479509,0,4289,-4114,-1125,63,-746,149,1968,503,-442,1012,929,849,1523,1117,1773,193
479509,1,4289,-4115,-1126,64,-750,153,1968,499,-439,1013,927,848,1523,1120,1772,190
479509,1,4287,-4114,-1125,62,-747,151,1967,505,-439,1013,929,848,1520,1120,1771,191
479509,1,4288,-4114,-1125,64,-750,149,1968,499,-439,1013,927,848,1521,1120,1771,192
479509,1,4287,-4115,-1126,61,-745,149,1968,502,-438,1012,925,848,1522,1119,1771,192
479509,0,4287,-4115,-1126,61,-745,149,1968,502,-438,1012,925,848,1522,1119,1771,192
479509,1,4287,-4116,-1124,61,-749,150,1967,501,-439,1014,929,850,1523,1116,1769,191
479509,1,4288,-4113,-1125,61,-746,151,1967,503,-440,1011,926,848,1519,1116,1771,188
479509,1,4288,-4113,-1125,63,-747,149,1968,501,-437,1010,925,846,1523,1117,1770,189
479509,1,4288,-4114,-1126,60,-745,149,1968,501,-439,1011,925,846,1524,1114,1771,188
479509,0,4288,-4114,-1126,60,-745,149,1968,501,-439,1011,925,846,1524,1114,1771,188
479509,1,4286,-4115,-1127,62,-750,150,1967,501,-437,1012,927,846,1526,1114,1773,188
479509,1,4289,-4115,-1125,63,-748,148,1966,501,-439,1011,926,847,1523,1114,1772,190
479509,1,4287,-4117,-1125,61,-746,150,1968,502,-437,1008,928,845,1521,1113,1770,188
479509,1,4286,-4115,-1128,63,-747,148,1966,502,-437,1009,927,846,1523,1115,1769,189
479509,0,4286,-4115,-1128,63,-747,148,1966,502,-437,1009,927,846,1523,1115,1769,189
479509,1,4287,-4115,-1125,60,-746,146,1965,499,-439,1009,925,843,1519,1115,1767,187
479509,1,4289,-4114,-1127,61,-745,149,1966,502,-438,1012,925,847,1524,1114,1771,188
479509,1,4289,-4118,-1125,61,-746,147,1969,500,-434,1011,925,845,1522,1110,1771,184
479509,1,4286,-4117,-1124,62,-746,149,1967,500,-435,1007,924,844,1520,1109,1769,182
479509,0,4286,-4117,-1124,62,-746,149,1967,500,-435,1007,924,844,1520,1109,1769,182
479509,1,4289,-4114,-1124,60,-746,150,1968,501,-437,1008,927,844,1520,1110,1770,185
479509,1,4288,-4114,-1126,62,-746,148,1966,498,-435,1011,927,844,1522,1109,1772,184
479509,1,4287,-4116,-1124,60,-749,149,1967,500,-436,1009,924,843,1521,1108,1769,183
479509,1,4287,-4114,-1126,62,-746,151,1967,500,-436,1009,924,844,1521,1109,1770,182
479509,0,4287,-4114,-1126,62,-746,151,1967,500,-436,1009,924,844,1521,1109,1770,182
479509,1,4289,-4118,-1125,63,-748,147,1965,499,-436,1009,925,844,1524,1109,1771,181
479509,1,4286,-4115,-1125,61,-747,147,1966,500,-436,1008,923,843,1525,1107,1770,179
479509,1,4288,-4117,-1125,62,-747,150,1966,500,-437,1009,924,843,1521,1109,1770,181
479509,1,4288,-4115,-1126,63,-746,146,1966,497,-435,1007,924,842,1523,1109,1769,179
479509,0,4288,-4115,-1126,63,-746,146,1966,497,-435,1007,924,842,1523,1109,1769,179
479509,1,4287,-4114,-1126,61,-744,148,1967,499,-436,1007,924,841,1521,1110,1771,180
479509,1,4288,-4113,-1124,63,-746,149,1968,500,-435,1007,924,842,1522,1106,1769,179
479509,1,4288,-4113,-1124,60,-745,148,1966,500,-433,1008,922,841,1522,1104,1770,180
479509,1,4288,-4114,-1126,60,-744,146,1970,500,-436,1007,923,841,1524,1106,1770,178
479509,0,4288,-4114,-1126,60,-744,146,1970,500,-436,1007,923,841,1524,1106,1770,178
479509,1,4287,-4116,-1127,61,-746,146,1966,498,-433,1009,925,841,1521,1106,1771,179
479509,1,4288,-4114,-1124,61,-744,148,1968,498,-432,1008,924,843,1520,1104,1767,178
479509,1,4286,-4114,-1125,60,-743,147,1966,499,-436,1008,923,842,1523,1102,1767,176
479509,1,4287,-4114,-1126,60,-743,148,1966,498,-433,1007,923,840,1521,1103,1770,177
479509,0,4287,-4114,-1126,60,-743,148,1966,498,-433,1007,923,840,1521,1103,1770,177
479509,1,4286,-4114,-1125,61,-744,149,1965,498,-434,1007,924,840,1522,1105,1769,176
479509,1,4287,-4113,-1125,59,-746,146,1966,501,-434,1008,924,842,1525,1102,1770,176
479509,1,4287,-4113,-1126,60,-746,147,1968,501,-434,1006,922,840,1521,1101,1770,174
479509,1,4286,-4117,-1126,62,-746,149,1967,499,-434,1005,922,839,1522,1104,1768,177
479509,0,4286,-4117,-1126,62,-746,149,1967,499,-434,1005,922,839,1522,1104,1768,177
479509,1,4288,-4113,-1127,61,-745,146,1965,497,-434,1006,922,839,1521,1100,1767,175
479509,1,4288,-4116,-1126,61,-742,147,1965,498,-433,1006,924,837,1522,1100,1770,174
479509,1,4288,-4116,-1125,60,-746,148,1968,497,-434,1006,922,839,1523,1102,1766,175
479509,1,4289,-4115,-1125,61,-745,147,1967,501,-434,1005,924,839,1522,1101,1767,174
479509,1,4289,-4113,-1124,61,-743,147,1963,499,-431,1005,922,840,1522,1099,1769,174
479509,0,4289,-4113,-1124,61,-743,147,1963,499,-431,1005,922,840,1522,1099,1769,174
479509,1,4287,-4116,-1124,61,-746,146,1966,498,-432,1005,921,839,1521,1097,1769,172
479509,1,4286,-4114,-1127,61,-745,145,1967,498,-431,1004,921,840,1519,1099,1768,173
479509,1,4288,-4111,-1126,61,-745,146,1964,499,-431,1004,921,841,1523,1099,1768,172
479509,1,4285,-4116,-1127,59,-744,146,1966,497,-433,1005,922,842,1523,1099,1768,170
479509,0,4285,-4116,-1127,59,-744,146,1966,497,-433,1005,922,842,1523,1099,1768,170
479509,1,4286,-4114,-1126,60,-744,144,1967,503,-433,1002,918,839,1521,1099,1769,169
479509,1,4285,-4112,-1127,59,-743,147,1966,497,-429,1005,920,840,1521,1096,1767,169
479509,1,4285,-4114,-1126,61,-745,144,1964,497,-433,1004,921,839,1524,1099,1768,170
479509,1,4285,-4115,-1127,57,-744,147,1964,498,-433,1005,919,839,1522,1094,1768,170
479509,0,4285,-4115,-1127,57,-744,147,1964,498,-433,1005,919,839,1522,1094,1768,170
479509,1,4284,-4112,-1126,60,-745,144,1966,497,-432,1005,921,840,1523,1094,1769,170
479509,1,4285,-4114,-1126,60,-745,145,1967,496,-431,1004,919,838,1523,1094,1767,169
479509,1,4288,-4114,-1128,60,-745,146,1966,497,-427,1003,920,835,1522,1095,1767,170
479509,1,4288,-4115,-1125,61,-743,146,1964,495,-429,1004,921,838,1525,1094,1769,168
479509,0,4288,-4115,-1125,61,-743,146,1964,495,-429,1004,921,838,1525,1094,1769,168
479509,1,4285,-4115,-1125,62,-744,144,1967,496,-429,1007,921,838,1524,1092,1767,167
479509,1,4285,-4113,-1124,60,-744,147,1964,497,-429,1003,922,838,1522,1097,1765,168
479509,1,4287,-4114,-1125,59,-744,145,1964,498,-431,1005,920,839,1523,1090,1766,167
479509,1,4285,-4116,-1126,60,-745,147,1963,495,-431,1004,921,839,1521,1094,1768,167
479509,0,4285,-4116,-1126,60,-745,147,1963,495,-431,1004,921,839,1521,1094,1768,167
479509,1,4287,-4111,-1126,60,-744,145,1966,494,-426,1003,918,837,1521,1093,1767,166
479509,1,4286,-4118,-1126,61,-743,149,1966,495,-429,1001,919,838,1522,1092,1765,166
479509,1,4286,-4114,-1127,61,-744,146,1963,495,-428,1004,918,834,1522,1090,1767,165
479509,1,4286,-4115,-1127,61,-746,147,1965,497,-428,1003,918,836,1522,1091,1767,163
479509,0,4286,-4115,-1127,61,-746,147,1965,497,-428,1003,918,836,1522,1091,1767,163
479509,1,4290,-4114,-1125,60,-744,146,1966,495,-429,1003,917,834,1521,1092,1767,165
479509,1,4288,-4116,-1127,59,-744,149,1964,497,-426,1005,919,836,1523,1092,1766,164
479509,1,4288,-4114,-1127,59,-743,149,1962,495,-427,1003,917,834,1522,1089,1766,166
479509,1,4291,-4116,-1125,58,-742,148,1963,497,-424,1006,920,836,1524,1092,1766,166
479509,0,4291,-4116,-1125,58,-742,148,1963,497,-424,1006,920,836,1524,1092,1766,166
479509,1,4292,-4115,-1125,60,-743,152,1963,497,-423,1008,920,837,1523,1093,1765,166
479509,1,4291,-4113,-1123,61,-744,163,1963,498,-424,1011,918,836,1522,1093,1766,166
479509,1,4292,-4114,-1118,61,-743,170,1963,495,-423,1010,920,835,1522,1091,1767,165
479509,1,4293,-4116,-1116,63,-743,178,1964,497,-420,1014,921,837,1522,1095,1767,167
479509,0,4293,-4116,-1116,63,-743,178,1964,497,-420,1014,921,837,1522,1095,1767,167
479509,1,4293,-4113,-1109,59,-743,186,1961,498,-420,1016,921,834,1525,1094,1766,166
479509,1,4294,-4114,-1105,62,-743,199,1964,497,-423,1021,922,838,1523,1095,1768,166
479509,1,4293,-4116,-1097,60,-741,209,1966,500,-422,1024,917,835,1522,1098,1766,166
479509,1,4293,-4113,-1092,61,-741,218,1964,493,-420,1028,918,836,1524,1100,1766,166
479509,0,4293,-4113,-1092,61,-741,218,1964,493,-420,1028,918,836,1524,1100,1766,166
479509,1,4294,-4116,-1087,59,-743,227,1963,495,-420,1033,917,834,1524,1102,1767,169
479509,1,4295,-4116,-1081,61,-740,239,1963,497,-420,1037,923,836,1523,1102,1766,167
479509,1,4295,-4114,-1073,60,-742,250,1962,497,-421,1042,921,836,1521,1102,1766,166
479509,1,4295,-4117,-1070,62,-741,263,1961,496,-422,1049,920,838,1521,1104,1765,166
479509,0,4295,-4117,-1070,62,-741,263,1961,496,-422,1049,920,838,1521,1104,1765,166
479509,1,4293,-4116,-1060,64,-743,275,1963,495,-420,1053,919,838,1525,1104,1765,166
479509,1,4297,-4116,-1054,65,-741,291,1963,497,-420,1062,923,836,1524,1104,1764,165
479509,1,4296,-4114,-1045,68,-745,303,1964,493,-422,1066,923,837,1521,1106,1765,166
479509,1,4297,-4115,-1037,76,-743,314,1961,496,-421,1072,922,836,1524,1104,1765,166
479509,0,4297,-4115,-1037,76,-743,314,1961,496,-421,1072,922,836,1524,1104,1765,166
479509,1,4295,-4115,-1030,80,-741,327,1964,495,-418,1079,920,836,1520,1103,1763,169
479509,1,4296,-4113,-1022,86,-742,340,1964,497,-420,1086,918,836,1523,1106,1763,165
479509,1,4295,-4117,-1017,90,-744,351,1960,497,-420,1093,923,836,1520,1110,1761,162
479509,1,4297,-4115,-1008,90,-744,362,1959,497,-420,1099,922,837,1524,1117,1759,168
479509,0,4297,-4115,-1008,90,-744,362,1959,497,-420,1099,922,837,1524,1117,1759,168
479509,1,4296,-4114,-1002,96,-743,373,1960,495,-419,1106,923,837,1522,1120,1757,164
479509,1,4298,-4114,-992,100,-742,386,1958,497,-418,1112,922,836,1527,1127,1754,166
479509,1,4298,-4116,-988,104,-743,397,1958,496,-419,1119,923,835,1524,1137,1752,165
479509,1,4296,-4115,-978,106,-742,410,1955,496,-419,1125,922,835,1521,1144,1754,163
479509,0,4296,-4115,-978,106,-742,410,1955,496,-419,1125,922,835,1521,1144,1754,163
479509,1,4296,-4114,-973,111,-745,425,1954,495,-417,1135,922,838,1523,1153,1751,164
479509,1,4297,-4115,-966,118,-741,439,1952,497,-416,1140,925,837,1525,1157,1750,166
479509,1,4297,-4111,-959,118,-744,455,1952,496,-417,1150,922,836,1521,1164,1748,165
479509,1,4298,-4115,-951,121,-745,468,1951,496,-418,1160,924,834,1525,1173,1746,163
479509,1,4298,-4115,-945,124,-741,484,1948,496,-419,1175,921,834,1522,1182,1744,163
479509,0,4298,-4115,-945,124,-741,484,1948,496,-419,1175,921,834,1522,1182,1744,163
479509,1,4296,-4115,-935,129,-745,498,1944,495,-420,1183,925,835,1526,1191,1741,167
479509,1,4297,-4112,-926,134,-742,509,1942,493,-418,1193,926,836,1525,1197,1739,166
479509,1,4299,-4114,-918,139,-743,522,1940,493,-417,1209,926,838,1525,1205,1737,165
479509,1,4297,-4113,-909,144,-744,534,1937,496,-419,1219,924,838,1527,1217,1736,164
479509,0,4297,-4113,-909,144,-744,534,1937,496,-419,1219,924,838,1527,1217,1736,164
479509,1,4298,-4113,-900,148,-740,548,1937,493,-418,1227,924,836,1525,1224,1734,165
479509,1,4296,-4114,-894,151,-741,560,1933,495,-417,1235,926,837,1526,1233,1730,166
479509,1,4299,-4114,-887,155,-743,573,1930,495,-419,1243,927,836,1525,1239,1728,168
479509,1,4298,-4116,-884,160,-744,585,1928,495,-417,1248,929,834,1521,1248,1723,165
479509,0,4298,-4116,-884,160,-744,585,1928,495,-417,1248,929,834,1521,1248,1723,165
479509,1,4297,-4115,-877,163,-742,598,1926,494,-416,1253,927,837,1521,1259,1722,164
479509,1,4296,-4115,-871,166,-746,612,1922,496,-418,1254,928,837,1524,1267,1720,166
479509,1,4297,-4115,-862,171,-744,627,1920,495,-416,1263,927,837,1523,1273,1720,165
479509,1,4299,-4117,-856,175,-741,640,1917,497,-416,1267,928,834,1525,1283,1716,166
479510,0,4299,-4117,-856,175,-741,640,1917,497,-416,1267,928,834,1525,1283,1716,166
479510,1,4297,-4115,-846,180,-743,653,1915,497,-417,1270,931,836,1525,1292,1713,166
479510,1,4297,-4113,-836,183,-746,668,1912,495,-416,1276,934,833,1525,1300,1709,165
479510,1,4297,-4116,-825,186,-744,683,1908,495,-416,1283,932,834,1526,1309,1707,165
479510,1,4298,-4116,-813,189,-742,694,1906,496,-417,1290,929,834,1523,1318,1704,166
479510,0,4298,-4116,-813,189,-742,694,1906,496,-417,1290,929,834,1523,1318,1704,166
479510,1,4299,-4113,-808,193,-743,709,1901,496,-416,1297,932,832,1523,1328,1700,164
479510,1,4298,-4113,-801,195,-744,723,1897,492,-416,1304,937,837,1523,1337,1695,164
479510,1,4297,-4113,-797,201,-746,735,1892,494,-416,1314,938,834,1521,1345,1695,166
479510,1,4296,-4114,-794,206,-742,748,1888,492,-414,1325,936,834,1523,1354,1689,166
479510,0,4296,-4114,-794,206,-742,748,1888,492,-414,1325,936,834,1523,1354,1689,166
479510,1,4298,-4114,-787,207,-746,764,1883,492,-416,1334,936,834,1524,1365,1687,165
479510,1,4296,-4116,-782,210,-744,779,1881,492,-419,1344,936,834,1523,1372,1681,163
479510,1,4297,-4115,-778,215,-742,792,1875,492,-417,1350,937,833,1527,1378,1678,163
479510,1,4296,-4118,-773,223,-741,808,1872,491,-413,1356,940,831,1527,1388,1673,165
479510,0,4296,-4118,-773,223,-741,808,1872,491,-413,1356,940,831,1527,1388,1673,165
479510,1,4298,-4115,-765,225,-746,824,1869,493,-415,1365,939,835,1524,1401,1671,165
479510,1,4297,-4116,-759,228,-741,837,1866,492,-419,1371,937,835,1524,1410,1664,165
479510,1,4297,-4113,-753,233,-745,851,1859,490,-416,1380,940,831,1525,1419,1662,162
479510,1,4301,-4113,-744,235,-743,861,1859,488,-414,1386,938,833,1523,1430,1658,164
479510,0,4301,-4113,-744,235,-743,861,1859,488,-414,1386,938,833,1523,1430,1658,164
479510,1,4297,-4114,-736,240,-745,875,1853,491,-415,1394,938,832,1522,1441,1656,164
479510,1,4297,-4115,-727,242,-745,885,1848,489,-414,1405,939,832,1522,1449,1650,166
479510,1,4297,-4113,-715,246,-746,895,1846,485,-416,1413,943,832,1523,1458,1646,166
479510,1,4298,-4115,-706,249,-743,912,1840,486,-415,1426,943,834,1524,1467,1640,166
479510,0,4298,-4115,-706,249,-743,912,1840,486,-415,1426,943,834,1524,1467,1640,166
479510,1,4297,-4115,-696,254,-746,925,1836,487,-416,1433,941,832,1523,1474,1635,167
479510,1,4296,-4116,-685,258,-745,940,1832,489,-415,1444,943,831,1524,1487,1633,166
479510,1,4293,-4113,-676,262,-748,955,1829,486,-415,1454,943,831,1522,1491,1624,166
479510,1,4297,-4117,-667,265,-745,974,1821,485,-416,1462,948,828,1523,1501,1621,166
479510,0,4297,-4117,-667,265,-745,974,1821,485,-416,1462,948,828,1523,1501,1621,166
479510,1,4298,-4114,-659,270,-749,988,1822,485,-418,1475,945,830,1522,1513,1616,164
479510,1,4296,-4113,-651,274,-744,1003,1818,483,-415,1486,946,830,1523,1520,1615,166
479510,1,4297,-4113,-645,278,-749,1018,1814,482,-416,1494,945,831,1526,1532,1610,166
479510,1,4299,-4115,-640,279,-746,1027,1811,483,-416,1507,948,829,1523,1540,1604,163
479510,0,4299,-4115,-640,279,-746,1027,1811,483,-416,1507,948,829,1523,1540,1604,163
479510,1,4297,-4114,-636,285,-751,1042,1807,484,-413,1513,951,827,1527,1545,1603,165
479510,1,4298,-4116,-630,289,-750,1052,1801,482,-415,1525,951,828,1524,1555,1599,166
479510,1,4296,-4116,-620,292,-751,1061,1797,482,-414,1537,953,829,1522,1565,1595,166
479510,1,4296,-4113,-614,295,-750,1075,1791,482,-414,1544,951,827,1522,1575,1586,164
479510,0,4296,-4113,-614,295,-750,1075,1791,482,-414,1544,951,827,1522,1575,1586,164
479510,1,4297,-4114,-601,299,-753,1087,1788,479,-414,1555,951,828,1523,1583,1583,165
479510,1,4295,-4114,-593,301,-752,1101,1781,478,-416,1562,952,824,1523,1590,1581,165
479510,1,4297,-4114,-582,310,-758,1118,1778,478,-416,1571,957,825,1521,1603,1577,165
479510,1,4296,-4115,-572,311,-753,1135,1772,477,-414,1577,955,827,1520,1609,1568,165
479510,0,4296,-4115,-572,311,-753,1135,1772,477,-414,1577,955,827,1520,1609,1568,165
479510,1,4297,-4114,-562,316,-756,1148,1771,478,-418,1582,957,825,1522,1616,1567,164
479510,1,4296,-4111,-557,316,-759,1165,1768,476,-415,1590,959,823,1526,1628,1561,164
479510,1,4295,-4114,-551,322,-760,1178,1763,475,-417,1598,957,825,1525,1637,1558,166
479510,1,4298,-4113,-548,326,-757,1191,1760,476,-415,1608,959,822,1524,1644,1553,166
479510,0,4298,-4113,-548,326,-757,1191,1760,476,-415,1608,959,822,1524,1644,1553,166
479510,1,4297,-4114,-548,328,-757,1200,1758,477,-414,1615,961,821,1526,1653,1548,166
479510,1,4299,-4113,-539,334,-760,1214,1753,473,-414,1627,965,821,1522,1659,1540,167
479510,1,4298,-4114,-535,336,-761,1221,1750,470,-414,1639,963,820,1523,1667,1540,163
479510,1,4299,-4115,-526,340,-763,1236,1744,471,-416,1649,966,820,1521,1680,1534,166
479510,1,4298,-4112,-517,346,-761,1248,1740,467,-418,1662,968,818,1525,1689,1530,168
479510,0,4298,-4112,-517,346,-761,1248,1740,467,-418,1662,968,818,1525,1689,1530,168
479510,1,4295,-4111,-505,348,-766,1264,1737,467,-414,1673,969,819,1521,1696,1526,163
479510,1,4296,-4113,-495,352,-765,1282,1733,467,-418,1686,970,819,1523,1705,1522,165
479510,1,4296,-4112,-487,356,-772,1296,1729,468,-415,1691,973,819,1526,1714,1518,167
479510,1,4295,-4112,-479,359,-770,1312,1729,466,-416,1699,975,816,1525,1721,1511,166
479510,0,4295,-4112,-479,359,-770,1312,1729,466,-416,1699,975,816,1525,1721,1511,166
479510,1,4295,-4112,-472,364,-775,1329,1723,463,-417,1708,976,818,1522,1734,1509,165
479510,1,4297,-4114,-466,371,-771,1343,1722,460,-416,1713,977,817,1521,1743,1500,165
479510,1,4298,-4113,-463,370,-779,1355,1718,460,-413,1719,977,815,1524,1750,1498,163
479510,1,4297,-4112,-460,373,-778,1370,1715,458,-415,1728,978,814,1524,1760,1493,164
479510,0,4297,-4112,-460,373,-778,1370,1715,458,-415,1728,978,814,1524,1760,1493,164
479510,1,4296,-4113,-451,377,-785,1378,1709,455,-415,1739,978,813,1526,1770,1488,166
479510,1,4295,-4114,-444,383,-783,1390,1704,453,-416,1745,980,814,1525,1783,1482,165
479510,1,4296,-4114,-431,384,-781,1402,1703,454,-417,1758,980,812,1524,1792,1476,165
479510,1,4296,-4113,-421,390,-789,1413,1699,452,-416,1773,980,813,1521,1799,1474,164
479510,0,4296,-4113,-421,390,-789,1413,1699,452,-416,1773,980,813,1521,1799,1474,164
479510,1,4297,-4111,-412,391,-787,1428,1694,451,-413,1782,983,813,1521,1810,1465,165
479510,1,4297,-4110,-403,394,-793,1442,1690,451,-413,1792,987,812,1525,1823,1459,166
479510,1,4297,-4110,-400,400,-792,1457,1685,448,-416,1801,987,810,1523,1833,1456,166
479510,1,4297,-4111,-391,405,-792,1473,1684,443,-415,1810,987,809,1522,1839,1450,162
479510,0,4297,-4111,-391,405,-792,1473,1684,443,-415,1810,987,809,1522,1839,1450,162
479510,1,4299,-4113,-387,407,-794,1485,1682,443,-415,1813,988,810,1522,1851,1446,166
479510,1,4297,-4114,-384,413,-800,1504,1677,441,-415,1821,989,809,1526,1861,1442,166
479510,1,4298,-4114,-374,415,-804,1517,1673,439,-414,1829,990,805,1525,1873,1437,166
479510,1,4298,-4111,-370,418,-801,1529,1669,441,-414,1834,989,807,1526,1884,1429,165
479510,0,4298,-4111,-370,418,-801,1529,1669,441,-414,1834,989,807,1526,1884,1429,165
479510,1,4297,-4111,-361,422,-813,1545,1668,439,-415,1841,988,806,1525,1894,1424,165
479510,1,4295,-4110,-346,424,-806,1554,1665,438,-416,1855,991,805,1526,1904,1420,165
479510,1,4295,-4113,-340,430,-815,1568,1661,434,-416,1865,994,803,1527,1918,1416,165
479510,1,4297,-4111,-333,435,-814,1578,1658,431,-417,1875,995,802,1524,1931,1411,164
479510,0,4297,-4111,-333,435,-814,1578,1658,431,-417,1875,995,802,1524,1931,1411,164
479510,1,4295,-4108,-326,440,-816,1592,1650,433,-416,1884,995,804,1523,1942,1408,163
479510,1,4295,-4110,-318,442,-817,1604,1644,432,-417,1896,999,801,1522,1950,1404,165
479510,1,4297,-4111,-312,445,-820,1617,1647,429,-416,1905,1001,800,1524,1965,1396,163
479510,1,4296,-4113,-304,450,-825,1630,1640,427,-417,1913,998,798,1526,1974,1394,162
479510,0,4296,-4113,-304,450,-825,1630,1640,427,-417,1913,998,798,1526,1974,1394,162
479510,1,4295,-4112,-301,454,-828,1647,1639,424,-419,1927,1000,796,1525,1982,1390,165
479510,1,4296,-4109,-293,457,-835,1664,1634,422,-417,1933,1001,796,1526,1995,1383,167
479510,1,4296,-4107,-285,460,-830,1679,1630,419,-416,1944,1001,797,1526,2007,1377,166
479510,1,4296,-4104,-276,464,-837,1695,1626,418,-415,1948,1002,798,1524,2019,1371,166
479510,0,4296,-4104,-276,464,-837,1695,1626,418,-415,1948,1002,798,1524,2019,1371,166
479510,1,4295,-4096,-268,469,-842,1711,1625,419,-417,1958,1000,794,1525,2033,1365,166
479510,1,4298,-4092,-259,470,-845,1722,1621,418,-418,1968,1006,792,1522,2046,1360,163
479510,1,4299,-4086,-251,473,-854,1731,1619,417,-416,1973,1004,788,1525,2061,1354,164
479510,1,4297,-4082,-244,478,-857,1740,1615,415,-418,1978,1008,789,1528,2069,1350,165
479510,0,4297,-4082,-244,478,-857,1740,1615,415,-418,1978,1008,789,1528,2069,1350,165
479510,1,4296,-4074,-236,483,-860,1752,1606,415,-418,1991,1009,791,1525,2080,1343,165
479510,1,4295,-4071,-227,488,-864,1763,1603,408,-415,1999,1011,789,1524,2095,1335,165
479510,1,4298,-4071,-222,488,-878,1775,1601,407,-416,2008,1010,789,1527,2103,1333,165
479510,1,4297,-4069,-212,492,-879,1789,1597,409,-417,2018,1011,787,1526,2115,1328,164
479510,0,4297,-4069,-212,492,-879,1789,1597,409,-417,2018,1011,787,1526,2115,1328,164
479510,1,4299,-4070,-205,494,-886,1805,1593,407,-416,2026,1014,784,1524,2124,1322,163
479510,1,4296,-4071,-195,502,-888,1823,1591,403,-417,2033,1014,784,1523,2137,1318,166
479510,1,4297,-4072,-189,505,-887,1843,1590,404,-415,2041,1015,783,1522,2147,1310,165
479510,1,4296,-4072,-182,508,-900,1861,1584,402,-418,2050,1016,784,1525,2159,1307,166
479510,0,4296,-4072,-182,508,-900,1861,1584,402,-418,2050,1016,784,1525,2159,1307,166
479510,1,4296,-4071,-173,512,-899,1876,1583,402,-415,2057,1016,782,1526,2170,1302,165
479510,1,4297,-4074,-168,518,-911,1889,1583,402,-417,2067,1016,779,1525,2178,1298,165
479510,1,4296,-4070,-160,523,-909,1902,1581,398,-417,2074,1018,776,1522,2191,1293,163
479510,1,4296,-4070,-152,525,-916,1910,1572,398,-418,2086,1019,778,1524,2198,1291,166
479510,0,4296,-4070,-152,525,-916,1910,1572,398,-418,2086,1019,778,1524,2198,1291,166
479510,1,4298,-4072,-146,527,-917,1923,1571,395,-416,2096,1022,779,1526,2210,1285,163
479510,1,4298,-4073,-136,529,-927,1930,1564,395,-416,2104,1022,775,1525,2222,1284,164
479510,1,4295,-4073,-131,536,-924,1944,1561,393,-420,2113,1025,774,1521,2234,1279,165
479510,1,4297,-4078,-124,537,-935,1954,1558,390,-417,2125,1025,770,1524,2242,1277,166
479510,1,4298,-4074,-115,539,-934,1971,1554,388,-418,2133,1024,769,1523,2254,1265,164
479510,0,4298,-4074,-115,539,-934,1971,1554,388,-418,2133,1024,769,1523,2254,1265,164
479510,1,4298,-4078,-106,545,-940,1986,1545,389,-418,2140,1025,770,1523,2264,1260,164
479510,1,4296,-4077,-102,548,-943,2002,1544,386,-418,2146,1027,769,1521,2275,1257,165
479510,1,4294,-4077,-93,550,-947,2020,1544,386,-417,2151,1027,766,1524,2287,1252,163
479510,1,4297,-4078,-87,555,-950,2039,1539,382,-421,2159,1028,765,1527,2293,1251,166
479510,0,4297,-4078,-87,555,-950,2039,1539,382,-421,2159,1028,765,1527,2293,1251,166
479510,1,4296,-4075,-74,559,-949,2052,1538,381,-418,2165,1030,764,1523,2305,1249,164
479510,1,4295,-4079,-67,563,-962,2066,1531,381,-419,2170,1030,762,1525,2310,1242,165
479510,1,4297,-4079,-61,567,-965,2077,1527,381,-419,2178,1033,759,1529,2324,1237,164
479510,1,4295,-4077,-54,572,-966,2090,1524,377,-417,2189,1032,760,1527,2330,1235,164
479510,0,4295,-4077,-54,572,-966,2090,1524,377,-417,2189,1032,760,1527,2330,1235,164
479510,1,4296,-4079,-48,575,-961,2102,1522,377,-421,2202,1031,758,1526,2345,1233,163
479510,1,4296,-4078,-40,580,-974,2110,1518,374,-418,2215,1035,758,1527,2353,1226,167
479510,1,4298,-4078,-31,581,-970,2121,1514,373,-418,2225,1037,755,1521,2363,1221,166
479510,1,4295,-4077,-24,583,-979,2133,1511,371,-418,2238,1038,754,1523,2371,1217,166
479510,0,4295,-4077,-24,583,-979,2133,1511,371,-418,2238,1038,754,1523,2371,1217,166
479510,1,4296,-4079,-8,594,-980,2165,1501,367,-420,2255,1042,751,1526,2391,1205,164
479510,0,4296,-4079,-8,594,-980,2165,1501,367,-420,2255,1042,751,1526,2391,1205,164
479510,1,4296,-4079,-1,596,-985,2180,1497,365,-420,2266,1040,751,1522,2398,1201,163
479510,1,4296,-4078,9,599,-985,2195,1493,365,-422,2272,1043,749,1527,2406,1195,166
479510,0,4296,-4078,9,599,-985,2195,1493,365,-422,2272,1043,749,1527,2406,1195,166
479510,1,4296,-4077,15,604,-992,2215,1494,363,-420,2276,1040,747,1524,2418,1188,166
479510,1,4297,-4079,24,609,-997,2232,1488,361,-420,2285,1043,745,1523,2422,1182,166
479510,1,4295,-4079,32,611,-992,2249,1486,360,-419,2290,1043,746,1524,2432,1176,166
479510,1,4296,-4078,40,614,-994,2259,1483,357,-420,2299,1043,744,1525,2441,1169,166
479510,0,4296,-4078,40,614,-994,2259,1483,357,-420,2299,1043,744,1525,2441,1169,166
479510,1,4296,-4076,48,617,-1004,2270,1479,357,-419,2308,1045,744,1525,2451,1164,166
479510,1,4298,-4079,54,618,-1002,2279,1477,355,-421,2320,1045,740,1524,2461,1156,163
479510,1,4294,-4079,63,625,-1011,2288,1473,351,-419,2326,1044,742,1526,2466,1151,164
479510,1,4297,-4079,70,630,-1007,2297,1468,349,-418,2336,1051,741,1526,2478,1145,166
479510,0,4297,-4079,70,630,-1007,2297,1468,349,-418,2336,1051,741,1526,2478,1145,166
479510,1,4296,-4076,76,630,-1010,2310,1462,350,-422,2348,1051,739,1527,2487,1141,163
479510,1,4297,-4079,85,635,-1018,2323,1458,347,-421,2358,1054,736,1524,2497,1131,163
479510,1,4295,-4079,93,639,-1015,2341,1454,343,-423,2366,1052,737,1524,2507,1128,163
479510,1,4296,-4077,98,644,-1027,2360,1450,341,-421,2376,1052,733,1525,2513,1121,166
479510,0,4296,-4077,98,644,-1027,2360,1450,341,-421,2376,1052,733,1525,2513,1121,166
479510,1,4297,-4078,109,648,-1023,2376,1447,342,-423,2383,1053,733,1523,2524,1116,166
479510,1,4295,-4078,114,648,-1028,2394,1445,340,-421,2390,1053,733,1525,2534,1112,166
479510,1,4295,-4079,124,654,-1028,2409,1444,338,-423,2396,1054,729,1525,2547,1103,164
479510,1,4297,-4080,131,657,-1038,2423,1438,334,-421,2406,1057,729,1526,2557,1097,167
479510,0,4297,-4080,131,657,-1038,2423,1438,334,-421,2406,1057,729,1526,2557,1097,167
479510,1,4296,-4079,136,663,-1035,2436,1434,334,-423,2410,1055,728,1525,2567,1093,165
479510,1,4295,-4079,145,666,-1041,2446,1431,334,-423,2420,1059,729,1524,2578,1088,165
479510,1,4295,-4077,152,671,-1043,2453,1429,333,-421,2431,1059,728,1528,2591,1082,166
479510,1,4298,-4079,156,674,-1047,2463,1424,331,-423,2444,1060,724,1523,2601,1072,165
479510,0,4298,-4079,156,674,-1047,2463,1424,331,-423,2444,1060,724,1523,2601,1072,165
479510,1,4296,-4079,165,674,-1051,2475,1419,327,-423,2454,1063,722,1526,2610,1065,164
479510,1,4295,-4079,172,679,-1049,2490,1417,325,-421,2465,1067,721,1525,2622,1057,164
479510,1,4296,-4077,180,680,-1057,2505,1412,325,-420,2474,1065,720,1524,2630,1050,162
479510,1,4295,-4075,187,687,-1057,2522,1407,322,-424,2483,1066,718,1521,2642,1041,162
479510,0,4295,-4075,187,687,-1057,2522,1407,322,-424,2483,1066,718,1521,2642,1041,162
479510,1,4295,-4078,196,693,-1061,2541,1408,318,-424,2493,1066,717,1525,2653,1037,163
479510,1,4297,-4079,206,694,-1059,2556,1404,316,-423,2498,1067,717,1526,2663,1032,163
479510,1,4296,-4082,214,697,-1067,2571,1404,318,-423,2504,1066,714,1523,2674,1026,165
479510,1,4297,-4078,218,700,-1063,2586,1399,318,-425,2513,1066,711,1524,2683,1020,165
479510,0,4297,-4078,218,700,-1063,2586,1399,318,-425,2513,1066,711,1524,2683,1020,165
479510,1,4293,-4079,225,704,-1073,2599,1396,318,-423,2523,1067,712,1527,2696,1014,166
479510,1,4295,-4079,230,710,-1071,2611,1394,318,-421,2528,1070,716,1527,2708,1009,165
479510,1,4297,-4079,240,715,-1075,2621,1388,311,-426,2537,1069,710,1526,2722,1004,164
479510,1,4295,-4077,246,715,-1082,2628,1382,309,-425,2548,1073,707,1525,2730,998,165
479510,0,4295,-4077,246,715,-1082,2628,1382,309,-425,2548,1073,707,1525,2730,998,165
479510,1,4295,-4076,254,719,-1082,2639,1378,317,-426,2558,1073,706,1527,2744,995,163
479510,1,4296,-4080,262,723,-1092,2650,1374,307,-425,2566,1073,705,1527,2755,985,166
479510,1,4295,-4081,270,727,-1092,2662,1369,305,-427,2578,1077,703,1522,2767,981,165
479510,1,4297,-4079,276,731,-1101,2681,1363,305,-427,2586,1076,702,1525,2777,977,163
479510,0,4297,-4079,276,731,-1101,2681,1363,305,-427,2586,1076,702,1525,2777,977,163
479510,1,4294,-4075,284,736,-1097,2699,1362,303,-426,2596,1076,700,1524,2787,976,165
479510,1,4298,-4078,293,739,-1106,2719,1357,305,-427,2603,1078,702,1522,2800,969,165
479510,1,4295,-4078,299,742,-1103,2736,1356,300,-429,2607,1078,698,1527,2810,963,164
479510,1,4294,-4079,304,747,-1114,2752,1352,299,-426,2612,1078,695,1528,2820,959,164
479510,1,4295,-4077,310,750,-1114,2765,1352,299,-428,2618,1078,693,1528,2834,954,163
479510,0,4295,-4077,310,750,-1114,2765,1352,299,-428,2618,1078,693,1528,2834,954,163
479510,1,4295,-4079,318,752,-1121,2778,1351,298,-430,2627,1081,690,1527,2847,945,166
479510,1,4293,-4076,326,758,-1125,2790,1349,298,-430,2628,1082,691,1527,2856,943,166
479510,1,4294,-4077,335,761,-1128,2801,1345,296,-429,2637,1081,689,1527,2868,940,163
479510,1,4295,-4077,343,764,-1137,2810,1338,291,-428,2646,1086,686,1523,2882,934,166
479510,0,4295,-4077,343,764,-1137,2810,1338,291,-428,2646,1086,686,1523,2882,934,166
479510,1,4295,-4079,351,770,-1138,2818,1333,294,-430,2654,1086,685,1525,2892,934,163
479511,1,4294,-4076,361,775,-1139,2828,1328,290,-429,2662,1085,684,1523,2905,925,165
479511,1,4295,-4077,367,775,-1143,2839,1326,291,-430,2668,1087,685,1525,2914,925,165
479511,1,4295,-4074,374,782,-1153,2851,1321,284,-434,2676,1088,683,1524,2926,916,166
479511,0,4295,-4074,374,782,-1153,2851,1321,284,-434,2676,1088,683,1524,2926,916,166
479511,1,4294,-4076,379,787,-1152,2868,1317,283,-430,2685,1088,678,1521,2937,908,165
479511,1,4295,-4078,386,789,-1158,2883,1310,284,-432,2689,1092,676,1525,2945,903,166
479511,1,4296,-4078,394,793,-1159,2905,1312,282,-431,2698,1090,674,1525,2954,894,163
479511,1,4296,-4078,399,800,-1162,2925,1306,280,-434,2708,1093,676,1525,2968,894,163
479511,0,4296,-4078,399,800,-1162,2925,1306,280,-434,2708,1093,676,1525,2968,894,163
479511,1,4296,-4078,408,797,-1166,2944,1305,279,-434,2716,1091,673,1526,2981,888,164
479511,1,4296,-4079,418,803,-1167,2958,1302,277,-433,2721,1094,671,1529,2986,884,163
479511,1,4295,-4077,424,806,-1179,2970,1302,280,-433,2730,1095,671,1527,3000,883,165
479511,1,4297,-4078,434,814,-1181,2981,1297,274,-433,2739,1099,670,1526,3010,875,163
479511,0,4297,-4078,434,814,-1181,2981,1297,274,-433,2739,1099,670,1526,3010,875,163
479511,1,4295,-4075,443,813,-1178,2987,1296,272,-435,2751,1096,669,1525,3018,874,165
479511,1,4296,-4080,451,817,-1178,2997,1292,272,-437,2760,1095,665,1523,3026,866,164
479511,1,4295,-4078,455,824,-1188,3006,1287,270,-437,2773,1099,664,1524,3037,860,164
479511,1,4294,-4079,461,827,-1185,3018,1280,269,-436,2782,1101,666,1525,3048,859,165
479511,0,4294,-4079,461,827,-1185,3018,1280,269,-436,2782,1101,666,1525,3048,859,165
479511,1,4294,-4079,472,832,-1194,3031,1274,264,-436,2791,1101,662,1525,3057,856,162
479511,1,4292,-4076,479,835,-1197,3042,1270,262,-436,2802,1101,660,1523,3069,846,163
479511,1,4294,-4077,486,839,-1200,3058,1264,262,-436,2811,1103,660,1525,3078,842,165
479511,1,4293,-4076,492,845,-1202,3079,1263,263,-438,2819,1105,657,1526,3088,836,166
479511,0,4293,-4076,492,845,-1202,3079,1263,263,-438,2819,1105,657,1526,3088,836,166
479511,1,4290,-4075,497,843,-1206,3098,1260,260,-441,2826,1104,656,1527,3097,836,164
479511,1,4294,-4076,503,847,-1214,3112,1257,256,-441,2836,1105,658,1526,3109,830,163
479511,1,4293,-4079,513,851,-1213,3128,1257,256,-442,2842,1106,654,1522,3120,825,164
479511,1,4292,-4077,523,858,-1214,3145,1253,254,-438,2851,1108,653,1524,3131,817,166
479511,0,4292,-4077,523,858,-1214,3145,1253,254,-438,2851,1108,653,1524,3131,817,166
479511,1,4290,-4077,528,862,-1219,3159,1249,256,-442,2860,1108,653,1528,3138,813,166
479511,1,4292,-4077,537,865,-1229,3170,1247,255,-442,2866,1110,651,1525,3148,807,164
479511,1,4289,-4078,543,869,-1224,3177,1244,250,-440,2875,1112,649,1529,3161,801,167
479511,1,4294,-4079,551,870,-1234,3182,1237,251,-441,2885,1114,650,1527,3171,795,165
479511,0,4294,-4079,551,870,-1234,3182,1237,251,-441,2885,1114,650,1527,3171,795,165
479511,1,4290,-4077,559,877,-1230,3194,1234,251,-441,2891,1114,645,1527,3179,788,165
479511,1,4291,-4078,569,881,-1234,3206,1228,246,-445,2903,1113,643,1526,3186,784,165
479511,1,4292,-4076,577,880,-1244,3219,1228,249,-446,2910,1115,642,1524,3200,777,164
479511,1,4291,-4075,585,884,-1240,3230,1221,246,-444,2916,1118,644,1526,3209,771,166
479511,0,4291,-4075,585,884,-1240,3230,1221,246,-444,2916,1118,644,1526,3209,771,166
479511,1,4290,-4074,594,890,-1244,3244,1218,242,-448,2922,1116,642,1526,3217,762,166
479511,1,4290,-4078,603,896,-1241,3262,1216,243,-446,2931,1116,637,1527,3228,754,163
479511,1,4292,-4076,609,897,-1251,3278,1207,239,-444,2942,1119,641,1526,3237,751,163
479511,1,4291,-4077,617,899,-1247,3299,1207,238,-448,2949,1113,639,1526,3243,742,165
479511,0,4291,-4077,617,899,-1247,3299,1207,238,-448,2949,1113,639,1526,3243,742,165
479511,1,4290,-4074,624,902,-1258,3318,1205,237,-448,2959,1120,637,1524,3253,736,166
479511,1,4290,-4077,631,910,-1254,3340,1204,238,-450,2967,1122,636,1524,3263,728,166
479511,1,4289,-4076,641,912,-1257,3355,1200,238,-450,2972,1124,635,1523,3271,723,164
479511,1,4289,-4078,645,917,-1259,3363,1200,235,-449,2981,1123,634,1528,3278,721,166
479511,0,4289,-4078,645,917,-1259,3363,1200,235,-449,2981,1123,634,1528,3278,721,166
479511,1,4289,-4077,655,922,-1262,3375,1193,233,-452,2991,1121,634,1526,3289,715,165
479511,1,4289,-4076,661,925,-1271,3383,1192,232,-452,3004,1126,632,1529,3295,709,162
479511,1,4290,-4077,669,929,-1268,3389,1186,233,-453,3013,1126,629,1525,3302,702,162
479511,1,4288,-4075,678,934,-1274,3395,1184,231,-452,3022,1129,632,1528,3310,704,163
479511,0,4288,-4075,678,934,-1274,3395,1184,231,-452,3022,1129,632,1528,3310,704,163
479511,1,4291,-4079,685,939,-1274,3402,1185,232,-452,3035,1133,629,1523,3321,700,164
479511,1,4287,-4076,695,946,-1284,3410,1185,230,-452,3038,1136,629,1524,3332,699,163
479511,1,4288,-4074,703,951,-1280,3416,1185,230,-456,3045,1138,629,1526,3334,702,165
479511,1,4287,-4074,711,960,-1286,3427,1183,232,-454,3050,1142,631,1527,3344,700,163
479511,0,4287,-4074,711,960,-1286,3427,1183,232,-454,3050,1142,631,1527,3344,700,163
479511,1,4288,-4076,715,961,-1282,3434,1184,231,-456,3055,1142,631,1526,3351,698,165
479511,1,4286,-4074,721,968,-1289,3445,1183,229,-453,3062,1143,629,1523,3359,695,165
479511,1,4285,-4076,729,971,-1290,3456,1183,229,-456,3064,1143,629,1524,3367,695,163
479511,1,4287,-4075,736,975,-1289,3465,1185,229,-455,3070,1145,629,1526,3374,693,162
479511,1,4282,-4076,742,981,-1295,3469,1186,231,-457,3076,1147,630,1527,3380,696,163
479511,0,4282,-4076,742,981,-1295,3469,1186,231,-457,3076,1147,630,1527,3380,696,163
479511,1,4284,-4077,745,987,-1291,3475,1186,232,-458,3081,1144,628,1524,3387,694,164
479511,1,4282,-4074,755,991,-1290,3476,1185,230,-457,3084,1146,629,1525,3393,694,165
479511,1,4283,-4076,761,998,-1298,3474,1183,231,-458,3089,1148,629,1525,3400,695,163
479511,1,4283,-4076,764,1003,-1302,3475,1183,232,-457,3093,1150,630,1524,3406,696,162
479511,0,4283,-4076,764,1003,-1302,3475,1183,232,-457,3093,1150,630,1524,3406,696,162
479511,1,4280,-4076,766,1010,-1295,3475,1185,232,-458,3095,1153,628,1523,3409,694,165
479511,1,4283,-4076,772,1016,-1303,3475,1181,230,-457,3097,1156,628,1524,3415,693,165
479511,1,4280,-4077,783,1021,-1295,3474,1184,232,-462,3103,1158,627,1526,3418,694,164
479511,1,4277,-4078,785,1025,-1301,3477,1182,229,-463,3104,1160,629,1528,3422,691,167
479511,0,4277,-4078,785,1025,-1301,3477,1182,229,-463,3104,1160,629,1528,3422,691,167
479511,1,4275,-4075,795,1032,-1300,3478,1185,231,-462,3106,1160,631,1525,3424,693,164
479511,1,4276,-4076,799,1036,-1305,3483,1181,229,-461,3109,1163,627,1523,3429,692,165
479511,1,4274,-4075,805,1042,-1306,3487,1186,230,-462,3111,1167,629,1525,3436,693,165
479511,1,4275,-4077,808,1048,-1301,3487,1186,232,-461,3112,1178,628,1525,3437,694,164
479511,0,4275,-4077,808,1048,-1301,3487,1186,232,-461,3112,1178,628,1525,3437,694,164
479511,1,4274,-4074,813,1054,-1307,3491,1188,232,-463,3113,1187,629,1523,3444,694,163
479511,1,4273,-4076,819,1059,-1309,3494,1189,232,-464,3117,1194,629,1524,3446,694,164
479511,1,4269,-4078,825,1064,-1306,3492,1191,232,-465,3117,1200,629,1526,3447,694,165
479511,1,4267,-4074,832,1068,-1304,3492,1191,233,-464,3120,1208,630,1523,3451,695,163
479511,0,4267,-4074,832,1068,-1304,3492,1191,233,-464,3120,1208,630,1523,3451,695,163
479511,1,4269,-4079,835,1074,-1314,3493,1192,233,-462,3123,1218,630,1524,3455,692,167
479511,1,4271,-4078,843,1081,-1307,3491,1193,235,-464,3128,1224,633,1523,3457,692,166
479511,1,4271,-4075,845,1084,-1314,3493,1197,233,-466,3129,1233,633,1524,3462,693,165
479511,1,4268,-4075,851,1090,-1308,3492,1200,232,-466,3129,1237,629,1523,3468,694,163
479511,0,4268,-4075,851,1090,-1308,3492,1200,232,-466,3129,1237,629,1523,3468,694,163
479511,1,4267,-4074,856,1095,-1311,3493,1203,237,-468,3135,1241,633,1526,3470,694,164
479511,1,4267,-4075,864,1100,-1308,3496,1210,234,-468,3135,1246,632,1526,3473,692,163
479511,1,4268,-4076,868,1109,-1312,3494,1214,233,-469,3133,1251,631,1527,3473,692,165
479511,1,4270,-4075,874,1115,-1316,3496,1217,236,-469,3131,1255,634,1528,3481,690,164
479511,0,4270,-4075,874,1115,-1316,3496,1217,236,-469,3131,1255,634,1528,3481,690,164
479511,1,4266,-4075,880,1120,-1316,3495,1222,234,-471,3136,1262,636,1525,3482,692,163
479511,1,4268,-4073,884,1127,-1313,3497,1223,236,-470,3136,1266,635,1524,3483,692,163
479511,1,4267,-4074,888,1126,-1316,3494,1227,239,-469,3135,1273,638,1522,3484,694,165
479511,1,4267,-4075,895,1133,-1315,3498,1229,248,-470,3138,1281,640,1525,3487,694,162
479511,0,4267,-4075,895,1133,-1315,3498,1229,248,-470,3138,1281,640,1525,3487,694,162
479511,1,4267,-4077,896,1140,-1319,3497,1236,257,-470,3139,1285,641,1525,3492,693,161
479511,1,4265,-4076,902,1146,-1318,3497,1238,265,-473,3141,1291,644,1523,3496,691,163
479511,1,4267,-4075,908,1154,-1316,3499,1245,271,-471,3141,1296,640,1522,3498,690,164
479511,1,4269,-4077,914,1158,-1324,3501,1250,279,-473,3143,1300,642,1522,3501,692,166
479511,0,4269,-4077,914,1158,-1324,3501,1250,279,-473,3143,1300,642,1522,3501,692,166
479511,1,4267,-4077,916,1162,-1317,3500,1257,283,-473,3144,1310,640,1525,3503,691,163
479511,1,4269,-4076,921,1169,-1322,3503,1261,293,-475,3141,1312,641,1526,3505,695,163
479511,1,4267,-4075,927,1174,-1318,3498,1266,298,-476,3145,1318,642,1521,3510,692,166
479511,1,4267,-4076,931,1179,-1318,3502,1268,303,-474,3146,1323,641,1521,3514,691,165
479511,0,4267,-4076,931,1179,-1318,3502,1268,303,-474,3146,1323,641,1521,3514,691,165
479511,1,4266,-4072,938,1184,-1320,3501,1275,307,-475,3141,1330,644,1523,3516,699,165
479511,1,4266,-4073,939,1188,-1323,3500,1277,314,-475,3141,1337,643,1523,3521,694,165
479511,1,4267,-4074,946,1195,-1323,3503,1285,320,-477,3147,1341,644,1518,3521,692,168
479511,1,4267,-4076,957,1202,-1324,3500,1291,326,-477,3145,1345,643,1521,3521,693,168
479511,0,4267,-4076,957,1202,-1324,3500,1291,326,-477,3145,1345,643,1521,3521,693,168
479511,1,4266,-4074,960,1207,-1319,3498,1295,332,-479,3147,1352,642,1522,3525,691,169
479511,1,4265,-4076,962,1212,-1326,3501,1302,337,-479,3148,1355,646,1525,3525,693,171
479511,1,4269,-4076,970,1216,-1325,3501,1307,343,-478,3148,1362,651,1522,3532,692,173
479511,1,4268,-4076,975,1221,-1326,3502,1314,346,-480,3149,1369,659,1520,3535,694,176
479511,0,4268,-4076,975,1221,-1326,3502,1314,346,-480,3149,1369,659,1520,3535,694,176
479511,1,4267,-4075,982,1226,-1324,3503,1318,354,-478,3148,1373,668,1521,3537,692,179
479511,1,4267,-4073,983,1233,-1327,3503,1325,361,-477,3146,1376,674,1524,3536,695,180
479511,1,4266,-4075,986,1238,-1320,3499,1329,361,-478,3151,1383,679,1519,3542,698,183
479511,1,4267,-4073,993,1243,-1330,3501,1333,366,-480,3153,1389,683,1522,3543,695,184
479511,0,4267,-4073,993,1243,-1330,3501,1333,366,-480,3153,1389,683,1522,3543,695,184
479511,1,4267,-4073,997,1250,-1321,3503,1340,373,-483,3153,1393,690,1521,3544,695,188
479511,1,4268,-4074,1001,1257,-1325,3502,1345,377,-482,3154,1400,698,1523,3544,695,191
479511,1,4269,-4075,1005,1261,-1324,3504,1351,384,-482,3149,1404,702,1519,3547,693,195
479511,1,4267,-4071,1011,1266,-1329,3501,1359,388,-480,3152,1413,709,1521,3549,698,195
479511,1,4268,-4074,1011,1269,-1329,3502,1362,392,-483,3147,1414,712,1519,3553,699,196
479511,0,4268,-4074,1011,1269,-1329,3502,1362,392,-483,3147,1414,712,1519,3553,699,196
479511,1,4268,-4072,1011,1275,-1330,3500,1366,399,-483,3143,1419,718,1520,3552,697,197
479511,1,4265,-4078,1015,1276,-1327,3502,1372,406,-484,3138,1422,719,1522,3555,699,202
479511,1,4267,-4074,1017,1282,-1332,3505,1377,408,-484,3135,1422,727,1520,3561,699,203
479511,1,4269,-4072,1019,1286,-1325,3501,1382,414,-485,3136,1426,732,1521,3560,701,206
479511,0,4269,-4072,1019,1286,-1325,3501,1382,414,-485,3136,1426,732,1521,3560,701,206
479511,1,4265,-4074,1024,1288,-1329,3503,1387,418,-484,3135,1427,732,1522,3564,701,208
479511,1,4268,-4071,1022,1288,-1329,3503,1394,423,-486,3132,1428,737,1521,3565,702,211
479511,1,4265,-4073,1022,1295,-1331,3502,1396,434,-486,3131,1425,741,1518,3566,706,214
479511,1,4266,-4072,1022,1296,-1332,3501,1403,436,-486,3130,1429,743,1521,3567,705,215
479511,0,4266,-4072,1022,1296,-1332,3501,1403,436,-486,3130,1429,743,1521,3567,705,215
479511,1,4267,-4071,1027,1299,-1333,3502,1407,439,-487,3131,1430,744,1525,3570,708,218
479511,1,4265,-4073,1026,1300,-1331,3504,1417,447,-488,3128,1430,747,1520,3571,711,223
479511,1,4266,-4076,1024,1305,-1328,3504,1423,450,-487,3127,1429,751,1518,3573,710,224
479511,1,4264,-4072,1024,1310,-1336,3504,1428,456,-489,3125,1430,756,1524,3575,709,227
479511,0,4264,-4072,1024,1310,-1336,3504,1428,456,-489,3125,1430,756,1524,3575,709,227
479511,1,4265,-4073,1025,1313,-1329,3502,1430,465,-488,3128,1430,759,1521,3577,712,231
479511,1,4267,-4072,1028,1310,-1335,3498,1437,471,-490,3125,1432,760,1522,3578,715,233
479511,1,4266,-4072,1026,1314,-1335,3505,1442,475,-490,3122,1431,762,1523,3579,716,234
479511,1,4265,-4072,1027,1318,-1336,3503,1448,479,-491,3123,1432,765,1520,3582,717,237
479511,0,4265,-4072,1027,1318,-1336,3503,1448,479,-491,3123,1432,765,1520,3582,717,237
479511,1,4267,-4074,1025,1321,-1333,3503,1452,484,-490,3123,1433,768,1522,3583,719,240
479511,1,4266,-4073,1024,1324,-1336,3504,1458,491,-492,3122,1434,770,1520,3587,723,245
479511,1,4267,-4072,1028,1327,-1330,3501,1463,496,-491,3123,1433,775,1522,3587,726,248
479511,1,4263,-4074,1028,1330,-1332,3503,1469,504,-493,3121,1436,773,1519,3589,725,255
479511,0,4263,-4074,1028,1330,-1332,3503,1469,504,-493,3121,1436,773,1519,3589,725,255
479511,1,4265,-4073,1027,1333,-1334,3503,1474,509,-494,3121,1437,777,1520,3590,728,254
479511,1,4266,-4075,1030,1335,-1337,3500,1479,516,-491,3119,1435,782,1523,3591,729,258
479511,1,4266,-4072,1028,1338,-1335,3503,1484,521,-492,3120,1435,784,1520,3590,729,264
479511,1,4266,-4075,1025,1342,-1335,3503,1491,527,-492,3118,1437,785,1521,3593,731,264
479511,0,4266,-4075,1025,1342,-1335,3503,1491,527,-492,3118,1437,785,1521,3593,731,264
479511,1,4266,-4073,1026,1347,-1332,3504,1495,527,-495,3117,1437,791,1522,3594,736,270
479511,1,4265,-4075,1030,1350,-1334,3503,1502,534,-493,3116,1438,791,1523,3596,735,270
479511,1,4265,-4074,1028,1355,-1338,3504,1504,537,-495,3114,1442,796,1523,3601,736,276
479511,1,4267,-4074,1027,1357,-1332,3504,1511,547,-499,3115,1443,799,1517,3600,740,282
479511,0,4267,-4074,1027,1357,-1332,3504,1511,547,-499,3115,1443,799,1517,3600,740,282
479511,1,4267,-4074,1032,1357,-1334,3504,1518,554,-494,3113,1440,797,1520,3601,741,287
479511,1,4264,-4073,1030,1359,-1335,3503,1523,554,-496,3113,1441,798,1522,3604,744,290
479511,1,4266,-4075,1031,1362,-1337,3503,1525,558,-497,3111,1445,801,1522,3604,748,294
479511,1,4266,-4073,1029,1367,-1338,3503,1527,562,-495,3110,1446,806,1521,3606,749,297
479511,0,4266,-4073,1029,1367,-1338,3503,1527,562,-495,3110,1446,806,1521,3606,749,297
479511,1,4266,-4072,1030,1369,-1336,3500,1527,567,-496,3110,1446,808,1521,3606,747,299
479511,1,4265,-4075,1032,1371,-1334,3498,1527,573,-499,3111,1443,809,1517,3606,752,304
479511,1,4264,-4073,1032,1376,-1335,3497,1528,577,-496,3109,1447,812,1524,3608,756,308
479511,1,4266,-4073,1030,1377,-1334,3494,1531,579,-497,3107,1451,818,1520,3606,755,314
479511,0,4266,-4073,1030,1377,-1334,3494,1531,579,-497,3107,1451,818,1520,3606,755,314
479511,1,4264,-4073,1030,1381,-1338,3489,1534,590,-497,3106,1449,819,1522,3611,757,316
479511,1,4265,-4074,1031,1385,-1335,3482,1543,594,-496,3105,1451,819,1522,3612,760,322
479511,1,4268,-4073,1032,1386,-1340,3477,1547,596,-498,3105,1455,820,1523,3613,765,327
479511,1,4268,-4075,1032,1391,-1337,3472,1556,601,-497,3106,1456,824,1521,3612,767,330
479511,0,4268,-4075,1032,1391,-1337,3472,1556,601,-497,3106,1456,824,1521,3612,767,330
479511,1,4268,-4075,1032,1393,-1341,3464,1561,606,-501,3104,1455,827,1519,3618,772,333
479511,1,4265,-4073,1034,1396,-1339,3467,1567,609,-498,3102,1457,831,1520,3616,775,337
479511,1,4266,-4070,1030,1398,-1337,3460,1573,617,-498,3102,1458,831,1522,3615,773,344
479511,1,4267,-4074,1033,1403,-1340,3455,1577,619,-500,3100,1459,833,1522,3619,778,345
479511,0,4267,-4074,1033,1403,-1340,3455,1577,619,-500,3100,1459,833,1522,3619,778,345
479511,1,4267,-4073,1030,1409,-1340,3450,1582,622,-500,3101,1460,837,1522,3621,778,352
479511,1,4268,-4074,1032,1413,-1342,3447,1585,628,-496,3098,1460,840,1520,3620,782,355
479511,1,4265,-4074,1033,1410,-1341,3449,1586,634,-500,3098,1458,840,1517,3618,784,360
479511,1,4267,-4074,1033,1416,-1338,3449,1589,637,-500,3096,1459,844,1521,3624,786,365
479511,0,4267,-4074,1033,1416,-1338,3449,1589,637,-500,3096,1459,844,1521,3624,786,365
479511,1,4265,-4074,1034,1422,-1342,3448,1593,640,-502,3097,1461,847,1519,3622,790,369
479511,1,4268,-4072,1031,1425,-1339,3450,1594,642,-499,3098,1461,848,1521,3625,793,371
479511,1,4269,-4070,1030,1423,-1343,3447,1594,645,-500,3095,1465,852,1520,3626,797,378
479511,1,4267,-4074,1032,1425,-1337,3449,1598,651,-503,3093,1465,853,1521,3626,802,383
479511,0,4267,-4074,1032,1425,-1337,3449,1598,651,-503,3093,1465,853,1521,3626,802,383
479511,1,4267,-4071,1033,1427,-1344,3447,1594,655,-501,3092,1469,856,1523,3628,805,386
479511,1,4267,-4073,1035,1434,-1339,3446,1597,661,-499,3092,1469,860,1520,3632,806,388
479511,1,4268,-4073,1031,1436,-1345,3446,1599,659,-499,3089,1472,856,1521,3630,815,395
479511,1,4270,-4077,1034,1439,-1339,3445,1600,660,-500,3091,1472,861,1522,3633,818,398
479512,1,4271,-4075,1032,1443,-1346,3443,1606,666,-500,3090,1473,864,1520,3634,822,403
479512,0,4271,-4075,1032,1443,-1346,3443,1606,666,-500,3090,1473,864,1520,3634,822,403
479512,1,4267,-4074,1032,1443,-1342,3443,1604,662,-500,3087,1477,864,1520,3631,829,408
479512,1,4268,-4073,1034,1449,-1345,3441,1610,665,-501,3089,1474,866,1523,3634,832,412
479512,1,4268,-4073,1033,1451,-1341,3441,1608,670,-500,3085,1476,871,1521,3635,834,418
479512,1,4267,-4072,1032,1454,-1345,3443,1612,678,-500,3085,1476,873,1521,3633,840,425
479512,0,4267,-4072,1032,1454,-1345,3443,1612,678,-500,3085,1476,873,1521,3633,840,425
479512,1,4268,-4070,1033,1458,-1343,3441,1611,680,-501,3083,1480,877,1522,3635,847,428
479512,1,4268,-4072,1032,1462,-1348,3437,1613,677,-501,3086,1479,874,1521,3635,850,431
479512,1,4268,-4072,1035,1464,-1343,3437,1614,675,-502,3085,1478,877,1520,3635,855,435
479512,1,4267,-4074,1033,1466,-1350,3437,1614,683,-501,3080,1482,880,1519,3639,860,438
479512,0,4267,-4074,1033,1466,-1350,3437,1614,683,-501,3080,1482,880,1519,3639,860,438
479512,1,4269,-4074,1033,1469,-1342,3439,1618,686,-498,3080,1482,885,1518,3639,866,441
479512,1,4268,-4074,1037,1470,-1349,3440,1618,685,-500,3079,1486,884,1517,3639,871,448
479512,1,4267,-4074,1035,1474,-1342,3438,1623,692,-499,3079,1487,886,1520,3640,877,452
479512,1,4271,-4074,1035,1476,-1343,3439,1622,695,-501,3076,1489,890,1521,3641,884,457
479512,0,4271,-4074,1035,1476,-1343,3439,1622,695,-501,3076,1489,890,1521,3641,884,457
479512,1,4268,-4073,1031,1478,-1349,3437,1621,697,-504,3076,1491,887,1519,3644,888,462
479512,1,4269,-4075,1030,1485,-1347,3436,1623,698,-501,3075,1489,891,1517,3642,894,464
479512,1,4269,-4074,1033,1488,-1350,3432,1625,698,-500,3076,1492,895,1517,3642,900,472
479512,1,4268,-4073,1033,1491,-1348,3433,1623,703,-501,3075,1493,899,1522,3644,906,476
479512,0,4268,-4073,1033,1491,-1348,3433,1623,703,-501,3075,1493,899,1522,3644,906,476
479512,1,4268,-4074,1032,1493,-1346,3433,1628,705,-501,3071,1493,899,1519,3644,909,479
479512,1,4269,-4076,1033,1495,-1350,3434,1630,706,-502,3072,1496,903,1520,3643,914,482
479512,1,4271,-4075,1033,1501,-1346,3432,1632,710,-501,3074,1495,905,1520,3647,920,490
479512,1,4268,-4073,1033,1504,-1352,3427,1629,714,-501,3068,1498,906,1522,3649,923,494
479512,0,4268,-4073,1033,1504,-1352,3427,1629,714,-501,3068,1498,906,1522,3649,923,494
479512,1,4269,-4076,1033,1507,-1348,3427,1634,712,-502,3069,1502,909,1520,3649,930,497
479512,1,4270,-4073,1032,1508,-1350,3433,1634,721,-499,3067,1504,914,1519,3648,939,499
479512,1,4270,-4076,1032,1512,-1351,3426,1635,722,-504,3065,1502,915,1520,3650,943,505
479512,1,4270,-4075,1035,1513,-1347,3428,1638,722,-502,3067,1503,917,1522,3650,946,511
479512,0,4270,-4075,1035,1513,-1347,3428,1638,722,-502,3067,1503,917,1522,3650,946,511
479512,1,4271,-4077,1033,1518,-1348,3427,1638,724,-501,3064,1504,919,1517,3651,951,515
479512,1,4269,-4074,1036,1521,-1346,3425,1639,724,-501,3064,1506,924,1521,3653,957,517
479512,1,4271,-4074,1032,1523,-1353,3421,1644,730,-500,3059,1504,924,1521,3650,960,523
479512,1,4270,-4078,1034,1529,-1350,3426,1641,729,-500,3057,1506,925,1518,3652,967,530
479512,0,4270,-4078,1034,1529,-1350,3426,1641,729,-500,3057,1506,925,1518,3652,967,530
479512,1,4270,-4075,1032,1530,-1348,3426,1641,736,-502,3057,1513,933,1522,3652,974,533
479512,1,4271,-4075,1034,1531,-1350,3421,1644,741,-502,3054,1512,929,1517,3655,978,537
479512,1,4270,-4076,1031,1533,-1354,3421,1645,737,-501,3052,1517,934,1521,3655,983,541
479512,1,4270,-4076,1032,1535,-1350,3423,1649,742,-500,3051,1520,938,1519,3654,987,543
479512,0,4270,-4076,1032,1535,-1350,3423,1649,742,-500,3051,1520,938,1519,3654,987,543
479512,1,4270,-4077,1034,1536,-1352,3424,1648,747,-501,3050,1517,940,1520,3656,991,550
479512,1,4270,-4077,1032,1538,-1352,3420,1648,747,-501,3050,1519,941,1521,3655,996,554
479512,1,4271,-4075,1035,1540,-1352,3422,1649,749,-500,3043,1519,942,1518,3657,999,559
479512,1,4271,-4078,1032,1545,-1350,3420,1655,753,-503,3043,1526,950,1517,3657,1005,566
479512,0,4271,-4078,1032,1545,-1350,3420,1655,753,-503,3043,1526,950,1517,3657,1005,566
479512,1,4272,-4079,1034,1554,-1354,3418,1652,757,-503,3043,1526,953,1520,3656,1010,565
479512,1,4271,-4078,1033,1554,-1350,3414,1652,760,-501,3041,1530,953,1521,3660,1015,571
479512,1,4272,-4079,1033,1556,-1356,3418,1655,765,-501,3038,1532,955,1518,3658,1021,579
479512,1,4269,-4078,1035,1561,-1350,3416,1653,768,-500,3041,1533,958,1522,3659,1024,581
479512,0,4269,-4078,1035,1561,-1350,3416,1653,768,-500,3041,1533,958,1522,3659,1024,581
479512,1,4273,-4078,1032,1565,-1354,3416,1658,767,-501,3041,1534,956,1519,3658,1031,588
479512,1,4270,-4078,1034,1570,-1349,3415,1659,774,-502,3031,1533,968,1520,3660,1039,590
479512,1,4273,-4078,1033,1575,-1354,3418,1658,770,-501,3033,1532,967,1519,3660,1039,594
479512,1,4271,-4080,1030,1582,-1350,3418,1661,777,-499,3032,1537,966,1520,3660,1046,600
479512,0,4271,-4080,1030,1582,-1350,3418,1661,777,-499,3032,1537,966,1520,3660,1046,600
479512,1,4271,-4078,1031,1584,-1352,3415,1662,778,-503,3030,1538,971,1518,3664,1049,606
479512,1,4272,-4078,1032,1582,-1354,3412,1662,782,-500,3027,1546,977,1519,3662,1052,611
479512,1,4271,-4080,1033,1583,-1354,3407,1664,782,-504,3031,1544,975,1519,3661,1057,614
479512,1,4274,-4078,1034,1586,-1354,3412,1666,787,-503,3028,1544,977,1520,3665,1062,620
479512,0,4274,-4078,1034,1586,-1354,3412,1666,787,-503,3028,1544,977,1520,3665,1062,620
479512,1,4272,-4080,1031,1594,-1351,3413,1666,791,-500,3024,1548,985,1517,3662,1066,625
479512,1,4272,-4076,1032,1597,-1354,3409,1666,793,-503,3023,1546,987,1519,3663,1067,630
479512,1,4274,-4078,1035,1603,-1357,3403,1671,796,-503,3022,1545,983,1517,3664,1073,634
479512,1,4270,-4080,1032,1606,-1352,3408,1672,796,-501,3023,1549,988,1517,3665,1079,637
479512,1,4273,-4079,1034,1608,-1357,3406,1672,800,-499,3021,1555,989,1519,3664,1081,641
479512,0,4273,-4079,1034,1608,-1357,3406,1672,800,-499,3021,1555,989,1519,3664,1081,641
479512,1,4273,-4083,1033,1609,-1356,3400,1675,798,-502,3017,1557,994,1518,3663,1085,648
479512,1,4272,-4078,1035,1611,-1356,3403,1677,806,-503,3020,1552,998,1520,3666,1090,653
479512,1,4274,-4077,1032,1609,-1357,3399,1678,806,-500,3016,1553,996,1520,3666,1091,657
479512,1,4273,-4082,1033,1612,-1354,3404,1678,807,-500,3014,1558,999,1519,3667,1102,662
479512,0,4273,-4082,1033,1612,-1354,3404,1678,807,-500,3014,1558,999,1519,3667,1102,662
479512,1,4274,-4078,1033,1616,-1357,3406,1679,809,-502,3013,1559,1004,1519,3666,1102,666
479512,1,4273,-4078,1034,1624,-1355,3399,1680,816,-503,3012,1561,1007,1519,3670,1105,671
479512,1,4271,-4076,1035,1630,-1357,3395,1683,815,-502,3014,1564,1006,1517,3669,1112,676
479512,1,4272,-4077,1033,1632,-1352,3399,1682,820,-501,3013,1567,1011,1518,3669,1114,680
479512,0,4272,-4077,1033,1632,-1352,3399,1682,820,-501,3013,1567,1011,1518,3669,1114,680
479512,1,4274,-4077,1034,1636,-1357,3397,1685,820,-502,3009,1562,1015,1519,3671,1119,686
479512,1,4274,-4079,1032,1639,-1356,3396,1688,828,-500,3010,1563,1017,1521,3672,1123,689
479512,1,4272,-4078,1033,1639,-1357,3397,1688,830,-501,3010,1567,1017,1520,3671,1130,695
479512,1,4274,-4081,1032,1641,-1358,3397,1690,827,-502,3007,1569,1021,1517,3672,1133,699
479512,0,4274,-4081,1032,1641,-1358,3397,1690,827,-502,3007,1569,1021,1517,3672,1133,699
479512,1,4275,-4080,1035,1646,-1359,3398,1690,838,-502,3006,1573,1025,1519,3675,1137,706
479512,1,4276,-4082,1032,1650,-1360,3391,1694,833,-501,3006,1573,1031,1519,3673,1144,708
479512,1,4275,-4078,1032,1654,-1355,3391,1696,834,-502,3005,1572,1030,1520,3672,1147,711
479512,1,4274,-4077,1033,1657,-1356,3395,1698,844,-500,3001,1575,1034,1517,3677,1151,717
479512,0,4274,-4077,1033,1657,-1356,3395,1698,844,-500,3001,1575,1034,1517,3677,1151,717
479512,1,4276,-4077,1032,1659,-1360,3392,1698,843,-503,3000,1574,1038,1517,3676,1157,722
479512,1,4276,-4079,1033,1664,-1359,3391,1701,849,-501,3000,1579,1038,1520,3671,1159,729
479512,1,4276,-4078,1035,1667,-1360,3394,1700,848,-500,2998,1580,1040,1521,3678,1164,733
479512,1,4276,-4079,1032,1670,-1357,3385,1698,853,-501,2999,1577,1044,1518,3676,1172,735
479512,1,4275,-4078,1035,1669,-1362,3387,1698,854,-501,2993,1579,1046,1516,3677,1177,741
479512,0,4275,-4078,1035,1669,-1362,3387,1698,854,-501,2993,1579,1046,1516,3677,1177,741
479512,1,4276,-4078,1036,1675,-1358,3391,1703,859,-501,2993,1579,1051,1517,3676,1182,745
479512,1,4275,-4078,1033,1681,-1362,3386,1703,864,-500,2991,1582,1048,1517,3675,1187,753
479512,1,4275,-4079,1032,1681,-1358,3388,1704,862,-502,2991,1587,1053,1518,3676,1194,756
479512,0,4275,-4079,1032,1681,-1358,3388,1704,862,-502,2991,1587,1053,1518,3676,1194,756
479512,1,4276,-4077,1033,1683,-1357,3383,1705,864,-502,2987,1584,1059,1521,3676,1199,760
479512,1,4275,-4079,1033,1687,-1362,3383,1707,869,-501,2988,1583,1060,1519,3679,1202,766
479512,1,4276,-4082,1032,1695,-1356,3386,1707,869,-501,2988,1589,1062,1519,3677,1212,772
479512,1,4278,-4080,1033,1697,-1362,3378,1711,875,-501,2986,1588,1068,1517,3677,1212,775
479512,0,4278,-4080,1033,1697,-1362,3378,1711,875,-501,2986,1588,1068,1517,3677,1212,775
479512,1,4277,-4082,1035,1699,-1354,3383,1711,875,-502,2983,1593,1067,1515,3679,1217,781
479512,1,4274,-4078,1031,1703,-1362,3383,1711,882,-502,2981,1597,1071,1518,3678,1223,786
479512,1,4276,-4081,1033,1703,-1361,3379,1711,882,-502,2980,1592,1075,1516,3680,1226,789
479512,1,4276,-4081,1033,1705,-1362,3383,1716,883,-502,2981,1595,1078,1520,3681,1233,795
479512,0,4276,-4081,1033,1705,-1362,3383,1716,883,-502,2981,1595,1078,1520,3681,1233,795
479512,1,4277,-4079,1031,1709,-1360,3380,1719,882,-502,2980,1600,1080,1516,3683,1236,798
479512,1,4275,-4081,1032,1709,-1363,3372,1720,889,-501,2977,1602,1078,1517,3679,1239,802
479512,1,4276,-4078,1033,1715,-1364,3379,1719,888,-503,2975,1601,1084,1517,3681,1249,808
479512,1,4276,-4077,1033,1721,-1360,3374,1721,892,-502,2974,1600,1089,1519,3682,1252,813
479512,0,4276,-4077,1033,1721,-1360,3374,1721,892,-502,2974,1600,1089,1519,3682,1252,813
479512,1,4275,-4081,1032,1717,-1361,3375,1721,897,-505,2974,1599,1089,1520,3683,1255,818
479512,1,4277,-4079,1035,1720,-1366,3367,1726,898,-502,2970,1610,1093,1518,3682,1262,823
479512,1,4275,-4078,1032,1723,-1362,3375,1726,900,-503,2966,1606,1098,1519,3680,1267,828
479512,1,4277,-4080,1035,1726,-1364,3375,1727,896,-502,2964,1609,1096,1516,3683,1271,833
479512,0,4277,-4080,1035,1726,-1364,3375,1727,896,-502,2964,1609,1096,1516,3683,1271,833
479512,1,4278,-4076,1033,1731,-1364,3367,1726,902,-503,2965,1604,1103,1519,3683,1277,836
479512,1,4278,-4079,1033,1734,-1362,3370,1729,906,-502,2963,1609,1107,1521,3683,1279,841
479512,1,4274,-4081,1036,1741,-1360,3366,1733,910,-499,2960,1612,1109,1519,3684,1285,846
479512,1,4277,-4080,1032,1746,-1363,3367,1732,914,-505,2958,1616,1109,1519,3685,1292,851
479512,1,4276,-4079,1034,1752,-1361,3369,1735,916,-504,2957,1614,1113,1515,3684,1297,856
479512,0,4276,-4079,1034,1752,-1361,3369,1735,916,-504,2957,1614,1113,1515,3684,1297,856
479512,1,4280,-4079,1033,1748,-1361,3367,1736,925,-501,2958,1616,1119,1517,3683,1302,864
479512,1,4279,-4080,1033,1754,-1362,3365,1738,930,-505,2955,1618,1120,1516,3684,1307,867
479512,1,4279,-4080,1034,1758,-1362,3359,1736,927,-502,2952,1617,1126,1520,3686,1311,873
479512,0,4279,-4080,1034,1758,-1362,3359,1736,927,-502,2952,1617,1126,1520,3686,1311,873
479512,1,4277,-4079,1033,1762,-1365,3365,1735,938,-502,2950,1618,1128,1520,3681,1317,878
479512,1,4278,-4077,1033,1767,-1361,3361,1738,933,-504,2946,1618,1130,1519,3684,1320,883
479512,1,4279,-4077,1036,1769,-1365,3357,1740,941,-502,2942,1624,1134,1519,3686,1325,889
479512,1,4276,-4078,1032,1771,-1359,3363,1743,940,-500,2943,1626,1136,1518,3685,1329,894
479512,0,4276,-4078,1032,1771,-1359,3363,1743,940,-500,2943,1626,1136,1518,3685,1329,894
479512,1,4279,-4076,1031,1770,-1366,3355,1742,947,-503,2942,1628,1140,1515,3687,1335,899
479512,1,4279,-4077,1033,1773,-1361,3357,1742,946,-505,2942,1629,1142,1517,3687,1337,903
479512,1,4279,-4078,1033,1777,-1366,3356,1743,954,-502,2940,1629,1147,1519,3686,1342,908
479512,1,4279,-4078,1034,1778,-1363,3350,1746,957,-501,2938,1634,1148,1517,3686,1347,914
479512,1,4277,-4081,1035,1788,-1364,3351,1744,957,-505,2936,1633,1151,1519,3687,1351,919
479512,0,4277,-4081,1035,1788,-1364,3351,1744,957,-505,2936,1633,1151,1519,3687,1351,919
479512,1,4277,-4080,1036,1788,-1365,3352,1745,959,-500,2932,1633,1158,1516,3688,1357,924
479512,1,4280,-4078,1033,1790,-1363,3350,1749,965,-501,2932,1637,1155,1522,3685,1360,930
479512,1,4279,-4078,1035,1793,-1362,3347,1752,964,-504,2935,1640,1162,1518,3690,1362,933
479512,1,4279,-4078,1035,1794,-1365,3354,1752,971,-502,2930,1639,1164,1517,3687,1367,939
479512,0,4279,-4078,1035,1794,-1365,3354,1752,971,-502,2930,1639,1164,1517,3687,1367,939
479512,1,4278,-4077,1033,1801,-1363,3347,1751,972,-503,2929,1640,1168,1518,3687,1371,944
479512,1,4279,-4079,1032,1805,-1364,3348,1755,981,-501,2922,1640,1174,1519,3688,1375,950
479512,1,4280,-4081,1035,1811,-1362,3346,1759,980,-502,2924,1644,1176,1517,3686,1377,953
479512,1,4280,-4077,1032,1815,-1367,3343,1758,981,-502,2921,1645,1180,1519,3689,1383,960
479512,0,4280,-4077,1032,1815,-1367,3343,1758,981,-502,2921,1645,1180,1519,3689,1383,960
479512,1,4278,-4077,1033,1822,-1366,3348,1759,989,-500,2920,1645,1181,1517,3687,1386,962
479512,1,4280,-4079,1033,1825,-1367,3340,1762,986,-503,2921,1646,1187,1517,3689,1391,968
479512,1,4282,-4079,1032,1825,-1368,3340,1765,993,-502,2918,1653,1191,1516,3689,1399,977
479512,1,4280,-4078,1033,1830,-1363,3337,1761,998,-501,2917,1651,1195,1518,3689,1404,980
479512,0,4280,-4078,1033,1830,-1363,3337,1761,998,-501,2917,1651,1195,1518,3689,1404,980
479512,1,4279,-4078,1033,1831,-1370,3343,1763,992,-501,2915,1649,1199,1516,3690,1408,986
479512,1,4280,-4076,1035,1837,-1367,3338,1763,1001,-500,2914,1652,1197,1517,3688,1411,990
479512,1,4279,-4078,1031,1838,-1368,3338,1766,1003,-503,2913,1655,1203,1518,3690,1414,995
479512,1,4279,-4076,1033,1845,-1363,3337,1766,1005,-500,2911,1656,1204,1515,3690,1422,1002
479512,0,4279,-4076,1033,1845,-1363,3337,1766,1005,-500,2911,1656,1204,1515,3690,1422,1002
479512,1,4279,-4076,1032,1841,-1370,3334,1771,1014,-501,2910,1654,1205,1519,3690,1424,1007
479512,1,4277,-4078,1031,1850,-1369,3337,1770,1008,-502,2909,1656,1208,1515,3690,1432,1012
479512,1,4280,-4077,1036,1851,-1368,3332,1771,1019,-502,2908,1661,1214,1516,3688,1437,1017
479512,1,4280,-4077,1034,1853,-1364,3331,1770,1017,-503,2905,1662,1217,1517,3689,1439,1020
479512,0,4280,-4077,1034,1853,-1364,3331,1770,1017,-503,2905,1662,1217,1517,3689,1439,1020
479512,1,4277,-4074,1032,1855,-1370,3339,1770,1024,-501,2902,1661,1220,1516,3688,1445,1025
479512,1,4282,-4078,1034,1860,-1368,3333,1773,1021,-502,2901,1663,1222,1515,3691,1449,1030
479512,1,4280,-4075,1032,1861,-1365,3330,1772,1026,-501,2900,1667,1223,1517,3690,1453,1034
479512,1,4279,-4077,1034,1861,-1368,3325,1774,1033,-501,2897,1665,1227,1516,3691,1457,1040
479512,0,4279,-4077,1034,1861,-1368,3325,1774,1033,-501,2897,1665,1227,1516,3691,1457,1040
479512,1,4280,-4076,1033,1863,-1366,3328,1775,1036,-501,2896,1664,1233,1517,3690,1462,1042
479512,1,4279,-4075,1035,1864,-1372,3323,1779,1035,-502,2895,1664,1231,1516,3692,1465,1046
479512,1,4277,-4077,1034,1868,-1367,3326,1779,1040,-504,2893,1666,1236,1516,3691,1468,1050
479512,1,4280,-4074,1034,1868,-1368,3325,1779,1039,-503,2892,1669,1236,1516,3691,1475,1056
479512,0,4280,-4074,1034,1868,-1368,3325,1779,1039,-503,2892,1669,1236,1516,3691,1475,1056
479512,1,4281,-4078,1032,1871,-1371,3319,1779,1046,-502,2895,1669,1238,1516,3688,1472,1059
479512,1,4281,-4074,1034,1874,-1371,3323,1777,1042,-503,2890,1668,1239,1519,3695,1477,1064
479512,1,4278,-4074,1032,1876,-1367,3319,1783,1052,-503,2888,1670,1244,1517,3692,1478,1067
479512,1,4280,-4076,1032,1879,-1369,3321,1784,1047,-503,2887,1670,1246,1515,3691,1481,1072
479512,1,4280,-4076,1032,1878,-1369,3316,1782,1051,-501,2887,1669,1248,1520,3692,1483,1076
479512,1,4281,-4076,1032,1878,-1369,3316,1782,1051,-501,2887,1669,1248,1520,3692,1483,1076
479512,1,4281,-4076,1031,1876,-1373,3317,1786,1053,-498,2884,1670,1251,1519,3691,1485,1079
479512,1,4280,-4076,1032,1878,-1369,3314,1787,1056,-501,2882,1673,1250,1514,3695,1490,1083
479512,1,4282,-4077,1034,1879,-1371,3315,1783,1054,-501,2883,1670,1254,1517,3692,1489,1085
479512,0,4282,-4077,1034,1879,-1371,3315,1783,1054,-501,2883,1670,1254,1517,3692,1489,1085
479512,1,4281,-4078,1033,1883,-1368,3315,1784,1062,-503,2880,1673,1254,1516,3693,1493,1087
479512,1,4282,-4079,1034,1884,-1371,3311,1786,1057,-503,2878,1675,1258,1515,3695,1495,1092
479512,1,4279,-4075,1033,1885,-1368,3315,1788,1065,-501,2877,1676,1258,1517,3694,1496,1095
479512,1,4279,-4078,1033,1884,-1373,3309,1789,1060,-502,2873,1676,1259,1517,3694,1497,1099
479512,0,4279,-4078,1033,1884,-1373,3309,1789,1060,-502,2873,1676,1259,1517,3694,1497,1099
479512,1,4282,-4075,1033,1885,-1368,3309,1791,1067,-503,2874,1678,1262,1514,3695,1498,1100
479512,1,4282,-4077,1033,1883,-1375,3313,1790,1064,-502,2875,1676,1263,1518,3694,1502,1104
479512,1,4279,-4077,1033,1883,-1371,3305,1789,1071,-503,2870,1680,1269,1517,3695,1502,1110
479512,1,4279,-4076,1033,1887,-1368,3307,1791,1068,-501,2871,1679,1266,1514,3691,1502,1112
479512,0,4279,-4076,1033,1887,-1368,3307,1791,1068,-501,2871,1679,1266,1514,3691,1502,1112
479512,1,4282,-4079,1032,1891,-1374,3309,1791,1073,-504,2870,1680,1272,1516,3697,1506,1114
479512,1,4279,-4076,1034,1893,-1369,3309,1791,1074,-504,2870,1683,1270,1517,3696,1508,1116
479512,1,4280,-4074,1034,1893,-1374,3304,1793,1077,-501,2867,1684,1270,1518,3696,1509,1119
479512,1,4279,-4073,1034,1895,-1369,3308,1794,1074,-501,2867,1685,1275,1518,3697,1512,1121
479512,0,4279,-4073,1034,1895,-1369,3308,1794,1074,-501,2867,1685,1275,1518,3697,1512,1121
479512,1,4279,-4078,1033,1897,-1373,3304,1796,1079,-503,2868,1680,1274,1517,3697,1514,1124
479513,1,4280,-4074,1033,1897,-1369,3300,1794,1078,-500,2865,1684,1277,1514,3695,1516,1127
479513,1,4278,-4075,1034,1898,-1373,3303,1795,1082,-501,2865,1684,1279,1515,3700,1519,1130
479513,1,4282,-4075,1033,1900,-1373,3298,1797,1081,-502,2863,1686,1280,1514,3698,1519,1133
479513,0,4282,-4075,1033,1900,-1373,3298,1797,1081,-502,2863,1686,1280,1514,3698,1519,1133
479513,1,4280,-4075,1034,1901,-1373,3301,1799,1084,-501,2861,1683,1279,1516,3697,1518,1137
479513,1,4280,-4076,1032,1903,-1371,3302,1798,1084,-503,2860,1686,1284,1516,3695,1521,1138
479513,1,4282,-4076,1031,1903,-1375,3303,1801,1084,-503,2859,1689,1287,1516,3700,1524,1138
479513,1,4279,-4077,1032,1902,-1372,3296,1797,1088,-502,2858,1686,1285,1515,3696,1525,1140
479513,1,4282,-4077,1030,1902,-1371,3297,1800,1091,-500,2856,1688,1291,1516,3697,1526,1143
479513,0,4282,-4077,1030,1902,-1371,3297,1800,1091,-500,2856,1688,1291,1516,3697,1526,1143
479513,1,4281,-4079,1035,1903,-1371,3301,1800,1090,-502,2856,1690,1289,1518,3696,1528,1147
479513,1,4281,-4075,1033,1905,-1374,3293,1801,1088,-501,2853,1689,1286,1516,3697,1532,1149
479513,1,4281,-4077,1032,1908,-1374,3300,1802,1095,-502,2852,1692,1294,1514,3699,1528,1151
479513,1,4281,-4077,1032,1906,-1372,3294,1802,1095,-501,2853,1689,1293,1514,3699,1533,1153
479513,0,4281,-4077,1032,1906,-1372,3294,1802,1095,-501,2853,1689,1293,1514,3699,1533,1153
479513,1,4280,-4075,1033,1907,-1372,3292,1799,1095,-502,2850,1689,1295,1516,3697,1535,1153
479513,1,4280,-4073,1030,1910,-1376,3294,1802,1100,-499,2850,1692,1294,1517,3699,1537,1156
479513,1,4278,-4077,1033,1909,-1375,3294,1803,1096,-502,2848,1694,1302,1517,3703,1538,1153
479513,1,4280,-4075,1033,1913,-1369,3291,1807,1101,-499,2847,1690,1298,1517,3696,1541,1155
479513,1,4279,-4076,1031,1909,-1378,3292,1804,1097,-503,2846,1692,1299,1515,3700,1543,1161
479513,0,4279,-4076,1031,1909,-1378,3292,1804,1097,-503,2846,1692,1299,1515,3700,1543,1161
479513,1,4282,-4073,1032,1911,-1373,3291,1807,1097,-503,2845,1698,1303,1514,3700,1543,1160
479513,1,4282,-4077,1031,1914,-1375,3287,1806,1103,-501,2843,1694,1302,1516,3700,1545,1160
479513,1,4282,-4077,1032,1915,-1371,3291,1804,1101,-501,2843,1694,1302,1517,3701,1544,1163
479513,0,4282,-4077,1032,1915,-1371,3291,1804,1101,-501,2843,1694,1302,1517,3701,1544,1163
479513,1,4281,-4074,1034,1916,-1377,3293,1804,1108,-501,2844,1694,1303,1517,3700,1546,1163
479513,1,4279,-4078,1034,1915,-1374,3290,1808,1103,-503,2841,1697,1302,1514,3701,1549,1164
479513,1,4281,-4078,1033,1920,-1376,3287,1809,1110,-503,2842,1701,1309,1519,3702,1548,1169
479513,1,4282,-4073,1032,1919,-1373,3290,1807,1106,-502,2836,1701,1309,1517,3701,1552,1168
479513,1,4280,-4075,1034,1922,-1377,3286,1805,1113,-502,2840,1698,1312,1515,3699,1550,1168
479513,0,4280,-4075,1034,1922,-1377,3286,1805,1113,-502,2840,1698,1312,1515,3699,1550,1168
479513,1,4282,-4075,1035,1921,-1374,3288,1808,1107,-504,2838,1702,1306,1515,3702,1554,1172
479513,1,4281,-4073,1031,1919,-1375,3282,1807,1116,-501,2838,1703,1311,1516,3702,1555,1169
479513,1,4283,-4075,1032,1927,-1379,3288,1810,1111,-502,2837,1699,1314,1517,3703,1558,1173
479513,0,4283,-4075,1032,1927,-1379,3288,1810,1111,-502,2837,1699,1314,1517,3703,1558,1173
479513,1,4279,-4076,1033,1926,-1375,3281,1812,1111,-501,2835,1703,1315,1518,3701,1555,1172
479513,1,4281,-4073,1033,1925,-1377,3282,1812,1114,-500,2834,1705,1315,1515,3701,1560,1175
479513,1,4281,-4072,1034,1927,-1375,3285,1811,1111,-502,2833,1704,1314,1517,3699,1561,1176
479513,1,4282,-4076,1033,1924,-1379,3279,1813,1117,-501,2833,1704,1316,1518,3701,1562,1177
479513,1,4281,-4075,1033,1925,-1376,3280,1813,1116,-504,2832,1703,1314,1516,3704,1561,1176
479513,0,4281,-4075,1033,1925,-1376,3280,1813,1116,-504,2832,1703,1314,1516,3704,1561,1176
479513,1,4281,-4072,1034,1925,-1377,3281,1812,1115,-500,2832,1703,1318,1515,3703,1566,1180
479513,1,4279,-4074,1035,1925,-1374,3277,1816,1117,-501,2826,1708,1318,1517,3703,1564,1181
479513,1,4281,-4074,1030,1926,-1381,3283,1812,1117,-501,2829,1705,1318,1514,3702,1567,1181
479513,0,4281,-4074,1030,1926,-1381,3283,1812,1117,-501,2829,1705,1318,1514,3702,1567,1181
479513,1,4280,-4072,1033,1925,-1375,3277,1813,1121,-501,2825,1704,1321,1516,3703,1571,1183
479513,1,4283,-4073,1034,1928,-1377,3281,1814,1120,-501,2826,1707,1321,1513,3699,1569,1182
479513,1,4280,-4075,1032,1928,-1379,3276,1811,1121,-501,2823,1710,1324,1516,3702,1571,1183
479513,1,4281,-4075,1033,1928,-1379,3274,1812,1122,-502,2823,1708,1324,1514,3703,1573,1185
479513,1,4279,-4071,1032,1925,-1377,3281,1817,1124,-500,2821,1707,1324,1516,3705,1574,1187
479513,0,4279,-4071,1032,1925,-1377,3281,1817,1124,-500,2821,1707,1324,1516,3705,1574,1187
479513,1,4279,-4072,1035,1925,-1375,3275,1814,1124,-503,2820,1708,1326,1514,3702,1575,1187
479513,1,4282,-4072,1033,1928,-1377,3279,1813,1123,-501,2820,1713,1328,1517,3705,1574,1189
479513,1,4280,-4075,1033,1928,-1378,3276,1815,1128,-502,2822,1712,1328,1517,3704,1575,1190
479513,0,4280,-4075,1033,1928,-1378,3276,1815,1128,-502,2822,1712,1328,1517,3704,1575,1190
479513,1,4280,-4071,1033,1928,-1380,3273,1815,1125,-501,2818,1710,1329,1517,3705,1577,1190
479513,1,4280,-4074,1032,1929,-1377,3276,1818,1130,-502,2817,1708,1331,1516,3705,1577,1191
479513,1,4277,-4072,1032,1933,-1377,3273,1819,1124,-503,2812,1714,1328,1514,3704,1580,1192
479513,1,4281,-4071,1033,1934,-1376,3269,1816,1131,-500,2814,1713,1331,1515,3702,1583,1192
479513,1,4281,-4074,1033,1933,-1379,3276,1817,1129,-503,2815,1713,1333,1517,3705,1582,1195
479513,0,4281,-4074,1033,1933,-1379,3276,1817,1129,-503,2815,1713,1333,1517,3705,1582,1195
479513,1,4281,-4074,1033,1929,-1376,3272,1816,1130,-502,2811,1713,1328,1514,3705,1583,1198
479513,1,4283,-4074,1032,1930,-1376,3271,1815,1134,-502,2812,1718,1332,1514,3704,1589,1197
479513,1,4281,-4072,1035,1933,-1377,3268,1818,1129,-503,2808,1715,1336,1514,3705,1588,1197
479513,0,4281,-4072,1035,1933,-1377,3268,1818,1129,-503,2808,1715,1336,1514,3705,1588,1197
479513,1,4282,-4075,1031,1932,-1381,3273,1819,1131,-502,2807,1718,1332,1515,3705,1585,1199
479513,1,4280,-4073,1034,1934,-1377,3270,1819,1128,-504,2806,1716,1335,1517,3704,1588,1201
479513,1,4280,-4075,1032,1935,-1378,3269,1818,1136,-503,2806,1717,1338,1517,3703,1589,1202
479513,1,4283,-4077,1033,1936,-1376,3273,1818,1132,-501,2806,1721,1337,1515,3704,1591,1201
479513,1,4282,-4073,1034,1935,-1378,3266,1822,1136,-502,2804,1720,1338,1513,3707,1592,1202
479513,0,4282,-4073,1034,1935,-1378,3266,1822,1136,-502,2804,1720,1338,1513,3707,1592,1202
479513,1,4280,-4073,1033,1934,-1381,3266,1821,1132,-500,2803,1720,1337,1515,3704,1591,1203
479513,1,4281,-4074,1032,1935,-1378,3270,1819,1138,-502,2802,1722,1342,1517,3706,1592,1206
479513,1,4281,-4074,1032,1934,-1379,3270,1819,1134,-502,2800,1725,1338,1515,3704,1595,1202
479513,1,4279,-4075,1033,1934,-1377,3265,1819,1135,-503,2800,1723,1342,1516,3706,1594,1204
479513,0,4279,-4075,1033,1934,-1377,3265,1819,1135,-503,2800,1723,1342,1516,3706,1594,1204
479513,1,4279,-4074,1033,1935,-1381,3264,1820,1137,-501,2796,1723,1344,1515,3706,1596,1205
479513,1,4282,-4072,1032,1939,-1375,3268,1822,1139,-500,2795,1727,1339,1515,3706,1598,1209
479513,1,4281,-4073,1032,1937,-1378,3267,1824,1141,-501,2795,1725,1345,1516,3703,1597,1206
479513,1,4281,-4072,1034,1940,-1379,3263,1822,1139,-501,2793,1727,1344,1517,3707,1599,1208
479513,0,4281,-4072,1034,1940,-1379,3263,1822,1139,-501,2793,1727,1344,1517,3707,1599,1208
479513,1,4280,-4074,1032,1940,-1380,3269,1820,1140,-500,2793,1728,1344,1515,3706,1603,1210
479513,1,4281,-4073,1034,1940,-1376,3261,1823,1138,-502,2790,1726,1346,1516,3705,1601,1211
479513,1,4281,-4074,1034,1942,-1380,3263,1824,1142,-500,2792,1728,1350,1519,3705,1604,1210
479513,1,4281,-4071,1031,1939,-1379,3265,1823,1140,-502,2790,1732,1348,1514,3708,1605,1215
479513,0,4281,-4071,1031,1939,-1379,3265,1823,1140,-502,2790,1732,1348,1514,3708,1605,1215
479513,1,4282,-4075,1034,1941,-1381,3260,1821,1141,-500,2786,1728,1346,1514,3707,1604,1212
479513,1,4279,-4072,1034,1942,-1380,3262,1821,1143,-503,2788,1729,1350,1513,3707,1603,1215
479513,1,4282,-4073,1032,1945,-1376,3257,1822,1141,-502,2788,1731,1350,1517,3707,1607,1215
479513,1,4281,-4073,1036,1950,-1382,3263,1823,1147,-502,2786,1731,1351,1517,3707,1607,1216
479513,0,4281,-4073,1036,1950,-1382,3263,1823,1147,-502,2786,1731,1351,1517,3707,1607,1216
479513,1,4280,-4073,1033,1946,-1376,3260,1821,1144,-500,2784,1729,1352,1517,3708,1608,1219
479513,1,4278,-4077,1032,1948,-1382,3262,1825,1146,-502,2784,1730,1351,1515,3706,1610,1218
479513,1,4276,-4072,1032,1947,-1377,3262,1827,1146,-502,2783,1732,1353,1517,3706,1607,1219
479513,1,4282,-4072,1031,1947,-1383,3256,1824,1146,-501,2781,1734,1355,1517,3707,1610,1220
479513,0,4282,-4072,1031,1947,-1383,3256,1824,1146,-501,2781,1734,1355,1517,3707,1610,1220
479513,1,4280,-4073,1032,1947,-1378,3261,1824,1146,-503,2780,1734,1357,1514,3706,1612,1220
479513,1,4280,-4075,1035,1945,-1382,3262,1825,1147,-502,2779,1736,1352,1515,3706,1614,1221
479513,1,4279,-4072,1034,1951,-1377,3255,1825,1149,-502,2780,1736,1355,1517,3708,1613,1223
479513,1,4278,-4073,1034,1949,-1379,3260,1825,1153,-501,2777,1739,1362,1516,3707,1614,1222
479513,0,4278,-4073,1034,1949,-1379,3260,1825,1153,-501,2777,1739,1362,1516,3707,1614,1222
479513,1,4279,-4072,1032,1953,-1380,3259,1825,1153,-501,2777,1736,1357,1517,3707,1616,1221
479513,1,4281,-4073,1034,1949,-1380,3258,1822,1152,-502,2777,1734,1359,1516,3709,1617,1224
479513,1,4281,-4074,1033,1951,-1379,3254,1823,1153,-500,2775,1741,1360,1515,3709,1619,1226
479513,1,4282,-4072,1030,1950,-1378,3259,1826,1154,-502,2772,1743,1358,1513,3709,1619,1225
479513,0,4282,-4072,1030,1950,-1378,3259,1826,1154,-502,2772,1743,1358,1513,3709,1619,1225
479513,1,4279,-4075,1035,1952,-1381,3257,1828,1154,-503,2774,1742,1364,1515,3709,1617,1225
479513,1,4282,-4072,1033,1953,-1378,3254,1826,1155,-501,2771,1737,1362,1518,3707,1620,1226
479513,1,4281,-4075,1035,1952,-1378,3254,1829,1154,-502,2772,1740,1362,1515,3707,1619,1228
479513,1,4281,-4074,1036,1955,-1377,3254,1826,1154,-502,2769,1745,1364,1515,3706,1622,1230
479513,0,4281,-4074,1036,1955,-1377,3254,1826,1154,-502,2769,1745,1364,1515,3706,1622,1230
479513,1,4280,-4074,1031,1956,-1382,3253,1827,1156,-502,2771,1746,1366,1515,3708,1622,1229
479513,1,4282,-4075,1034,1957,-1381,3254,1829,1157,-500,2768,1742,1366,1513,3710,1622,1230
479513,1,4282,-4072,1033,1958,-1382,3251,1826,1152,-504,2772,1746,1365,1514,3707,1624,1231
479513,1,4281,-4074,1032,1953,-1376,3254,1831,1155,-502,2773,1745,1367,1515,3707,1627,1233
479513,0,4281,-4074,1032,1953,-1376,3254,1831,1155,-502,2773,1745,1367,1515,3707,1627,1233
479513,1,4279,-4075,1033,1954,-1385,3250,1831,1159,-501,2771,1744,1368,1517,3710,1624,1232
479513,1,4280,-4076,1034,1955,-1380,3253,1827,1156,-499,2769,1745,1368,1513,3711,1625,1232
479513,1,4281,-4074,1032,1956,-1381,3253,1830,1161,-501,2769,1745,1372,1516,3709,1626,1233
479513,1,4280,-4072,1032,1958,-1378,3249,1829,1158,-501,2767,1746,1367,1516,3711,1628,1236
479513,0,4280,-4072,1032,1958,-1378,3249,1829,1158,-501,2767,1746,1367,1516,3711,1628,1236
479513,1,4282,-4073,1032,1957,-1383,3256,1827,1162,-501,2769,1750,1370,1517,3708,1629,1235
479513,1,4278,-4073,1034,1957,-1382,3251,1827,1159,-501,2765,1747,1372,1515,3710,1629,1236
479513,1,4278,-4074,1034,1959,-1382,3247,1830,1161,-503,2765,1749,1366,1514,3711,1629,1235
479513,1,4280,-4074,1033,1959,-1377,3253,1828,1158,-503,2765,1750,1371,1516,3707,1629,1239
479513,0,4280,-4074,1033,1959,-1377,3253,1828,1158,-503,2765,1750,1371,1516,3707,1629,1239
479513,1,4281,-4074,1034,1957,-1379,3249,1833,1164,-501,2764,1752,1370,1515,3710,1629,1237
479513,1,4281,-4075,1035,1960,-1383,3248,1830,1162,-504,2764,1752,1372,1514,3712,1632,1239
479513,1,4281,-4073,1032,1961,-1379,3248,1833,1163,-503,2764,1748,1370,1516,3711,1633,1238
479513,1,4281,-4072,1033,1962,-1382,3249,1828,1160,-502,2766,1749,1371,1516,3710,1631,1240
479513,0,4281,-4072,1033,1962,-1382,3249,1828,1160,-502,2766,1749,1371,1516,3710,1631,1240
479513,1,4281,-4073,1032,1963,-1380,3245,1830,1165,-504,2761,1752,1370,1515,3711,1632,1241
479513,1,4278,-4073,1033,1962,-1384,3245,1834,1166,-501,2760,1753,1373,1514,3710,1635,1242
479513,1,4280,-4072,1034,1959,-1380,3250,1836,1167,-501,2761,1752,1375,1515,3709,1633,1242
479513,1,4277,-4072,1035,1964,-1386,3244,1834,1164,-501,2761,1749,1373,1515,3715,1635,1243
479513,0,4277,-4072,1035,1964,-1386,3244,1834,1164,-501,2761,1749,1373,1515,3715,1635,1243
479513,1,4280,-4074,1035,1960,-1379,3246,1830,1168,-501,2761,1752,1372,1515,3707,1636,1244
479513,1,4280,-4072,1032,1963,-1386,3248,1834,1164,-502,2762,1755,1372,1514,3709,1637,1245
479513,1,4281,-4073,1034,1962,-1381,3246,1834,1165,-499,2763,1753,1374,1515,3711,1639,1243
479513,1,4279,-4072,1033,1963,-1386,3246,1833,1166,-500,2757,1751,1377,1516,3712,1640,1246
479513,1,4281,-4071,1034,1964,-1381,3246,1836,1166,-500,2758,1756,1374,1517,3710,1641,1246
479513,0,4281,-4071,1034,1964,-1381,3246,1836,1166,-500,2758,1756,1374,1517,3710,1641,1246
479513,1,4281,-4070,1033,1966,-1384,3249,1838,1166,-500,2756,1756,1377,1515,3710,1643,1248
479513,1,4280,-4070,1033,1966,-1384,3246,1834,1167,-500,2755,1753,1377,1514,3714,1641,1247
479513,1,4280,-4074,1034,1969,-1383,3242,1837,1171,-500,2756,1752,1375,1513,3712,1642,1246
479513,1,4282,-4074,1035,1966,-1381,3248,1837,1170,-503,2757,1755,1378,1516,3710,1644,1249
479513,0,4282,-4074,1035,1966,-1381,3248,1837,1170,-503,2757,1755,1378,1516,3710,1644,1249
479513,1,4281,-4072,1032,1968,-1381,3243,1840,1171,-502,2757,1756,1381,1516,3713,1643,1249
479513,1,4279,-4072,1033,1970,-1386,3238,1835,1167,-503,2756,1758,1379,1515,3712,1644,1251
479513,1,4281,-4072,1032,1969,-1382,3244,1834,1172,-504,2755,1752,1380,1514,3711,1646,1250
479513,1,4280,-4072,1032,1970,-1385,3242,1839,1174,-500,2757,1756,1379,1515,3712,1645,1251
479513,0,4280,-4072,1032,1970,-1385,3242,1839,1174,-500,2757,1756,1379,1515,3712,1645,1251
479513,1,4281,-4073,1032,1971,-1382,3238,1841,1173,-503,2754,1759,1379,1515,3709,1646,1251
479513,1,4280,-4075,1032,1972,-1384,3242,1841,1170,-503,2755,1760,1379,1514,3710,1647,1251
479513,1,4279,-4075,1033,1973,-1385,3242,1842,1177,-502,2754,1753,1386,1515,3710,1646,1253
479513,1,4281,-4073,1033,1974,-1383,3241,1841,1176,-503,2754,1757,1383,1517,3712,1648,1254
479513,1,4280,-4075,1035,1974,-1383,3237,1840,1175,-502,2751,1759,1382,1514,3712,1649,1255
479513,0,4280,-4075,1035,1974,-1383,3237,1840,1175,-502,2751,1759,1382,1514,3712,1649,1255
479513,1,4281,-4074,1033,1976,-1386,3242,1841,1174,-501,2752,1759,1385,1516,3712,1648,1254
479513,1,4284,-4073,1032,1975,-1385,3242,1840,1170,-501,2753,1760,1385,1517,3711,1650,1258
479513,1,4285,-4073,1027,1973,-1386,3235,1842,1177,-502,2754,1759,1387,1514,3711,1650,1256
479513,0,4285,-4073,1027,1973,-1386,3235,1842,1177,-502,2754,1759,1387,1514,3711,1650,1256
479513,1,4286,-4073,1021,1976,-1383,3240,1843,1173,-502,2750,1758,1385,1516,3711,1650,1255
479513,1,4290,-4074,1011,1973,-1385,3235,1844,1177,-503,2753,1761,1386,1514,3710,1650,1259
479513,1,4291,-4072,1003,1972,-1383,3236,1844,1171,-501,2750,1756,1386,1516,3712,1653,1259
479513,1,4291,-4070,994,1971,-1384,3242,1845,1180,-502,2754,1757,1383,1517,3712,1653,1259
479513,1,4292,-4067,986,1971,-1381,3237,1846,1173,-502,2752,1760,1387,1517,3712,1655,1259
479513,0,4292,-4067,986,1971,-1381,3237,1846,1173,-502,2752,1760,1387,1517,3712,1655,1259
479513,1,4293,-4072,977,1974,-1383,3237,1845,1178,-501,2753,1761,1385,1515,3711,1652,1261
479513,1,4296,-4070,968,1977,-1384,3236,1848,1181,-500,2752,1758,1383,1517,3709,1655,1261
479513,1,4297,-4071,961,1979,-1380,3237,1846,1179,-500,2753,1758,1384,1517,3712,1656,1262
479513,0,4297,-4071,961,1979,-1380,3237,1846,1179,-500,2753,1758,1384,1517,3712,1656,1262
479513,1,4295,-4068,954,1983,-1382,3240,1849,1181,-499,2752,1758,1382,1514,3710,1655,1262
479513,1,4297,-4068,951,1985,-1382,3235,1851,1177,-504,2753,1762,1384,1515,3711,1653,1264
479513,1,4297,-4068,949,1986,-1385,3241,1852,1180,-501,2753,1762,1388,1514,3712,1657,1264
479513,1,4297,-4067,947,1989,-1382,3239,1853,1179,-503,2753,1757,1384,1516,3713,1657,1264
479513,1,4297,-4067,945,1991,-1383,3233,1855,1185,-503,2753,1758,1386,1514,3713,1657,1265
479513,0,4297,-4067,945,1991,-1383,3233,1855,1185,-503,2753,1758,1386,1514,3713,1657,1265
479513,1,4298,-4066,940,1992,-1382,3240,1856,1180,-501,2753,1760,1386,1515,3713,1660,1264
479513,1,4297,-4069,936,1992,-1387,3239,1857,1186,-500,2752,1762,1388,1515,3711,1662,1262
479513,1,4297,-4066,931,1994,-1382,3235,1860,1184,-502,2753,1759,1384,1515,3713,1659,1265
479513,0,4297,-4066,931,1994,-1382,3235,1860,1184,-502,2753,1759,1384,1515,3713,1659,1265
479513,1,4299,-4065,933,1999,-1383,3233,1862,1188,-502,2753,1759,1385,1517,3711,1660,1268
479513,1,4298,-4065,927,1997,-1386,3239,1860,1189,-500,2750,1761,1386,1515,3713,1659,1268
479513,1,4297,-4064,926,1998,-1382,3237,1862,1184,-502,2752,1761,1383,1512,3713,1664,1269
479513,1,4297,-4064,923,1998,-1386,3236,1866,1187,-502,2753,1758,1386,1516,3712,1662,1268
479513,1,4299,-4065,917,2001,-1381,3240,1867,1188,-502,2755,1758,1385,1517,3713,1664,1269
479513,0,4299,-4065,917,2001,-1381,3240,1867,1188,-502,2755,1758,1385,1517,3713,1664,1269
479513,1,4298,-4064,917,2000,-1387,3239,1867,1188,-503,2752,1760,1383,1517,3715,1664,1271
479513,1,4298,-4062,916,2003,-1381,3234,1867,1188,-501,2756,1761,1386,1515,3715,1663,1271
479513,1,4298,-4063,911,2004,-1387,3239,1867,1189,-500,2754,1761,1383,1514,3713,1664,1273
479513,0,4298,-4063,911,2004,-1387,3239,1867,1189,-500,2754,1761,1383,1514,3713,1664,1273
479513,1,4298,-4062,910,2005,-1383,3238,1871,1191,-501,2755,1758,1387,1516,3714,1663,1272
479513,1,4301,-4060,907,2008,-1382,3235,1871,1187,-501,2755,1760,1384,1515,3715,1664,1272
479513,1,4300,-4063,906,2007,-1382,3239,1870,1193,-501,2755,1761,1388,1515,3714,1664,1272
479513,1,4296,-4062,903,2008,-1382,3239,1874,1190,-499,2757,1763,1388,1516,3716,1665,1272
479513,1,4296,-4062,901,2007,-1384,3240,1871,1192,-501,2756,1759,1384,1513,3713,1665,1275
479513,0,4296,-4062,901,2007,-1384,3240,1871,1192,-501,2756,1759,1384,1513,3713,1665,1275
479513,1,4297,-4060,896,2011,-1383,3234,1874,1193,-503,2756,1763,1389,1517,3716,1668,1276
479513,1,4300,-4062,896,2013,-1381,3238,1879,1194,-501,2754,1761,1386,1517,3714,1665,1274
479514,1,4295,-4061,895,2016,-1381,3239,1880,1197,-505,2756,1763,1385,1514,3714,1670,1274
479514,1,4299,-4063,888,2018,-1385,3235,1879,1190,-500,2754,1762,1392,1514,3715,1668,1275
479514,0,4299,-4063,888,2018,-1385,3235,1879,1190,-500,2754,1762,1392,1514,3715,1668,1275
479514,1,4298,-4062,888,2020,-1380,3238,1880,1197,-502,2756,1760,1384,1514,3714,1669,1277
479514,1,4299,-4060,884,2023,-1384,3237,1883,1193,-501,2758,1766,1386,1514,3715,1670,1277
479514,1,4300,-4061,883,2022,-1380,3234,1885,1197,-504,2754,1767,1383,1515,3714,1670,1276
479514,1,4297,-4062,880,2024,-1387,3238,1883,1194,-503,2756,1763,1389,1517,3714,1672,1276
479514,0,4297,-4062,880,2024,-1387,3238,1883,1194,-503,2756,1763,1389,1517,3714,1672,1276
479514,1,4295,-4059,878,2025,-1381,3239,1886,1199,-499,2753,1761,1384,1514,3718,1672,1277
479514,1,4298,-4059,877,2028,-1380,3236,1887,1194,-503,2756,1766,1385,1519,3714,1675,1279
479514,1,4300,-4060,873,2030,-1383,3235,1890,1196,-503,2757,1765,1390,1516,3718,1674,1277
479514,0,4300,-4060,873,2030,-1383,3235,1890,1196,-503,2757,1765,1390,1516,3718,1674,1277
479514,1,4296,-4062,871,2031,-1383,3232,1889,1201,-503,2756,1763,1386,1516,3718,1674,1280
479514,1,4299,-4057,869,2033,-1382,3241,1894,1196,-503,2754,1768,1386,1516,3715,1673,1282
479514,1,4299,-4062,867,2033,-1382,3232,1891,1199,-501,2757,1765,1389,1515,3718,1676,1280
479514,1,4299,-4057,863,2035,-1383,3235,1893,1200,-500,2756,1771,1386,1515,3718,1676,1281
479514,1,4299,-4061,861,2036,-1383,3240,1897,1201,-503,2754,1772,1384,1515,3719,1677,1282
479514,0,4299,-4061,861,2036,-1383,3240,1897,1201,-503,2754,1772,1384,1515,3719,1677,1282
479514,1,4300,-4055,859,2038,-1385,3234,1894,1200,-501,2757,1770,1385,1516,3717,1674,1284
479514,1,4302,-4058,856,2039,-1384,3237,1895,1199,-501,2758,1770,1389,1517,3715,1677,1286
479514,1,4296,-4055,853,2041,-1384,3240,1898,1202,-502,2756,1774,1387,1514,3717,1676,1283
479514,1,4298,-4057,849,2042,-1382,3236,1900,1201,-503,2755,1773,1385,1519,3717,1677,1286
479514,0,4298,-4057,849,2042,-1382,3236,1900,1201,-503,2755,1773,1385,1519,3717,1677,1286
479514,1,4299,-4056,846,2041,-1383,3238,1902,1201,-500,2758,1771,1390,1515,3717,1678,1285
479514,1,4300,-4054,843,2044,-1381,3235,1904,1205,-502,2757,1773,1385,1512,3716,1677,1285
479514,1,4300,-4055,840,2046,-1383,3240,1903,1201,-504,2755,1776,1388,1517,3718,1678,1283
479514,1,4299,-4053,836,2045,-1383,3237,1903,1203,-502,2758,1775,1389,1515,3716,1680,1287
479514,0,4299,-4053,836,2045,-1383,3237,1903,1203,-502,2758,1775,1389,1515,3716,1680,1287
479514,1,4299,-4054,834,2046,-1383,3234,1907,1199,-501,2759,1778,1386,1517,3716,1681,1287
479514,1,4298,-4051,831,2047,-1381,3236,1908,1205,-501,2759,1775,1388,1517,3716,1680,1289
479514,1,4299,-4052,823,2051,-1382,3236,1908,1202,-502,2761,1776,1388,1512,3718,1680,1288
479514,1,4299,-4053,824,2049,-1381,3235,1909,1207,-502,2759,1781,1385,1517,3718,1679,1288
479514,1,4298,-4051,819,2049,-1384,3235,1914,1207,-501,2757,1783,1388,1516,3717,1682,1289
479514,0,4298,-4051,819,2049,-1384,3235,1914,1207,-501,2757,1783,1388,1516,3717,1682,1289
479514,1,4300,-4054,815,2048,-1380,3235,1917,1207,-505,2758,1779,1387,1514,3718,1685,1287
479514,1,4299,-4052,812,2051,-1379,3234,1913,1208,-505,2760,1783,1391,1516,3715,1683,1289
479514,1,4301,-4053,812,2055,-1385,3234,1916,1208,-503,2757,1786,1388,1514,3717,1683,1290
479514,1,4298,-4050,810,2056,-1382,3237,1917,1209,-504,2758,1787,1392,1514,3719,1684,1289
479514,0,4298,-4050,810,2056,-1382,3237,1917,1209,-504,2758,1787,1392,1514,3719,1684,1289
479514,1,4301,-4051,806,2057,-1385,3238,1921,1210,-502,2761,1783,1394,1516,3720,1683,1289
479514,1,4298,-4051,804,2058,-1381,3236,1922,1204,-502,2757,1785,1389,1515,3717,1685,1293
479514,1,4302,-4051,801,2059,-1387,3235,1921,1211,-503,2761,1787,1392,1515,3719,1685,1291
479514,1,4300,-4052,796,2062,-1380,3238,1923,1209,-503,2760,1791,1394,1515,3720,1686,1292
479514,0,4300,-4052,796,2062,-1380,3238,1923,1209,-503,2760,1791,1394,1515,3720,1686,1292
479514,1,4297,-4050,796,2062,-1384,3237,1928,1215,-501,2760,1790,1391,1514,3719,1687,1291
479514,1,4300,-4049,793,2064,-1380,3234,1930,1210,-501,2761,1787,1389,1516,3720,1686,1291
479514,1,4297,-4049,790,2067,-1387,3236,1929,1214,-501,2758,1793,1392,1515,3718,1687,1292
479514,0,4297,-4049,790,2067,-1387,3236,1929,1214,-501,2758,1793,1392,1515,3718,1687,1292
479514,1,4300,-4051,787,2068,-1380,3234,1932,1214,-502,2761,1798,1396,1515,3717,1686,1294
479514,1,4299,-4049,784,2070,-1381,3232,1933,1214,-502,2759,1798,1392,1515,3720,1687,1292
479514,1,4300,-4050,780,2072,-1383,3234,1934,1214,-504,2760,1796,1393,1515,3722,1689,1295
479514,1,4299,-4047,781,2071,-1379,3235,1938,1215,-500,2760,1801,1396,1518,3721,1689,1295
479514,1,4301,-4047,776,2074,-1385,3238,1937,1214,-502,2762,1804,1395,1514,3719,1690,1296
479514,0,4301,-4047,776,2074,-1385,3238,1937,1214,-502,2762,1804,1395,1514,3719,1690,1296
479514,1,4300,-4048,773,2075,-1382,3235,1938,1217,-504,2761,1804,1396,1514,3721,1688,1297
479514,1,4299,-4048,770,2077,-1379,3233,1941,1216,-503,2760,1806,1397,1515,3719,1690,1300
479514,1,4299,-4047,765,2078,-1380,3238,1944,1220,-503,2760,1803,1393,1513,3720,1692,1298
479514,1,4300,-4048,767,2079,-1384,3234,1942,1217,-499,2759,1808,1397,1516,3719,1690,1298
479514,0,4300,-4048,767,2079,-1384,3234,1942,1217,-499,2759,1808,1397,1516,3719,1690,1298
479514,1,4301,-4049,763,2082,-1382,3236,1944,1221,-502,2759,1810,1393,1513,3719,1690,1299
479514,1,4300,-4046,761,2084,-1384,3239,1948,1219,-504,2762,1811,1398,1515,3720,1690,1298
479514,1,4298,-4046,756,2088,-1380,3237,1950,1220,-504,2760,1808,1399,1513,3721,1690,1301
479514,1,4300,-4047,753,2090,-1383,3239,1952,1223,-501,2760,1809,1397,1516,3720,1692,1299
479514,0,4300,-4047,753,2090,-1383,3239,1952,1223,-501,2760,1809,1397,1516,3720,1692,1299
479514,1,4300,-4047,750,2088,-1382,3233,1954,1222,-502,2762,1814,1399,1518,3721,1691,1300
479514,1,4297,-4045,748,2092,-1379,3235,1953,1223,-503,2764,1815,1397,1514,3722,1691,1302
479514,1,4300,-4046,746,2088,-1379,3241,1955,1223,-504,2761,1812,1397,1514,3721,1692,1300
479514,1,4302,-4045,745,2089,-1384,3235,1957,1224,-502,2761,1815,1402,1515,3719,1693,1301
479514,0,4302,-4045,745,2089,-1384,3235,1957,1224,-502,2761,1815,1402,1515,3719,1693,1301
479514,1,4300,-4042,742,2089,-1382,3233,1957,1229,-501,2759,1815,1400,1515,3722,1692,1302
479514,1,4302,-4048,739,2089,-1383,3239,1961,1224,-504,2762,1820,1402,1515,3723,1692,1302
479514,1,4302,-4046,740,2088,-1382,3235,1960,1229,-501,2762,1821,1404,1514,3723,1694,1303
479514,1,4302,-4045,737,2088,-1378,3234,1965,1224,-500,2765,1821,1405,1512,3722,1695,1301
479514,0,4302,-4045,737,2088,-1378,3234,1965,1224,-500,2765,1821,1405,1512,3722,1695,1301
479514,1,4299,-4045,737,2087,-1384,3239,1966,1227,-502,2762,1820,1406,1512,3722,1693,1304
479514,1,4302,-4042,735,2089,-1380,3234,1967,1231,-503,2761,1826,1404,1516,3721,1695,1303
479514,1,4300,-4047,733,2087,-1383,3233,1968,1227,-503,2762,1828,1407,1515,3724,1695,1303
479514,1,4302,-4047,734,2086,-1382,3235,1969,1227,-503,2760,1827,1408,1513,3726,1698,1304
479514,0,4302,-4047,734,2086,-1382,3235,1969,1227,-503,2760,1827,1408,1513,3726,1698,1304
479514,1,4300,-4047,734,2088,-1382,3234,1972,1233,-504,2763,1828,1407,1517,3724,1697,1303
479514,1,4301,-4048,735,2087,-1383,3238,1973,1232,-503,2762,1830,1406,1514,3726,1700,1306
479514,1,4299,-4047,733,2088,-1383,3238,1975,1236,-502,2761,1833,1406,1514,3724,1699,1306
479514,1,4300,-4045,732,2088,-1383,3234,1978,1233,-503,2763,1835,1410,1514,3721,1695,1306
479514,0,4300,-4045,732,2088,-1383,3234,1978,1233,-503,2763,1835,1410,1514,3721,1695,1306
479514,1,4301,-4046,730,2088,-1384,3235,1979,1232,-502,2761,1833,1413,1514,3724,1699,1307
479514,1,4302,-4044,729,2088,-1384,3236,1979,1236,-502,2762,1835,1410,1514,3723,1698,1308
479514,1,4301,-4047,728,2088,-1385,3234,1980,1235,-503,2762,1837,1412,1515,3722,1698,1307
479514,1,4301,-4045,730,2090,-1381,3235,1981,1237,-503,2762,1840,1408,1516,3724,1698,1306
479514,0,4301,-4045,730,2090,-1381,3235,1981,1237,-503,2762,1840,1408,1516,3724,1698,1306
479514,1,4302,-4048,729,2089,-1384,3238,1981,1235,-503,2761,1841,1412,1516,3727,1697,1307
479514,1,4304,-4044,730,2089,-1384,3238,1982,1238,-504,2761,1838,1416,1515,3723,1699,1309
479514,1,4302,-4044,729,2090,-1379,3237,1986,1240,-502,2765,1840,1412,1513,3723,1699,1310
479514,1,4302,-4046,727,2088,-1386,3233,1986,1240,-501,2761,1847,1415,1512,3724,1698,1309
479514,0,4302,-4046,727,2088,-1386,3233,1986,1240,-501,2761,1847,1415,1512,3724,1698,1309
479514,1,4300,-4044,729,2090,-1381,3236,1987,1238,-505,2762,1848,1417,1514,3726,1700,1309
479514,1,4301,-4046,731,2087,-1384,3236,1987,1241,-504,2760,1848,1414,1515,3725,1700,1310
479514,1,4303,-4045,728,2088,-1380,3232,1988,1237,-503,2761,1848,1419,1513,3725,1702,1310
479514,1,4300,-4047,726,2088,-1382,3238,1988,1243,-500,2761,1848,1417,1515,3725,1703,1311
479514,1,4300,-4046,726,2090,-1381,3238,1989,1242,-501,2763,1850,1413,1518,3723,1700,1310
479514,0,4300,-4046,726,2090,-1381,3238,1989,1242,-501,2763,1850,1413,1518,3723,1700,1310
479514,1,4300,-4044,727,2088,-1387,3235,1989,1241,-502,2760,1852,1418,1515,3725,1702,1310
479514,1,4302,-4048,726,2087,-1383,3237,1990,1243,-501,2760,1852,1418,1512,3725,1704,1312
479514,1,4302,-4045,725,2086,-1382,3239,1992,1244,-503,2762,1851,1421,1515,3727,1704,1312
479514,1,4302,-4043,725,2088,-1382,3237,1994,1246,-503,2763,1850,1418,1516,3726,1703,1313
479514,0,4302,-4043,725,2088,-1382,3237,1994,1246,-503,2763,1850,1418,1516,3726,1703,1313
479514,1,4301,-4048,725,2087,-1381,3239,1994,1245,-503,2760,1858,1422,1515,3726,1705,1312
479514,1,4301,-4044,725,2087,-1384,3235,1993,1243,-503,2763,1859,1422,1515,3727,1706,1313
479514,1,4300,-4042,719,2090,-1378,3239,1996,1248,-501,2763,1858,1421,1513,3723,1704,1312
479514,1,4305,-4045,720,2087,-1383,3236,1995,1246,-502,2762,1857,1422,1514,3723,1705,1314
479514,0,4305,-4045,720,2087,-1383,3236,1995,1246,-502,2762,1857,1422,1514,3723,1705,1314
479514,1,4302,-4047,721,2084,-1380,3234,1993,1246,-505,2762,1857,1424,1514,3727,1705,1314
479514,1,4303,-4045,722,2086,-1384,3236,1999,1250,-501,2761,1856,1423,1517,3724,1704,1313
479514,1,4301,-4046,720,2085,-1380,3238,1999,1246,-502,2763,1862,1425,1512,3724,1705,1315
479514,1,4302,-4047,719,2086,-1384,3233,1999,1252,-504,2762,1863,1422,1515,3727,1705,1315
479514,0,4302,-4047,719,2086,-1384,3233,1999,1252,-504,2762,1863,1422,1515,3727,1705,1315
479514,1,4302,-4046,721,2084,-1382,3234,2001,1245,-501,2760,1863,1428,1514,3726,1704,1315
479514,1,4303,-4047,719,2085,-1384,3239,2001,1251,-505,2762,1862,1426,1514,3726,1708,1317
479514,1,4303,-4044,719,2083,-1382,3235,2001,1247,-502,2761,1865,1423,1512,3727,1705,1314
479514,1,4304,-4045,720,2079,-1379,3237,2000,1250,-503,2759,1867,1426,1517,3726,1705,1316
479514,0,4304,-4045,720,2079,-1379,3237,2000,1250,-503,2759,1867,1426,1517,3726,1705,1316
479514,1,4301,-4044,721,2086,-1387,3232,2001,1255,-502,2760,1865,1426,1515,3728,1707,1317
479514,1,4302,-4045,719,2083,-1380,3235,2004,1251,-501,2759,1866,1426,1514,3726,1707,1317
479514,1,4303,-4044,719,2082,-1384,3238,2001,1250,-503,2762,1865,1428,1510,3726,1707,1317
479514,1,4300,-4046,718,2082,-1381,3236,2000,1253,-503,2761,1867,1427,1513,3726,1707,1319
479514,0,4300,-4046,718,2082,-1381,3236,2000,1253,-503,2761,1867,1427,1513,3726,1707,1319
479514,1,4302,-4044,720,2083,-1384,3234,2003,1252,-501,2761,1873,1425,1511,3727,1706,1317
479514,1,4304,-4042,720,2082,-1381,3236,2006,1252,-504,2761,1872,1427,1518,3726,1706,1318
479514,1,4302,-4046,719,2080,-1381,3237,2006,1253,-504,2760,1869,1429,1514,3725,1711,1318
479514,1,4302,-4044,717,2080,-1379,3234,2004,1253,-506,2763,1870,1430,1516,3726,1710,1317
479514,0,4302,-4044,717,2080,-1379,3234,2004,1253,-506,2763,1870,1430,1516,3726,1710,1317
479514,1,4302,-4046,719,2081,-1387,3237,2009,1257,-504,2762,1876,1428,1514,3726,1708,1319
479514,1,4303,-4046,719,2083,-1378,3233,2009,1253,-500,2760,1878,1427,1515,3729,1709,1320
479514,1,4304,-4045,717,2081,-1380,3238,2009,1252,-503,2760,1875,1432,1516,3727,1711,1323
479514,1,4305,-4045,719,2080,-1385,3235,2009,1258,-501,2761,1872,1429,1514,3730,1711,1320
479514,0,4305,-4045,719,2080,-1385,3235,2009,1258,-501,2761,1872,1429,1514,3730,1711,1320
479514,1,4303,-4046,717,2080,-1382,3233,2010,1254,-505,2762,1875,1427,1514,3727,1711,1324
479514,1,4303,-4046,716,2080,-1387,3237,2013,1254,-503,2763,1876,1435,1511,3729,1712,1322
479514,1,4303,-4044,716,2082,-1382,3239,2010,1257,-502,2758,1878,1432,1513,3728,1711,1323
479514,1,4302,-4047,717,2079,-1383,3232,2012,1256,-505,2760,1879,1434,1514,3726,1711,1320
479514,0,4302,-4047,717,2079,-1383,3232,2012,1256,-505,2760,1879,1434,1514,3726,1711,1320
479514,1,4303,-4045,717,2078,-1382,3234,2013,1258,-503,2762,1877,1434,1511,3726,1711,1323
479514,1,4304,-4046,715,2082,-1384,3239,2015,1255,-506,2763,1877,1433,1509,3727,1713,1322
479514,1,4304,-4046,717,2080,-1380,3231,2010,1258,-502,2761,1882,1434,1510,3728,1711,1324
479514,1,4302,-4047,715,2080,-1379,3237,2016,1257,-503,2760,1883,1433,1513,3727,1712,1323
479514,0,4302,-4047,715,2080,-1379,3237,2016,1257,-503,2760,1883,1433,1513,3727,1712,1323
479514,1,4299,-4047,718,2079,-1384,3235,2014,1257,-503,2764,1879,1437,1513,3727,1713,1325
479514,1,4301,-4044,717,2078,-1379,3238,2019,1259,-503,2762,1880,1439,1510,3729,1714,1324
479514,1,4304,-4048,715,2079,-1386,3236,2015,1257,-503,2762,1882,1436,1511,3729,1711,1323
479514,1,4303,-4044,716,2077,-1381,3234,2017,1260,-504,2762,1885,1440,1513,3729,1713,1324
479514,0,4303,-4044,716,2077,-1381,3234,2017,1260,-504,2762,1885,1440,1513,3729,1713,1324
479514,1,4303,-4048,715,2077,-1383,3238,2017,1261,-504,2760,1884,1440,1513,3727,1715,1324
479514,1,4305,-4046,714,2078,-1383,3237,2020,1259,-505,2760,1886,1434,1510,3731,1716,1324
479514,1,4304,-4045,714,2078,-1384,3234,2018,1262,-502,2761,1884,1439,1512,3730,1713,1325
479514,1,4303,-4044,713,2080,-1382,3235,2020,1259,-504,2762,1883,1440,1512,3727,1716,1328
479514,0,4303,-4044,713,2080,-1382,3235,2020,1259,-504,2762,1883,1440,1512,3727,1716,1328
479514,1,4305,-4049,715,2077,-1380,3239,2020,1262,-505,2762,1885,1442,1513,3730,1713,1328
479514,1,4302,-4046,715,2079,-1384,3234,2022,1262,-504,2761,1888,1442,1514,3728,1716,1325
479514,1,4304,-4044,714,2078,-1378,3236,2020,1263,-503,2761,1885,1441,1511,3730,1715,1328
479514,1,4302,-4047,710,2078,-1381,3232,2023,1264,-503,2761,1886,1446,1515,3730,1714,1329
479514,0,4302,-4047,710,2078,-1381,3232,2023,1264,-503,2761,1886,1446,1515,3730,1714,1329
479514,1,4303,-4046,709,2078,-1382,3237,2023,1263,-504,2761,1883,1440,1514,3728,1715,1328
479514,1,4304,-4044,711,2076,-1384,3235,2027,1259,-503,2759,1888,1441,1510,3733,1717,1326
479514,1,4303,-4046,712,2078,-1376,3232,2025,1264,-503,2760,1889,1444,1512,3728,1716,1328
479514,1,4303,-4046,712,2074,-1380,3238,2022,1264,-505,2762,1889,1446,1511,3729,1717,1328
479514,1,4303,-4044,711,2076,-1383,3236,2027,1266,-502,2763,1891,1443,1512,3732,1715,1327
479514,0,4303,-4044,711,2076,-1383,3236,2027,1266,-502,2763,1891,1443,1512,3732,1715,1327
479514,1,4304,-4044,708,2077,-1382,3235,2027,1263,-504,2759,1889,1446,1511,3729,1718,1327
479514,1,4303,-4044,706,2077,-1385,3238,2023,1268,-505,2760,1886,1443,1513,3727,1720,1331
479514,1,4303,-4046,709,2076,-1381,3235,2024,1268,-505,2760,1892,1446,1512,3729,1720,1328
479514,1,4303,-4046,708,2078,-1384,3233,2027,1267,-505,2762,1893,1447,1513,3729,1718,1329
479514,0,4303,-4046,708,2078,-1384,3233,2027,1267,-505,2762,1893,1447,1513,3729,1718,1329
479514,1,4304,-4044,705,2077,-1382,3236,2027,1269,-504,2763,1890,1447,1512,3730,1721,1330
479514,1,4302,-4047,705,2079,-1382,3233,2030,1269,-503,2763,1890,1448,1514,3729,1720,1329
479514,1,4306,-4047,706,2076,-1384,3238,2030,1268,-502,2760,1893,1448,1510,3730,1719,1330
479514,1,4303,-4044,708,2076,-1379,3237,2032,1269,-504,2762,1894,1447,1512,3733,1721,1328
479514,0,4303,-4044,708,2076,-1379,3237,2032,1269,-504,2762,1894,1447,1512,3733,1721,1328
479514,1,4305,-4046,706,2074,-1385,3235,2031,1269,-504,2765,1894,1447,1513,3729,1718,1331
479514,1,4306,-4047,705,2076,-1382,3236,2031,1269,-503,2762,1895,1448,1514,3728,1721,1332
479514,1,4301,-4045,707,2075,-1383,3238,2030,1270,-505,2762,1894,1447,1513,3731,1720,1331
479514,1,4304,-4048,705,2076,-1381,3231,2032,1271,-504,2761,1893,1448,1511,3731,1722,1332
479514,0,4304,-4048,705,2076,-1381,3231,2032,1271,-504,2761,1893,1448,1511,3731,1722,1332
479514,1,4305,-4044,705,2075,-1386,3239,2031,1271,-505,2765,1894,1448,1514,3729,1722,1331
479514,1,4306,-4045,706,2075,-1379,3238,2033,1271,-504,2760,1899,1451,1515,3730,1722,1331
479514,1,4304,-4043,703,2071,-1382,3234,2034,1272,-502,2759,1898,1450,1513,3730,1721,1331
479514,1,4305,-4046,704,2073,-1385,3236,2033,1269,-502,2761,1898,1452,1515,3729,1720,1331
479514,0,4305,-4046,704,2073,-1385,3236,2033,1269,-502,2761,1898,1452,1515,3729,1720,1331
479514,1,4303,-4045,704,2072,-1381,3232,2036,1273,-505,2760,1898,1452,1512,3733,1721,1332
479514,1,4304,-4045,705,2074,-1382,3235,2033,1271,-506,2761,1901,1450,1512,3732,1716,1335
479514,1,4305,-4044,705,2075,-1382,3238,2034,1272,-501,2761,1900,1451,1514,3731,1724,1331
479514,1,4304,-4044,705,2075,-1384,3235,2037,1271,-506,2761,1903,1453,1512,3729,1724,1334
479514,0,4304,-4044,705,2075,-1384,3235,2037,1271,-506,2761,1903,1453,1512,3729,1724,1334
479514,1,4306,-4045,703,2074,-1381,3235,2036,1275,-505,2764,1899,1450,1512,3729,1724,1336
479514,1,4304,-4045,704,2070,-1386,3238,2035,1271,-506,2763,1901,1451,1514,3729,1724,1336
479514,1,4305,-4045,704,2072,-1381,3233,2038,1277,-505,2761,1902,1455,1512,3729,1723,1333
479514,1,4304,-4044,704,2073,-1387,3233,2037,1274,-504,2762,1906,1455,1511,3730,1722,1333
479514,0,4304,-4044,704,2073,-1387,3233,2037,1274,-504,2762,1906,1455,1511,3730,1722,1333
479514,1,4304,-4047,703,2072,-1382,3241,2038,1273,-502,2759,1904,1453,1514,3731,1722,1335
479514,1,4305,-4045,705,2074,-1386,3234,2041,1276,-504,2758,1902,1450,1512,3728,1723,1338
479514,1,4305,-4047,704,2070,-1384,3232,2038,1273,-503,2761,1900,1455,1511,3732,1727,1338
479514,1,4304,-4047,704,2071,-1378,3235,2042,1275,-503,2763,1905,1457,1512,3729,1723,1335
479515,0,4304,-4047,704,2071,-1378,3235,2042,1275,-503,2763,1905,1457,1512,3729,1723,1335
479515,1,4306,-4046,700,2070,-1382,3233,2039,1277,-505,2760,1904,1452,1512,3732,1724,1336
479515,1,4303,-4046,702,2072,-1382,3236,2039,1276,-504,2762,1904,1453,1509,3731,1725,1340
479515,1,4303,-4045,703,2070,-1386,3234,2043,1279,-501,2761,1906,1457,1508,3730,1728,1338
479515,1,4302,-4047,705,2069,-1381,3233,2039,1276,-505,2762,1902,1455,1514,3732,1725,1338
479515,0,4302,-4047,705,2069,-1381,3233,2039,1276,-505,2762,1902,1455,1514,3732,1725,1338
479515,1,4305,-4049,703,2069,-1384,3236,2040,1277,-502,2760,1902,1458,1511,3732,1728,1339
479515,1,4307,-4045,703,2070,-1381,3236,2043,1279,-506,2762,1906,1455,1514,3732,1725,1339
479515,1,4306,-4046,703,2069,-1381,3234,2043,1273,-504,2760,1911,1456,1513,3730,1727,1338
479515,1,4302,-4046,704,2072,-1382,3233,2042,1279,-505,2762,1908,1460,1508,3730,1723,1339
479515,0,4302,-4046,704,2072,-1382,3233,2042,1279,-505,2762,1908,1460,1508,3730,1723,1339
479515,1,4305,-4046,705,2070,-1384,3238,2043,1279,-503,2761,1907,1458,1512,3728,1725,1339
479515,1,4306,-4048,704,2070,-1384,3236,2043,1279,-504,2761,1905,1462,1510,3731,1726,1340
479515,1,4305,-4049,704,2069,-1378,3237,2045,1278,-505,2760,1909,1460,1514,3732,1727,1341
479515,1,4305,-4044,702,2069,-1385,3235,2044,1280,-504,2762,1907,1458,1512,3732,1727,1342
479515,0,4305,-4044,702,2069,-1385,3235,2044,1280,-504,2762,1907,1458,1512,3732,1727,1342
479515,1,4307,-4048,703,2071,-1382,3234,2045,1276,-505,2761,1908,1460,1514,3733,1728,1342
479515,1,4305,-4044,704,2070,-1386,3240,2046,1279,-504,2761,1908,1461,1515,3728,1726,1341
479515,1,4304,-4048,702,2068,-1382,3233,2044,1278,-503,2762,1906,1458,1512,3730,1727,1342
479515,1,4305,-4046,702,2070,-1383,3234,2045,1278,-507,2760,1909,1464,1512,3732,1729,1339
479515,0,4305,-4046,702,2070,-1383,3234,2045,1278,-507,2760,1909,1464,1512,3732,1729,1339
479515,1,4306,-4047,700,2069,-1382,3239,2046,1279,-505,2761,1910,1463,1509,3730,1726,1340
479515,1,4304,-4044,702,2068,-1384,3235,2046,1277,-506,2761,1910,1464,1510,3733,1729,1342
479515,1,4305,-4044,703,2069,-1382,3233,2047,1281,-502,2760,1909,1462,1510,3732,1728,1340
479515,1,4305,-4046,702,2069,-1382,3238,2047,1277,-502,2761,1907,1462,1508,3732,1730,1342
479515,0,4305,-4046,702,2069,-1382,3238,2047,1277,-502,2761,1907,1462,1508,3732,1730,1342
479515,1,4305,-4046,702,2066,-1387,3234,2049,1282,-503,2759,1912,1464,1510,3727,1728,1342
479515,1,4305,-4047,704,2069,-1382,3240,2051,1282,-501,2762,1915,1463,1513,3733,1730,1343
479515,1,4302,-4049,701,2067,-1383,3233,2049,1278,-505,2760,1913,1464,1514,3733,1728,1343
479515,1,4306,-4045,700,2070,-1380,3236,2050,1278,-504,2759,1912,1466,1511,3730,1729,1345
479515,0,4306,-4045,700,2070,-1380,3236,2050,1278,-504,2759,1912,1466,1511,3730,1729,1345
479515,1,4305,-4047,701,2069,-1386,3236,2050,1279,-504,2761,1913,1465,1509,3731,1732,1344
479515,1,4305,-4045,702,2065,-1382,3235,2052,1279,-503,2763,1913,1463,1512,3731,1729,1343
479515,1,4306,-4046,703,2067,-1384,3234,2052,1282,-506,2759,1912,1465,1514,3730,1728,1342
479515,1,4304,-4045,701,2066,-1381,3238,2050,1280,-502,2760,1915,1464,1512,3730,1730,1343
479515,1,4308,-4049,705,2069,-1385,3238,2051,1283,-504,2760,1914,1469,1511,3731,1729,1344
479515,0,4308,-4049,705,2069,-1385,3238,2051,1283,-504,2760,1914,1469,1511,3731,1729,1344
479515,1,4305,-4046,703,2066,-1382,3236,2052,1283,-505,2760,1913,1463,1511,3731,1730,1344
479515,1,4307,-4046,701,2068,-1383,3236,2055,1279,-504,2763,1912,1468,1512,3732,1730,1346
479515,1,4304,-4046,702,2069,-1384,3235,2051,1281,-505,2760,1913,1467,1510,3732,1730,1343
479515,1,4305,-4046,701,2067,-1382,3238,2053,1282,-503,2760,1917,1466,1509,3729,1730,1345
479515,0,4305,-4046,701,2067,-1382,3238,2053,1282,-503,2760,1917,1466,1509,3729,1730,1345
479515,1,4306,-4045,699,2066,-1384,3234,2053,1279,-506,2760,1915,1464,1512,3730,1731,1344
479515,1,4304,-4046,700,2068,-1382,3235,2051,1283,-505,2761,1917,1470,1509,3733,1731,1345
479515,1,4305,-4043,696,2067,-1385,3240,2055,1283,-504,2762,1917,1468,1513,3732,1732,1346
479515,1,4306,-4045,698,2068,-1380,3236,2052,1283,-507,2759,1913,1467,1512,3732,1732,1346
479515,0,4306,-4045,698,2068,-1380,3236,2052,1283,-507,2759,1913,1467,1512,3732,1732,1346
479515,1,4307,-4046,698,2069,-1384,3234,2054,1283,-505,2760,1915,1469,1509,3729,1734,1346
479515,1,4305,-4048,698,2067,-1381,3237,2054,1280,-506,2759,1921,1470,1509,3730,1732,1346
479515,1,4305,-4047,698,2067,-1383,3237,2055,1284,-506,2762,1919,1471,1513,3732,1731,1347
479515,1,4305,-4046,698,2067,-1381,3237,2055,1279,-505,2760,1915,1471,1514,3730,1735,1345
479515,0,4305,-4046,698,2067,-1381,3237,2055,1279,-505,2760,1915,1471,1514,3730,1735,1345
479515,1,4306,-4044,698,2068,-1381,3233,2055,1281,-505,2759,1915,1469,1511,3732,1732,1347
479515,1,4306,-4046,698,2069,-1383,3234,2054,1284,-505,2757,1916,1471,1512,3732,1731,1348
479515,1,4304,-4043,698,2069,-1380,3234,2054,1284,-507,2760,1920,1469,1510,3732,1733,1347
479515,1,4307,-4044,698,2067,-1383,3238,2057,1284,-505,2761,1920,1467,1510,3730,1731,1348
479515,0,4307,-4044,698,2067,-1383,3238,2057,1284,-505,2761,1920,1467,1510,3730,1731,1348
479515,1,4307,-4044,696,2069,-1383,3235,2057,1284,-506,2760,1918,1472,1512,3732,1736,1349
479515,1,4304,-4048,699,2065,-1383,3235,2058,1284,-505,2760,1915,1472,1510,3728,1736,1349
479515,1,4306,-4046,696,2066,-1382,3238,2058,1282,-504,2761,1918,1469,1509,3732,1732,1347
479515,1,4305,-4048,696,2065,-1381,3236,2057,1284,-505,2759,1919,1473,1511,3733,1734,1351
479515,0,4305,-4048,696,2065,-1381,3236,2057,1284,-505,2759,1919,1473,1511,3733,1734,1351
479515,1,4306,-4048,699,2065,-1384,3234,2058,1283,-505,2759,1925,1469,1513,3732,1735,1348
479515,1,4307,-4045,698,2070,-1382,3234,2061,1283,-505,2761,1921,1473,1512,3731,1737,1348
479515,1,4305,-4049,696,2069,-1382,3239,2058,1285,-504,2762,1920,1471,1512,3732,1735,1350
479515,1,4304,-4045,697,2068,-1379,3234,2058,1284,-505,2763,1920,1471,1514,3733,1736,1352
479515,0,4304,-4045,697,2068,-1379,3234,2058,1284,-505,2763,1920,1471,1514,3733,1736,1352
479515,1,4306,-4046,695,2069,-1382,3236,2060,1285,-504,2761,1922,1470,1512,3732,1736,1349
479515,1,4309,-4048,695,2069,-1385,3235,2058,1284,-503,2759,1917,1471,1511,3728,1735,1351
479515,1,4311,-4049,691,2067,-1383,3235,2057,1282,-504,2761,1912,1471,1514,3731,1735,1352
479515,1,4314,-4049,687,2067,-1382,3236,2055,1284,-502,2760,1907,1471,1509,3731,1736,1350
479515,0,4314,-4049,687,2067,-1382,3236,2055,1284,-502,2760,1907,1471,1509,3731,1736,1350
479515,1,4316,-4051,684,2066,-1381,3231,2051,1278,-505,2759,1902,1472,1512,3729,1738,1351
479515,1,4318,-4052,684,2066,-1384,3231,2051,1283,-505,2755,1901,1474,1513,3727,1736,1348
479515,1,4316,-4052,684,2065,-1383,3228,2051,1284,-501,2754,1898,1473,1511,3726,1734,1349
479515,1,4319,-4051,682,2063,-1383,3226,2049,1285,-502,2750,1898,1475,1514,3726,1736,1350
479515,0,4319,-4051,682,2063,-1383,3226,2049,1285,-502,2750,1898,1475,1514,3726,1736,1350
479515,1,4321,-4051,684,2065,-1381,3225,2049,1285,-502,2749,1898,1477,1513,3725,1736,1348
479515,1,4319,-4053,684,2066,-1384,3224,2048,1286,-500,2745,1896,1476,1510,3725,1735,1352
479515,1,4319,-4052,684,2062,-1383,3223,2052,1287,-500,2746,1901,1476,1510,3724,1735,1351
479515,1,4319,-4050,684,2063,-1383,3224,2050,1284,-499,2740,1902,1478,1512,3725,1736,1353
479515,0,4319,-4050,684,2063,-1383,3224,2050,1284,-499,2740,1902,1478,1512,3725,1736,1353
479515,1,4318,-4051,685,2065,-1382,3224,2051,1284,-501,2740,1902,1476,1512,3725,1735,1352
479515,1,4319,-4053,684,2064,-1381,3223,2053,1285,-501,2737,1901,1476,1512,3724,1737,1350
479515,1,4319,-4051,683,2066,-1383,3223,2048,1287,-501,2739,1901,1476,1508,3723,1737,1348
479515,1,4320,-4052,684,2066,-1383,3223,2051,1285,-501,2739,1902,1475,1512,3725,1736,1348
479515,0,4320,-4052,684,2066,-1383,3223,2051,1285,-501,2739,1902,1475,1512,3725,1736,1348
479515,1,4322,-4052,687,2065,-1383,3223,2049,1284,-500,2739,1903,1477,1511,3725,1738,1350
479515,1,4320,-4053,689,2064,-1382,3225,2050,1283,-501,2739,1904,1477,1511,3722,1734,1350
479515,1,4321,-4053,689,2064,-1382,3224,2050,1286,-502,2736,1906,1478,1512,3724,1737,1352
479515,1,4319,-4056,695,2064,-1385,3225,2050,1287,-500,2737,1905,1478,1512,3725,1737,1348
479515,0,4319,-4056,695,2064,-1385,3225,2050,1287,-500,2737,1905,1478,1512,3725,1737,1348
479515,1,4321,-4055,704,2062,-1382,3222,2051,1289,-500,2737,1901,1481,1513,3725,1737,1350
479515,1,4319,-4062,712,2058,-1384,3222,2051,1287,-499,2732,1907,1480,1510,3725,1737,1348
479515,1,4321,-4062,720,2058,-1382,3225,2049,1287,-497,2737,1908,1480,1511,3726,1736,1349
479515,1,4322,-4062,729,2060,-1380,3222,2050,1289,-498,2732,1907,1480,1512,3724,1737,1352
479515,0,4322,-4062,729,2060,-1380,3222,2050,1289,-498,2732,1907,1480,1512,3724,1737,1352
479515,1,4321,-4062,734,2059,-1382,3221,2051,1289,-500,2733,1912,1483,1509,3728,1737,1350
479515,1,4322,-4063,744,2056,-1382,3220,2052,1288,-500,2733,1911,1483,1514,3726,1735,1350
479515,1,4322,-4062,748,2054,-1383,3223,2055,1290,-498,2735,1911,1483,1511,3725,1736,1349
479515,1,4322,-4065,747,2054,-1382,3223,2051,1292,-499,2732,1915,1481,1511,3725,1738,1351
479515,0,4322,-4065,747,2054,-1382,3223,2051,1292,-499,2732,1915,1481,1511,3725,1738,1351
479515,1,4322,-4065,751,2053,-1385,3220,2054,1292,-500,2732,1914,1485,1508,3721,1736,1350
479515,1,4322,-4065,753,2055,-1383,3221,2053,1291,-500,2730,1919,1486,1509,3725,1736,1352
479515,1,4323,-4065,751,2054,-1382,3220,2054,1293,-503,2730,1915,1485,1512,3724,1736,1350
479515,1,4324,-4068,756,2053,-1382,3223,2055,1291,-500,2731,1915,1488,1513,3726,1735,1352
479515,1,4324,-4065,757,2055,-1384,3219,2056,1294,-501,2731,1916,1489,1512,3724,1735,1352
479515,0,4324,-4065,757,2055,-1384,3219,2056,1294,-501,2731,1916,1489,1512,3724,1735,1352
479515,1,4321,-4064,758,2056,-1382,3220,2055,1295,-500,2729,1919,1486,1511,3726,1736,1350
479515,1,4324,-4066,759,2055,-1383,3223,2057,1298,-500,2729,1920,1488,1511,3727,1737,1350
479515,1,4322,-4064,761,2055,-1381,3219,2058,1297,-501,2729,1918,1490,1512,3723,1737,1353
479515,1,4322,-4065,760,2055,-1383,3215,2060,1299,-503,2729,1921,1493,1509,3726,1736,1353
479515,0,4322,-4065,760,2055,-1383,3215,2060,1299,-503,2729,1921,1493,1509,3726,1736,1353
479515,1,4322,-4065,761,2054,-1383,3216,2059,1297,-501,2729,1923,1490,1508,3725,1734,1352
479515,1,4323,-4066,762,2052,-1383,3220,2061,1296,-502,2729,1920,1493,1510,3728,1738,1350
479515,1,4323,-4066,761,2055,-1381,3219,2064,1300,-502,2729,1923,1496,1512,3727,1737,1352
479515,1,4323,-4067,761,2055,-1383,3215,2063,1297,-502,2730,1920,1493,1513,3729,1736,1352
479515,0,4323,-4067,761,2055,-1383,3215,2063,1297,-502,2730,1920,1493,1513,3729,1736,1352
479515,1,4321,-4066,761,2055,-1385,3219,2063,1296,-501,2726,1921,1500,1513,3728,1734,1352
479515,1,4320,-4065,762,2056,-1387,3217,2065,1300,-503,2727,1925,1498,1513,3725,1736,1352
479515,1,4322,-4066,760,2057,-1381,3214,2061,1298,-501,2727,1924,1498,1511,3727,1735,1354
479515,1,4321,-4066,763,2057,-1384,3218,2065,1301,-500,2726,1928,1498,1512,3725,1734,1352
479515,0,4321,-4066,763,2057,-1384,3218,2065,1301,-500,2726,1928,1498,1512,3725,1734,1352
479515,1,4323,-4065,761,2061,-1383,3215,2064,1300,-500,2728,1926,1499,1512,3725,1738,1353
479515,1,4323,-4068,761,2056,-1382,3216,2066,1304,-503,2727,1926,1498,1512,3729,1738,1354
479515,1,4324,-4069,761,2056,-1380,3219,2069,1296,-502,2725,1927,1500,1512,3728,1736,1352
479515,1,4323,-4067,759,2059,-1381,3216,2067,1303,-501,2727,1926,1502,1514,3728,1735,1354
479515,0,4323,-4067,759,2059,-1381,3216,2067,1303,-501,2727,1926,1502,1514,3728,1735,1354
479515,1,4323,-4066,761,2058,-1384,3214,2070,1306,-505,2728,1934,1499,1509,3726,1736,1354
479515,1,4324,-4065,761,2058,-1384,3219,2068,1301,-502,2726,1931,1500,1510,3727,1739,1355
479515,1,4322,-4065,760,2062,-1383,3217,2068,1305,-502,2727,1929,1501,1512,3729,1737,1356
479515,1,4324,-4066,763,2062,-1382,3212,2070,1306,-502,2724,1929,1501,1513,3730,1736,1355
479515,0,4324,-4066,763,2062,-1382,3212,2070,1306,-502,2724,1929,1501,1513,3730,1736,1355
479515,1,4323,-4065,762,2062,-1383,3217,2070,1304,-505,2727,1931,1504,1513,3728,1737,1355
479515,1,4321,-4066,761,2063,-1385,3215,2070,1302,-505,2723,1933,1508,1511,3728,1738,1355
479515,1,4323,-4062,764,2064,-1382,3216,2068,1304,-501,2727,1937,1505,1512,3728,1738,1355
479515,1,4323,-4065,761,2068,-1384,3216,2071,1305,-501,2723,1935,1506,1514,3730,1737,1354
479515,0,4323,-4065,761,2068,-1384,3216,2071,1305,-501,2723,1935,1506,1514,3730,1737,1354
479515,1,4322,-4065,763,2064,-1386,3211,2071,1307,-504,2726,1934,1508,1509,3729,1739,1355
479515,1,4321,-4066,760,2063,-1385,3214,2072,1306,-503,2723,1934,1501,1515,3726,1740,1356
479515,1,4323,-4066,761,2063,-1381,3217,2072,1306,-501,2725,1936,1505,1512,3730,1738,1356
479515,1,4322,-4067,761,2066,-1385,3213,2072,1308,-503,2725,1939,1506,1513,3730,1737,1357
479515,0,4322,-4067,761,2066,-1385,3213,2072,1308,-503,2725,1939,1506,1513,3730,1737,1357
479515,1,4321,-4065,760,2067,-1382,3212,2071,1304,-502,2725,1938,1507,1515,3727,1741,1357
479515,1,4322,-4064,765,2070,-1385,3216,2071,1307,-503,2725,1937,1507,1509,3731,1739,1358
479515,1,4320,-4064,762,2069,-1382,3214,2073,1306,-503,2723,1938,1507,1513,3729,1742,1358
479515,1,4322,-4065,762,2070,-1385,3211,2071,1307,-505,2723,1939,1506,1510,3730,1739,1357
479515,0,4322,-4065,762,2070,-1385,3211,2071,1307,-505,2723,1939,1506,1510,3730,1739,1357
479515,1,4323,-4065,763,2072,-1383,3212,2071,1308,-503,2724,1939,1511,1509,3732,1739,1358
479515,1,4324,-4064,762,2072,-1382,3213,2072,1309,-502,2723,1942,1508,1513,3730,1740,1358
479515,1,4325,-4066,765,2071,-1386,3214,2074,1308,-501,2723,1939,1506,1511,3728,1741,1357
479515,1,4322,-4066,762,2073,-1381,3213,2074,1309,-506,2723,1940,1510,1514,3730,1741,1359
479515,0,4322,-4066,762,2073,-1381,3213,2074,1309,-506,2723,1940,1510,1514,3730,1741,1359
479515,1,4325,-4065,762,2073,-1387,3210,2075,1307,-502,2721,1941,1510,1513,3729,1739,1358
479515,1,4321,-4065,760,2072,-1382,3215,2073,1307,-505,2725,1942,1509,1512,3727,1738,1360
479515,1,4321,-4064,759,2074,-1385,3214,2075,1310,-504,2724,1944,1508,1513,3730,1740,1359
479515,1,4323,-4066,761,2075,-1382,3214,2075,1307,-505,2719,1946,1510,1513,3730,1741,1360
479515,0,4323,-4066,761,2075,-1382,3214,2075,1307,-505,2719,1946,1510,1513,3730,1741,1360
479515,1,4322,-4067,760,2076,-1387,3213,2076,1311,-504,2722,1946,1511,1513,3733,1742,1360
479515,1,4323,-4065,761,2076,-1382,3216,2076,1308,-503,2721,1942,1512,1514,3730,1744,1357
479515,1,4323,-4067,762,2077,-1384,3213,2073,1306,-505,2721,1944,1508,1513,3728,1740,1361
479515,1,4322,-4066,761,2077,-1382,3215,2077,1310,-506,2721,1947,1512,1509,3728,1743,1360
479515,0,4322,-4066,761,2077,-1382,3215,2077,1310,-506,2721,1947,1512,1509,3728,1743,1360
479515,1,4323,-4065,763,2076,-1380,3209,2074,1310,-502,2723,1946,1512,1514,3730,1742,1358
479515,1,4322,-4064,762,2077,-1382,3212,2079,1308,-506,2721,1945,1511,1513,3733,1741,1358
479515,1,4324,-4066,764,2076,-1379,3218,2077,1311,-505,2724,1947,1508,1511,3729,1739,1359
479515,1,4323,-4066,763,2076,-1384,3213,2078,1309,-504,2722,1945,1512,1512,3733,1743,1360
479515,0,4323,-4066,763,2076,-1384,3213,2078,1309,-504,2722,1945,1512,1512,3733,1743,1360
479515,1,4323,-4066,761,2079,-1383,3211,2077,1309,-505,2722,1948,1512,1512,3731,1743,1358
479515,1,4325,-4065,761,2079,-1387,3213,2079,1309,-506,2720,1948,1511,1516,3730,1743,1360
479515,1,4323,-4065,763,2079,-1381,3213,2079,1310,-503,2720,1948,1511,1509,3730,1741,1359
479515,1,4324,-4062,760,2082,-1383,3212,2079,1309,-503,2721,1947,1511,1511,3729,1743,1361
479515,1,4319,-4064,762,2080,-1379,3212,2078,1309,-504,2723,1945,1515,1513,3729,1742,1361
479515,0,4319,-4064,762,2080,-1379,3212,2078,1309,-504,2723,1945,1515,1513,3729,1742,1361
479515,1,4326,-4066,760,2082,-1386,3215,2077,1309,-506,2718,1949,1511,1512,3732,1743,1362
479515,1,4324,-4065,765,2081,-1386,3213,2079,1311,-500,2721,1948,1510,1513,3730,1743,1361
479515,1,4323,-4066,762,2080,-1381,3213,2079,1308,-505,2723,1949,1515,1513,3729,1740,1362
479515,1,4322,-4066,761,2080,-1384,3210,2078,1311,-505,2721,1950,1514,1514,3732,1741,1361
479515,0,4322,-4066,761,2080,-1384,3210,2078,1311,-505,2721,1950,1514,1514,3732,1741,1361
479515,1,4322,-4065,763,2081,-1381,3211,2079,1311,-503,2721,1948,1512,1512,3732,1744,1362
479515,1,4323,-4064,761,2082,-1383,3213,2080,1307,-503,2721,1946,1514,1511,3731,1744,1362
479515,1,4321,-4065,761,2080,-1383,3213,2076,1308,-504,2719,1948,1514,1509,3728,1744,1362
479515,1,4322,-4065,761,2081,-1387,3213,2079,1310,-504,2720,1952,1514,1513,3730,1743,1362
479515,0,4322,-4065,761,2081,-1387,3213,2079,1310,-504,2720,1952,1514,1513,3730,1743,1362
479515,1,4324,-4064,761,2084,-1382,3211,2079,1308,-504,2721,1951,1516,1514,3731,1744,1362
479515,1,4321,-4065,760,2084,-1387,3214,2079,1307,-504,2720,1948,1514,1514,3730,1742,1365
479515,1,4322,-4065,761,2083,-1382,3210,2081,1310,-506,2722,1952,1515,1514,3729,1743,1365
479515,1,4323,-4070,761,2084,-1378,3211,2079,1309,-502,2721,1950,1516,1509,3730,1745,1365
479515,0,4323,-4070,761,2084,-1378,3211,2079,1309,-502,2721,1950,1516,1509,3730,1745,1365
479515,1,4323,-4065,763,2084,-1387,3209,2081,1311,-502,2721,1950,1511,1512,3730,1745,1363
479515,1,4322,-4063,760,2086,-1382,3212,2076,1310,-504,2719,1952,1514,1511,3733,1746,1365
479515,1,4322,-4063,761,2087,-1384,3215,2077,1310,-506,2721,1949,1517,1513,3729,1746,1363
479515,1,4322,-4065,761,2086,-1379,3212,2081,1309,-503,2720,1952,1516,1509,3732,1743,1366
479515,0,4322,-4065,761,2086,-1379,3212,2081,1309,-503,2720,1952,1516,1509,3732,1743,1366
479515,1,4324,-4064,760,2088,-1385,3209,2081,1310,-505,2717,1952,1511,1508,3732,1745,1364
479515,1,4324,-4066,761,2085,-1384,3214,2082,1312,-505,2719,1951,1518,1510,3734,1744,1365
479515,1,4322,-4067,761,2087,-1385,3214,2082,1309,-504,2720,1953,1519,1510,3732,1747,1365
479515,1,4323,-4065,762,2086,-1380,3212,2081,1310,-505,2717,1954,1516,1510,3730,1747,1365
479515,0,4323,-4065,762,2086,-1380,3212,2081,1310,-505,2717,1954,1516,1510,3730,1747,1365
479515,1,4324,-4067,762,2085,-1380,3214,2083,1310,-506,2721,1954,1515,1511,3733,1748,1366
479516,1,4323,-4065,761,2088,-1384,3215,2084,1311,-505,2718,1952,1514,1514,3733,1748,1367
479516,1,4324,-4065,761,2087,-1382,3209,2080,1310,-507,2719,1952,1518,1513,3732,1746,1366
479516,1,4324,-4065,763,2085,-1385,3209,2081,1311,-506,2720,1953,1519,1513,3732,1746,1365
479516,0,4324,-4065,763,2085,-1385,3209,2081,1311,-506,2720,1953,1519,1513,3732,1746,1365
479516,1,4322,-4065,762,2082,-1381,3209,2083,1308,-504,2716,1956,1518,1513,3733,1747,1366
479516,1,4322,-4064,765,2086,-1383,3213,2082,1311,-506,2719,1951,1516,1512,3732,1748,1367
479516,1,4324,-4064,762,2087,-1382,3215,2080,1313,-506,2719,1955,1516,1512,3732,1747,1364
479516,1,4321,-4067,761,2087,-1384,3211,2081,1310,-506,2718,1952,1518,1510,3730,1747,1365
479516,0,4321,-4067,761,2087,-1384,3211,2081,1310,-506,2718,1952,1518,1510,3730,1747,1365
479516,1,4322,-4065,763,2087,-1383,3210,2083,1312,-506,2716,1953,1515,1512,3730,1747,1366
479516,1,4324,-4063,762,2089,-1386,3214,2081,1308,-505,2716,1957,1518,1511,3732,1747,1368
479516,1,4324,-4064,762,2086,-1380,3211,2084,1309,-502,2718,1957,1515,1510,3733,1747,1367
479516,1,4324,-4062,760,2088,-1385,3210,2079,1311,-503,2717,1956,1518,1513,3730,1749,1366
479516,0,4324,-4062,760,2088,-1385,3210,2079,1311,-503,2717,1956,1518,1513,3730,1749,1366
479516,1,4325,-4066,763,2088,-1383,3213,2081,1310,-503,2717,1955,1517,1511,3730,1749,1366
479516,1,4324,-4064,765,2088,-1383,3213,2081,1311,-506,2719,1955,1516,1512,3733,1749,1368
479516,1,4323,-4064,761,2086,-1384,3213,2080,1307,-506,2716,1957,1519,1512,3732,1749,1368
479516,1,4325,-4065,761,2088,-1383,3212,2082,1312,-505,2719,1958,1519,1511,3731,1749,1366
479516,0,4325,-4065,761,2088,-1383,3212,2082,1312,-505,2719,1958,1519,1511,3731,1749,1366
479516,1,4324,-4065,760,2089,-1384,3208,2081,1309,-504,2718,1955,1516,1510,3732,1750,1369
479516,1,4324,-4066,764,2087,-1384,3211,2082,1311,-503,2716,1956,1516,1512,3732,1749,1369
479516,1,4323,-4063,760,2089,-1388,3213,2085,1309,-503,2716,1952,1521,1512,3733,1749,1370
479516,1,4324,-4063,761,2086,-1382,3212,2080,1310,-506,2718,1953,1515,1510,3730,1748,1368
479516,0,4324,-4063,761,2086,-1382,3212,2080,1310,-506,2718,1953,1515,1510,3730,1748,1368
479516,1,4322,-4065,763,2088,-1387,3209,2084,1311,-506,2717,1956,1515,1514,3732,1751,1369
479516,1,4324,-4065,763,2087,-1381,3212,2083,1308,-506,2719,1956,1518,1508,3732,1750,1368
479516,1,4325,-4063,763,2090,-1386,3213,2081,1313,-504,2717,1955,1517,1511,3732,1750,1368
479516,1,4325,-4064,762,2090,-1381,3209,2084,1310,-506,2716,1954,1518,1512,3731,1750,1367
479516,0,4325,-4064,762,2090,-1381,3209,2084,1310,-506,2716,1954,1518,1512,3731,1750,1367
479516,1,4325,-4065,764,2090,-1382,3213,2083,1310,-506,2717,1955,1518,1511,3732,1750,1368
479516,1,4321,-4064,761,2088,-1383,3212,2081,1309,-503,2716,1957,1516,1510,3732,1751,1370
479516,1,4323,-4063,762,2089,-1383,3215,2083,1312,-506,2719,1960,1518,1513,3730,1749,1369
479516,1,4323,-4065,761,2088,-1385,3212,2081,1312,-504,2714,1954,1520,1511,3732,1752,1371
479516,0,4323,-4065,761,2088,-1385,3212,2081,1312,-504,2714,1954,1520,1511,3732,1752,1371
479516,1,4325,-4064,762,2090,-1380,3210,2082,1313,-506,2716,1956,1517,1513,3732,1752,1371
479516,1,4324,-4064,760,2092,-1386,3211,2085,1311,-506,2718,1955,1519,1506,3734,1748,1369
479516,1,4323,-4064,761,2090,-1385,3215,2082,1313,-506,2716,1955,1518,1509,3732,1752,1369
479516,1,4321,-4061,761,2088,-1386,3210,2084,1310,-507,2717,1957,1517,1510,3732,1751,1371
479516,0,4321,-4061,761,2088,-1386,3210,2084,1310,-507,2717,1957,1517,1510,3732,1751,1371
479516,1,4322,-4064,761,2093,-1380,3213,2080,1312,-504,2716,1959,1520,1514,3730,1752,1370
479516,1,4322,-4064,763,2092,-1384,3216,2084,1311,-506,2716,1957,1518,1511,3732,1750,1371
479516,1,4323,-4065,760,2090,-1385,3211,2086,1310,-503,2718,1955,1518,1510,3732,1753,1370
479516,1,4324,-4066,760,2092,-1383,3213,2081,1307,-508,2718,1955,1522,1513,3732,1751,1369
479516,1,4323,-4064,760,2090,-1383,3210,2083,1309,-506,2718,1957,1519,1513,3732,1753,1370
479516,0,4323,-4064,760,2090,-1383,3210,2083,1309,-506,2718,1957,1519,1513,3732,1753,1370
479516,1,4323,-4066,761,2092,-1382,3212,2082,1312,-505,2716,1957,1519,1512,3732,1750,1372
479516,1,4324,-4065,760,2089,-1383,3214,2083,1311,-506,2718,1955,1522,1508,3733,1752,1369
479516,1,4324,-4064,762,2092,-1382,3212,2084,1307,-504,2716,1957,1521,1511,3734,1753,1370
479516,1,4322,-4063,763,2092,-1383,3211,2081,1312,-503,2714,1956,1520,1511,3733,1752,1370
479516,0,4322,-4063,763,2092,-1383,3211,2081,1312,-503,2714,1956,1520,1511,3733,1752,1370
479516,1,4320,-4064,762,2091,-1380,3213,2085,1311,-504,2716,1956,1520,1509,3732,1751,1372
479516,1,4323,-4064,763,2093,-1385,3210,2082,1312,-506,2714,1955,1523,1512,3728,1754,1371
479516,1,4323,-4065,761,2092,-1381,3209,2080,1313,-507,2718,1955,1521,1512,3732,1750,1370
479516,1,4322,-4063,763,2095,-1386,3214,2084,1310,-505,2719,1954,1522,1512,3733,1752,1374
479516,0,4322,-4063,763,2095,-1386,3214,2084,1310,-505,2719,1954,1522,1512,3733,1752,1374
479516,1,4321,-4067,761,2093,-1381,3213,2084,1313,-506,2717,1952,1518,1512,3730,1753,1373
479516,1,4322,-4065,764,2091,-1384,3214,2084,1310,-505,2716,1955,1520,1512,3733,1752,1372
479516,1,4323,-4064,761,2091,-1382,3214,2083,1311,-505,2715,1957,1519,1513,3734,1751,1373
479516,1,4324,-4065,761,2092,-1380,3209,2085,1309,-505,2719,1954,1520,1510,3731,1752,1374
479516,0,4324,-4065,761,2092,-1380,3209,2085,1309,-505,2719,1954,1520,1510,3731,1752,1374
479516,1,4323,-4064,763,2093,-1381,3208,2084,1312,-503,2717,1954,1518,1511,3731,1754,1373
479516,1,4324,-4065,761,2092,-1384,3214,2083,1309,-505,2717,1954,1520,1510,3730,1754,1372
479516,1,4324,-4063,762,2092,-1387,3212,2084,1313,-508,2715,1954,1521,1513,3732,1753,1373
479516,1,4323,-4067,761,2091,-1384,3210,2085,1313,-505,2716,1957,1518,1514,3733,1753,1373
479516,0,4323,-4067,761,2091,-1384,3210,2085,1313,-505,2716,1957,1518,1514,3733,1753,1373
479516,1,4320,-4066,760,2092,-1383,3212,2081,1309,-503,2715,1956,1522,1511,3730,1756,1371
479516,1,4323,-4066,760,2092,-1384,3212,2086,1313,-505,2716,1957,1520,1509,3732,1752,1371
479516,1,4324,-4063,762,2092,-1382,3207,2083,1311,-505,2719,1952,1521,1510,3733,1753,1373
479516,1,4324,-4065,762,2091,-1381,3212,2083,1311,-505,2715,1955,1522,1512,3732,1755,1372
479516,0,4324,-4065,762,2091,-1381,3212,2083,1311,-505,2715,1955,1522,1512,3732,1755,1372
479516,1,4324,-4067,762,2090,-1382,3214,2084,1310,-507,2718,1957,1521,1511,3731,1752,1373
479516,1,4322,-4064,762,2091,-1383,3214,2082,1311,-505,2716,1957,1519,1512,3732,1752,1373
479516,1,4323,-4063,763,2090,-1384,3215,2085,1310,-505,2718,1957,1523,1511,3733,1752,1373
479516,1,4323,-4065,763,2094,-1380,3211,2084,1312,-506,2717,1953,1520,1511,3732,1753,1372
479516,0,4323,-4065,763,2094,-1380,3211,2084,1312,-506,2717,1953,1520,1511,3732,1753,1372
479516,1,4323,-4065,762,2090,-1382,3210,2083,1309,-506,2716,1957,1520,1511,3735,1755,1373
479516,1,4323,-4063,764,2094,-1383,3214,2086,1311,-507,2716,1955,1520,1510,3730,1755,1375
479516,1,4323,-4063,762,2092,-1383,3213,2082,1310,-505,2717,1956,1521,1512,3734,1754,1373
479516,1,4324,-4065,760,2092,-1385,3210,2083,1312,-507,2718,1957,1520,1510,3731,1753,1371
479516,0,4324,-4065,760,2092,-1385,3210,2083,1312,-507,2718,1957,1520,1510,3731,1753,1371
479516,1,4323,-4065,761,2095,-1381,3212,2083,1311,-505,2714,1956,1521,1513,3733,1751,1374
479516,1,4325,-4065,762,2089,-1385,3214,2086,1309,-504,2714,1955,1518,1511,3732,1756,1374
479516,1,4323,-4065,761,2093,-1382,3212,2083,1309,-505,2716,1956,1521,1510,3734,1754,1376
479516,1,4321,-4062,761,2093,-1386,3213,2082,1310,-506,2717,1957,1522,1512,3732,1754,1374
479516,0,4321,-4062,761,2093,-1386,3213,2082,1310,-506,2717,1957,1522,1512,3732,1754,1374
479516,1,4324,-4065,762,2092,-1381,3208,2085,1311,-508,2717,1957,1519,1512,3730,1755,1374
479516,1,4323,-4066,761,2094,-1385,3213,2084,1311,-505,2716,1954,1521,1509,3733,1756,1377
479516,1,4322,-4063,762,2092,-1386,3212,2081,1311,-505,2717,1954,1522,1511,3732,1759,1376
479516,1,4325,-4062,763,2094,-1381,3209,2084,1312,-505,2718,1954,1521,1516,3733,1757,1375
479516,0,4325,-4062,763,2094,-1381,3209,2084,1312,-505,2718,1954,1521,1516,3733,1757,1375
479516,1,4325,-4064,762,2094,-1381,3211,2085,1309,-507,2715,1957,1524,1511,3732,1756,1375
479516,1,4323,-4065,761,2095,-1381,3213,2081,1312,-505,2716,1955,1525,1512,3732,1756,1375
479516,1,4324,-4064,763,2094,-1383,3211,2086,1311,-506,2715,1957,1522,1513,3728,1754,1375
479516,1,4327,-4066,761,2095,-1381,3211,2082,1313,-502,2715,1956,1524,1511,3729,1757,1374
479516,0,4327,-4066,761,2095,-1381,3211,2082,1313,-502,2715,1956,1524,1511,3729,1757,1374
479516,1,4324,-4064,761,2094,-1382,3213,2084,1311,-505,2716,1955,1521,1511,3731,1760,1377
479516,1,4321,-4067,760,2092,-1383,3213,2086,1310,-506,2716,1959,1518,1511,3731,1756,1373
479516,1,4323,-4065,761,2096,-1383,3211,2086,1310,-506,2716,1957,1523,1512,3733,1756,1374
479516,1,4323,-4065,760,2093,-1381,3213,2083,1309,-504,2716,1955,1521,1513,3732,1755,1377
479516,0,4323,-4065,760,2093,-1381,3213,2083,1309,-504,2716,1955,1521,1513,3732,1755,1377
479516,1,4322,-4066,760,2094,-1382,3210,2082,1312,-505,2718,1957,1519,1514,3731,1756,1376
479516,1,4322,-4065,761,2094,-1383,3211,2086,1311,-505,2717,1954,1523,1514,3730,1755,1377
479516,1,4323,-4065,761,2092,-1385,3211,2084,1311,-507,2715,1955,1522,1512,3732,1754,1378
479516,1,4324,-4063,758,2092,-1387,3213,2083,1314,-507,2717,1955,1522,1509,3731,1756,1378
479516,0,4324,-4063,758,2092,-1387,3213,2083,1314,-507,2717,1955,1522,1509,3731,1756,1378
479516,1,4325,-4068,763,2093,-1383,3210,2084,1312,-505,2714,1956,1517,1513,3730,1756,1375
479516,1,4322,-4065,761,2092,-1385,3214,2086,1311,-502,2717,1958,1524,1510,3729,1758,1377
479516,1,4323,-4064,762,2093,-1382,3212,2084,1311,-506,2716,1955,1522,1512,3730,1759,1376
479516,1,4321,-4064,760,2092,-1384,3208,2084,1312,-506,2714,1956,1522,1508,3732,1759,1379
479516,1,4323,-4065,761,2093,-1381,3211,2081,1312,-503,2717,1959,1520,1510,3731,1759,1378
479516,0,4323,-4065,761,2093,-1381,3211,2081,1312,-503,2717,1959,1520,1510,3731,1759,1378
479516,1,4324,-4066,761,2091,-1384,3207,2085,1312,-505,2716,1956,1518,1511,3732,1758,1378
479516,1,4323,-4064,762,2091,-1382,3212,2081,1312,-505,2717,1956,1521,1511,3730,1755,1378
479516,1,4324,-4065,766,2092,-1384,3215,2084,1313,-506,2715,1955,1522,1507,3732,1759,1379
479516,1,4323,-4066,761,2095,-1383,3211,2083,1309,-503,2713,1956,1522,1511,3730,1756,1378
479516,0,4323,-4066,761,2095,-1383,3211,2083,1309,-503,2713,1956,1522,1511,3730,1756,1378
479516,1,4326,-4064,760,2093,-1383,3210,2085,1311,-502,2715,1957,1520,1511,3732,1760,1378
479516,1,4326,-4067,762,2094,-1383,3213,2084,1313,-505,2717,1957,1522,1507,3731,1759,1379
479516,1,4322,-4064,763,2092,-1384,3214,2084,1308,-504,2717,1953,1519,1512,3733,1757,1378
479516,1,4324,-4065,761,2090,-1383,3210,2082,1313,-503,2716,1958,1521,1508,3730,1757,1377
479516,0,4324,-4065,761,2090,-1383,3210,2082,1313,-503,2716,1958,1521,1508,3730,1757,1377
479516,1,4326,-4065,763,2091,-1380,3212,2083,1310,-504,2714,1955,1521,1509,3732,1758,1380
479516,1,4325,-4066,763,2092,-1383,3211,2085,1311,-503,2713,1960,1520,1512,3732,1758,1381
479516,1,4323,-4065,762,2092,-1383,3212,2087,1313,-507,2716,1959,1524,1511,3732,1759,1380
479516,1,4323,-4063,762,2091,-1382,3211,2081,1314,-504,2716,1959,1520,1512,3733,1761,1381
479516,0,4323,-4063,762,2091,-1382,3211,2081,1314,-504,2716,1959,1520,1512,3733,1761,1381
479516,1,4323,-4065,762,2093,-1383,3209,2083,1313,-505,2713,1955,1521,1511,3733,1762,1381
479516,1,4323,-4064,762,2093,-1386,3209,2085,1313,-507,2716,1955,1522,1511,3730,1759,1379
479516,1,4325,-4063,762,2095,-1384,3213,2084,1311,-508,2714,1957,1523,1510,3733,1761,1378
479516,1,4322,-4066,762,2095,-1381,3210,2083,1312,-503,2714,1955,1521,1513,3733,1759,1383
479516,0,4322,-4066,762,2095,-1381,3210,2083,1312,-503,2714,1955,1521,1513,3733,1759,1383
479516,1,4323,-4066,762,2093,-1381,3208,2087,1312,-506,2714,1956,1522,1514,3730,1759,1379
479516,1,4324,-4066,761,2095,-1382,3211,2082,1311,-504,2716,1957,1525,1512,3732,1761,1380
479516,1,4321,-4065,762,2093,-1384,3213,2085,1312,-506,2717,1955,1521,1510,3732,1759,1381
479516,1,4324,-4064,760,2092,-1383,3211,2084,1314,-504,2715,1956,1521,1512,3732,1759,1381
479516,0,4324,-4064,760,2092,-1383,3211,2084,1314,-504,2715,1956,1521,1512,3732,1759,1381
479516,1,4321,-4064,761,2094,-1383,3210,2087,1311,-507,2717,1957,1520,1509,3732,1760,1381
479516,1,4322,-4066,762,2093,-1382,3214,2085,1313,-505,2716,1959,1519,1510,3731,1760,1381
479516,1,4324,-4067,761,2094,-1383,3211,2084,1314,-507,2716,1953,1522,1509,3731,1761,1381
479516,1,4324,-4064,761,2094,-1381,3212,2086,1313,-506,2716,1956,1522,1509,3729,1762,1380
479516,0,4324,-4064,761,2094,-1381,3212,2086,1313,-506,2716,1956,1522,1509,3729,1762,1380
479516,1,4321,-4068,761,2093,-1384,3208,2085,1310,-505,2715,1955,1520,1509,3733,1760,1380
479516,1,4324,-4067,761,2093,-1382,3209,2082,1315,-504,2716,1958,1523,1514,3732,1761,1381
479516,1,4326,-4065,760,2095,-1385,3215,2084,1313,-503,2713,1957,1523,1509,3731,1760,1382
479516,1,4323,-4066,762,2093,-1383,3213,2084,1312,-504,2716,1957,1520,1510,3733,1764,1384
479516,0,4323,-4066,762,2093,-1383,3213,2084,1312,-504,2716,1957,1520,1510,3733,1764,1384
479516,1,4324,-4064,762,2095,-1383,3207,2082,1314,-507,2717,1956,1521,1511,3729,1761,1382
479516,1,4325,-4064,762,2095,-1382,3213,2085,1311,-505,2713,1955,1520,1512,3733,1761,1382
479516,1,4324,-4067,761,2092,-1388,3214,2086,1312,-503,2718,1958,1523,1515,3728,1763,1382
479516,1,4325,-4065,761,2093,-1386,3212,2084,1311,-504,2714,1959,1520,1510,3731,1762,1382
479516,0,4325,-4065,761,2093,-1386,3212,2084,1311,-504,2714,1959,1520,1510,3731,1762,1382
479516,1,4322,-4069,761,2093,-1382,3211,2087,1311,-506,2717,1955,1521,1512,3731,1762,1383
479516,1,4323,-4064,763,2094,-1386,3210,2086,1312,-505,2715,1955,1523,1511,3731,1760,1383
479516,1,4324,-4063,760,2094,-1383,3211,2082,1314,-505,2713,1957,1524,1512,3734,1764,1384
479516,1,4324,-4067,761,2093,-1387,3215,2083,1314,-505,2715,1959,1521,1510,3733,1761,1382
479516,0,4324,-4067,761,2093,-1387,3215,2083,1314,-505,2715,1959,1521,1510,3733,1761,1382
479516,1,4323,-4065,761,2095,-1382,3212,2085,1312,-505,2716,1957,1521,1509,3735,1764,1383
479516,1,4325,-4065,760,2096,-1382,3210,2084,1315,-506,2714,1958,1522,1510,3733,1761,1382
479516,1,4323,-4063,761,2097,-1381,3211,2082,1312,-505,2716,1955,1521,1509,3733,1762,1382
479516,1,4322,-4064,761,2095,-1384,3213,2086,1311,-507,2716,1955,1523,1513,3732,1762,1385
479516,0,4322,-4064,761,2095,-1384,3213,2086,1311,-507,2716,1955,1523,1513,3732,1762,1385
479516,1,4322,-4065,763,2095,-1383,3209,2083,1314,-503,2715,1955,1520,1511,3735,1763,1383
479516,1,4324,-4068,761,2092,-1385,3211,2083,1314,-502,2716,1957,1522,1510,3732,1759,1382
479516,1,4323,-4066,762,2094,-1386,3214,2085,1312,-507,2716,1957,1522,1512,3733,1762,1384
479516,1,4324,-4065,762,2094,-1383,3211,2084,1315,-506,2714,1957,1521,1511,3730,1762,1382
479516,0,4324,-4065,762,2094,-1383,3211,2084,1315,-506,2714,1957,1521,1511,3730,1762,1382
479516,1,4326,-4065,762,2094,-1385,3210,2086,1312,-503,2714,1955,1520,1511,3734,1766,1382
479516,1,4324,-4064,761,2095,-1384,3209,2083,1313,-507,2713,1958,1522,1510,3732,1763,1386
479516,1,4325,-4064,761,2097,-1384,3210,2083,1313,-505,2716,1959,1523,1512,3732,1763,1383
479516,1,4324,-4065,762,2095,-1383,3214,2085,1312,-503,2716,1957,1520,1511,3732,1762,1384
479516,0,4324,-4065,762,2095,-1383,3214,2085,1312,-503,2716,1957,1520,1511,3732,1762,1384
479516,1,4324,-4065,761,2095,-1385,3212,2084,1313,-503,2714,1958,1522,1511,3730,1763,1384
479516,1,4324,-4065,761,2095,-1380,3210,2085,1311,-507,2716,1957,1521,1509,3733,1764,1385
479516,1,4323,-4066,762,2097,-1385,3209,2085,1312,-506,2715,1955,1520,1509,3733,1763,1384
479516,1,4325,-4065,763,2096,-1383,3213,2083,1314,-505,2714,1955,1526,1512,3735,1762,1386
479516,0,4325,-4065,763,2096,-1383,3213,2083,1314,-505,2714,1955,1526,1512,3735,1762,1386
479516,1,4324,-4065,761,2097,-1386,3209,2085,1313,-506,2715,1958,1521,1512,3734,1763,1384
479516,1,4322,-4063,760,2093,-1383,3211,2084,1312,-507,2714,1956,1524,1508,3733,1764,1383
479516,1,4323,-4064,758,2095,-1382,3214,2086,1314,-503,2714,1953,1521,1513,3732,1763,1383
479516,1,4322,-4064,761,2098,-1385,3212,2085,1316,-502,2717,1957,1522,1510,3732,1761,1384
479516,1,4322,-4064,761,2096,-1381,3212,2086,1310,-506,2716,1958,1521,1508,3730,1765,1386
479516,0,4322,-4064,761,2096,-1381,3212,2086,1310,-506,2716,1958,1521,1508,3730,1765,1386
479516,1,4323,-4066,760,2095,-1384,3209,2086,1313,-506,2712,1954,1522,1510,3734,1766,1385
479516,1,4324,-4065,759,2096,-1379,3210,2085,1311,-505,2716,1957,1523,1511,3733,1766,1387
479516,1,4324,-4065,760,2096,-1385,3213,2085,1314,-504,2716,1957,1519,1509,3733,1763,1384
479516,1,4324,-4067,763,2095,-1382,3213,2085,1313,-505,2715,1959,1521,1512,3733,1765,1384
479516,0,4324,-4067,763,2095,-1382,3213,2085,1313,-505,2715,1959,1521,1512,3733,1765,1384
479516,1,4322,-4064,761,2095,-1382,3207,2085,1313,-507,2713,1958,1521,1510,3732,1766,1387
479516,1,4324,-4065,760,2094,-1385,3214,2085,1313,-505,2714,1960,1522,1513,3732,1765,1385
479516,1,4325,-4065,762,2095,-1384,3211,2084,1311,-505,2715,1958,1520,1512,3732,1766,1387
479516,1,4325,-4063,760,2096,-1383,3209,2083,1314,-505,2714,1955,1522,1510,3732,1766,1385
479516,0,4325,-4063,760,2096,-1383,3209,2083,1314,-505,2714,1955,1522,1510,3732,1766,1385
479516,1,4323,-4065,762,2094,-1381,3209,2086,1315,-507,2714,1953,1522,1514,3734,1763,1386
479516,1,4324,-4065,760,2095,-1387,3209,2085,1315,-505,2717,1960,1524,1509,3733,1766,1386
479516,1,4327,-4065,761,2096,-1382,3211,2087,1312,-502,2714,1955,1521,1510,3731,1766,1386
479516,1,4322,-4065,762,2095,-1382,3213,2084,1313,-504,2716,1956,1522,1511,3732,1763,1386
479516,0,4322,-4065,762,2095,-1382,3213,2084,1313,-504,2716,1956,1522,1511,3732,1763,1386
479516,1,4324,-4066,763,2093,-1381,3212,2086,1314,-506,2715,1955,1523,1510,3731,1767,1386
479516,1,4324,-4064,760,2096,-1381,3209,2084,1312,-503,2715,1955,1522,1509,3731,1766,1384
479516,1,4324,-4064,764,2095,-1383,3212,2084,1315,-503,2716,1955,1522,1509,3733,1765,1386
479517,1,4322,-4062,766,2095,-1385,3213,2084,1314,-506,2714,1957,1523,1510,3737,1764,1388
479517,0,4322,-4062,766,2095,-1385,3213,2084,1314,-506,2714,1957,1523,1510,3737,1764,1388
479517,1,4322,-4062,758,2096,-1382,3207,2085,1314,-504,2714,1961,1519,1513,3733,1766,1386
479517,1,4324,-4064,761,2097,-1384,3210,2084,1314,-505,2713,1958,1525,1512,3733,1766,1385
479517,1,4323,-4068,760,2097,-1383,3214,2087,1312,-504,2716,1956,1523,1512,3733,1766,1387
479517,1,4324,-4065,762,2095,-1382,3211,2085,1314,-503,2715,1957,1521,1509,3734,1766,1385
479517,0,4324,-4065,762,2095,-1382,3211,2085,1314,-503,2715,1957,1521,1509,3734,1766,1385
479517,1,4324,-4065,762,2098,-1384,3213,2085,1311,-506,2715,1955,1523,1511,3733,1766,1387
479517,1,4323,-4067,761,2096,-1381,3211,2084,1312,-507,2716,1955,1527,1511,3733,1767,1387
479517,1,4325,-4063,761,2096,-1384,3210,2085,1312,-505,2714,1957,1520,1509,3731,1766,1386
479517,1,4322,-4065,760,2093,-1382,3211,2086,1313,-504,2716,1956,1523,1508,3731,1766,1387
479517,0,4322,-4065,760,2093,-1382,3211,2086,1313,-504,2716,1956,1523,1508,3731,1766,1387
479517,1,4323,-4065,761,2096,-1383,3214,2085,1313,-507,2713,1954,1525,1510,3732,1766,1387
479517,1,4321,-4065,761,2097,-1383,3209,2087,1312,-505,2713,1955,1522,1511,3733,1766,1387
479517,1,4323,-4067,760,2096,-1383,3209,2084,1316,-504,2716,1958,1522,1510,3732,1765,1386
479517,1,4325,-4064,759,2096,-1383,3212,2085,1312,-504,2717,1958,1522,1509,3733,1766,1390
479517,0,4325,-4064,759,2096,-1383,3212,2085,1312,-504,2717,1958,1522,1509,3733,1766,1390
479517,1,4322,-4064,763,2098,-1382,3213,2086,1313,-505,2718,1957,1523,1509,3730,1767,1386
479517,1,4323,-4065,762,2093,-1383,3208,2083,1315,-504,2715,1955,1523,1512,3731,1765,1387
479517,1,4324,-4063,761,2098,-1382,3208,2084,1315,-505,2714,1958,1522,1513,3733,1766,1387
479517,1,4322,-4066,760,2096,-1384,3210,2085,1310,-506,2716,1957,1520,1509,3733,1769,1388
479517,0,4322,-4066,760,2096,-1384,3210,2085,1310,-506,2716,1957,1520,1509,3733,1769,1388
479517,1,4324,-4063,759,2096,-1383,3211,2086,1316,-507,2715,1957,1524,1509,3732,1766,1388
479517,1,4321,-4066,763,2096,-1381,3213,2084,1313,-505,2715,1958,1523,1512,3731,1768,1389
479517,1,4323,-4067,762,2097,-1382,3209,2085,1312,-503,2714,1955,1520,1510,3733,1765,1387
479517,1,4323,-4064,762,2097,-1381,3208,2086,1314,-505,2714,1956,1523,1508,3732,1767,1389
479517,0,4323,-4064,762,2097,-1381,3208,2086,1314,-505,2714,1956,1523,1508,3732,1767,1389
479517,1,4325,-4064,761,2095,-1383,3212,2085,1314,-507,2713,1956,1520,1509,3732,1769,1386
479517,1,4323,-4065,761,2096,-1383,3211,2084,1315,-505,2714,1960,1522,1508,3733,1768,1389
479517,1,4321,-4065,761,2097,-1382,3209,2086,1315,-505,2715,1957,1522,1510,3732,1768,1389
479517,1,4322,-4067,761,2096,-1384,3210,2084,1314,-504,2715,1957,1521,1512,3734,1766,1391
479517,0,4322,-4067,761,2096,-1384,3210,2084,1314,-504,2715,1957,1521,1512,3734,1766,1391
479517,1,4323,-4063,761,2098,-1383,3214,2086,1317,-503,2713,1954,1524,1511,3733,1767,1389
479517,1,4323,-4064,762,2096,-1382,3214,2083,1314,-504,2714,1957,1523,1508,3731,1767,1389
479517,1,4324,-4065,763,2098,-1387,3212,2085,1313,-505,2715,1957,1521,1510,3732,1766,1390
479517,1,4324,-4066,762,2097,-1386,3209,2086,1314,-504,2716,1957,1523,1510,3731,1767,1388
479517,0,4324,-4066,762,2097,-1386,3209,2086,1314,-504,2716,1957,1523,1510,3731,1767,1388
479517,1,4324,-4066,762,2097,-1384,3210,2085,1314,-506,2715,1957,1523,1509,3733,1770,1388
479517,1,4325,-4065,761,2097,-1383,3214,2086,1312,-505,2713,1953,1522,1510,3731,1767,1389
479517,1,4324,-4065,762,2093,-1380,3212,2085,1315,-505,2717,1956,1523,1509,3732,1769,1392
479517,1,4324,-4065,760,2096,-1386,3210,2084,1312,-507,2713,1957,1523,1510,3733,1769,1390
479517,0,4324,-4065,760,2096,-1386,3210,2084,1312,-507,2713,1957,1523,1510,3733,1769,1390
479517,1,4323,-4066,761,2096,-1383,3213,2087,1315,-509,2716,1957,1524,1507,3733,1768,1389
479517,1,4324,-4063,764,2097,-1386,3210,2085,1316,-506,2716,1957,1523,1510,3731,1767,1389
479517,1,4322,-4066,762,2099,-1378,3207,2084,1314,-507,2714,1955,1522,1507,3731,1769,1389
479517,1,4325,-4065,761,2097,-1387,3213,2085,1316,-505,2714,1955,1525,1509,3731,1769,1389
479517,0,4325,-4065,761,2097,-1387,3213,2085,1316,-505,2714,1955,1525,1509,3731,1769,1389
479517,1,4324,-4063,764,2095,-1384,3212,2085,1315,-508,2713,1958,1526,1511,3732,1769,1391
479517,1,4323,-4065,761,2097,-1381,3212,2085,1314,-505,2712,1958,1522,1509,3733,1768,1393
479517,1,4323,-4066,759,2098,-1382,3214,2085,1315,-507,2714,1959,1523,1510,3733,1770,1391
479517,1,4324,-4065,763,2096,-1383,3210,2085,1319,-505,2713,1955,1523,1510,3733,1769,1390
479517,1,4322,-4063,763,2097,-1384,3211,2086,1314,-505,2713,1956,1522,1510,3730,1771,1392
479517,0,4322,-4063,763,2097,-1384,3211,2086,1314,-505,2713,1956,1522,1510,3730,1771,1392
479517,1,4322,-4063,762,2097,-1381,3212,2084,1315,-506,2713,1958,1522,1510,3735,1768,1394
479517,1,4322,-4062,762,2096,-1383,3212,2086,1317,-504,2714,1957,1523,1511,3732,1769,1393
479517,1,4322,-4062,763,2100,-1380,3208,2084,1315,-504,2716,1956,1524,1508,3732,1767,1394
479517,1,4325,-4065,763,2100,-1386,3212,2085,1317,-507,2714,1956,1526,1511,3734,1768,1391
479517,0,4325,-4065,763,2100,-1386,3212,2085,1317,-507,2714,1956,1526,1511,3734,1768,1391
479517,1,4324,-4065,762,2099,-1379,3213,2085,1316,-507,2712,1956,1524,1511,3733,1769,1389
479517,1,4322,-4064,761,2099,-1383,3209,2084,1314,-506,2713,1956,1521,1508,3731,1769,1394
479517,1,4321,-4066,762,2097,-1382,3211,2086,1316,-504,2713,1958,1527,1511,3734,1771,1393
479517,1,4323,-4066,760,2099,-1383,3208,2084,1318,-507,2711,1953,1525,1510,3733,1771,1391
479517,0,4323,-4066,760,2099,-1383,3208,2084,1318,-507,2711,1953,1525,1510,3733,1771,1391
479517,1,4326,-4064,762,2096,-1384,3210,2086,1313,-503,2713,1959,1522,1510,3732,1770,1394
479517,1,4322,-4067,760,2094,-1379,3213,2084,1316,-504,2715,1955,1526,1509,3735,1768,1391
479517,1,4325,-4064,761,2098,-1385,3212,2083,1316,-505,2714,1959,1525,1509,3733,1770,1389
479517,1,4323,-4067,762,2097,-1381,3208,2085,1314,-503,2712,1958,1523,1509,3735,1772,1391
479517,0,4323,-4067,762,2097,-1381,3208,2085,1314,-503,2712,1958,1523,1509,3735,1772,1391
479517,1,4324,-4067,761,2096,-1384,3210,2086,1317,-506,2716,1957,1523,1510,3733,1771,1391
479517,1,4324,-4067,761,2096,-1382,3213,2085,1314,-504,2715,1959,1524,1511,3735,1771,1392
479517,1,4323,-4066,762,2096,-1387,3209,2084,1318,-505,2715,1958,1525,1510,3736,1772,1393
479517,1,4324,-4065,760,2100,-1387,3211,2084,1315,-505,2715,1955,1525,1512,3734,1771,1394
479517,0,4324,-4065,760,2100,-1387,3211,2084,1315,-505,2715,1955,1525,1512,3734,1771,1394
479517,1,4323,-4065,761,2098,-1382,3212,2085,1316,-507,2715,1957,1523,1510,3734,1770,1393
479517,1,4323,-4065,763,2098,-1386,3210,2086,1312,-506,2714,1957,1523,1508,3735,1770,1392
479517,1,4325,-4065,760,2097,-1382,3212,2085,1315,-504,2716,1955,1526,1509,3732,1769,1393
479517,1,4325,-4065,761,2097,-1385,3210,2086,1314,-505,2714,1957,1520,1508,3731,1770,1395
479517,0,4325,-4065,761,2097,-1385,3210,2086,1314,-505,2714,1957,1520,1508,3731,1770,1395
479517,1,4323,-4067,762,2097,-1381,3208,2086,1314,-505,2714,1956,1526,1511,3734,1770,1392
479517,1,4323,-4065,761,2097,-1388,3212,2087,1315,-506,2712,1959,1526,1511,3733,1771,1394
479517,1,4324,-4064,760,2097,-1381,3211,2082,1314,-505,2713,1957,1526,1507,3732,1769,1393
479517,1,4324,-4063,763,2097,-1384,3208,2084,1316,-506,2715,1957,1523,1508,3734,1772,1394
479517,0,4324,-4063,763,2097,-1384,3208,2084,1316,-506,2715,1957,1523,1508,3734,1772,1394
479517,1,4323,-4065,760,2096,-1382,3210,2083,1318,-506,2713,1955,1524,1508,3733,1771,1396
479517,1,4324,-4067,761,2097,-1381,3213,2083,1318,-505,2717,1955,1522,1508,3733,1770,1393
479517,1,4324,-4066,765,2097,-1382,3208,2086,1318,-505,2715,1958,1526,1508,3733,1770,1394
479517,1,4323,-4065,761,2097,-1381,3213,2086,1320,-506,2715,1956,1526,1507,3735,1770,1392
479517,0,4323,-4065,761,2097,-1381,3213,2086,1320,-506,2715,1956,1526,1507,3735,1770,1392
479517,1,4324,-4065,762,2099,-1385,3209,2086,1315,-506,2713,1955,1523,1509,3732,1773,1395
479517,1,4324,-4065,761,2098,-1382,3212,2086,1314,-504,2714,1957,1525,1506,3733,1774,1394
479517,1,4324,-4065,761,2099,-1384,3213,2087,1316,-506,2713,1955,1524,1511,3733,1775,1393
479517,1,4324,-4064,761,2097,-1386,3211,2086,1311,-504,2714,1957,1523,1512,3734,1772,1395
479517,0,4324,-4064,761,2097,-1386,3211,2086,1311,-504,2714,1957,1523,1512,3734,1772,1395
479517,1,4325,-4064,762,2099,-1382,3210,2084,1320,-505,2716,1957,1525,1509,3733,1773,1394
479517,1,4322,-4065,762,2098,-1382,3213,2082,1313,-505,2713,1957,1525,1509,3734,1773,1393
479517,1,4325,-4066,762,2099,-1384,3213,2087,1315,-504,2714,1959,1524,1509,3732,1776,1393
479517,1,4323,-4066,761,2098,-1383,3211,2082,1317,-504,2711,1954,1525,1512,3733,1773,1394
479517,0,4323,-4066,761,2098,-1383,3211,2082,1317,-504,2711,1954,1525,1512,3733,1773,1394
479517,1,4324,-4065,759,2098,-1381,3206,2085,1313,-505,2714,1955,1524,1509,3732,1774,1395
479517,1,4324,-4063,761,2095,-1385,3213,2086,1318,-505,2713,1955,1526,1510,3732,1773,1394
479517,1,4322,-4066,761,2100,-1383,3211,2084,1317,-506,2715,1957,1527,1511,3736,1774,1396
479517,1,4322,-4066,761,2099,-1382,3212,2085,1315,-505,2712,1955,1524,1508,3734,1772,1395
479517,0,4322,-4066,761,2099,-1382,3212,2085,1315,-505,2712,1955,1524,1508,3734,1772,1395
479517,1,4324,-4067,760,2101,-1381,3212,2086,1318,-504,2717,1955,1524,1509,3734,1771,1395
479517,1,4322,-4066,761,2098,-1381,3208,2086,1314,-505,2713,1957,1525,1513,3735,1772,1395
479517,1,4324,-4063,761,2097,-1385,3213,2086,1314,-505,2711,1957,1523,1511,3734,1772,1394
479517,1,4325,-4065,762,2096,-1383,3211,2084,1316,-504,2714,1957,1523,1511,3735,1771,1395
479517,0,4325,-4065,762,2096,-1383,3211,2084,1316,-504,2714,1957,1523,1511,3735,1771,1395
479517,1,4324,-4066,762,2096,-1383,3209,2085,1315,-505,2714,1957,1526,1511,3733,1772,1396
479517,1,4322,-4064,761,2098,-1378,3210,2083,1315,-507,2713,1957,1526,1507,3733,1771,1397
479517,1,4321,-4065,761,2097,-1383,3213,2083,1317,-505,2716,1954,1525,1510,3732,1772,1396
479517,1,4321,-4066,760,2098,-1381,3213,2086,1316,-506,2715,1954,1525,1509,3731,1773,1395
479517,0,4321,-4066,760,2098,-1381,3213,2086,1316,-506,2715,1954,1525,1509,3731,1773,1395
479517,1,4324,-4066,761,2099,-1383,3209,2082,1317,-504,2713,1958,1524,1507,3733,1772,1395
479517,1,4323,-4063,760,2099,-1383,3210,2083,1316,-505,2713,1959,1526,1508,3731,1773,1397
479517,1,4326,-4065,763,2100,-1384,3211,2084,1319,-507,2713,1957,1525,1511,3735,1776,1396
479517,1,4324,-4064,761,2100,-1384,3213,2086,1313,-505,2712,1956,1525,1509,3735,1774,1396
479517,1,4325,-4066,762,2099,-1380,3207,2085,1318,-507,2714,1957,1526,1508,3734,1774,1398
479517,0,4325,-4066,762,2099,-1380,3207,2085,1318,-507,2714,1957,1526,1508,3734,1774,1398
479517,1,4324,-4066,762,2095,-1382,3210,2084,1316,-505,2714,1957,1526,1510,3734,1775,1398
479517,1,4323,-4064,761,2096,-1379,3211,2085,1315,-507,2716,1956,1526,1508,3734,1775,1395
479517,1,4321,-4064,761,2097,-1383,3214,2085,1318,-505,2714,1958,1526,1514,3734,1776,1398
479517,1,4323,-4067,762,2097,-1382,3210,2082,1316,-506,2716,1955,1525,1509,3734,1773,1395
479517,0,4323,-4067,762,2097,-1382,3210,2082,1316,-506,2716,1955,1525,1509,3734,1773,1395
479517,1,4326,-4063,763,2097,-1385,3207,2085,1314,-505,2716,1955,1525,1508,3733,1773,1397
479517,1,4325,-4063,762,2097,-1378,3212,2084,1316,-507,2717,1955,1525,1512,3735,1775,1398
479517,1,4321,-4068,760,2100,-1384,3212,2084,1317,-506,2716,1958,1524,1513,3735,1775,1396
479517,1,4323,-4065,763,2098,-1382,3213,2085,1315,-505,2713,1955,1526,1510,3735,1773,1396
479517,0,4323,-4065,763,2098,-1382,3213,2085,1315,-505,2713,1955,1526,1510,3735,1773,1396
479517,1,4323,-4067,758,2097,-1382,3214,2085,1317,-505,2714,1956,1526,1508,3733,1774,1398
479517,1,4324,-4063,764,2099,-1380,3210,2083,1319,-506,2713,1954,1523,1510,3735,1776,1397
479517,1,4324,-4064,762,2099,-1384,3212,2083,1316,-507,2714,1956,1525,1509,3734,1774,1397
479517,1,4323,-4061,763,2096,-1386,3211,2084,1318,-505,2714,1957,1527,1510,3736,1772,1395
479517,0,4323,-4061,763,2096,-1386,3211,2084,1318,-505,2714,1957,1527,1510,3736,1772,1395
479517,1,4325,-4065,760,2098,-1383,3210,2086,1317,-506,2713,1958,1525,1510,3734,1773,1395
479517,1,4325,-4064,761,2099,-1386,3209,2083,1315,-504,2716,1959,1523,1511,3736,1775,1397
479517,1,4321,-4067,760,2099,-1384,3213,2086,1318,-504,2714,1957,1526,1507,3739,1775,1398
479517,1,4324,-4065,764,2099,-1382,3213,2086,1314,-506,2711,1957,1526,1508,3736,1777,1394
479517,0,4324,-4065,764,2099,-1382,3213,2086,1314,-506,2711,1957,1526,1508,3736,1777,1394
479517,1,4323,-4063,761,2100,-1382,3210,2085,1318,-505,2713,1957,1526,1509,3735,1776,1396
479517,1,4324,-4065,761,2101,-1387,3209,2086,1317,-503,2710,1958,1525,1509,3736,1776,1396
479517,1,4325,-4066,761,2099,-1383,3208,2084,1317,-507,2714,1954,1526,1510,3735,1775,1399
479517,1,4325,-4065,762,2099,-1382,3211,2086,1315,-506,2715,1954,1524,1512,3735,1776,1397
479517,0,4325,-4065,762,2099,-1382,3211,2086,1315,-506,2715,1954,1524,1512,3735,1776,1397
479517,1,4326,-4064,763,2100,-1381,3213,2082,1316,-503,2713,1956,1526,1509,3734,1776,1397
479517,1,4323,-4063,760,2098,-1379,3208,2085,1317,-506,2717,1957,1526,1506,3735,1778,1396
479517,1,4324,-4066,763,2098,-1384,3209,2084,1314,-506,2714,1957,1526,1508,3737,1775,1395
479517,1,4324,-4062,760,2098,-1382,3215,2083,1318,-506,2712,1957,1526,1507,3735,1776,1395
479517,0,4324,-4062,760,2098,-1382,3215,2083,1318,-506,2712,1957,1526,1507,3735,1776,1395
479517,1,4323,-4064,762,2096,-1382,3208,2085,1317,-506,2716,1957,1528,1511,3736,1778,1396
479517,1,4326,-4063,755,2097,-1383,3211,2083,1314,-506,2712,1951,1525,1509,3736,1776,1397
479517,1,4327,-4064,745,2099,-1383,3210,2079,1314,-505,2708,1948,1526,1508,3735,1776,1395
479517,1,4326,-4065,738,2093,-1383,3206,2080,1313,-504,2709,1944,1529,1511,3734,1774,1396
479517,0,4326,-4065,738,2093,-1383,3206,2080,1313,-504,2709,1944,1529,1511,3734,1774,1396
479517,1,4328,-4062,729,2093,-1381,3200,2077,1314,-507,2702,1938,1527,1507,3731,1776,1395
479517,1,4326,-4063,718,2087,-1382,3198,2077,1314,-502,2692,1937,1529,1508,3729,1775,1398
479517,1,4327,-4063,710,2083,-1381,3189,2076,1316,-501,2690,1931,1530,1509,3727,1775,1395
479517,1,4326,-4060,703,2083,-1382,3180,2076,1316,-503,2688,1929,1531,1507,3725,1778,1396
479517,0,4326,-4060,703,2083,-1382,3180,2076,1316,-503,2688,1929,1531,1507,3725,1778,1396
479517,1,4326,-4057,693,2075,-1381,3171,2078,1318,-503,2684,1925,1528,1509,3717,1777,1396
479517,1,4324,-4052,683,2072,-1380,3156,2080,1317,-498,2678,1920,1530,1508,3712,1778,1397
479517,1,4324,-4053,678,2061,-1378,3145,2085,1316,-498,2673,1916,1530,1507,3698,1777,1398
479517,1,4320,-4048,669,2056,-1377,3139,2085,1311,-498,2669,1916,1529,1508,3685,1777,1394
479517,0,4320,-4048,669,2056,-1377,3139,2085,1311,-498,2669,1916,1529,1508,3685,1777,1394
479517,1,4322,-4047,661,2053,-1371,3142,2082,1309,-497,2660,1912,1531,1507,3672,1775,1395
479517,1,4323,-4046,662,2027,-1367,3139,2085,1307,-499,2656,1912,1533,1507,3658,1776,1394
479517,1,4324,-4037,655,1987,-1359,3109,2107,1302,-496,2651,1908,1537,1505,3638,1777,1397
479517,1,4326,-4038,626,1954,-1345,3069,2145,1316,-500,2655,1904,1532,1505,3619,1776,1394
479517,0,4326,-4038,626,1954,-1345,3069,2145,1316,-500,2655,1904,1532,1505,3619,1776,1394
479517,1,4328,-4036,591,1920,-1340,3025,2153,1349,-497,2659,1898,1529,1508,3596,1778,1391
479517,1,4327,-4037,549,1883,-1334,2979,2141,1330,-492,2660,1898,1528,1508,3571,1777,1390
479517,1,4326,-4041,501,1847,-1320,2917,2129,1307,-490,2651,1907,1530,1505,3544,1776,1388
479517,1,4325,-4037,448,1804,-1306,2845,2118,1278,-492,2638,1910,1538,1508,3517,1776,1383
479517,0,4325,-4037,448,1804,-1306,2845,2118,1278,-492,2638,1910,1538,1508,3517,1776,1383
479517,1,4328,-4041,396,1760,-1294,2782,2095,1255,-494,2621,1889,1551,1507,3487,1776,1374
479517,1,4326,-4042,355,1714,-1279,2708,2093,1238,-491,2603,1873,1547,1508,3452,1778,1371
479517,1,4326,-4045,316,1663,-1266,2631,2092,1222,-492,2573,1855,1533,1502,3418,1774,1374
479517,1,4325,-4041,289,1612,-1254,2566,2088,1202,-490,2532,1835,1513,1503,3381,1776,1371
479517,0,4325,-4041,289,1612,-1254,2566,2088,1202,-490,2532,1835,1513,1503,3381,1776,1371
479517,1,4327,-4044,251,1560,-1243,2497,2094,1180,-489,2485,1815,1492,1505,3341,1777,1360
479517,1,4328,-4044,204,1510,-1224,2427,2103,1163,-492,2433,1790,1474,1507,3301,1774,1347
479517,1,4326,-4042,150,1458,-1205,2359,2104,1144,-490,2385,1764,1456,1507,3260,1773,1331
479517,1,4327,-4046,90,1401,-1189,2282,2107,1125,-490,2333,1744,1440,1506,3215,1775,1319
479517,0,4327,-4046,90,1401,-1189,2282,2107,1125,-490,2333,1744,1440,1506,3215,1775,1319
479517,1,4326,-4044,31,1345,-1171,2199,2101,1106,-487,2281,1721,1422,1505,3176,1779,1305
479517,1,4326,-4048,-30,1286,-1156,2111,2091,1082,-487,2240,1682,1405,1505,3130,1776,1288
479517,1,4325,-4058,-88,1239,-1141,2022,2082,1060,-488,2207,1645,1386,1507,3088,1777,1262
479517,1,4326,-4054,-144,1176,-1126,1935,2074,1040,-487,2186,1589,1368,1511,3046,1775,1244
479517,1,4325,-4056,-189,1119,-1117,1850,2071,1018,-488,2162,1549,1349,1510,3003,1776,1235
479517,0,4325,-4056,-189,1119,-1117,1850,2071,1018,-488,2162,1549,1349,1510,3003,1776,1235
479517,1,4325,-4054,-232,1070,-1095,1766,2067,1000,-486,2131,1531,1330,1505,2960,1776,1235
479517,1,4326,-4056,-278,1018,-1077,1690,2064,975,-484,2094,1536,1312,1500,2917,1774,1218
479517,1,4324,-4060,-326,965,-1059,1614,2064,954,-484,2053,1546,1295,1501,2874,1776,1196
479517,1,4324,-4062,-377,914,-1045,1543,2065,932,-484,2025,1521,1281,1505,2829,1778,1178
479517,0,4324,-4062,-377,914,-1045,1543,2065,932,-484,2025,1521,1281,1505,2829,1778,1178
479517,1,4323,-4062,-429,859,-1028,1461,2063,913,-483,1988,1493,1272,1507,2784,1775,1162
479517,1,4324,-4063,-477,814,-1012,1389,2054,894,-480,1945,1467,1256,1508,2738,1776,1136
479517,1,4322,-4066,-527,766,-1002,1316,2047,871,-482,1899,1437,1236,1505,2694,1775,1094
479517,1,4322,-4070,-574,716,-988,1243,2046,850,-481,1856,1414,1221,1509,2656,1775,1064
479517,0,4322,-4070,-574,716,-988,1243,2046,850,-481,1856,1414,1221,1509,2656,1775,1064
479518,1,4322,-4073,-619,671,-975,1177,2041,830,-482,1808,1390,1205,1512,2619,1776,1049
479518,1,4320,-4069,-652,632,-959,1108,2036,812,-482,1764,1363,1188,1509,2579,1778,1044
479518,1,4320,-4082,-685,594,-949,1045,2034,794,-480,1725,1341,1176,1503,2538,1774,1043
479518,1,4319,-4093,-721,556,-931,985,2029,777,-479,1689,1313,1159,1504,2499,1778,1031
479518,0,4319,-4093,-721,556,-931,985,2029,777,-479,1689,1313,1159,1504,2499,1778,1031
479518,1,4316,-4103,-758,517,-921,928,2030,758,-477,1655,1289,1147,1500,2459,1777,1018
479518,1,4315,-4107,-795,484,-911,869,2026,739,-475,1619,1272,1131,1503,2413,1775,999
479518,1,4316,-4115,-821,450,-899,817,2018,726,-475,1587,1249,1121,1505,2370,1777,979
479518,1,4316,-4122,-851,417,-891,762,2010,713,-475,1557,1231,1109,1507,2327,1776,957
479518,0,4316,-4122,-851,417,-891,762,2010,713,-475,1557,1231,1109,1507,2327,1776,957
479518,1,4312,-4125,-877,390,-884,718,2013,700,-477,1532,1210,1093,1507,2283,1777,935
479518,1,4312,-4122,-900,362,-873,672,2014,686,-475,1509,1192,1081,1505,2241,1777,920
479518,1,4314,-4121,-918,340,-865,635,2009,674,-473,1488,1177,1071,1510,2200,1776,904
479518,1,4310,-4118,-944,316,-858,595,2008,663,-471,1461,1160,1058,1508,2160,1774,888
479518,0,4310,-4118,-944,316,-858,595,2008,663,-471,1461,1160,1058,1508,2160,1774,888
479518,1,4310,-4120,-964,294,-848,559,2006,651,-473,1443,1145,1048,1507,2123,1776,873
479518,1,4307,-4118,-985,276,-841,530,2001,641,-471,1416,1132,1039,1511,2086,1776,856
479518,1,4308,-4117,-1001,259,-834,496,2001,630,-474,1395,1120,1028,1506,2050,1774,841
479518,1,4310,-4118,-1012,240,-829,469,1998,624,-470,1367,1110,1018,1507,2010,1775,825
479518,0,4310,-4118,-1012,240,-829,469,1998,624,-470,1367,1110,1018,1507,2010,1775,825
479518,1,4305,-4118,-1026,223,-823,439,1999,615,-469,1351,1096,1012,1509,1975,1774,808
479518,1,4305,-4119,-1039,206,-820,413,1996,606,-467,1332,1083,1000,1509,1940,1773,790
479518,1,4302,-4115,-1045,193,-816,390,1995,601,-468,1319,1074,995,1511,1909,1776,775
479518,1,4301,-4119,-1057,181,-812,366,1994,594,-465,1301,1064,986,1508,1875,1774,757
479518,0,4301,-4119,-1057,181,-812,366,1994,594,-465,1301,1064,986,1508,1875,1774,757
479518,1,4301,-4119,-1061,170,-803,345,1991,588,-465,1289,1055,977,1508,1844,1773,740
479518,1,4295,-4115,-1067,159,-802,331,1991,581,-466,1275,1045,972,1512,1815,1775,728
479518,1,4296,-4118,-1070,151,-797,312,1989,574,-466,1264,1037,967,1512,1789,1775,714
479518,1,4298,-4118,-1077,143,-797,297,1988,569,-465,1257,1028,959,1512,1756,1775,700
479518,0,4298,-4118,-1077,143,-797,297,1988,569,-465,1257,1028,959,1512,1756,1775,700
479518,1,4297,-4115,-1082,133,-793,287,1988,566,-463,1243,1020,957,1512,1728,1775,689
479518,1,4295,-4120,-1083,126,-793,273,1987,564,-461,1232,1017,951,1512,1697,1773,673
479518,1,4295,-4118,-1088,120,-791,262,1986,559,-461,1216,1014,945,1511,1665,1773,662
479518,1,4295,-4118,-1091,117,-784,253,1987,556,-461,1209,1012,943,1512,1638,1774,648
479518,0,4295,-4118,-1091,117,-784,253,1987,556,-461,1209,1012,943,1512,1638,1774,648
479518,1,4293,-4117,-1098,112,-782,243,1985,554,-461,1193,1006,938,1513,1608,1773,638
479518,1,4292,-4118,-1098,105,-780,237,1987,551,-464,1181,1002,933,1514,1584,1774,623
479518,1,4292,-4117,-1101,102,-776,229,1986,551,-460,1170,996,930,1513,1558,1773,607
479518,1,4292,-4117,-1103,100,-774,224,1983,545,-460,1164,991,926,1515,1536,1775,595
479518,0,4292,-4117,-1103,100,-774,224,1983,545,-460,1164,991,926,1515,1536,1775,595
479518,1,4294,-4117,-1104,98,-773,221,1985,541,-459,1157,990,920,1514,1515,1775,583
479518,1,4293,-4118,-1106,94,-773,215,1983,542,-458,1149,986,919,1512,1495,1775,570
479518,1,4292,-4114,-1107,91,-772,211,1983,541,-458,1141,983,917,1515,1479,1776,563
479518,1,4289,-4117,-1109,86,-769,207,1984,537,-454,1136,978,916,1512,1458,1775,546
479518,0,4289,-4117,-1109,86,-769,207,1984,537,-454,1136,978,916,1512,1458,1775,546
479518,1,4293,-4116,-1109,87,-768,200,1985,539,-457,1133,974,914,1514,1440,1772,537
479518,1,4292,-4116,-1112,83,-766,198,1985,536,-456,1127,972,911,1510,1423,1774,526
479518,1,4292,-4115,-1112,82,-767,197,1984,534,-457,1125,972,907,1514,1405,1775,515
479518,1,4292,-4117,-1114,80,-765,196,1985,537,-459,1120,969,905,1513,1391,1776,504
479518,0,4292,-4117,-1114,80,-765,196,1985,537,-459,1120,969,905,1513,1391,1776,504
479518,1,4291,-4119,-1112,81,-764,193,1982,537,-454,1115,972,904,1514,1373,1776,495
479518,1,4290,-4116,-1114,81,-765,195,1982,536,-455,1111,970,905,1514,1360,1776,488
479518,1,4292,-4117,-1113,80,-763,190,1983,532,-453,1103,966,905,1514,1347,1776,479
479518,1,4290,-4119,-1113,76,-765,188,1983,529,-453,1097,966,903,1517,1335,1776,470
479518,0,4290,-4119,-1113,76,-765,188,1983,529,-453,1097,966,903,1517,1335,1776,470
479518,1,4291,-4115,-1118,77,-766,189,1983,532,-452,1094,966,901,1516,1323,1776,462
479518,1,4290,-4118,-1115,79,-763,185,1981,531,-455,1090,968,900,1514,1314,1775,455
479518,1,4292,-4119,-1114,77,-763,183,1983,528,-452,1088,966,898,1517,1303,1773,446
479518,1,4289,-4116,-1116,76,-763,185,1980,530,-453,1087,963,893,1514,1293,1772,436
479518,1,4294,-4116,-1116,74,-762,182,1981,526,-451,1081,963,894,1514,1283,1773,430
479518,0,4294,-4116,-1116,74,-762,182,1981,526,-451,1081,963,894,1514,1283,1773,430
479518,1,4291,-4117,-1118,74,-763,182,1981,531,-452,1082,963,893,1516,1274,1773,426
479518,1,4291,-4117,-1116,71,-763,177,1981,526,-452,1079,963,894,1517,1268,1776,416
479518,1,4290,-4116,-1118,74,-762,178,1980,527,-451,1075,960,893,1515,1260,1774,409
479518,1,4290,-4116,-1117,73,-763,178,1980,526,-451,1072,960,892,1516,1254,1773,403
479518,0,4290,-4116,-1117,73,-763,178,1980,526,-451,1072,960,892,1516,1254,1773,403
479518,1,4291,-4118,-1121,71,-759,176,1981,525,-448,1076,959,889,1517,1248,1773,395
479518,1,4291,-4117,-1119,72,-763,177,1980,527,-448,1072,958,888,1514,1243,1772,388
479518,1,4288,-4116,-1120,71,-761,179,1981,524,-448,1068,958,890,1513,1235,1774,382
479518,1,4291,-4117,-1117,71,-764,179,1981,523,-451,1066,958,889,1514,1230,1776,377
479518,0,4291,-4117,-1117,71,-764,179,1981,523,-451,1066,958,889,1514,1230,1776,377
479518,1,4292,-4118,-1119,68,-759,173,1980,525,-452,1066,957,887,1518,1227,1773,372
479518,1,4289,-4118,-1120,70,-761,177,1981,523,-448,1066,958,887,1514,1221,1773,364
479518,1,4290,-4118,-1119,70,-759,177,1979,523,-449,1063,955,885,1514,1219,1774,358
479518,1,4289,-4118,-1120,69,-758,176,1980,523,-448,1063,955,884,1514,1215,1773,356
479518,0,4289,-4118,-1120,69,-758,176,1980,523,-448,1063,955,884,1514,1215,1773,356
479518,1,4289,-4116,-1120,70,-759,173,1976,522,-449,1062,954,886,1516,1212,1773,347
479518,1,4289,-4118,-1120,68,-756,172,1976,523,-450,1060,954,883,1517,1208,1772,342
479518,1,4289,-4117,-1120,71,-758,169,1976,519,-449,1058,955,882,1514,1204,1774,339
479518,1,4290,-4116,-1120,69,-758,173,1978,521,-447,1057,956,883,1516,1201,1773,335
479518,0,4290,-4116,-1120,69,-758,173,1978,521,-447,1057,956,883,1516,1201,1773,335
479518,1,4290,-4116,-1122,68,-758,171,1977,519,-449,1058,952,881,1515,1198,1774,330
479518,1,4294,-4117,-1120,67,-757,169,1976,520,-449,1056,951,880,1514,1191,1774,325
479518,1,4290,-4115,-1121,70,-758,171,1979,519,-449,1057,949,880,1515,1192,1772,321
479518,1,4290,-4115,-1123,67,-756,171,1978,516,-447,1053,953,880,1517,1188,1772,317
479518,0,4290,-4115,-1123,67,-756,171,1978,516,-447,1053,953,880,1517,1188,1772,317
479518,1,4288,-4117,-1120,67,-756,170,1979,519,-449,1054,951,877,1517,1188,1770,313
479518,1,4288,-4113,-1122,66,-759,170,1978,515,-448,1051,951,876,1515,1186,1773,310
479518,1,4288,-4118,-1121,66,-757,169,1974,520,-448,1053,951,877,1518,1184,1771,306
479518,1,4287,-4119,-1121,68,-757,167,1979,516,-446,1050,949,877,1521,1184,1774,303
479518,0,4287,-4119,-1121,68,-757,167,1979,516,-446,1050,949,877,1521,1184,1774,303
479518,1,4288,-4115,-1121,67,-755,169,1976,517,-448,1051,949,872,1519,1184,1773,299
479518,1,4289,-4115,-1122,68,-755,169,1974,517,-449,1050,950,876,1517,1181,1773,294
479518,1,4288,-4115,-1119,65,-757,167,1975,516,-448,1049,950,874,1517,1181,1772,292
479518,1,4289,-4113,-1122,67,-756,166,1973,514,-449,1047,950,873,1514,1178,1771,288
479518,1,4291,-4117,-1119,66,-757,168,1972,516,-451,1042,947,872,1518,1177,1772,287
479518,0,4291,-4117,-1119,66,-757,168,1972,516,-451,1042,947,872,1518,1177,1772,287
479518,1,4289,-4118,-1120,66,-759,167,1975,514,-446,1043,947,871,1515,1176,1774,284
479518,1,4289,-4115,-1121,68,-758,163,1976,512,-448,1040,948,871,1514,1177,1772,281
479518,1,4289,-4116,-1119,68,-755,162,1972,513,-447,1044,943,873,1517,1174,1773,278
479518,0,4289,-4116,-1119,68,-755,162,1972,513,-447,1044,943,873,1517,1174,1773,278
479518,1,4289,-4114,-1122,65,-755,163,1973,512,-449,1042,945,871,1516,1172,1774,274
479518,1,4292,-4115,-1122,67,-755,163,1974,514,-445,1039,950,868,1516,1169,1773,270
479518,1,4291,-4115,-1121,66,-754,162,1973,512,-448,1041,948,870,1515,1168,1772,267
479518,1,4289,-4119,-1124,66,-754,165,1973,511,-447,1039,945,869,1516,1169,1773,265
479518,0,4289,-4119,-1124,66,-754,165,1973,511,-447,1039,945,869,1516,1169,1773,265
479518,1,4290,-4116,-1122,65,-755,166,1974,515,-447,1039,948,867,1518,1167,1773,262
479518,1,4290,-4115,-1122,64,-755,163,1973,514,-447,1035,944,865,1518,1164,1773,263
479518,1,4288,-4116,-1123,64,-755,165,1971,511,-446,1036,945,868,1515,1164,1773,258
479518,1,4289,-4116,-1124,63,-756,161,1971,510,-446,1037,944,866,1518,1164,1771,256
479518,0,4289,-4116,-1124,63,-756,161,1971,510,-446,1037,944,866,1518,1164,1771,256
479518,1,4288,-4116,-1125,62,-755,164,1972,511,-445,1037,941,865,1516,1164,1771,253
479518,1,4288,-4116,-1123,66,-756,160,1974,508,-448,1036,942,865,1515,1161,1772,253
479518,1,4289,-4116,-1123,66,-751,162,1973,511,-444,1036,944,865,1514,1160,1772,251
479518,1,4291,-4116,-1122,65,-756,161,1971,509,-446,1032,941,867,1517,1160,1772,251
479518,0,4291,-4116,-1122,65,-756,161,1971,509,-446,1032,941,867,1517,1160,1772,251
479518,1,4287,-4115,-1124,65,-755,159,1973,507,-446,1032,941,865,1514,1159,1774,247
479518,1,4288,-4113,-1124,65,-753,160,1973,510,-445,1033,943,863,1517,1159,1772,244
479518,1,4290,-4116,-1124,66,-752,157,1972,509,-445,1031,940,861,1519,1157,1773,242
479518,1,4290,-4114,-1125,65,-753,159,1969,508,-445,1030,942,864,1515,1156,1771,242
479518,0,4290,-4114,-1125,65,-753,159,1969,508,-445,1030,942,864,1515,1156,1771,242
479518,1,4289,-4114,-1123,65,-751,158,1973,505,-448,1029,939,862,1515,1155,1772,238
479518,1,4289,-4115,-1123,67,-753,156,1970,508,-441,1031,939,862,1516,1155,1771,236
479518,1,4287,-4112,-1125,65,-753,159,1972,507,-446,1030,941,864,1514,1155,1771,235
479518,1,4289,-4118,-1123,62,-754,157,1970,509,-445,1032,937,861,1514,1153,1772,234
479518,1,4291,-4116,-1128,64,-753,158,1971,508,-444,1030,937,863,1514,1154,1770,234
479518,0,4291,-4116,-1128,64,-753,158,1971,508,-444,1030,937,863,1514,1154,1770,234
479518,1,4290,-4117,-1124,62,-754,158,1970,504,-444,1029,941,859,1519,1152,1772,228
479518,1,4290,-4115,-1124,65,-752,157,1971,505,-443,1028,940,862,1520,1151,1772,228
479518,1,4288,-4115,-1128,63,-751,158,1970,506,-443,1025,937,860,1515,1150,1772,228
479518,1,4287,-4115,-1125,65,-753,156,1971,507,-442,1025,938,859,1515,1149,1770,227
479518,0,4287,-4115,-1125,65,-753,156,1971,507,-442,1025,938,859,1515,1149,1770,227
479518,1,4287,-4114,-1125,65,-751,156,1973,507,-443,1023,935,858,1516,1147,1772,223
479518,1,4287,-4113,-1126,63,-752,155,1972,505,-443,1023,937,857,1515,1147,1769,222
479518,1,4287,-4115,-1125,62,-753,156,1971,506,-441,1024,937,858,1518,1147,1771,221
479518,1,4288,-4114,-1126,62,-752,157,1967,503,-443,1024,936,858,1517,1145,1774,220
479518,0,4288,-4114,-1126,62,-752,157,1967,503,-443,1024,936,858,1517,1145,1774,220
479518,1,4285,-4114,-1126,62,-750,155,1967,507,-442,1023,938,857,1517,1143,1772,218
479518,1,4290,-4115,-1127,61,-752,154,1969,506,-444,1023,938,859,1517,1144,1771,217
479518,1,4290,-4113,-1127,62,-752,155,1970,504,-443,1023,934,854,1515,1143,1772,216
479518,1,4289,-4117,-1126,63,-752,156,1971,505,-443,1023,936,854,1518,1142,1771,218
479518,0,4289,-4117,-1126,63,-752,156,1971,505,-443,1023,936,854,1518,1142,1771,218
479518,1,4286,-4113,-1127,61,-751,152,1970,503,-442,1021,936,855,1518,1144,1768,214
479518,1,4290,-4114,-1127,62,-751,155,1969,503,-440,1021,936,855,1517,1140,1772,216
479518,1,4290,-4117,-1127,60,-751,156,1968,505,-442,1022,935,854,1516,1142,1771,211
479518,1,4289,-4113,-1124,63,-750,156,1972,502,-441,1020,934,852,1518,1139,1772,212
479518,0,4289,-4113,-1124,63,-750,156,1972,502,-441,1020,934,852,1518,1139,1772,212
479518,1,4289,-4113,-1125,60,-750,154,1970,504,-444,1020,933,854,1517,1142,1772,209
479518,1,4290,-4117,-1127,60,-753,155,1969,505,-442,1019,932,853,1515,1137,1771,209
479518,1,4288,-4115,-1129,62,-753,156,1969,504,-441,1023,931,852,1514,1139,1773,207
479518,1,4288,-4114,-1128,63,-751,154,1970,504,-442,1020,933,854,1516,1137,1772,207
479518,0,4288,-4114,-1128,63,-751,154,1970,504,-442,1020,933,854,1516,1137,1772,207
479518,1,4288,-4115,-1126,63,-750,153,1968,503,-438,1019,932,854,1517,1135,1771,206
479518,1,4288,-4116,-1128,61,-749,154,1969,501,-440,1020,933,853,1516,1135,1769,209
479518,1,4287,-4113,-1128,62,-752,156,1967,503,-441,1019,929,850,1515,1136,1769,206
479518,1,4288,-4116,-1127,60,-753,155,1970,502,-442,1018,933,850,1517,1134,1769,204
479518,0,4288,-4116,-1127,60,-753,155,1970,502,-442,1018,933,850,1517,1134,1769,204
479518,1,4287,-4115,-1128,61,-751,156,1968,504,-440,1015,932,849,1515,1134,1771,207
479518,1,4288,-4114,-1125,61,-751,152,1968,502,-442,1016,932,849,1518,1132,1770,202
479518,1,4287,-4113,-1125,59,-751,156,1967,502,-441,1016,932,851,1514,1133,1770,202
479518,1,4289,-4114,-1127,61,-750,151,1968,504,-441,1015,929,848,1517,1130,1770,203
479518,0,4289,-4114,-1127,61,-750,151,1968,504,-441,1015,929,848,1517,1130,1770,203
479518,1,4290,-4114,-1126,59,-750,152,1968,502,-439,1015,931,847,1516,1130,1769,203
479518,1,4287,-4115,-1128,58,-750,153,1969,502,-441,1016,929,850,1515,1132,1768,202
479518,1,4291,-4116,-1125,60,-748,150,1967,501,-440,1014,928,847,1517,1131,1769,201
479518,1,4288,-4113,-1128,61,-748,150,1968,501,-441,1015,929,849,1517,1127,1771,199
479518,0,4288,-4113,-1128,61,-748,150,1968,501,-441,1015,929,849,1517,1127,1771,199
479518,1,4289,-4112,-1127,62,-748,152,1967,501,-441,1014,930,849,1516,1128,1770,197
479518,1,4291,-4115,-1126,60,-750,152,1968,498,-441,1015,931,847,1517,1127,1770,196
479518,1,4289,-4114,-1128,60,-749,150,1968,502,-443,1012,927,847,1515,1130,1769,196
479518,1,4289,-4115,-1126,60,-750,149,1969,501,-439,1013,929,848,1517,1125,1769,196
479518,0,4289,-4115,-1126,60,-750,149,1969,501,-439,1013,929,848,1517,1125,1769,196
479518,1,4285,-4113,-1128,61,-750,148,1967,502,-440,1013,929,849,1518,1126,1771,196
479518,1,4287,-4114,-1129,59,-750,153,1967,502,-438,1013,928,846,1518,1126,1770,195
479518,1,4285,-4115,-1128,60,-746,149,1965,502,-441,1013,925,845,1515,1124,1766,195
479518,1,4288,-4113,-1128,61,-747,150,1967,502,-441,1012,927,843,1517,1125,1768,194
479518,0,4288,-4113,-1128,61,-747,150,1967,502,-441,1012,927,843,1517,1125,1768,194
479518,1,4287,-4115,-1126,61,-748,151,1967,498,-441,1010,929,849,1515,1123,1770,194
479518,1,4288,-4115,-1127,59,-749,153,1966,500,-438,1011,925,845,1517,1123,1771,192
479518,1,4290,-4116,-1129,59,-748,150,1967,502,-439,1010,930,843,1516,1125,1770,192
479518,1,4285,-4113,-1127,61,-749,152,1967,501,-441,1015,927,844,1518,1123,1769,193
479518,0,4285,-4113,-1127,61,-749,152,1967,501,-441,1015,927,844,1518,1123,1769,193
479518,1,4287,-4116,-1128,60,-748,148,1966,501,-437,1011,925,844,1518,1122,1767,193
479518,1,4288,-4117,-1128,60,-748,151,1968,498,-439,1009,928,844,1519,1121,1767,191
479518,1,4287,-4116,-1129,58,-749,150,1966,501,-436,1011,928,844,1516,1121,1768,190
479518,1,4288,-4113,-1128,60,-747,150,1968,499,-438,1011,927,843,1520,1122,1767,189
479518,0,4288,-4113,-1128,60,-747,150,1968,499,-438,1011,927,843,1520,1122,1767,189
479518,1,4288,-4115,-1129,60,-749,149,1966,502,-435,1011,925,843,1517,1116,1770,188
479518,1,4290,-4116,-1129,58,-747,150,1969,501,-437,1009,926,845,1515,1120,1768,188
479518,1,4287,-4115,-1131,59,-749,152,1966,500,-436,1009,926,841,1518,1118,1769,189
479518,1,4287,-4113,-1127,59,-748,149,1966,501,-438,1009,924,841,1515,1119,1767,188
479518,0,4287,-4113,-1127,59,-748,149,1966,501,-438,1009,924,841,1515,1119,1767,188
479518,1,4286,-4114,-1129,60,-751,150,1967,501,-439,1008,924,840,1519,1118,1768,188
479518,1,4288,-4115,-1130,60,-749,151,1967,500,-436,1008,927,842,1517,1117,1769,188
479518,1,4288,-4118,-1131,58,-749,147,1967,496,-436,1008,926,841,1518,1114,1767,188
479518,1,4286,-4113,-1131,60,-749,151,1965,499,-439,1009,928,840,1514,1117,1766,187
479518,1,4288,-4114,-1133,59,-746,151,1968,498,-438,1009,926,841,1517,1116,1767,184
479518,0,4288,-4114,-1133,59,-746,151,1968,498,-438,1009,926,841,1517,1116,1767,184
479518,1,4287,-4116,-1132,61,-747,150,1967,501,-435,1008,928,842,1517,1116,1767,183
479518,1,4288,-4114,-1132,58,-750,150,1967,498,-435,1008,923,840,1515,1115,1766,183
479519,1,4287,-4116,-1131,60,-747,148,1965,500,-437,1005,923,840,1518,1114,1769,181
479519,1,4287,-4113,-1131,58,-747,152,1967,498,-436,1006,926,843,1519,1114,1768,182
479519,0,4287,-4113,-1131,58,-747,152,1967,498,-436,1006,926,843,1519,1114,1768,182
479519,1,4287,-4112,-1131,58,-748,148,1966,498,-435,1005,923,840,1517,1113,1766,182
479519,1,4286,-4113,-1132,59,-748,149,1966,498,-437,1009,924,840,1516,1111,1767,182
479519,1,4287,-4116,-1131,59,-748,149,1966,497,-435,1008,924,839,1516,1112,1767,184
479519,1,4285,-4112,-1131,58,-750,150,1965,499,-435,1007,924,839,1516,1111,1768,181
479519,0,4285,-4112,-1131,58,-750,150,1965,499,-435,1007,924,839,1516,1111,1768,181
479519,1,4288,-4113,-1132,59,-747,147,1966,499,-435,1008,923,839,1516,1110,1766,182
479519,1,4288,-4116,-1135,60,-750,149,1967,498,-436,1008,923,839,1518,1110,1767,181
479519,1,4288,-4116,-1131,57,-748,148,1965,498,-436,1005,923,840,1516,1113,1768,181
479519,1,4287,-4113,-1132,61,-746,147,1965,501,-436,1006,921,837,1516,1110,1770,179
479519,0,4287,-4113,-1132,61,-746,147,1965,501,-436,1006,921,837,1516,1110,1770,179
479519,1,4287,-4116,-1132,60,-748,146,1968,497,-437,1006,924,839,1519,1108,1767,180
479519,1,4286,-4116,-1134,58,-746,148,1967,498,-437,1006,923,837,1518,1106,1768,179
479519,1,4288,-4115,-1133,59,-749,147,1966,497,-434,1006,922,837,1517,1109,1768,177
479519,1,4285,-4116,-1135,59,-749,146,1967,498,-435,1006,924,840,1516,1108,1767,177
479519,0,4285,-4116,-1135,59,-749,146,1967,498,-435,1006,924,840,1516,1108,1767,177
479519,1,4288,-4115,-1132,59,-748,147,1966,495,-433,1009,921,836,1516,1107,1768,177
479519,1,4287,-4115,-1133,59,-750,148,1966,497,-432,1005,924,837,1515,1108,1767,178
479519,1,4285,-4114,-1134,59,-746,145,1965,497,-434,1005,922,837,1517,1108,1768,175
479519,1,4286,-4116,-1133,58,-747,146,1965,497,-434,1007,921,839,1516,1105,1767,176
479519,0,4286,-4116,-1133,58,-747,146,1965,497,-434,1007,921,839,1516,1105,1767,176
479519,1,4290,-4114,-1134,56,-750,149,1966,498,-434,1004,925,836,1516,1105,1767,175
479519,1,4286,-4114,-1134,57,-746,142,1968,497,-432,1002,922,837,1520,1105,1765,175
479519,1,4286,-4113,-1133,60,-750,146,1965,495,-435,1004,921,839,1516,1105,1764,174
479519,1,4286,-4114,-1134,56,-747,146,1966,498,-432,1004,922,837,1520,1105,1766,173
479519,0,4286,-4114,-1134,56,-747,146,1966,498,-432,1004,922,837,1520,1105,1766,173
479519,1,4284,-4115,-1135,59,-746,146,1965,496,-430,1002,924,838,1519,1103,1765,175
479519,1,4284,-4113,-1133,60,-747,147,1963,497,-433,1003,921,836,1517,1105,1765,173
479519,1,4285,-4113,-1133,57,-748,146,1965,495,-432,1003,922,836,1516,1101,1768,173
479519,1,4285,-4113,-1134,59,-748,144,1966,498,-431,1001,920,834,1518,1099,1766,169
479519,0,4285,-4113,-1134,59,-748,144,1966,498,-431,1001,920,834,1518,1099,1766,169
479519,1,4282,-4115,-1137,58,-747,148,1966,496,-430,1005,919,834,1515,1100,1767,173
479519,1,4286,-4116,-1132,61,-749,146,1966,496,-430,1005,922,836,1515,1100,1765,173
479519,1,4284,-4113,-1132,57,-746,145,1966,495,-432,1005,922,834,1517,1100,1766,172
479519,1,4286,-4112,-1135,59,-747,145,1966,495,-431,1006,917,837,1517,1100,1767,172
479519,0,4286,-4112,-1135,59,-747,145,1966,495,-431,1006,917,837,1517,1100,1767,172
479519,1,4285,-4114,-1133,58,-749,145,1964,494,-431,1003,918,835,1518,1102,1766,171
479519,1,4284,-4117,-1135,58,-745,144,1965,491,-430,1001,918,835,1519,1100,1765,169
479519,1,4286,-4114,-1134,58,-748,145,1965,493,-430,1002,919,834,1517,1099,1766,169
479519,1,4286,-4116,-1135,60,-749,147,1966,495,-431,1002,917,833,1517,1098,1767,167
479519,0,4286,-4116,-1135,60,-749,147,1966,495,-431,1002,917,833,1517,1098,1767,167
479519,1,4285,-4115,-1135,58,-747,144,1965,497,-429,1002,918,834,1516,1098,1766,167
479519,1,4285,-4113,-1134,57,-749,146,1966,493,-432,1001,920,833,1515,1099,1766,167
479519,1,4285,-4113,-1133,58,-745,144,1965,495,-431,1003,917,833,1518,1099,1764,166
479519,1,4286,-4115,-1136,57,-748,146,1967,493,-430,1002,918,833,1517,1099,1769,168
479519,0,4286,-4115,-1136,57,-748,146,1967,493,-430,1002,918,833,1517,1099,1769,168
479519,1,4284,-4114,-1133,60,-749,144,1963,495,-432,1002,917,834,1519,1100,1766,169
479519,1,4285,-4114,-1134,60,-748,146,1966,494,-431,998,918,834,1516,1098,1768,166
479519,1,4285,-4114,-1137,58,-745,142,1964,495,-429,1002,921,834,1516,1094,1764,166
479519,1,4283,-4114,-1136,60,-745,146,1964,495,-429,1002,919,832,1518,1098,1766,165
479519,0,4283,-4114,-1136,60,-745,146,1964,495,-429,1002,919,832,1518,1098,1766,165
479519,1,4285,-4115,-1134,58,-749,144,1966,496,-429,1003,917,834,1517,1095,1765,166
479519,1,4284,-4114,-1133,60,-745,141,1966,495,-429,1000,916,833,1518,1097,1766,166
479519,1,4284,-4113,-1136,59,-747,144,1965,495,-430,999,917,834,1514,1094,1764,166
479519,1,4286,-4114,-1135,60,-748,147,1963,495,-430,1003,918,833,1521,1095,1765,166
479519,0,4286,-4114,-1135,60,-748,147,1963,495,-430,1003,918,833,1521,1095,1765,166
479519,1,4288,-4114,-1135,60,-745,144,1964,495,-427,1000,915,834,1519,1093,1766,164
479519,1,4286,-4114,-1136,57,-748,142,1965,496,-430,1000,917,833,1517,1093,1766,165
479519,1,4284,-4119,-1136,57,-747,142,1964,493,-427,1003,920,831,1518,1093,1766,163
479519,1,4285,-4114,-1137,59,-747,144,1966,496,-431,1002,918,833,1517,1091,1762,161
479519,1,4286,-4115,-1137,57,-746,145,1965,495,-428,999,916,833,1518,1094,1764,161
479519,0,4286,-4115,-1137,57,-746,145,1965,495,-428,999,916,833,1518,1094,1764,161
479519,1,4284,-4113,-1135,58,-748,144,1965,496,-428,1001,916,831,1517,1093,1764,164
479519,1,4286,-4113,-1136,59,-746,142,1963,495,-428,1001,917,831,1516,1092,1766,162
479519,1,4286,-4116,-1137,58,-746,142,1964,492,-430,1002,916,833,1518,1094,1767,162
479519,1,4286,-4114,-1136,57,-746,144,1964,492,-428,1001,913,834,1516,1090,1764,161
479519,0,4286,-4114,-1136,57,-746,144,1964,492,-428,1001,913,834,1516,1090,1764,161
479519,1,4283,-4116,-1137,61,-746,142,1963,492,-429,1001,915,829,1517,1091,1765,160
479519,1,4284,-4114,-1136,56,-745,141,1963,493,-428,1001,916,831,1518,1092,1767,159
479519,1,4286,-4115,-1134,57,-745,141,1964,493,-426,1000,916,834,1517,1088,1766,160
479519,1,4287,-4115,-1138,59,-745,144,1965,496,-426,998,915,832,1518,1090,1764,158
479519,0,4287,-4115,-1138,59,-745,144,1965,496,-426,998,915,832,1518,1090,1764,158
479519,1,4284,-4115,-1136,57,-745,144,1963,491,-427,1000,916,833,1516,1091,1766,160
479519,1,4285,-4116,-1137,58,-745,143,1964,492,-428,998,916,830,1517,1090,1766,160
479519,1,4285,-4113,-1136,56,-744,141,1965,492,-428,999,914,829,1518,1088,1764,157
479519,1,4286,-4116,-1135,59,-747,143,1964,492,-425,998,917,830,1517,1089,1764,158
479519,0,4286,-4116,-1135,59,-747,143,1964,492,-425,998,917,830,1517,1089,1764,158
479519,1,4283,-4117,-1137,57,-745,144,1962,495,-424,997,912,829,1518,1089,1765,156
479519,1,4287,-4114,-1135,57,-745,146,1962,493,-428,998,914,830,1517,1087,1764,157
479519,1,4285,-4113,-1137,56,-745,143,1964,493,-427,997,916,831,1515,1088,1766,156
479519,1,4286,-4114,-1140,58,-746,142,1963,493,-426,997,912,832,1518,1089,1764,159
479519,0,4286,-4114,-1140,58,-746,142,1963,493,-426,997,912,832,1518,1089,1764,159
479519,1,4283,-4116,-1139,59,-745,142,1963,491,-427,997,912,828,1517,1088,1765,156
479519,1,4286,-4114,-1139,56,-746,142,1962,495,-427,998,915,827,1517,1085,1765,156
479519,1,4285,-4114,-1140,58,-746,142,1963,492,-424,998,915,829,1518,1085,1766,156
479519,1,4283,-4115,-1137,59,-743,141,1963,492,-424,998,912,827,1519,1086,1762,155
479519,0,4283,-4115,-1137,59,-743,141,1963,492,-424,998,912,827,1519,1086,1762,155
479519,1,4282,-4114,-1138,58,-744,143,1964,491,-424,997,915,828,1517,1086,1765,156
479519,1,4284,-4115,-1138,58,-743,144,1961,490,-424,995,913,829,1516,1086,1764,155
479519,1,4286,-4116,-1138,57,-745,143,1961,492,-426,994,913,830,1519,1085,1762,153
479519,1,4285,-4113,-1138,57,-745,142,1962,492,-425,998,914,830,1518,1086,1765,155
479519,0,4285,-4113,-1138,57,-745,142,1962,492,-425,998,914,830,1518,1086,1765,155
479519,1,4285,-4114,-1139,55,-745,141,1963,493,-424,997,913,829,1518,1085,1765,154
479519,1,4285,-4113,-1143,57,-743,142,1963,491,-425,994,915,829,1519,1084,1764,154
479519,1,4285,-4114,-1140,59,-744,142,1963,493,-425,995,912,827,1515,1084,1764,154
479519,1,4284,-4116,-1138,56,-744,142,1963,492,-424,995,911,828,1517,1082,1762,154
479519,0,4284,-4116,-1138,56,-744,142,1963,492,-424,995,911,828,1517,1082,1762,154
479519,1,4285,-4114,-1139,55,-745,141,1964,492,-423,995,912,829,1519,1084,1764,150
479519,1,4283,-4117,-1139,59,-745,144,1961,494,-424,994,913,827,1516,1084,1766,154
479519,1,4281,-4115,-1140,58,-744,142,1961,492,-424,995,912,826,1517,1084,1763,152
479519,1,4286,-4113,-1136,58,-745,141,1962,489,-422,994,911,828,1517,1085,1763,152
479519,0,4286,-4113,-1136,58,-745,141,1962,489,-422,994,911,828,1517,1085,1763,152
479519,1,4285,-4114,-1138,58,-746,144,1962,490,-423,996,913,829,1518,1083,1763,151
479519,1,4283,-4114,-1138,55,-745,142,1963,493,-426,997,915,827,1517,1083,1765,151
479519,1,4285,-4113,-1139,57,-743,140,1964,495,-423,995,912,827,1519,1081,1764,151
479519,1,4284,-4114,-1139,58,-744,140,1963,491,-423,996,911,827,1519,1083,1765,147
479519,0,4284,-4114,-1139,58,-744,140,1963,491,-423,996,911,827,1519,1083,1765,147
479519,1,4282,-4113,-1138,59,-746,142,1965,490,-421,995,911,828,1517,1079,1763,149
479519,1,4283,-4112,-1139,58,-743,142,1961,491,-423,995,910,826,1518,1079,1762,151
479519,1,4284,-4114,-1141,59,-742,143,1964,492,-425,993,912,826,1519,1083,1764,149
479519,1,4285,-4115,-1139,59,-746,142,1962,489,-422,994,911,825,1517,1079,1764,148
479519,0,4285,-4115,-1139,59,-746,142,1962,489,-422,994,911,825,1517,1079,1764,148
479519,1,4284,-4114,-1138,55,-746,141,1962,489,-423,997,912,829,1517,1081,1763,149
479519,1,4285,-4114,-1140,56,-744,139,1963,493,-423,995,912,829,1516,1080,1762,148
479519,1,4286,-4113,-1140,57,-746,141,1962,492,-422,994,910,827,1518,1079,1762,146
479519,1,4285,-4114,-1138,59,-742,141,1965,492,-422,994,913,827,1519,1080,1764,145
479519,0,4285,-4114,-1138,59,-742,141,1965,492,-422,994,913,827,1519,1080,1764,145
479519,1,4284,-4113,-1140,58,-744,139,1963,488,-422,992,912,827,1517,1079,1764,145
479519,1,4283,-4114,-1141,58,-744,142,1964,490,-423,996,911,824,1519,1077,1765,147
479519,1,4281,-4116,-1141,59,-743,141,1962,493,-422,993,911,825,1517,1077,1763,145
479519,1,4282,-4114,-1139,58,-744,143,1964,489,-423,995,910,827,1518,1079,1764,144
479519,0,4282,-4114,-1139,58,-744,143,1964,489,-423,995,910,827,1518,1079,1764,144
479519,1,4282,-4111,-1140,58,-744,140,1959,490,-421,991,907,824,1518,1078,1762,145
479519,1,4282,-4113,-1141,57,-744,138,1961,492,-422,993,912,823,1515,1078,1763,144
479519,1,4283,-4111,-1141,57,-743,140,1962,490,-418,990,909,827,1517,1079,1764,143
479519,1,4282,-4116,-1139,59,-748,141,1963,489,-422,993,913,824,1516,1078,1761,144
479519,0,4282,-4116,-1139,59,-748,141,1963,489,-422,993,913,824,1516,1078,1761,144
479519,1,4282,-4114,-1140,54,-746,141,1963,489,-423,990,912,824,1516,1077,1762,144
479519,1,4282,-4115,-1139,57,-743,140,1962,493,-419,992,909,827,1519,1079,1764,145
479519,1,4284,-4115,-1141,57,-745,140,1963,487,-421,993,910,827,1519,1075,1762,144
479519,1,4280,-4114,-1140,55,-744,140,1963,490,-423,995,910,826,1513,1078,1764,144
479519,1,4281,-4114,-1141,56,-745,138,1963,488,-418,992,910,824,1518,1077,1764,146
479519,0,4281,-4114,-1141,56,-745,138,1963,488,-418,992,910,824,1518,1077,1764,146
479519,1,4282,-4115,-1141,57,-743,138,1960,490,-421,995,909,825,1519,1077,1762,143
479519,1,4282,-4117,-1139,55,-742,142,1960,491,-420,989,908,827,1515,1075,1763,143
479519,1,4282,-4116,-1140,61,-744,138,1965,486,-422,992,911,824,1516,1078,1763,142
479519,1,4283,-4114,-1143,57,-740,137,1963,488,-421,990,911,826,1516,1077,1762,139
479519,0,4283,-4114,-1143,57,-740,137,1963,488,-421,990,911,826,1516,1077,1762,139
479519,1,4284,-4114,-1141,58,-743,138,1963,487,-422,988,909,822,1517,1073,1760,140
479519,1,4282,-4117,-1142,57,-746,137,1959,490,-419,992,910,826,1518,1076,1763,140
479519,1,4280,-4114,-1140,56,-743,137,1961,488,-421,990,909,825,1515,1075,1761,142
479519,1,4283,-4112,-1141,57,-745,140,1960,487,-420,992,911,824,1521,1077,1761,141
479519,0,4283,-4112,-1141,57,-745,140,1960,487,-420,992,911,824,1521,1077,1761,141
479519,1,4283,-4114,-1143,57,-741,138,1962,488,-422,988,909,826,1518,1076,1763,141
479519,1,4279,-4116,-1142,56,-744,137,1962,491,-421,990,909,821,1520,1074,1763,140
479519,1,4282,-4114,-1141,56,-745,137,1961,488,-419,989,908,824,1515,1075,1761,140
479519,1,4280,-4114,-1139,57,-742,139,1963,488,-421,988,908,825,1516,1075,1761,142
479519,0,4280,-4114,-1139,57,-742,139,1963,488,-421,988,908,825,1516,1075,1761,142
479519,1,4279,-4111,-1140,56,-744,136,1959,492,-422,991,907,823,1518,1074,1762,140
479519,1,4279,-4115,-1141,56,-741,137,1962,489,-419,989,909,821,1517,1074,1763,139
479519,1,4279,-4115,-1141,56,-743,140,1961,487,-418,989,910,823,1516,1075,1762,143
479519,1,4280,-4114,-1140,56,-743,137,1962,490,-423,992,907,821,1520,1072,1760,141
479519,0,4280,-4114,-1140,56,-743,137,1962,490,-423,992,907,821,1520,1072,1760,141
479519,1,4280,-4114,-1139,58,-741,136,1959,487,-418,994,907,825,1517,1074,1765,139
479519,1,4281,-4114,-1141,58,-743,135,1962,488,-419,988,908,826,1517,1074,1762,138
479519,1,4280,-4114,-1139,57,-741,137,1961,487,-419,990,908,822,1516,1073,1762,139
479519,1,4280,-4113,-1140,57,-741,136,1962,490,-418,988,908,819,1517,1075,1760,135
479519,0,4280,-4113,-1140,57,-741,136,1962,490,-418,988,908,819,1517,1075,1760,135
479519,1,4281,-4114,-1141,56,-743,135,1961,488,-421,992,909,824,1517,1073,1763,138
479519,1,4278,-4116,-1142,55,-740,139,1960,488,-418,989,908,826,1519,1074,1761,138
479519,1,4280,-4115,-1142,59,-742,135,1960,488,-419,989,907,823,1519,1072,1761,136
479519,1,4282,-4116,-1141,56,-744,139,1961,487,-422,990,910,820,1520,1073,1763,136
479519,0,4282,-4116,-1141,56,-744,139,1961,487,-422,990,910,820,1520,1073,1763,136
479519,1,4281,-4115,-1139,56,-744,136,1962,488,-418,988,908,824,1519,1071,1759,137
479519,1,4281,-4112,-1139,57,-743,135,1961,488,-419,991,908,823,1517,1071,1760,137
479519,1,4280,-4113,-1142,55,-742,137,1961,486,-421,989,909,822,1514,1072,1763,135
479519,1,4279,-4114,-1138,57,-743,136,1961,488,-417,987,904,823,1517,1069,1760,135
479519,0,4279,-4114,-1138,57,-743,136,1961,488,-417,987,904,823,1517,1069,1760,135
479519,1,4277,-4114,-1142,58,-743,138,1963,490,-421,993,907,822,1519,1071,1761,134
479519,1,4279,-4116,-1140,54,-741,138,1961,489,-420,988,908,822,1517,1072,1761,134
479519,1,4279,-4117,-1140,56,-742,139,1960,485,-416,987,910,822,1518,1071,1761,136
479519,1,4281,-4111,-1141,60,-741,138,1965,489,-418,987,907,822,1517,1072,1759,135
479519,0,4281,-4111,-1141,60,-741,138,1965,489,-418,987,907,822,1517,1072,1759,135
479519,1,4279,-4113,-1139,57,-743,135,1963,487,-418,990,904,823,1518,1070,1760,132
479519,1,4280,-4116,-1142,57,-741,136,1960,486,-416,991,905,821,1520,1070,1763,134
479519,1,4280,-4114,-1143,56,-743,134,1962,488,-419,990,907,822,1518,1069,1761,135
479519,1,4281,-4112,-1142,59,-741,136,1961,488,-416,987,906,820,1517,1070,1759,134
479519,0,4281,-4112,-1142,59,-741,136,1961,488,-416,987,906,820,1517,1070,1759,134
479519,1,4279,-4116,-1140,58,-741,139,1960,489,-418,988,904,823,1513,1068,1760,133
479519,1,4280,-4114,-1141,56,-742,137,1961,487,-418,989,908,821,1517,1071,1762,132
479519,1,4280,-4114,-1143,58,-743,136,1960,489,-417,991,905,823,1517,1068,1760,131
479519,1,4280,-4115,-1141,58,-743,135,1960,484,-416,989,907,821,1518,1070,1760,132
479519,0,4280,-4115,-1141,58,-743,135,1960,484,-416,989,907,821,1518,1070,1760,132
479519,1,4280,-4115,-1139,55,-745,137,1961,487,-416,988,907,821,1516,1072,1760,131
479519,1,4279,-4114,-1143,57,-744,134,1961,488,-416,990,906,820,1518,1067,1762,132
479519,1,4277,-4114,-1142,57,-741,137,1961,487,-417,988,906,822,1516,1070,1762,134
479519,1,4279,-4114,-1141,57,-743,135,1960,486,-416,987,905,822,1518,1070,1760,132
479519,0,4279,-4114,-1141,57,-743,135,1960,486,-416,987,905,822,1518,1070,1760,132
479519,1,4280,-4114,-1141,56,-740,137,1961,487,-418,988,904,822,1518,1069,1762,132
479519,1,4278,-4117,-1142,57,-740,136,1961,487,-418,992,906,823,1517,1067,1759,131
479519,1,4280,-4117,-1141,58,-741,136,1959,488,-416,987,904,822,1515,1067,1761,130
479519,1,4278,-4115,-1142,55,-741,137,1962,486,-418,985,906,820,1517,1067,1761,131
479519,0,4278,-4115,-1142,55,-741,137,1962,486,-418,985,906,820,1517,1067,1761,131
479519,1,4281,-4117,-1143,56,-745,136,1959,486,-416,988,907,822,1516,1068,1759,131
479519,1,4279,-4112,-1142,56,-745,139,1960,487,-417,988,905,820,1519,1067,1763,129
479519,1,4279,-4115,-1141,55,-741,137,1961,486,-415,986,904,822,1518,1068,1760,129
479519,1,4279,-4114,-1139,56,-742,139,1962,487,-415,988,904,823,1518,1069,1759,131
479519,0,4279,-4114,-1139,56,-742,139,1962,487,-415,988,904,823,1518,1069,1759,131
479520,1,4282,-4114,-1141,57,-745,136,1961,489,-414,989,907,821,1517,1068,1759,130
479520,1,4279,-4114,-1143,54,-745,137,1961,485,-417,988,906,819,1517,1068,1759,130
479520,1,4280,-4114,-1143,55,-743,136,1962,486,-415,989,904,821,1518,1067,1762,130
479520,1,4279,-4113,-1143,55,-740,137,1962,486,-416,988,903,820,1518,1069,1762,130
479520,1,4276,-4114,-1143,54,-742,136,1961,486,-415,985,906,820,1517,1065,1759,128
479520,0,4276,-4114,-1143,54,-742,136,1961,486,-415,985,906,820,1517,1065,1759,128
479520,1,4278,-4113,-1141,56,-742,136,1962,487,-417,992,904,818,1516,1066,1760,129
479520,1,4276,-4115,-1144,56,-745,136,1960,488,-415,985,905,820,1517,1068,1760,127
479520,1,4276,-4115,-1140,56,-739,136,1961,486,-415,988,907,820,1513,1068,1760,127
479520,1,4277,-4115,-1142,57,-742,136,1963,486,-415,990,905,819,1515,1067,1762,128
479520,0,4277,-4115,-1142,57,-742,136,1963,486,-415,990,905,819,1515,1067,1762,128
479520,1,4278,-4116,-1141,57,-744,137,1961,488,-416,986,906,820,1516,1069,1758,126
479520,1,4275,-4115,-1141,56,-742,135,1962,488,-413,986,905,819,1519,1068,1763,129
479520,1,4277,-4113,-1141,57,-742,137,1964,488,-416,986,903,820,1517,1066,1759,128
479520,1,4277,-4114,-1144,57,-743,136,1962,484,-415,988,904,822,1517,1065,1762,127
479520,0,4277,-4114,-1144,57,-743,136,1962,484,-415,988,904,822,1517,1065,1762,127
479520,1,4277,-4114,-1140,56,-743,137,1960,487,-416,987,906,822,1517,1068,1761,127
479520,1,4278,-4113,-1141,59,-744,137,1963,485,-415,987,906,821,1520,1066,1761,127
479520,1,4277,-4115,-1142,56,-743,137,1959,487,-412,987,905,820,1517,1065,1759,129
479520,1,4277,-4113,-1140,56,-743,137,1961,486,-415,986,905,819,1517,1067,1756,126
479520,0,4277,-4113,-1140,56,-743,137,1961,486,-415,986,905,819,1517,1067,1756,126
479520,1,4278,-4114,-1139,58,-743,137,1961,485,-414,985,901,822,1518,1068,1759,124
479520,1,4277,-4114,-1143,58,-742,137,1961,487,-414,986,903,818,1519,1068,1760,125
479520,1,4277,-4114,-1141,56,-743,135,1961,485,-416,987,904,820,1518,1065,1759,126
479520,1,4275,-4114,-1139,55,-744,135,1960,488,-416,987,904,820,1518,1065,1759,124
479520,0,4275,-4114,-1139,55,-744,135,1960,488,-416,987,904,820,1518,1065,1759,124
479520,1,4277,-4113,-1142,55,-740,135,1961,485,-416,987,904,819,1516,1065,1759,124
479520,1,4274,-4113,-1141,56,-744,137,1961,486,-416,986,903,819,1517,1064,1757,124
479520,1,4276,-4115,-1142,57,-743,137,1963,486,-415,986,906,819,1518,1066,1760,126
479520,1,4278,-4115,-1143,57,-741,136,1962,486,-417,986,903,817,1520,1065,1758,126
479520,0,4278,-4115,-1143,57,-741,136,1962,486,-417,986,903,817,1520,1065,1758,126
479520,1,4277,-4113,-1143,58,-746,135,1962,484,-416,987,904,819,1516,1063,1757,124
479520,1,4274,-4115,-1139,56,-741,136,1961,486,-414,986,905,819,1515,1065,1758,126
479520,1,4275,-4111,-1140,57,-741,135,1962,487,-412,989,902,820,1519,1064,1758,126
479520,1,4275,-4115,-1141,56,-742,135,1962,484,-414,987,906,817,1517,1064,1761,124
479520,0,4275,-4115,-1141,56,-742,135,1962,484,-414,987,906,817,1517,1064,1761,124
479520,1,4277,-4111,-1141,56,-741,139,1962,487,-416,984,903,817,1518,1061,1759,123
479520,1,4273,-4112,-1143,59,-743,135,1962,487,-416,984,903,816,1517,1063,1758,125
479520,1,4274,-4113,-1140,57,-744,135,1960,486,-413,986,903,818,1517,1063,1757,122
479520,1,4277,-4114,-1140,58,-741,136,1961,486,-415,986,904,820,1518,1065,1758,122
479520,0,4277,-4114,-1140,58,-741,136,1961,486,-415,986,904,820,1518,1065,1758,122
479520,1,4275,-4113,-1141,57,-742,137,1963,485,-414,986,903,820,1516,1062,1759,122
479520,1,4274,-4114,-1141,55,-741,136,1962,484,-412,988,903,819,1517,1063,1758,121
479520,1,4274,-4114,-1140,57,-743,136,1962,487,-413,988,905,818,1518,1065,1758,120
479520,1,4274,-4111,-1143,56,-739,136,1960,487,-415,983,903,819,1516,1064,1758,121
479520,0,4274,-4111,-1143,56,-739,136,1960,487,-415,983,903,819,1516,1064,1758,121
479520,1,4276,-4110,-1139,57,-742,137,1961,486,-415,986,903,819,1517,1061,1761,122
479520,1,4274,-4113,-1141,56,-741,137,1961,485,-412,988,902,819,1518,1062,1760,122
479520,1,4272,-4113,-1141,57,-742,136,1961,489,-414,985,903,818,1518,1061,1758,122
479520,1,4276,-4114,-1141,57,-745,133,1959,490,-412,986,903,817,1518,1059,1760,119
479520,0,4276,-4114,-1141,57,-745,133,1959,490,-412,986,903,817,1518,1059,1760,119
479520,1,4274,-4117,-1140,56,-739,136,1961,486,-412,986,902,818,1520,1062,1759,121
479520,1,4274,-4114,-1143,56,-744,135,1961,486,-414,986,903,819,1519,1067,1758,119
479520,1,4275,-4114,-1141,57,-741,138,1959,487,-412,984,904,817,1519,1062,1756,118
479520,1,4273,-4115,-1141,56,-739,136,1961,485,-413,988,902,819,1519,1063,1759,121
479520,0,4273,-4115,-1141,56,-739,136,1961,485,-413,988,902,819,1519,1063,1759,121
479520,1,4275,-4113,-1140,57,-739,135,1959,487,-410,987,905,819,1519,1061,1757,119
479520,1,4275,-4116,-1142,56,-743,137,1962,484,-411,986,905,820,1517,1061,1757,120
479520,1,4274,-4114,-1143,56,-741,135,1961,485,-412,988,903,817,1519,1060,1758,117
479520,1,4272,-4112,-1143,56,-742,135,1962,485,-413,985,903,818,1517,1062,1758,120
479520,0,4272,-4112,-1143,56,-742,135,1962,485,-413,985,903,818,1517,1062,1758,120
479520,1,4273,-4113,-1141,58,-744,136,1962,487,-410,985,902,816,1517,1062,1757,120
479520,1,4275,-4114,-1143,57,-742,136,1963,483,-410,985,902,816,1520,1064,1759,118
479520,1,4275,-4115,-1141,57,-740,136,1960,486,-410,987,904,819,1517,1059,1759,119
479520,1,4274,-4118,-1140,57,-744,136,1962,487,-410,985,903,819,1518,1062,1758,119
479520,0,4274,-4118,-1140,57,-744,136,1962,487,-410,985,903,819,1518,1062,1758,119
479520,1,4273,-4113,-1141,56,-738,135,1959,487,-410,986,904,818,1519,1061,1759,119
479520,1,4274,-4113,-1141,57,-743,135,1962,486,-413,986,903,820,1519,1058,1756,117
479520,1,4272,-4114,-1141,55,-741,135,1964,483,-409,987,904,817,1519,1058,1758,118
479520,1,4274,-4114,-1142,57,-743,135,1961,485,-411,986,900,819,1520,1062,1757,120
479520,1,4272,-4116,-1143,56,-742,136,1960,485,-410,985,904,818,1518,1060,1758,118
479520,0,4272,-4116,-1143,56,-742,136,1960,485,-410,985,904,818,1518,1060,1758,118
479520,1,4274,-4112,-1140,55,-743,136,1961,487,-409,986,901,816,1514,1062,1756,117
479520,1,4273,-4112,-1140,58,-741,138,1960,485,-410,985,902,818,1519,1062,1757,117
479520,1,4272,-4115,-1142,56,-741,135,1960,487,-410,985,904,819,1518,1060,1757,117
479520,1,4274,-4113,-1141,57,-743,137,1961,488,-410,986,903,820,1516,1057,1758,118
479520,0,4274,-4113,-1141,57,-743,137,1961,488,-410,986,903,820,1516,1057,1758,118
479520,1,4273,-4112,-1140,57,-741,137,1962,486,-410,986,902,817,1516,1060,1756,118
479520,1,4274,-4115,-1142,55,-740,135,1961,487,-408,985,904,817,1515,1061,1758,115
479520,1,4272,-4113,-1138,58,-744,137,1960,486,-410,985,903,815,1515,1060,1758,114
479520,1,4272,-4113,-1142,57,-742,138,1962,485,-409,985,903,816,1519,1060,1760,118
479520,0,4272,-4113,-1142,57,-742,138,1962,485,-409,985,903,816,1519,1060,1760,118
479520,1,4269,-4116,-1141,58,-738,136,1964,486,-409,983,902,817,1517,1059,1757,116
479520,1,4271,-4114,-1144,56,-741,135,1959,487,-408,985,903,815,1515,1062,1758,117
479520,1,4272,-4115,-1142,58,-743,136,1961,487,-409,982,901,818,1517,1061,1759,118
479520,1,4274,-4116,-1142,56,-740,135,1960,485,-409,986,904,817,1518,1057,1758,116
479520,0,4274,-4116,-1142,56,-740,135,1960,485,-409,986,904,817,1518,1057,1758,116
479520,1,4273,-4117,-1142,55,-742,135,1961,486,-408,985,904,817,1516,1059,1757,115
479520,1,4273,-4115,-1140,58,-741,136,1961,484,-409,983,904,820,1518,1059,1757,117
479520,1,4274,-4113,-1139,58,-742,136,1959,486,-408,984,903,817,1517,1059,1760,115
479520,1,4271,-4114,-1142,58,-741,136,1961,487,-407,984,902,819,1517,1057,1757,116
479520,0,4271,-4114,-1142,58,-741,136,1961,487,-407,984,902,819,1517,1057,1757,116
479520,1,4273,-4115,-1140,57,-742,136,1960,485,-408,983,903,818,1518,1060,1758,116
479520,1,4273,-4115,-1141,56,-741,135,1959,487,-408,983,901,818,1517,1058,1757,116
479520,1,4270,-4111,-1139,56,-741,133,1959,483,-409,985,901,817,1518,1058,1757,113
479520,1,4274,-4114,-1142,57,-741,135,1958,486,-405,982,902,818,1521,1059,1757,115
479520,0,4274,-4114,-1142,57,-741,135,1958,486,-405,982,902,818,1521,1059,1757,115
479520,1,4273,-4115,-1142,56,-736,135,1959,484,-410,985,903,815,1518,1058,1754,113
479520,1,4274,-4113,-1142,59,-741,135,1960,487,-409,986,903,817,1517,1057,1754,113
479520,1,4272,-4113,-1140,58,-741,135,1958,486,-409,985,901,817,1517,1058,1757,114
479520,1,4270,-4116,-1142,54,-740,134,1958,486,-409,984,903,816,1520,1058,1756,114
479520,0,4270,-4116,-1142,54,-740,134,1958,486,-409,984,903,816,1520,1058,1756,114
479520,1,4272,-4113,-1142,57,-741,134,1961,483,-405,984,901,817,1518,1059,1759,112
479520,1,4272,-4115,-1141,58,-740,137,1960,484,-406,982,904,814,1520,1056,1757,116
479520,1,4272,-4115,-1142,57,-743,135,1959,484,-408,984,903,816,1517,1057,1757,115
479520,1,4274,-4113,-1141,56,-741,134,1961,485,-408,983,903,818,1515,1059,1758,115
479520,0,4274,-4113,-1141,56,-741,134,1961,485,-408,983,903,818,1515,1059,1758,115
479520,1,4271,-4115,-1144,58,-743,135,1959,486,-406,984,903,818,1516,1058,1758,114
479520,1,4272,-4115,-1142,56,-742,134,1962,483,-408,982,901,817,1521,1055,1756,112
479520,1,4271,-4112,-1142,57,-741,135,1959,484,-408,984,902,818,1515,1056,1757,112
479520,1,4271,-4115,-1140,57,-740,136,1957,484,-406,986,901,818,1516,1057,1757,114
479520,0,4271,-4115,-1140,57,-740,136,1957,484,-406,986,901,818,1516,1057,1757,114
479520,1,4272,-4115,-1141,59,-738,135,1960,484,-407,984,902,817,1517,1057,1757,113
479520,1,4271,-4113,-1142,58,-740,133,1957,484,-404,983,901,818,1522,1055,1757,113
479520,1,4272,-4113,-1142,57,-740,137,1959,482,-407,980,898,818,1517,1058,1757,111
479520,1,4271,-4115,-1141,56,-740,136,1959,484,-406,983,904,817,1515,1053,1757,114
479520,0,4271,-4115,-1141,56,-740,136,1959,484,-406,983,904,817,1515,1053,1757,114
479520,1,4272,-4113,-1141,56,-741,137,1959,486,-407,983,900,817,1516,1056,1755,112
479520,1,4273,-4113,-1140,59,-738,136,1958,484,-406,985,901,820,1516,1056,1754,112
479520,1,4271,-4114,-1141,57,-738,137,1959,487,-406,982,901,816,1517,1054,1757,112
479520,1,4270,-4114,-1142,57,-741,138,1959,485,-405,983,903,817,1517,1054,1756,111
479520,0,4270,-4114,-1142,57,-741,138,1959,485,-405,983,903,817,1517,1054,1756,111
479520,1,4271,-4114,-1140,58,-740,135,1959,485,-403,984,901,817,1517,1055,1757,111
479520,1,4271,-4114,-1140,56,-740,137,1961,485,-405,985,902,817,1517,1056,1754,110
479520,1,4270,-4113,-1142,58,-741,135,1958,485,-405,983,902,815,1517,1056,1757,111
479520,1,4269,-4114,-1142,57,-740,134,1959,484,-403,983,902,815,1518,1056,1754,110
479520,0,4269,-4114,-1142,57,-740,134,1959,484,-403,983,902,815,1518,1056,1754,110
479520,1,4270,-4114,-1142,57,-740,135,1959,484,-402,984,901,818,1517,1054,1757,112
479520,1,4272,-4114,-1142,58,-740,134,1958,484,-406,982,903,819,1517,1056,1756,110
479520,1,4272,-4116,-1141,54,-742,134,1958,485,-403,985,902,817,1517,1056,1756,110
479520,1,4273,-4115,-1143,58,-740,136,1959,486,-403,982,900,817,1517,1054,1757,110
479520,0,4273,-4115,-1143,58,-740,136,1959,486,-403,982,900,817,1517,1054,1757,110
479520,1,4271,-4115,-1142,58,-739,134,1959,485,-404,981,902,816,1518,1057,1757,110
479520,1,4272,-4116,-1143,58,-741,133,1960,487,-402,982,903,818,1518,1055,1756,112
479520,1,4272,-4115,-1141,58,-738,137,1959,487,-402,984,904,816,1515,1054,1756,111
479520,1,4272,-4115,-1141,57,-740,136,1959,484,-404,982,902,817,1520,1052,1754,110
479520,1,4271,-4114,-1142,57,-740,133,1959,484,-404,982,900,815,1514,1056,1757,110
479520,0,4271,-4114,-1142,57,-740,133,1959,484,-404,982,900,815,1514,1056,1757,110
479520,1,4271,-4112,-1143,56,-740,134,1960,482,-404,981,901,816,1516,1055,1755,107
479520,1,4271,-4116,-1145,58,-739,135,1959,485,-403,981,901,816,1518,1056,1753,110
479520,1,4269,-4114,-1141,56,-743,135,1958,484,-403,982,906,816,1516,1056,1759,109
479520,1,4272,-4114,-1142,58,-739,136,1959,484,-402,984,901,815,1519,1056,1756,109
479520,0,4272,-4114,-1142,58,-739,136,1959,484,-402,984,901,815,1519,1056,1756,109
479520,1,4273,-4113,-1141,57,-740,134,1958,487,-401,981,900,816,1518,1054,1754,109
479520,1,4270,-4114,-1140,58,-738,134,1957,486,-402,982,904,817,1520,1053,1755,107
479520,1,4270,-4115,-1141,57,-743,136,1958,486,-403,982,902,816,1517,1053,1754,109
479520,1,4271,-4115,-1141,56,-740,136,1957,484,-402,983,899,814,1518,1053,1755,107
479520,0,4271,-4115,-1141,56,-740,136,1957,484,-402,983,899,814,1518,1053,1755,107
479520,1,4273,-4114,-1143,57,-741,135,1957,482,-396,983,901,814,1515,1057,1753,108
479520,1,4271,-4113,-1141,56,-736,136,1959,485,-402,984,900,815,1517,1054,1756,108
479520,1,4270,-4113,-1141,57,-739,133,1960,483,-402,982,902,814,1516,1051,1753,108
479520,1,4272,-4115,-1140,58,-740,136,1958,484,-401,985,901,816,1517,1052,1757,108
479520,0,4272,-4115,-1140,58,-740,136,1958,484,-401,985,901,816,1517,1052,1757,108
479520,1,4272,-4113,-1141,58,-739,135,1959,484,-404,983,902,812,1516,1054,1757,108
479520,1,4274,-4113,-1143,57,-739,135,1959,487,-402,982,903,816,1516,1053,1757,107
479520,1,4272,-4111,-1141,57,-738,136,1959,482,-400,982,900,813,1518,1053,1756,106
479520,1,4271,-4113,-1139,59,-740,136,1957,484,-402,981,904,814,1518,1051,1754,106
479520,0,4271,-4113,-1139,59,-740,136,1957,484,-402,981,904,814,1518,1051,1754,106
479520,1,4271,-4112,-1143,57,-736,136,1957,485,-400,982,901,816,1516,1052,1754,108
479520,1,4269,-4114,-1143,56,-740,133,1958,481,-403,981,900,814,1519,1053,1757,107
479520,1,4272,-4111,-1140,57,-741,135,1958,483,-401,981,901,815,1517,1051,1756,105
479520,1,4270,-4117,-1145,56,-740,135,1958,486,-404,981,902,813,1517,1051,1754,107
479520,0,4270,-4117,-1145,56,-740,135,1958,486,-404,981,902,813,1517,1051,1754,107
479520,1,4270,-4113,-1143,56,-740,137,1957,482,-401,983,899,815,1518,1053,1754,105
479520,1,4270,-4116,-1142,56,-739,136,1957,485,-402,980,899,815,1518,1054,1753,103
479520,1,4270,-4112,-1143,57,-740,133,1959,485,-401,984,902,814,1518,1054,1756,106
479520,1,4272,-4115,-1141,58,-739,135,1955,484,-401,983,899,816,1520,1052,1754,105
479520,0,4272,-4115,-1141,58,-739,135,1955,484,-401,983,899,816,1520,1052,1754,105
479520,1,4271,-4112,-1141,55,-739,136,1957,482,-401,983,900,815,1516,1051,1754,106
479520,1,4272,-4114,-1140,56,-743,135,1957,485,-400,982,899,815,1518,1052,1755,104
479520,1,4269,-4114,-1140,57,-738,134,1957,486,-401,982,901,813,1518,1051,1756,105
479520,1,4273,-4114,-1141,56,-740,134,1957,484,-402,980,903,813,1516,1051,1755,107
479520,0,4273,-4114,-1141,56,-740,134,1957,484,-402,980,903,813,1516,1051,1755,107
479520,1,4272,-4115,-1142,57,-739,133,1958,484,-399,981,901,813,1517,1050,1756,103
479520,1,4270,-4113,-1142,56,-739,135,1956,485,-401,981,903,815,1517,1050,1755,106
479520,1,4272,-4113,-1143,57,-741,136,1956,484,-398,981,901,813,1519,1050,1755,105
479520,1,4271,-4114,-1141,58,-741,136,1956,484,-401,982,902,814,1515,1051,1756,104
479520,0,4271,-4114,-1141,58,-741,136,1956,484,-401,982,902,814,1515,1051,1756,104
479520,1,4274,-4115,-1142,55,-739,135,1959,482,-399,983,903,816,1518,1050,1756,105
479520,1,4271,-4114,-1142,56,-738,135,1956,483,-400,982,900,813,1515,1050,1757,102
479520,1,4270,-4116,-1141,55,-739,133,1955,483,-401,980,899,814,1517,1048,1753,103
479520,1,4271,-4113,-1141,57,-738,135,1957,484,-399,982,902,815,1519,1050,1756,105
479520,0,4271,-4113,-1141,57,-738,135,1957,484,-399,982,902,815,1519,1050,1756,105
479520,1,4273,-4117,-1142,56,-739,134,1957,485,-399,980,900,816,1518,1047,1753,105
479520,1,4271,-4115,-1141,56,-739,134,1958,484,-400,982,903,814,1514,1051,1756,102
479520,1,4270,-4114,-1143,57,-739,137,1959,486,-400,980,900,816,1518,1049,1756,103
479520,1,4273,-4114,-1141,58,-741,138,1959,484,-399,980,900,813,1520,1047,1753,102
479520,0,4273,-4114,-1141,58,-741,138,1959,484,-399,980,900,813,1520,1047,1753,102
479520,1,4269,-4111,-1142,59,-740,135,1957,485,-401,982,900,816,1520,1050,1754,103
479520,1,4270,-4113,-1142,55,-739,134,1955,485,-400,981,903,813,1519,1049,1753,103
479520,1,4273,-4113,-1140,57,-736,136,1957,485,-399,982,901,814,1516,1049,1755,103
479520,1,4270,-4112,-1140,55,-738,137,1958,484,-398,985,899,813,1516,1050,1753,105
479520,0,4270,-4112,-1140,55,-738,137,1958,484,-398,985,899,813,1516,1050,1753,105
479520,1,4272,-4115,-1142,57,-739,137,1957,482,-399,981,900,814,1519,1050,1753,102
479520,1,4274,-4116,-1142,58,-740,133,1958,483,-401,981,899,814,1517,1048,1753,103
479520,1,4274,-4115,-1141,58,-737,135,1959,484,-398,982,899,815,1515,1048,1755,103
479520,1,4272,-4114,-1141,57,-740,135,1957,484,-400,980,903,815,1516,1048,1754,101
479520,0,4272,-4114,-1141,57,-740,135,1957,484,-400,980,903,815,1516,1048,1754,101
479520,1,4272,-4113,-1142,57,-738,135,1957,482,-399,978,899,814,1518,1048,1753,103
479520,1,4273,-4112,-1142,56,-739,133,1956,484,-402,982,901,812,1518,1048,1754,103
479521,1,4271,-4113,-1142,54,-740,136,1956,486,-398,981,901,816,1518,1048,1756,103
479521,1,4272,-4113,-1143,57,-738,133,1956,482,-400,980,899,814,1517,1047,1755,102
479521,0,4272,-4113,-1143,57,-738,133,1956,482,-400,980,899,814,1517,1047,1755,102
479521,1,4272,-4115,-1142,56,-739,137,1957,484,-397,982,902,813,1519,1049,1754,104
479521,1,4274,-4114,-1141,56,-739,139,1955,483,-399,982,899,811,1519,1051,1753,102
479521,1,4270,-4114,-1142,56,-738,132,1959,485,-396,981,903,813,1520,1048,1754,102
479521,1,4270,-4114,-1143,58,-740,132,1958,484,-400,984,898,814,1520,1046,1755,102
479521,1,4271,-4113,-1141,57,-739,137,1959,483,-396,982,899,813,1515,1048,1755,103
479521,0,4271,-4113,-1141,57,-739,137,1959,483,-396,982,899,813,1515,1048,1755,103
479521,1,4272,-4113,-1141,56,-739,134,1957,481,-399,983,900,811,1519,1047,1754,102
479521,1,4273,-4113,-1143,59,-738,134,1954,484,-397,983,899,815,1516,1047,1753,101
479521,1,4272,-4114,-1142,58,-738,134,1958,483,-398,981,902,814,1518,1047,1753,101
479521,1,4273,-4113,-1142,59,-739,135,1954,484,-396,983,900,816,1520,1044,1755,101
479521,0,4273,-4113,-1142,59,-739,135,1954,484,-396,983,900,816,1520,1044,1755,101
479521,1,4270,-4113,-1142,57,-737,137,1955,482,-398,982,900,814,1517,1048,1753,103
479521,1,4271,-4114,-1141,53,-740,133,1955,484,-396,983,899,812,1518,1048,1754,103
479521,1,4271,-4115,-1142,55,-740,134,1955,485,-398,980,899,813,1518,1048,1753,104
479521,1,4271,-4114,-1142,56,-738,133,1957,484,-397,982,899,813,1518,1048,1756,100
479521,0,4271,-4114,-1142,56,-738,133,1957,484,-397,982,899,813,1518,1048,1756,100
479521,1,4271,-4113,-1142,55,-739,133,1957,486,-398,981,902,813,1518,1047,1754,101
479521,1,4270,-4112,-1143,57,-740,135,1957,484,-397,980,901,816,1518,1050,1752,100
479521,1,4272,-4115,-1143,55,-739,133,1959,484,-398,981,900,812,1520,1048,1752,101
479521,1,4273,-4111,-1142,56,-738,133,1957,482,-394,981,901,815,1516,1047,1753,103
479521,0,4273,-4111,-1142,56,-738,133,1957,482,-394,981,901,815,1516,1047,1753,103
479521,1,4272,-4114,-1141,56,-739,135,1956,484,-395,980,900,812,1517,1046,1754,98
479521,1,4270,-4115,-1143,57,-739,132,1954,483,-399,979,899,812,1515,1048,1754,100
479521,1,4272,-4111,-1142,59,-740,132,1958,483,-396,978,900,814,1519,1048,1753,101
479521,1,4271,-4115,-1143,57,-739,135,1957,484,-398,982,900,813,1516,1048,1754,99
479521,0,4271,-4115,-1143,57,-739,135,1957,484,-398,982,900,813,1516,1048,1754,99
479521,1,4270,-4115,-1143,57,-738,133,1954,481,-396,983,899,811,1517,1048,1754,101
479521,1,4269,-4116,-1140,54,-739,135,1956,483,-396,981,900,813,1516,1048,1754,100
479521,1,4271,-4114,-1142,56,-738,134,1955,486,-397,982,899,813,1518,1045,1753,99
479521,1,4272,-4113,-1143,57,-739,131,1958,483,-397,982,899,811,1517,1045,1755,101
479521,0,4272,-4113,-1143,57,-739,131,1958,483,-397,982,899,811,1517,1045,1755,101
479521,1,4271,-4116,-1142,58,-739,135,1957,482,-397,982,899,811,1517,1047,1753,100
479521,1,4271,-4112,-1142,56,-739,135,1957,486,-396,983,899,812,1514,1044,1754,99
479521,1,4271,-4114,-1143,58,-741,134,1957,484,-397,982,897,813,1517,1045,1753,100
479521,1,4274,-4113,-1141,57,-738,134,1956,483,-395,979,901,813,1517,1043,1753,98
479521,0,4274,-4113,-1141,57,-738,134,1956,483,-395,979,901,813,1517,1043,1753,98
479521,1,4274,-4113,-1141,56,-740,134,1955,484,-396,983,902,812,1516,1046,1753,101
479521,1,4271,-4113,-1142,56,-737,134,1955,482,-396,981,899,813,1516,1047,1752,99
479521,1,4274,-4113,-1142,59,-738,131,1957,483,-395,983,900,813,1516,1043,1753,98
479521,1,4271,-4114,-1144,56,-738,128,1955,482,-396,981,898,813,1516,1044,1756,99
479521,0,4271,-4114,-1144,56,-738,128,1955,482,-396,981,898,813,1516,1044,1756,99
479521,1,4270,-4114,-1144,57,-738,132,1957,483,-396,982,900,813,1518,1043,1752,97
479521,1,4272,-4114,-1144,56,-737,135,1958,484,-396,979,900,810,1516,1048,1756,98
479521,1,4269,-4115,-1144,57,-739,129,1955,483,-398,982,900,812,1515,1044,1752,98
479521,1,4271,-4112,-1143,56,-738,133,1955,483,-396,982,897,812,1516,1043,1751,97
479521,0,4271,-4112,-1143,56,-738,133,1955,483,-396,982,897,812,1516,1043,1751,97
479521,1,4272,-4113,-1143,57,-739,134,1955,483,-396,980,901,814,1517,1047,1754,100
479521,1,4270,-4114,-1143,58,-737,135,1957,483,-397,984,899,813,1517,1046,1753,98
479521,1,4270,-4113,-1143,55,-741,131,1958,485,-397,978,898,814,1519,1045,1751,99
479521,1,4273,-4116,-1140,56,-738,130,1957,485,-395,983,900,810,1519,1043,1754,98
479521,0,4273,-4116,-1140,56,-738,130,1957,485,-395,983,900,810,1519,1043,1754,98
479521,1,4269,-4116,-1141,54,-738,133,1956,484,-396,982,897,814,1516,1044,1752,98
479521,1,4271,-4114,-1144,57,-741,133,1957,487,-395,979,898,812,1515,1043,1756,97
479521,1,4274,-4114,-1144,56,-737,132,1957,483,-395,981,899,814,1518,1046,1754,97
479521,1,4271,-4114,-1145,55,-739,132,1956,482,-394,982,897,809,1516,1043,1755,98
479521,0,4271,-4114,-1145,55,-739,132,1956,482,-394,982,897,809,1516,1043,1755,98
479521,1,4271,-4115,-1142,55,-739,132,1956,482,-395,981,900,809,1517,1044,1752,97
479521,1,4269,-4116,-1145,56,-738,133,1958,484,-397,981,896,814,1515,1045,1752,98
479521,1,4271,-4111,-1142,57,-738,132,1956,483,-398,983,899,811,1518,1043,1752,97
479521,1,4269,-4113,-1145,56,-737,133,1958,484,-397,981,899,813,1519,1044,1753,96
479521,0,4269,-4113,-1145,56,-737,133,1958,484,-397,981,899,813,1519,1044,1753,96
479521,1,4271,-4113,-1142,57,-738,133,1957,487,-394,976,898,812,1521,1042,1754,97
479521,1,4271,-4113,-1142,59,-739,134,1956,483,-395,981,899,812,1519,1045,1751,97
479521,1,4272,-4113,-1145,57,-739,135,1955,482,-396,982,899,813,1518,1044,1753,96
479521,1,4272,-4114,-1145,58,-740,132,1957,482,-396,980,900,813,1520,1043,1755,97
479521,0,4272,-4114,-1145,58,-740,132,1957,482,-396,980,900,813,1520,1043,1755,97
479521,1,4272,-4114,-1142,56,-737,130,1956,483,-396,981,898,810,1519,1045,1754,97
479521,1,4272,-4112,-1145,59,-738,133,1957,485,-394,980,897,811,1520,1042,1753,97
479521,1,4271,-4113,-1144,53,-736,131,1958,483,-397,980,899,811,1518,1042,1751,96
479521,1,4271,-4113,-1144,56,-739,132,1954,485,-398,982,897,813,1516,1040,1752,96
479521,0,4271,-4113,-1144,56,-739,132,1954,485,-398,982,897,813,1516,1040,1752,96
479521,1,4274,-4114,-1144,57,-740,133,1956,484,-397,980,900,813,1518,1042,1753,97
479521,1,4271,-4115,-1145,58,-736,134,1955,483,-397,983,897,815,1518,1043,1752,96
479521,1,4270,-4114,-1143,56,-737,133,1957,483,-396,980,901,813,1516,1042,1753,95
479521,1,4272,-4114,-1143,58,-738,133,1956,484,-396,981,896,815,1515,1043,1752,97
479521,1,4269,-4114,-1144,56,-738,130,1957,483,-398,982,899,810,1518,1043,1753,96
479521,0,4269,-4114,-1144,56,-738,130,1957,483,-398,982,899,810,1518,1043,1753,96
479521,1,4271,-4115,-1145,57,-735,131,1955,482,-394,981,898,811,1518,1043,1754,97
479521,1,4270,-4113,-1146,58,-738,130,1957,481,-395,983,898,811,1519,1043,1753,96
479521,1,4269,-4114,-1144,58,-739,132,1954,482,-395,981,900,813,1518,1044,1752,95
479521,1,4270,-4114,-1146,57,-736,130,1956,481,-396,981,896,811,1519,1044,1753,95
479521,0,4270,-4114,-1146,57,-736,130,1956,481,-396,981,896,811,1519,1044,1753,95
479521,1,4270,-4114,-1146,59,-738,132,1955,482,-396,981,899,814,1517,1040,1755,94
479521,1,4271,-4114,-1145,55,-738,131,1956,482,-395,981,899,813,1518,1042,1753,95
479521,1,4272,-4115,-1141,57,-734,132,1953,483,-398,982,896,810,1519,1044,1753,94
479521,1,4271,-4114,-1145,57,-738,129,1956,485,-395,983,898,812,1517,1042,1754,96
479521,0,4271,-4114,-1145,57,-738,129,1956,485,-395,983,898,812,1517,1042,1754,96
479521,1,4271,-4112,-1143,56,-736,130,1956,481,-396,982,899,811,1517,1041,1753,94
479521,1,4271,-4117,-1144,56,-738,132,1956,484,-397,980,897,812,1518,1041,1754,95
479521,1,4271,-4115,-1144,58,-736,131,1954,485,-395,979,898,813,1516,1043,1751,94
479521,1,4273,-4115,-1144,55,-738,132,1955,483,-395,981,901,811,1519,1041,1752,94
479521,0,4273,-4115,-1144,55,-738,132,1955,483,-395,981,901,811,1519,1041,1752,94
479521,1,4269,-4115,-1144,58,-739,130,1955,483,-398,980,897,810,1517,1045,1753,95
479521,1,4269,-4115,-1144,57,-736,130,1955,483,-395,981,897,813,1519,1042,1751,91
479521,1,4272,-4113,-1143,59,-737,130,1956,482,-397,980,898,813,1519,1042,1751,93
479521,1,4270,-4113,-1143,56,-738,132,1958,484,-395,983,896,811,1516,1039,1756,94
479521,0,4270,-4113,-1143,56,-738,132,1958,484,-395,983,896,811,1516,1039,1756,94
479521,1,4272,-4112,-1143,57,-738,132,1957,484,-395,979,897,813,1519,1043,1752,92
479521,1,4270,-4111,-1143,58,-736,133,1957,479,-398,981,899,809,1518,1041,1753,93
479521,1,4269,-4114,-1144,59,-736,133,1957,483,-396,980,896,812,1520,1042,1753,95
479521,1,4269,-4114,-1146,59,-737,131,1956,484,-394,981,899,813,1515,1043,1753,94
479521,0,4269,-4114,-1146,59,-737,131,1956,484,-394,981,899,813,1515,1043,1753,94
479521,1,4271,-4115,-1145,58,-738,131,1957,485,-397,982,896,810,1518,1042,1750,95
479521,1,4270,-4115,-1144,58,-739,131,1954,481,-396,981,900,814,1514,1044,1751,91
479521,1,4270,-4114,-1145,55,-739,130,1955,484,-395,981,898,812,1517,1042,1753,93
479521,1,4270,-4114,-1143,56,-740,131,1955,483,-395,979,897,814,1519,1043,1751,94
479521,0,4270,-4114,-1143,56,-740,131,1955,483,-395,979,897,814,1519,1043,1751,94
479521,1,4273,-4113,-1146,57,-739,130,1953,484,-395,982,899,813,1518,1043,1750,94
479521,1,4274,-4112,-1145,57,-736,133,1956,483,-396,979,897,810,1517,1044,1751,94
479521,1,4273,-4117,-1145,56,-739,131,1956,485,-396,984,898,813,1517,1041,1751,95
479521,1,4272,-4113,-1144,57,-737,131,1956,484,-399,979,899,812,1516,1041,1753,92
479521,0,4272,-4113,-1144,57,-737,131,1956,484,-399,979,899,812,1516,1041,1753,92
479521,1,4271,-4115,-1143,57,-736,129,1955,481,-393,980,899,812,1519,1041,1751,94
479521,1,4270,-4113,-1145,55,-738,131,1956,483,-396,981,897,810,1519,1043,1752,91
479521,1,4271,-4112,-1144,56,-736,133,1953,483,-395,982,899,813,1515,1043,1751,91
479521,1,4271,-4113,-1146,56,-737,132,1957,482,-396,982,898,811,1518,1043,1752,93
479521,0,4271,-4113,-1146,56,-737,132,1957,482,-396,982,898,811,1518,1043,1752,93
479521,1,4272,-4113,-1146,57,-736,130,1957,484,-397,981,898,812,1518,1043,1752,91
479521,1,4270,-4114,-1144,58,-738,130,1956,483,-397,980,897,809,1515,1044,1753,91
479521,1,4271,-4114,-1144,57,-735,130,1955,484,-397,984,898,812,1516,1042,1752,93
479521,1,4271,-4114,-1142,58,-736,132,1953,479,-398,981,898,810,1516,1044,1754,93
479521,0,4271,-4114,-1142,58,-736,132,1953,479,-398,981,898,810,1516,1044,1754,93
479521,1,4271,-4112,-1145,57,-737,130,1954,483,-397,983,898,812,1517,1044,1753,92
479521,1,4273,-4114,-1143,58,-736,130,1954,483,-394,981,897,811,1516,1040,1753,91
479521,1,4272,-4113,-1143,56,-737,132,1952,482,-397,982,900,813,1518,1040,1748,90
479521,1,4271,-4114,-1144,55,-737,129,1954,485,-396,981,898,812,1519,1042,1750,91
479521,0,4271,-4114,-1144,55,-737,129,1954,485,-396,981,898,812,1519,1042,1750,91
479521,1,4269,-4114,-1144,57,-736,130,1954,482,-397,981,898,813,1519,1043,1753,91
479521,1,4272,-4113,-1145,55,-738,132,1956,486,-395,979,897,811,1518,1041,1752,89
479521,1,4270,-4115,-1144,55,-738,131,1953,481,-394,979,897,810,1518,1043,1752,91
479521,1,4271,-4114,-1144,55,-736,131,1955,485,-395,981,896,812,1519,1044,1754,94
479521,0,4271,-4114,-1144,55,-736,131,1955,485,-395,981,896,812,1519,1044,1754,94
479521,1,4270,-4115,-1143,57,-736,134,1954,482,-394,980,895,813,1516,1041,1751,91
479521,1,4270,-4116,-1144,55,-735,131,1955,482,-395,980,899,811,1517,1043,1750,93
479521,1,4270,-4112,-1145,58,-738,126,1953,482,-397,981,898,810,1515,1043,1751,90
479521,1,4270,-4116,-1146,56,-736,130,1955,480,-396,980,900,809,1519,1043,1751,92
479521,0,4270,-4116,-1146,56,-736,130,1955,480,-396,980,900,809,1519,1043,1751,92
479521,1,4270,-4114,-1145,57,-735,132,1955,484,-396,981,899,812,1521,1039,1753,89
479521,1,4272,-4113,-1145,56,-736,130,1953,481,-394,981,897,813,1517,1042,1751,90
479521,1,4270,-4113,-1146,56,-738,131,1956,482,-395,980,898,811,1517,1044,1753,89
479521,1,4269,-4115,-1144,56,-738,130,1956,484,-396,981,896,811,1517,1042,1752,91
479521,1,4271,-4114,-1145,56,-736,129,1953,482,-394,979,898,811,1518,1041,1751,91
479521,0,4271,-4114,-1145,56,-736,129,1953,482,-394,979,898,811,1518,1041,1751,91
479521,1,4273,-4111,-1145,54,-738,132,1955,483,-395,981,898,813,1520,1041,1751,89
479521,1,4271,-4114,-1144,57,-737,130,1953,482,-394,980,896,812,1516,1041,1750,89
479521,1,4272,-4112,-1142,56,-738,129,1953,481,-396,981,895,812,1516,1044,1753,92
479521,1,4271,-4116,-1145,55,-736,131,1953,485,-396,981,900,810,1519,1041,1751,90
479521,0,4271,-4116,-1145,55,-736,131,1953,485,-396,981,900,810,1519,1041,1751,90
479521,1,4270,-4112,-1144,56,-738,130,1955,482,-398,979,900,810,1518,1043,1749,91
479521,1,4273,-4113,-1144,56,-736,129,1957,485,-396,977,898,813,1518,1040,1753,91
479521,1,4273,-4114,-1145,56,-736,128,1954,485,-395,980,896,811,1517,1042,1751,87
479521,1,4272,-4114,-1144,56,-737,130,1954,482,-396,981,898,810,1517,1043,1749,91
479521,0,4272,-4114,-1144,56,-737,130,1954,482,-396,981,898,810,1517,1043,1749,91
479521,1,4271,-4115,-1145,59,-734,130,1954,482,-395,979,898,811,1518,1042,1749,90
479521,1,4270,-4114,-1146,56,-735,130,1954,484,-396,981,897,811,1514,1042,1751,89
479521,1,4270,-4113,-1145,57,-737,132,1955,482,-395,980,899,812,1519,1040,1751,91
479521,1,4271,-4114,-1144,58,-738,130,1955,483,-396,980,898,811,1518,1040,1751,90
479521,0,4271,-4114,-1144,58,-738,130,1955,483,-396,980,898,811,1518,1040,1751,90
479521,1,4271,-4113,-1146,56,-736,130,1953,484,-396,982,898,812,1516,1042,1753,88
479521,1,4271,-4114,-1145,56,-735,132,1956,484,-395,981,897,812,1517,1043,1751,90
479521,1,4270,-4111,-1144,56,-736,129,1954,482,-395,979,896,811,1515,1042,1751,88
479521,1,4271,-4114,-1145,57,-738,128,1954,481,-397,981,898,810,1517,1042,1751,89
479521,0,4271,-4114,-1145,57,-738,128,1954,481,-397,981,898,810,1517,1042,1751,89
479521,1,4272,-4115,-1145,57,-736,130,1954,482,-396,980,897,809,1517,1043,1751,90
479521,1,4272,-4113,-1146,57,-736,128,1954,481,-395,982,898,811,1514,1043,1753,89
479521,1,4271,-4109,-1145,56,-738,130,1953,482,-395,978,897,811,1518,1039,1751,89
479521,1,4271,-4114,-1146,57,-736,129,1955,482,-396,981,898,812,1516,1040,1753,89
479521,0,4271,-4114,-1146,57,-736,129,1955,482,-396,981,898,812,1516,1040,1753,89
479521,1,4272,-4112,-1146,54,-737,129,1953,481,-396,980,897,810,1516,1043,1753,89
479521,1,4272,-4114,-1146,56,-735,132,1951,482,-396,980,899,811,1517,1041,1752,89
479521,1,4270,-4114,-1146,56,-737,130,1953,482,-395,981,895,810,1519,1042,1751,89
479521,1,4272,-4112,-1146,57,-737,128,1952,483,-396,979,898,812,1516,1042,1752,90
479521,0,4272,-4112,-1146,57,-737,128,1952,483,-396,979,898,812,1516,1042,1752,90
479521,1,4272,-4112,-1146,57,-738,131,1953,482,-397,979,897,810,1517,1042,1751,90
479521,1,4271,-4111,-1145,57,-735,129,1953,480,-395,980,899,811,1520,1043,1756,88
479521,1,4272,-4114,-1146,57,-736,129,1956,480,-395,981,898,812,1522,1042,1753,89
479521,1,4271,-4111,-1143,56,-737,130,1955,481,-397,979,897,812,1517,1041,1752,89
479521,0,4271,-4111,-1143,56,-737,130,1955,481,-397,979,897,812,1517,1041,1752,89
479521,1,4271,-4113,-1146,59,-736,130,1952,484,-398,981,897,809,1516,1041,1753,89
479521,1,4269,-4111,-1144,58,-736,130,1953,482,-396,980,898,811,1515,1042,1750,88
479521,1,4270,-4114,-1146,56,-734,132,1956,482,-397,979,897,812,1516,1042,1754,88
479521,1,4271,-4113,-1146,55,-737,131,1954,482,-395,981,898,812,1516,1042,1751,90
479521,0,4271,-4113,-1146,55,-737,131,1954,482,-395,981,898,812,1516,1042,1751,90
479521,1,4272,-4111,-1145,59,-736,130,1955,484,-396,981,898,811,1518,1042,1750,90
479521,1,4268,-4113,-1147,57,-736,130,1955,482,-396,981,898,813,1519,1044,1749,89
479521,1,4272,-4113,-1147,55,-737,128,1954,482,-398,981,898,813,1518,1043,1751,89
479521,1,4271,-4112,-1147,56,-736,131,1955,482,-393,981,897,811,1518,1041,1752,88
479521,0,4271,-4112,-1147,56,-736,131,1955,482,-393,981,897,811,1518,1041,1752,88
479521,1,4270,-4115,-1148,55,-735,130,1955,483,-397,980,897,813,1515,1040,1752,89
479521,1,4271,-4113,-1146,57,-734,130,1955,481,-395,978,895,812,1517,1041,1750,89
479521,1,4272,-4114,-1144,56,-735,130,1950,482,-394,981,898,810,1517,1042,1749,88
479521,1,4270,-4114,-1146,56,-736,129,1954,482,-395,981,895,813,1517,1043,1751,87
479521,0,4270,-4114,-1146,56,-736,129,1954,482,-395,981,895,813,1517,1043,1751,87
479521,1,4271,-4112,-1145,56,-737,128,1956,482,-396,979,895,814,1519,1042,1750,89
479521,1,4271,-4117,-1145,55,-737,131,1953,485,-394,979,895,811,1520,1040,1750,88
479521,1,4267,-4113,-1145,56,-736,128,1953,481,-395,979,895,813,1517,1042,1750,87
479521,1,4270,-4114,-1146,57,-736,128,1955,481,-396,982,897,809,1518,1042,1750,87
479522,0,4270,-4114,-1146,57,-736,128,1955,481,-396,982,897,809,1518,1042,1750,87
479522,1,4271,-4115,-1149,57,-736,132,1955,480,-395,981,894,812,1519,1040,1750,87
479522,1,4271,-4114,-1146,57,-736,130,1954,480,-394,980,898,811,1518,1039,1752,88
479522,1,4270,-4112,-1146,59,-737,130,1955,485,-397,980,898,813,1518,1041,1749,88
479522,1,4271,-4113,-1147,56,-735,130,1954,482,-394,981,899,812,1517,1041,1751,86
479522,0,4271,-4113,-1147,56,-735,130,1954,482,-394,981,899,812,1517,1041,1751,86
479522,1,4271,-4115,-1144,58,-735,132,1953,481,-397,981,899,813,1519,1039,1750,86
479522,1,4271,-4116,-1149,56,-738,128,1954,480,-394,980,899,811,1518,1041,1751,86
479522,1,4271,-4110,-1146,57,-736,131,1954,482,-395,981,899,811,1517,1042,1751,88
479522,1,4270,-4114,-1145,57,-734,128,1952,480,-395,981,897,809,1518,1042,1751,89
479522,0,4270,-4114,-1145,57,-734,128,1952,480,-395,981,897,809,1518,1042,1751,89
479522,1,4271,-4114,-1146,54,-735,131,1955,480,-397,980,898,811,1518,1040,1751,89
479522,1,4271,-4114,-1145,55,-733,129,1954,481,-396,980,897,812,1517,1043,1752,86
479522,1,4271,-4114,-1146,54,-736,132,1954,481,-394,983,897,813,1517,1040,1750,89
479522,1,4270,-4114,-1146,55,-735,128,1953,481,-393,980,896,812,1515,1038,1752,87
479522,1,4270,-4114,-1146,59,-737,130,1952,481,-394,980,897,812,1518,1042,1751,89
479522,0,4270,-4114,-1146,59,-737,130,1952,481,-394,980,897,812,1518,1042,1751,89
479522,1,4272,-4113,-1144,57,-737,128,1954,482,-394,980,897,813,1516,1039,1749,87
479522,1,4271,-4111,-1148,56,-737,127,1955,481,-396,981,899,811,1518,1040,1750,89
479522,1,4270,-4114,-1145,56,-736,129,1954,482,-396,978,897,810,1518,1038,1751,89
479522,1,4270,-4114,-1145,59,-736,130,1953,482,-396,982,895,811,1517,1036,1748,89
479522,0,4270,-4114,-1145,59,-736,130,1953,482,-396,982,895,811,1517,1036,1748,89
479522,1,4270,-4112,-1146,56,-734,130,1953,481,-394,980,899,809,1516,1038,1751,88
479522,1,4270,-4113,-1146,55,-736,129,1952,480,-394,981,897,814,1518,1039,1750,87
479522,1,4274,-4113,-1146,54,-736,129,1951,481,-395,979,897,811,1516,1039,1749,85
479522,1,4273,-4115,-1144,57,-736,128,1955,484,-398,981,896,812,1517,1041,1750,86
479522,0,4273,-4115,-1144,57,-736,128,1955,484,-398,981,896,812,1517,1041,1750,86
479522,1,4272,-4114,-1148,57,-736,129,1953,480,-396,979,897,812,1516,1038,1751,89
479522,1,4272,-4112,-1146,56,-735,129,1954,482,-396,982,897,813,1516,1041,1750,88
479522,1,4268,-4111,-1145,58,-736,129,1954,479,-394,980,896,814,1519,1040,1751,86
479522,1,4268,-4114,-1144,54,-733,128,1954,482,-395,981,896,810,1518,1040,1748,88
479522,0,4268,-4114,-1144,54,-733,128,1954,482,-395,981,896,810,1518,1040,1748,88
479522,1,4270,-4114,-1146,53,-737,130,1952,480,-394,980,899,810,1519,1039,1751,86
479522,1,4271,-4113,-1146,57,-731,128,1952,480,-394,981,896,810,1515,1038,1751,87
479522,1,4271,-4114,-1146,58,-738,129,1954,480,-395,979,897,813,1518,1039,1748,87
479522,1,4270,-4116,-1146,55,-736,128,1954,482,-395,977,897,815,1517,1038,1751,85
479522,0,4270,-4116,-1146,55,-736,128,1954,482,-395,977,897,815,1517,1038,1751,85
479522,1,4271,-4114,-1147,55,-734,129,1953,482,-396,982,896,809,1518,1037,1750,85
479522,1,4271,-4112,-1145,54,-735,128,1952,486,-395,983,896,812,1518,1038,1750,85
479522,1,4271,-4113,-1146,57,-738,129,1954,484,-396,980,896,811,1518,1040,1749,84
479522,1,4270,-4113,-1145,57,-734,129,1954,482,-394,981,897,812,1521,1040,1749,83
479522,0,4270,-4113,-1145,57,-734,129,1954,482,-394,981,897,812,1521,1040,1749,83
479522,1,4270,-4113,-1146,56,-736,128,1952,482,-396,981,896,810,1519,1040,1749,88
479522,1,4270,-4113,-1146,57,-734,131,1952,481,-394,979,898,809,1518,1036,1751,86
479522,1,4270,-4114,-1146,57,-737,130,1955,482,-395,980,898,809,1518,1039,1752,86
479522,1,4272,-4112,-1147,58,-735,130,1958,483,-395,979,898,813,1518,1040,1752,86
479522,0,4272,-4112,-1147,58,-735,130,1958,483,-395,979,898,813,1518,1040,1752,86
479522,1,4272,-4114,-1145,57,-733,128,1954,483,-395,981,897,811,1519,1038,1750,86
479522,1,4272,-4110,-1145,57,-735,127,1953,483,-394,981,898,811,1516,1037,1751,88
479522,1,4271,-4111,-1148,59,-735,128,1954,482,-394,981,894,813,1516,1038,1747,86
479522,1,4269,-4111,-1147,57,-733,130,1953,481,-394,981,897,812,1519,1038,1749,86
479522,0,4269,-4111,-1147,57,-733,130,1953,481,-394,981,897,812,1519,1038,1749,86
479522,1,4269,-4109,-1145,56,-734,128,1954,481,-395,980,896,813,1519,1038,1753,82
479522,1,4270,-4113,-1144,58,-734,128,1953,481,-394,984,897,809,1518,1040,1751,85
479522,1,4270,-4111,-1148,55,-736,128,1952,480,-396,981,896,811,1519,1039,1750,86
479522,1,4272,-4114,-1146,60,-733,128,1953,484,-395,980,897,810,1520,1036,1750,86
479522,0,4272,-4114,-1146,60,-733,128,1953,484,-395,980,897,810,1520,1036,1750,86
479522,1,4270,-4111,-1147,55,-738,130,1954,478,-396,981,896,811,1518,1038,1748,85
479522,1,4270,-4116,-1148,57,-735,126,1952,481,-395,980,896,811,1518,1037,1747,84
479522,1,4270,-4112,-1144,56,-734,129,1955,481,-396,978,897,811,1516,1038,1749,84
479522,1,4270,-4113,-1145,57,-733,130,1953,480,-398,980,898,809,1515,1040,1751,85
479522,0,4270,-4113,-1145,57,-733,130,1953,480,-398,980,898,809,1515,1040,1751,85
479522,1,4270,-4112,-1147,54,-735,130,1956,482,-396,978,896,812,1517,1035,1751,88
479522,1,4271,-4115,-1145,57,-734,131,1954,480,-396,979,896,811,1518,1038,1751,86
479522,1,4271,-4111,-1146,55,-735,131,1953,481,-394,983,897,811,1517,1036,1750,85
479522,1,4272,-4114,-1146,57,-733,130,1954,482,-397,983,897,812,1520,1037,1749,87
479522,0,4272,-4114,-1146,57,-733,130,1954,482,-397,983,897,812,1520,1037,1749,87
479522,1,4270,-4114,-1144,56,-734,132,1954,482,-395,979,896,810,1518,1036,1748,87
479522,1,4271,-4110,-1143,56,-733,130,1954,482,-395,980,897,811,1517,1039,1751,87
479522,1,4270,-4114,-1144,55,-736,130,1954,480,-394,980,894,811,1519,1038,1749,83
479522,1,4271,-4112,-1148,55,-735,128,1956,483,-395,978,897,811,1517,1038,1751,83
479522,0,4271,-4112,-1148,55,-735,128,1956,483,-395,978,897,811,1517,1038,1751,83
479522,1,4271,-4115,-1145,56,-734,128,1953,482,-395,982,897,812,1515,1038,1750,86
479522,1,4271,-4113,-1145,56,-733,128,1953,482,-395,980,897,813,1519,1038,1752,82
479522,1,4270,-4112,-1147,56,-734,131,1953,483,-396,980,896,810,1517,1036,1751,86
479522,1,4273,-4112,-1147,57,-734,129,1952,481,-396,978,895,810,1516,1038,1748,85
479522,0,4273,-4112,-1147,57,-734,129,1952,481,-396,978,895,810,1516,1038,1748,85
479522,1,4270,-4113,-1146,57,-733,128,1956,482,-395,979,900,808,1516,1034,1747,85
479522,1,4271,-4115,-1145,55,-733,129,1952,482,-397,982,898,809,1516,1037,1750,84
479522,1,4272,-4112,-1146,56,-733,128,1952,480,-396,980,895,811,1522,1038,1749,82
479522,1,4271,-4114,-1146,60,-736,128,1953,482,-394,979,897,811,1518,1035,1750,82
479522,0,4271,-4114,-1146,60,-736,128,1953,482,-394,979,897,811,1518,1035,1750,82
479522,1,4273,-4113,-1147,56,-736,125,1953,482,-394,980,897,812,1519,1036,1751,83
479522,1,4270,-4110,-1146,58,-733,128,1953,482,-395,982,895,809,1519,1038,1750,84
479522,1,4271,-4114,-1147,56,-736,128,1953,482,-395,979,895,812,1516,1037,1752,83
479522,1,4270,-4113,-1147,56,-733,129,1952,481,-397,980,897,813,1517,1035,1748,83
479522,1,4270,-4112,-1145,56,-734,129,1954,482,-396,979,895,811,1519,1037,1749,83
479522,0,4270,-4112,-1145,56,-734,129,1954,482,-396,979,895,811,1519,1037,1749,83
479522,1,4271,-4113,-1147,58,-735,128,1953,481,-397,980,896,810,1519,1039,1750,85
479522,1,4273,-4114,-1146,55,-733,129,1951,481,-394,980,894,810,1517,1034,1748,84
479522,1,4271,-4113,-1148,58,-735,128,1953,482,-397,980,898,810,1515,1036,1751,80
479522,1,4272,-4114,-1149,56,-734,129,1952,481,-394,980,897,811,1518,1036,1752,82
479522,0,4272,-4114,-1149,56,-734,129,1952,481,-394,980,897,811,1518,1036,1752,82
479522,1,4272,-4112,-1145,56,-733,131,1954,481,-396,981,894,811,1517,1037,1751,81
479522,1,4271,-4112,-1145,56,-732,130,1952,481,-396,979,896,811,1520,1035,1749,83
479522,1,4269,-4113,-1148,57,-735,127,1955,482,-397,981,893,812,1517,1036,1748,84
479522,1,4271,-4112,-1147,57,-734,128,1952,482,-394,979,897,810,1517,1035,1749,84
479522,0,4271,-4112,-1147,57,-734,128,1952,482,-394,979,897,810,1517,1035,1749,84
479522,1,4272,-4115,-1146,54,-734,127,1952,479,-394,981,895,809,1516,1037,1748,82
479522,1,4270,-4111,-1146,55,-738,129,1954,481,-395,981,894,809,1519,1035,1751,83
479522,1,4270,-4114,-1147,56,-734,128,1955,481,-395,980,897,811,1519,1035,1748,82
479522,1,4275,-4117,-1147,57,-735,130,1953,482,-394,978,897,811,1517,1037,1751,83
479522,0,4275,-4117,-1147,57,-735,130,1953,482,-394,978,897,811,1517,1037,1751,83
479522,1,4273,-4114,-1144,57,-735,129,1954,482,-398,980,896,810,1521,1035,1750,83
479522,1,4271,-4113,-1145,56,-734,126,1955,478,-395,981,896,809,1519,1034,1750,83
479522,1,4269,-4114,-1146,56,-734,128,1955,481,-396,977,896,811,1517,1038,1749,85
479522,1,4270,-4114,-1147,56,-732,130,1953,478,-397,980,897,810,1521,1037,1749,82
479522,0,4270,-4114,-1147,56,-732,130,1953,478,-397,980,897,810,1521,1037,1749,82
479522,1,4272,-4112,-1146,54,-734,128,1953,481,-397,981,896,810,1516,1035,1751,82
479522,1,4272,-4113,-1146,56,-733,129,1954,482,-392,982,897,810,1520,1036,1751,81
479522,1,4271,-4115,-1147,55,-736,127,1953,481,-397,980,896,809,1516,1037,1750,82
479522,1,4271,-4114,-1147,57,-733,130,1954,479,-395,981,898,811,1517,1036,1750,84
479522,0,4271,-4114,-1147,57,-733,130,1954,479,-395,981,898,811,1517,1036,1750,84
479522,1,4270,-4114,-1145,56,-734,128,1954,480,-397,979,896,811,1517,1036,1748,81
479522,1,4271,-4114,-1145,56,-734,128,1955,481,-395,981,894,813,1519,1036,1749,84
479522,1,4269,-4111,-1146,56,-733,128,1954,484,-395,979,897,811,1517,1036,1749,82
479522,1,4272,-4113,-1146,56,-731,128,1955,481,-397,979,896,811,1518,1036,1751,81
479522,0,4272,-4113,-1146,56,-731,128,1955,481,-397,979,896,811,1518,1036,1751,81
479522,1,4271,-4113,-1146,55,-735,128,1953,482,-396,981,897,810,1519,1035,1750,81
479522,1,4273,-4113,-1145,57,-735,128,1953,480,-397,981,897,809,1514,1035,1749,82
479522,1,4272,-4114,-1145,56,-733,131,1952,481,-394,981,895,811,1517,1034,1750,79
479522,1,4271,-4112,-1147,55,-732,129,1953,483,-394,979,894,810,1515,1035,1750,81
479522,0,4271,-4112,-1147,55,-732,129,1953,483,-394,979,894,810,1515,1035,1750,81
479522,1,4269,-4114,-1146,56,-734,129,1952,481,-397,980,894,810,1517,1034,1750,80
479522,1,4272,-4112,-1146,54,-733,129,1953,481,-396,980,897,810,1517,1033,1750,82
479522,1,4270,-4112,-1147,55,-733,132,1954,483,-394,981,893,809,1517,1038,1751,82
479522,1,4272,-4113,-1147,55,-734,127,1953,481,-395,980,896,811,1518,1036,1751,82
479522,0,4272,-4113,-1147,55,-734,127,1953,481,-395,980,896,811,1518,1036,1751,82
479522,1,4269,-4112,-1149,59,-734,131,1954,481,-396,980,896,810,1518,1035,1751,81
479522,1,4272,-4113,-1149,54,-738,129,1953,480,-397,981,899,810,1519,1035,1750,82
479522,1,4270,-4111,-1148,59,-733,127,1954,479,-395,979,895,811,1516,1035,1750,80
479522,1,4271,-4113,-1145,56,-734,125,1954,482,-397,980,894,809,1515,1038,1750,81
479522,0,4271,-4113,-1145,56,-734,125,1954,482,-397,980,894,809,1515,1038,1750,81
479522,1,4271,-4114,-1147,57,-735,131,1954,480,-395,979,897,813,1519,1035,1749,82
479522,1,4270,-4116,-1146,55,-733,128,1955,481,-395,980,896,810,1518,1034,1750,79
479522,1,4269,-4112,-1145,56,-733,128,1954,481,-395,980,899,811,1516,1033,1748,80
479522,1,4272,-4112,-1148,55,-734,128,1953,481,-394,981,897,811,1516,1034,1751,76
479522,0,4272,-4112,-1148,55,-734,128,1953,481,-394,981,897,811,1516,1034,1751,76
479522,1,4273,-4112,-1146,55,-734,128,1954,482,-395,980,896,809,1517,1035,1749,81
479522,1,4272,-4114,-1147,55,-735,128,1953,483,-394,980,896,809,1520,1032,1751,80
479522,1,4271,-4113,-1145,55,-732,126,1953,481,-397,982,895,811,1518,1034,1750,80
479522,1,4273,-4113,-1145,55,-735,126,1954,481,-394,980,900,808,1516,1035,1748,82
479522,0,4273,-4113,-1145,55,-735,126,1954,481,-394,980,900,808,1516,1035,1748,82
479522,1,4272,-4112,-1146,58,-733,130,1953,481,-397,979,897,810,1519,1035,1748,81
479522,1,4270,-4115,-1145,56,-732,129,1957,483,-396,981,896,809,1518,1035,1751,79
479522,1,4272,-4113,-1148,56,-735,128,1954,482,-395,980,895,810,1520,1035,1751,78
479522,1,4270,-4113,-1147,56,-731,126,1952,484,-396,981,899,812,1516,1034,1751,81
479522,0,4270,-4113,-1147,56,-731,126,1952,484,-396,981,899,812,1516,1034,1751,81
479522,1,4270,-4114,-1145,56,-734,129,1954,483,-396,982,897,809,1517,1033,1750,77
479522,1,4272,-4113,-1146,55,-734,129,1955,482,-393,977,894,806,1520,1035,1749,81
479522,1,4270,-4114,-1150,56,-733,129,1952,481,-394,980,897,811,1517,1036,1748,80
479522,1,4269,-4113,-1147,54,-733,131,1953,480,-397,981,895,809,1515,1034,1749,79
479522,0,4269,-4113,-1147,54,-733,131,1953,480,-397,981,895,809,1515,1034,1749,79
479522,1,4271,-4114,-1146,54,-734,128,1953,483,-395,980,897,811,1517,1034,1751,79
479522,1,4271,-4114,-1148,54,-735,128,1954,483,-395,980,895,809,1518,1034,1749,80
479522,1,4270,-4115,-1149,53,-732,130,1953,482,-396,980,895,810,1515,1034,1749,81
479522,1,4270,-4112,-1145,52,-735,130,1952,482,-392,981,896,812,1520,1034,1748,79
479522,1,4271,-4115,-1147,55,-734,129,1953,481,-396,979,896,811,1516,1034,1748,78
479522,0,4271,-4115,-1147,55,-734,129,1953,481,-396,979,896,811,1516,1034,1748,78
479522,1,4272,-4114,-1146,55,-732,128,1952,481,-396,981,897,808,1521,1035,1751,78
479522,1,4270,-4113,-1145,55,-734,127,1952,482,-398,981,897,809,1518,1034,1750,79
479522,1,4272,-4114,-1145,56,-735,128,1952,481,-394,980,897,810,1518,1034,1748,78
479522,1,4269,-4113,-1146,56,-734,127,1952,481,-394,979,893,810,1518,1035,1744,82
479522,0,4269,-4113,-1146,56,-734,127,1952,481,-394,979,893,810,1518,1035,1744,82
479522,1,4272,-4113,-1146,55,-734,130,1952,484,-397,982,896,808,1518,1035,1750,80
479522,1,4271,-4114,-1145,57,-731,128,1952,482,-397,981,896,809,1519,1032,1748,78
479522,1,4270,-4113,-1147,55,-732,128,1952,483,-396,980,896,808,1518,1032,1749,78
479522,1,4270,-4113,-1147,58,-732,128,1953,482,-394,981,894,809,1518,1035,1751,79
479522,0,4270,-4113,-1147,58,-732,128,1953,482,-394,981,894,809,1518,1035,1751,79
479522,1,4270,-4115,-1149,55,-734,128,1954,481,-395,981,894,809,1521,1033,1750,78
479522,1,4271,-4111,-1147,53,-734,128,1954,481,-396,977,897,810,1516,1033,1748,81
479522,1,4267,-4111,-1148,55,-734,128,1954,482,-398,984,895,811,1519,1033,1749,80
479522,1,4269,-4114,-1146,54,-733,130,1955,482,-395,981,895,808,1519,1035,1750,81
479522,0,4269,-4114,-1146,54,-733,130,1955,482,-395,981,895,808,1519,1035,1750,81
479522,1,4270,-4114,-1146,55,-733,128,1953,479,-395,980,897,808,1517,1032,1749,79
479522,1,4270,-4113,-1150,57,-732,129,1954,480,-396,979,895,809,1514,1035,1747,78
479522,1,4269,-4115,-1147,56,-733,127,1953,481,-396,979,895,808,1518,1035,1748,80
479522,1,4270,-4113,-1147,53,-731,127,1953,484,-396,978,895,813,1517,1034,1748,79
479522,0,4270,-4113,-1147,53,-731,127,1953,484,-396,978,895,813,1517,1034,1748,79
479522,1,4271,-4113,-1147,55,-736,127,1953,480,-394,980,896,807,1517,1034,1748,79
479522,1,4270,-4114,-1149,55,-733,131,1954,482,-394,981,896,807,1519,1033,1748,79
479522,1,4271,-4113,-1148,54,-731,130,1954,483,-396,981,896,809,1518,1034,1747,77
479522,1,4269,-4113,-1148,55,-732,129,1955,485,-395,981,896,808,1518,1033,1749,78
479522,0,4269,-4113,-1148,55,-732,129,1955,485,-395,981,896,808,1518,1033,1749,78
479522,1,4270,-4113,-1149,56,-733,128,1953,480,-393,981,899,808,1516,1031,1747,79
479522,1,4270,-4112,-1148,54,-733,126,1953,481,-397,981,898,808,1517,1034,1748,78
479522,1,4271,-4114,-1148,56,-735,130,1955,482,-395,979,895,809,1520,1034,1750,80
479522,1,4269,-4114,-1145,55,-734,127,1952,480,-396,978,895,811,1518,1035,1748,77
479522,0,4269,-4114,-1145,55,-734,127,1952,480,-396,978,895,811,1518,1035,1748,77
479522,1,4268,-4114,-1148,54,-736,128,1952,481,-397,980,899,809,1518,1034,1750,75
479522,1,4272,-4112,-1149,54,-734,130,1952,481,-396,981,895,808,1518,1033,1749,79
479522,1,4271,-4113,-1147,54,-733,126,1954,481,-394,980,897,808,1517,1033,1748,79
479522,1,4270,-4114,-1150,58,-732,128,1953,480,-397,981,897,809,1518,1031,1749,79
479522,0,4270,-4114,-1150,58,-732,128,1953,480,-397,981,897,809,1518,1031,1749,79
479522,1,4273,-4114,-1146,55,-734,128,1953,481,-396,980,895,807,1518,1034,1748,79
479522,1,4268,-4113,-1149,54,-733,129,1953,482,-398,981,895,808,1518,1031,1749,77
479522,1,4274,-4113,-1148,57,-733,128,1952,483,-395,982,894,807,1520,1033,1748,78
479522,1,4272,-4115,-1149,57,-734,130,1954,483,-395,977,894,810,1515,1033,1747,78
479522,0,4272,-4115,-1149,57,-734,130,1954,483,-395,977,894,810,1515,1033,1747,78
479522,1,4271,-4114,-1147,55,-733,127,1953,479,-394,981,896,809,1518,1032,1747,75
479523,1,4270,-4112,-1149,56,-731,129,1951,482,-396,980,894,812,1518,1029,1748,77
479523,1,4271,-4114,-1149,54,-732,130,1951,483,-394,981,897,807,1519,1032,1749,79
479523,1,4269,-4112,-1149,55,-734,126,1953,481,-394,981,896,809,1516,1032,1748,79
479523,0,4269,-4112,-1149,55,-734,126,1953,481,-394,981,896,809,1516,1032,1748,79
479523,1,4271,-4113,-1149,54,-733,130,1952,479,-397,980,895,808,1516,1034,1745,77
479523,1,4268,-4114,-1149,53,-730,128,1955,484,-394,981,896,809,1516,1033,1748,76
479523,1,4271,-4115,-1151,57,-736,128,1954,480,-396,977,897,809,1519,1031,1748,77
479523,1,4272,-4114,-1150,56,-732,129,1953,482,-395,982,897,807,1518,1030,1746,78
479523,0,4272,-4114,-1150,56,-732,129,1953,482,-395,982,897,807,1518,1030,1746,78
479523,1,4271,-4115,-1148,53,-736,128,1953,481,-395,980,894,809,1516,1028,1747,77
479523,1,4271,-4113,-1150,55,-733,128,1952,480,-396,980,894,809,1518,1031,1748,76
479523,1,4270,-4113,-1149,55,-735,127,1953,481,-395,980,896,810,1518,1034,1751,79
479523,1,4273,-4113,-1150,54,-734,128,1951,482,-394,980,896,811,1515,1030,1747,78
479523,0,4273,-4113,-1150,54,-734,128,1951,482,-394,980,896,811,1515,1030,1747,78
479523,1,4271,-4114,-1151,56,-731,127,1952,481,-395,979,896,809,1517,1031,1749,78
479523,1,4272,-4115,-1148,53,-732,127,1953,481,-396,980,897,808,1521,1030,1747,80
479523,1,4271,-4115,-1150,56,-731,127,1952,481,-396,981,896,811,1518,1031,1747,76
479523,1,4272,-4113,-1150,57,-734,130,1952,481,-397,978,897,807,1518,1031,1750,78
479523,0,4272,-4113,-1150,57,-734,130,1952,481,-397,978,897,807,1518,1031,1750,78
479523,1,4270,-4114,-1149,56,-734,125,1952,482,-397,979,896,807,1516,1031,1748,77
479523,1,4269,-4113,-1151,55,-730,129,1954,481,-395,980,895,807,1520,1030,1750,77
479523,1,4272,-4111,-1151,54,-734,129,1953,481,-397,979,895,808,1517,1028,1750,79
479523,1,4270,-4115,-1149,55,-733,129,1952,480,-396,981,896,811,1519,1032,1748,75
479523,1,4269,-4111,-1151,53,-734,128,1952,480,-398,980,897,812,1517,1033,1750,75
479523,0,4269,-4111,-1151,53,-734,128,1952,480,-398,980,897,812,1517,1033,1750,75
479523,1,4271,-4115,-1151,56,-733,128,1953,480,-393,981,894,809,1520,1030,1748,77
479523,1,4270,-4113,-1150,54,-734,125,1952,479,-397,981,895,808,1519,1031,1748,75
479523,1,4271,-4111,-1152,56,-733,128,1952,482,-395,980,897,806,1518,1028,1750,75
479523,1,4271,-4113,-1153,55,-732,129,1955,482,-394,979,894,808,1516,1028,1750,76
479523,0,4271,-4113,-1153,55,-732,129,1955,482,-394,979,894,808,1516,1028,1750,76
479523,1,4270,-4113,-1150,54,-732,128,1954,480,-397,979,896,808,1518,1028,1749,77
479523,1,4271,-4114,-1151,52,-731,129,1953,480,-394,980,895,806,1517,1031,1748,79
479523,1,4269,-4112,-1151,56,-732,130,1953,482,-394,978,896,811,1515,1029,1748,75
479523,1,4271,-4114,-1151,53,-733,127,1953,481,-396,978,895,807,1519,1028,1748,76
479523,0,4271,-4114,-1151,53,-733,127,1953,481,-396,978,895,807,1519,1028,1748,76
479523,1,4270,-4116,-1151,55,-731,129,1955,480,-394,981,896,808,1519,1030,1748,78
479523,1,4269,-4115,-1149,55,-735,128,1952,480,-392,980,895,807,1520,1028,1750,74
479523,1,4271,-4112,-1152,54,-731,128,1952,482,-397,980,895,807,1517,1030,1749,74
479523,1,4270,-4113,-1154,53,-732,127,1954,479,-398,979,899,809,1519,1032,1751,76
479523,0,4270,-4113,-1154,53,-732,127,1954,479,-398,979,899,809,1519,1032,1751,76
479523,1,4269,-4113,-1154,55,-731,129,1952,480,-395,981,894,808,1516,1029,1750,77
479523,1,4272,-4113,-1153,55,-732,130,1955,484,-395,982,896,807,1515,1028,1750,75
479523,1,4270,-4112,-1151,55,-731,128,1951,479,-395,980,896,807,1516,1029,1749,75
479523,1,4272,-4112,-1152,55,-729,127,1953,482,-393,981,897,807,1520,1028,1749,77
479523,0,4272,-4112,-1152,55,-729,127,1953,482,-393,981,897,807,1520,1028,1749,77
479523,1,4268,-4114,-1150,54,-731,129,1952,479,-394,979,897,808,1519,1029,1749,77
479523,1,4269,-4113,-1151,57,-731,129,1951,481,-396,980,895,805,1518,1032,1750,75
479523,1,4270,-4114,-1152,53,-730,128,1951,482,-395,979,896,807,1518,1030,1747,76
479523,1,4270,-4114,-1152,55,-734,128,1953,482,-395,979,896,807,1517,1031,1749,77
479523,0,4270,-4114,-1152,55,-734,128,1953,482,-395,979,896,807,1517,1031,1749,77
479523,1,4268,-4111,-1152,58,-731,126,1952,480,-396,979,898,808,1516,1031,1747,74
479523,1,4268,-4115,-1150,54,-733,128,1954,482,-399,979,897,807,1519,1030,1748,78
479523,1,4270,-4114,-1152,53,-733,128,1953,480,-396,978,894,810,1520,1030,1750,77
479523,1,4270,-4113,-1153,53,-731,127,1953,480,-394,979,894,808,1521,1030,1748,75
479523,0,4270,-4113,-1153,53,-731,127,1953,480,-394,979,894,808,1521,1030,1748,75
479523,1,4270,-4111,-1154,56,-731,127,1952,482,-394,979,895,807,1515,1028,1748,75
479523,1,4271,-4113,-1152,56,-732,125,1953,481,-396,979,896,810,1519,1028,1748,75
479523,1,4270,-4111,-1153,56,-731,130,1954,482,-395,979,895,807,1519,1029,1747,77
479523,1,4268,-4115,-1153,55,-732,128,1951,481,-395,978,897,806,1518,1030,1748,75
479523,0,4268,-4115,-1153,55,-732,128,1951,481,-395,978,897,806,1518,1030,1748,75
479523,1,4270,-4113,-1151,55,-731,128,1952,483,-396,979,896,807,1520,1029,1748,75
479523,1,4270,-4114,-1152,56,-730,129,1951,480,-394,978,895,805,1517,1032,1749,75
479523,1,4270,-4112,-1152,55,-730,127,1952,479,-398,979,897,808,1515,1031,1750,77
479523,1,4271,-4114,-1153,55,-733,128,1953,482,-396,977,896,807,1516,1028,1750,73
479523,0,4271,-4114,-1153,55,-733,128,1953,482,-396,977,896,807,1516,1028,1750,73
479523,1,4270,-4111,-1153,55,-732,128,1950,483,-395,978,897,809,1518,1029,1747,74
479523,1,4269,-4114,-1153,54,-731,127,1953,482,-394,980,896,805,1519,1029,1748,77
479523,1,4270,-4112,-1150,56,-730,127,1952,481,-396,977,894,807,1519,1031,1750,75
479523,1,4272,-4113,-1151,54,-730,127,1953,482,-397,980,896,807,1517,1031,1749,75
479523,0,4272,-4113,-1151,54,-730,127,1953,482,-397,980,896,807,1517,1031,1749,75
479523,1,4270,-4114,-1152,54,-733,129,1953,482,-394,979,895,806,1517,1030,1748,76
479523,1,4270,-4113,-1153,55,-732,130,1952,481,-396,979,897,809,1515,1028,1748,76
479523,1,4270,-4114,-1153,52,-731,128,1951,482,-393,980,897,805,1518,1029,1748,76
479523,1,4269,-4114,-1153,55,-734,129,1950,481,-395,978,896,808,1517,1028,1748,74
479523,0,4269,-4114,-1153,55,-734,129,1950,481,-395,978,896,808,1517,1028,1748,74
479523,1,4269,-4114,-1152,54,-730,128,1954,480,-394,977,896,807,1519,1030,1748,76
479523,1,4271,-4113,-1153,55,-729,127,1950,481,-396,979,897,808,1520,1028,1747,74
479523,1,4272,-4111,-1154,56,-734,128,1948,480,-394,978,896,808,1515,1032,1748,74
479523,1,4272,-4114,-1153,54,-730,125,1951,481,-397,980,896,809,1518,1029,1747,74
479523,0,4272,-4114,-1153,54,-730,125,1951,481,-397,980,896,809,1518,1029,1747,74
479523,1,4271,-4115,-1155,56,-729,126,1948,480,-395,976,896,808,1518,1027,1748,73
479523,1,4270,-4112,-1152,55,-732,127,1952,480,-397,981,896,808,1520,1028,1749,75
479523,1,4272,-4112,-1153,54,-731,128,1952,481,-395,980,894,809,1518,1030,1749,75
479523,1,4271,-4111,-1154,55,-733,129,1950,482,-397,978,896,809,1517,1027,1749,75
479523,0,4271,-4111,-1154,55,-733,129,1950,482,-397,978,896,809,1517,1027,1749,75
479523,1,4271,-4112,-1154,56,-731,128,1952,479,-397,979,896,807,1517,1031,1748,75
479523,1,4271,-4113,-1155,55,-734,129,1952,482,-395,981,896,805,1518,1029,1747,77
479523,1,4271,-4112,-1155,55,-731,127,1952,481,-396,977,894,806,1518,1029,1749,74
479523,1,4269,-4116,-1153,53,-730,129,1951,483,-397,977,894,806,1517,1029,1749,77
479523,0,4269,-4116,-1153,53,-730,129,1951,483,-397,977,894,806,1517,1029,1749,77
479523,1,4269,-4111,-1153,53,-732,127,1952,482,-396,977,895,806,1518,1029,1748,75
479523,1,4273,-4116,-1155,54,-731,131,1952,482,-397,978,894,806,1519,1028,1748,75
479523,1,4271,-4114,-1157,55,-729,127,1951,479,-396,978,897,805,1520,1029,1748,75
479523,1,4270,-4115,-1156,54,-730,126,1952,482,-395,980,896,806,1519,1031,1747,76
479523,1,4268,-4113,-1156,54,-731,126,1953,481,-395,980,896,807,1519,1029,1746,75
479523,0,4268,-4113,-1156,54,-731,126,1953,481,-395,980,896,807,1519,1029,1746,75
479523,1,4271,-4113,-1155,53,-731,127,1950,481,-396,977,896,807,1518,1029,1750,74
479523,1,4268,-4111,-1157,55,-730,129,1951,480,-395,976,896,807,1517,1029,1749,75
479523,1,4270,-4114,-1156,53,-731,127,1952,482,-395,979,895,805,1518,1028,1748,74
479523,1,4271,-4113,-1156,55,-730,128,1952,481,-395,979,894,807,1516,1028,1747,75
479523,0,4271,-4113,-1156,55,-730,128,1952,481,-395,979,894,807,1516,1028,1747,75
479523,1,4272,-4112,-1155,55,-732,127,1952,480,-394,978,895,805,1517,1028,1748,76
479523,1,4273,-4113,-1155,55,-730,128,1954,481,-397,979,894,805,1519,1029,1749,75
479523,1,4271,-4113,-1155,56,-729,128,1950,482,-394,977,896,807,1517,1030,1747,76
479523,1,4269,-4111,-1153,54,-731,125,1951,481,-395,979,895,807,1518,1030,1749,75
479523,0,4269,-4111,-1153,54,-731,125,1951,481,-395,979,895,807,1518,1030,1749,75
479523,1,4270,-4111,-1154,54,-731,127,1952,481,-397,979,895,806,1518,1028,1747,77
479523,1,4270,-4113,-1157,55,-729,126,1952,481,-394,978,895,806,1517,1028,1747,75
479523,1,4271,-4113,-1154,54,-731,128,1952,480,-396,977,895,808,1517,1029,1748,74
479523,1,4271,-4113,-1156,53,-729,127,1952,481,-396,979,898,805,1516,1026,1748,75
479523,0,4271,-4113,-1156,53,-729,127,1952,481,-396,979,898,805,1516,1026,1748,75
479523,1,4269,-4114,-1155,55,-729,127,1954,483,-395,982,897,806,1519,1031,1748,77
479523,1,4269,-4109,-1156,53,-732,127,1951,480,-395,979,895,808,1517,1028,1749,76
479523,1,4272,-4112,-1154,53,-732,126,1951,480,-396,978,896,808,1519,1029,1747,74
479523,1,4272,-4112,-1155,54,-730,128,1955,479,-396,977,896,809,1517,1028,1747,75
479523,0,4272,-4112,-1155,54,-730,128,1955,479,-396,977,896,809,1517,1028,1747,75
479523,1,4270,-4114,-1156,56,-730,128,1952,479,-397,977,896,808,1517,1027,1747,74
479523,1,4273,-4110,-1156,55,-730,126,1951,481,-395,979,894,805,1517,1026,1747,75
479523,1,4272,-4112,-1156,56,-728,128,1951,481,-394,981,897,805,1521,1028,1751,75
479523,1,4269,-4112,-1156,54,-731,128,1952,480,-395,978,895,804,1518,1027,1750,72
479523,0,4269,-4112,-1156,54,-731,128,1952,480,-395,978,895,804,1518,1027,1750,72
479523,1,4269,-4114,-1157,55,-731,126,1951,480,-395,981,896,808,1517,1029,1745,74
479523,1,4270,-4114,-1158,54,-727,127,1951,481,-395,980,896,806,1518,1028,1747,76
479523,1,4273,-4115,-1158,55,-730,128,1952,480,-394,978,895,807,1519,1028,1748,75
479523,1,4269,-4113,-1153,56,-734,126,1951,482,-397,978,897,805,1521,1028,1748,75
479523,0,4269,-4113,-1153,56,-734,126,1951,482,-397,978,897,805,1521,1028,1748,75
479523,1,4271,-4113,-1154,57,-731,128,1952,482,-393,980,895,806,1518,1028,1749,75
479523,1,4270,-4114,-1156,55,-729,126,1951,480,-397,977,893,807,1520,1029,1748,74
479523,1,4268,-4114,-1157,53,-730,125,1951,482,-396,978,893,805,1516,1027,1748,74
479523,1,4272,-4114,-1158,55,-732,127,1952,482,-395,978,896,807,1517,1026,1747,73
479523,0,4272,-4114,-1158,55,-732,127,1952,482,-395,978,896,807,1517,1026,1747,73
479523,1,4270,-4114,-1156,54,-729,128,1951,479,-395,979,893,805,1518,1026,1748,72
479523,1,4271,-4115,-1158,55,-732,128,1952,478,-396,979,896,808,1518,1029,1747,74
479523,1,4270,-4114,-1156,55,-730,128,1950,480,-396,981,897,806,1519,1027,1748,75
479523,1,4271,-4111,-1156,56,-729,127,1951,480,-397,979,896,807,1515,1028,1750,74
479523,0,4271,-4111,-1156,56,-729,127,1951,480,-397,979,896,807,1515,1028,1750,74
479523,1,4270,-4112,-1157,54,-730,125,1951,481,-395,980,896,807,1516,1025,1748,75
479523,1,4273,-4113,-1155,53,-731,125,1950,482,-394,979,897,809,1517,1024,1748,72
479523,1,4270,-4112,-1158,54,-734,126,1951,482,-394,980,898,807,1519,1028,1749,73
479523,1,4270,-4114,-1156,54,-731,129,1951,481,-396,977,897,807,1521,1024,1747,75
479523,0,4270,-4114,-1156,54,-731,129,1951,481,-396,977,897,807,1521,1024,1747,75
479523,1,4268,-4114,-1159,54,-731,126,1952,480,-396,977,894,806,1518,1027,1748,75
479523,1,4274,-4114,-1156,55,-730,124,1951,480,-396,980,895,806,1517,1027,1749,72
479523,1,4268,-4112,-1158,54,-728,128,1951,482,-397,979,898,806,1516,1026,1750,72
479523,1,4270,-4112,-1156,58,-732,127,1951,478,-396,978,896,805,1514,1027,1746,72
479523,0,4270,-4112,-1156,58,-732,127,1951,478,-396,978,896,805,1514,1027,1746,72
479523,1,4272,-4113,-1158,55,-730,126,1951,476,-397,981,896,805,1519,1025,1747,74
479523,1,4272,-4113,-1158,55,-731,127,1951,481,-396,977,895,806,1517,1026,1749,75
479523,1,4269,-4112,-1157,56,-729,127,1952,482,-391,978,897,806,1517,1025,1748,73
479523,1,4269,-4112,-1158,53,-729,126,1950,480,-394,980,895,805,1520,1026,1746,74
479523,0,4269,-4112,-1158,53,-729,126,1950,480,-394,980,895,805,1520,1026,1746,74
479523,1,4270,-4114,-1159,54,-730,128,1951,480,-395,981,895,805,1516,1026,1749,74
479523,1,4270,-4115,-1157,56,-729,126,1951,481,-395,977,895,807,1519,1027,1749,73
479523,1,4268,-4113,-1159,54,-731,130,1949,481,-398,978,898,807,1517,1024,1749,74
479523,1,4270,-4114,-1160,54,-731,127,1950,480,-396,978,897,806,1517,1026,1748,74
479523,0,4270,-4114,-1160,54,-731,127,1950,480,-396,978,897,806,1517,1026,1748,74
479523,1,4271,-4112,-1157,57,-730,128,1948,480,-395,976,894,806,1519,1026,1747,75
479523,1,4270,-4113,-1158,56,-727,127,1954,480,-394,980,895,805,1520,1028,1748,72
479523,1,4271,-4114,-1160,56,-730,125,1950,481,-395,977,894,806,1519,1025,1748,75
479523,1,4270,-4112,-1159,56,-730,125,1951,481,-395,979,895,808,1516,1027,1746,74
479523,1,4269,-4114,-1157,55,-730,126,1950,481,-397,980,897,807,1520,1027,1749,73
479523,0,4269,-4114,-1157,55,-730,126,1950,481,-397,980,897,807,1520,1027,1749,73
479523,1,4268,-4114,-1159,54,-731,128,1948,480,-394,979,895,809,1517,1027,1746,71
479523,1,4269,-4113,-1160,56,-732,126,1948,481,-395,979,895,809,1520,1027,1745,74
479523,1,4268,-4114,-1159,53,-728,127,1952,478,-395,976,895,806,1517,1024,1746,74
479523,1,4270,-4113,-1157,54,-733,128,1948,481,-396,978,894,806,1517,1025,1745,73
479523,0,4270,-4113,-1157,54,-733,128,1948,481,-396,978,894,806,1517,1025,1745,73
479523,1,4268,-4114,-1159,52,-730,125,1951,481,-395,981,894,808,1518,1026,1749,70
479523,1,4271,-4114,-1158,53,-730,127,1951,480,-397,979,893,807,1518,1026,1747,73
479523,1,4269,-4111,-1159,53,-728,127,1950,481,-395,977,896,804,1519,1025,1748,73
479523,1,4268,-4114,-1159,55,-732,126,1952,481,-394,979,894,809,1519,1025,1748,75
479523,0,4268,-4114,-1159,55,-732,126,1952,481,-394,979,894,809,1519,1025,1748,75
479523,1,4272,-4113,-1157,53,-731,126,1951,480,-396,978,896,805,1519,1026,1747,72
479523,1,4273,-4114,-1156,56,-729,125,1952,482,-394,978,896,805,1517,1025,1748,72
479523,1,4268,-4114,-1158,56,-728,125,1952,478,-395,977,895,809,1518,1025,1750,74
479523,1,4267,-4112,-1158,57,-730,127,1952,480,-396,979,895,807,1515,1026,1748,73
479523,0,4267,-4112,-1158,57,-730,127,1952,480,-396,979,895,807,1515,1026,1748,73
479523,1,4269,-4114,-1158,55,-730,126,1951,483,-395,981,896,806,1519,1025,1746,74
479523,1,4268,-4113,-1158,55,-729,125,1950,480,-395,977,896,805,1517,1025,1749,73
479523,1,4272,-4111,-1159,57,-730,125,1948,481,-394,980,897,808,1516,1024,1748,73
479523,1,4268,-4111,-1162,56,-730,126,1951,480,-395,978,896,806,1518,1025,1748,71
479523,0,4268,-4111,-1162,56,-730,126,1951,480,-395,978,896,806,1518,1025,1748,71
479523,1,4268,-4113,-1159,54,-730,127,1949,482,-394,979,893,806,1518,1025,1748,72
479523,1,4268,-4113,-1157,55,-730,125,1950,480,-393,978,896,806,1516,1025,1748,74
479523,1,4270,-4110,-1158,56,-729,128,1949,480,-395,978,894,805,1518,1024,1746,74
479523,1,4270,-4113,-1159,54,-730,126,1952,479,-397,982,896,805,1517,1025,1747,71
479523,0,4270,-4113,-1159,54,-730,126,1952,479,-397,982,896,805,1517,1025,1747,71
479523,1,4268,-4114,-1159,55,-731,123,1949,481,-397,977,896,805,1518,1024,1747,71
479523,1,4269,-4112,-1159,53,-729,124,1950,481,-395,976,895,805,1518,1025,1746,74
479523,1,4270,-4113,-1157,56,-729,125,1952,479,-394,979,898,806,1518,1026,1746,75
479523,1,4271,-4113,-1159,55,-731,124,1950,480,-394,979,895,807,1519,1026,1748,73
479523,0,4271,-4113,-1159,55,-731,124,1950,480,-394,979,895,807,1519,1026,1748,73
479523,1,4270,-4116,-1159,54,-728,125,1952,480,-395,979,894,808,1518,1022,1750,71
479523,1,4270,-4113,-1158,56,-728,125,1952,481,-397,977,896,809,1517,1024,1747,74
479523,1,4270,-4114,-1159,57,-729,124,1949,480,-396,978,894,807,1517,1021,1748,72
479523,1,4269,-4112,-1157,56,-730,125,1949,478,-396,977,895,807,1516,1024,1746,72
479523,0,4269,-4112,-1157,56,-730,125,1949,478,-396,977,895,807,1516,1024,1746,72
479523,1,4266,-4112,-1159,54,-728,126,1952,479,-396,979,897,807,1517,1026,1746,73
479523,1,4268,-4113,-1158,53,-732,126,1951,482,-395,980,896,805,1517,1024,1747,71
479523,1,4269,-4113,-1158,57,-728,125,1949,481,-398,977,895,805,1518,1024,1746,73
479524,1,4270,-4114,-1159,54,-729,126,1950,481,-394,979,895,807,1517,1026,1746,73
479524,0,4270,-4114,-1159,54,-729,126,1950,481,-394,979,895,807,1517,1026,1746,73
479524,1,4270,-4115,-1160,54,-730,123,1952,482,-396,980,896,805,1518,1024,1746,73
479524,1,4271,-4113,-1162,53,-728,127,1951,480,-394,977,896,804,1518,1023,1747,73
479524,1,4269,-4114,-1160,54,-729,126,1950,479,-397,978,895,806,1519,1023,1748,73
479524,1,4268,-4114,-1157,51,-733,123,1952,481,-397,979,895,806,1516,1023,1745,72
479524,0,4268,-4114,-1157,51,-733,123,1952,481,-397,979,895,806,1516,1023,1745,72
479524,1,4271,-4115,-1158,55,-728,126,1950,481,-395,981,896,806,1518,1025,1747,72
479524,1,4271,-4112,-1159,56,-729,127,1952,480,-396,978,897,806,1519,1022,1748,71
479524,1,4271,-4113,-1158,53,-727,126,1952,478,-396,981,895,806,1518,1022,1748,74
479524,1,4269,-4115,-1160,55,-729,127,1951,480,-395,977,896,804,1520,1022,1747,73
479524,0,4269,-4115,-1160,55,-729,127,1951,480,-395,977,896,804,1520,1022,1747,73
479524,1,4268,-4113,-1160,54,-730,124,1949,479,-394,978,896,805,1518,1024,1747,72
479524,1,4270,-4112,-1160,54,-731,124,1948,479,-397,979,895,804,1518,1024,1747,69
479524,1,4270,-4112,-1159,53,-730,126,1951,481,-396,978,896,805,1518,1021,1747,72
479524,1,4272,-4115,-1156,54,-728,126,1952,479,-394,977,897,806,1517,1023,1748,71
479524,0,4272,-4115,-1156,54,-728,126,1952,479,-394,977,897,806,1517,1023,1748,71
479524,1,4270,-4113,-1159,54,-732,124,1949,480,-396,978,897,807,1518,1023,1747,72
479524,1,4268,-4114,-1160,55,-730,124,1952,479,-396,977,896,806,1517,1020,1747,75
479524,1,4271,-4113,-1159,54,-730,125,1949,481,-397,979,894,805,1518,1024,1747,70
479524,1,4269,-4113,-1158,53,-728,127,1952,483,-396,978,895,806,1518,1023,1744,71
479524,0,4269,-4113,-1158,53,-728,127,1952,483,-396,978,895,806,1518,1023,1744,71
479524,1,4269,-4113,-1161,53,-729,125,1952,480,-396,976,896,805,1517,1024,1748,73
479524,1,4270,-4112,-1161,54,-731,128,1951,480,-396,982,896,807,1517,1022,1744,74
479524,1,4266,-4110,-1157,53,-729,127,1951,479,-395,981,895,807,1521,1021,1747,72
479524,1,4271,-4112,-1159,54,-728,126,1949,482,-394,977,897,806,1520,1021,1746,71
479524,0,4271,-4112,-1159,54,-728,126,1949,482,-394,977,897,806,1520,1021,1746,71
479524,1,4271,-4115,-1159,53,-729,125,1950,482,-395,979,895,806,1517,1021,1746,71
479524,1,4269,-4112,-1158,56,-728,126,1951,481,-395,979,899,805,1517,1023,1747,71
479524,1,4269,-4112,-1159,55,-728,126,1949,481,-398,980,894,806,1517,1025,1747,71
479524,1,4270,-4112,-1159,55,-729,126,1951,480,-395,976,896,807,1520,1023,1747,70
479524,1,4269,-4113,-1159,55,-729,125,1952,481,-395,979,895,807,1514,1022,1747,73
479524,0,4269,-4113,-1159,55,-729,125,1952,481,-395,979,895,807,1514,1022,1747,73
479524,1,4270,-4114,-1157,53,-727,127,1948,480,-394,978,895,806,1515,1023,1746,72
479524,1,4268,-4113,-1162,54,-728,125,1950,480,-394,977,897,806,1518,1023,1747,72
479524,1,4271,-4113,-1160,55,-730,127,1952,479,-396,977,894,806,1520,1022,1746,70
479524,1,4269,-4113,-1157,56,-728,128,1947,483,-395,979,895,805,1518,1022,1747,70
479524,0,4269,-4113,-1157,56,-728,128,1947,483,-395,979,895,805,1518,1022,1747,70
479524,1,4267,-4115,-1160,56,-730,124,1952,481,-396,978,897,806,1519,1021,1746,70
479524,1,4270,-4113,-1157,55,-727,124,1951,479,-395,980,895,807,1516,1021,1748,71
479524,1,4270,-4114,-1159,53,-728,127,1948,477,-394,978,895,805,1519,1022,1744,72
479524,1,4271,-4113,-1158,53,-728,125,1952,483,-395,977,896,807,1518,1023,1744,71
479524,0,4271,-4113,-1158,53,-728,125,1952,483,-395,977,896,807,1518,1023,1744,71
479524,1,4268,-4112,-1159,54,-728,126,1946,481,-399,977,896,805,1519,1021,1750,69
479524,1,4269,-4114,-1161,55,-727,126,1950,480,-395,976,896,806,1517,1023,1747,72
479524,1,4267,-4112,-1159,55,-728,125,1949,482,-394,979,897,805,1517,1025,1746,72
479524,1,4270,-4114,-1159,55,-728,125,1949,481,-396,978,897,805,1519,1021,1746,71
479524,0,4270,-4114,-1159,55,-728,125,1949,481,-396,978,897,805,1519,1021,1746,71
479524,1,4269,-4114,-1162,53,-729,124,1950,481,-396,979,898,803,1520,1025,1749,72
479524,1,4268,-4114,-1162,54,-729,124,1952,481,-397,977,896,807,1520,1021,1748,72
479524,1,4271,-4111,-1159,55,-730,123,1951,481,-397,977,895,806,1519,1021,1745,73
479524,1,4269,-4111,-1159,53,-729,125,1949,480,-397,980,896,807,1516,1021,1749,73
479524,0,4269,-4111,-1159,53,-729,125,1949,480,-397,980,896,807,1516,1021,1749,73
479524,1,4271,-4111,-1159,54,-725,127,1950,480,-399,980,897,806,1518,1025,1746,72
479524,1,4270,-4113,-1159,54,-729,127,1950,481,-396,981,896,808,1516,1025,1746,70
479524,1,4269,-4112,-1157,53,-727,126,1949,479,-394,980,893,807,1519,1022,1749,70
479524,1,4270,-4112,-1159,52,-727,125,1952,480,-396,979,897,807,1515,1019,1747,70
479524,0,4270,-4112,-1159,52,-727,125,1952,480,-396,979,897,807,1515,1019,1747,70
479524,1,4269,-4114,-1161,56,-727,127,1950,480,-396,978,897,806,1517,1024,1746,71
479524,1,4270,-4113,-1161,53,-729,127,1949,481,-394,978,895,809,1519,1019,1747,71
479524,1,4269,-4111,-1159,54,-729,125,1949,480,-393,977,895,806,1518,1022,1750,71
479524,1,4269,-4114,-1159,53,-726,126,1951,481,-394,976,896,807,1515,1023,1748,71
479524,0,4269,-4114,-1159,53,-726,126,1951,481,-394,976,896,807,1515,1023,1748,71
479524,1,4268,-4114,-1158,54,-730,125,1950,482,-396,976,893,806,1519,1021,1748,69
479524,1,4269,-4111,-1159,55,-728,124,1949,478,-396,979,897,808,1518,1020,1748,71
479524,1,4270,-4114,-1158,55,-727,126,1952,481,-397,978,894,806,1521,1023,1747,71
479524,1,4269,-4111,-1159,53,-728,125,1951,481,-396,979,897,804,1519,1020,1747,71
479524,0,4269,-4111,-1159,53,-728,125,1951,481,-396,979,897,804,1519,1020,1747,71
479524,1,4270,-4111,-1158,55,-729,125,1950,480,-395,980,894,805,1515,1022,1747,70
479524,1,4267,-4112,-1160,54,-729,125,1949,479,-393,981,894,806,1516,1024,1746,72
479524,1,4270,-4113,-1162,56,-729,126,1952,479,-395,979,898,803,1520,1022,1749,72
479524,1,4270,-4113,-1158,55,-725,125,1952,481,-395,979,895,807,1515,1021,1747,69
479524,0,4270,-4113,-1158,55,-725,125,1952,481,-395,979,895,807,1515,1021,1747,69
479524,1,4270,-4113,-1159,53,-728,125,1948,481,-398,978,896,803,1519,1024,1746,74
479524,1,4267,-4113,-1160,55,-726,125,1950,482,-394,976,895,805,1518,1021,1747,68
479524,1,4269,-4114,-1160,52,-727,125,1949,481,-396,980,895,805,1517,1022,1748,70
479524,1,4269,-4114,-1160,54,-727,125,1949,481,-396,980,896,805,1518,1021,1744,69
479524,0,4269,-4114,-1160,54,-727,125,1949,481,-396,980,896,805,1518,1021,1744,69
479524,1,4270,-4111,-1160,55,-730,123,1952,479,-393,977,897,807,1518,1024,1745,72
479524,1,4269,-4114,-1159,53,-726,125,1948,481,-395,978,897,804,1519,1023,1745,71
479524,1,4270,-4113,-1159,55,-729,126,1950,480,-395,976,897,804,1520,1020,1746,69
479524,1,4268,-4114,-1159,53,-727,126,1948,480,-395,979,894,805,1519,1018,1747,70
479524,0,4268,-4114,-1159,53,-727,126,1948,480,-395,979,894,805,1519,1018,1747,70
479524,1,4268,-4114,-1159,55,-726,127,1951,480,-395,979,895,805,1515,1020,1748,68
479524,1,4271,-4113,-1161,54,-727,123,1950,481,-395,982,892,807,1515,1023,1748,71
479524,1,4270,-4114,-1160,55,-728,125,1950,480,-394,980,896,805,1516,1022,1745,68
479524,1,4268,-4114,-1162,55,-727,127,1949,477,-395,976,894,807,1516,1022,1745,70
479524,0,4268,-4114,-1162,55,-727,127,1949,477,-395,976,894,807,1516,1022,1745,70
479524,1,4270,-4110,-1158,53,-730,125,1952,480,-395,981,895,808,1517,1022,1746,68
479524,1,4268,-4113,-1160,53,-728,126,1951,481,-394,980,896,806,1518,1022,1747,69
479524,1,4270,-4112,-1161,55,-729,126,1950,480,-396,980,895,806,1517,1021,1746,71
479524,1,4268,-4114,-1160,53,-727,125,1949,479,-396,977,896,805,1520,1021,1746,72
479524,0,4268,-4114,-1160,53,-727,125,1949,479,-396,977,896,805,1520,1021,1746,72
479524,1,4269,-4110,-1159,56,-728,124,1951,481,-397,979,897,805,1519,1023,1747,68
479524,1,4271,-4114,-1158,56,-728,128,1951,482,-396,976,894,807,1518,1025,1746,72
479524,1,4268,-4111,-1162,53,-725,125,1950,478,-396,980,895,807,1520,1022,1748,67
479524,1,4269,-4114,-1159,56,-729,124,1950,482,-398,980,894,806,1517,1020,1744,69
479524,0,4269,-4114,-1159,56,-729,124,1950,482,-398,980,894,806,1517,1020,1744,69
479524,1,4268,-4113,-1161,52,-726,126,1948,481,-394,980,895,805,1517,1021,1745,70
479524,1,4270,-4114,-1161,55,-729,125,1950,480,-395,978,896,803,1519,1019,1746,68
479524,1,4267,-4112,-1160,53,-727,123,1951,481,-396,980,897,805,1517,1024,1746,70
479524,1,4271,-4111,-1162,53,-728,124,1948,478,-397,981,896,802,1517,1021,1745,70
479524,1,4269,-4115,-1158,54,-728,125,1952,481,-392,979,898,806,1517,1022,1747,68
479524,0,4269,-4115,-1158,54,-728,125,1952,481,-392,979,898,806,1517,1022,1747,68
479524,1,4269,-4114,-1160,55,-726,126,1951,481,-395,978,897,805,1519,1020,1745,69
479524,1,4269,-4115,-1160,55,-727,125,1949,481,-395,978,895,807,1517,1021,1747,68
479524,1,4267,-4113,-1159,54,-727,125,1949,479,-396,979,895,805,1517,1020,1748,69
479524,1,4268,-4112,-1160,57,-728,124,1950,483,-394,976,894,808,1518,1022,1746,70
479524,0,4268,-4112,-1160,57,-728,124,1950,483,-394,976,894,808,1518,1022,1746,70
479524,1,4268,-4113,-1159,52,-729,126,1949,478,-396,978,897,806,1518,1022,1747,68
479524,1,4270,-4114,-1160,55,-727,124,1949,481,-395,979,894,805,1517,1019,1748,68
479524,1,4270,-4112,-1160,55,-729,125,1952,480,-397,979,895,806,1517,1025,1747,70
479524,1,4270,-4112,-1159,54,-729,126,1948,481,-394,979,896,807,1519,1022,1747,67
479524,0,4270,-4112,-1159,54,-729,126,1948,481,-394,979,896,807,1519,1022,1747,67
479524,1,4271,-4109,-1160,55,-727,127,1948,480,-396,977,895,806,1519,1021,1744,70
479524,1,4270,-4111,-1159,55,-725,125,1948,481,-396,977,896,806,1519,1023,1748,69
479524,1,4271,-4112,-1162,54,-728,123,1951,482,-394,979,897,805,1519,1021,1747,68
479524,1,4267,-4113,-1159,55,-728,123,1949,480,-395,978,897,807,1514,1021,1746,69
479524,0,4267,-4113,-1159,55,-728,123,1949,480,-395,978,897,807,1514,1021,1746,69
479524,1,4268,-4111,-1160,53,-725,123,1951,481,-395,978,896,808,1518,1023,1746,68
479524,1,4270,-4112,-1160,54,-730,124,1949,481,-395,980,896,807,1516,1022,1746,69
479524,1,4269,-4115,-1159,54,-727,124,1950,481,-396,979,895,806,1514,1020,1745,70
479524,1,4269,-4113,-1161,54,-724,124,1947,480,-396,978,895,805,1518,1022,1745,68
479524,0,4269,-4113,-1161,54,-724,124,1947,480,-396,978,895,805,1518,1022,1745,68
479524,1,4268,-4115,-1159,55,-727,125,1949,479,-395,977,893,806,1519,1023,1746,68
479524,1,4269,-4113,-1160,54,-727,127,1947,481,-395,977,895,805,1515,1021,1748,69
479524,1,4270,-4113,-1160,55,-725,127,1949,482,-398,977,896,805,1518,1019,1745,68
479524,1,4271,-4113,-1160,53,-726,126,1950,481,-394,979,894,804,1516,1021,1746,69
479524,0,4271,-4113,-1160,53,-726,126,1950,481,-394,979,894,804,1516,1021,1746,69
479524,1,4270,-4113,-1162,53,-728,126,1949,481,-396,976,896,806,1518,1023,1745,69
479524,1,4269,-4111,-1160,54,-727,124,1951,479,-395,979,895,807,1516,1022,1747,68
479524,1,4268,-4113,-1159,54,-726,125,1950,481,-396,977,894,805,1519,1022,1748,69
479524,1,4268,-4113,-1159,54,-730,125,1950,480,-394,977,897,803,1517,1020,1744,68
479524,0,4268,-4113,-1159,54,-730,125,1950,480,-394,977,897,803,1517,1020,1744,68
479524,1,4269,-4113,-1158,54,-724,126,1950,480,-396,980,896,805,1517,1021,1746,68
479524,1,4270,-4113,-1159,54,-727,126,1949,482,-395,980,895,805,1517,1020,1748,68
479524,1,4267,-4114,-1160,56,-727,128,1947,480,-397,976,896,806,1518,1021,1744,68
479524,1,4267,-4112,-1161,53,-727,126,1950,481,-396,979,894,808,1517,1022,1745,66
479524,0,4267,-4112,-1161,53,-727,126,1950,481,-396,979,894,808,1517,1022,1745,66
479524,1,4268,-4114,-1162,53,-728,125,1950,480,-395,977,898,805,1515,1022,1743,68
479524,1,4268,-4112,-1160,55,-727,123,1951,478,-398,979,896,806,1518,1021,1746,68
479524,1,4268,-4116,-1159,52,-727,126,1949,480,-396,980,897,806,1518,1021,1745,67
479524,1,4270,-4111,-1161,55,-728,127,1949,482,-394,978,896,803,1518,1023,1744,68
479524,0,4270,-4111,-1161,55,-728,127,1949,482,-394,978,896,803,1518,1023,1744,68
479524,1,4268,-4114,-1163,53,-727,122,1950,479,-394,979,897,805,1518,1019,1746,66
479524,1,4270,-4113,-1161,54,-728,127,1948,480,-396,979,895,805,1517,1021,1745,68
479524,1,4268,-4113,-1159,56,-726,124,1948,480,-396,975,897,804,1516,1021,1745,66
479524,1,4268,-4114,-1162,57,-727,124,1949,480,-394,979,896,805,1517,1021,1746,69
479524,0,4268,-4114,-1162,57,-727,124,1949,480,-394,979,896,805,1517,1021,1746,69
479524,1,4270,-4110,-1161,54,-728,123,1948,479,-396,979,897,805,1518,1022,1746,65
479524,1,4270,-4113,-1163,54,-727,125,1949,481,-400,978,896,806,1518,1022,1746,68
479524,1,4269,-4113,-1159,56,-727,127,1948,478,-396,978,895,805,1517,1020,1746,68
479524,1,4269,-4113,-1160,57,-725,124,1948,481,-395,979,894,807,1516,1024,1746,67
479524,0,4269,-4113,-1160,57,-725,124,1948,481,-395,979,894,807,1516,1024,1746,67
479524,1,4266,-4115,-1161,55,-727,124,1948,481,-395,981,898,804,1516,1021,1745,69
479524,1,4268,-4112,-1161,54,-727,124,1951,480,-394,980,895,805,1520,1021,1744,68
479524,1,4268,-4113,-1159,54,-727,126,1950,480,-397,978,895,806,1518,1023,1746,67
479524,1,4271,-4111,-1160,55,-727,124,1949,481,-394,977,893,804,1517,1019,1747,70
479524,0,4271,-4111,-1160,55,-727,124,1949,481,-394,977,893,804,1517,1019,1747,70
479524,1,4269,-4114,-1161,55,-725,124,1950,480,-396,982,895,805,1517,1021,1746,68
479524,1,4269,-4111,-1159,51,-728,125,1952,479,-398,978,894,804,1516,1022,1744,67
479524,1,4269,-4111,-1160,53,-726,122,1949,482,-395,977,896,806,1517,1020,1746,68
479524,1,4268,-4115,-1162,53,-728,125,1948,481,-395,979,897,803,1516,1022,1745,67
479524,0,4268,-4115,-1162,53,-728,125,1948,481,-395,979,897,803,1516,1022,1745,67
479524,1,4269,-4115,-1162,53,-727,125,1947,480,-398,979,895,805,1518,1023,1745,67
479524,1,4273,-4113,-1162,54,-725,125,1949,480,-394,978,895,805,1518,1023,1745,65
479524,1,4267,-4115,-1163,55,-726,125,1951,479,-396,980,897,804,1517,1025,1746,65
479524,1,4270,-4114,-1160,54,-725,126,1949,479,-394,977,895,802,1520,1021,1745,66
479524,1,4270,-4113,-1159,55,-726,125,1948,479,-396,977,896,805,1518,1019,1746,67
479524,0,4270,-4113,-1159,55,-726,125,1948,479,-396,977,896,805,1518,1019,1746,67
479524,1,4271,-4114,-1161,54,-728,127,1951,478,-396,980,892,805,1518,1021,1745,67
479524,1,4270,-4113,-1161,54,-725,125,1948,481,-395,979,897,808,1517,1021,1746,68
479524,1,4266,-4114,-1162,52,-727,127,1949,481,-395,978,896,805,1518,1020,1745,64
479524,1,4267,-4109,-1161,53,-726,127,1950,481,-394,978,899,807,1517,1019,1747,66
479524,0,4267,-4109,-1161,53,-726,127,1950,481,-394,978,899,807,1517,1019,1747,66
479524,1,4271,-4114,-1159,56,-725,125,1948,480,-395,976,896,808,1516,1022,1747,68
479524,1,4271,-4113,-1161,56,-726,126,1949,481,-395,980,894,806,1521,1023,1745,67
479524,1,4271,-4114,-1160,52,-727,124,1950,479,-394,977,896,806,1519,1020,1745,67
479524,1,4267,-4114,-1161,52,-725,127,1947,477,-394,980,894,804,1516,1021,1747,68
479524,0,4267,-4114,-1161,52,-725,127,1947,477,-394,980,894,804,1516,1021,1747,68
479524,1,4270,-4111,-1161,55,-727,123,1951,481,-394,979,896,803,1519,1020,1748,68
479524,1,4271,-4113,-1161,55,-725,123,1949,478,-399,977,895,804,1518,1020,1745,66
479524,1,4268,-4114,-1161,53,-727,125,1946,483,-395,980,896,804,1520,1023,1744,65
479524,1,4268,-4114,-1163,54,-728,124,1951,481,-396,978,896,806,1520,1023,1748,66
479524,0,4268,-4114,-1163,54,-728,124,1951,481,-396,978,896,806,1520,1023,1748,66
479524,1,4271,-4114,-1159,53,-726,128,1949,480,-395,979,892,802,1517,1021,1745,64
479524,1,4269,-4113,-1162,52,-726,124,1950,479,-394,977,895,802,1521,1023,1746,67
479524,1,4268,-4114,-1161,53,-728,124,1950,481,-395,980,896,806,1517,1022,1746,67
479524,1,4269,-4116,-1159,53,-727,121,1948,482,-393,980,898,806,1516,1023,1745,68
479524,0,4269,-4116,-1159,53,-727,121,1948,482,-393,980,898,806,1516,1023,1745,68
479524,1,4269,-4115,-1162,55,-725,125,1948,479,-395,978,893,806,1519,1023,1746,65
479524,1,4268,-4111,-1160,52,-725,124,1951,479,-395,978,894,805,1518,1022,1748,68
479524,1,4268,-4113,-1159,55,-728,124,1949,482,-395,982,897,805,1515,1022,1746,67
479524,1,4272,-4114,-1160,55,-727,126,1949,481,-396,979,893,805,1519,1021,1746,66
479524,0,4272,-4114,-1160,55,-727,126,1949,481,-396,979,893,805,1519,1021,1746,66
479524,1,4271,-4112,-1162,55,-726,123,1949,480,-396,978,895,805,1517,1021,1746,67
479524,1,4271,-4114,-1161,54,-726,121,1949,481,-395,976,895,806,1518,1021,1745,68
479524,1,4267,-4114,-1159,54,-725,126,1951,480,-395,977,897,805,1518,1021,1746,67
479524,1,4270,-4112,-1160,54,-729,125,1950,481,-398,980,895,806,1515,1021,1746,65
479524,0,4270,-4112,-1160,54,-729,125,1950,481,-398,980,895,806,1515,1021,1746,65
479525,1,4268,-4116,-1159,56,-726,126,1948,479,-394,980,894,804,1516,1023,1746,65
479525,1,4270,-4115,-1159,52,-727,124,1948,481,-395,977,895,805,1517,1024,1746,68
479525,1,4269,-4114,-1161,54,-727,124,1950,481,-392,979,895,806,1520,1021,1746,68
479525,1,4271,-4115,-1162,52,-728,125,1948,481,-395,978,896,806,1517,1022,1746,67
479525,0,4271,-4115,-1162,52,-728,125,1948,481,-395,978,896,806,1517,1022,1746,67
479525,1,4269,-4113,-1160,54,-725,123,1947,480,-396,980,895,807,1519,1024,1747,65
479525,1,4270,-4112,-1160,54,-725,125,1948,481,-395,980,897,806,1518,1022,1746,65
479525,1,4270,-4114,-1162,56,-727,123,1948,483,-396,974,895,805,1521,1022,1745,65
479525,1,4268,-4113,-1162,52,-726,123,1949,479,-393,978,896,806,1519,1022,1745,68
479525,0,4268,-4113,-1162,52,-726,123,1949,479,-393,978,896,806,1519,1022,1745,68
479525,1,4269,-4110,-1162,54,-726,125,1948,480,-398,978,896,804,1517,1019,1744,66
479525,1,4268,-4111,-1161,54,-726,125,1949,479,-394,981,894,803,1518,1021,1748,65
479525,1,4267,-4112,-1161,54,-727,124,1948,479,-395,977,896,804,1517,1022,1747,66
479525,1,4269,-4114,-1162,54,-726,123,1949,480,-397,979,896,805,1516,1023,1745,66
479525,0,4269,-4114,-1162,54,-726,123,1949,480,-397,979,896,805,1516,1023,1745,66
479525,1,4268,-4116,-1161,55,-725,125,1948,481,-397,977,896,805,1518,1019,1746,67
479525,1,4269,-4111,-1163,53,-727,126,1947,481,-394,980,896,804,1520,1021,1745,65
479525,1,4270,-4111,-1159,56,-727,122,1952,480,-394,976,896,805,1518,1021,1745,66
479525,1,4268,-4113,-1165,53,-727,124,1949,479,-396,977,897,807,1519,1022,1745,69
479525,0,4268,-4113,-1165,53,-727,124,1949,479,-396,977,897,807,1519,1022,1745,69
479525,1,4270,-4114,-1161,52,-724,125,1949,481,-396,977,897,805,1517,1022,1748,65
479525,1,4269,-4114,-1162,52,-725,123,1950,480,-397,980,895,805,1518,1024,1746,66
479525,1,4270,-4113,-1163,54,-725,120,1950,481,-394,980,896,806,1520,1022,1746,64
479525,1,4269,-4114,-1161,57,-725,125,1949,480,-396,977,894,805,1517,1021,1746,67
479525,0,4269,-4114,-1161,57,-725,125,1949,480,-396,977,894,805,1517,1021,1746,67
479525,1,4268,-4116,-1161,53,-728,126,1948,479,-394,977,896,804,1517,1021,1745,66
479525,1,4268,-4114,-1160,52,-727,125,1948,481,-396,979,893,805,1517,1023,1746,65
479525,1,4270,-4113,-1162,52,-727,123,1949,481,-396,976,896,804,1522,1020,1744,67
479525,1,4268,-4116,-1162,55,-727,125,1949,481,-394,976,894,808,1516,1020,1746,67
479525,0,4268,-4116,-1162,55,-727,125,1949,481,-394,976,894,808,1516,1020,1746,67
479525,1,4269,-4113,-1162,53,-726,123,1949,480,-394,978,897,806,1519,1022,1745,67
479525,1,4267,-4110,-1162,54,-725,122,1951,481,-395,977,894,804,1514,1022,1748,67
479525,1,4268,-4112,-1162,53,-727,123,1951,482,-397,979,896,805,1517,1022,1746,64
479525,1,4269,-4114,-1162,54,-725,125,1948,479,-396,981,897,806,1520,1021,1746,65
479525,0,4269,-4114,-1162,54,-725,125,1948,479,-396,981,897,806,1520,1021,1746,65
479525,1,4268,-4111,-1164,53,-727,124,1950,481,-396,978,896,805,1519,1021,1742,68
479525,1,4270,-4114,-1162,53,-728,125,1948,482,-395,978,894,805,1520,1021,1746,66
479525,1,4269,-4113,-1161,52,-727,122,1948,481,-394,977,897,806,1515,1023,1744,64
479525,1,4268,-4113,-1160,54,-725,124,1949,481,-396,978,896,804,1519,1021,1744,67
479525,1,4270,-4113,-1160,54,-726,123,1951,480,-395,979,894,803,1518,1022,1743,66
479525,0,4270,-4113,-1160,54,-726,123,1951,480,-395,979,894,803,1518,1022,1743,66
479525,1,4268,-4115,-1164,54,-726,125,1948,481,-395,979,897,804,1518,1022,1747,67
479525,1,4268,-4113,-1161,54,-725,123,1949,481,-394,978,896,804,1519,1022,1744,66
479525,1,4270,-4113,-1161,54,-729,123,1950,481,-394,980,894,806,1519,1020,1745,65
479525,1,4269,-4114,-1161,53,-726,122,1952,481,-395,980,895,807,1514,1021,1748,66
479525,0,4269,-4114,-1161,53,-726,122,1952,481,-395,980,895,807,1514,1021,1748,66
479525,1,4270,-4112,-1163,53,-726,123,1948,479,-394,979,894,806,1517,1021,1747,66
479525,1,4268,-4113,-1163,56,-723,125,1952,481,-394,978,897,806,1516,1021,1747,65
479525,1,4270,-4113,-1162,55,-725,124,1947,480,-395,978,896,804,1517,1021,1747,66
479525,1,4269,-4114,-1163,53,-727,124,1948,481,-394,977,896,804,1520,1021,1744,65
479525,0,4269,-4114,-1163,53,-727,124,1948,481,-394,977,896,804,1520,1021,1744,65
479525,1,4269,-4115,-1165,55,-725,126,1948,481,-396,980,898,804,1520,1022,1748,65
479525,1,4269,-4112,-1162,52,-726,126,1948,482,-396,979,898,805,1519,1020,1745,69
479525,1,4271,-4111,-1162,56,-727,125,1949,479,-397,979,894,805,1519,1023,1747,66
479525,1,4269,-4115,-1161,53,-725,124,1947,480,-395,978,895,803,1517,1022,1747,67
479525,0,4269,-4115,-1161,53,-725,124,1947,480,-395,978,895,803,1517,1022,1747,67
479525,1,4271,-4113,-1163,53,-725,121,1949,480,-395,979,895,805,1516,1019,1746,64
479525,1,4267,-4111,-1164,53,-726,125,1948,482,-397,978,897,806,1517,1020,1744,65
479525,1,4269,-4112,-1162,54,-723,125,1950,482,-394,978,897,807,1520,1022,1745,67
479525,1,4269,-4113,-1164,51,-727,125,1947,482,-397,979,896,805,1519,1021,1744,67
479525,0,4269,-4113,-1164,51,-727,125,1947,482,-397,979,896,805,1519,1021,1744,67
479525,1,4268,-4113,-1161,53,-727,124,1948,483,-396,978,896,805,1517,1023,1747,65
479525,1,4269,-4115,-1163,54,-725,121,1948,482,-397,978,894,805,1519,1022,1747,66
479525,1,4271,-4113,-1163,53,-722,124,1949,480,-395,978,896,806,1515,1019,1746,65
479525,1,4270,-4114,-1163,55,-725,123,1948,481,-395,980,897,805,1520,1019,1746,65
479525,0,4270,-4114,-1163,55,-725,123,1948,481,-395,980,897,805,1520,1019,1746,65
479525,1,4269,-4114,-1164,55,-724,126,1949,480,-396,977,897,804,1519,1021,1747,65
479525,1,4269,-4115,-1161,53,-724,124,1950,481,-397,979,896,804,1518,1021,1743,66
479525,1,4269,-4113,-1160,53,-725,122,1950,481,-397,978,896,807,1516,1020,1746,67
479525,1,4268,-4113,-1163,55,-724,122,1948,480,-396,977,897,805,1518,1021,1744,67
479525,0,4268,-4113,-1163,55,-724,122,1948,480,-396,977,897,805,1518,1021,1744,67
479525,1,4271,-4111,-1163,55,-726,122,1947,481,-396,981,896,805,1517,1022,1744,65
479525,1,4271,-4114,-1164,54,-726,121,1951,480,-395,978,896,804,1517,1021,1744,65
479525,1,4269,-4112,-1164,51,-725,124,1949,477,-396,978,897,803,1518,1022,1748,67
479525,1,4270,-4113,-1162,54,-727,125,1947,479,-393,979,896,805,1515,1023,1746,68
479525,0,4270,-4113,-1162,54,-727,125,1947,479,-393,979,896,805,1515,1023,1746,68
479525,1,4270,-4114,-1164,52,-725,123,1950,478,-394,978,895,806,1516,1022,1745,67
479525,1,4268,-4114,-1163,53,-724,122,1949,480,-395,977,896,802,1519,1020,1746,66
479525,1,4270,-4113,-1163,52,-723,125,1948,479,-393,981,896,804,1519,1022,1744,65
479525,1,4269,-4113,-1161,52,-725,122,1949,478,-396,978,895,805,1519,1022,1745,67
479525,0,4269,-4113,-1161,52,-725,122,1949,478,-396,978,895,805,1519,1022,1745,67
479525,1,4269,-4114,-1164,56,-726,126,1949,478,-395,976,894,805,1518,1023,1747,64
479525,1,4269,-4113,-1166,53,-724,123,1950,481,-395,976,897,804,1516,1021,1744,67
479525,1,4270,-4113,-1161,53,-726,125,1950,479,-396,979,894,804,1517,1022,1746,64
479525,1,4268,-4112,-1162,54,-726,126,1950,481,-395,976,896,804,1518,1020,1746,67
479525,0,4268,-4112,-1162,54,-726,126,1950,481,-395,976,896,804,1518,1020,1746,67
479525,1,4270,-4113,-1164,53,-723,124,1948,479,-394,981,896,803,1516,1021,1745,67
479525,1,4269,-4111,-1162,56,-727,124,1948,479,-395,979,896,805,1517,1021,1748,67
479525,1,4270,-4114,-1163,53,-723,124,1949,482,-396,980,895,804,1519,1022,1747,63
479525,1,4271,-4113,-1163,55,-725,123,1950,480,-396,980,898,802,1519,1021,1747,63
479525,0,4271,-4113,-1163,55,-725,123,1950,480,-396,980,898,802,1519,1021,1747,63
479525,1,4268,-4113,-1161,53,-727,122,1949,481,-395,976,896,807,1520,1022,1746,65
479525,1,4270,-4114,-1163,53,-723,123,1948,481,-397,978,895,805,1521,1023,1746,65
479525,1,4267,-4115,-1164,53,-725,123,1950,478,-395,976,894,805,1517,1022,1745,64
479525,1,4271,-4111,-1162,54,-726,123,1948,480,-393,978,895,804,1518,1021,1744,66
479525,0,4271,-4111,-1162,54,-726,123,1948,480,-393,978,895,804,1518,1021,1744,66
479525,1,4270,-4113,-1165,53,-726,123,1950,479,-396,977,895,803,1518,1021,1744,65
479525,1,4268,-4114,-1162,53,-722,125,1950,481,-394,977,895,804,1518,1022,1746,64
479525,1,4271,-4114,-1162,53,-726,123,1950,480,-395,977,895,806,1517,1021,1745,66
479525,1,4270,-4113,-1166,53,-725,121,1951,481,-394,980,897,804,1518,1020,1745,64
479525,0,4270,-4113,-1166,53,-725,121,1951,481,-394,980,897,804,1518,1020,1745,64
479525,1,4268,-4112,-1163,54,-724,122,1948,480,-397,977,896,803,1518,1023,1746,64
479525,1,4270,-4112,-1161,52,-726,125,1949,479,-397,977,894,806,1518,1021,1745,65
479525,1,4270,-4112,-1162,54,-725,123,1950,481,-397,980,898,805,1518,1021,1746,63
479525,1,4270,-4112,-1163,54,-724,124,1949,483,-395,977,896,804,1516,1021,1745,65
479525,0,4270,-4112,-1163,54,-724,124,1949,483,-395,977,896,804,1516,1021,1745,65
479525,1,4268,-4114,-1164,55,-723,122,1951,481,-394,978,897,803,1518,1022,1746,63
479525,1,4270,-4111,-1164,55,-723,126,1951,481,-395,979,896,804,1516,1021,1744,65
479525,1,4268,-4113,-1163,51,-726,123,1948,481,-395,977,896,805,1519,1021,1744,65
479525,1,4267,-4112,-1164,53,-723,125,1948,478,-395,978,894,803,1518,1023,1744,68
479525,1,4269,-4114,-1164,54,-726,124,1948,480,-398,980,897,804,1514,1020,1745,67
479525,0,4269,-4114,-1164,54,-726,124,1948,480,-398,980,897,804,1514,1020,1745,67
479525,1,4270,-4114,-1163,55,-725,123,1948,480,-397,978,898,803,1515,1020,1746,66
479525,1,4274,-4113,-1162,53,-721,124,1949,481,-395,977,895,805,1520,1020,1743,64
479525,1,4271,-4111,-1163,53,-726,123,1948,483,-396,979,897,805,1517,1022,1746,65
479525,1,4270,-4114,-1163,56,-727,124,1949,481,-394,979,896,801,1516,1021,1746,64
479525,0,4270,-4114,-1163,56,-727,124,1949,481,-394,979,896,801,1516,1021,1746,64
479525,1,4268,-4114,-1162,53,-724,123,1951,481,-394,980,896,803,1520,1021,1745,66
479525,1,4268,-4114,-1164,54,-725,125,1949,481,-395,979,896,802,1517,1020,1747,65
479525,1,4270,-4113,-1166,52,-723,123,1948,480,-395,980,893,805,1517,1025,1748,63
479525,1,4269,-4114,-1165,55,-725,121,1948,480,-394,981,894,804,1517,1020,1744,64
479525,0,4269,-4114,-1165,55,-725,121,1948,480,-394,981,894,804,1517,1020,1744,64
479525,1,4270,-4114,-1163,53,-725,123,1948,479,-396,980,894,804,1519,1022,1746,65
479525,1,4269,-4114,-1161,53,-724,124,1948,481,-394,976,896,804,1517,1020,1744,64
479525,1,4270,-4114,-1164,55,-725,125,1949,479,-396,977,897,805,1518,1023,1744,64
479525,1,4271,-4115,-1163,53,-724,121,1949,480,-394,977,895,804,1518,1020,1742,65
479525,0,4271,-4115,-1163,53,-724,121,1949,480,-394,977,895,804,1518,1020,1742,65
479525,1,4269,-4113,-1165,54,-723,123,1947,479,-395,981,895,805,1518,1022,1746,65
479525,1,4270,-4114,-1163,55,-725,124,1946,481,-395,979,896,804,1517,1021,1746,64
479525,1,4270,-4114,-1164,55,-723,121,1948,481,-396,977,895,803,1521,1021,1744,62
479525,1,4269,-4114,-1164,53,-726,123,1951,478,-394,978,893,804,1521,1023,1745,64
479525,0,4269,-4114,-1164,53,-726,123,1951,478,-394,978,893,804,1521,1023,1745,64
479525,1,4270,-4113,-1165,52,-725,123,1951,482,-396,980,894,805,1519,1021,1744,65
479525,1,4268,-4112,-1164,53,-726,124,1948,480,-397,979,898,805,1517,1022,1744,64
479525,1,4270,-4113,-1164,53,-724,123,1948,481,-394,977,896,805,1514,1022,1744,65
479525,1,4269,-4113,-1165,54,-725,124,1948,481,-398,980,895,802,1518,1021,1746,64
479525,0,4269,-4113,-1165,54,-725,124,1948,481,-398,980,895,802,1518,1021,1746,64
479525,1,4268,-4114,-1164,53,-724,125,1949,476,-395,979,894,805,1517,1021,1744,64
479525,1,4269,-4114,-1164,54,-726,125,1950,482,-394,981,895,803,1517,1022,1744,65
479525,1,4268,-4111,-1163,52,-724,121,1948,480,-395,977,895,805,1521,1024,1745,65
479525,1,4268,-4111,-1163,52,-722,122,1948,479,-397,975,897,805,1518,1021,1745,66
479525,0,4268,-4111,-1163,52,-722,122,1948,479,-397,975,897,805,1518,1021,1745,66
479525,1,4269,-4113,-1161,53,-723,122,1948,481,-397,976,896,805,1519,1019,1746,63
479525,1,4267,-4112,-1165,52,-726,122,1948,477,-395,979,897,805,1516,1021,1747,65
479525,1,4267,-4113,-1164,54,-724,121,1948,481,-394,979,896,803,1519,1023,1746,65
479525,1,4270,-4112,-1163,53,-724,124,1948,481,-396,979,896,804,1518,1020,1744,64
479525,0,4270,-4112,-1163,53,-724,124,1948,481,-396,979,896,804,1518,1020,1744,64
479525,1,4268,-4111,-1164,53,-726,123,1949,480,-396,978,896,804,1520,1021,1745,64
479525,1,4270,-4114,-1164,56,-724,123,1948,480,-398,979,898,805,1515,1021,1743,65
479525,1,4270,-4114,-1161,53,-724,122,1950,481,-394,977,898,803,1519,1022,1745,65
479525,1,4269,-4113,-1166,53,-725,123,1949,480,-397,979,895,804,1518,1021,1747,64
479525,0,4269,-4113,-1166,53,-725,123,1949,480,-397,979,895,804,1518,1021,1747,64
479525,1,4270,-4114,-1163,53,-726,125,1948,480,-395,977,894,803,1517,1023,1744,62
479525,1,4268,-4113,-1163,55,-726,123,1950,482,-395,976,895,805,1517,1021,1745,64
479525,1,4268,-4115,-1164,54,-722,121,1950,481,-398,980,897,802,1516,1020,1744,64
479525,1,4268,-4114,-1165,53,-725,125,1950,481,-394,977,893,802,1517,1022,1746,65
479525,0,4268,-4114,-1165,53,-725,125,1950,481,-394,977,893,802,1517,1022,1746,65
479525,1,4268,-4113,-1163,50,-723,123,1949,478,-397,979,896,802,1520,1020,1749,64
479525,1,4267,-4114,-1164,53,-725,121,1950,481,-395,980,895,802,1518,1021,1744,64
479525,1,4267,-4115,-1163,53,-724,120,1949,481,-397,978,896,805,1516,1022,1747,64
479525,1,4269,-4113,-1165,54,-723,121,1950,481,-393,979,895,802,1515,1023,1746,64
479525,0,4269,-4113,-1165,54,-723,121,1950,481,-393,979,895,802,1515,1023,1746,64
479525,1,4268,-4116,-1163,53,-723,123,1948,482,-395,981,895,802,1518,1023,1745,63
479525,1,4268,-4112,-1162,53,-725,121,1950,479,-396,978,895,804,1516,1021,1746,66
479525,1,4268,-4112,-1164,54,-724,123,1947,481,-397,977,896,805,1516,1022,1745,64
479525,1,4268,-4114,-1164,53,-724,122,1949,482,-395,982,895,804,1518,1021,1746,65
479525,0,4268,-4114,-1164,53,-724,122,1949,482,-395,982,895,804,1518,1021,1746,65
479525,1,4269,-4114,-1164,52,-725,124,1950,480,-396,981,897,802,1518,1022,1745,62
479525,1,4270,-4113,-1165,54,-724,123,1947,478,-395,977,894,805,1518,1021,1743,65
479525,1,4269,-4112,-1165,54,-724,125,1951,478,-395,980,896,807,1517,1021,1744,65
479525,1,4269,-4112,-1164,55,-725,125,1948,481,-396,979,897,803,1517,1023,1746,61
479525,0,4269,-4112,-1164,55,-725,125,1948,481,-396,979,897,803,1517,1023,1746,61
479525,1,4269,-4114,-1164,56,-724,125,1950,479,-396,978,896,802,1519,1022,1746,63
479525,1,4270,-4113,-1164,54,-726,122,1948,482,-395,976,896,804,1519,1021,1744,66
479525,1,4271,-4114,-1163,53,-725,123,1948,481,-394,977,894,803,1520,1022,1746,63
479525,1,4271,-4114,-1163,53,-721,123,1948,484,-395,977,896,802,1517,1021,1744,65
479525,1,4270,-4113,-1165,54,-725,121,1948,479,-396,981,897,804,1516,1021,1744,62
479525,0,4270,-4113,-1165,54,-725,121,1948,479,-396,981,897,804,1516,1021,1744,62
479525,1,4268,-4114,-1164,53,-724,124,1950,482,-395,977,896,805,1518,1023,1748,62
479525,1,4270,-4112,-1164,54,-727,125,1948,481,-397,979,896,803,1518,1024,1744,66
479525,1,4269,-4114,-1166,52,-725,122,1949,482,-395,977,893,805,1517,1021,1746,63
479525,1,4267,-4113,-1162,54,-723,122,1949,481,-394,980,896,804,1517,1021,1745,64
479525,0,4267,-4113,-1162,54,-723,122,1949,481,-394,980,896,804,1517,1021,1745,64
479525,1,4269,-4115,-1163,55,-725,121,1949,481,-397,979,897,803,1515,1023,1745,61
479525,1,4269,-4115,-1165,55,-725,122,1950,477,-394,978,896,802,1517,1022,1746,64
479525,1,4272,-4111,-1163,52,-725,122,1949,481,-396,981,897,803,1517,1021,1742,63
479525,1,4269,-4112,-1164,53,-724,122,1950,479,-398,979,896,804,1518,1024,1743,66
479525,0,4269,-4112,-1164,53,-724,122,1950,479,-398,979,896,804,1518,1024,1743,66
479525,1,4268,-4114,-1165,53,-722,123,1949,481,-395,977,893,804,1517,1021,1746,61
479525,1,4268,-4113,-1165,55,-725,124,1950,482,-395,978,894,805,1520,1021,1743,63
479525,1,4269,-4114,-1165,53,-723,120,1949,479,-396,977,896,803,1517,1021,1746,62
479525,1,4270,-4113,-1165,54,-724,125,1947,482,-398,977,898,803,1520,1022,1744,64
479525,0,4270,-4113,-1165,54,-724,125,1947,482,-398,977,898,803,1520,1022,1744,64
479525,1,4271,-4111,-1164,52,-725,120,1951,481,-397,976,896,804,1517,1024,1743,64
479525,1,4272,-4114,-1164,55,-725,122,1947,481,-398,976,896,806,1517,1022,1746,65
479525,1,4270,-4114,-1164,53,-722,122,1948,479,-394,980,897,802,1517,1020,1746,65
479525,1,4271,-4115,-1165,55,-724,123,1949,481,-395,977,896,803,1517,1022,1744,62
479525,0,4271,-4115,-1165,55,-724,123,1949,481,-395,977,896,803,1517,1022,1744,62
479525,1,4272,-4112,-1165,53,-725,124,1950,480,-397,978,896,804,1519,1023,1746,63
479525,1,4270,-4113,-1164,53,-724,121,1950,477,-395,978,897,805,1518,1021,1743,61
479526,1,4269,-4115,-1166,52,-723,122,1949,481,-395,978,895,805,1517,1021,1744,64
479526,1,4270,-4114,-1167,53,-726,124,1948,480,-395,977,895,804,1518,1021,1742,63
479526,0,4270,-4114,-1167,53,-726,124,1948,480,-395,977,895,804,1518,1021,1742,63
479526,1,4268,-4113,-1163,53,-723,123,1949,481,-395,978,894,804,1518,1022,1742,63
479526,1,4269,-4114,-1166,53,-725,123,1949,479,-393,977,895,803,1519,1019,1746,63
479526,1,4268,-4113,-1164,54,-724,121,1948,477,-395,977,897,802,1516,1022,1745,66
479526,1,4270,-4113,-1165,53,-723,123,1950,480,-395,977,896,802,1520,1021,1746,64
479526,0,4270,-4113,-1165,53,-723,123,1950,480,-395,977,896,802,1520,1021,1746,64
479526,1,4271,-4114,-1165,55,-726,121,1949,481,-394,976,897,802,1516,1023,1746,63
479526,1,4269,-4115,-1165,53,-723,121,1948,481,-395,979,895,802,1519,1019,1746,61
479526,1,4270,-4114,-1165,52,-722,121,1951,481,-396,981,898,805,1517,1022,1745,62
479526,1,4269,-4113,-1165,53,-723,122,1949,480,-397,978,896,804,1520,1020,1748,65
479526,0,4269,-4113,-1165,53,-723,122,1949,480,-397,978,896,804,1520,1020,1748,65
479526,1,4269,-4113,-1166,54,-725,121,1946,481,-396,977,895,804,1517,1022,1746,63
479526,1,4268,-4114,-1163,53,-724,124,1948,482,-396,980,895,803,1520,1020,1746,64
479526,1,4270,-4112,-1167,52,-725,123,1949,481,-394,978,897,801,1516,1020,1747,63
479526,1,4268,-4115,-1164,51,-724,123,1947,481,-394,980,894,803,1516,1021,1744,63
479526,0,4268,-4115,-1164,51,-724,123,1947,481,-394,980,894,803,1516,1021,1744,63
479526,1,4271,-4114,-1165,53,-722,122,1947,482,-394,976,894,801,1519,1025,1746,63
479526,1,4270,-4115,-1164,54,-723,119,1950,482,-396,977,897,805,1518,1021,1744,64
479526,1,4268,-4114,-1166,52,-721,121,1947,479,-393,979,895,805,1517,1020,1746,64
479526,1,4268,-4113,-1162,52,-722,122,1949,481,-395,979,898,803,1516,1021,1743,64
479526,0,4268,-4113,-1162,52,-722,122,1949,481,-395,979,898,803,1516,1021,1743,64
479526,1,4269,-4115,-1163,56,-725,122,1947,480,-394,977,893,803,1514,1021,1744,63
479526,1,4269,-4114,-1165,53,-723,124,1949,479,-396,977,896,805,1517,1023,1745,63
479526,1,4269,-4115,-1165,54,-725,123,1948,477,-393,978,896,803,1517,1022,1744,64
479526,1,4269,-4111,-1165,54,-722,122,1950,479,-396,976,895,803,1517,1022,1746,65
479526,0,4269,-4111,-1165,54,-722,122,1950,479,-396,976,895,803,1517,1022,1746,65
479526,1,4266,-4116,-1165,54,-725,121,1949,480,-396,977,894,801,1520,1020,1744,63
479526,1,4268,-4113,-1165,52,-725,122,1947,479,-395,978,897,804,1516,1021,1744,64
479526,1,4270,-4114,-1163,53,-722,123,1950,480,-394,977,895,803,1519,1022,1744,64
479526,1,4268,-4112,-1165,54,-723,122,1947,479,-396,978,898,804,1518,1019,1745,63
479526,0,4268,-4112,-1165,54,-723,122,1947,479,-396,978,898,804,1518,1019,1745,63
479526,1,4267,-4113,-1164,53,-722,123,1950,479,-395,977,896,805,1521,1023,1747,63
479526,1,4267,-4111,-1164,53,-724,123,1952,478,-396,978,895,802,1519,1021,1745,64
479526,1,4268,-4111,-1163,52,-725,123,1946,479,-394,978,897,801,1516,1019,1746,62
479526,1,4269,-4115,-1166,54,-723,124,1948,479,-394,978,892,804,1517,1021,1745,62
479526,0,4269,-4115,-1166,54,-723,124,1948,479,-394,978,892,804,1517,1021,1745,62
479526,1,4269,-4116,-1163,56,-723,122,1951,478,-393,979,897,803,1519,1022,1743,62
479526,1,4269,-4114,-1166,54,-724,121,1948,481,-396,977,895,805,1519,1021,1746,64
479526,1,4270,-4114,-1163,56,-722,122,1948,478,-397,977,897,803,1521,1021,1745,62
479526,1,4267,-4110,-1164,54,-725,121,1947,480,-396,978,895,804,1517,1022,1745,61
479526,0,4267,-4110,-1164,54,-725,121,1947,480,-396,978,895,804,1517,1022,1745,61
479526,1,4269,-4113,-1166,54,-724,122,1949,480,-394,979,896,803,1519,1021,1744,65
479526,1,4268,-4112,-1166,54,-725,122,1951,480,-395,979,895,801,1519,1023,1744,62
479526,1,4268,-4111,-1165,54,-722,120,1948,481,-395,977,897,802,1516,1021,1747,62
479526,1,4268,-4110,-1167,54,-724,123,1948,481,-396,979,895,803,1518,1020,1745,61
479526,1,4267,-4113,-1164,53,-724,124,1950,479,-394,979,896,799,1517,1022,1746,63
479526,0,4267,-4113,-1164,53,-724,124,1950,479,-394,979,896,799,1517,1022,1746,63
479526,1,4269,-4113,-1165,54,-723,125,1950,479,-397,978,899,805,1518,1023,1746,63
479526,1,4268,-4113,-1165,52,-724,122,1947,480,-392,980,895,805,1518,1023,1743,63
479526,1,4270,-4112,-1164,52,-727,124,1946,478,-395,978,896,803,1517,1021,1746,64
479526,1,4267,-4113,-1166,53,-723,123,1951,480,-395,976,896,804,1518,1021,1745,66
479526,0,4267,-4113,-1166,53,-723,123,1951,480,-395,976,896,804,1518,1021,1745,66
479526,1,4270,-4112,-1166,54,-725,123,1949,480,-395,979,896,803,1515,1021,1745,61
479526,1,4269,-4113,-1163,51,-724,124,1950,481,-394,976,896,804,1518,1022,1745,64
479526,1,4271,-4113,-1163,53,-724,121,1948,479,-396,978,895,804,1519,1021,1744,62
479526,1,4269,-4111,-1164,52,-722,122,1948,480,-396,979,896,800,1518,1021,1742,63
479526,0,4269,-4111,-1164,52,-722,122,1948,480,-396,979,896,800,1518,1021,1742,63
479526,1,4268,-4111,-1166,54,-726,122,1950,482,-395,980,896,802,1518,1022,1744,65
479526,1,4269,-4113,-1164,52,-726,125,1949,482,-394,979,896,803,1514,1023,1744,62
479526,1,4268,-4112,-1165,53,-724,120,1950,481,-396,979,897,803,1518,1023,1746,62
479526,1,4268,-4115,-1167,53,-724,121,1950,482,-396,980,894,804,1518,1021,1745,62
479526,0,4268,-4115,-1167,53,-724,121,1950,482,-396,980,894,804,1518,1021,1745,62
479526,1,4268,-4113,-1166,52,-724,122,1948,482,-395,977,898,803,1518,1023,1744,64
479526,1,4271,-4114,-1166,55,-724,123,1950,482,-394,980,896,802,1518,1021,1744,65
479526,1,4271,-4112,-1167,52,-724,121,1949,480,-395,978,895,804,1519,1021,1745,64
479526,1,4272,-4110,-1167,52,-725,121,1950,482,-395,979,895,799,1521,1022,1744,64
479526,0,4272,-4110,-1167,52,-725,121,1950,482,-395,979,895,799,1521,1022,1744,64
479526,1,4270,-4113,-1164,53,-723,121,1948,478,-397,980,895,802,1517,1018,1745,63
479526,1,4268,-4113,-1165,53,-722,122,1949,480,-399,978,896,801,1519,1021,1746,65
479526,1,4269,-4113,-1165,53,-722,122,1947,479,-395,979,896,804,1518,1021,1746,62
479526,1,4271,-4112,-1166,55,-722,124,1949,480,-396,976,897,803,1521,1021,1742,65
479526,0,4271,-4112,-1166,55,-722,124,1949,480,-396,976,897,803,1521,1021,1742,65
479526,1,4269,-4114,-1164,53,-725,122,1948,482,-399,979,897,803,1519,1021,1745,63
479526,1,4269,-4115,-1166,54,-725,123,1948,480,-395,977,894,804,1518,1021,1744,63
479526,1,4267,-4114,-1165,53,-724,122,1951,480,-394,981,897,802,1516,1021,1747,63
479526,1,4268,-4113,-1164,56,-721,121,1949,481,-395,977,894,802,1519,1021,1743,63
479526,0,4268,-4113,-1164,56,-721,121,1949,481,-395,977,894,802,1519,1021,1743,63
479526,1,4269,-4113,-1165,55,-725,123,1950,478,-394,978,896,804,1518,1023,1744,63
479526,1,4269,-4115,-1165,53,-722,123,1948,480,-395,976,898,804,1518,1021,1747,63
479526,1,4269,-4114,-1166,55,-724,123,1948,482,-395,979,896,806,1523,1020,1744,65
479526,1,4272,-4114,-1165,56,-722,122,1949,478,-394,976,894,801,1516,1022,1746,64
479526,0,4272,-4114,-1165,56,-722,122,1949,478,-394,976,894,801,1516,1022,1746,64
479526,1,4269,-4114,-1164,53,-725,122,1949,481,-395,977,896,802,1518,1022,1742,65
479526,1,4271,-4112,-1165,54,-724,124,1949,480,-395,979,898,803,1519,1025,1744,64
479526,1,4266,-4111,-1164,55,-724,123,1950,480,-395,978,896,803,1519,1022,1743,64
479526,1,4269,-4113,-1166,54,-723,121,1946,481,-394,980,896,800,1519,1021,1745,63
479526,0,4269,-4113,-1166,54,-723,121,1946,481,-394,980,896,800,1519,1021,1745,63
479526,1,4269,-4112,-1164,53,-724,122,1949,481,-395,979,897,802,1517,1020,1745,65
479526,1,4269,-4114,-1165,54,-723,122,1951,480,-396,978,895,803,1518,1023,1745,64
479526,1,4267,-4112,-1168,53,-724,121,1949,480,-396,978,895,801,1516,1021,1742,64
479526,1,4270,-4114,-1164,55,-724,120,1947,479,-397,977,895,802,1518,1022,1744,64
479526,0,4270,-4114,-1164,55,-724,120,1947,479,-397,977,895,802,1518,1022,1744,64
479526,1,4268,-4111,-1166,53,-725,121,1950,481,-395,977,895,802,1518,1023,1746,63
479526,1,4268,-4111,-1165,51,-720,124,1947,483,-394,979,895,800,1517,1021,1744,65
479526,1,4270,-4112,-1166,54,-726,124,1950,481,-394,979,896,805,1516,1021,1743,62
479526,1,4269,-4113,-1165,53,-723,123,1946,481,-394,979,894,803,1519,1021,1744,65
479526,0,4269,-4113,-1165,53,-723,123,1946,481,-394,979,894,803,1519,1021,1744,65
479526,1,4269,-4111,-1166,54,-724,122,1949,480,-394,978,897,802,1518,1020,1745,63
479526,1,4268,-4113,-1166,53,-723,121,1948,479,-396,981,896,800,1517,1022,1745,63
479526,1,4270,-4113,-1165,54,-724,122,1950,479,-396,981,895,801,1517,1021,1745,63
479526,1,4271,-4112,-1166,53,-724,122,1947,479,-397,976,896,803,1517,1021,1746,62
479526,0,4271,-4112,-1166,53,-724,122,1947,479,-397,976,896,803,1517,1021,1746,62
479526,1,4269,-4110,-1165,53,-723,122,1946,481,-396,977,895,799,1518,1022,1744,63
479526,1,4271,-4111,-1166,53,-722,121,1947,480,-394,979,896,805,1519,1020,1745,65
479526,1,4271,-4114,-1165,53,-722,124,1950,483,-395,979,895,801,1519,1019,1746,63
479526,1,4268,-4114,-1165,52,-724,126,1948,478,-396,976,895,803,1520,1022,1745,66
479526,0,4268,-4114,-1165,52,-724,126,1948,478,-396,976,895,803,1520,1022,1745,66
479526,1,4270,-4113,-1167,54,-724,124,1949,481,-398,979,895,802,1519,1021,1746,63
479526,1,4269,-4112,-1166,52,-723,121,1947,478,-393,979,894,802,1517,1022,1744,64
479526,1,4269,-4113,-1163,52,-728,124,1952,482,-396,977,896,802,1515,1021,1744,63
479526,1,4268,-4114,-1166,52,-725,123,1949,478,-394,980,896,804,1518,1022,1743,61
479526,0,4268,-4114,-1166,52,-725,123,1949,478,-394,980,896,804,1518,1022,1743,61
479526,1,4268,-4114,-1164,53,-725,123,1949,481,-396,977,895,805,1520,1021,1743,64
479526,1,4271,-4112,-1166,56,-723,125,1948,480,-398,980,897,803,1520,1020,1744,62
479526,1,4268,-4114,-1164,54,-725,123,1949,479,-396,978,896,802,1520,1022,1744,64
479526,1,4269,-4112,-1164,53,-724,124,1947,479,-394,976,897,802,1518,1022,1744,63
479526,1,4270,-4114,-1166,53,-723,121,1949,481,-394,976,896,801,1519,1020,1747,62
479526,0,4270,-4114,-1166,53,-723,121,1949,481,-394,976,896,801,1519,1020,1747,62
479526,1,4272,-4114,-1165,53,-723,122,1948,478,-395,977,896,802,1520,1021,1743,62
479526,1,4269,-4112,-1164,52,-724,122,1948,480,-394,980,897,803,1515,1022,1745,65
479526,1,4269,-4114,-1165,52,-724,121,1949,482,-395,977,896,802,1514,1023,1744,62
479526,1,4268,-4114,-1166,55,-726,123,1948,481,-394,979,896,800,1517,1021,1745,63
479526,0,4268,-4114,-1166,55,-726,123,1948,481,-394,979,896,800,1517,1021,1745,63
479526,1,4268,-4112,-1165,55,-721,125,1949,481,-398,981,894,804,1516,1023,1745,62
479526,1,4267,-4113,-1167,56,-722,123,1950,480,-396,979,896,802,1519,1023,1744,64
479526,1,4270,-4113,-1166,53,-723,121,1947,478,-397,979,897,801,1519,1023,1744,63
479526,1,4269,-4113,-1165,53,-723,122,1948,480,-395,981,894,804,1519,1022,1744,63
479526,0,4269,-4113,-1165,53,-723,122,1948,480,-395,981,894,804,1519,1022,1744,63
479526,1,4267,-4114,-1165,53,-724,123,1949,480,-398,978,897,800,1519,1020,1743,62
479526,1,4269,-4114,-1163,53,-724,121,1949,481,-397,977,895,800,1517,1021,1745,64
479526,1,4268,-4112,-1166,53,-723,123,1948,480,-398,979,896,801,1519,1022,1747,64
479526,1,4268,-4112,-1166,53,-723,122,1948,478,-398,981,895,800,1520,1020,1745,64
479526,0,4268,-4112,-1166,53,-723,122,1948,478,-398,981,895,800,1520,1020,1745,64
479526,1,4268,-4114,-1166,53,-724,123,1948,478,-395,978,895,801,1517,1022,1743,63
479526,1,4268,-4113,-1166,55,-724,121,1949,481,-397,978,894,801,1518,1020,1744,63
479526,1,4271,-4111,-1164,55,-720,121,1947,481,-395,978,896,801,1517,1020,1744,63
479526,1,4270,-4114,-1166,53,-726,124,1945,481,-393,976,895,802,1517,1020,1743,63
479526,0,4270,-4114,-1166,53,-726,124,1945,481,-393,976,895,802,1517,1020,1743,63
479526,1,4267,-4115,-1166,54,-722,122,1949,481,-395,978,892,802,1521,1020,1746,62
479526,1,4270,-4110,-1166,53,-725,124,1947,480,-395,980,894,803,1521,1021,1745,63
479526,1,4270,-4113,-1167,55,-722,124,1949,482,-393,977,897,802,1519,1021,1745,63
479526,1,4270,-4113,-1164,53,-725,121,1949,481,-396,977,893,800,1517,1023,1744,63
479526,0,4270,-4113,-1164,53,-725,121,1949,481,-396,977,893,800,1517,1023,1744,63
479526,1,4270,-4113,-1165,53,-724,124,1948,481,-397,980,894,801,1519,1021,1744,66
479526,1,4271,-4114,-1165,54,-722,123,1948,478,-396,981,897,802,1520,1020,1745,65
479526,1,4270,-4115,-1166,53,-722,122,1949,481,-395,978,895,803,1518,1021,1745,63
479526,1,4270,-4114,-1166,52,-723,123,1950,481,-395,977,896,803,1515,1021,1746,64
479526,0,4270,-4114,-1166,52,-723,123,1950,481,-395,977,896,803,1515,1021,1746,64
479526,1,4268,-4114,-1166,52,-724,125,1949,480,-396,977,894,803,1519,1021,1744,63
479526,1,4267,-4115,-1165,53,-723,124,1948,481,-396,979,896,800,1518,1020,1744,63
479526,1,4267,-4114,-1166,53,-720,123,1949,480,-397,979,895,799,1517,1020,1745,62
479526,1,4269,-4114,-1166,52,-725,124,1950,478,-397,977,896,803,1515,1021,1744,64
479526,0,4269,-4114,-1166,52,-725,124,1950,478,-397,977,896,803,1515,1021,1744,64
479526,1,4268,-4112,-1165,54,-721,122,1950,479,-396,978,894,801,1517,1021,1744,62
479526,1,4270,-4113,-1168,54,-722,123,1948,480,-396,978,895,800,1518,1021,1746,64
479526,1,4268,-4111,-1165,52,-723,124,1951,480,-395,977,896,801,1518,1024,1744,62
479526,1,4269,-4111,-1164,54,-724,119,1949,480,-397,976,895,802,1519,1021,1745,63
479526,0,4269,-4111,-1164,54,-724,119,1949,480,-397,976,895,802,1519,1021,1745,63
479526,1,4269,-4114,-1166,52,-722,124,1948,479,-397,977,897,798,1520,1021,1743,62
479526,1,4268,-4114,-1165,55,-724,125,1949,480,-395,980,896,802,1516,1023,1743,62
479526,1,4271,-4113,-1166,56,-724,123,1951,480,-395,980,896,803,1516,1021,1744,63
479526,1,4269,-4115,-1165,54,-724,123,1948,480,-396,978,894,802,1516,1020,1745,62
479526,0,4269,-4115,-1165,54,-724,123,1948,480,-396,978,894,802,1516,1020,1745,62
479526,1,4267,-4113,-1166,53,-722,123,1950,480,-396,979,893,802,1519,1021,1746,62
479526,1,4268,-4112,-1164,53,-723,122,1949,480,-395,977,897,803,1515,1020,1746,62
479526,1,4268,-4115,-1164,56,-720,121,1948,482,-395,979,894,803,1520,1021,1747,62
479526,1,4270,-4110,-1167,52,-724,121,1948,480,-394,977,897,802,1519,1024,1744,63
479526,0,4270,-4110,-1167,52,-724,121,1948,480,-394,977,897,802,1519,1024,1744,63
479526,1,4268,-4111,-1166,53,-724,124,1949,482,-395,980,894,804,1520,1021,1745,61
479526,1,4268,-4113,-1165,52,-721,121,1946,480,-396,977,897,803,1515,1019,1744,62
479526,1,4270,-4114,-1164,52,-723,118,1950,482,-395,980,894,801,1517,1020,1744,63
479526,1,4271,-4112,-1167,55,-724,122,1951,482,-394,977,894,800,1515,1022,1744,62
479526,0,4271,-4112,-1167,55,-724,122,1951,482,-394,977,894,800,1515,1022,1744,62
479526,1,4269,-4113,-1166,53,-723,121,1948,479,-396,979,896,800,1515,1022,1743,63
479526,1,4268,-4113,-1166,53,-722,123,1949,480,-398,978,894,802,1518,1020,1745,61
479526,1,4268,-4114,-1166,55,-725,123,1946,480,-395,976,893,801,1519,1021,1745,63
479526,1,4269,-4113,-1165,56,-721,121,1948,481,-396,978,894,799,1515,1022,1744,61
479526,0,4269,-4113,-1165,56,-721,121,1948,481,-396,978,894,799,1515,1022,1744,61
479526,1,4269,-4111,-1166,55,-723,122,1950,479,-395,977,894,800,1518,1021,1744,61
479526,1,4268,-4111,-1167,53,-725,122,1950,480,-393,981,896,803,1518,1021,1745,63
479526,1,4267,-4112,-1165,55,-725,122,1951,481,-394,978,894,801,1518,1021,1744,63
479526,1,4269,-4114,-1169,53,-724,118,1948,480,-396,976,900,799,1517,1018,1744,63
479526,1,4270,-4113,-1164,52,-722,123,1948,479,-396,976,896,798,1522,1021,1743,63
479526,0,4270,-4113,-1164,52,-722,123,1948,479,-396,976,896,798,1522,1021,1743,63
479526,1,4269,-4115,-1166,53,-722,121,1948,479,-394,977,896,799,1520,1020,1745,62
479526,1,4267,-4113,-1168,51,-723,123,1950,480,-396,976,893,802,1518,1022,1743,65
479526,1,4269,-4112,-1166,54,-723,123,1950,480,-396,979,895,801,1518,1022,1744,63
479526,1,4267,-4112,-1165,51,-723,121,1950,481,-396,977,894,801,1516,1020,1744,62
479526,0,4267,-4112,-1165,51,-723,121,1950,481,-396,977,894,801,1516,1020,1744,62
479526,1,4268,-4113,-1167,53,-722,123,1949,480,-394,979,894,802,1514,1020,1743,63
479526,1,4268,-4114,-1166,54,-724,122,1950,479,-396,978,896,801,1514,1022,1743,64
479526,1,4268,-4114,-1165,53,-722,120,1948,481,-398,980,896,798,1518,1022,1745,64
479526,1,4269,-4113,-1166,55,-723,125,1948,480,-396,977,895,801,1519,1022,1744,65
479526,0,4269,-4113,-1166,55,-723,125,1948,480,-396,977,895,801,1519,1022,1744,65
479526,1,4269,-4112,-1166,55,-726,121,1949,480,-396,978,893,801,1519,1020,1743,62
479526,1,4269,-4114,-1167,52,-722,120,1950,481,-397,977,896,802,1520,1023,1743,62
479526,1,4270,-4116,-1166,57,-724,120,1950,478,-397,979,895,803,1519,1022,1744,64
479526,1,4269,-4114,-1165,53,-723,123,1950,481,-395,980,895,802,1520,1021,1745,60
479527,0,4269,-4114,-1165,53,-723,123,1950,481,-395,980,895,802,1520,1021,1745,60
479527,1,4268,-4111,-1166,54,-724,120,1948,481,-396,977,896,801,1520,1022,1744,62
479527,1,4269,-4113,-1165,54,-721,121,1948,480,-396,978,894,801,1519,1022,1746,63
479527,1,4269,-4111,-1165,53,-724,121,1946,482,-395,980,896,801,1515,1024,1742,63
479527,1,4268,-4114,-1167,54,-721,122,1949,481,-396,977,894,800,1520,1021,1743,63
479527,0,4268,-4114,-1167,54,-721,122,1949,481,-396,977,894,800,1520,1021,1743,63
479527,1,4268,-4112,-1168,53,-724,121,1948,479,-396,974,894,802,1518,1021,1746,63
479527,1,4269,-4115,-1165,52,-722,122,1950,482,-396,977,895,803,1517,1022,1744,64
479527,1,4268,-4113,-1167,53,-725,120,1950,479,-397,980,896,801,1520,1022,1744,63
479527,1,4267,-4111,-1163,55,-726,122,1947,481,-396,977,895,803,1517,1021,1743,66
479527,0,4267,-4111,-1163,55,-726,122,1947,481,-396,977,895,803,1517,1021,1743,66
479527,1,4267,-4114,-1166,53,-721,123,1949,481,-398,978,896,800,1513,1020,1744,61
479527,1,4269,-4112,-1166,53,-720,120,1948,482,-394,976,894,799,1517,1021,1745,64
479527,1,4268,-4113,-1165,52,-724,123,1947,481,-394,981,894,802,1518,1022,1744,62
479527,1,4271,-4113,-1165,55,-724,121,1949,483,-397,975,896,799,1518,1023,1745,61
479527,0,4271,-4113,-1165,55,-724,121,1949,483,-397,975,896,799,1518,1023,1745,61
479527,1,4271,-4112,-1164,53,-723,122,1950,479,-397,979,893,800,1520,1021,1744,61
479527,1,4268,-4115,-1166,52,-721,122,1949,481,-395,977,894,804,1518,1021,1746,62
479527,1,4268,-4109,-1166,54,-725,122,1947,479,-395,976,895,800,1519,1021,1744,61
479527,1,4270,-4114,-1162,53,-722,122,1948,480,-396,979,894,803,1518,1021,1745,62
479527,0,4270,-4114,-1162,53,-722,122,1948,480,-396,979,894,803,1518,1021,1745,62
479527,1,4268,-4115,-1166,53,-722,125,1949,480,-394,979,895,803,1517,1021,1743,61
479527,1,4267,-4112,-1165,52,-722,122,1950,481,-395,978,896,800,1518,1021,1745,61
479527,1,4269,-4113,-1166,54,-725,121,1948,481,-395,979,894,801,1520,1021,1746,64
479527,1,4269,-4113,-1165,54,-722,124,1948,480,-393,980,895,800,1518,1019,1744,63
479527,0,4269,-4113,-1165,54,-722,124,1948,480,-393,980,895,800,1518,1019,1744,63
479527,1,4270,-4113,-1166,53,-724,123,1947,480,-394,976,896,801,1519,1021,1743,64
479527,1,4268,-4112,-1166,51,-726,122,1950,481,-394,979,895,802,1518,1021,1746,63
479527,1,4270,-4113,-1163,55,-725,120,1950,480,-396,978,896,801,1520,1022,1744,62
479527,1,4268,-4112,-1167,51,-723,122,1949,481,-397,978,893,801,1519,1020,1745,63
479527,0,4268,-4112,-1167,51,-723,122,1949,481,-397,978,893,801,1519,1020,1745,63
479527,1,4269,-4114,-1168,54,-723,121,1951,480,-396,977,895,800,1519,1020,1744,63
479527,1,4270,-4114,-1165,52,-721,122,1946,480,-396,976,897,801,1519,1020,1743,63
479527,1,4267,-4114,-1167,52,-724,122,1951,479,-395,976,894,800,1516,1020,1744,62
479527,1,4270,-4114,-1165,53,-724,122,1952,481,-392,977,895,799,1519,1023,1744,61
479527,0,4270,-4114,-1165,53,-724,122,1952,481,-392,977,895,799,1519,1023,1744,61
479527,1,4269,-4114,-1167,55,-723,123,1947,480,-399,977,894,800,1518,1022,1746,64
479527,1,4268,-4114,-1165,52,-723,123,1948,480,-395,975,895,803,1520,1021,1742,64
479527,1,4268,-4114,-1166,55,-722,122,1947,482,-393,977,897,800,1520,1020,1746,62
479527,1,4270,-4114,-1165,54,-723,121,1947,482,-395,981,894,801,1517,1021,1742,62
479527,0,4270,-4114,-1165,54,-723,121,1947,482,-395,981,894,801,1517,1021,1742,62
479527,1,4269,-4113,-1165,55,-723,121,1950,480,-396,978,896,801,1516,1021,1746,63
479527,1,4268,-4116,-1167,53,-722,121,1950,479,-396,978,893,800,1519,1022,1744,60
479527,1,4269,-4111,-1166,53,-722,121,1951,482,-395,979,895,802,1520,1021,1745,61
479527,1,4269,-4111,-1165,53,-721,122,1949,479,-394,977,895,800,1519,1021,1743,63
479527,0,4269,-4111,-1165,53,-721,122,1949,479,-394,977,895,800,1519,1021,1743,63
479527,1,4270,-4114,-1166,50,-727,120,1950,480,-395,977,894,800,1518,1020,1743,64
479527,1,4269,-4113,-1164,53,-723,123,1949,481,-395,979,895,799,1519,1020,1744,63
479527,1,4271,-4115,-1166,53,-722,122,1948,481,-394,979,893,799,1520,1022,1742,61
479527,1,4267,-4114,-1166,52,-723,123,1950,482,-396,976,894,800,1522,1021,1744,63
479527,0,4267,-4114,-1166,52,-723,123,1950,482,-396,976,894,800,1522,1021,1744,63
479527,1,4268,-4114,-1165,53,-722,123,1950,481,-396,976,894,799,1518,1020,1744,63
479527,1,4269,-4114,-1166,54,-723,121,1948,480,-395,975,895,802,1520,1019,1745,62
479527,1,4268,-4114,-1167,54,-724,122,1948,478,-398,977,895,802,1517,1023,1744,62
479527,1,4269,-4114,-1165,53,-721,123,1947,480,-395,976,894,801,1514,1022,1743,62
479527,1,4269,-4112,-1165,53,-722,121,1947,478,-394,977,895,799,1516,1022,1745,61
479527,0,4269,-4112,-1165,53,-722,121,1947,478,-394,977,895,799,1516,1022,1745,61
479527,1,4267,-4116,-1166,50,-723,123,1948,480,-393,978,894,799,1518,1022,1741,62
479527,1,4269,-4112,-1167,53,-723,120,1948,481,-394,978,895,797,1518,1022,1744,61
479527,1,4270,-4114,-1165,53,-720,121,1947,481,-398,977,893,800,1517,1020,1746,62
479527,1,4268,-4114,-1165,54,-723,121,1949,480,-396,978,894,800,1519,1022,1746,64
479527,0,4268,-4114,-1165,54,-723,121,1949,480,-396,978,894,800,1519,1022,1746,64
479527,1,4268,-4111,-1166,51,-724,122,1949,480,-395,977,895,799,1517,1021,1745,61
479527,1,4269,-4112,-1167,53,-722,125,1949,480,-395,978,893,800,1517,1022,1743,62
479527,1,4271,-4115,-1165,53,-722,124,1947,481,-395,979,894,799,1519,1021,1743,63
479527,1,4271,-4115,-1167,53,-723,121,1949,480,-396,978,895,800,1519,1023,1743,61
479527,0,4271,-4115,-1167,53,-723,121,1949,480,-396,978,895,800,1519,1023,1743,61
479527,1,4270,-4113,-1167,55,-723,121,1950,479,-396,979,896,801,1517,1020,1744,62
479527,1,4267,-4113,-1166,53,-723,123,1951,480,-394,977,895,802,1516,1020,1744,61
479527,1,4271,-4116,-1166,52,-723,122,1948,481,-395,977,895,800,1520,1021,1743,63
479527,1,4270,-4114,-1166,53,-723,121,1950,480,-395,977,894,803,1517,1023,1742,61
479527,0,4270,-4114,-1166,53,-723,121,1950,480,-395,977,894,803,1517,1023,1742,61
479527,1,4268,-4116,-1165,51,-723,123,1948,480,-394,976,894,800,1517,1020,1744,63
479527,1,4270,-4110,-1166,54,-722,120,1949,479,-395,978,895,802,1517,1021,1744,62
479527,1,4269,-4111,-1166,52,-725,123,1950,480,-396,978,894,801,1518,1021,1744,63
479527,1,4269,-4112,-1165,54,-722,125,1949,480,-395,978,895,802,1519,1019,1744,61
479527,0,4269,-4112,-1165,54,-722,125,1949,480,-395,978,895,802,1519,1019,1744,61
479527,1,4269,-4115,-1165,52,-725,123,1948,479,-398,979,895,801,1518,1020,1745,63
479527,1,4269,-4115,-1165,54,-722,121,1947,481,-394,977,894,799,1518,1023,1744,63
479527,1,4268,-4114,-1168,53,-722,120,1951,480,-398,977,893,801,1519,1022,1744,64
479527,1,4270,-4112,-1166,53,-723,120,1947,480,-394,979,896,801,1520,1021,1743,60
479527,0,4270,-4112,-1166,53,-723,120,1947,480,-394,979,896,801,1520,1021,1743,60
479527,1,4270,-4113,-1166,54,-723,121,1947,479,-395,978,894,802,1519,1021,1744,61
479527,1,4269,-4114,-1166,54,-722,123,1947,477,-395,978,896,801,1516,1020,1744,61
479527,1,4268,-4113,-1167,53,-724,123,1951,480,-394,980,895,803,1515,1020,1744,60
479527,1,4267,-4114,-1164,53,-723,123,1949,480,-395,977,896,800,1518,1019,1745,61
479527,0,4267,-4114,-1164,53,-723,123,1949,480,-395,977,896,800,1518,1019,1745,61
479527,1,4271,-4114,-1165,53,-723,120,1948,478,-395,977,892,800,1519,1021,1744,62
479527,1,4267,-4112,-1166,51,-720,121,1949,478,-398,976,896,803,1520,1019,1746,64
479527,1,4269,-4114,-1166,55,-725,124,1947,481,-396,979,894,800,1521,1022,1745,64
479527,1,4269,-4112,-1166,52,-723,123,1949,480,-396,976,894,798,1516,1023,1742,62
479527,0,4269,-4112,-1166,52,-723,123,1949,480,-396,976,894,798,1516,1023,1742,62
479527,1,4269,-4113,-1166,53,-724,121,1950,479,-395,977,892,798,1518,1020,1744,63
479527,1,4268,-4113,-1166,52,-723,122,1950,480,-397,977,894,800,1518,1022,1743,61
479527,1,4270,-4114,-1166,52,-723,124,1949,479,-397,977,893,800,1518,1021,1744,62
479527,1,4267,-4115,-1165,53,-722,122,1948,478,-395,977,895,802,1520,1022,1742,61
479527,0,4267,-4115,-1165,53,-722,122,1948,478,-395,977,895,802,1520,1022,1742,61
479527,1,4271,-4114,-1167,53,-721,124,1949,479,-394,975,896,804,1517,1021,1746,61
479527,1,4270,-4112,-1166,53,-724,122,1948,479,-395,976,895,801,1519,1022,1743,61
479527,1,4270,-4114,-1166,53,-720,121,1947,481,-394,976,896,802,1517,1021,1743,62
479527,1,4272,-4115,-1167,52,-721,124,1949,481,-395,976,895,798,1520,1022,1743,61
479527,0,4272,-4115,-1167,52,-721,124,1949,481,-395,976,895,798,1520,1022,1743,61
479527,1,4270,-4111,-1165,53,-723,123,1949,481,-395,978,894,799,1521,1024,1742,63
479527,1,4268,-4115,-1166,53,-723,121,1948,480,-396,980,895,802,1519,1021,1743,62
479527,1,4269,-4117,-1168,51,-723,123,1950,481,-397,978,896,800,1518,1021,1744,62
479527,1,4267,-4114,-1165,55,-722,120,1947,479,-396,976,896,798,1517,1023,1745,62
479527,0,4267,-4114,-1165,55,-722,120,1947,479,-396,976,896,798,1517,1023,1745,62
479527,1,4269,-4113,-1167,55,-721,121,1949,480,-396,978,896,800,1519,1021,1744,61
479527,1,4268,-4114,-1166,53,-723,121,1951,478,-398,977,893,800,1520,1021,1743,63
479527,1,4269,-4114,-1164,53,-722,120,1947,480,-394,976,896,801,1517,1019,1744,63
479527,1,4270,-4112,-1166,52,-724,120,1951,480,-394,979,894,800,1518,1021,1743,61
479527,0,4270,-4112,-1166,52,-724,120,1951,480,-394,979,894,800,1518,1021,1743,61
479527,1,4271,-4114,-1167,54,-724,123,1949,480,-395,977,895,801,1517,1020,1742,62
479527,1,4270,-4115,-1165,55,-723,123,1949,481,-395,978,894,799,1519,1022,1744,61
479527,1,4269,-4113,-1165,54,-723,122,1948,481,-394,977,895,802,1519,1021,1744,61
479527,1,4270,-4114,-1165,53,-721,123,1949,481,-394,976,894,802,1516,1021,1742,61
479527,0,4270,-4114,-1165,53,-721,123,1949,481,-394,976,894,802,1516,1021,1742,61
479527,1,4267,-4111,-1165,54,-722,123,1949,478,-396,981,894,800,1518,1021,1743,62
479527,1,4268,-4112,-1165,52,-723,122,1948,483,-397,978,892,799,1518,1023,1744,62
479527,1,4269,-4115,-1166,52,-725,122,1947,480,-396,978,893,800,1519,1019,1743,63
479527,1,4268,-4113,-1165,52,-724,121,1948,480,-396,977,896,798,1517,1021,1745,61
479527,1,4269,-4114,-1164,54,-724,121,1946,482,-397,976,895,800,1518,1023,1742,63
479527,0,4269,-4114,-1164,54,-724,121,1946,482,-397,976,895,800,1518,1023,1742,63
479527,1,4272,-4114,-1167,54,-722,121,1950,480,-397,976,894,798,1518,1020,1744,61
479527,1,4270,-4114,-1165,56,-724,122,1948,479,-396,975,894,799,1518,1019,1744,59
479527,1,4269,-4114,-1166,52,-723,122,1948,479,-394,977,893,801,1519,1021,1744,63
479527,1,4269,-4113,-1167,53,-722,119,1951,483,-394,979,894,799,1517,1020,1744,60
479527,0,4269,-4113,-1167,53,-722,119,1951,483,-394,979,894,799,1517,1020,1744,60
479527,1,4269,-4114,-1166,53,-722,123,1950,480,-395,977,895,801,1516,1024,1744,62
479527,1,4267,-4113,-1167,53,-723,120,1947,480,-396,977,894,800,1519,1022,1744,61
479527,1,4269,-4114,-1164,55,-721,123,1950,483,-398,977,894,798,1518,1022,1743,64
479527,1,4269,-4109,-1166,54,-722,122,1947,480,-397,977,894,800,1518,1021,1744,62
479527,0,4269,-4109,-1166,54,-722,122,1947,480,-397,977,894,800,1518,1021,1744,62
479527,1,4269,-4113,-1165,51,-722,123,1949,482,-394,977,894,800,1519,1022,1745,61
479527,1,4270,-4114,-1165,54,-722,122,1949,479,-396,977,893,802,1518,1021,1743,61
479527,1,4269,-4113,-1168,54,-723,123,1950,478,-395,979,892,800,1517,1021,1744,62
479527,1,4267,-4113,-1165,53,-724,119,1948,479,-397,975,895,802,1516,1020,1745,62
479527,0,4267,-4113,-1165,53,-724,119,1948,479,-397,975,895,802,1516,1020,1745,62
479527,1,4271,-4113,-1165,53,-722,122,1950,479,-398,976,893,802,1518,1023,1742,62
479527,1,4268,-4116,-1166,52,-724,121,1949,479,-394,979,894,802,1518,1020,1744,62
479527,1,4268,-4113,-1167,53,-723,121,1950,480,-394,974,892,800,1516,1021,1744,61
479527,1,4267,-4114,-1166,55,-720,121,1946,479,-396,978,893,798,1517,1021,1744,60
479527,0,4267,-4114,-1166,55,-720,121,1946,479,-396,978,893,798,1517,1021,1744,60
479527,1,4269,-4113,-1163,54,-723,123,1947,478,-395,979,891,799,1517,1023,1746,61
479527,1,4267,-4111,-1165,53,-722,123,1948,481,-396,978,894,800,1515,1021,1741,64
479527,1,4268,-4111,-1164,53,-722,122,1949,480,-395,978,895,800,1517,1021,1744,60
479527,1,4268,-4112,-1165,52,-722,121,1950,481,-395,977,893,801,1517,1023,1745,61
479527,0,4268,-4112,-1165,52,-722,121,1950,481,-395,977,893,801,1517,1023,1745,61
479527,1,4268,-4112,-1167,53,-722,122,1950,480,-393,978,894,799,1519,1023,1746,60
479527,1,4270,-4116,-1165,52,-722,121,1950,480,-394,981,894,801,1520,1021,1744,61
479527,1,4270,-4113,-1166,55,-721,122,1951,478,-395,977,893,800,1518,1020,1744,63
479527,1,4270,-4114,-1166,55,-721,121,1948,481,-394,975,893,802,1518,1021,1743,63
479527,0,4270,-4114,-1166,55,-721,121,1948,481,-394,975,893,802,1518,1021,1743,63
