t_mono,changed,ch0,ch1,ch2,ch3,ch4,ch5,ch6,ch7,ch8,ch9,ch10,ch11
479482,0,0,0,0,0,0,0,0,0,0,0,0,0
479482,0,0,0,0,0,0,0,0,0,0,0,0,0
479482,0,0,0,0,0,0,0,0,0,0,0,0,0
479482,0,0,0,0,0,0,0,0,0,0,0,0,0
479482,0,0,0,0,0,0,0,0,0,0,0,0,0
479482,0,0,0,0,0,0,0,0,0,0,0,0,0
479482,0,0,0,0,0,0,0,0,0,0,0,0,0
479482,0,0,0,0,0,0,0,0,0,0,0,0,0
479482,0,0,0,0,0,0,0,0,0,0,0,0,0
479482,0,0,0,0,0,0,0,0,0,0,0,0,0
479482,0,0,0,0,0,0,0,0,0,0,0,0,0
479482,0,0,0,0,0,0,0,0,0,0,0,0,0
479482,0,0,0,0,0,0,0,0,0,0,0,0,0
479482,0,0,0,0,0,0,0,0,0,0,0,0,0
479482,0,0,0,0,0,0,0,0,0,0,0,0,0
479482,0,0,0,0,0,0,0,0,0,0,0,0,0
479482,0,0,0,0,0,0,0,0,0,0,0,0,0
479482,0,0,0,0,0,0,0,0,0,0,0,0,0
479482,0,0,0,0,0,0,0,0,0,0,0,0,0
479482,0,0,0,0,0,0,0,0,0,0,0,0,0
479482,0,0,0,0,0,0,0,0,0,0,0,0,0
479482,0,0,0,0,0,0,0,0,0,0,0,0,0
479482,0,0,0,0,0,0,0,0,0,0,0,0,0
479482,0,0,0,0,0,0,0,0,0,0,0,0,0
479482,0,0,0,0,0,0,0,0,0,0,0,0,0
479482,0,0,0,0,0,0,0,0,0,0,0,0,0
479482,0,0,0,0,0,0,0,0,0,0,0,0,0
479482,0,0,0,0,0,0,0,0,0,0,0,0,0
479482,0,0,0,0,0,0,0,0,0,0,0,0,0
479482,0,0,0,0,0,0,0,0,0,0,0,0,0
479482,0,0,0,0,0,0,0,0,0,0,0,0,0
479482,0,0,0,0,0,0,0,0,0,0,0,0,0
479482,0,0,0,0,0,0,0,0,0,0,0,0,0
479482,0,0,0,0,0,0,0,0,0,0,0,0,0
479482,0,0,0,0,0,0,0,0,0,0,0,0,0
479482,0,0,0,0,0,0,0,0,0,0,0,0,0
479482,0,0,0,0,0,0,0,0,0,0,0,0,0
479482,0,0,0,0,0,0,0,0,0,0,0,0,0
479482,0,0,0,0,0,0,0,0,0,0,0,0,0
479482,0,0,0,0,0,0,0,0,0,0,0,0,0
479482,0,0,0,0,0,0,0,0,0,0,0,0,0
479482,0,0,0,0,0,0,0,0,0,0,0,0,0
479482,0,0,0,0,0,0,0,0,0,0,0,0,0
479482,0,0,0,0,0,0,0,0,0,0,0,0,0
479482,0,0,0,0,0,0,0,0,0,0,0,0,0
479483,0,0,0,0,0,0,0,0,0,0,0,0,0
479483,0,0,0,0,0,0,0,0,0,0,0,0,0
479483,0,0,0,0,0,0,0,0,0,0,0,0,0
479483,0,0,0,0,0,0,0,0,0,0,0,0,0
479483,0,0,0,0,0,0,0,0,0,0,0,0,0
479483,0,0,0,0,0,0,0,0,0,0,0,0,0
479483,0,0,0,0,0,0,0,0,0,0,0,0,0
479483,0,0,0,0,0,0,0,0,0,0,0,0,0
479483,0,0,0,0,0,0,0,0,0,0,0,0,0
479483,0,0,0,0,0,0,0,0,0,0,0,0,0
479483,0,0,0,0,0,0,0,0,0,0,0,0,0
479483,0,0,0,0,0,0,0,0,0,0,0,0,0
479483,0,0,0,0,0,0,0,0,0,0,0,0,0
479483,0,0,0,0,0,0,0,0,0,0,0,0,0
479483,0,0,0,0,0,0,0,0,0,0,0,0,0
479483,0,0,0,0,0,0,0,0,0,0,0,0,0
479483,0,0,0,0,0,0,0,0,0,0,0,0,0
479483,0,0,0,0,0,0,0,0,0,0,0,0,0
479483,0,0,0,0,0,0,0,0,0,0,0,0,0
479483,0,0,0,0,0,0,0,0,0,0,0,0,0
479483,0,0,0,0,0,0,0,0,0,0,0,0,0
479483,0,0,0,0,0,0,0,0,0,0,0,0,0
479483,0,0,0,0,0,0,0,0,0,0,0,0,0
479483,0,0,0,0,0,0,0,0,0,0,0,0,0
479483,0,0,0,0,0,0,0,0,0,0,0,0,0
479483,0,0,0,0,0,0,0,0,0,0,0,0,0
479483,0,0,0,0,0,0,0,0,0,0,0,0,0
479483,0,0,0,0,0,0,0,0,0,0,0,0,0
479483,0,0,0,0,0,0,0,0,0,0,0,0,0
479483,0,0,0,0,0,0,0,0,0,0,0,0,0
479483,0,0,0,0,0,0,0,0,0,0,0,0,0
479483,0,0,0,0,0,0,0,0,0,0,0,0,0
479483,0,0,0,0,0,0,0,0,0,0,0,0,0
479483,0,0,0,0,0,0,0,0,0,0,0,0,0
479483,0,0,0,0,0,0,0,0,0,0,0,0,0
479483,0,0,0,0,0,0,0,0,0,0,0,0,0
479483,0,0,0,0,0,0,0,0,0,0,0,0,0
479483,0,0,0,0,0,0,0,0,0,0,0,0,0
479483,0,0,0,0,0,0,0,0,0,0,0,0,0
479483,0,0,0,0,0,0,0,0,0,0,0,0,0
479483,0,0,0,0,0,0,0,0,0,0,0,0,0
479483,0,0,0,0,0,0,0,0,0,0,0,0,0
479483,0,0,0,0,0,0,0,0,0,0,0,0,0
479483,0,0,0,0,0,0,0,0,0,0,0,0,0
479483,0,0,0,0,0,0,0,0,0,0,0,0,0
479483,0,0,0,0,0,0,0,0,0,0,0,0,0
479483,0,0,0,0,0,0,0,0,0,0,0,0,0
479483,0,0,0,0,0,0,0,0,0,0,0,0,0
479483,0,0,0,0,0,0,0,0,0,0,0,0,0
479483,0,0,0,0,0,0,0,0,0,0,0,0,0
479483,0,0,0,0,0,0,0,0,0,0,0,0,0
479483,0,0,0,0,0,0,0,0,0,0,0,0,0
479483,0,0,0,0,0,0,0,0,0,0,0,0,0
479483,0,0,0,0,0,0,0,0,0,0,0,0,0
479483,0,0,0,0,0,0,0,0,0,0,0,0,0
479483,0,0,0,0,0,0,0,0,0,0,0,0,0
479483,0,0,0,0,0,0,0,0,0,0,0,0,0
479483,0,0,0,0,0,0,0,0,0,0,0,0,0
479483,0,0,0,0,0,0,0,0,0,0,0,0,0
479483,0,0,0,0,0,0,0,0,0,0,0,0,0
479483,0,0,0,0,0,0,0,0,0,0,0,0,0
479483,0,0,0,0,0,0,0,0,0,0,0,0,0
479483,0,0,0,0,0,0,0,0,0,0,0,0,0
479483,0,0,0,0,0,0,0,0,0,0,0,0,0
479483,0,0,0,0,0,0,0,0,0,0,0,0,0
479483,0,0,0,0,0,0,0,0,0,0,0,0,0
479483,0,0,0,0,0,0,0,0,0,0,0,0,0
479483,0,0,0,0,0,0,0,0,0,0,0,0,0
479483,0,0,0,0,0,0,0,0,0,0,0,0,0
479483,0,0,0,0,0,0,0,0,0,0,0,0,0
479483,0,0,0,0,0,0,0,0,0,0,0,0,0
479483,0,0,0,0,0,0,0,0,0,0,0,0,0
479483,0,0,0,0,0,0,0,0,0,0,0,0,0
479483,0,0,0,0,0,0,0,0,0,0,0,0,0
479483,0,0,0,0,0,0,0,0,0,0,0,0,0
479483,0,0,0,0,0,0,0,0,0,0,0,0,0
479483,0,0,0,0,0,0,0,0,0,0,0,0,0
479483,0,0,0,0,0,0,0,0,0,0,0,0,0
479483,0,0,0,0,0,0,0,0,0,0,0,0,0
479483,0,0,0,0,0,0,0,0,0,0,0,0,0
479483,0,0,0,0,0,0,0,0,0,0,0,0,0
479483,0,0,0,0,0,0,0,0,0,0,0,0,0
479483,0,0,0,0,0,0,0,0,0,0,0,0,0
479483,0,0,0,0,0,0,0,0,0,0,0,0,0
479483,0,0,0,0,0,0,0,0,0,0,0,0,0
479483,0,0,0,0,0,0,0,0,0,0,0,0,0
479483,0,0,0,0,0,0,0,0,0,0,0,0,0
479483,0,0,0,0,0,0,0,0,0,0,0,0,0
479483,0,0,0,0,0,0,0,0,0,0,0,0,0
479484,0,0,0,0,0,0,0,0,0,0,0,0,0
479484,0,0,0,0,0,0,0,0,0,0,0,0,0
479484,0,0,0,0,0,0,0,0,0,0,0,0,0
479484,0,0,0,0,0,0,0,0,0,0,0,0,0
479484,0,0,0,0,0,0,0,0,0,0,0,0,0
479484,0,0,0,0,0,0,0,0,0,0,0,0,0
479484,0,0,0,0,0,0,0,0,0,0,0,0,0
479484,0,0,0,0,0,0,0,0,0,0,0,0,0
479484,0,0,0,0,0,0,0,0,0,0,0,0,0
479484,0,0,0,0,0,0,0,0,0,0,0,0,0
479484,0,0,0,0,0,0,0,0,0,0,0,0,0
479484,0,0,0,0,0,0,0,0,0,0,0,0,0
479484,0,0,0,0,0,0,0,0,0,0,0,0,0
479484,0,0,0,0,0,0,0,0,0,0,0,0,0
479484,0,0,0,0,0,0,0,0,0,0,0,0,0
479484,0,0,0,0,0,0,0,0,0,0,0,0,0
479484,0,0,0,0,0,0,0,0,0,0,0,0,0
479484,0,0,0,0,0,0,0,0,0,0,0,0,0
479484,0,0,0,0,0,0,0,0,0,0,0,0,0
479484,0,0,0,0,0,0,0,0,0,0,0,0,0
479484,0,0,0,0,0,0,0,0,0,0,0,0,0
479484,0,0,0,0,0,0,0,0,0,0,0,0,0
479484,0,0,0,0,0,0,0,0,0,0,0,0,0
479484,0,0,0,0,0,0,0,0,0,0,0,0,0
479484,0,0,0,0,0,0,0,0,0,0,0,0,0
479484,0,0,0,0,0,0,0,0,0,0,0,0,0
479484,0,0,0,0,0,0,0,0,0,0,0,0,0
479484,0,0,0,0,0,0,0,0,0,0,0,0,0
479484,0,0,0,0,0,0,0,0,0,0,0,0,0
479484,0,0,0,0,0,0,0,0,0,0,0,0,0
479484,0,0,0,0,0,0,0,0,0,0,0,0,0
479484,0,0,0,0,0,0,0,0,0,0,0,0,0
479484,0,0,0,0,0,0,0,0,0,0,0,0,0
479484,0,0,0,0,0,0,0,0,0,0,0,0,0
479484,0,0,0,0,0,0,0,0,0,0,0,0,0
479484,0,0,0,0,0,0,0,0,0,0,0,0,0
479484,0,0,0,0,0,0,0,0,0,0,0,0,0
479484,0,0,0,0,0,0,0,0,0,0,0,0,0
479484,0,0,0,0,0,0,0,0,0,0,0,0,0
479484,0,0,0,0,0,0,0,0,0,0,0,0,0
479484,0,0,0,0,0,0,0,0,0,0,0,0,0
479484,0,0,0,0,0,0,0,0,0,0,0,0,0
479484,0,0,0,0,0,0,0,0,0,0,0,0,0
479484,0,0,0,0,0,0,0,0,0,0,0,0,0
479484,0,0,0,0,0,0,0,0,0,0,0,0,0
479484,0,0,0,0,0,0,0,0,0,0,0,0,0
479484,0,0,0,0,0,0,0,0,0,0,0,0,0
479484,0,0,0,0,0,0,0,0,0,0,0,0,0
479484,0,0,0,0,0,0,0,0,0,0,0,0,0
479484,0,0,0,0,0,0,0,0,0,0,0,0,0
479484,0,0,0,0,0,0,0,0,0,0,0,0,0
479484,0,0,0,0,0,0,0,0,0,0,0,0,0
479484,0,0,0,0,0,0,0,0,0,0,0,0,0
479484,0,0,0,0,0,0,0,0,0,0,0,0,0
479484,0,0,0,0,0,0,0,0,0,0,0,0,0
479484,0,0,0,0,0,0,0,0,0,0,0,0,0
479484,0,0,0,0,0,0,0,0,0,0,0,0,0
479484,0,0,0,0,0,0,0,0,0,0,0,0,0
479484,0,0,0,0,0,0,0,0,0,0,0,0,0
479484,0,0,0,0,0,0,0,0,0,0,0,0,0
479484,0,0,0,0,0,0,0,0,0,0,0,0,0
479484,0,0,0,0,0,0,0,0,0,0,0,0,0
479484,0,0,0,0,0,0,0,0,0,0,0,0,0
479484,0,0,0,0,0,0,0,0,0,0,0,0,0
479484,0,0,0,0,0,0,0,0,0,0,0,0,0
479484,0,0,0,0,0,0,0,0,0,0,0,0,0
479484,0,0,0,0,0,0,0,0,0,0,0,0,0
479484,0,0,0,0,0,0,0,0,0,0,0,0,0
479484,0,0,0,0,0,0,0,0,0,0,0,0,0
479484,0,0,0,0,0,0,0,0,0,0,0,0,0
479484,0,0,0,0,0,0,0,0,0,0,0,0,0
479484,0,0,0,0,0,0,0,0,0,0,0,0,0
479484,0,0,0,0,0,0,0,0,0,0,0,0,0
479484,0,0,0,0,0,0,0,0,0,0,0,0,0
479484,0,0,0,0,0,0,0,0,0,0,0,0,0
479484,0,0,0,0,0,0,0,0,0,0,0,0,0
479484,0,0,0,0,0,0,0,0,0,0,0,0,0
479484,0,0,0,0,0,0,0,0,0,0,0,0,0
479484,0,0,0,0,0,0,0,0,0,0,0,0,0
479484,0,0,0,0,0,0,0,0,0,0,0,0,0
479484,0,0,0,0,0,0,0,0,0,0,0,0,0
479484,0,0,0,0,0,0,0,0,0,0,0,0,0
479484,0,0,0,0,0,0,0,0,0,0,0,0,0
479484,0,0,0,0,0,0,0,0,0,0,0,0,0
479484,0,0,0,0,0,0,0,0,0,0,0,0,0
479484,0,0,0,0,0,0,0,0,0,0,0,0,0
479485,0,0,0,0,0,0,0,0,0,0,0,0,0
479485,0,0,0,0,0,0,0,0,0,0,0,0,0
479485,0,0,0,0,0,0,0,0,0,0,0,0,0
479485,0,0,0,0,0,0,0,0,0,0,0,0,0
479485,0,0,0,0,0,0,0,0,0,0,0,0,0
479485,0,0,0,0,0,0,0,0,0,0,0,0,0
479485,0,0,0,0,0,0,0,0,0,0,0,0,0
479485,0,0,0,0,0,0,0,0,0,0,0,0,0
479485,0,0,0,0,0,0,0,0,0,0,0,0,0
479485,0,0,0,0,0,0,0,0,0,0,0,0,0
479485,0,0,0,0,0,0,0,0,0,0,0,0,0
479485,0,0,0,0,0,0,0,0,0,0,0,0,0
479485,0,0,0,0,0,0,0,0,0,0,0,0,0
479485,0,0,0,0,0,0,0,0,0,0,0,0,0
479485,0,0,0,0,0,0,0,0,0,0,0,0,0
479485,0,0,0,0,0,0,0,0,0,0,0,0,0
479485,0,0,0,0,0,0,0,0,0,0,0,0,0
479485,0,0,0,0,0,0,0,0,0,0,0,0,0
479485,0,0,0,0,0,0,0,0,0,0,0,0,0
479485,0,0,0,0,0,0,0,0,0,0,0,0,0
479485,0,0,0,0,0,0,0,0,0,0,0,0,0
479485,0,0,0,0,0,0,0,0,0,0,0,0,0
479485,0,0,0,0,0,0,0,0,0,0,0,0,0
479485,0,0,0,0,0,0,0,0,0,0,0,0,0
479485,0,0,0,0,0,0,0,0,0,0,0,0,0
479485,0,0,0,0,0,0,0,0,0,0,0,0,0
479485,0,0,0,0,0,0,0,0,0,0,0,0,0
479485,0,0,0,0,0,0,0,0,0,0,0,0,0
479485,0,0,0,0,0,0,0,0,0,0,0,0,0
479485,0,0,0,0,0,0,0,0,0,0,0,0,0
479485,0,0,0,0,0,0,0,0,0,0,0,0,0
479485,0,0,0,0,0,0,0,0,0,0,0,0,0
479485,0,0,0,0,0,0,0,0,0,0,0,0,0
479485,0,0,0,0,0,0,0,0,0,0,0,0,0
479485,0,0,0,0,0,0,0,0,0,0,0,0,0
479485,0,0,0,0,0,0,0,0,0,0,0,0,0
479485,0,0,0,0,0,0,0,0,0,0,0,0,0
479485,0,0,0,0,0,0,0,0,0,0,0,0,0
479485,0,0,0,0,0,0,0,0,0,0,0,0,0
479485,0,0,0,0,0,0,0,0,0,0,0,0,0
479485,0,0,0,0,0,0,0,0,0,0,0,0,0
479485,0,0,0,0,0,0,0,0,0,0,0,0,0
479485,0,0,0,0,0,0,0,0,0,0,0,0,0
479485,0,0,0,0,0,0,0,0,0,0,0,0,0
479485,0,0,0,0,0,0,0,0,0,0,0,0,0
479485,0,0,0,0,0,0,0,0,0,0,0,0,0
479485,0,0,0,0,0,0,0,0,0,0,0,0,0
479485,0,0,0,0,0,0,0,0,0,0,0,0,0
479485,0,0,0,0,0,0,0,0,0,0,0,0,0
479485,0,0,0,0,0,0,0,0,0,0,0,0,0
479485,0,0,0,0,0,0,0,0,0,0,0,0,0
479485,0,0,0,0,0,0,0,0,0,0,0,0,0
479485,0,0,0,0,0,0,0,0,0,0,0,0,0
479485,0,0,0,0,0,0,0,0,0,0,0,0,0
479485,0,0,0,0,0,0,0,0,0,0,0,0,0
479485,0,0,0,0,0,0,0,0,0,0,0,0,0
479485,0,0,0,0,0,0,0,0,0,0,0,0,0
479485,0,0,0,0,0,0,0,0,0,0,0,0,0
479485,0,0,0,0,0,0,0,0,0,0,0,0,0
479485,0,0,0,0,0,0,0,0,0,0,0,0,0
479485,0,0,0,0,0,0,0,0,0,0,0,0,0
479485,0,0,0,0,0,0,0,0,0,0,0,0,0
479485,0,0,0,0,0,0,0,0,0,0,0,0,0
479485,0,0,0,0,0,0,0,0,0,0,0,0,0
479485,0,0,0,0,0,0,0,0,0,0,0,0,0
479485,0,0,0,0,0,0,0,0,0,0,0,0,0
479485,0,0,0,0,0,0,0,0,0,0,0,0,0
479485,0,0,0,0,0,0,0,0,0,0,0,0,0
479485,0,0,0,0,0,0,0,0,0,0,0,0,0
479485,0,0,0,0,0,0,0,0,0,0,0,0,0
479485,0,0,0,0,0,0,0,0,0,0,0,0,0
479485,0,0,0,0,0,0,0,0,0,0,0,0,0
479485,0,0,0,0,0,0,0,0,0,0,0,0,0
479485,0,0,0,0,0,0,0,0,0,0,0,0,0
479485,0,0,0,0,0,0,0,0,0,0,0,0,0
479485,0,0,0,0,0,0,0,0,0,0,0,0,0
479485,0,0,0,0,0,0,0,0,0,0,0,0,0
479485,0,0,0,0,0,0,0,0,0,0,0,0,0
479485,0,0,0,0,0,0,0,0,0,0,0,0,0
479485,0,0,0,0,0,0,0,0,0,0,0,0,0
479485,0,0,0,0,0,0,0,0,0,0,0,0,0
479485,0,0,0,0,0,0,0,0,0,0,0,0,0
479485,0,0,0,0,0,0,0,0,0,0,0,0,0
479485,0,0,0,0,0,0,0,0,0,0,0,0,0
479485,0,0,0,0,0,0,0,0,0,0,0,0,0
479485,0,0,0,0,0,0,0,0,0,0,0,0,0
479485,0,0,0,0,0,0,0,0,0,0,0,0,0
479485,0,0,0,0,0,0,0,0,0,0,0,0,0
479485,0,0,0,0,0,0,0,0,0,0,0,0,0
479485,0,0,0,0,0,0,0,0,0,0,0,0,0
479486,0,0,0,0,0,0,0,0,0,0,0,0,0
479486,0,0,0,0,0,0,0,0,0,0,0,0,0
479486,0,0,0,0,0,0,0,0,0,0,0,0,0
479486,0,0,0,0,0,0,0,0,0,0,0,0,0
479486,0,0,0,0,0,0,0,0,0,0,0,0,0
479486,0,0,0,0,0,0,0,0,0,0,0,0,0
479486,0,0,0,0,0,0,0,0,0,0,0,0,0
479486,0,0,0,0,0,0,0,0,0,0,0,0,0
479486,0,0,0,0,0,0,0,0,0,0,0,0,0
479486,0,0,0,0,0,0,0,0,0,0,0,0,0
479486,0,0,0,0,0,0,0,0,0,0,0,0,0
479486,0,0,0,0,0,0,0,0,0,0,0,0,0
479486,0,0,0,0,0,0,0,0,0,0,0,0,0
479486,0,0,0,0,0,0,0,0,0,0,0,0,0
479486,0,0,0,0,0,0,0,0,0,0,0,0,0
479486,0,0,0,0,0,0,0,0,0,0,0,0,0
479486,0,0,0,0,0,0,0,0,0,0,0,0,0
479486,0,0,0,0,0,0,0,0,0,0,0,0,0
479486,0,0,0,0,0,0,0,0,0,0,0,0,0
479486,0,0,0,0,0,0,0,0,0,0,0,0,0
479486,0,0,0,0,0,0,0,0,0,0,0,0,0
479486,0,0,0,0,0,0,0,0,0,0,0,0,0
479486,0,0,0,0,0,0,0,0,0,0,0,0,0
479486,0,0,0,0,0,0,0,0,0,0,0,0,0
479486,0,0,0,0,0,0,0,0,0,0,0,0,0
479486,0,0,0,0,0,0,0,0,0,0,0,0,0
479486,0,0,0,0,0,0,0,0,0,0,0,0,0
479486,0,0,0,0,0,0,0,0,0,0,0,0,0
479486,0,0,0,0,0,0,0,0,0,0,0,0,0
479486,0,0,0,0,0,0,0,0,0,0,0,0,0
479486,0,0,0,0,0,0,0,0,0,0,0,0,0
479486,0,0,0,0,0,0,0,0,0,0,0,0,0
479486,0,0,0,0,0,0,0,0,0,0,0,0,0
479486,0,0,0,0,0,0,0,0,0,0,0,0,0
479486,0,0,0,0,0,0,0,0,0,0,0,0,0
479486,0,0,0,0,0,0,0,0,0,0,0,0,0
479486,0,0,0,0,0,0,0,0,0,0,0,0,0
479486,0,0,0,0,0,0,0,0,0,0,0,0,0
479486,0,0,0,0,0,0,0,0,0,0,0,0,0
479486,0,0,0,0,0,0,0,0,0,0,0,0,0
479486,0,0,0,0,0,0,0,0,0,0,0,0,0
479486,0,0,0,0,0,0,0,0,0,0,0,0,0
479486,0,0,0,0,0,0,0,0,0,0,0,0,0
479486,0,0,0,0,0,0,0,0,0,0,0,0,0
479486,0,0,0,0,0,0,0,0,0,0,0,0,0
479486,0,0,0,0,0,0,0,0,0,0,0,0,0
479486,0,0,0,0,0,0,0,0,0,0,0,0,0
479486,0,0,0,0,0,0,0,0,0,0,0,0,0
479486,0,0,0,0,0,0,0,0,0,0,0,0,0
479486,0,0,0,0,0,0,0,0,0,0,0,0,0
479486,0,0,0,0,0,0,0,0,0,0,0,0,0
479486,0,0,0,0,0,0,0,0,0,0,0,0,0
479486,0,0,0,0,0,0,0,0,0,0,0,0,0
479486,0,0,0,0,0,0,0,0,0,0,0,0,0
479486,0,0,0,0,0,0,0,0,0,0,0,0,0
479486,0,0,0,0,0,0,0,0,0,0,0,0,0
479486,0,0,0,0,0,0,0,0,0,0,0,0,0
479486,0,0,0,0,0,0,0,0,0,0,0,0,0
479486,0,0,0,0,0,0,0,0,0,0,0,0,0
479486,0,0,0,0,0,0,0,0,0,0,0,0,0
479486,0,0,0,0,0,0,0,0,0,0,0,0,0
479486,0,0,0,0,0,0,0,0,0,0,0,0,0
479486,0,0,0,0,0,0,0,0,0,0,0,0,0
479486,0,0,0,0,0,0,0,0,0,0,0,0,0
479486,0,0,0,0,0,0,0,0,0,0,0,0,0
479486,0,0,0,0,0,0,0,0,0,0,0,0,0
479486,0,0,0,0,0,0,0,0,0,0,0,0,0
479486,0,0,0,0,0,0,0,0,0,0,0,0,0
479486,0,0,0,0,0,0,0,0,0,0,0,0,0
479486,0,0,0,0,0,0,0,0,0,0,0,0,0
479486,0,0,0,0,0,0,0,0,0,0,0,0,0
479486,0,0,0,0,0,0,0,0,0,0,0,0,0
479486,0,0,0,0,0,0,0,0,0,0,0,0,0
479486,0,0,0,0,0,0,0,0,0,0,0,0,0
479486,0,0,0,0,0,0,0,0,0,0,0,0,0
479486,0,0,0,0,0,0,0,0,0,0,0,0,0
479486,0,0,0,0,0,0,0,0,0,0,0,0,0
479486,0,0,0,0,0,0,0,0,0,0,0,0,0
479486,0,0,0,0,0,0,0,0,0,0,0,0,0
479486,0,0,0,0,0,0,0,0,0,0,0,0,0
479486,0,0,0,0,0,0,0,0,0,0,0,0,0
479486,0,0,0,0,0,0,0,0,0,0,0,0,0
479486,0,0,0,0,0,0,0,0,0,0,0,0,0
479486,0,0,0,0,0,0,0,0,0,0,0,0,0
479486,0,0,0,0,0,0,0,0,0,0,0,0,0
479486,0,0,0,0,0,0,0,0,0,0,0,0,0
479486,0,0,0,0,0,0,0,0,0,0,0,0,0
479486,0,0,0,0,0,0,0,0,0,0,0,0,0
479486,0,0,0,0,0,0,0,0,0,0,0,0,0
479487,0,0,0,0,0,0,0,0,0,0,0,0,0
479487,0,0,0,0,0,0,0,0,0,0,0,0,0
479487,0,0,0,0,0,0,0,0,0,0,0,0,0
479487,0,0,0,0,0,0,0,0,0,0,0,0,0
479487,0,0,0,0,0,0,0,0,0,0,0,0,0
479487,0,0,0,0,0,0,0,0,0,0,0,0,0
479487,0,0,0,0,0,0,0,0,0,0,0,0,0
479487,0,0,0,0,0,0,0,0,0,0,0,0,0
479487,0,0,0,0,0,0,0,0,0,0,0,0,0
479487,0,0,0,0,0,0,0,0,0,0,0,0,0
479487,0,0,0,0,0,0,0,0,0,0,0,0,0
479487,0,0,0,0,0,0,0,0,0,0,0,0,0
479487,0,0,0,0,0,0,0,0,0,0,0,0,0
479487,0,0,0,0,0,0,0,0,0,0,0,0,0
479487,0,0,0,0,0,0,0,0,0,0,0,0,0
479487,0,0,0,0,0,0,0,0,0,0,0,0,0
479487,0,0,0,0,0,0,0,0,0,0,0,0,0
479487,0,0,0,0,0,0,0,0,0,0,0,0,0
479487,0,0,0,0,0,0,0,0,0,0,0,0,0
479487,0,0,0,0,0,0,0,0,0,0,0,0,0
479487,0,0,0,0,0,0,0,0,0,0,0,0,0
479487,0,0,0,0,0,0,0,0,0,0,0,0,0
479487,0,0,0,0,0,0,0,0,0,0,0,0,0
479487,0,0,0,0,0,0,0,0,0,0,0,0,0
479487,0,0,0,0,0,0,0,0,0,0,0,0,0
479487,0,0,0,0,0,0,0,0,0,0,0,0,0
479487,0,0,0,0,0,0,0,0,0,0,0,0,0
479487,0,0,0,0,0,0,0,0,0,0,0,0,0
479487,0,0,0,0,0,0,0,0,0,0,0,0,0
479487,0,0,0,0,0,0,0,0,0,0,0,0,0
479487,0,0,0,0,0,0,0,0,0,0,0,0,0
479487,0,0,0,0,0,0,0,0,0,0,0,0,0
479487,0,0,0,0,0,0,0,0,0,0,0,0,0
479487,0,0,0,0,0,0,0,0,0,0,0,0,0
479487,0,0,0,0,0,0,0,0,0,0,0,0,0
479487,0,0,0,0,0,0,0,0,0,0,0,0,0
479487,0,0,0,0,0,0,0,0,0,0,0,0,0
479487,0,0,0,0,0,0,0,0,0,0,0,0,0
479487,0,0,0,0,0,0,0,0,0,0,0,0,0
479487,0,0,0,0,0,0,0,0,0,0,0,0,0
479487,0,0,0,0,0,0,0,0,0,0,0,0,0
479487,0,0,0,0,0,0,0,0,0,0,0,0,0
479487,0,0,0,0,0,0,0,0,0,0,0,0,0
479487,0,0,0,0,0,0,0,0,0,0,0,0,0
479487,0,0,0,0,0,0,0,0,0,0,0,0,0
479487,0,0,0,0,0,0,0,0,0,0,0,0,0
479487,0,0,0,0,0,0,0,0,0,0,0,0,0
479487,0,0,0,0,0,0,0,0,0,0,0,0,0
479487,0,0,0,0,0,0,0,0,0,0,0,0,0
479487,0,0,0,0,0,0,0,0,0,0,0,0,0
479487,0,0,0,0,0,0,0,0,0,0,0,0,0
479487,0,0,0,0,0,0,0,0,0,0,0,0,0
479487,0,0,0,0,0,0,0,0,0,0,0,0,0
479487,0,0,0,0,0,0,0,0,0,0,0,0,0
479487,0,0,0,0,0,0,0,0,0,0,0,0,0
479487,0,0,0,0,0,0,0,0,0,0,0,0,0
479487,0,0,0,0,0,0,0,0,0,0,0,0,0
479487,0,0,0,0,0,0,0,0,0,0,0,0,0
479487,0,0,0,0,0,0,0,0,0,0,0,0,0
479487,0,0,0,0,0,0,0,0,0,0,0,0,0
479487,0,0,0,0,0,0,0,0,0,0,0,0,0
479487,0,0,0,0,0,0,0,0,0,0,0,0,0
479487,0,0,0,0,0,0,0,0,0,0,0,0,0
479487,0,0,0,0,0,0,0,0,0,0,0,0,0
479487,0,0,0,0,0,0,0,0,0,0,0,0,0
479487,0,0,0,0,0,0,0,0,0,0,0,0,0
479487,0,0,0,0,0,0,0,0,0,0,0,0,0
479487,0,0,0,0,0,0,0,0,0,0,0,0,0
479487,0,0,0,0,0,0,0,0,0,0,0,0,0
479487,0,0,0,0,0,0,0,0,0,0,0,0,0
479487,0,0,0,0,0,0,0,0,0,0,0,0,0
479487,0,0,0,0,0,0,0,0,0,0,0,0,0
479487,0,0,0,0,0,0,0,0,0,0,0,0,0
479487,0,0,0,0,0,0,0,0,0,0,0,0,0
479487,0,0,0,0,0,0,0,0,0,0,0,0,0
479487,0,0,0,0,0,0,0,0,0,0,0,0,0
479487,0,0,0,0,0,0,0,0,0,0,0,0,0
479487,0,0,0,0,0,0,0,0,0,0,0,0,0
479487,0,0,0,0,0,0,0,0,0,0,0,0,0
479487,0,0,0,0,0,0,0,0,0,0,0,0,0
479487,0,0,0,0,0,0,0,0,0,0,0,0,0
479487,0,0,0,0,0,0,0,0,0,0,0,0,0
479487,0,0,0,0,0,0,0,0,0,0,0,0,0
479487,0,0,0,0,0,0,0,0,0,0,0,0,0
479487,0,0,0,0,0,0,0,0,0,0,0,0,0
479487,0,0,0,0,0,0,0,0,0,0,0,0,0
479487,0,0,0,0,0,0,0,0,0,0,0,0,0
479487,0,0,0,0,0,0,0,0,0,0,0,0,0
479487,0,0,0,0,0,0,0,0,0,0,0,0,0
479487,0,0,0,0,0,0,0,0,0,0,0,0,0
479488,0,0,0,0,0,0,0,0,0,0,0,0,0
479488,0,0,0,0,0,0,0,0,0,0,0,0,0
479488,0,0,0,0,0,0,0,0,0,0,0,0,0
479488,0,0,0,0,0,0,0,0,0,0,0,0,0
479488,0,0,0,0,0,0,0,0,0,0,0,0,0
479488,0,0,0,0,0,0,0,0,0,0,0,0,0
479488,0,0,0,0,0,0,0,0,0,0,0,0,0
479488,0,0,0,0,0,0,0,0,0,0,0,0,0
479488,0,0,0,0,0,0,0,0,0,0,0,0,0
479488,0,0,0,0,0,0,0,0,0,0,0,0,0
479488,0,0,0,0,0,0,0,0,0,0,0,0,0
479488,0,0,0,0,0,0,0,0,0,0,0,0,0
479488,0,0,0,0,0,0,0,0,0,0,0,0,0
479488,0,0,0,0,0,0,0,0,0,0,0,0,0
479488,0,0,0,0,0,0,0,0,0,0,0,0,0
479488,0,0,0,0,0,0,0,0,0,0,0,0,0
479488,0,0,0,0,0,0,0,0,0,0,0,0,0
479488,0,0,0,0,0,0,0,0,0,0,0,0,0
479488,0,0,0,0,0,0,0,0,0,0,0,0,0
479488,0,0,0,0,0,0,0,0,0,0,0,0,0
479488,0,0,0,0,0,0,0,0,0,0,0,0,0
479488,0,0,0,0,0,0,0,0,0,0,0,0,0
479488,0,0,0,0,0,0,0,0,0,0,0,0,0
479488,0,0,0,0,0,0,0,0,0,0,0,0,0
479488,0,0,0,0,0,0,0,0,0,0,0,0,0
479488,0,0,0,0,0,0,0,0,0,0,0,0,0
479488,0,0,0,0,0,0,0,0,0,0,0,0,0
479488,0,0,0,0,0,0,0,0,0,0,0,0,0
479488,0,0,0,0,0,0,0,0,0,0,0,0,0
479488,0,0,0,0,0,0,0,0,0,0,0,0,0
479488,0,0,0,0,0,0,0,0,0,0,0,0,0
479488,0,0,0,0,0,0,0,0,0,0,0,0,0
479488,0,0,0,0,0,0,0,0,0,0,0,0,0
479488,0,0,0,0,0,0,0,0,0,0,0,0,0
479488,0,0,0,0,0,0,0,0,0,0,0,0,0
479488,0,0,0,0,0,0,0,0,0,0,0,0,0
479488,0,0,0,0,0,0,0,0,0,0,0,0,0
479488,0,0,0,0,0,0,0,0,0,0,0,0,0
479488,0,0,0,0,0,0,0,0,0,0,0,0,0
479488,0,0,0,0,0,0,0,0,0,0,0,0,0
479488,0,0,0,0,0,0,0,0,0,0,0,0,0
479488,0,0,0,0,0,0,0,0,0,0,0,0,0
479488,0,0,0,0,0,0,0,0,0,0,0,0,0
479488,0,0,0,0,0,0,0,0,0,0,0,0,0
479488,0,0,0,0,0,0,0,0,0,0,0,0,0
479488,0,0,0,0,0,0,0,0,0,0,0,0,0
479488,0,0,0,0,0,0,0,0,0,0,0,0,0
479488,0,0,0,0,0,0,0,0,0,0,0,0,0
479488,0,0,0,0,0,0,0,0,0,0,0,0,0
479488,0,0,0,0,0,0,0,0,0,0,0,0,0
479488,0,0,0,0,0,0,0,0,0,0,0,0,0
479488,0,0,0,0,0,0,0,0,0,0,0,0,0
479488,0,0,0,0,0,0,0,0,0,0,0,0,0
479488,0,0,0,0,0,0,0,0,0,0,0,0,0
479488,0,0,0,0,0,0,0,0,0,0,0,0,0
479488,0,0,0,0,0,0,0,0,0,0,0,0,0
479488,0,0,0,0,0,0,0,0,0,0,0,0,0
479488,0,0,0,0,0,0,0,0,0,0,0,0,0
479488,0,0,0,0,0,0,0,0,0,0,0,0,0
479488,0,0,0,0,0,0,0,0,0,0,0,0,0
479488,0,0,0,0,0,0,0,0,0,0,0,0,0
479488,0,0,0,0,0,0,0,0,0,0,0,0,0
479488,0,0,0,0,0,0,0,0,0,0,0,0,0
479488,0,0,0,0,0,0,0,0,0,0,0,0,0
479488,0,0,0,0,0,0,0,0,0,0,0,0,0
479488,0,0,0,0,0,0,0,0,0,0,0,0,0
479488,0,0,0,0,0,0,0,0,0,0,0,0,0
479488,0,0,0,0,0,0,0,0,0,0,0,0,0
479488,0,0,0,0,0,0,0,0,0,0,0,0,0
479488,0,0,0,0,0,0,0,0,0,0,0,0,0
479488,0,0,0,0,0,0,0,0,0,0,0,0,0
479488,0,0,0,0,0,0,0,0,0,0,0,0,0
479488,0,0,0,0,0,0,0,0,0,0,0,0,0
479488,0,0,0,0,0,0,0,0,0,0,0,0,0
479488,0,0,0,0,0,0,0,0,0,0,0,0,0
479488,0,0,0,0,0,0,0,0,0,0,0,0,0
479488,0,0,0,0,0,0,0,0,0,0,0,0,0
479488,0,0,0,0,0,0,0,0,0,0,0,0,0
479488,0,0,0,0,0,0,0,0,0,0,0,0,0
479488,0,0,0,0,0,0,0,0,0,0,0,0,0
479488,0,0,0,0,0,0,0,0,0,0,0,0,0
479488,0,0,0,0,0,0,0,0,0,0,0,0,0
479488,0,0,0,0,0,0,0,0,0,0,0,0,0
479488,0,0,0,0,0,0,0,0,0,0,0,0,0
479488,0,0,0,0,0,0,0,0,0,0,0,0,0
479488,0,0,0,0,0,0,0,0,0,0,0,0,0
479488,0,0,0,0,0,0,0,0,0,0,0,0,0
479488,0,0,0,0,0,0,0,0,0,0,0,0,0
479488,0,0,0,0,0,0,0,0,0,0,0,0,0
479488,0,0,0,0,0,0,0,0,0,0,0,0,0
479489,0,0,0,0,0,0,0,0,0,0,0,0,0
479489,0,0,0,0,0,0,0,0,0,0,0,0,0
479489,0,0,0,0,0,0,0,0,0,0,0,0,0
479489,0,0,0,0,0,0,0,0,0,0,0,0,0
479489,0,0,0,0,0,0,0,0,0,0,0,0,0
479489,0,0,0,0,0,0,0,0,0,0,0,0,0
479489,0,0,0,0,0,0,0,0,0,0,0,0,0
479489,0,0,0,0,0,0,0,0,0,0,0,0,0
479489,0,0,0,0,0,0,0,0,0,0,0,0,0
479489,0,0,0,0,0,0,0,0,0,0,0,0,0
479489,0,0,0,0,0,0,0,0,0,0,0,0,0
479489,0,0,0,0,0,0,0,0,0,0,0,0,0
479489,0,0,0,0,0,0,0,0,0,0,0,0,0
479489,0,0,0,0,0,0,0,0,0,0,0,0,0
479489,0,0,0,0,0,0,0,0,0,0,0,0,0
479489,0,0,0,0,0,0,0,0,0,0,0,0,0
479489,0,0,0,0,0,0,0,0,0,0,0,0,0
479489,0,0,0,0,0,0,0,0,0,0,0,0,0
479489,0,0,0,0,0,0,0,0,0,0,0,0,0
479489,0,0,0,0,0,0,0,0,0,0,0,0,0
479489,0,0,0,0,0,0,0,0,0,0,0,0,0
479489,0,0,0,0,0,0,0,0,0,0,0,0,0
479489,0,0,0,0,0,0,0,0,0,0,0,0,0
479489,0,0,0,0,0,0,0,0,0,0,0,0,0
479489,0,0,0,0,0,0,0,0,0,0,0,0,0
479489,0,0,0,0,0,0,0,0,0,0,0,0,0
479489,0,0,0,0,0,0,0,0,0,0,0,0,0
479489,0,0,0,0,0,0,0,0,0,0,0,0,0
479489,0,0,0,0,0,0,0,0,0,0,0,0,0
479489,0,0,0,0,0,0,0,0,0,0,0,0,0
479489,0,0,0,0,0,0,0,0,0,0,0,0,0
479489,0,0,0,0,0,0,0,0,0,0,0,0,0
479489,0,0,0,0,0,0,0,0,0,0,0,0,0
479489,0,0,0,0,0,0,0,0,0,0,0,0,0
479489,0,0,0,0,0,0,0,0,0,0,0,0,0
479489,0,0,0,0,0,0,0,0,0,0,0,0,0
479489,0,0,0,0,0,0,0,0,0,0,0,0,0
479489,0,0,0,0,0,0,0,0,0,0,0,0,0
479489,0,0,0,0,0,0,0,0,0,0,0,0,0
479489,0,0,0,0,0,0,0,0,0,0,0,0,0
479489,0,0,0,0,0,0,0,0,0,0,0,0,0
479489,0,0,0,0,0,0,0,0,0,0,0,0,0
479489,0,0,0,0,0,0,0,0,0,0,0,0,0
479489,0,0,0,0,0,0,0,0,0,0,0,0,0
479489,0,0,0,0,0,0,0,0,0,0,0,0,0
479489,0,0,0,0,0,0,0,0,0,0,0,0,0
479489,0,0,0,0,0,0,0,0,0,0,0,0,0
479489,0,0,0,0,0,0,0,0,0,0,0,0,0
479489,0,0,0,0,0,0,0,0,0,0,0,0,0
479489,0,0,0,0,0,0,0,0,0,0,0,0,0
479489,0,0,0,0,0,0,0,0,0,0,0,0,0
479489,0,0,0,0,0,0,0,0,0,0,0,0,0
479489,0,0,0,0,0,0,0,0,0,0,0,0,0
479489,0,0,0,0,0,0,0,0,0,0,0,0,0
479489,0,0,0,0,0,0,0,0,0,0,0,0,0
479489,0,0,0,0,0,0,0,0,0,0,0,0,0
479489,0,0,0,0,0,0,0,0,0,0,0,0,0
479489,0,0,0,0,0,0,0,0,0,0,0,0,0
479489,0,0,0,0,0,0,0,0,0,0,0,0,0
479489,0,0,0,0,0,0,0,0,0,0,0,0,0
479489,0,0,0,0,0,0,0,0,0,0,0,0,0
479489,0,0,0,0,0,0,0,0,0,0,0,0,0
479489,0,0,0,0,0,0,0,0,0,0,0,0,0
479489,0,0,0,0,0,0,0,0,0,0,0,0,0
479489,0,0,0,0,0,0,0,0,0,0,0,0,0
479489,0,0,0,0,0,0,0,0,0,0,0,0,0
479489,0,0,0,0,0,0,0,0,0,0,0,0,0
479489,0,0,0,0,0,0,0,0,0,0,0,0,0
479489,0,0,0,0,0,0,0,0,0,0,0,0,0
479489,0,0,0,0,0,0,0,0,0,0,0,0,0
479489,0,0,0,0,0,0,0,0,0,0,0,0,0
479489,0,0,0,0,0,0,0,0,0,0,0,0,0
479489,0,0,0,0,0,0,0,0,0,0,0,0,0
479489,0,0,0,0,0,0,0,0,0,0,0,0,0
479489,0,0,0,0,0,0,0,0,0,0,0,0,0
479489,0,0,0,0,0,0,0,0,0,0,0,0,0
479489,0,0,0,0,0,0,0,0,0,0,0,0,0
479489,0,0,0,0,0,0,0,0,0,0,0,0,0
479489,0,0,0,0,0,0,0,0,0,0,0,0,0
479489,0,0,0,0,0,0,0,0,0,0,0,0,0
479489,0,0,0,0,0,0,0,0,0,0,0,0,0
479489,0,0,0,0,0,0,0,0,0,0,0,0,0
479489,0,0,0,0,0,0,0,0,0,0,0,0,0
479489,0,0,0,0,0,0,0,0,0,0,0,0,0
479489,0,0,0,0,0,0,0,0,0,0,0,0,0
479489,0,0,0,0,0,0,0,0,0,0,0,0,0
479489,0,0,0,0,0,0,0,0,0,0,0,0,0
479489,0,0,0,0,0,0,0,0,0,0,0,0,0
479489,0,0,0,0,0,0,0,0,0,0,0,0,0
479489,0,0,0,0,0,0,0,0,0,0,0,0,0
479490,0,0,0,0,0,0,0,0,0,0,0,0,0
479490,0,0,0,0,0,0,0,0,0,0,0,0,0
479490,0,0,0,0,0,0,0,0,0,0,0,0,0
479490,0,0,0,0,0,0,0,0,0,0,0,0,0
479490,0,0,0,0,0,0,0,0,0,0,0,0,0
479490,0,0,0,0,0,0,0,0,0,0,0,0,0
479490,0,0,0,0,0,0,0,0,0,0,0,0,0
479490,0,0,0,0,0,0,0,0,0,0,0,0,0
479490,0,0,0,0,0,0,0,0,0,0,0,0,0
479490,0,0,0,0,0,0,0,0,0,0,0,0,0
479490,0,0,0,0,0,0,0,0,0,0,0,0,0
479490,0,0,0,0,0,0,0,0,0,0,0,0,0
479490,0,0,0,0,0,0,0,0,0,0,0,0,0
479490,0,0,0,0,0,0,0,0,0,0,0,0,0
479490,0,0,0,0,0,0,0,0,0,0,0,0,0
479490,0,0,0,0,0,0,0,0,0,0,0,0,0
479490,0,0,0,0,0,0,0,0,0,0,0,0,0
479490,0,0,0,0,0,0,0,0,0,0,0,0,0
479490,0,0,0,0,0,0,0,0,0,0,0,0,0
479490,0,0,0,0,0,0,0,0,0,0,0,0,0
479490,0,0,0,0,0,0,0,0,0,0,0,0,0
479490,0,0,0,0,0,0,0,0,0,0,0,0,0
479490,0,0,0,0,0,0,0,0,0,0,0,0,0
479490,0,0,0,0,0,0,0,0,0,0,0,0,0
479490,0,0,0,0,0,0,0,0,0,0,0,0,0
479490,0,0,0,0,0,0,0,0,0,0,0,0,0
479490,0,0,0,0,0,0,0,0,0,0,0,0,0
479490,0,0,0,0,0,0,0,0,0,0,0,0,0
479490,0,0,0,0,0,0,0,0,0,0,0,0,0
479490,0,0,0,0,0,0,0,0,0,0,0,0,0
479490,0,0,0,0,0,0,0,0,0,0,0,0,0
479490,0,0,0,0,0,0,0,0,0,0,0,0,0
479490,0,0,0,0,0,0,0,0,0,0,0,0,0
479490,0,0,0,0,0,0,0,0,0,0,0,0,0
479490,0,0,0,0,0,0,0,0,0,0,0,0,0
479490,0,0,0,0,0,0,0,0,0,0,0,0,0
479490,0,0,0,0,0,0,0,0,0,0,0,0,0
479490,0,0,0,0,0,0,0,0,0,0,0,0,0
479490,0,0,0,0,0,0,0,0,0,0,0,0,0
479490,0,0,0,0,0,0,0,0,0,0,0,0,0
479490,0,0,0,0,0,0,0,0,0,0,0,0,0
479490,0,0,0,0,0,0,0,0,0,0,0,0,0
479490,0,0,0,0,0,0,0,0,0,0,0,0,0
479490,0,0,0,0,0,0,0,0,0,0,0,0,0
479490,0,0,0,0,0,0,0,0,0,0,0,0,0
479490,0,0,0,0,0,0,0,0,0,0,0,0,0
479490,0,0,0,0,0,0,0,0,0,0,0,0,0
479490,0,0,0,0,0,0,0,0,0,0,0,0,0
479490,0,0,0,0,0,0,0,0,0,0,0,0,0
479490,0,0,0,0,0,0,0,0,0,0,0,0,0
479490,0,0,0,0,0,0,0,0,0,0,0,0,0
479490,0,0,0,0,0,0,0,0,0,0,0,0,0
479490,0,0,0,0,0,0,0,0,0,0,0,0,0
479490,0,0,0,0,0,0,0,0,0,0,0,0,0
479490,0,0,0,0,0,0,0,0,0,0,0,0,0
479490,0,0,0,0,0,0,0,0,0,0,0,0,0
479490,0,0,0,0,0,0,0,0,0,0,0,0,0
479490,0,0,0,0,0,0,0,0,0,0,0,0,0
479490,0,0,0,0,0,0,0,0,0,0,0,0,0
479490,0,0,0,0,0,0,0,0,0,0,0,0,0
479490,0,0,0,0,0,0,0,0,0,0,0,0,0
479490,0,0,0,0,0,0,0,0,0,0,0,0,0
479490,0,0,0,0,0,0,0,0,0,0,0,0,0
479490,0,0,0,0,0,0,0,0,0,0,0,0,0
479490,0,0,0,0,0,0,0,0,0,0,0,0,0
479490,0,0,0,0,0,0,0,0,0,0,0,0,0
479490,0,0,0,0,0,0,0,0,0,0,0,0,0
479490,0,0,0,0,0,0,0,0,0,0,0,0,0
479490,0,0,0,0,0,0,0,0,0,0,0,0,0
479490,0,0,0,0,0,0,0,0,0,0,0,0,0
479490,0,0,0,0,0,0,0,0,0,0,0,0,0
479490,0,0,0,0,0,0,0,0,0,0,0,0,0
479490,0,0,0,0,0,0,0,0,0,0,0,0,0
479490,0,0,0,0,0,0,0,0,0,0,0,0,0
479490,0,0,0,0,0,0,0,0,0,0,0,0,0
479490,0,0,0,0,0,0,0,0,0,0,0,0,0
479490,0,0,0,0,0,0,0,0,0,0,0,0,0
479490,0,0,0,0,0,0,0,0,0,0,0,0,0
479490,0,0,0,0,0,0,0,0,0,0,0,0,0
479490,0,0,0,0,0,0,0,0,0,0,0,0,0
479490,0,0,0,0,0,0,0,0,0,0,0,0,0
479490,0,0,0,0,0,0,0,0,0,0,0,0,0
479490,0,0,0,0,0,0,0,0,0,0,0,0,0
479490,0,0,0,0,0,0,0,0,0,0,0,0,0
479490,0,0,0,0,0,0,0,0,0,0,0,0,0
479490,0,0,0,0,0,0,0,0,0,0,0,0,0
479490,0,0,0,0,0,0,0,0,0,0,0,0,0
479490,0,0,0,0,0,0,0,0,0,0,0,0,0
479490,0,0,0,0,0,0,0,0,0,0,0,0,0
479490,0,0,0,0,0,0,0,0,0,0,0,0,0
479491,0,0,0,0,0,0,0,0,0,0,0,0,0
479491,0,0,0,0,0,0,0,0,0,0,0,0,0
479491,0,0,0,0,0,0,0,0,0,0,0,0,0
479491,0,0,0,0,0,0,0,0,0,0,0,0,0
479491,0,0,0,0,0,0,0,0,0,0,0,0,0
479491,0,0,0,0,0,0,0,0,0,0,0,0,0
479491,0,0,0,0,0,0,0,0,0,0,0,0,0
479491,0,0,0,0,0,0,0,0,0,0,0,0,0
479491,0,0,0,0,0,0,0,0,0,0,0,0,0
479491,0,0,0,0,0,0,0,0,0,0,0,0,0
479491,0,0,0,0,0,0,0,0,0,0,0,0,0
479491,0,0,0,0,0,0,0,0,0,0,0,0,0
479491,0,0,0,0,0,0,0,0,0,0,0,0,0
479491,0,0,0,0,0,0,0,0,0,0,0,0,0
479491,0,0,0,0,0,0,0,0,0,0,0,0,0
479491,0,0,0,0,0,0,0,0,0,0,0,0,0
479491,0,0,0,0,0,0,0,0,0,0,0,0,0
479491,0,0,0,0,0,0,0,0,0,0,0,0,0
479491,0,0,0,0,0,0,0,0,0,0,0,0,0
479491,0,0,0,0,0,0,0,0,0,0,0,0,0
479491,0,0,0,0,0,0,0,0,0,0,0,0,0
479491,0,0,0,0,0,0,0,0,0,0,0,0,0
479491,0,0,0,0,0,0,0,0,0,0,0,0,0
479491,0,0,0,0,0,0,0,0,0,0,0,0,0
479491,0,0,0,0,0,0,0,0,0,0,0,0,0
479491,0,0,0,0,0,0,0,0,0,0,0,0,0
479491,0,0,0,0,0,0,0,0,0,0,0,0,0
479491,0,0,0,0,0,0,0,0,0,0,0,0,0
479491,0,0,0,0,0,0,0,0,0,0,0,0,0
479491,0,0,0,0,0,0,0,0,0,0,0,0,0
479491,0,0,0,0,0,0,0,0,0,0,0,0,0
479491,0,0,0,0,0,0,0,0,0,0,0,0,0
479491,0,0,0,0,0,0,0,0,0,0,0,0,0
479491,0,0,0,0,0,0,0,0,0,0,0,0,0
479491,0,0,0,0,0,0,0,0,0,0,0,0,0
479491,0,0,0,0,0,0,0,0,0,0,0,0,0
479491,0,0,0,0,0,0,0,0,0,0,0,0,0
479491,0,0,0,0,0,0,0,0,0,0,0,0,0
479491,0,0,0,0,0,0,0,0,0,0,0,0,0
479491,0,0,0,0,0,0,0,0,0,0,0,0,0
479491,0,0,0,0,0,0,0,0,0,0,0,0,0
479491,0,0,0,0,0,0,0,0,0,0,0,0,0
479491,0,0,0,0,0,0,0,0,0,0,0,0,0
479491,0,0,0,0,0,0,0,0,0,0,0,0,0
479491,0,0,0,0,0,0,0,0,0,0,0,0,0
479491,0,0,0,0,0,0,0,0,0,0,0,0,0
479491,0,0,0,0,0,0,0,0,0,0,0,0,0
479491,0,0,0,0,0,0,0,0,0,0,0,0,0
479491,0,0,0,0,0,0,0,0,0,0,0,0,0
479491,0,0,0,0,0,0,0,0,0,0,0,0,0
479491,0,0,0,0,0,0,0,0,0,0,0,0,0
479491,0,0,0,0,0,0,0,0,0,0,0,0,0
479491,0,0,0,0,0,0,0,0,0,0,0,0,0
479491,0,0,0,0,0,0,0,0,0,0,0,0,0
479491,0,0,0,0,0,0,0,0,0,0,0,0,0
479491,0,0,0,0,0,0,0,0,0,0,0,0,0
479491,0,0,0,0,0,0,0,0,0,0,0,0,0
479491,0,0,0,0,0,0,0,0,0,0,0,0,0
479491,0,0,0,0,0,0,0,0,0,0,0,0,0
479491,0,0,0,0,0,0,0,0,0,0,0,0,0
479491,0,0,0,0,0,0,0,0,0,0,0,0,0
479491,0,0,0,0,0,0,0,0,0,0,0,0,0
479491,0,0,0,0,0,0,0,0,0,0,0,0,0
479491,0,0,0,0,0,0,0,0,0,0,0,0,0
479491,0,0,0,0,0,0,0,0,0,0,0,0,0
479491,0,0,0,0,0,0,0,0,0,0,0,0,0
479491,0,0,0,0,0,0,0,0,0,0,0,0,0
479491,0,0,0,0,0,0,0,0,0,0,0,0,0
479491,0,0,0,0,0,0,0,0,0,0,0,0,0
479491,0,0,0,0,0,0,0,0,0,0,0,0,0
479491,0,0,0,0,0,0,0,0,0,0,0,0,0
479491,0,0,0,0,0,0,0,0,0,0,0,0,0
479491,0,0,0,0,0,0,0,0,0,0,0,0,0
479491,0,0,0,0,0,0,0,0,0,0,0,0,0
479491,0,0,0,0,0,0,0,0,0,0,0,0,0
479491,0,0,0,0,0,0,0,0,0,0,0,0,0
479491,1,0,0,0,0,0,0,-0.1,0,0,0,0,0
479491,1,0,0,0,0,0,0,-0.1,-0.1,0.1,0,0,0
479491,0,0,0,0,0,0,0,-0.1,-0.1,0.1,0,0,0
479491,1,-0.1,0,0.1,0,0,0,-0.1,-0.1,0.1,0,0,0
479491,0,-0.1,0,0.1,0,0,0,-0.1,-0.1,0.1,0,0,0
479491,0,-0.1,0,0.1,0,0,0,-0.1,-0.1,0.1,0,0,0
479491,0,-0.1,0,0.1,0,0,0,-0.1,-0.1,0.1,0,0,0
479491,1,-0.1,-0.1,0.1,0,0,0,-0.1,-0.1,0.1,0,0,0
479491,0,-0.1,-0.1,0.1,0,0,0,-0.1,-0.1,0.1,0,0,0
479491,1,-0.1,-0.1,0.1,0,0,0,-0.2,-0.1,0.2,0,0,0
479491,1,-0.1,-0.1,0.1,0,0,0,-0.2,-0.2,0.2,0,0,0
479491,0,-0.1,-0.1,0.1,0,0,0,-0.2,-0.2,0.2,0,0,0
479491,1,-0.2,-0.1,0.2,0,0,0,-0.2,-0.2,0.2,0,0,0
479491,0,-0.2,-0.1,0.2,0,0,0,-0.2,-0.2,0.2,0,0,0
479492,0,-0.2,-0.1,0.2,0,0,0,-0.2,-0.2,0.2,0,0,0
479492,0,-0.2,-0.1,0.2,0,0,0,-0.2,-0.2,0.2,0,0,0
479492,1,-0.2,-0.1,0.2,0,0,0,-0.2,-0.2,0.3,0,0,0
479492,0,-0.2,-0.1,0.2,0,0,0,-0.2,-0.2,0.3,0,0,0
479492,1,-0.2,-0.1,0.2,0,0,0,-0.3,-0.2,0.3,0,0,0
479492,1,-0.2,-0.1,0.3,0,0,0,-0.3,-0.2,0.3,0,0,0
479492,1,-0.2,-0.1,0.3,0,0,0,-0.3,-0.3,0.3,0,0,0
479492,1,-0.2,-0.2,0.3,0,0,0,-0.3,-0.3,0.3,0,0,0
479492,0,-0.2,-0.2,0.3,0,0,0,-0.3,-0.3,0.3,0,0,0
479492,1,-0.2,-0.2,0.4,0,0,0,-0.3,-0.3,0.3,0,0,0
479492,1,-0.2,-0.2,0.4,0,0,0,-0.3,-0.3,0.4,0,0,0
479492,1,-0.2,-0.2,0.4,0,0,0,-0.4,-0.3,0.4,0,0,0
479492,0,-0.2,-0.2,0.4,0,0,0,-0.4,-0.3,0.4,0,0,0
479492,1,-0.2,-0.3,0.5,0,0,0,-0.4,-0.3,0.4,0,0,0
479492,1,-0.1,-0.3,0.6,0,0,0,-0.4,-0.4,0.4,0,0,0
479492,1,0.1,-0.3,0.8,0,0,0,-0.4,-0.4,0.4,0,0,0
479492,1,0.2,-0.2,1,0,0,0,-0.4,-0.4,0.4,0,0,0
479492,1,0.2,-0.2,1,0,0,0,-0.4,-0.4,0.5,0,0,0
479492,1,0.3,-0.2,1.1,0,0,0,-0.4,-0.4,0.5,0,0,0
479492,1,0.4,-0.3,1.2,0,0,0,-0.4,-0.4,0.5,0,0,0
479492,1,0.4,-0.3,1.2,0,0,0,-0.5,-0.4,0.5,0,0,0
479492,1,0.5,-0.3,1.3,0.2,-0.2,0.1,-0.5,-0.4,0.5,0,0,0
479492,0,0.5,-0.3,1.3,0.2,-0.2,0.1,-0.5,-0.4,0.5,0,0,0
479492,1,0.5,-0.3,1.3,0.2,-0.2,0.2,-0.5,-0.4,0.5,0,0,0
479492,1,0.5,-0.3,1.3,0.2,-0.2,0.2,-0.5,-0.5,0.5,0,0,0
479492,1,0.5,-0.4,1.3,0.2,-0.2,0.2,-0.5,-0.5,0.6,0,0,0
479492,0,0.5,-0.4,1.3,0.2,-0.2,0.2,-0.5,-0.5,0.6,0,0,0
479492,1,0.5,-0.4,1.4,0.3,-0.2,0.2,-0.5,-0.5,0.6,0,0,0
479492,1,0.6,-0.4,1.4,0.3,-0.2,0.2,-0.4,-0.4,0.4,0,0,0
479492,1,0.6,-0.5,1.4,0.3,-0.2,0.2,-0.4,-0.4,0.4,0,0,0
479492,1,0.6,-0.5,1.4,0.3,-0.2,0.2,-0.5,-0.4,0.4,0,0,0
479492,1,0.6,-0.5,1.4,0.3,-0.3,0.2,-0.5,-0.4,0.4,0,0,0
479492,1,0.7,-0.5,1.4,0.3,-0.3,0.3,-0.5,-0.4,0.4,0,0,0
479492,1,0.7,-0.6,1.5,0.3,-0.3,0.3,-0.5,-0.4,0.4,0,0,0
479492,0,0.7,-0.6,1.5,0.3,-0.3,0.3,-0.5,-0.4,0.4,0,0,0
479492,1,0.7,-0.6,1.5,0.4,-0.3,0.3,-0.5,-0.4,0.4,0,0,0
479492,1,0.8,-0.7,1.5,0.4,-0.3,0.3,-0.5,-0.4,0.4,0,0,0
479492,0,0.8,-0.7,1.5,0.4,-0.3,0.3,-0.5,-0.4,0.4,0,0,0
479492,0,0.8,-0.7,1.5,0.4,-0.3,0.3,-0.5,-0.4,0.4,0,0,0
479492,1,0.9,-0.7,1.5,0.4,-0.3,0.3,-0.5,-0.4,0.4,0,0,0
479492,1,0.9,-0.7,1.6,0.4,-0.3,0.3,-0.5,-0.4,0.4,0,0,0
479492,1,0.9,-0.8,1.6,0.4,-0.4,0.3,-0.5,-0.4,0.5,0,0,0
479492,1,0.9,-0.8,1.6,0.4,-0.4,0.3,-0.6,-0.5,0.5,0,0,0
479492,1,1,-0.8,1.6,0.5,-0.4,0.3,-0.6,-0.5,0.5,0,0,0
479492,1,1,-0.8,1.6,0.5,-0.4,0.4,-0.6,-0.5,0.5,0,0,0
479492,0,1,-0.8,1.6,0.5,-0.4,0.4,-0.6,-0.5,0.5,0,0,0
479492,0,1,-0.8,1.6,0.5,-0.4,0.4,-0.6,-0.5,0.5,0,0,0
479492,1,1,-0.9,1.7,0.5,-0.4,0.4,-0.6,-0.5,0.5,0,0,0
479492,0,1,-0.9,1.7,0.5,-0.4,0.4,-0.6,-0.5,0.5,0,0,0
479492,1,1.1,-0.9,1.7,0.5,-0.4,0.4,-0.6,-0.5,0.5,0,0,0
479492,0,1.1,-0.9,1.7,0.5,-0.4,0.4,-0.6,-0.5,0.5,0,0,0
479492,1,1.1,-1,1.7,0.5,-0.4,0.4,-0.6,-0.5,0.5,0,0,0
479492,0,1.1,-1,1.7,0.5,-0.4,0.4,-0.6,-0.5,0.5,0,0,0
479492,1,1.1,-1,1.7,0.5,-0.5,0.4,-0.6,-0.5,0.5,0,0,0
479492,1,1.1,-1,1.7,0.6,-0.5,0.4,-0.6,-0.6,0.5,0,0,0
479492,1,1.2,-1.1,1.7,0.6,-0.5,0.4,-0.7,-0.6,0.6,0,0,0
479492,0,1.2,-1.1,1.7,0.6,-0.5,0.4,-0.7,-0.6,0.6,0,0,0
479492,1,1.2,-1.1,1.8,0.6,-0.5,0.4,-0.7,-0.6,0.6,0,0,0
479492,1,1.3,-1.1,1.8,0.6,-0.5,0.4,-0.7,-0.6,0.6,0,0,0
479492,1,1.3,-1.1,1.8,0.6,-0.5,0.5,-0.7,-0.6,0.6,0,0,0
479492,0,1.3,-1.1,1.8,0.6,-0.5,0.5,-0.7,-0.6,0.6,0,0,0
479492,1,1.4,-1.2,1.8,0.6,-0.5,0.5,-0.7,-0.6,0.6,0,0,0
479492,1,1.4,-1.2,1.8,0.5,-0.4,0.4,-0.7,-0.6,0.6,0,0,0
479492,0,1.4,-1.2,1.8,0.5,-0.4,0.4,-0.7,-0.6,0.6,0,0,0
479492,1,1.5,-1.2,1.8,0.5,-0.4,0.4,-0.7,-0.6,0.6,0,0,0
479492,1,1.5,-1.2,1.9,0.6,-0.5,0.4,-0.7,-0.6,0.6,0,0,0
479492,1,1.5,-1.3,1.9,0.6,-0.5,0.4,-0.7,-0.6,0.6,0,0,0
479492,1,1.5,-1.3,1.9,0.6,-0.5,0.4,-0.7,-0.7,0.6,0,0,0
479492,0,1.5,-1.3,1.9,0.6,-0.5,0.4,-0.7,-0.7,0.6,0,0,0
479492,1,1.6,-1.3,1.9,0.6,-0.5,0.4,-0.7,-0.7,0.6,0,0,0
479492,1,1.6,-1.4,1.9,0.6,-0.5,0.4,-0.7,-0.7,0.6,0,0,0
479492,0,1.6,-1.4,1.9,0.6,-0.5,0.4,-0.7,-0.7,0.6,0,0,0
479492,0,1.6,-1.4,1.9,0.6,-0.5,0.4,-0.7,-0.7,0.6,0,0,0
479492,1,1.7,-1.4,1.9,0.6,-0.5,0.4,-0.7,-0.7,0.6,0,0,0
479492,0,1.7,-1.4,1.9,0.6,-0.5,0.4,-0.7,-0.7,0.6,0,0,0
479492,1,1.7,-1.5,1.9,0.6,-0.5,0.4,-0.7,-0.7,0.6,0,0,0
479492,1,1.8,-1.5,1.9,0.7,-0.5,0.4,-0.7,-0.7,0.6,0,0,0
479492,0,1.8,-1.5,1.9,0.7,-0.5,0.4,-0.7,-0.7,0.6,0,0,0
479492,1,1.8,-1.5,1.9,0.7,-0.5,0.5,-0.7,-0.7,0.7,0,0,0
479492,1,1.8,-1.5,1.9,0.7,-0.6,0.5,-0.8,-0.7,0.7,0,0,0
479492,1,1.9,-1.5,2,0.7,-0.6,0.5,-0.8,-0.7,0.7,0,0,0
479492,1,1.9,-1.5,2,0.7,-0.6,0.5,-0.7,-0.7,0.6,0,0,0
479492,1,1.9,-1.5,2,0.7,-0.6,0.5,-0.8,-0.7,0.6,0,0,0
479492,1,1.9,-1.6,2,0.7,-0.6,0.5,-0.8,-0.7,0.6,0,0,0
479492,0,1.9,-1.6,2,0.7,-0.6,0.5,-0.8,-0.7,0.6,0,0,0
479492,1,2,-1.6,2,0.7,-0.6,0.5,-0.8,-0.7,0.6,0,0,0
479492,0,2,-1.6,2,0.7,-0.6,0.5,-0.8,-0.7,0.6,0,0,0
479492,0,2,-1.6,2,0.7,-0.6,0.5,-0.8,-0.7,0.6,0,0,0
479492,1,2,-1.7,2,0.7,-0.6,0.5,-0.7,-0.7,0.6,0,0,0
479493,1,2,-1.7,2,0.7,-0.6,0.5,-0.8,-0.7,0.6,0,0,0
479493,1,2,-1.7,2,0.7,-0.6,0.5,-0.7,-0.7,0.6,0,0,0
479493,1,2,-1.7,2,0.8,-0.6,0.5,-0.8,-0.7,0.6,0,0,0
479493,1,2,-1.7,2,0.8,-0.6,0.5,-0.7,-0.7,0.6,0,0,0
479493,0,2,-1.7,2,0.8,-0.6,0.5,-0.7,-0.7,0.6,0,0,0
479493,1,2,-1.8,2,0.8,-0.6,0.5,-0.7,-0.7,0.6,0,0,0
479493,1,2.1,-1.8,2,0.8,-0.6,0.5,-0.8,-0.7,0.6,0,0,0
479493,1,2.1,-1.8,2,0.8,-0.6,0.5,-0.7,-0.7,0.6,0,0,0
479493,0,2.1,-1.8,2,0.8,-0.6,0.5,-0.7,-0.7,0.6,0,0,0
479493,0,2.1,-1.8,2,0.8,-0.6,0.5,-0.7,-0.7,0.6,0,0,0
479493,0,2.1,-1.8,2,0.8,-0.6,0.5,-0.7,-0.7,0.6,0,0,0
479493,0,2.1,-1.8,2,0.8,-0.6,0.5,-0.7,-0.7,0.6,0,0,0
479493,0,2.1,-1.8,2,0.8,-0.6,0.5,-0.7,-0.7,0.6,0,0,0
479493,0,2.1,-1.8,2,0.8,-0.6,0.5,-0.7,-0.7,0.6,0,0,0
479493,0,2.1,-1.8,2,0.8,-0.6,0.5,-0.7,-0.7,0.6,0,0,0
479493,0,2.1,-1.8,2,0.8,-0.6,0.5,-0.7,-0.7,0.6,0,0,0
479493,0,2.1,-1.8,2,0.8,-0.6,0.5,-0.7,-0.7,0.6,0,0,0
479493,0,2.1,-1.8,2,0.8,-0.6,0.5,-0.7,-0.7,0.6,0,0,0
479493,0,2.1,-1.8,2,0.8,-0.6,0.5,-0.7,-0.7,0.6,0,0,0
479493,1,2,-1.8,2,0.8,-0.6,0.5,-0.7,-0.7,0.6,0,0,0
479493,1,2,-1.8,1.9,0.8,-0.6,0.5,-0.7,-0.7,0.6,0,0,0
479493,0,2,-1.8,1.9,0.8,-0.6,0.5,-0.7,-0.7,0.6,0,0,0
479493,1,2,-1.9,1.9,0.8,-0.6,0.5,-0.7,-0.7,0.6,0,0,0
479493,0,2,-1.9,1.9,0.8,-0.6,0.5,-0.7,-0.7,0.6,0,0,0
479493,0,2,-1.9,1.9,0.8,-0.6,0.5,-0.7,-0.7,0.6,0,0,0
479493,0,2,-1.9,1.9,0.8,-0.6,0.5,-0.7,-0.7,0.6,0,0,0
479493,0,2,-1.9,1.9,0.8,-0.6,0.5,-0.7,-0.7,0.6,0,0,0
479493,0,2,-1.9,1.9,0.8,-0.6,0.5,-0.7,-0.7,0.6,0,0,0
479493,0,2,-1.9,1.9,0.8,-0.6,0.5,-0.7,-0.7,0.6,0,0,0
479493,1,2.1,-2,1.9,0.8,-0.6,0.5,-0.7,-0.6,0.6,0,0,0
479493,0,2.1,-2,1.9,0.8,-0.6,0.5,-0.7,-0.6,0.6,0,0,0
479493,1,2.1,-1.9,1.9,0.8,-0.6,0.5,-0.7,-0.6,0.6,0,0,0
479493,0,2.1,-1.9,1.9,0.8,-0.6,0.5,-0.7,-0.6,0.6,0,0,0
479493,0,2.1,-1.9,1.9,0.8,-0.6,0.5,-0.7,-0.6,0.6,0,0,0
479493,1,2.1,-1.9,1.9,0.8,-0.6,0.5,-0.7,-0.6,0.5,0,0,0
479493,0,2.1,-1.9,1.9,0.8,-0.6,0.5,-0.7,-0.6,0.5,0,0,0
479493,1,2,-1.9,1.9,0.8,-0.6,0.5,-0.7,-0.6,0.5,0,0,0
479493,1,2,-1.9,1.9,0.7,-0.6,0.5,-0.7,-0.6,0.5,0,0,0
479493,0,2,-1.9,1.9,0.7,-0.6,0.5,-0.7,-0.6,0.5,0,0,0
479493,0,2,-1.9,1.9,0.7,-0.6,0.5,-0.7,-0.6,0.5,0,0,0
479493,0,2,-1.9,1.9,0.7,-0.6,0.5,-0.7,-0.6,0.5,0,0,0
479493,1,2,-2,1.9,0.7,-0.6,0.5,-0.6,-0.6,0.5,0,0,0
479493,1,1.9,-2,1.9,0.7,-0.6,0.5,-0.6,-0.6,0.5,0,0,0
479493,0,1.9,-2,1.9,0.7,-0.6,0.5,-0.6,-0.6,0.5,0,0,0
479493,1,1.9,-2,1.8,0.7,-0.6,0.5,-0.6,-0.6,0.5,0,0,0
479493,0,1.9,-2,1.8,0.7,-0.6,0.5,-0.6,-0.6,0.5,0,0,0
479493,0,1.9,-2,1.8,0.7,-0.6,0.5,-0.6,-0.6,0.5,0,0,0
479493,0,1.9,-2,1.8,0.7,-0.6,0.5,-0.6,-0.6,0.5,0,0,0
479493,0,1.9,-2,1.8,0.7,-0.6,0.5,-0.6,-0.6,0.5,0,0,0
479493,0,1.9,-2,1.8,0.7,-0.6,0.5,-0.6,-0.6,0.5,0,0,0
479493,1,2,-2,1.8,0.7,-0.6,0.5,-0.6,-0.6,0.5,0,0,0
479493,1,2,-2,1.8,0.7,-0.6,0.5,-0.6,-0.6,0.4,0,0,0
479493,1,2,-2,1.8,0.7,-0.6,0.5,-0.6,-0.5,0.4,0,0,0
479493,0,2,-2,1.8,0.7,-0.6,0.5,-0.6,-0.5,0.4,0,0,0
479493,0,2,-2,1.8,0.7,-0.6,0.5,-0.6,-0.5,0.4,0,0,0
479493,1,1.9,-2,1.8,0.7,-0.6,0.5,-0.6,-0.5,0.4,0,0,0
479493,0,1.9,-2,1.8,0.7,-0.6,0.5,-0.6,-0.5,0.4,0,0,0
479493,1,1.9,-2,1.8,0.7,-0.6,0.5,-0.6,-0.5,0.5,0,0,0
479493,1,1.9,-2,1.8,0.7,-0.6,0.5,-0.6,-0.5,0.4,0,0,0
479493,1,1.9,-2,1.8,0.7,-0.6,0.5,-0.6,-0.5,0.5,0,0,0
479493,1,1.8,-2,1.8,0.7,-0.6,0.5,-0.6,-0.5,0.5,0,0,0
479493,1,1.8,-2,1.8,0.7,-0.6,0.5,-0.6,-0.5,0.4,0,0,0
479493,0,1.8,-2,1.8,0.7,-0.6,0.5,-0.6,-0.5,0.4,0,0,0
479493,0,1.8,-2,1.8,0.7,-0.6,0.5,-0.6,-0.5,0.4,0,0,0
479493,0,1.8,-2,1.8,0.7,-0.6,0.5,-0.6,-0.5,0.4,0,0,0
479493,1,1.8,-2,1.8,0.7,-0.6,0.5,-0.5,-0.5,0.4,0,0,0
479493,1,1.8,-2,1.8,0.7,-0.6,0.5,-0.6,-0.5,0.4,0,0,0
479493,0,1.8,-2,1.8,0.7,-0.6,0.5,-0.6,-0.5,0.4,0,0,0
479493,1,1.8,-2,1.8,0.7,-0.6,0.5,-0.5,-0.5,0.4,0,0,0
479493,1,1.8,-2,1.8,0.7,-0.6,0.5,-0.6,-0.5,0.4,0,0,0
479493,0,1.8,-2,1.8,0.7,-0.6,0.5,-0.6,-0.5,0.4,0,0,0
479493,1,1.8,-2,1.8,0.7,-0.6,0.5,-0.5,-0.5,0.4,0,0,0
479493,0,1.8,-2,1.8,0.7,-0.6,0.5,-0.5,-0.5,0.4,0,0,0
479493,0,1.8,-2,1.8,0.7,-0.6,0.5,-0.5,-0.5,0.4,0,0,0
479493,0,1.8,-2,1.8,0.7,-0.6,0.5,-0.5,-0.5,0.4,0,0,0
479493,1,1.8,-2,1.7,0.7,-0.6,0.5,-0.5,-0.5,0.4,0,0,0
479493,0,1.8,-2,1.7,0.7,-0.6,0.5,-0.5,-0.5,0.4,0,0,0
479493,0,1.8,-2,1.7,0.7,-0.6,0.5,-0.5,-0.5,0.4,0,0,0
479493,0,1.8,-2,1.7,0.7,-0.6,0.5,-0.5,-0.5,0.4,0,0,0
479493,0,1.8,-2,1.7,0.7,-0.6,0.5,-0.5,-0.5,0.4,0,0,0
479493,1,1.7,-2,1.7,0.7,-0.6,0.5,-0.5,-0.5,0.4,0,0,0
479493,0,1.7,-2,1.7,0.7,-0.6,0.5,-0.5,-0.5,0.4,0,0,0
479493,1,1.7,-2.1,1.7,0.7,-0.6,0.5,-0.5,-0.5,0.4,0,0,0
479493,1,1.7,-2.1,1.7,0.7,-0.6,0.5,-0.5,-0.5,0.3,0,0,0
479493,1,1.7,-2.1,1.6,0.7,-0.6,0.4,-0.5,-0.5,0.4,0,0,0
479493,1,1.6,-2.2,1.6,0.7,-0.6,0.4,-0.5,-0.5,0.3,0,0,0
479493,1,1.5,-2.3,1.5,0.7,-0.5,0.4,-0.5,-0.4,0.3,0,0,0
479493,1,1.4,-2.4,1.4,0.6,-0.5,0.4,-0.4,-0.4,0.3,0,0,0
479493,0,1.4,-2.4,1.4,0.6,-0.5,0.4,-0.4,-0.4,0.3,0,0,0
479493,1,1.4,-2.5,1.3,0.6,-0.5,0.4,-0.5,-0.5,0.5,0,0,0
479494,1,1.3,-2.7,1.1,0.6,-0.5,0.4,-0.5,-0.5,0.5,0,0,0
479494,1,1.2,-2.8,1,0.6,-0.5,0.4,-0.5,-0.5,0.5,0,0,0
479494,1,1.1,-2.9,0.8,0.5,-0.4,0.4,-0.5,-0.4,0.5,0,0,0
479494,1,1,-3,0.6,0.6,-0.5,0.4,-0.5,-0.4,0.4,0,0,0
479494,1,0.9,-3.1,0.5,0.6,-0.5,0.4,-0.4,-0.4,0.4,0,0,0
479494,0,0.9,-3.1,0.5,0.6,-0.5,0.4,-0.4,-0.4,0.4,0,0,0
479494,1,0.9,-3.1,0.3,0.6,-0.5,0.4,-0.4,-0.4,0.4,0,0,0
479494,1,0.9,-3.2,0.3,0.6,-0.5,0.4,-0.4,-0.4,0.4,0,0,0
479494,1,0.9,-3.2,0.2,0.5,-0.5,0.4,-0.4,-0.4,0.4,0,0,0
479494,1,0.9,-3.2,0.1,0.5,-0.5,0.3,-0.4,-0.3,0.4,0,0,0
479494,1,0.9,-3.2,1.4,0.5,-0.4,0.3,-0.4,-0.3,0.4,0,0,0
479494,1,0.9,-3.2,1.4,0.5,-0.4,0.3,-0.4,-0.3,0.3,0,0,0
479494,0,0.9,-3.2,1.4,0.5,-0.4,0.3,-0.4,-0.3,0.3,0,0,0
479494,1,0.9,-3.2,1.4,0.5,-0.4,0.3,-0.3,-0.3,0.3,0,0,0
479494,1,0.9,-3.2,1.3,0.5,-0.4,0.3,-0.3,-0.3,0.3,0,0,0
479494,0,0.9,-3.2,1.3,0.5,-0.4,0.3,-0.3,-0.3,0.3,0,0,0
479494,0,0.9,-3.2,1.3,0.5,-0.4,0.3,-0.3,-0.3,0.3,0,0,0
479494,1,1,-3.2,1.3,0.4,-0.4,0.3,-0.3,-0.3,0.3,0,0,0
479494,0,1,-3.2,1.3,0.4,-0.4,0.3,-0.3,-0.3,0.3,0,0,0
479494,0,1,-3.2,1.3,0.4,-0.4,0.3,-0.3,-0.3,0.3,0,0,0
479494,1,1,-3.2,1.2,0.4,-0.4,0.3,-0.3,-0.3,0.3,0,0,0
479494,1,1,-3.1,1.2,0.4,-0.3,0.3,-0.3,-0.3,0.3,0,0,0
479494,1,1.1,-3.1,1.2,0.4,-0.3,0.3,-0.3,-0.3,0.3,0,0,0
479494,1,1.1,-3.1,1.2,0.4,-0.3,0.2,-0.3,-0.2,0.3,0,0,0
479494,1,1.1,-3,1.1,0.4,-0.3,0.2,-0.3,-0.2,0.3,0,0,0
479494,1,1.1,-3,1.1,0.3,-0.3,0.2,-0.3,-0.2,0.3,0,0,0
479494,1,1.1,-3,1.1,0.3,-0.3,0.2,-0.2,-0.2,0.2,0,0,0
479494,0,1.1,-3,1.1,0.3,-0.3,0.2,-0.2,-0.2,0.2,0,0,0
479494,1,1.1,-2.9,1.1,0.3,-0.3,0.2,-0.2,-0.2,0.2,0,0,0
479494,0,1.1,-2.9,1.1,0.3,-0.3,0.2,-0.2,-0.2,0.2,0,0,0
479494,1,1.1,-2.9,1.1,0.3,-0.2,0.2,-0.2,-0.2,0.2,0,0,0
479494,1,1.1,-2.8,1,0.3,-0.2,0.2,-0.2,-0.2,0.2,0,0,0
479494,1,1.1,-2.8,1,0.2,-0.2,0.2,-0.2,-0.2,0.2,0,0,0
479494,1,1.1,-2.8,1,0.2,-0.2,0.1,-0.2,-0.2,0.2,0,0,0
479494,1,1.1,-2.7,1,0.2,-0.2,0.1,-0.2,-0.2,0.2,0,0,0
479494,0,1.1,-2.7,1,0.2,-0.2,0.1,-0.2,-0.2,0.2,0,0,0
479494,1,1.1,-2.7,1,0.2,-0.2,0.1,-0.1,-0.1,0.2,0,0,0
479494,1,1.1,-2.6,1,0.2,-0.2,0.1,-0.1,-0.1,0.1,0,0,0
479494,1,1.1,-2.6,1,0.2,-0.1,0.1,-0.1,-0.1,0.1,0,0,0
479494,1,1.1,-2.6,1,0.1,-0.1,0.1,-0.1,-0.1,0.1,0,0,0
479494,1,1.1,-2.5,1,0.1,-0.1,0.1,-0.1,-0.1,0.1,0,0,0
479494,0,1.1,-2.5,1,0.1,-0.1,0.1,-0.1,-0.1,0.1,0,0,0
479494,1,1.1,-2.4,0.9,0.1,-0.1,0.1,-0.1,-0.1,0.1,0,0,0
479494,0,1.1,-2.4,0.9,0.1,-0.1,0.1,-0.1,-0.1,0.1,0,0,0
479494,1,1.1,-2.3,0.9,0.1,-0.1,0.1,-0.1,-0.1,0.1,0,0,0
479494,0,1.1,-2.3,0.9,0.1,-0.1,0.1,-0.1,-0.1,0.1,0,0,0
479494,0,1.1,-2.3,0.9,0.1,-0.1,0.1,-0.1,-0.1,0.1,0,0,0
479494,0,1.1,-2.3,0.9,0.1,-0.1,0.1,-0.1,-0.1,0.1,0,0,0
479494,1,1.1,-2.3,0.9,0.1,-0.1,0,-0.1,-0.1,0.1,0,0,0
479494,1,1.1,-2.2,0.9,0.1,-0.1,0,-0.1,-0.1,0.1,0,0,0
479494,1,1,-2.2,0.9,0,-0.1,0,-0.1,-0.1,0.1,0,0,0
479494,1,1,-2.2,0.9,0,0,0,-0.1,-0.1,0.1,0,0,0
479494,0,1,-2.2,0.9,0,0,0,-0.1,-0.1,0.1,0,0,0
479494,0,1,-2.2,0.9,0,0,0,-0.1,-0.1,0.1,0,0,0
479494,1,1.1,-2.2,0.9,0,0,0,-0.1,-0.1,0.1,0,0,0
479494,0,1.1,-2.2,0.9,0,0,0,-0.1,-0.1,0.1,0,0,0
479494,1,1.1,-2.2,0.9,0,0,0,0,-0.1,0.1,0,0,0
479494,1,1.1,-2.2,0.9,0,0,0,0,-0.1,0,0,0,0
479494,1,1.1,-2.1,0.9,0,0,0,0,0,0,0,0,0
479494,1,1.1,-2.1,0.1,0,0,0,0,0,0,0,0,0
479494,0,1.1,-2.1,0.1,0,0,0,0,0,0,0,0,0
479494,0,1.1,-2.1,0.1,0,0,0,0,0,0,0,0,0
479494,1,1.1,-2.1,0.2,0,0,0,0,0,0,0,0,0
479494,0,1.1,-2.1,0.2,0,0,0,0,0,0,0,0,0
479494,0,1.1,-2.1,0.2,0,0,0,0,0,0,0,0,0
479494,0,1.1,-2.1,0.2,0,0,0,0,0,0,0,0,0
479494,1,1.1,-2.1,0.3,0,0,0,0,0,0,0,0,0
479494,0,1.1,-2.1,0.3,0,0,0,0,0,0,0,0,0
479494,0,1.1,-2.1,0.3,0,0,0,0,0,0,0,0,0
479494,0,1.1,-2.1,0.3,0,0,0,0,0,0,0,0,0
479494,1,1.1,-2.1,0.4,0,0,0,0,0,0,0,0,0
479494,0,1.1,-2.1,0.4,0,0,0,0,0,0,0,0,0
479494,0,1.1,-2.1,0.4,0,0,0,0,0,0,0,0,0
479494,0,1.1,-2.1,0.4,0,0,0,0,0,0,0,0,0
479494,0,1.1,-2.1,0.4,0,0,0,0,0,0,0,0,0
479494,0,1.1,-2.1,0.4,0,0,0,0,0,0,0,0,0
479494,1,1.1,-2,0.5,0,0,0,0,0,0,0,0,0
479494,0,1.1,-2,0.5,0,0,0,0,0,0,0,0,0
479494,0,1.1,-2,0.5,0,0,0,0,0,0,0,0,0
479494,0,1.1,-2,0.5,0,0,0,0,0,0,0,0,0
479494,0,1.1,-2,0.5,0,0,0,0,0,0,0,0,0
479494,0,1.1,-2,0.5,0,0,0,0,0,0,0,0,0
479494,0,1.1,-2,0.5,0,0,0,0,0,0,0,0,0
479494,1,1.1,-2,0.6,0,0,0,0,0,0,0,0,0
479494,0,1.1,-2,0.6,0,0,0,0,0,0,0,0,0
479494,0,1.1,-2,0.6,0,0,0,0,0,0,0,0,0
479494,0,1.1,-2,0.6,0,0,0,0,0,0,0,0,0
479494,0,1.1,-2,0.6,0,0,0,0,0,0,0,0,0
479494,0,1.1,-2,0.6,0,0,0,0,0,0,0,0,0
479495,0,1.1,-2,0.6,0,0,0,0,0,0,0,0,0
479495,0,1.1,-2,0.6,0,0,0,0,0,0,0,0,0
479495,0,1.1,-2,0.6,0,0,0,0,0,0,0,0,0
479495,0,1.1,-2,0.6,0,0,0,0,0,0,0,0,0
479495,0,1.1,-2,0.6,0,0,0,0,0,0,0,0,0
479495,0,1.1,-2,0.6,0,0,0,0,0,0,0,0,0
479495,1,1.1,-1.9,0.6,0,0,0,0,0,0,0,0,0
479495,0,1.1,-1.9,0.6,0,0,0,0,0,0,0,0,0
479495,0,1.1,-1.9,0.6,0,0,0,0,0,0,0,0,0
479495,0,1.1,-1.9,0.6,0,0,0,0,0,0,0,0,0
479495,1,1.1,-1.9,0.7,0,0,0,0,0,0,0,0,0
479495,0,1.1,-1.9,0.7,0,0,0,0,0,0,0,0,0
479495,0,1.1,-1.9,0.7,0,0,0,0,0,0,0,0,0
479495,0,1.1,-1.9,0.7,0,0,0,0,0,0,0,0,0
479495,0,1.1,-1.9,0.7,0,0,0,0,0,0,0,0,0
479495,0,1.1,-1.9,0.7,0,0,0,0,0,0,0,0,0
479495,0,1.1,-1.9,0.7,0,0,0,0,0,0,0,0,0
479495,0,1.1,-1.9,0.7,0,0,0,0,0,0,0,0,0
479495,0,1.1,-1.9,0.7,0,0,0,0,0,0,0,0,0
479495,0,1.1,-1.9,0.7,0,0,0,0,0,0,0,0,0
479495,0,1.1,-1.9,0.7,0,0,0,0,0,0,0,0,0
479495,0,1.1,-1.9,0.7,0,0,0,0,0,0,0,0,0
479495,0,1.1,-1.9,0.7,0,0,0,0,0,0,0,0,0
479495,1,1.1,-1.9,0.8,0,0,0,0,0,0,0,0,0
479495,0,1.1,-1.9,0.8,0,0,0,0,0,0,0,0,0
479495,0,1.1,-1.9,0.8,0,0,0,0,0,0,0,0,0
479495,0,1.1,-1.9,0.8,0,0,0,0,0,0,0,0,0
479495,0,1.1,-1.9,0.8,0,0,0,0,0,0,0,0,0
479495,0,1.1,-1.9,0.8,0,0,0,0,0,0,0,0,0
479495,0,1.1,-1.9,0.8,0,0,0,0,0,0,0,0,0
479495,1,1.2,-1.9,0.8,0,0,0,0,0,0,0,0,0
479495,0,1.2,-1.9,0.8,0,0,0,0,0,0,0,0,0
479495,1,1.2,-1.8,0.8,0,0,0,0,0,0,0,0,0
479495,0,1.2,-1.8,0.8,0,0,0,0,0,0,0,0,0
479495,1,1.2,-1.8,0.9,0,0,0,0,0,0,0,0,0
479495,0,1.2,-1.8,0.9,0,0,0,0,0,0,0,0,0
479495,0,1.2,-1.8,0.9,0,0,0,0,0,0,0,0,0
479495,0,1.2,-1.8,0.9,0,0,0,0,0,0,0,0,0
479495,1,1.1,-1.8,0.9,0,0,0,0,0,0,0,0,0
479495,1,1.2,-1.8,0.9,0,0,0,0,0,0,0,0,0
479495,0,1.2,-1.8,0.9,0,0,0,0,0,0,0,0,0
479495,0,1.2,-1.8,0.9,0,0,0,0,0,0,0,0,0
479495,1,1.1,-1.8,0.9,0,0,0,0,0,0,0,0,0
479495,0,1.1,-1.8,0.9,0,0,0,0,0,0,0,0,0
479495,1,1.1,-1.7,0.9,0,0,0,0,0,0,0,0,0
479495,1,1,-1.6,0.9,0,0,0,0,0,0,0,0,0
479495,0,1,-1.6,0.9,0,0,0,0,0,0,0,0,0
479495,1,0.9,-1.4,0.9,0,0,0,0,0,0,0,0,0
479495,1,0.9,-1.3,0.9,0,0,0,0,0,0,0,0,0
479495,1,0.8,-1.2,0.8,0,0,0,0,0,0,0,0,0
479495,1,0.8,-1.1,0.8,0,0,0,0,0,0,0,0,0
479495,1,0.7,-0.9,0.8,0,0,0,0,0,0,0,0,0
479495,1,0.7,-0.8,0.9,0,0,0,0,0,0,0,0,0
479495,0,0.7,-0.8,0.9,0,0,0,0,0,0,0,0,0
479495,1,0.7,-0.7,0.9,0,0,0,0,0,0,0,0,0
479495,1,0.7,-0.6,1,0,0,0,0,0,0,0,0,0
479495,1,0.7,-0.5,1.2,0,0,0,0,0,0,0,0,0
479495,1,0.8,-0.4,1.3,0,0,0,0,0,0,0,0,0
479495,1,0.8,-0.4,1.4,0,0,0,0,0,0,0,0,0
479495,0,0.8,-0.4,1.4,0,0,0,0,0,0,0,0,0
479495,1,0.9,-0.3,1.6,0,0,0,0,0,0,0,0,0
479495,1,0.9,-0.3,1.7,0,0,0,0,0,0,0,0,0
479495,1,1,-0.3,1.8,0,0,0,0,0,0,0,0,0
479495,1,1,-0.2,1.8,0,0,0,0,0,0,0,0,0
479495,1,1.1,-0.3,1.9,0,0,0,0,0,0,0,0,0
479495,0,1.1,-0.3,1.9,0,0,0,0,0,0,0,0,0
479495,0,1.1,-0.3,1.9,0,0,0,0,0,0,0,0,0
479495,1,1.1,-0.4,2,0,0,0,0,0,0,0,0,0
479495,1,1.1,-0.4,1.9,0,0,0,0,0,0,0,0,0
479495,1,1.1,-0.5,1.9,0,0,0,0,0,0,0,0,0
479495,1,1.1,-0.6,1.9,0,0,0,0,0,0,0,0,0
479495,1,1.1,-0.7,1.9,0,0,0,0,0,0,0,0,0
479495,0,1.1,-0.7,1.9,0,0,0,0,0,0,0,0,0
479495,0,1.1,-0.7,1.9,0,0,0,0,0,0,0,0,0
479495,1,1.1,-0.9,1.9,0,0,0,0,0,0,0,0,0
479495,0,1.1,-0.9,1.9,0,0,0,0,0,0,0,0,0
479495,0,1.1,-0.9,1.9,0,0,0,0,0,0,0,0,0
479495,1,1.1,-1,1.9,0,0,0,0,0,0,0,0,0
479495,0,1.1,-1,1.9,0,0,0,0,0,0,0,0,0
479495,0,1.1,-1,1.9,0,0,0,0,0,0,0,0,0
479495,0,1.1,-1,1.9,0,0,0,0,0,0,0,0,0
479495,1,1.1,-1.1,1.9,0,0,0,0,0,0,0,0,0
479495,0,1.1,-1.1,1.9,0,0,0,0,0,0,0,0,0
479495,0,1.1,-1.1,1.9,0,0,0,0,0,0,0,0,0
479495,0,1.1,-1.1,1.9,0,0,0,0,0,0,0,0,0
479495,0,1.1,-1.1,1.9,0,0,0,0,0,0,0,0,0
479495,1,1.1,-1.2,2,0,0,0,0,0,0,0,0,0
479495,1,1.2,-1.2,2,0,0,0,0,0,0,0,0,0
479495,0,1.2,-1.2,2,0,0,0,0,0,0,0,0,0
479495,0,1.2,-1.2,2,0,0,0,0,0,0,0,0,0
479496,0,1.2,-1.2,2,0,0,0,0,0,0,0,0,0
479496,0,1.2,-1.2,2,0,0,0,0,0,0,0,0,0
479496,0,1.2,-1.2,2,0,0,0,0,0,0,0,0,0
479496,0,1.2,-1.2,2,0,0,0,0,0,0,0,0,0
479496,0,1.2,-1.2,2,0,0,0,0,0,0,0,0,0
479496,0,1.2,-1.2,2,0,0,0,0,0,0,0,0,0
479496,1,1.2,-1.3,2,0,0,0,0,0,0,0,0,0
479496,0,1.2,-1.3,2,0,0,0,0,0,0,0,0,0
479496,0,1.2,-1.3,2,0,0,0,0,0,0,0,0,0
479496,0,1.2,-1.3,2,0,0,0,0,0,0,0,0,0
479496,0,1.2,-1.3,2,0,0,0,0,0,0,0,0,0
479496,0,1.2,-1.3,2,0,0,0,0,0,0,0,0,0
479496,1,1.2,-1.4,2,0,0,0,0,0,0,0,0,0
479496,0,1.2,-1.4,2,0,0,0,0,0,0,0,0,0
479496,0,1.2,-1.4,2,0,0,0,0,0,0,0,0,0
479496,0,1.2,-1.4,2,0,0,0,0,0,0,0,0,0
479496,0,1.2,-1.4,2,0,0,0,0,0,0,0,0,0
479496,0,1.2,-1.4,2,0,0,0,0,0,0,0,0,0
479496,0,1.2,-1.4,2,0,0,0,0,0,0,0,0,0
479496,0,1.2,-1.4,2,0,0,0,0,0,0,0,0,0
479496,0,1.2,-1.4,2,0,0,0,0,0,0,0,0,0
479496,1,1.2,-1.3,2,0,0,0,0,0,0,0,0,0
479496,0,1.2,-1.3,2,0,0,0,0,0,0,0,0,0
479496,0,1.2,-1.3,2,0,0,0,0,0,0,0,0,0
479496,0,1.2,-1.3,2,0,0,0,0,0,0,0,0,0
479496,0,1.2,-1.3,2,0,0,0,0,0,0,0,0,0
479496,0,1.2,-1.3,2,0,0,0,0,0,0,0,0,0
479496,0,1.2,-1.3,2,0,0,0,0,0,0,0,0,0
479496,0,1.2,-1.3,2,0,0,0,0,0,0,0,0,0
479496,0,1.2,-1.3,2,0,0,0,0,0,0,0,0,0
479496,0,1.2,-1.3,2,0,0,0,0,0,0,0,0,0
479496,0,1.2,-1.3,2,0,0,0,0,0,0,0,0,0
479496,1,1.2,-1.4,2,0,0,0,0,0,0,0,0,0
479496,0,1.2,-1.4,2,0,0,0,0,0,0,0,0,0
479496,0,1.2,-1.4,2,0,0,0,0,0,0,0,0,0
479496,0,1.2,-1.4,2,0,0,0,0,0,0,0,0,0
479496,0,1.2,-1.4,2,0,0,0,0,0,0,0,0,0
479496,0,1.2,-1.4,2,0,0,0,0,0,0,0,0,0
479496,0,1.2,-1.4,2,0,0,0,0,0,0,0,0,0
479496,0,1.2,-1.4,2,0,0,0,0,0,0,0,0,0
479496,0,1.2,-1.4,2,0,0,0,0,0,0,0,0,0
479496,1,1.2,-1.3,2,0,0,0,0,0,0,0,0,0
479496,0,1.2,-1.3,2,0,0,0,0,0,0,0,0,0
479496,0,1.2,-1.3,2,0,0,0,0,0,0,0,0,0
479496,0,1.2,-1.3,2,0,0,0,0,0,0,0,0,0
479496,0,1.2,-1.3,2,0,0,0,0,0,0,0,0,0
479496,1,1.2,-1.3,2.1,0,0,0,0,0,0,0,0,0
479496,0,1.2,-1.3,2.1,0,0,0,0,0,0,0,0,0
479496,0,1.2,-1.3,2.1,0,0,0,0,0,0,0,0,0
479496,1,1.2,-1.3,2,0,0,0,0,0,0,0,0,0
479496,1,1.2,-1.4,2,0,0,0,0,0,0,0,0,0
479496,0,1.2,-1.4,2,0,0,0,0,0,0,0,0,0
479496,0,1.2,-1.4,2,0,0,0,0,0,0,0,0,0
479496,0,1.2,-1.4,2,0,0,0,0,0,0,0,0,0
479496,0,1.2,-1.4,2,0,0,0,0,0,0,0,0,0
479496,0,1.2,-1.4,2,0,0,0,0,0,0,0,0,0
479496,0,1.2,-1.4,2,0,0,0,0,0,0,0,0,0
479496,0,1.2,-1.4,2,0,0,0,0,0,0,0,0,0
479496,0,1.2,-1.4,2,0,0,0,0,0,0,0,0,0
479496,0,1.2,-1.4,2,0,0,0,0,0,0,0,0,0
479496,0,1.2,-1.4,2,0,0,0,0,0,0,0,0,0
479496,1,1.2,-1.4,2.1,0,0,0,0,0,0,0,0,0
479496,1,1.2,-1.3,2.1,0,0,0,0,0,0,0,0,0
479496,0,1.2,-1.3,2.1,0,0,0,0,0,0,0,0,0
479496,0,1.2,-1.3,2.1,0,0,0,0,0,0,0,0,0
479496,0,1.2,-1.3,2.1,0,0,0,0,0,0,0,0,0
479496,0,1.2,-1.3,2.1,0,0,0,0,0,0,0,0,0
479496,0,1.2,-1.3,2.1,0,0,0,0,0,0,0,0,0
479496,1,1.2,-1.4,2.1,0,0,0,0,0,0,0,0,0
479496,0,1.2,-1.4,2.1,0,0,0,0,0,0,0,0,0
479496,1,1.2,-1.4,2,0,0,0,0,0,0,0,0,0
479496,0,1.2,-1.4,2,0,0,0,0,0,0,0,0,0
479496,0,1.2,-1.4,2,0,0,0,0,0,0,0,0,0
479496,0,1.2,-1.4,2,0,0,0,0,0,0,0,0,0
479496,0,1.2,-1.4,2,0,0,0,0,0,0,0,0,0
479496,0,1.2,-1.4,2,0,0,0,0,0,0,0,0,0
479496,0,1.2,-1.4,2,0,0,0,0,0,0,0,0,0
479496,1,1.2,-1.3,2.1,0,0,0,0,0,0,0,0,0
479496,0,1.2,-1.3,2.1,0,0,0,0,0,0,0,0,0
479496,0,1.2,-1.3,2.1,0,0,0,0,0,0,0,0,0
479496,0,1.2,-1.3,2.1,0,0,0,0,0,0,0,0,0
479496,0,1.2,-1.3,2.1,0,0,0,0,0,0,0,0,0
479496,0,1.2,-1.3,2.1,0,0,0,0,0,0,0,0,0
479496,0,1.2,-1.3,2.1,0,0,0,0,0,0,0,0,0
479496,0,1.2,-1.3,2.1,0,0,0,0,0,0,0,0,0
479496,0,1.2,-1.3,2.1,0,0,0,0,0,0,0,0,0
479496,1,1.2,-1.4,2,0,0,0,0,0,0,0,0,0
479496,0,1.2,-1.4,2,0,0,0,0,0,0,0,0,0
479496,0,1.2,-1.4,2,0,0,0,0,0,0,0,0,0
479496,0,1.2,-1.4,2,0,0,0,0,0,0,0,0,0
479497,0,1.2,-1.4,2,0,0,0,0,0,0,0,0,0
479497,1,1.3,-1.4,2,0,0,0,0,0,0,0,0,0
479497,0,1.3,-1.4,2,0,0,0,0,0,0,0,0,0
479497,0,1.3,-1.4,2,0,0,0,0,0,0,0,0,0
479497,1,1.2,-1.4,2.1,0,0,0,0,0,0,0,0,0
479497,0,1.2,-1.4,2.1,0,0,0,0,0,0,0,0,0
479497,0,1.2,-1.4,2.1,0,0,0,0,0,0,0,0,0
479497,1,1.2,-1.3,2.1,0,0,0,0,0,0,0,0,0
479497,0,1.2,-1.3,2.1,0,0,0,0,0,0,0,0,0
479497,0,1.2,-1.3,2.1,0,0,0,0,0,0,0,0,0
479497,0,1.2,-1.3,2.1,0,0,0,0,0,0,0,0,0
479497,0,1.2,-1.3,2.1,0,0,0,0,0,0,0,0,0
479497,1,1.2,-1.4,2.1,0,0,0,0,0,0,0,0,0
479497,0,1.2,-1.4,2.1,0,0,0,0,0,0,0,0,0
479497,1,1.2,-1.4,2,0,0,0,0,0,0,0,0,0
479497,0,1.2,-1.4,2,0,0,0,0,0,0,0,0,0
479497,0,1.2,-1.4,2,0,0,0,0,0,0,0,0,0
479497,0,1.2,-1.4,2,0,0,0,0,0,0,0,0,0
479497,0,1.2,-1.4,2,0,0,0,0,0,0,0,0,0
479497,0,1.2,-1.4,2,0,0,0,0,0,0,0,0,0
479497,0,1.2,-1.4,2,0,0,0,0,0,0,0,0,0
479497,0,1.2,-1.4,2,0,0,0,0,0,0,0,0,0
479497,0,1.2,-1.4,2,0,0,0,0,0,0,0,0,0
479497,1,1.2,-1.3,2.1,0,0,0,0,0,0,0,0,0
479497,0,1.2,-1.3,2.1,0,0,0,0,0,0,0,0,0
479497,0,1.2,-1.3,2.1,0,0,0,0,0,0,0,0,0
479497,0,1.2,-1.3,2.1,0,0,0,0,0,0,0,0,0
479497,0,1.2,-1.3,2.1,0,0,0,0,0,0,0,0,0
479497,0,1.2,-1.3,2.1,0,0,0,0,0,0,0,0,0
479497,0,1.2,-1.3,2.1,0,0,0,0,0,0,0,0,0
479497,0,1.2,-1.3,2.1,0,0,0,0,0,0,0,0,0
479497,0,1.2,-1.3,2.1,0,0,0,0,0,0,0,0,0
479497,1,1.2,-1.4,2.1,0,0,0,0,0,0,0,0,0
479497,1,1.2,-1.4,2,0,0,0,0,0,0,0,0,0
479497,0,1.2,-1.4,2,0,0,0,0,0,0,0,0,0
479497,0,1.2,-1.4,2,0,0,0,0,0,0,0,0,0
479497,0,1.2,-1.4,2,0,0,0,0,0,0,0,0,0
479497,0,1.2,-1.4,2,0,0,0,0,0,0,0,0,0
479497,0,1.2,-1.4,2,0,0,0,0,0,0,0,0,0
479497,0,1.2,-1.4,2,0,0,0,0,0,0,0,0,0
479497,0,1.2,-1.4,2,0,0,0,0,0,0,0,0,0
479497,1,1.2,-1.3,2.1,0,0,0,0,0,0,0,0,0
479497,0,1.2,-1.3,2.1,0,0,0,0,0,0,0,0,0
479497,0,1.2,-1.3,2.1,0,0,0,0,0,0,0,0,0
479497,0,1.2,-1.3,2.1,0,0,0,0,0,0,0,0,0
479497,0,1.2,-1.3,2.1,0,0,0,0,0,0,0,0,0
479497,0,1.2,-1.3,2.1,0,0,0,0,0,0,0,0,0
479497,0,1.2,-1.3,2.1,0,0,0,0,0,0,0,0,0
479497,0,1.2,-1.3,2.1,0,0,0,0,0,0,0,0,0
479497,0,1.2,-1.3,2.1,0,0,0,0,0,0,0,0,0
479497,0,1.2,-1.3,2.1,0,0,0,0,0,0,0,0,0
479497,1,1.2,-1.3,2,0,0,0,0,0,0,0,0,0
479497,0,1.2,-1.3,2,0,0,0,0,0,0,0,0,0
479497,1,1.2,-1.4,2,0,0,0,0,0,0,0,0,0
479497,0,1.2,-1.4,2,0,0,0,0,0,0,0,0,0
479497,0,1.2,-1.4,2,0,0,0,0,0,0,0,0,0
479497,0,1.2,-1.4,2,0,0,0,0,0,0,0,0,0
479497,0,1.2,-1.4,2,0,0,0,0,0,0,0,0,0
479497,0,1.2,-1.4,2,0,0,0,0,0,0,0,0,0
479497,0,1.2,-1.4,2,0,0,0,0,0,0,0,0,0
479497,0,1.2,-1.4,2,0,0,0,0,0,0,0,0,0
479497,1,1.2,-1.4,2.1,0,0,0,0,0,0,0,0,0
479497,1,1.2,-1.3,2.1,0,0,0,0,0,0,0,0,0
479497,0,1.2,-1.3,2.1,0,0,0,0,0,0,0,0,0
479497,0,1.2,-1.3,2.1,0,0,0,0,0,0,0,0,0
479497,0,1.2,-1.3,2.1,0,0,0,0,0,0,0,0,0
479497,0,1.2,-1.3,2.1,0,0,0,0,0,0,0,0,0
479497,0,1.2,-1.3,2.1,0,0,0,0,0,0,0,0,0
479497,0,1.2,-1.3,2.1,0,0,0,0,0,0,0,0,0
479497,0,1.2,-1.3,2.1,0,0,0,0,0,0,0,0,0
479497,0,1.2,-1.3,2.1,0,0,0,0,0,0,0,0,0
479497,0,1.2,-1.3,2.1,0,0,0,0,0,0,0,0,0
479497,0,1.2,-1.3,2.1,0,0,0,0,0,0,0,0,0
479497,1,1.2,-1.3,2,0,0,0,0,0,0,0,0,0
479497,0,1.2,-1.3,2,0,0,0,0,0,0,0,0,0
479497,0,1.2,-1.3,2,0,0,0,0,0,0,0,0,0
479497,1,1.3,-1.3,2,0,0,0,0,0,0,0,0,0
479497,1,1.3,-1.4,2,0,0,0,0,0,0,0,0,0
479497,0,1.3,-1.4,2,0,0,0,0,0,0,0,0,0
479497,0,1.3,-1.4,2,0,0,0,0,0,0,0,0,0
479497,1,1.3,-1.3,2,0,0,0,0,0,0,0,0,0
479497,0,1.3,-1.3,2,0,0,0,0,0,0,0,0,0
479497,1,1.3,-1.3,2.1,0,0,0,0,0,0,0,0,0
479497,0,1.3,-1.3,2.1,0,0,0,0,0,0,0,0,0
479497,0,1.3,-1.3,2.1,0,0,0,0,0,0,0,0,0
479497,0,1.3,-1.3,2.1,0,0,0,0,0,0,0,0,0
479497,0,1.3,-1.3,2.1,0,0,0,0,0,0,0,0,0
479497,1,1.2,-1.3,2.1,0,0,0,0,0,0,0,0,0
479497,0,1.2,-1.3,2.1,0,0,0,0,0,0,0,0,0
479497,0,1.2,-1.3,2.1,0,0,0,0,0,0,0,0,0
479498,1,1.2,-1.3,2,0,0,0,0,0,0,0,0,0
479498,0,1.2,-1.3,2,0,0,0,0,0,0,0,0,0
479498,0,1.2,-1.3,2,0,0,0,0,0,0,0,0,0
479498,0,1.2,-1.3,2,0,0,0,0,0,0,0,0,0
479498,0,1.2,-1.3,2,0,0,0,0,0,0,0,0,0
479498,1,1.3,-1.3,2,0,0,0,0,0,0,0,0,0
479498,0,1.3,-1.3,2,0,0,0,0,0,0,0,0,0
479498,0,1.3,-1.3,2,0,0,0,0,0,0,0,0,0
479498,0,1.3,-1.3,2,0,0,0,0,0,0,0,0,0
479498,0,1.3,-1.3,2,0,0,0,0,0,0,0,0,0
479498,0,1.3,-1.3,2,0,0,0,0,0,0,0,0,0
479498,0,1.3,-1.3,2,0,0,0,0,0,0,0,0,0
479498,0,1.3,-1.3,2,0,0,0,0,0,0,0,0,0
479498,1,1.3,-1.3,2.1,0,0,0,0,0,0,0,0,0
479498,0,1.3,-1.3,2.1,0,0,0,0,0,0,0,0,0
479498,0,1.3,-1.3,2.1,0,0,0,0,0,0,0,0,0
479498,0,1.3,-1.3,2.1,0,0,0,0,0,0,0,0,0
479498,0,1.3,-1.3,2.1,0,0,0,0,0,0,0,0,0
479498,0,1.3,-1.3,2.1,0,0,0,0,0,0,0,0,0
479498,1,1.2,-1.3,2.1,0,0,0,0,0,0,0,0,0
479498,0,1.2,-1.3,2.1,0,0,0,0,0,0,0,0,0
479498,0,1.2,-1.3,2.1,0,0,0,0,0,0,0,0,0
479498,0,1.2,-1.3,2.1,0,0,0,0,0,0,0,0,0
479498,0,1.2,-1.3,2.1,0,0,0,0,0,0,0,0,0
479498,0,1.2,-1.3,2.1,0,0,0,0,0,0,0,0,0
479498,0,1.2,-1.3,2.1,0,0,0,0,0,0,0,0,0
479498,1,1.3,-1.4,2.1,0,0,0,0,0,0,0,0,0
479498,1,1.3,-1.4,2,0,0,0,0,0,0,0,0,0
479498,0,1.3,-1.4,2,0,0,0,0,0,0,0,0,0
479498,0,1.3,-1.4,2,0,0,0,0,0,0,0,0,0
479498,0,1.3,-1.4,2,0,0,0,0,0,0,0,0,0
479498,0,1.3,-1.4,2,0,0,0,0,0,0,0,0,0
479498,0,1.3,-1.4,2,0,0,0,0,0,0,0,0,0
479498,0,1.3,-1.4,2,0,0,0,0,0,0,0,0,0
479498,0,1.3,-1.4,2,0,0,0,0,0,0,0,0,0
479498,1,1.3,-1.4,2.1,0,0,0,0,0,0,0,0,0
479498,1,1.3,-1.3,2.1,0,0,0,0,0,0,0,0,0
479498,0,1.3,-1.3,2.1,0,0,0,0,0,0,0,0,0
479498,0,1.3,-1.3,2.1,0,0,0,0,0,0,0,0,0
479498,0,1.3,-1.3,2.1,0,0,0,0,0,0,0,0,0
479498,1,1.2,-1.3,2.1,0,0,0,0,0,0,0,0,0
479498,0,1.2,-1.3,2.1,0,0,0,0,0,0,0,0,0
479498,0,1.2,-1.3,2.1,0,0,0,0,0,0,0,0,0
479498,1,1.2,-1.4,2.1,0,0,0,0,0,0,0,0,0
479498,0,1.2,-1.4,2.1,0,0,0,0,0,0,0,0,0
479498,1,1.2,-1.4,2,0,0,0,0,0,0,0,0,0
479498,0,1.2,-1.4,2,0,0,0,0,0,0,0,0,0
479498,0,1.2,-1.4,2,0,0,0,0,0,0,0,0,0
479498,0,1.2,-1.4,2,0,0,0,0,0,0,0,0,0
479498,1,1.3,-1.4,2,0,0,0,0,0,0,0,0,0
479498,0,1.3,-1.4,2,0,0,0,0,0,0,0,0,0
479498,0,1.3,-1.4,2,0,0,0,0,0,0,0,0,0
479498,0,1.3,-1.4,2,0,0,0,0,0,0,0,0,0
479498,0,1.3,-1.4,2,0,0,0,0,0,0,0,0,0
479498,1,1.3,-1.4,2.1,0,0,0,0,0,0,0,0,0
479498,1,1.2,-1.4,2.1,0,0,0,0,0,0,0,0,0
479498,0,1.2,-1.4,2.1,0,0,0,0,0,0,0,0,0
479498,0,1.2,-1.4,2.1,0,0,0,0,0,0,0,0,0
479498,0,1.2,-1.4,2.1,0,0,0,0,0,0,0,0,0
479498,0,1.2,-1.4,2.1,0,0,0,0,0,0,0,0,0
479498,0,1.2,-1.4,2.1,0,0,0,0,0,0,0,0,0
479498,0,1.2,-1.4,2.1,0,0,0,0,0,0,0,0,0
479498,1,1.2,-1.4,2,0,0,0,0,0,0,0,0,0
479498,1,1.2,-1.5,2,0,0,0,0,0,0,0,0,0
479498,0,1.2,-1.5,2,0,0,0,0,0,0,0,0,0
479498,0,1.2,-1.5,2,0,0,0,0,0,0,0,0,0
479498,0,1.2,-1.5,2,0,0,0,0,0,0,0,0,0
479498,0,1.2,-1.5,2,0,0,0,0,0,0,0,0,0
479498,0,1.2,-1.5,2,0,0,0,0,0,0,0,0,0
479498,0,1.2,-1.5,2,0,0,0,0,0,0,0,0,0
479498,1,1.3,-1.5,2,0,0,0,0,0,0,0,0,0
479498,0,1.3,-1.5,2,0,0,0,0,0,0,0,0,0
479498,0,1.3,-1.5,2,0,0,0,0,0,0,0,0,0
479498,0,1.3,-1.5,2,0,0,0,0,0,0,0,0,0
479498,0,1.3,-1.5,2,0,0,0,0,0,0,0,0,0
479498,1,1.2,-1.5,2,0,0,0,0,0,0,0,0,0
479498,1,1.2,-1.4,2.1,0,0,0,0,0,0,0,0,0
479498,0,1.2,-1.4,2.1,0,0,0,0,0,0,0,0,0
479498,0,1.2,-1.4,2.1,0,0,0,0,0,0,0,0,0
479498,0,1.2,-1.4,2.1,0,0,0,0,0,0,0,0,0
479498,0,1.2,-1.4,2.1,0,0,0,0,0,0,0,0,0
479498,0,1.2,-1.4,2.1,0,0,0,0,0,0,0,0,0
479498,1,1.2,-1.4,2,0,0,0,0,0,0,0,0,0
479498,1,1.2,-1.5,2,0,0,0,0,0,0,0,0,0
479498,0,1.2,-1.5,2,0,0,0,0,0,0,0,0,0
479498,0,1.2,-1.5,2,0,0,0,0,0,0,0,0,0
479498,0,1.2,-1.5,2,0,0,0,0,0,0,0,0,0
479498,0,1.2,-1.5,2,0,0,0,0,0,0,0,0,0
479498,0,1.2,-1.5,2,0,0,0,0,0,0,0,0,0
479499,0,1.2,-1.5,2,0,0,0,0,0,0,0,0,0
479499,0,1.2,-1.5,2,0,0,0,0,0,0,0,0,0
479499,0,1.2,-1.5,2,0,0,0,0,0,0,0,0,0
479499,0,1.2,-1.5,2,0,0,0,0,0,0,0,0,0
479499,1,1.2,-1.4,2,0,0,0,0,0,0,0,0,0
479499,0,1.2,-1.4,2,0,0,0,0,0,0,0,0,0
479499,0,1.2,-1.4,2,0,0,0,0,0,0,0,0,0
479499,0,1.2,-1.4,2,0,0,0,0,0,0,0,0,0
479499,0,1.2,-1.4,2,0,0,0,0,0,0,0,0,0
479499,0,1.2,-1.4,2,0,0,0,0,0,0,0,0,0
479499,1,1.2,-1.5,2,0,0,0,0,0,0,0,0,0
479499,0,1.2,-1.5,2,0,0,0,0,0,0,0,0,0
479499,0,1.2,-1.5,2,0,0,0,0,0,0,0,0,0
479499,0,1.2,-1.5,2,0,0,0,0,0,0,0,0,0
479499,0,1.2,-1.5,2,0,0,0,0,0,0,0,0,0
479499,0,1.2,-1.5,2,0,0,0,0,0,0,0,0,0
479499,0,1.2,-1.5,2,0,0,0,0,0,0,0,0,0
479499,0,1.2,-1.5,2,0,0,0,0,0,0,0,0,0
479499,0,1.2,-1.5,2,0,0,0,0,0,0,0,0,0
479499,0,1.2,-1.5,2,0,0,0,0,0,0,0,0,0
479499,1,1.2,-1.4,2,0,0,0,0,0,0,0,0,0
479499,1,1.2,-1.4,2.1,0,0,0,0,0,0,0,0,0
479499,0,1.2,-1.4,2.1,0,0,0,0,0,0,0,0,0
479499,0,1.2,-1.4,2.1,0,0,0,0,0,0,0,0,0
479499,0,1.2,-1.4,2.1,0,0,0,0,0,0,0,0,0
479499,0,1.2,-1.4,2.1,0,0,0,0,0,0,0,0,0
479499,0,1.2,-1.4,2.1,0,0,0,0,0,0,0,0,0
479499,0,1.2,-1.4,2.1,0,0,0,0,0,0,0,0,0
479499,0,1.2,-1.4,2.1,0,0,0,0,0,0,0,0,0
479499,1,1.2,-1.5,2,0,0,0,0,0,0,0,0,0
479499,0,1.2,-1.5,2,0,0,0,0,0,0,0,0,0
479499,0,1.2,-1.5,2,0,0,0,0,0,0,0,0,0
479499,0,1.2,-1.5,2,0,0,0,0,0,0,0,0,0
479499,0,1.2,-1.5,2,0,0,0,0,0,0,0,0,0
479499,0,1.2,-1.5,2,0,0,0,0,0,0,0,0,0
479499,0,1.2,-1.5,2,0,0,0,0,0,0,0,0,0
479499,0,1.2,-1.5,2,0,0,0,0,0,0,0,0,0
479499,0,1.2,-1.5,2,0,0,0,0,0,0,0,0,0
479499,1,1.2,-1.4,2,0,0,0,0,0,0,0,0,0
479499,0,1.2,-1.4,2,0,0,0,0,0,0,0,0,0
479499,0,1.2,-1.4,2,0,0,0,0,0,0,0,0,0
479499,1,1.2,-1.4,2.1,0,0,0,0,0,0,0,0,0
479499,0,1.2,-1.4,2.1,0,0,0,0,0,0,0,0,0
479499,0,1.2,-1.4,2.1,0,0,0,0,0,0,0,0,0
479499,0,1.2,-1.4,2.1,0,0,0,0,0,0,0,0,0
479499,0,1.2,-1.4,2.1,0,0,0,0,0,0,0,0,0
479499,0,1.2,-1.4,2.1,0,0,0,0,0,0,0,0,0
479499,0,1.2,-1.4,2.1,0,0,0,0,0,0,0,0,0
479499,0,1.2,-1.4,2.1,0,0,0,0,0,0,0,0,0
479499,1,1.2,-1.4,2,0,0,0,0,0,0,0,0,0
479499,0,1.2,-1.4,2,0,0,0,0,0,0,0,0,0
479499,0,1.2,-1.4,2,0,0,0,0,0,0,0,0,0
479499,0,1.2,-1.4,2,0,0,0,0,0,0,0,0,0
479499,1,1.2,-1.5,2,0,0,0,0,0,0,0,0,0
479499,0,1.2,-1.5,2,0,0,0,0,0,0,0,0,0
479499,0,1.2,-1.5,2,0,0,0,0,0,0,0,0,0
479499,0,1.2,-1.5,2,0,0,0,0,0,0,0,0,0
479499,1,1.3,-1.5,2,0,0,0,0,0,0,0,0,0
479499,0,1.3,-1.5,2,0,0,0,0,0,0,0,0,0
479499,1,1.3,-1.4,2,0,0,0,0,0,0,0,0,0
479499,1,1.2,-1.4,2.1,0,0,0,0,0,0,0,0,0
479499,0,1.2,-1.4,2.1,0,0,0,0,0,0,0,0,0
479499,0,1.2,-1.4,2.1,0,0,0,0,0,0,0,0,0
479499,0,1.2,-1.4,2.1,0,0,0,0,0,0,0,0,0
479499,0,1.2,-1.4,2.1,0,0,0,0,0,0,0,0,0
479499,0,1.2,-1.4,2.1,0,0,0,0,0,0,0,0,0
479499,0,1.2,-1.4,2.1,0,0,0,0,0,0,0,0,0
479499,0,1.2,-1.4,2.1,0,0,0,0,0,0,0,0,0
479499,0,1.2,-1.4,2.1,0,0,0,0,0,0,0,0,0
479499,1,1.2,-1.5,2.1,0,0,0,0,0,0,0,0,0
479499,1,1.2,-1.5,2,0,0,0,0,0,0,0,0,0
479499,0,1.2,-1.5,2,0,0,0,0,0,0,0,0,0
479499,0,1.2,-1.5,2,0,0,0,0,0,0,0,0,0
479499,0,1.2,-1.5,2,0,0,0,0,0,0,0,0,0
479499,0,1.2,-1.5,2,0,0,0,0,0,0,0,0,0
479499,1,1.2,-1.4,2,0,0,0,0,0,0,0,0,0
479499,1,1.2,-1.4,2.1,0,0,0,0,0,0,0,0,0
479499,0,1.2,-1.4,2.1,0,0,0,0,0,0,0,0,0
479499,0,1.2,-1.4,2.1,0,0,0,0,0,0,0,0,0
479499,0,1.2,-1.4,2.1,0,0,0,0,0,0,0,0,0
479499,0,1.2,-1.4,2.1,0,0,0,0,0,0,0,0,0
479499,0,1.2,-1.4,2.1,0,0,0,0,0,0,0,0,0
479499,0,1.2,-1.4,2.1,0,0,0,0,0,0,0,0,0
479499,0,1.2,-1.4,2.1,0,0,0,0,0,0,0,0,0
479499,0,1.2,-1.4,2.1,0,0,0,0,0,0,0,0,0
479499,0,1.2,-1.4,2.1,0,0,0,0,0,0,0,0,0
479499,0,1.2,-1.4,2.1,0,0,0,0,0,0,0,0,0
479499,0,1.2,-1.4,2.1,0,0,0,0,0,0,0,0,0
479499,0,1.2,-1.4,2.1,0,0,0,0,0,0,0,0,0
479499,0,1.2,-1.4,2.1,0,0,0,0,0,0,0,0,0
479500,1,1.2,-1.4,2,0,0,0,0,0,0,0,0,0
479500,0,1.2,-1.4,2,0,0,0,0,0,0,0,0,0
479500,0,1.2,-1.4,2,0,0,0,0,0,0,0,0,0
479500,0,1.2,-1.4,2,0,0,0,0,0,0,0,0,0
479500,0,1.2,-1.4,2,0,0,0,0,0,0,0,0,0
479500,0,1.2,-1.4,2,0,0,0,0,0,0,0,0,0
479500,1,1.2,-1.4,2.1,0,0,0,0,0,0,0,0,0
479500,0,1.2,-1.4,2.1,0,0,0,0,0,0,0,0,0
479500,0,1.2,-1.4,2.1,0,0,0,0,0,0,0,0,0
479500,0,1.2,-1.4,2.1,0,0,0,0,0,0,0,0,0
479500,0,1.2,-1.4,2.1,0,0,0,0,0,0,0,0,0
479500,0,1.2,-1.4,2.1,0,0,0,0,0,0,0,0,0
479500,0,1.2,-1.4,2.1,0,0,0,0,0,0,0,0,0
479500,0,1.2,-1.4,2.1,0,0,0,0,0,0,0,0,0
479500,0,1.2,-1.4,2.1,0,0,0,0,0,0,0,0,0
479500,0,1.2,-1.4,2.1,0,0,0,0,0,0,0,0,0
479500,0,1.2,-1.4,2.1,0,0,0,0,0,0,0,0,0
479500,1,1.2,-1.4,2,0,0,0,0,0,0,0,0,0
479500,0,1.2,-1.4,2,0,0,0,0,0,0,0,0,0
479500,0,1.2,-1.4,2,0,0,0,0,0,0,0,0,0
479500,0,1.2,-1.4,2,0,0,0,0,0,0,0,0,0
479500,0,1.2,-1.4,2,0,0,0,0,0,0,0,0,0
479500,0,1.2,-1.4,2,0,0,0,0,0,0,0,0,0
479500,0,1.2,-1.4,2,0,0,0,0,0,0,0,0,0
479500,0,1.2,-1.4,2,0,0,0,0,0,0,0,0,0
479500,0,1.2,-1.4,2,0,0,0,0,0,0,0,0,0
479500,0,1.2,-1.4,2,0,0,0,0,0,0,0,0,0
479500,1,1.2,-1.4,2.1,0,0,0,0,0,0,0,0,0
479500,0,1.2,-1.4,2.1,0,0,0,0,0,0,0,0,0
479500,0,1.2,-1.4,2.1,0,0,0,0,0,0,0,0,0
479500,0,1.2,-1.4,2.1,0,0,0,0,0,0,0,0,0
479500,0,1.2,-1.4,2.1,0,0,0,0,0,0,0,0,0
479500,0,1.2,-1.4,2.1,0,0,0,0,0,0,0,0,0
479500,0,1.2,-1.4,2.1,0,0,0,0,0,0,0,0,0
479500,0,1.2,-1.4,2.1,0,0,0,0,0,0,0,0,0
479500,1,1.2,-1.4,2,0,0,0,0,0,0,0,0,0
479500,0,1.2,-1.4,2,0,0,0,0,0,0,0,0,0
479500,0,1.2,-1.4,2,0,0,0,0,0,0,0,0,0
479500,0,1.2,-1.4,2,0,0,0,0,0,0,0,0,0
479500,0,1.2,-1.4,2,0,0,0,0,0,0,0,0,0
479500,0,1.2,-1.4,2,0,0,0,0,0,0,0,0,0
479500,0,1.2,-1.4,2,0,0,0,0,0,0,0,0,0
479500,0,1.2,-1.4,2,0,0,0,0,0,0,0,0,0
479500,0,1.2,-1.4,2,0,0,0,0,0,0,0,0,0
479500,0,1.2,-1.4,2,0,0,0,0,0,0,0,0,0
479500,0,1.2,-1.4,2,0,0,0,0,0,0,0,0,0
479500,0,1.2,-1.4,2,0,0,0,0,0,0,0,0,0
479500,1,1.2,-1.4,2.1,0,0,0,0,0,0,0,0,0
479500,0,1.2,-1.4,2.1,0,0,0,0,0,0,0,0,0
479500,0,1.2,-1.4,2.1,0,0,0,0,0,0,0,0,0
479500,0,1.2,-1.4,2.1,0,0,0,0,0,0,0,0,0
479500,0,1.2,-1.4,2.1,0,0,0,0,0,0,0,0,0
479500,0,1.2,-1.4,2.1,0,0,0,0,0,0,0,0,0
479500,0,1.2,-1.4,2.1,0,0,0,0,0,0,0,0,0
479500,1,1.2,-1.4,2,0,0,0,0,0,0,0,0,0
479500,0,1.2,-1.4,2,0,0,0,0,0,0,0,0,0
479500,0,1.2,-1.4,2,0,0,0,0,0,0,0,0,0
479500,0,1.2,-1.4,2,0,0,0,0,0,0,0,0,0
479500,0,1.2,-1.4,2,0,0,0,0,0,0,0,0,0
479500,0,1.2,-1.4,2,0,0,0,0,0,0,0,0,0
479500,0,1.2,-1.4,2,0,0,0,0,0,0,0,0,0
479500,0,1.2,-1.4,2,0,0,0,0,0,0,0,0,0
479500,0,1.2,-1.4,2,0,0,0,0,0,0,0,0,0
479500,0,1.2,-1.4,2,0,0,0,0,0,0,0,0,0
479500,0,1.2,-1.4,2,0,0,0,0,0,0,0,0,0
479500,0,1.2,-1.4,2,0,0,0,0,0,0,0,0,0
479500,1,1.2,-1.4,2.1,0,0,0,0,0,0,0,0,0
479500,0,1.2,-1.4,2.1,0,0,0,0,0,0,0,0,0
479500,0,1.2,-1.4,2.1,0,0,0,0,0,0,0,0,0
479500,0,1.2,-1.4,2.1,0,0,0,0,0,0,0,0,0
479500,0,1.2,-1.4,2.1,0,0,0,0,0,0,0,0,0
479500,0,1.2,-1.4,2.1,0,0,0,0,0,0,0,0,0
479500,0,1.2,-1.4,2.1,0,0,0,0,0,0,0,0,0
479500,0,1.2,-1.4,2.1,0,0,0,0,0,0,0,0,0
479500,1,1.2,-1.4,2,0,0,0,0,0,0,0,0,0
479500,0,1.2,-1.4,2,0,0,0,0,0,0,0,0,0
479500,0,1.2,-1.4,2,0,0,0,0,0,0,0,0,0
479500,0,1.2,-1.4,2,0,0,0,0,0,0,0,0,0
479500,0,1.2,-1.4,2,0,0,0,0,0,0,0,0,0
479500,0,1.2,-1.4,2,0,0,0,0,0,0,0,0,0
479500,1,1.2,-1.5,2,0,0,0,0,0,0,0,0,0
479500,1,1.2,-1.4,2,0,0,0,0,0,0,0,0,0
479500,0,1.2,-1.4,2,0,0,0,0,0,0,0,0,0
479500,0,1.2,-1.4,2,0,0,0,0,0,0,0,0,0
479500,0,1.2,-1.4,2,0,0,0,0,0,0,0,0,0
479500,0,1.2,-1.4,2,0,0,0,0,0,0,0,0,0
479500,0,1.2,-1.4,2,0,0,0,0,0,0,0,0,0
479500,0,1.2,-1.4,2,0,0,0,0,0,0,0,0,0
479500,1,1.2,-1.4,2.1,0,0,0,0,0,0,0,0,0
479501,0,1.2,-1.4,2.1,0,0,0,0,0,0,0,0,0
479501,0,1.2,-1.4,2.1,0,0,0,0,0,0,0,0,0
479501,0,1.2,-1.4,2.1,0,0,0,0,0,0,0,0,0
479501,0,1.2,-1.4,2.1,0,0,0,0,0,0,0,0,0
479501,0,1.2,-1.4,2.1,0,0,0,0,0,0,0,0,0
479501,0,1.2,-1.4,2.1,0,0,0,0,0,0,0,0,0
479501,1,1.2,-1.4,2,0,0,0,0,0,0,0,0,0
479501,0,1.2,-1.4,2,0,0,0,0,0,0,0,0,0
479501,0,1.2,-1.4,2,0,0,0,0,0,0,0,0,0
479501,0,1.2,-1.4,2,0,0,0,0,0,0,0,0,0
479501,0,1.2,-1.4,2,0,0,0,0,0,0,0,0,0
479501,0,1.2,-1.4,2,0,0,0,0,0,0,0,0,0
479501,1,1.2,-1.5,1.9,0,0,0,0,0,0,0,0,0
479501,1,1.1,-1.6,1.8,0,0,0,0,0,0,0,0,0
479501,1,1,-1.7,1.7,0,0,0,0,0,0,0,0,0
479501,1,1,-1.7,1.6,0,0,0,0,0,0,0,0,0
479501,1,0.9,-1.8,1.5,0,0,0,0,0,0,0,0,0
479501,1,0.8,-1.8,1.3,0,0,0,0,0,0,0,0,0
479501,0,0.8,-1.8,1.3,0,0,0,0,0,0,0,0,0
479501,1,0.8,-1.9,1.2,0,0,0,0,0,0,0,0,0
479501,1,0.7,-1.9,1.1,0,0,0,0,0,0,0,0,0
479501,1,0.6,-1.9,0.9,0,0,0,0,0,0,0,0,0
479501,1,0.6,-2,0.8,0,0,0,0,0,0,0,0,0
479501,1,0.6,-1.9,0.7,0,0,0,0,0,0,0,0,0
479501,0,0.6,-1.9,0.7,0,0,0,0,0,0,0,0,0
479501,0,0.6,-1.9,0.7,0,0,0,0,0,0,0,0,0
479501,1,0.6,-1.8,0.7,0,0,0,0,0,0,0,0,0
479501,1,0.6,-1.8,0.8,0,0,0,0,0,0,0,0,0
479501,1,0.6,-1.7,0.8,0,0,0,0,0,0,0,0,0
479501,0,0.6,-1.7,0.8,0,0,0,0,0,0,0,0,0
479501,0,0.6,-1.7,0.8,0,0,0,0,0,0,0,0,0
479501,0,0.6,-1.7,0.8,0,0,0,0,0,0,0,0,0
479501,0,0.6,-1.7,0.8,0,0,0,0,0,0,0,0,0
479501,0,0.6,-1.7,0.8,0,0,0,0,0,0,0,0,0
479501,0,0.6,-1.7,0.8,0,0,0,0,0,0,0,0,0
479501,1,0.6,-1.6,0.8,0,0,0,0,0,0,0,0,0
479501,0,0.6,-1.6,0.8,0,0,0,0,0,0,0,0,0
479501,0,0.6,-1.6,0.8,0,0,0,0,0,0,0,0,0
479501,0,0.6,-1.6,0.8,0,0,0,0,0,0,0,0,0
479501,0,0.6,-1.6,0.8,0,0,0,0,0,0,0,0,0
479501,0,0.6,-1.6,0.8,0,0,0,0,0,0,0,0,0
479501,0,0.6,-1.6,0.8,0,0,0,0,0,0,0,0,0
479501,0,0.6,-1.6,0.8,0,0,0,0,0,0,0,0,0
479501,1,0.6,-1.6,0.9,0,0,0,0,0,0,0,0,0
479501,0,0.6,-1.6,0.9,0,0,0,0,0,0,0,0,0
479501,0,0.6,-1.6,0.9,0,0,0,0,0,0,0,0,0
479501,1,0.6,-1.5,0.9,0,0,0,0,0,0,0,0,0
479501,1,0.6,-1.6,0.9,0,0,0,0,0,0,0,0,0
479501,0,0.6,-1.6,0.9,0,0,0,0,0,0,0,0,0
479501,0,0.6,-1.6,0.9,0,0,0,0,0,0,0,0,0
479501,1,0.6,-1.5,0.9,0,0,0,0,0,0,0,0,0
479501,1,0.6,-1.6,0.9,0,0,0,0,0,0,0,0,0
479501,1,0.7,-1.6,0.9,0,0,0,0,0,0,0,0,0
479501,0,0.7,-1.6,0.9,0,0,0,0,0,0,0,0,0
479501,0,0.7,-1.6,0.9,0,0,0,0,0,0,0,0,0
479501,0,0.7,-1.6,0.9,0,0,0,0,0,0,0,0,0
479501,0,0.7,-1.6,0.9,0,0,0,0,0,0,0,0,0
479501,0,0.7,-1.6,0.9,0,0,0,0,0,0,0,0,0
479501,1,0.7,-1.5,0.9,0,0,0,0,0,0,0,0,0
479501,0,0.7,-1.5,0.9,0,0,0,0,0,0,0,0,0
479501,0,0.7,-1.5,0.9,0,0,0,0,0,0,0,0,0
479501,0,0.7,-1.5,0.9,0,0,0,0,0,0,0,0,0
479501,0,0.7,-1.5,0.9,0,0,0,0,0,0,0,0,0
479501,0,0.7,-1.5,0.9,0,0,0,0,0,0,0,0,0
479501,0,0.7,-1.5,0.9,0,0,0,0,0,0,0,0,0
479501,0,0.7,-1.5,0.9,0,0,0,0,0,0,0,0,0
479501,1,0.6,-1.5,0.9,0,0,0,0,0,0,0,0,0
479501,0,0.6,-1.5,0.9,0,0,0,0,0,0,0,0,0
479501,0,0.6,-1.5,0.9,0,0,0,0,0,0,0,0,0
479501,0,0.6,-1.5,0.9,0,0,0,0,0,0,0,0,0
479501,0,0.6,-1.5,0.9,0,0,0,0,0,0,0,0,0
479501,0,0.6,-1.5,0.9,0,0,0,0,0,0,0,0,0
479501,1,0.7,-1.5,0.9,0,0,0,0,0,0,0,0,0
479501,1,0.7,-1.4,0.9,0,0,0,0,0,0,0,0,0
479501,0,0.7,-1.4,0.9,0,0,0,0,0,0,0,0,0
479501,0,0.7,-1.4,0.9,0,0,0,0,0,0,0,0,0
479501,0,0.7,-1.4,0.9,0,0,0,0,0,0,0,0,0
479501,0,0.7,-1.4,0.9,0,0,0,0,0,0,0,0,0
479501,0,0.7,-1.4,0.9,0,0,0,0,0,0,0,0,0
479501,0,0.7,-1.4,0.9,0,0,0,0,0,0,0,0,0
479501,1,0.7,-1.4,1,0,0,0,0,0,0,0,0,0
479501,0,0.7,-1.4,1,0,0,0,0,0,0,0,0,0
479501,0,0.7,-1.4,1,0,0,0,0,0,0,0,0,0
479501,0,0.7,-1.4,1,0,0,0,0,0,0,0,0,0
479501,0,0.7,-1.4,1,0,0,0,0,0,0,0,0,0
479501,0,0.7,-1.4,1,0,0,0,0,0,0,0,0,0
479501,0,0.7,-1.4,1,0,0,0,0,0,0,0,0,0
479501,0,0.7,-1.4,1,0,0,0,0,0,0,0,0,0
479501,0,0.7,-1.4,1,0,0,0,0,0,0,0,0,0
479501,0,0.7,-1.4,1,0,0,0,0,0,0,0,0,0
479502,0,0.7,-1.4,1,0,0,0,0,0,0,0,0,0
479502,0,0.7,-1.4,1,0,0,0,0,0,0,0,0,0
479502,0,0.7,-1.4,1,0,0,0,0,0,0,0,0,0
479502,0,0.7,-1.4,1,0,0,0,0,0,0,0,0,0
479502,0,0.7,-1.4,1,0,0,0,0,0,0,0,0,0
479502,0,0.7,-1.4,1,0,0,0,0,0,0,0,0,0
479502,0,0.7,-1.4,1,0,0,0,0,0,0,0,0,0
479502,0,0.7,-1.4,1,0,0,0,0,0,0,0,0,0
479502,0,0.7,-1.4,1,0,0,0,0,0,0,0,0,0
479502,0,0.7,-1.4,1,0,0,0,0,0,0,0,0,0
479502,0,0.7,-1.4,1,0,0,0,0,0,0,0,0,0
479502,1,0.8,-1.4,1,0,0,0,0,0,0,0,0,0
479502,0,0.8,-1.4,1,0,0,0,0,0,0,0,0,0
479502,0,0.8,-1.4,1,0,0,0,0,0,0,0,0,0
479502,1,0.8,-1.4,1.1,0,0,0,0,0,0,0,0,0
479502,0,0.8,-1.4,1.1,0,0,0,0,0,0,0,0,0
479502,0,0.8,-1.4,1.1,0,0,0,0,0,0,0,0,0
479502,1,0.7,-1.4,1.1,0,0,0,0,0,0,0,0,0
479502,0,0.7,-1.4,1.1,0,0,0,0,0,0,0,0,0
479502,0,0.7,-1.4,1.1,0,0,0,0,0,0,0,0,0
479502,0,0.7,-1.4,1.1,0,0,0,0,0,0,0,0,0
479502,0,0.7,-1.4,1.1,0,0,0,0,0,0,0,0,0
479502,0,0.7,-1.4,1.1,0,0,0,0,0,0,0,0,0
479502,0,0.7,-1.4,1.1,0,0,0,0,0,0,0,0,0
479502,0,0.7,-1.4,1.1,0,0,0,0,0,0,0,0,0
479502,0,0.7,-1.4,1.1,0,0,0,0,0,0,0,0,0
479502,0,0.7,-1.4,1.1,0,0,0,0,0,0,0,0,0
479502,0,0.7,-1.4,1.1,0,0,0,0,0,0,0,0,0
479502,0,0.7,-1.4,1.1,0,0,0,0,0,0,0,0,0
479502,0,0.7,-1.4,1.1,0,0,0,0,0,0,0,0,0
479502,0,0.7,-1.4,1.1,0,0,0,0,0,0,0,0,0
479502,1,0.7,-1.3,1.1,0,0,0,0,0,0,0,0,0
479502,0,0.7,-1.3,1.1,0,0,0,0,0,0,0,0,0
479502,0,0.7,-1.3,1.1,0,0,0,0,0,0,0,0,0
479502,0,0.7,-1.3,1.1,0,0,0,0,0,0,0,0,0
479502,1,0.7,-1.3,1.2,0,0,0,0,0,0,0,0,0
479502,0,0.7,-1.3,1.2,0,0,0,0,0,0,0,0,0
479502,0,0.7,-1.3,1.2,0,0,0,0,0,0,0,0,0
479502,0,0.7,-1.3,1.2,0,0,0,0,0,0,0,0,0
479502,0,0.7,-1.3,1.2,0,0,0,0,0,0,0,0,0
479502,0,0.7,-1.3,1.2,0,0,0,0,0,0,0,0,0
479502,0,0.7,-1.3,1.2,0,0,0,0,0,0,0,0,0
479502,0,0.7,-1.3,1.2,0,0,0,0,0,0,0,0,0
479502,0,0.7,-1.3,1.2,0,0,0,0,0,0,0,0,0
479502,0,0.7,-1.3,1.2,0,0,0,0,0,0,0,0,0
479502,0,0.7,-1.3,1.2,0,0,0,0,0,0,0,0,0
479502,0,0.7,-1.3,1.2,0,0,0,0,0,0,0,0,0
479502,0,0.7,-1.3,1.2,0,0,0,0,0,0,0,0,0
479502,0,0.7,-1.3,1.2,0,0,0,0,0,0,0,0,0
479502,0,0.7,-1.3,1.2,0,0,0,0,0,0,0,0,0
479502,0,0.7,-1.3,1.2,0,0,0,0,0,0,0,0,0
479502,1,0.8,-1.3,1.2,0,0,0,0,0,0,0,0,0
479502,0,0.8,-1.3,1.2,0,0,0,0,0,0,0,0,0
479502,0,0.8,-1.3,1.2,0,0,0,0,0,0,0,0,0
479502,0,0.8,-1.3,1.2,0,0,0,0,0,0,0,0,0
479502,0,0.8,-1.3,1.2,0,0,0,0,0,0,0,0,0
479502,0,0.8,-1.3,1.2,0,0,0,0,0,0,0,0,0
479502,0,0.8,-1.3,1.2,0,0,0,0,0,0,0,0,0
479502,0,0.8,-1.3,1.2,0,0,0,0,0,0,0,0,0
479502,1,0.7,-1.2,1.2,0,0,0,0,0,0,0,0,0
479502,0,0.7,-1.2,1.2,0,0,0,0,0,0,0,0,0
479502,0,0.7,-1.2,1.2,0,0,0,0,0,0,0,0,0
479502,1,0.7,-1.1,1.2,0,0,0,0,0,0,0,0,0
479502,1,0.6,-1,1.1,0,0,0,0,0,0,0,0,0
479502,0,0.6,-1,1.1,0,0,0,0,0,0,0,0,0
479502,1,0.6,-0.9,1.1,0,0,0,0,0,0,0,0,0
479502,1,0.5,-0.8,1.1,0,0,0,0,0,0,0,0,0
479502,0,0.5,-0.8,1.1,0,0,0,0,0,0,0,0,0
479502,1,0.5,-0.7,1,0,0,0,0,0,0,0,0,0
479502,1,0.5,-0.6,1,0,0,0,0,0,0,0,0,0
479502,1,0.4,-0.6,1,0,0,0,0,0,0,0,0,0
479502,1,0.4,-0.5,1.1,0,0,0,0,0,0,0,0,0
479502,1,0.5,-0.4,1.2,0,0,0,0,0,0,0,0,0
479502,1,0.5,-0.4,1.3,0,0,0,0,0,0,0,0,0
479502,0,0.5,-0.4,1.3,0,0,0,0,0,0,0,0,0
479502,1,0.6,-0.3,1.5,0,0,0,0,0,0,0,0,0
479502,1,0.6,-0.2,1.6,0,0,0,0,0,0,0,0,0
479502,1,0.7,-0.2,1.7,0,0,0,0,0,0,0,0,0
479502,1,0.7,-0.2,1.8,0,0,0,0,0,0,0,0,0
479502,1,0.8,-0.1,1.9,0,0,0,0,0,0,0,0,0
479502,0,0.8,-0.1,1.9,0,0,0,0,0,0,0,0,0
479502,1,0.8,-0.1,2,0,0,0,0,0,0,0,0,0
479502,1,0.9,-0.1,2.1,0,0,0,0,0,0,0,0,0
479502,0,0.9,-0.1,2.1,0,0,0,0,0,0,0,0,0
479502,1,0.9,-0.2,2.2,0,0,0,0,0,0,0,0,0
479502,0,0.9,-0.2,2.2,0,0,0,0,0,0,0,0,0
479502,1,0.9,-0.3,2.2,0,0,0,0,0,0,0,0,0
479502,0,0.9,-0.3,2.2,0,0,0,0,0,0,0,0,0
479502,0,0.9,-0.3,2.2,0,0,0,0,0,0,0,0,0
479503,1,0.9,-0.4,2.2,0,0,0,0,0,0,0,0,0
479503,0,0.9,-0.4,2.2,0,0,0,0,0,0,0,0,0
479503,1,0.9,-0.5,2.1,0,0,0,0,0,0,0,0,0
479503,0,0.9,-0.5,2.1,0,0,0,0,0,0,0,0,0
479503,0,0.9,-0.5,2.1,0,0,0,0,0,0,0,0,0
479503,1,0.9,-0.6,2.1,0,0,0,0,0,0,0,0,0
479503,0,0.9,-0.6,2.1,0,0,0,0,0,0,0,0,0
479503,1,1,-0.7,2.1,0,0,0,0,0,0,0,0,0
479503,0,1,-0.7,2.1,0,0,0,0,0,0,0,0,0
479503,0,1,-0.7,2.1,0,0,0,0,0,0,0,0,0
479503,1,1,-0.8,2.1,0,0,0,0,0,0,0,0,0
479503,0,1,-0.8,2.1,0,0,0,0,0,0,0,0,0
479503,0,1,-0.8,2.1,0,0,0,0,0,0,0,0,0
479503,0,1,-0.8,2.1,0,0,0,0,0,0,0,0,0
479503,0,1,-0.8,2.1,0,0,0,0,0,0,0,0,0
479503,0,1,-0.8,2.1,0,0,0,0,0,0,0,0,0
479503,1,1,-0.9,2.1,0,0,0,0,0,0,0,0,0
479503,0,1,-0.9,2.1,0,0,0,0,0,0,0,0,0
479503,0,1,-0.9,2.1,0,0,0,0,0,0,0,0,0
479503,0,1,-0.9,2.1,0,0,0,0,0,0,0,0,0
479503,0,1,-0.9,2.1,0,0,0,0,0,0,0,0,0
479503,0,1,-0.9,2.1,0,0,0,0,0,0,0,0,0
479503,0,1,-0.9,2.1,0,0,0,0,0,0,0,0,0
479503,0,1,-0.9,2.1,0,0,0,0,0,0,0,0,0
479503,0,1,-0.9,2.1,0,0,0,0,0,0,0,0,0
479503,0,1,-0.9,2.1,0,0,0,0,0,0,0,0,0
479503,1,1,-0.9,2.2,0,0,0,0,0,0,0,0,0
479503,1,1,-0.9,2.1,0,0,0,0,0,0,0,0,0
479503,1,1,-0.9,2.2,0,0,0,0,0,0,0,0,0
479503,0,1,-0.9,2.2,0,0,0,0,0,0,0,0,0
479503,1,1,-0.9,2.1,0,0,0,0,0,0,0,0,0
479503,0,1,-0.9,2.1,0,0,0,0,0,0,0,0,0
479503,0,1,-0.9,2.1,0,0,0,0,0,0,0,0,0
479503,1,1,-1,2.1,0,0,0,0,0,0,0,0,0
479503,0,1,-1,2.1,0,0,0,0,0,0,0,0,0
479503,0,1,-1,2.1,0,0,0,0,0,0,0,0,0
479503,0,1,-1,2.1,0,0,0,0,0,0,0,0,0
479503,0,1,-1,2.1,0,0,0,0,0,0,0,0,0
479503,0,1,-1,2.1,0,0,0,0,0,0,0,0,0
479503,0,1,-1,2.1,0,0,0,0,0,0,0,0,0
479503,0,1,-1,2.1,0,0,0,0,0,0,0,0,0
479503,0,1,-1,2.1,0,0,0,0,0,0,0,0,0
479503,0,1,-1,2.1,0,0,0,0,0,0,0,0,0
479503,0,1,-1,2.1,0,0,0,0,0,0,0,0,0
479503,1,1,-0.9,2.1,0,0,0,0,0,0,0,0,0
479503,0,1,-0.9,2.1,0,0,0,0,0,0,0,0,0
479503,0,1,-0.9,2.1,0,0,0,0,0,0,0,0,0
479503,0,1,-0.9,2.1,0,0,0,0,0,0,0,0,0
479503,0,1,-0.9,2.1,0,0,0,0,0,0,0,0,0
479503,1,1,-1,2.1,0,0,0,0,0,0,0,0,0
479503,0,1,-1,2.1,0,0,0,0,0,0,0,0,0
479503,0,1,-1,2.1,0,0,0,0,0,0,0,0,0
479503,0,1,-1,2.1,0,0,0,0,0,0,0,0,0
479503,0,1,-1,2.1,0,0,0,0,0,0,0,0,0
479503,0,1,-1,2.1,0,0,0,0,0,0,0,0,0
479503,0,1,-1,2.1,0,0,0,0,0,0,0,0,0
479503,0,1,-1,2.1,0,0,0,0,0,0,0,0,0
479503,1,1,-1.1,2.1,0,0,0,0,0,0,0,0,0
479503,0,1,-1.1,2.1,0,0,0,0,0,0,0,0,0
479503,0,1,-1.1,2.1,0,0,0,0,0,0,0,0,0
479503,0,1,-1.1,2.1,0,0,0,0,0,0,0,0,0
479503,0,1,-1.1,2.1,0,0,0,0,0,0,0,0,0
479503,1,1,-1,2.1,0,0,0,0,0,0,0,0,0
479503,0,1,-1,2.1,0,0,0,0,0,0,0,0,0
479503,0,1,-1,2.1,0,0,0,0,0,0,0,0,0
479503,0,1,-1,2.1,0,0,0,0,0,0,0,0,0
479503,0,1,-1,2.1,0,0,0,0,0,0,0,0,0
479503,0,1,-1,2.1,0,0,0,0,0,0,0,0,0
479503,0,1,-1,2.1,0,0,0,0,0,0,0,0,0
479503,0,1,-1,2.1,0,0,0,0,0,0,0,0,0
479503,0,1,-1,2.1,0,0,0,0,0,0,0,0,0
479503,0,1,-1,2.1,0,0,0,0,0,0,0,0,0
479503,0,1,-1,2.1,0,0,0,0,0,0,0,0,0
479503,0,1,-1,2.1,0,0,0,0,0,0,0,0,0
479503,0,1,-1,2.1,0,0,0,0,0,0,0,0,0
479503,0,1,-1,2.1,0,0,0,0,0,0,0,0,0
479503,1,1,-1.1,2.1,0,0,0,0,0,0,0,0,0
479503,0,1,-1.1,2.1,0,0,0,0,0,0,0,0,0
479503,0,1,-1.1,2.1,0,0,0,0,0,0,0,0,0
479503,0,1,-1.1,2.1,0,0,0,0,0,0,0,0,0
479503,0,1,-1.1,2.1,0,0,0,0,0,0,0,0,0
479503,0,1,-1.1,2.1,0,0,0,0,0,0,0,0,0
479503,0,1,-1.1,2.1,0,0,0,0,0,0,0,0,0
479503,1,1,-1,2.1,0,0,0,0,0,0,0,0,0
479503,0,1,-1,2.1,0,0,0,0,0,0,0,0,0
479503,0,1,-1,2.1,0,0,0,0,0,0,0,0,0
479503,0,1,-1,2.1,0,0,0,0,0,0,0,0,0
479503,0,1,-1,2.1,0,0,0,0,0,0,0,0,0
479503,0,1,-1,2.1,0,0,0,0,0,0,0,0,0
479504,0,1,-1,2.1,0,0,0,0,0,0,0,0,0
479504,0,1,-1,2.1,0,0,0,0,0,0,0,0,0
479504,0,1,-1,2.1,0,0,0,0,0,0,0,0,0
479504,0,1,-1,2.1,0,0,0,0,0,0,0,0,0
479504,0,1,-1,2.1,0,0,0,0,0,0,0,0,0
479504,0,1,-1,2.1,0,0,0,0,0,0,0,0,0
479504,0,1,-1,2.1,0,0,0,0,0,0,0,0,0
479504,0,1,-1,2.1,0,0,0,0,0,0,0,0,0
479504,1,1,-1.1,2.1,0,0,0,0,0,0,0,0,0
479504,0,1,-1.1,2.1,0,0,0,0,0,0,0,0,0
479504,0,1,-1.1,2.1,0,0,0,0,0,0,0,0,0
479504,0,1,-1.1,2.1,0,0,0,0,0,0,0,0,0
479504,0,1,-1.1,2.1,0,0,0,0,0,0,0,0,0
479504,0,1,-1.1,2.1,0,0,0,0,0,0,0,0,0
479504,1,1,-1,2.1,0,0,0,0,0,0,0,0,0
479504,0,1,-1,2.1,0,0,0,0,0,0,0,0,0
479504,0,1,-1,2.1,0,0,0,0,0,0,0,0,0
479504,0,1,-1,2.1,0,0,0,0,0,0,0,0,0
479504,0,1,-1,2.1,0,0,0,0,0,0,0,0,0
479504,0,1,-1,2.1,0,0,0,0,0,0,0,0,0
479504,0,1,-1,2.1,0,0,0,0,0,0,0,0,0
479504,0,1,-1,2.1,0,0,0,0,0,0,0,0,0
479504,0,1,-1,2.1,0,0,0,0,0,0,0,0,0
479504,0,1,-1,2.1,0,0,0,0,0,0,0,0,0
479504,0,1,-1,2.1,0,0,0,0,0,0,0,0,0
479504,0,1,-1,2.1,0,0,0,0,0,0,0,0,0
479504,0,1,-1,2.1,0,0,0,0,0,0,0,0,0
479504,0,1,-1,2.1,0,0,0,0,0,0,0,0,0
479504,0,1,-1,2.1,0,0,0,0,0,0,0,0,0
479504,1,1,-1.1,2.1,0,0,0,0,0,0,0,0,0
479504,0,1,-1.1,2.1,0,0,0,0,0,0,0,0,0
479504,0,1,-1.1,2.1,0,0,0,0,0,0,0,0,0
479504,0,1,-1.1,2.1,0,0,0,0,0,0,0,0,0
479504,0,1,-1.1,2.1,0,0,0,0,0,0,0,0,0
479504,0,1,-1.1,2.1,0,0,0,0,0,0,0,0,0
479504,0,1,-1.1,2.1,0,0,0,0,0,0,0,0,0
479504,1,1,-1,2.1,0,0,0,0,0,0,0,0,0
479504,0,1,-1,2.1,0,0,0,0,0,0,0,0,0
479504,0,1,-1,2.1,0,0,0,0,0,0,0,0,0
479504,0,1,-1,2.1,0,0,0,0,0,0,0,0,0
479504,0,1,-1,2.1,0,0,0,0,0,0,0,0,0
479504,0,1,-1,2.1,0,0,0,0,0,0,0,0,0
479504,0,1,-1,2.1,0,0,0,0,0,0,0,0,0
479504,0,1,-1,2.1,0,0,0,0,0,0,0,0,0
479504,0,1,-1,2.1,0,0,0,0,0,0,0,0,0
479504,0,1,-1,2.1,0,0,0,0,0,0,0,0,0
479504,0,1,-1,2.1,0,0,0,0,0,0,0,0,0
479504,1,1,-1.1,2.1,0,0,0,0,0,0,0,0,0
479504,0,1,-1.1,2.1,0,0,0,0,0,0,0,0,0
479504,0,1,-1.1,2.1,0,0,0,0,0,0,0,0,0
479504,0,1,-1.1,2.1,0,0,0,0,0,0,0,0,0
479504,0,1,-1.1,2.1,0,0,0,0,0,0,0,0,0
479504,0,1,-1.1,2.1,0,0,0,0,0,0,0,0,0
479504,0,1,-1.1,2.1,0,0,0,0,0,0,0,0,0
479504,0,1,-1.1,2.1,0,0,0,0,0,0,0,0,0
479504,0,1,-1.1,2.1,0,0,0,0,0,0,0,0,0
479504,1,1,-1,2.1,0,0,0,0,0,0,0,0,0
479504,0,1,-1,2.1,0,0,0,0,0,0,0,0,0
479504,0,1,-1,2.1,0,0,0,0,0,0,0,0,0
479504,0,1,-1,2.1,0,0,0,0,0,0,0,0,0
479504,0,1,-1,2.1,0,0,0,0,0,0,0,0,0
479504,0,1,-1,2.1,0,0,0,0,0,0,0,0,0
479504,0,1,-1,2.1,0,0,0,0,0,0,0,0,0
479504,0,1,-1,2.1,0,0,0,0,0,0,0,0,0
479504,0,1,-1,2.1,0,0,0,0,0,0,0,0,0
479504,0,1,-1,2.1,0,0,0,0,0,0,0,0,0
479504,0,1,-1,2.1,0,0,0,0,0,0,0,0,0
479504,0,1,-1,2.1,0,0,0,0,0,0,0,0,0
479504,1,1,-1.1,2.1,0,0,0,0,0,0,0,0,0
479504,0,1,-1.1,2.1,0,0,0,0,0,0,0,0,0
479504,0,1,-1.1,2.1,0,0,0,0,0,0,0,0,0
479504,0,1,-1.1,2.1,0,0,0,0,0,0,0,0,0
479504,0,1,-1.1,2.1,0,0,0,0,0,0,0,0,0
479504,0,1,-1.1,2.1,0,0,0,0,0,0,0,0,0
479504,0,1,-1.1,2.1,0,0,0,0,0,0,0,0,0
479504,1,1,-1,2.1,0,0,0,0,0,0,0,0,0
479504,0,1,-1,2.1,0,0,0,0,0,0,0,0,0
479504,0,1,-1,2.1,0,0,0,0,0,0,0,0,0
479504,0,1,-1,2.1,0,0,0,0,0,0,0,0,0
479504,0,1,-1,2.1,0,0,0,0,0,0,0,0,0
479504,0,1,-1,2.1,0,0,0,0,0,0,0,0,0
479504,0,1,-1,2.1,0,0,0,0,0,0,0,0,0
479504,0,1,-1,2.1,0,0,0,0,0,0,0,0,0
479504,0,1,-1,2.1,0,0,0,0,0,0,0,0,0
479504,0,1,-1,2.1,0,0,0,0,0,0,0,0,0
479504,0,1,-1,2.1,0,0,0,0,0,0,0,0,0
479504,0,1,-1,2.1,0,0,0,0,0,0,0,0,0
479504,0,1,-1,2.1,0,0,0,0,0,0,0,0,0
479504,0,1,-1,2.1,0,0,0,0,0,0,0,0,0
479504,1,1,-1.1,2.1,0,0,0,0,0,0,0,0,0
479505,0,1,-1.1,2.1,0,0,0,0,0,0,0,0,0
479505,0,1,-1.1,2.1,0,0,0,0,0,0,0,0,0
479505,0,1,-1.1,2.1,0,0,0,0,0,0,0,0,0
479505,0,1,-1.1,2.1,0,0,0,0,0,0,0,0,0
479505,1,1,-1,2.1,0,0,0,0,0,0,0,0,0
479505,0,1,-1,2.1,0,0,0,0,0,0,0,0,0
479505,0,1,-1,2.1,0,0,0,0,0,0,0,0,0
479505,0,1,-1,2.1,0,0,0,0,0,0,0,0,0
479505,0,1,-1,2.1,0,0,0,0,0,0,0,0,0
479505,0,1,-1,2.1,0,0,0,0,0,0,0,0,0
479505,0,1,-1,2.1,0,0,0,0,0,0,0,0,0
479505,0,1,-1,2.1,0,0,0,0,0,0,0,0,0
479505,0,1,-1,2.1,0,0,0,0,0,0,0,0,0
479505,0,1,-1,2.1,0,0,0,0,0,0,0,0,0
479505,0,1,-1,2.1,0,0,0,0,0,0,0,0,0
479505,0,1,-1,2.1,0,0,0,0,0,0,0,0,0
479505,1,1,-1.1,2.1,0,0,0,0,0,0,0,0,0
479505,0,1,-1.1,2.1,0,0,0,0,0,0,0,0,0
479505,1,1,-1.1,2,0,0,0,0,0,0,0,0,0
479505,0,1,-1.1,2,0,0,0,0,0,0,0,0,0
479505,0,1,-1.1,2,0,0,0,0,0,0,0,0,0
479505,0,1,-1.1,2,0,0,0,0,0,0,0,0,0
479505,0,1,-1.1,2,0,0,0,0,0,0,0,0,0
479505,0,1,-1.1,2,0,0,0,0,0,0,0,0,0
479505,1,1,-1.1,2.1,0,0,0,0,0,0,0,0,0
479505,0,1,-1.1,2.1,0,0,0,0,0,0,0,0,0
479505,0,1,-1.1,2.1,0,0,0,0,0,0,0,0,0
479505,1,1,-1,2.1,0,0,0,0,0,0,0,0,0
479505,0,1,-1,2.1,0,0,0,0,0,0,0,0,0
479505,0,1,-1,2.1,0,0,0,0,0,0,0,0,0
479505,0,1,-1,2.1,0,0,0,0,0,0,0,0,0
479505,0,1,-1,2.1,0,0,0,0,0,0,0,0,0
479505,0,1,-1,2.1,0,0,0,0,0,0,0,0,0
479505,0,1,-1,2.1,0,0,0,0,0,0,0,0,0
479505,0,1,-1,2.1,0,0,0,0,0,0,0,0,0
479505,1,1,-1.1,2.1,0,0,0,0,0,0,0,0,0
479505,0,1,-1.1,2.1,0,0,0,0,0,0,0,0,0
479505,0,1,-1.1,2.1,0,0,0,0,0,0,0,0,0
479505,0,1,-1.1,2.1,0,0,0,0,0,0,0,0,0
479505,0,1,-1.1,2.1,0,0,0,0,0,0,0,0,0
479505,0,1,-1.1,2.1,0,0,0,0,0,0,0,0,0
479505,0,1,-1.1,2.1,0,0,0,0,0,0,0,0,0
479505,0,1,-1.1,2.1,0,0,0,0,0,0,0,0,0
479505,0,1,-1.1,2.1,0,0,0,0,0,0,0,0,0
479505,1,1,-1,2.1,0,0,0,0,0,0,0,0,0
479505,0,1,-1,2.1,0,0,0,0,0,0,0,0,0
479505,0,1,-1,2.1,0,0,0,0,0,0,0,0,0
479505,0,1,-1,2.1,0,0,0,0,0,0,0,0,0
479505,0,1,-1,2.1,0,0,0,0,0,0,0,0,0
479505,0,1,-1,2.1,0,0,0,0,0,0,0,0,0
479505,0,1,-1,2.1,0,0,0,0,0,0,0,0,0
479505,0,1,-1,2.1,0,0,0,0,0,0,0,0,0
479505,0,1,-1,2.1,0,0,0,0,0,0,0,0,0
479505,1,1,-1.1,2.1,0,0,0,0,0,0,0,0,0
479505,0,1,-1.1,2.1,0,0,0,0,0,0,0,0,0
479505,1,1,-1.1,2,0,0,0,0,0,0,0,0,0
479505,0,1,-1.1,2,0,0,0,0,0,0,0,0,0
479505,1,1,-1.1,2.1,0,0,0,0,0,0,0,0,0
479505,0,1,-1.1,2.1,0,0,0,0,0,0,0,0,0
479505,0,1,-1.1,2.1,0,0,0,0,0,0,0,0,0
479505,0,1,-1.1,2.1,0,0,0,0,0,0,0,0,0
479505,0,1,-1.1,2.1,0,0,0,0,0,0,0,0,0
479505,1,1,-1,2.1,0,0,0,0,0,0,0,0,0
479505,0,1,-1,2.1,0,0,0,0,0,0,0,0,0
479505,0,1,-1,2.1,0,0,0,0,0,0,0,0,0
479505,0,1,-1,2.1,0,0,0,0,0,0,0,0,0
479505,0,1,-1,2.1,0,0,0,0,0,0,0,0,0
479505,0,1,-1,2.1,0,0,0,0,0,0,0,0,0
479505,0,1,-1,2.1,0,0,0,0,0,0,0,0,0
479505,0,1,-1,2.1,0,0,0,0,0,0,0,0,0
479505,1,1,-1.1,2.1,0,0,0,0,0,0,0,0,0
479505,0,1,-1.1,2.1,0,0,0,0,0,0,0,0,0
479505,0,1,-1.1,2.1,0,0,0,0,0,0,0,0,0
479505,0,1,-1.1,2.1,0,0,0,0,0,0,0,0,0
479505,0,1,-1.1,2.1,0,0,0,0,0,0,0,0,0
479505,0,1,-1.1,2.1,0,0,0,0,0,0,0,0,0
479505,0,1,-1.1,2.1,0,0,0,0,0,0,0,0,0
479505,0,1,-1.1,2.1,0,0,0,0,0,0,0,0,0
479505,0,1,-1.1,2.1,0,0,0,0,0,0,0,0,0
479505,0,1,-1.1,2.1,0,0,0,0,0,0,0,0,0
479505,0,1,-1.1,2.1,0,0,0,0,0,0,0,0,0
479505,0,1,-1.1,2.1,0,0,0,0,0,0,0,0,0
479505,1,1,-1,2.1,0,0,0,0,0,0,0,0,0
479505,0,1,-1,2.1,0,0,0,0,0,0,0,0,0
479505,0,1,-1,2.1,0,0,0,0,0,0,0,0,0
479505,0,1,-1,2.1,0,0,0,0,0,0,0,0,0
479505,0,1,-1,2.1,0,0,0,0,0,0,0,0,0
479505,0,1,-1,2.1,0,0,0,0,0,0,0,0,0
479505,0,1,-1,2.1,0,0,0,0,0,0,0,0,0
479506,0,1,-1,2.1,0,0,0,0,0,0,0,0,0
479506,0,1,-1,2.1,0,0,0,0,0,0,0,0,0
479506,1,1,-1.1,2.1,0,0,0,0,0,0,0,0,0
479506,0,1,-1.1,2.1,0,0,0,0,0,0,0,0,0
479506,0,1,-1.1,2.1,0,0,0,0,0,0,0,0,0
479506,0,1,-1.1,2.1,0,0,0,0,0,0,0,0,0
479506,0,1,-1.1,2.1,0,0,0,0,0,0,0,0,0
479506,1,1,-1.1,2,0,0,0,0,0,0,0,0,0
479506,1,1,-1.1,2.1,0,0,0,0,0,0,0,0,0
479506,0,1,-1.1,2.1,0,0,0,0,0,0,0,0,0
479506,0,1,-1.1,2.1,0,0,0,0,0,0,0,0,0
479506,0,1,-1.1,2.1,0,0,0,0,0,0,0,0,0
479506,0,1,-1.1,2.1,0,0,0,0,0,0,0,0,0
479506,1,1,-1,2.1,0,0,0,0,0,0,0,0,0
479506,0,1,-1,2.1,0,0,0,0,0,0,0,0,0
479506,0,1,-1,2.1,0,0,0,0,0,0,0,0,0
479506,0,1,-1,2.1,0,0,0,0,0,0,0,0,0
479506,0,1,-1,2.1,0,0,0,0,0,0,0,0,0
479506,0,1,-1,2.1,0,0,0,0,0,0,0,0,0
479506,0,1,-1,2.1,0,0,0,0,0,0,0,0,0
479506,0,1,-1,2.1,0,0,0,0,0,0,0,0,0
479506,1,1,-1.1,2.1,0,0,0,0,0,0,0,0,0
479506,0,1,-1.1,2.1,0,0,0,0,0,0,0,0,0
479506,0,1,-1.1,2.1,0,0,0,0,0,0,0,0,0
479506,0,1,-1.1,2.1,0,0,0,0,0,0,0,0,0
479506,1,1,-1.1,2,0,0,0,0,0,0,0,0,0
479506,0,1,-1.1,2,0,0,0,0,0,0,0,0,0
479506,1,1,-1.1,2.1,0,0,0,0,0,0,0,0,0
479506,0,1,-1.1,2.1,0,0,0,0,0,0,0,0,0
479506,0,1,-1.1,2.1,0,0,0,0,0,0,0,0,0
479506,0,1,-1.1,2.1,0,0,0,0,0,0,0,0,0
479506,1,1,-1,2.1,0,0,0,0,0,0,0,0,0
479506,0,1,-1,2.1,0,0,0,0,0,0,0,0,0
479506,0,1,-1,2.1,0,0,0,0,0,0,0,0,0
479506,0,1,-1,2.1,0,0,0,0,0,0,0,0,0
479506,0,1,-1,2.1,0,0,0,0,0,0,0,0,0
479506,0,1,-1,2.1,0,0,0,0,0,0,0,0,0
479506,0,1,-1,2.1,0,0,0,0,0,0,0,0,0
479506,0,1,-1,2.1,0,0,0,0,0,0,0,0,0
479506,1,1,-1.1,2.1,0,0,0,0,0,0,0,0,0
479506,0,1,-1.1,2.1,0,0,0,0,0,0,0,0,0
479506,0,1,-1.1,2.1,0,0,0,0,0,0,0,0,0
479506,0,1,-1.1,2.1,0,0,0,0,0,0,0,0,0
479506,0,1,-1.1,2.1,0,0,0,0,0,0,0,0,0
479506,0,1,-1.1,2.1,0,0,0,0,0,0,0,0,0
479506,0,1,-1.1,2.1,0,0,0,0,0,0,0,0,0
479506,0,1,-1.1,2.1,0,0,0,0,0,0,0,0,0
479506,0,1,-1.1,2.1,0,0,0,0,0,0,0,0,0
479506,0,1,-1.1,2.1,0,0,0,0,0,0,0,0,0
479506,0,1,-1.1,2.1,0,0,0,0,0,0,0,0,0
479506,1,1,-1,2.1,0,0,0,0,0,0,0,0,0
479506,0,1,-1,2.1,0,0,0,0,0,0,0,0,0
479506,0,1,-1,2.1,0,0,0,0,0,0,0,0,0
479506,0,1,-1,2.1,0,0,0,0,0,0,0,0,0
479506,0,1,-1,2.1,0,0,0,0,0,0,0,0,0
479506,0,1,-1,2.1,0,0,0,0,0,0,0,0,0
479506,0,1,-1,2.1,0,0,0,0,0,0,0,0,0
479506,0,1,-1,2.1,0,0,0,0,0,0,0,0,0
479506,1,1,-1.1,2.1,0,0,0,0,0,0,0,0,0
479506,0,1,-1.1,2.1,0,0,0,0,0,0,0,0,0
479506,0,1,-1.1,2.1,0,0,0,0,0,0,0,0,0
479506,0,1,-1.1,2.1,0,0,0,0,0,0,0,0,0
479506,0,1,-1.1,2.1,0,0,0,0,0,0,0,0,0
479506,0,1,-1.1,2.1,0,0,0,0,0,0,0,0,0
479506,0,1,-1.1,2.1,0,0,0,0,0,0,0,0,0
479506,0,1,-1.1,2.1,0,0,0,0,0,0,0,0,0
479506,0,1,-1.1,2.1,0,0,0,0,0,0,0,0,0
479506,0,1,-1.1,2.1,0,0,0,0,0,0,0,0,0
479506,1,1,-1,2.1,0,0,0,0,0,0,0,0,0
479506,0,1,-1,2.1,0,0,0,0,0,0,0,0,0
479506,0,1,-1,2.1,0,0,0,0,0,0,0,0,0
479506,0,1,-1,2.1,0,0,0,0,0,0,0,0,0
479506,0,1,-1,2.1,0,0,0,0,0,0,0,0,0
479506,0,1,-1,2.1,0,0,0,0,0,0,0,0,0
479506,0,1,-1,2.1,0,0,0,0,0,0,0,0,0
479506,1,1,-1.1,2.1,0,0,0,0,0,0,0,0,0
479506,0,1,-1.1,2.1,0,0,0,0,0,0,0,0,0
479506,0,1,-1.1,2.1,0,0,0,0,0,0,0,0,0
479506,0,1,-1.1,2.1,0,0,0,0,0,0,0,0,0
479506,0,1,-1.1,2.1,0,0,0,0,0,0,0,0,0
479506,0,1,-1.1,2.1,0,0,0,0,0,0,0,0,0
479506,0,1,-1.1,2.1,0,0,0,0,0,0,0,0,0
479506,0,1,-1.1,2.1,0,0,0,0,0,0,0,0,0
479506,0,1,-1.1,2.1,0,0,0,0,0,0,0,0,0
479506,0,1,-1.1,2.1,0,0,0,0,0,0,0,0,0
479506,0,1,-1.1,2.1,0,0,0,0,0,0,0,0,0
479506,1,1,-1,2.1,0,0,0,0,0,0,0,0,0
479506,0,1,-1,2.1,0,0,0,0,0,0,0,0,0
479506,0,1,-1,2.1,0,0,0,0,0,0,0,0,0
479507,0,1,-1,2.1,0,0,0,0,0,0,0,0,0
479507,0,1,-1,2.1,0,0,0,0,0,0,0,0,0
479507,0,1,-1,2.1,0,0,0,0,0,0,0,0,0
479507,0,1,-1,2.1,0,0,0,0,0,0,0,0,0
479507,0,1,-1,2.1,0,0,0,0,0,0,0,0,0
479507,0,1,-1,2.1,0,0,0,0,0,0,0,0,0
479507,1,1,-1.1,2.1,0,0,0,0,0,0,0,0,0
479507,0,1,-1.1,2.1,0,0,0,0,0,0,0,0,0
479507,0,1,-1.1,2.1,0,0,0,0,0,0,0,0,0
479507,0,1,-1.1,2.1,0,0,0,0,0,0,0,0,0
479507,0,1,-1.1,2.1,0,0,0,0,0,0,0,0,0
479507,0,1,-1.1,2.1,0,0,0,0,0,0,0,0,0
479507,0,1,-1.1,2.1,0,0,0,0,0,0,0,0,0
479507,0,1,-1.1,2.1,0,0,0,0,0,0,0,0,0
479507,1,1,-1,2.1,0,0,0,0,0,0,0,0,0
479507,0,1,-1,2.1,0,0,0,0,0,0,0,0,0
479507,0,1,-1,2.1,0,0,0,0,0,0,0,0,0
479507,0,1,-1,2.1,0,0,0,0,0,0,0,0,0
479507,0,1,-1,2.1,0,0,0,0,0,0,0,0,0
479507,0,1,-1,2.1,0,0,0,0,0,0,0,0,0
479507,0,1,-1,2.1,0,0,0,0,0,0,0,0,0
479507,0,1,-1,2.1,0,0,0,0,0,0,0,0,0
479507,1,1,-1.1,2.1,0,0,0,0,0,0,0,0,0
479507,0,1,-1.1,2.1,0,0,0,0,0,0,0,0,0
479507,0,1,-1.1,2.1,0,0,0,0,0,0,0,0,0
479507,0,1,-1.1,2.1,0,0,0,0,0,0,0,0,0
479507,0,1,-1.1,2.1,0,0,0,0,0,0,0,0,0
479507,0,1,-1.1,2.1,0,0,0,0,0,0,0,0,0
479507,0,1,-1.1,2.1,0,0,0,0,0,0,0,0,0
479507,0,1,-1.1,2.1,0,0,0,0,0,0,0,0,0
479507,0,1,-1.1,2.1,0,0,0,0,0,0,0,0,0
479507,1,1,-1,2.1,0,0,0,0,0,0,0,0,0
479507,0,1,-1,2.1,0,0,0,0,0,0,0,0,0
479507,0,1,-1,2.1,0,0,0,0,0,0,0,0,0
479507,0,1,-1,2.1,0,0,0,0,0,0,0,0,0
479507,0,1,-1,2.1,0,0,0,0,0,0,0,0,0
479507,0,1,-1,2.1,0,0,0,0,0,0,0,0,0
479507,0,1,-1,2.1,0,0,0,0,0,0,0,0,0
479507,0,1,-1,2.1,0,0,0,0,0,0,0,0,0
479507,0,1,-1,2.1,0,0,0,0,0,0,0,0,0
479507,0,1,-1,2.1,0,0,0,0,0,0,0,0,0
479507,0,1,-1,2.1,0,0,0,0,0,0,0,0,0
479507,1,1,-1.1,2.1,0,0,0,0,0,0,0,0,0
479507,0,1,-1.1,2.1,0,0,0,0,0,0,0,0,0
479507,0,1,-1.1,2.1,0,0,0,0,0,0,0,0,0
479507,1,1,-1.1,2,0,0,0,0,0,0,0,0,0
479507,0,1,-1.1,2,0,0,0,0,0,0,0,0,0
479507,0,1,-1.1,2,0,0,0,0,0,0,0,0,0
479507,0,1,-1.1,2,0,0,0,0,0,0,0,0,0
479507,0,1,-1.1,2,0,0,0,0,0,0,0,0,0
479507,1,1,-1.1,2.1,0,0,0,0,0,0,0,0,0
479507,0,1,-1.1,2.1,0,0,0,0,0,0,0,0,0
479507,0,1,-1.1,2.1,0,0,0,0,0,0,0,0,0
479507,0,1,-1.1,2.1,0,0,0,0,0,0,0,0,0
479507,0,1,-1.1,2.1,0,0,0,0,0,0,0,0,0
479507,1,1,-1,2.1,0,0,0,0,0,0,0,0,0
479507,0,1,-1,2.1,0,0,0,0,0,0,0,0,0
479507,0,1,-1,2.1,0,0,0,0,0,0,0,0,0
479507,1,1,-1.1,2.1,0,0,0,0,0,0,0,0,0
479507,0,1,-1.1,2.1,0,0,0,0,0,0,0,0,0
479507,0,1,-1.1,2.1,0,0,0,0,0,0,0,0,0
479507,0,1,-1.1,2.1,0,0,0,0,0,0,0,0,0
479507,0,1,-1.1,2.1,0,0,0,0,0,0,0,0,0
479507,0,1,-1.1,2.1,0,0,0,0,0,0,0,0,0
479507,0,1,-1.1,2.1,0,0,0,0,0,0,0,0,0
479507,1,1,-1.1,2,0,0,0,0,0,0,0,0,0
479507,0,1,-1.1,2,0,0,0,0,0,0,0,0,0
479507,0,1,-1.1,2,0,0,0,0,0,0,0,0,0
479507,1,1,-1.1,2.1,0,0,0,0,0,0,0,0,0
479507,0,1,-1.1,2.1,0,0,0,0,0,0,0,0,0
479507,0,1,-1.1,2.1,0,0,0,0,0,0,0,0,0
479507,0,1,-1.1,2.1,0,0,0,0,0,0,0,0,0
479507,0,1,-1.1,2.1,0,0,0,0,0,0,0,0,0
479507,1,1,-1,2.1,0,0,0,0,0,0,0,0,0
479507,0,1,-1,2.1,0,0,0,0,0,0,0,0,0
479507,0,1,-1,2.1,0,0,0,0,0,0,0,0,0
479507,0,1,-1,2.1,0,0,0,0,0,0,0,0,0
479507,0,1,-1,2.1,0,0,0,0,0,0,0,0,0
479507,0,1,-1,2.1,0,0,0,0,0,0,0,0,0
479507,0,1,-1,2.1,0,0,0,0,0,0,0,0,0
479507,1,1,-1.1,2.1,0,0,0,0,0,0,0,0,0
479507,0,1,-1.1,2.1,0,0,0,0,0,0,0,0,0
479507,0,1,-1.1,2.1,0,0,0,0,0,0,0,0,0
479507,0,1,-1.1,2.1,0,0,0,0,0,0,0,0,0
479507,0,1,-1.1,2.1,0,0,0,0,0,0,0,0,0
479507,1,1,-1.1,2,0,0,0,0,0,0,0,0,0
479507,0,1,-1.1,2,0,0,0,0,0,0,0,0,0
479507,0,1,-1.1,2,0,0,0,0,0,0,0,0,0
479507,0,1,-1.1,2,0,0,0,0,0,0,0,0,0
479508,1,1,-1.1,2.1,0,0,0,0,0,0,0,0,0
479508,0,1,-1.1,2.1,0,0,0,0,0,0,0,0,0
479508,0,1,-1.1,2.1,0,0,0,0,0,0,0,0,0
479508,1,1,-1,2.1,0,0,0,0,0,0,0,0,0
479508,0,1,-1,2.1,0,0,0,0,0,0,0,0,0
479508,0,1,-1,2.1,0,0,0,0,0,0,0,0,0
479508,0,1,-1,2.1,0,0,0,0,0,0,0,0,0
479508,0,1,-1,2.1,0,0,0,0,0,0,0,0,0
479508,0,1,-1,2.1,0,0,0,0,0,0,0,0,0
479508,0,1,-1,2.1,0,0,0,0,0,0,0,0,0
479508,0,1,-1,2.1,0,0,0,0,0,0,0,0,0
479508,0,1,-1,2.1,0,0,0,0,0,0,0,0,0
479508,0,1,-1,2.1,0,0,0,0,0,0,0,0,0
479508,1,1,-1.1,2.1,0,0,0,0,0,0,0,0,0
479508,0,1,-1.1,2.1,0,0,0,0,0,0,0,0,0
479508,0,1,-1.1,2.1,0,0,0,0,0,0,0,0,0
479508,0,1,-1.1,2.1,0,0,0,0,0,0,0,0,0
479508,0,1,-1.1,2.1,0,0,0,0,0,0,0,0,0
479508,0,1,-1.1,2.1,0,0,0,0,0,0,0,0,0
479508,0,1,-1.1,2.1,0,0,0,0,0,0,0,0,0
479508,0,1,-1.1,2.1,0,0,0,0,0,0,0,0,0
479508,1,1,-1.1,2,0,0,0,0,0,0,0,0,0
479508,1,0.9,-1,2,0,0,0,0,0,0,0,0,0
479508,1,0.8,-1,1.8,0,0,0,0,0,0,0,0,0
479508,1,0.7,-1,1.7,0,0,0,0,0,0,0,0,0
479508,1,0.6,-0.9,1.5,0,0,0,0,0,0,0,0,0
479508,0,0.6,-0.9,1.5,0,0,0,0,0,0,0,0,0
479508,1,0.5,-0.8,1.3,0,0,0,0,0,0,0,0,0
479508,1,0.4,-0.7,1,0,0,0,0,0,0,0,0,0
479508,1,-0.4,-0.4,0.6,0,0,0,0,0,0,0,0,0
479508,1,-0.3,-0.4,0.8,0,0,0,0,0,0,0,0,0
479508,1,0,0,0,0,0,0,0,0,0,0,0,0
479508,0,0,0,0,0,0,0,0,0,0,0,0,0
479508,0,0,0,0,0,0,0,0,0,0,0,0,0
479508,0,0,0,0,0,0,0,0,0,0,0,0,0
479508,0,0,0,0,0,0,0,0,0,0,0,0,0
479508,0,0,0,0,0,0,0,0,0,0,0,0,0
479508,0,0,0,0,0,0,0,0,0,0,0,0,0
479508,0,0,0,0,0,0,0,0,0,0,0,0,0
479508,0,0,0,0,0,0,0,0,0,0,0,0,0
479508,0,0,0,0,0,0,0,0,0,0,0,0,0
479508,0,0,0,0,0,0,0,0,0,0,0,0,0
479508,0,0,0,0,0,0,0,0,0,0,0,0,0
479508,0,0,0,0,0,0,0,0,0,0,0,0,0
479508,0,0,0,0,0,0,0,0,0,0,0,0,0
479508,0,0,0,0,0,0,0,0,0,0,0,0,0
479508,0,0,0,0,0,0,0,0,0,0,0,0,0
479508,0,0,0,0,0,0,0,0,0,0,0,0,0
479508,0,0,0,0,0,0,0,0,0,0,0,0,0
479508,0,0,0,0,0,0,0,0,0,0,0,0,0
479508,0,0,0,0,0,0,0,0,0,0,0,0,0
479508,0,0,0,0,0,0,0,0,0,0,0,0,0
479508,0,0,0,0,0,0,0,0,0,0,0,0,0
479508,0,0,0,0,0,0,0,0,0,0,0,0,0
479508,0,0,0,0,0,0,0,0,0,0,0,0,0
479508,0,0,0,0,0,0,0,0,0,0,0,0,0
479508,0,0,0,0,0,0,0,0,0,0,0,0,0
479508,0,0,0,0,0,0,0,0,0,0,0,0,0
479508,0,0,0,0,0,0,0,0,0,0,0,0,0
479508,0,0,0,0,0,0,0,0,0,0,0,0,0
479508,0,0,0,0,0,0,0,0,0,0,0,0,0
479508,0,0,0,0,0,0,0,0,0,0,0,0,0
479508,0,0,0,0,0,0,0,0,0,0,0,0,0
479508,0,0,0,0,0,0,0,0,0,0,0,0,0
479508,0,0,0,0,0,0,0,0,0,0,0,0,0
479508,0,0,0,0,0,0,0,0,0,0,0,0,0
479508,0,0,0,0,0,0,0,0,0,0,0,0,0
479508,0,0,0,0,0,0,0,0,0,0,0,0,0
479508,0,0,0,0,0,0,0,0,0,0,0,0,0
479508,0,0,0,0,0,0,0,0,0,0,0,0,0
479508,0,0,0,0,0,0,0,0,0,0,0,0,0
479508,0,0,0,0,0,0,0,0,0,0,0,0,0
479508,0,0,0,0,0,0,0,0,0,0,0,0,0
479508,0,0,0,0,0,0,0,0,0,0,0,0,0
479508,0,0,0,0,0,0,0,0,0,0,0,0,0
479508,0,0,0,0,0,0,0,0,0,0,0,0,0
479508,0,0,0,0,0,0,0,0,0,0,0,0,0
479508,0,0,0,0,0,0,0,0,0,0,0,0,0
479508,0,0,0,0,0,0,0,0,0,0,0,0,0
479508,0,0,0,0,0,0,0,0,0,0,0,0,0
479508,0,0,0,0,0,0,0,0,0,0,0,0,0
479508,0,0,0,0,0,0,0,0,0,0,0,0,0
479508,0,0,0,0,0,0,0,0,0,0,0,0,0
479508,0,0,0,0,0,0,0,0,0,0,0,0,0
479508,0,0,0,0,0,0,0,0,0,0,0,0,0
479508,0,0,0,0,0,0,0,0,0,0,0,0,0
479508,0,0,0,0,0,0,0,0,0,0,0,0,0
479508,0,0,0,0,0,0,0,0,0,0,0,0,0
479508,0,0,0,0,0,0,0,0,0,0,0,0,0
479508,0,0,0,0,0,0,0,0,0,0,0,0,0
479509,0,0,0,0,0,0,0,0,0,0,0,0,0
479509,0,0,0,0,0,0,0,0,0,0,0,0,0
479509,0,0,0,0,0,0,0,0,0,0,0,0,0
479509,0,0,0,0,0,0,0,0,0,0,0,0,0
479509,0,0,0,0,0,0,0,0,0,0,0,0,0
479509,0,0,0,0,0,0,0,0,0,0,0,0,0
479509,0,0,0,0,0,0,0,0,0,0,0,0,0
479509,0,0,0,0,0,0,0,0,0,0,0,0,0
479509,0,0,0,0,0,0,0,0,0,0,0,0,0
479509,0,0,0,0,0,0,0,0,0,0,0,0,0
479509,0,0,0,0,0,0,0,0,0,0,0,0,0
479509,0,0,0,0,0,0,0,0,0,0,0,0,0
479509,0,0,0,0,0,0,0,0,0,0,0,0,0
479509,0,0,0,0,0,0,0,0,0,0,0,0,0
479509,0,0,0,0,0,0,0,0,0,0,0,0,0
479509,0,0,0,0,0,0,0,0,0,0,0,0,0
479509,0,0,0,0,0,0,0,0,0,0,0,0,0
479509,0,0,0,0,0,0,0,0,0,0,0,0,0
479509,0,0,0,0,0,0,0,0,0,0,0,0,0
479509,0,0,0,0,0,0,0,0,0,0,0,0,0
479509,0,0,0,0,0,0,0,0,0,0,0,0,0
479509,0,0,0,0,0,0,0,0,0,0,0,0,0
479509,0,0,0,0,0,0,0,0,0,0,0,0,0
479509,0,0,0,0,0,0,0,0,0,0,0,0,0
479509,0,0,0,0,0,0,0,0,0,0,0,0,0
479509,0,0,0,0,0,0,0,0,0,0,0,0,0
479509,0,0,0,0,0,0,0,0,0,0,0,0,0
479509,0,0,0,0,0,0,0,0,0,0,0,0,0
479509,0,0,0,0,0,0,0,0,0,0,0,0,0
479509,0,0,0,0,0,0,0,0,0,0,0,0,0
479509,0,0,0,0,0,0,0,0,0,0,0,0,0
479509,0,0,0,0,0,0,0,0,0,0,0,0,0
479509,0,0,0,0,0,0,0,0,0,0,0,0,0
479509,0,0,0,0,0,0,0,0,0,0,0,0,0
479509,0,0,0,0,0,0,0,0,0,0,0,0,0
479509,0,0,0,0,0,0,0,0,0,0,0,0,0
479509,0,0,0,0,0,0,0,0,0,0,0,0,0
479509,0,0,0,0,0,0,0,0,0,0,0,0,0
479509,0,0,0,0,0,0,0,0,0,0,0,0,0
479509,0,0,0,0,0,0,0,0,0,0,0,0,0
479509,0,0,0,0,0,0,0,0,0,0,0,0,0
479509,0,0,0,0,0,0,0,0,0,0,0,0,0
479509,0,0,0,0,0,0,0,0,0,0,0,0,0
479509,0,0,0,0,0,0,0,0,0,0,0,0,0
479509,0,0,0,0,0,0,0,0,0,0,0,0,0
479509,0,0,0,0,0,0,0,0,0,0,0,0,0
479509,0,0,0,0,0,0,0,0,0,0,0,0,0
479509,0,0,0,0,0,0,0,0,0,0,0,0,0
479509,0,0,0,0,0,0,0,0,0,0,0,0,0
479509,0,0,0,0,0,0,0,0,0,0,0,0,0
479509,0,0,0,0,0,0,0,0,0,0,0,0,0
479509,0,0,0,0,0,0,0,0,0,0,0,0,0
479509,0,0,0,0,0,0,0,0,0,0,0,0,0
479509,0,0,0,0,0,0,0,0,0,0,0,0,0
479509,0,0,0,0,0,0,0,0,0,0,0,0,0
479509,0,0,0,0,0,0,0,0,0,0,0,0,0
479509,0,0,0,0,0,0,0,0,0,0,0,0,0
479509,0,0,0,0,0,0,0,0,0,0,0,0,0
479509,0,0,0,0,0,0,0,0,0,0,0,0,0
479509,0,0,0,0,0,0,0,0,0,0,0,0,0
479509,0,0,0,0,0,0,0,0,0,0,0,0,0
479509,0,0,0,0,0,0,0,0,0,0,0,0,0
479509,0,0,0,0,0,0,0,0,0,0,0,0,0
479509,0,0,0,0,0,0,0,0,0,0,0,0,0
479509,0,0,0,0,0,0,0,0,0,0,0,0,0
479509,0,0,0,0,0,0,0,0,0,0,0,0,0
479509,0,0,0,0,0,0,0,0,0,0,0,0,0
479509,0,0,0,0,0,0,0,0,0,0,0,0,0
479509,0,0,0,0,0,0,0,0,0,0,0,0,0
479509,0,0,0,0,0,0,0,0,0,0,0,0,0
479509,0,0,0,0,0,0,0,0,0,0,0,0,0
479509,0,0,0,0,0,0,0,0,0,0,0,0,0
479509,0,0,0,0,0,0,0,0,0,0,0,0,0
479509,0,0,0,0,0,0,0,0,0,0,0,0,0
479509,0,0,0,0,0,0,0,0,0,0,0,0,0
479509,0,0,0,0,0,0,0,0,0,0,0,0,0
479509,0,0,0,0,0,0,0,0,0,0,0,0,0
479509,0,0,0,0,0,0,0,0,0,0,0,0,0
479509,0,0,0,0,0,0,0,0,0,0,0,0,0
479509,0,0,0,0,0,0,0,0,0,0,0,0,0
479509,0,0,0,0,0,0,0,0,0,0,0,0,0
479509,0,0,0,0,0,0,0,0,0,0,0,0,0
479509,0,0,0,0,0,0,0,0,0,0,0,0,0
479509,0,0,0,0,0,0,0,0,0,0,0,0,0
479509,0,0,0,0,0,0,0,0,0,0,0,0,0
479509,0,0,0,0,0,0,0,0,0,0,0,0,0
479509,0,0,0,0,0,0,0,0,0,0,0,0,0
479509,0,0,0,0,0,0,0,0,0,0,0,0,0
479509,0,0,0,0,0,0,0,0,0,0,0,0,0
479509,0,0,0,0,0,0,0,0,0,0,0,0,0
479510,0,0,0,0,0,0,0,0,0,0,0,0,0
479510,0,0,0,0,0,0,0,0,0,0,0,0,0
479510,0,0,0,0,0,0,0,0,0,0,0,0,0
479510,0,0,0,0,0,0,0,0,0,0,0,0,0
479510,0,0,0,0,0,0,0,0,0,0,0,0,0
479510,0,0,0,0,0,0,0,0,0,0,0,0,0
479510,0,0,0,0,0,0,0,0,0,0,0,0,0
479510,0,0,0,0,0,0,0,0,0,0,0,0,0
479510,0,0,0,0,0,0,0,0,0,0,0,0,0
479510,0,0,0,0,0,0,0,0,0,0,0,0,0
479510,0,0,0,0,0,0,0,0,0,0,0,0,0
479510,0,0,0,0,0,0,0,0,0,0,0,0,0
479510,0,0,0,0,0,0,0,0,0,0,0,0,0
479510,0,0,0,0,0,0,0,0,0,0,0,0,0
479510,0,0,0,0,0,0,0,0,0,0,0,0,0
479510,0,0,0,0,0,0,0,0,0,0,0,0,0
479510,0,0,0,0,0,0,0,0,0,0,0,0,0
479510,0,0,0,0,0,0,0,0,0,0,0,0,0
479510,0,0,0,0,0,0,0,0,0,0,0,0,0
479510,0,0,0,0,0,0,0,0,0,0,0,0,0
479510,0,0,0,0,0,0,0,0,0,0,0,0,0
479510,0,0,0,0,0,0,0,0,0,0,0,0,0
479510,0,0,0,0,0,0,0,0,0,0,0,0,0
479510,0,0,0,0,0,0,0,0,0,0,0,0,0
479510,0,0,0,0,0,0,0,0,0,0,0,0,0
479510,0,0,0,0,0,0,0,0,0,0,0,0,0
479510,0,0,0,0,0,0,0,0,0,0,0,0,0
479510,0,0,0,0,0,0,0,0,0,0,0,0,0
479510,0,0,0,0,0,0,0,0,0,0,0,0,0
479510,0,0,0,0,0,0,0,0,0,0,0,0,0
479510,0,0,0,0,0,0,0,0,0,0,0,0,0
479510,0,0,0,0,0,0,0,0,0,0,0,0,0
479510,0,0,0,0,0,0,0,0,0,0,0,0,0
479510,0,0,0,0,0,0,0,0,0,0,0,0,0
479510,0,0,0,0,0,0,0,0,0,0,0,0,0
479510,0,0,0,0,0,0,0,0,0,0,0,0,0
479510,0,0,0,0,0,0,0,0,0,0,0,0,0
479510,0,0,0,0,0,0,0,0,0,0,0,0,0
479510,0,0,0,0,0,0,0,0,0,0,0,0,0
479510,0,0,0,0,0,0,0,0,0,0,0,0,0
479510,0,0,0,0,0,0,0,0,0,0,0,0,0
479510,0,0,0,0,0,0,0,0,0,0,0,0,0
479510,0,0,0,0,0,0,0,0,0,0,0,0,0
479510,0,0,0,0,0,0,0,0,0,0,0,0,0
479510,0,0,0,0,0,0,0,0,0,0,0,0,0
479510,0,0,0,0,0,0,0,0,0,0,0,0,0
479510,0,0,0,0,0,0,0,0,0,0,0,0,0
479510,0,0,0,0,0,0,0,0,0,0,0,0,0
479510,0,0,0,0,0,0,0,0,0,0,0,0,0
479510,0,0,0,0,0,0,0,0,0,0,0,0,0
479510,0,0,0,0,0,0,0,0,0,0,0,0,0
479510,0,0,0,0,0,0,0,0,0,0,0,0,0
479510,0,0,0,0,0,0,0,0,0,0,0,0,0
479510,0,0,0,0,0,0,0,0,0,0,0,0,0
479510,0,0,0,0,0,0,0,0,0,0,0,0,0
479510,0,0,0,0,0,0,0,0,0,0,0,0,0
479510,0,0,0,0,0,0,0,0,0,0,0,0,0
479510,0,0,0,0,0,0,0,0,0,0,0,0,0
479510,0,0,0,0,0,0,0,0,0,0,0,0,0
479510,0,0,0,0,0,0,0,0,0,0,0,0,0
479510,0,0,0,0,0,0,0,0,0,0,0,0,0
479510,0,0,0,0,0,0,0,0,0,0,0,0,0
479510,0,0,0,0,0,0,0,0,0,0,0,0,0
479510,0,0,0,0,0,0,0,0,0,0,0,0,0
479510,0,0,0,0,0,0,0,0,0,0,0,0,0
479510,0,0,0,0,0,0,0,0,0,0,0,0,0
479510,0,0,0,0,0,0,0,0,0,0,0,0,0
479510,0,0,0,0,0,0,0,0,0,0,0,0,0
479510,0,0,0,0,0,0,0,0,0,0,0,0,0
479510,0,0,0,0,0,0,0,0,0,0,0,0,0
479510,0,0,0,0,0,0,0,0,0,0,0,0,0
479510,0,0,0,0,0,0,0,0,0,0,0,0,0
479510,0,0,0,0,0,0,0,0,0,0,0,0,0
479510,0,0,0,0,0,0,0,0,0,0,0,0,0
479510,0,0,0,0,0,0,0,0,0,0,0,0,0
479510,0,0,0,0,0,0,0,0,0,0,0,0,0
479510,0,0,0,0,0,0,0,0,0,0,0,0,0
479510,0,0,0,0,0,0,0,0,0,0,0,0,0
479510,0,0,0,0,0,0,0,0,0,0,0,0,0
479510,0,0,0,0,0,0,0,0,0,0,0,0,0
479510,0,0,0,0,0,0,0,0,0,0,0,0,0
479510,0,0,0,0,0,0,0,0,0,0,0,0,0
479510,0,0,0,0,0,0,0,0,0,0,0,0,0
479510,0,0,0,0,0,0,0,0,0,0,0,0,0
479510,0,0,0,0,0,0,0,0,0,0,0,0,0
479510,0,0,0,0,0,0,0,0,0,0,0,0,0
479510,0,0,0,0,0,0,0,0,0,0,0,0,0
479510,0,0,0,0,0,0,0,0,0,0,0,0,0
479510,0,0,0,0,0,0,0,0,0,0,0,0,0
479511,0,0,0,0,0,0,0,0,0,0,0,0,0
479511,0,0,0,0,0,0,0,0,0,0,0,0,0
479511,0,0,0,0,0,0,0,0,0,0,0,0,0
479511,0,0,0,0,0,0,0,0,0,0,0,0,0
479511,0,0,0,0,0,0,0,0,0,0,0,0,0
479511,0,0,0,0,0,0,0,0,0,0,0,0,0
479511,0,0,0,0,0,0,0,0,0,0,0,0,0
479511,0,0,0,0,0,0,0,0,0,0,0,0,0
479511,0,0,0,0,0,0,0,0,0,0,0,0,0
479511,0,0,0,0,0,0,0,0,0,0,0,0,0
479511,0,0,0,0,0,0,0,0,0,0,0,0,0
479511,0,0,0,0,0,0,0,0,0,0,0,0,0
479511,0,0,0,0,0,0,0,0,0,0,0,0,0
479511,0,0,0,0,0,0,0,0,0,0,0,0,0
479511,0,0,0,0,0,0,0,0,0,0,0,0,0
479511,0,0,0,0,0,0,0,0,0,0,0,0,0
479511,0,0,0,0,0,0,0,0,0,0,0,0,0
479511,0,0,0,0,0,0,0,0,0,0,0,0,0
479511,0,0,0,0,0,0,0,0,0,0,0,0,0
479511,0,0,0,0,0,0,0,0,0,0,0,0,0
479511,0,0,0,0,0,0,0,0,0,0,0,0,0
479511,0,0,0,0,0,0,0,0,0,0,0,0,0
479511,0,0,0,0,0,0,0,0,0,0,0,0,0
479511,0,0,0,0,0,0,0,0,0,0,0,0,0
479511,0,0,0,0,0,0,0,0,0,0,0,0,0
479511,0,0,0,0,0,0,0,0,0,0,0,0,0
479511,0,0,0,0,0,0,0,0,0,0,0,0,0
479511,0,0,0,0,0,0,0,0,0,0,0,0,0
479511,0,0,0,0,0,0,0,0,0,0,0,0,0
479511,0,0,0,0,0,0,0,0,0,0,0,0,0
479511,0,0,0,0,0,0,0,0,0,0,0,0,0
479511,0,0,0,0,0,0,0,0,0,0,0,0,0
479511,0,0,0,0,0,0,0,0,0,0,0,0,0
479511,0,0,0,0,0,0,0,0,0,0,0,0,0
479511,0,0,0,0,0,0,0,0,0,0,0,0,0
479511,0,0,0,0,0,0,0,0,0,0,0,0,0
479511,0,0,0,0,0,0,0,0,0,0,0,0,0
479511,0,0,0,0,0,0,0,0,0,0,0,0,0
479511,0,0,0,0,0,0,0,0,0,0,0,0,0
479511,0,0,0,0,0,0,0,0,0,0,0,0,0
479511,0,0,0,0,0,0,0,0,0,0,0,0,0
479511,0,0,0,0,0,0,0,0,0,0,0,0,0
479511,0,0,0,0,0,0,0,0,0,0,0,0,0
479511,0,0,0,0,0,0,0,0,0,0,0,0,0
479511,0,0,0,0,0,0,0,0,0,0,0,0,0
479511,0,0,0,0,0,0,0,0,0,0,0,0,0
479511,0,0,0,0,0,0,0,0,0,0,0,0,0
479511,0,0,0,0,0,0,0,0,0,0,0,0,0
479511,0,0,0,0,0,0,0,0,0,0,0,0,0
479511,0,0,0,0,0,0,0,0,0,0,0,0,0
479511,0,0,0,0,0,0,0,0,0,0,0,0,0
479511,0,0,0,0,0,0,0,0,0,0,0,0,0
479511,0,0,0,0,0,0,0,0,0,0,0,0,0
479511,0,0,0,0,0,0,0,0,0,0,0,0,0
479511,0,0,0,0,0,0,0,0,0,0,0,0,0
479511,0,0,0,0,0,0,0,0,0,0,0,0,0
479511,0,0,0,0,0,0,0,0,0,0,0,0,0
479511,0,0,0,0,0,0,0,0,0,0,0,0,0
479511,0,0,0,0,0,0,0,0,0,0,0,0,0
479511,0,0,0,0,0,0,0,0,0,0,0,0,0
479511,0,0,0,0,0,0,0,0,0,0,0,0,0
479511,0,0,0,0,0,0,0,0,0,0,0,0,0
479511,0,0,0,0,0,0,0,0,0,0,0,0,0
479511,0,0,0,0,0,0,0,0,0,0,0,0,0
479511,0,0,0,0,0,0,0,0,0,0,0,0,0
479511,0,0,0,0,0,0,0,0,0,0,0,0,0
479511,0,0,0,0,0,0,0,0,0,0,0,0,0
479511,0,0,0,0,0,0,0,0,0,0,0,0,0
479511,0,0,0,0,0,0,0,0,0,0,0,0,0
479511,0,0,0,0,0,0,0,0,0,0,0,0,0
479511,1,0,0,0,0,0,0,-0.1,0,0,0,0,0
479511,1,0,0,0,0,0,0,-0.1,-0.1,0.1,0,0,0
479511,1,-0.1,-0.1,0.1,0,0,0,-0.1,-0.1,0.1,0,0,0
479511,0,-0.1,-0.1,0.1,0,0,0,-0.1,-0.1,0.1,0,0,0
479511,0,-0.1,-0.1,0.1,0,0,0,-0.1,-0.1,0.1,0,0,0
479511,0,-0.1,-0.1,0.1,0,0,0,-0.1,-0.1,0.1,0,0,0
479511,1,-0.2,-0.1,0.2,0,0,0,-0.1,-0.1,0.1,0,0,0
479511,0,-0.2,-0.1,0.2,0,0,0,-0.1,-0.1,0.1,0,0,0
479511,1,-0.2,-0.1,0.2,0,0,0,-0.2,-0.1,0.1,0,0,0
479511,1,-0.2,-0.1,0.2,0,0,0,-0.2,-0.1,0.2,0,0,0
479511,1,-0.2,-0.1,0.2,0,0,0,-0.2,-0.2,0.2,0,0,0
479511,1,-0.2,-0.1,0.3,0,0,0,-0.2,-0.2,0.2,0,0,0
479511,0,-0.2,-0.1,0.3,0,0,0,-0.2,-0.2,0.2,0,0,0
479511,0,-0.2,-0.1,0.3,0,0,0,-0.2,-0.2,0.2,0,0,0
479511,1,-0.3,-0.2,0.3,0,0,0,-0.2,-0.2,0.2,0,0,0
479511,0,-0.3,-0.2,0.3,0,0,0,-0.2,-0.2,0.2,0,0,0
479511,1,-0.3,-0.2,0.4,0,0,0,-0.2,-0.2,0.2,0,0,0
479511,1,-0.3,-0.2,0.4,0,0,0,-0.3,-0.2,0.3,0,0,0
479511,0,-0.3,-0.2,0.4,0,0,0,-0.3,-0.2,0.3,0,0,0
479512,1,-0.3,-0.2,0.4,0,0,0,-0.3,-0.3,0.3,0,0,0
479512,0,-0.3,-0.2,0.4,0,0,0,-0.3,-0.3,0.3,0,0,0
479512,1,-0.4,-0.2,0.5,0,0,0,-0.3,-0.3,0.3,0,0,0
479512,0,-0.4,-0.2,0.5,0,0,0,-0.3,-0.3,0.3,0,0,0
479512,0,-0.4,-0.2,0.5,0,0,0,-0.3,-0.3,0.3,0,0,0
479512,1,-0.4,-0.3,0.5,0,0,0,-0.3,-0.3,0.4,0,0,0
479512,1,-0.4,-0.3,0.5,0,0,0,-0.4,-0.3,0.4,0,0,0
479512,1,-0.4,-0.3,0.6,0,0,0,-0.4,-0.3,0.4,0,0,0
479512,0,-0.4,-0.3,0.6,0,0,0,-0.4,-0.3,0.4,0,0,0
479512,1,-0.3,-0.4,0.7,0,0,0,-0.4,-0.4,0.4,0,0,0
479512,0,-0.3,-0.4,0.7,0,0,0,-0.4,-0.4,0.4,0,0,0
479512,0,-0.3,-0.4,0.7,0,0,0,-0.4,-0.4,0.4,0,0,0
479512,1,-0.2,-0.4,0.8,0,0,0,-0.4,-0.4,0.5,0,0,0
479512,1,-0.1,-0.3,0.8,0.1,0,0,-0.4,-0.4,0.5,0,0,0
479512,1,0.2,-0.3,1,0.1,-0.1,0,-0.5,-0.4,0.5,0,0,0
479512,1,0.3,-0.2,1.1,0.1,-0.1,0,-0.5,-0.4,0.5,0,0,0
479512,1,0.4,-0.3,1.2,0.1,-0.1,0,-0.5,-0.4,0.5,0,0,0
479512,0,0.4,-0.3,1.2,0.1,-0.1,0,-0.5,-0.4,0.5,0,0,0
479512,1,0.4,-0.3,1.2,0,0,0,-0.5,-0.4,0.5,0,0,0
479512,1,0.5,-0.3,1.2,0.2,-0.2,0.2,-0.5,-0.5,0.5,0,0,0
479512,0,0.5,-0.3,1.2,0.2,-0.2,0.2,-0.5,-0.5,0.5,0,0,0
479512,1,0.5,-0.3,1.2,0.2,-0.2,0.2,-0.5,-0.5,0.6,0,0,0
479512,1,0.5,-0.4,1.3,0.3,-0.2,0.2,-0.5,-0.5,0.6,0,0,0
479512,0,0.5,-0.4,1.3,0.3,-0.2,0.2,-0.5,-0.5,0.6,0,0,0
479512,1,0.5,-0.4,1.3,0.3,-0.2,0.2,-0.4,-0.4,0.4,0,0,0
479512,1,0.6,-0.4,1.3,0.3,-0.2,0.2,-0.4,-0.4,0.4,0,0,0
479512,1,0.6,-0.4,1.3,0.3,-0.2,0.2,-0.4,-0.4,0.3,0,0,0
479512,1,0.6,-0.5,1.3,0.3,-0.3,0.2,-0.5,-0.4,0.4,0,0,0
479512,0,0.6,-0.5,1.3,0.3,-0.3,0.2,-0.5,-0.4,0.4,0,0,0
479512,1,0.7,-0.5,1.3,0.3,-0.3,0.2,-0.5,-0.4,0.4,0,0,0
479512,1,0.7,-0.5,1.4,0.3,-0.3,0.3,-0.5,-0.4,0.4,0,0,0
479512,1,0.7,-0.5,1.4,0.4,-0.3,0.3,-0.5,-0.4,0.4,0,0,0
479512,1,0.7,-0.6,1.4,0.4,-0.3,0.3,-0.5,-0.4,0.4,0,0,0
479512,0,0.7,-0.6,1.4,0.4,-0.3,0.3,-0.5,-0.4,0.4,0,0,0
479512,1,0.8,-0.6,1.4,0.4,-0.3,0.3,-0.5,-0.4,0.4,0,0,0
479512,1,0.8,-0.6,1.4,0.4,-0.3,0.3,-0.5,-0.5,0.5,0,0,0
479512,1,0.8,-0.7,1.5,0.4,-0.3,0.3,-0.5,-0.5,0.5,0,0,0
479512,1,0.8,-0.7,1.5,0.4,-0.4,0.3,-0.5,-0.5,0.4,0,0,0
479512,1,0.8,-0.7,1.5,0.4,-0.4,0.3,-0.5,-0.5,0.5,0,0,0
479512,1,0.9,-0.7,1.5,0.4,-0.4,0.3,-0.5,-0.5,0.5,0,0,0
479512,1,0.9,-0.7,1.5,0.5,-0.4,0.3,-0.6,-0.5,0.5,0,0,0
479512,0,0.9,-0.7,1.5,0.5,-0.4,0.3,-0.6,-0.5,0.5,0,0,0
479512,1,0.9,-0.8,1.5,0.5,-0.4,0.4,-0.6,-0.5,0.5,0,0,0
479512,1,1,-0.8,1.5,0.5,-0.4,0.4,-0.6,-0.5,0.5,0,0,0
479512,1,1,-0.8,1.6,0.5,-0.4,0.4,-0.6,-0.5,0.5,0,0,0
479512,0,1,-0.8,1.6,0.5,-0.4,0.4,-0.6,-0.5,0.5,0,0,0
479512,1,1,-0.9,1.6,0.5,-0.4,0.4,-0.6,-0.5,0.5,0,0,0
479512,0,1,-0.9,1.6,0.5,-0.4,0.4,-0.6,-0.5,0.5,0,0,0
479512,1,1.1,-0.9,1.6,0.5,-0.4,0.4,-0.6,-0.5,0.5,0,0,0
479512,1,1.1,-0.9,1.6,0.5,-0.5,0.4,-0.6,-0.6,0.5,0,0,0
479512,1,1.1,-1,1.6,0.6,-0.5,0.4,-0.6,-0.6,0.5,0,0,0
479512,0,1.1,-1,1.6,0.6,-0.5,0.4,-0.6,-0.6,0.5,0,0,0
479512,0,1.1,-1,1.6,0.6,-0.5,0.4,-0.6,-0.6,0.5,0,0,0
479512,1,1.2,-1,1.6,0.6,-0.5,0.4,-0.6,-0.6,0.6,0,0,0
479512,1,1.2,-1,1.7,0.6,-0.5,0.4,-0.6,-0.6,0.5,0,0,0
479512,1,1.2,-1,1.7,0.6,-0.5,0.4,-0.6,-0.6,0.6,0,0,0
479512,1,1.3,-1,1.7,0.6,-0.5,0.4,-0.7,-0.6,0.6,0,0,0
479512,1,1.3,-1.1,1.7,0.6,-0.5,0.5,-0.7,-0.6,0.6,0,0,0
479512,1,1.3,-1.1,1.7,0.6,-0.5,0.5,-0.6,-0.6,0.6,0,0,0
479512,1,1.4,-1.1,1.7,0.6,-0.5,0.5,-0.6,-0.6,0.6,0,0,0
479512,0,1.4,-1.1,1.7,0.6,-0.5,0.5,-0.6,-0.6,0.6,0,0,0
479512,1,1.4,-1.1,1.7,0.5,-0.4,0.4,-0.6,-0.6,0.6,0,0,0
479512,1,1.4,-1.1,1.7,0.5,-0.4,0.4,-0.7,-0.6,0.6,0,0,0
479512,1,1.4,-1.1,1.7,0.6,-0.5,0.4,-0.6,-0.6,0.6,0,0,0
479512,1,1.5,-1.1,1.7,0.6,-0.5,0.4,-0.6,-0.6,0.6,0,0,0
479512,1,1.5,-1.2,1.7,0.6,-0.5,0.4,-0.7,-0.6,0.6,0,0,0
479512,0,1.5,-1.2,1.7,0.6,-0.5,0.4,-0.7,-0.6,0.6,0,0,0
479512,0,1.5,-1.2,1.7,0.6,-0.5,0.4,-0.7,-0.6,0.6,0,0,0
479512,1,1.5,-1.2,1.7,0.6,-0.5,0.4,-0.7,-0.7,0.6,0,0,0
479512,1,1.5,-1.2,1.7,0.6,-0.5,0.4,-0.7,-0.6,0.6,0,0,0
479512,1,1.5,-1.3,1.7,0.6,-0.5,0.4,-0.7,-0.6,0.6,0,0,0
479512,1,1.6,-1.3,1.7,0.6,-0.5,0.4,-0.7,-0.6,0.6,0,0,0
479512,0,1.6,-1.3,1.7,0.6,-0.5,0.4,-0.7,-0.6,0.6,0,0,0
479512,1,1.6,-1.3,1.8,0.6,-0.5,0.4,-0.7,-0.6,0.6,0,0,0
479512,1,1.6,-1.3,1.8,0.6,-0.5,0.4,-0.7,-0.7,0.6,0,0,0
479512,1,1.6,-1.4,1.8,0.6,-0.5,0.4,-0.7,-0.7,0.6,0,0,0
479512,1,1.7,-1.4,1.8,0.7,-0.5,0.4,-0.7,-0.7,0.6,0,0,0
479512,0,1.7,-1.4,1.8,0.7,-0.5,0.4,-0.7,-0.7,0.6,0,0,0
479512,1,1.8,-1.4,1.8,0.7,-0.5,0.4,-0.7,-0.7,0.6,0,0,0
479512,0,1.8,-1.4,1.8,0.7,-0.5,0.4,-0.7,-0.7,0.6,0,0,0
479512,1,1.9,-1.4,1.8,0.7,-0.5,0.4,-0.7,-0.7,0.6,0,0,0
479512,0,1.9,-1.4,1.8,0.7,-0.5,0.4,-0.7,-0.7,0.6,0,0,0
479512,0,1.9,-1.4,1.8,0.7,-0.5,0.4,-0.7,-0.7,0.6,0,0,0
479512,0,1.9,-1.4,1.8,0.7,-0.5,0.4,-0.7,-0.7,0.6,0,0,0
479512,0,1.9,-1.4,1.8,0.7,-0.5,0.4,-0.7,-0.7,0.6,0,0,0
479512,1,1.9,-1.5,1.8,0.7,-0.5,0.4,-0.7,-0.7,0.6,0,0,0
479512,0,1.9,-1.5,1.8,0.7,-0.5,0.4,-0.7,-0.7,0.6,0,0,0
479512,0,1.9,-1.5,1.8,0.7,-0.5,0.4,-0.7,-0.7,0.6,0,0,0
479512,0,1.9,-1.5,1.8,0.7,-0.5,0.4,-0.7,-0.7,0.6,0,0,0
479513,0,1.9,-1.5,1.8,0.7,-0.5,0.4,-0.7,-0.7,0.6,0,0,0
479513,1,1.9,-1.6,1.8,0.7,-0.5,0.4,-0.7,-0.6,0.6,0,0,0
479513,1,1.9,-1.6,1.7,0.7,-0.5,0.4,-0.7,-0.6,0.6,0,0,0
479513,1,1.9,-1.6,1.7,0.7,-0.5,0.4,-0.7,-0.6,0.5,0,0,0
479513,0,1.9,-1.6,1.7,0.7,-0.5,0.4,-0.7,-0.6,0.5,0,0,0
479513,0,1.9,-1.6,1.7,0.7,-0.5,0.4,-0.7,-0.6,0.5,0,0,0
479513,1,1.9,-1.6,1.7,0.7,-0.5,0.4,-0.6,-0.6,0.5,0,0,0
479513,0,1.9,-1.6,1.7,0.7,-0.5,0.4,-0.6,-0.6,0.5,0,0,0
479513,0,1.9,-1.6,1.7,0.7,-0.5,0.4,-0.6,-0.6,0.5,0,0,0
479513,1,1.9,-1.7,1.7,0.7,-0.5,0.4,-0.6,-0.6,0.5,0,0,0
479513,0,1.9,-1.7,1.7,0.7,-0.5,0.4,-0.6,-0.6,0.5,0,0,0
479513,0,1.9,-1.7,1.7,0.7,-0.5,0.4,-0.6,-0.6,0.5,0,0,0
479513,0,1.9,-1.7,1.7,0.7,-0.5,0.4,-0.6,-0.6,0.5,0,0,0
479513,0,1.9,-1.7,1.7,0.7,-0.5,0.4,-0.6,-0.6,0.5,0,0,0
479513,0,1.9,-1.7,1.7,0.7,-0.5,0.4,-0.6,-0.6,0.5,0,0,0
479513,0,1.9,-1.7,1.7,0.7,-0.5,0.4,-0.6,-0.6,0.5,0,0,0
479513,0,1.9,-1.7,1.7,0.7,-0.5,0.4,-0.6,-0.6,0.5,0,0,0
479513,1,1.8,-1.7,1.7,0.7,-0.5,0.4,-0.6,-0.6,0.5,0,0,0
479513,0,1.8,-1.7,1.7,0.7,-0.5,0.4,-0.6,-0.6,0.5,0,0,0
479513,0,1.8,-1.7,1.7,0.7,-0.5,0.4,-0.6,-0.6,0.5,0,0,0
479513,0,1.8,-1.7,1.7,0.7,-0.5,0.4,-0.6,-0.6,0.5,0,0,0
479513,0,1.8,-1.7,1.7,0.7,-0.5,0.4,-0.6,-0.6,0.5,0,0,0
479513,0,1.8,-1.7,1.7,0.7,-0.5,0.4,-0.6,-0.6,0.5,0,0,0
479513,1,1.8,-1.7,1.7,0.6,-0.5,0.4,-0.6,-0.6,0.5,0,0,0
479513,0,1.8,-1.7,1.7,0.6,-0.5,0.4,-0.6,-0.6,0.5,0,0,0
479513,0,1.8,-1.7,1.7,0.6,-0.5,0.4,-0.6,-0.6,0.5,0,0,0
479513,0,1.8,-1.7,1.7,0.6,-0.5,0.4,-0.6,-0.6,0.5,0,0,0
479513,0,1.8,-1.7,1.7,0.6,-0.5,0.4,-0.6,-0.6,0.5,0,0,0
479513,0,1.8,-1.7,1.7,0.6,-0.5,0.4,-0.6,-0.6,0.5,0,0,0
479513,0,1.8,-1.7,1.7,0.6,-0.5,0.4,-0.6,-0.6,0.5,0,0,0
479513,0,1.8,-1.7,1.7,0.6,-0.5,0.4,-0.6,-0.6,0.5,0,0,0
479513,0,1.8,-1.7,1.7,0.6,-0.5,0.4,-0.6,-0.6,0.5,0,0,0
479513,1,1.8,-1.7,1.7,0.6,-0.5,0.4,-0.6,-0.5,0.4,0,0,0
479513,0,1.8,-1.7,1.7,0.6,-0.5,0.4,-0.6,-0.5,0.4,0,0,0
479513,1,1.8,-1.8,1.7,0.6,-0.5,0.4,-0.6,-0.5,0.4,0,0,0
479513,1,1.7,-1.8,1.6,0.6,-0.5,0.4,-0.5,-0.5,0.4,0,0,0
479513,0,1.7,-1.8,1.6,0.6,-0.5,0.4,-0.5,-0.5,0.4,0,0,0
479513,0,1.7,-1.8,1.6,0.6,-0.5,0.4,-0.5,-0.5,0.4,0,0,0
479513,0,1.7,-1.8,1.6,0.6,-0.5,0.4,-0.5,-0.5,0.4,0,0,0
479513,0,1.7,-1.8,1.6,0.6,-0.5,0.4,-0.5,-0.5,0.4,0,0,0
479513,0,1.7,-1.8,1.6,0.6,-0.5,0.4,-0.5,-0.5,0.4,0,0,0
479513,0,1.7,-1.8,1.6,0.6,-0.5,0.4,-0.5,-0.5,0.4,0,0,0
479513,0,1.7,-1.8,1.6,0.6,-0.5,0.4,-0.5,-0.5,0.4,0,0,0
479513,0,1.7,-1.8,1.6,0.6,-0.5,0.4,-0.5,-0.5,0.4,0,0,0
479513,0,1.7,-1.8,1.6,0.6,-0.5,0.4,-0.5,-0.5,0.4,0,0,0
479513,0,1.7,-1.8,1.6,0.6,-0.5,0.4,-0.5,-0.5,0.4,0,0,0
479513,0,1.7,-1.8,1.6,0.6,-0.5,0.4,-0.5,-0.5,0.4,0,0,0
479513,0,1.7,-1.8,1.6,0.6,-0.5,0.4,-0.5,-0.5,0.4,0,0,0
479513,0,1.7,-1.8,1.6,0.6,-0.5,0.4,-0.5,-0.5,0.4,0,0,0
479513,0,1.7,-1.8,1.6,0.6,-0.5,0.4,-0.5,-0.5,0.4,0,0,0
479513,0,1.7,-1.8,1.6,0.6,-0.5,0.4,-0.5,-0.5,0.4,0,0,0
479513,0,1.7,-1.8,1.6,0.6,-0.5,0.4,-0.5,-0.5,0.4,0,0,0
479513,0,1.7,-1.8,1.6,0.6,-0.5,0.4,-0.5,-0.5,0.4,0,0,0
479513,0,1.7,-1.8,1.6,0.6,-0.5,0.4,-0.5,-0.5,0.4,0,0,0
479513,0,1.7,-1.8,1.6,0.6,-0.5,0.4,-0.5,-0.5,0.4,0,0,0
479513,0,1.7,-1.8,1.6,0.6,-0.5,0.4,-0.5,-0.5,0.4,0,0,0
479513,1,1.6,-1.8,1.6,0.6,-0.5,0.4,-0.5,-0.5,0.4,0,0,0
479513,0,1.6,-1.8,1.6,0.6,-0.5,0.4,-0.5,-0.5,0.4,0,0,0
479513,0,1.6,-1.8,1.6,0.6,-0.5,0.4,-0.5,-0.5,0.4,0,0,0
479513,0,1.6,-1.8,1.6,0.6,-0.5,0.4,-0.5,-0.5,0.4,0,0,0
479513,1,1.6,-1.8,1.6,0.6,-0.5,0.4,-0.5,-0.4,0.3,0,0,0
479513,0,1.6,-1.8,1.6,0.6,-0.5,0.4,-0.5,-0.4,0.3,0,0,0
479513,1,1.6,-1.9,1.6,0.6,-0.5,0.4,-0.5,-0.4,0.3,0,0,0
479513,0,1.6,-1.9,1.6,0.6,-0.5,0.4,-0.5,-0.4,0.3,0,0,0
479513,0,1.6,-1.9,1.6,0.6,-0.5,0.4,-0.5,-0.4,0.3,0,0,0
479513,0,1.6,-1.9,1.6,0.6,-0.5,0.4,-0.5,-0.4,0.3,0,0,0
479513,0,1.6,-1.9,1.6,0.6,-0.5,0.4,-0.5,-0.4,0.3,0,0,0
479513,1,1.6,-2,1.5,0.6,-0.5,0.4,-0.5,-0.4,0.3,0,0,0
479513,0,1.6,-2,1.5,0.6,-0.5,0.4,-0.5,-0.4,0.3,0,0,0
479513,0,1.6,-2,1.5,0.6,-0.5,0.4,-0.5,-0.4,0.3,0,0,0
479513,0,1.6,-2,1.5,0.6,-0.5,0.4,-0.5,-0.4,0.3,0,0,0
479513,1,1.6,-1.9,1.5,0.6,-0.5,0.4,-0.5,-0.4,0.3,0,0,0
479513,0,1.6,-1.9,1.5,0.6,-0.5,0.4,-0.5,-0.4,0.3,0,0,0
479513,0,1.6,-1.9,1.5,0.6,-0.5,0.4,-0.5,-0.4,0.3,0,0,0
479513,0,1.6,-1.9,1.5,0.6,-0.5,0.4,-0.5,-0.4,0.3,0,0,0
479513,0,1.6,-1.9,1.5,0.6,-0.5,0.4,-0.5,-0.4,0.3,0,0,0
479513,1,1.6,-1.9,1.5,0.6,-0.5,0.4,-0.5,-0.4,0.4,0,0,0
479513,1,1.6,-1.9,1.5,0.6,-0.5,0.4,-0.4,-0.4,0.3,0,0,0
479513,1,1.5,-2,1.4,0.6,-0.5,0.4,-0.4,-0.4,0.3,0,0,0
479513,1,1.4,-2.1,1.4,0.6,-0.5,0.4,-0.5,-0.5,0.5,0,0,0
479513,1,1.3,-2.2,1.3,0.6,-0.5,0.4,-0.5,-0.5,0.5,0,0,0
479513,1,1.2,-2.4,1.1,0.7,-0.5,0.4,-0.5,-0.5,0.5,0,0,0
479513,1,1.2,-2.4,1.1,0.6,-0.5,0.4,-0.5,-0.5,0.5,0,0,0
479513,1,1.1,-2.5,1,0.6,-0.5,0.4,-0.5,-0.5,0.4,0,0,0
479513,1,1,-2.6,0.8,0.6,-0.5,0.4,-0.4,-0.4,0.4,0,0,0
479513,1,0.9,-2.8,0.6,0.6,-0.5,0.4,-0.4,-0.4,0.4,0,0,0
479513,1,0.9,-2.9,0.5,0.5,-0.5,0.3,-0.4,-0.4,0.4,0,0,0
479513,1,0.8,-3,0.3,0.5,-0.4,0.3,-0.4,-0.4,0.4,0,0,0
479513,1,0.8,-3.1,0.1,0.5,-0.4,0.3,-0.3,-0.3,0.3,0,0,0
479514,1,0.8,-3.1,1.4,0.4,-0.4,0.3,-0.3,-0.3,0.3,0,0,0
479514,1,0.8,-3.1,1.4,0.4,-0.3,0.3,-0.3,-0.3,0.3,0,0,0
479514,0,0.8,-3.1,1.4,0.4,-0.3,0.3,-0.3,-0.3,0.3,0,0,0
479514,1,0.8,-3.1,1.4,0.4,-0.3,0.2,-0.3,-0.3,0.3,0,0,0
479514,0,0.8,-3.1,1.4,0.4,-0.3,0.2,-0.3,-0.3,0.3,0,0,0
479514,1,0.9,-3.1,1.4,0.4,-0.3,0.2,-0.3,-0.3,0.3,0,0,0
479514,0,0.9,-3.1,1.4,0.4,-0.3,0.2,-0.3,-0.3,0.3,0,0,0
479514,1,0.9,-3.1,1.4,0.3,-0.3,0.2,-0.3,-0.3,0.3,0,0,0
479514,1,0.9,-3.1,1.3,0.3,-0.3,0.2,-0.3,-0.3,0.3,0,0,0
479514,1,0.9,-3,1.3,0.3,-0.3,0.2,-0.3,-0.3,0.3,0,0,0
479514,0,0.9,-3,1.3,0.3,-0.3,0.2,-0.3,-0.3,0.3,0,0,0
479514,1,0.9,-3,1.3,0.3,-0.3,0.2,-0.3,-0.2,0.3,0,0,0
479514,1,0.9,-3,1.3,0.3,-0.3,0.2,-0.2,-0.2,0.3,0,0,0
479514,1,0.9,-3,1.3,0.3,-0.2,0.2,-0.2,-0.2,0.2,0,0,0
479514,0,0.9,-3,1.3,0.3,-0.2,0.2,-0.2,-0.2,0.2,0,0,0
479514,1,1,-2.9,1.2,0.3,-0.2,0.2,-0.2,-0.2,0.2,0,0,0
479514,1,1,-2.9,1.2,0.2,-0.2,0.2,-0.2,-0.2,0.2,0,0,0
479514,0,1,-2.9,1.2,0.2,-0.2,0.2,-0.2,-0.2,0.2,0,0,0
479514,1,1,-2.9,1.2,0.2,-0.2,0.1,-0.2,-0.2,0.2,0,0,0
479514,1,1,-2.8,1.1,0.2,-0.2,0.1,-0.2,-0.2,0.2,0,0,0
479514,0,1,-2.8,1.1,0.2,-0.2,0.1,-0.2,-0.2,0.2,0,0,0
479514,1,1,-2.7,1.1,0.2,-0.2,0.1,-0.2,-0.2,0.2,0,0,0
479514,0,1,-2.7,1.1,0.2,-0.2,0.1,-0.2,-0.2,0.2,0,0,0
479514,1,1,-2.6,1.1,0.2,-0.1,0.1,-0.2,-0.2,0.2,0,0,0
479514,1,1,-2.6,1,0.1,-0.1,0.1,-0.1,-0.2,0.2,0,0,0
479514,1,1,-2.6,1,0.1,-0.1,0.1,-0.1,-0.1,0.2,0,0,0
479514,1,1,-2.5,1.1,0.1,-0.1,0.1,-0.1,-0.1,0.1,0,0,0
479514,1,0.9,-2.5,1.1,0.1,-0.1,0.1,-0.1,-0.1,0.1,0,0,0
479514,1,0.9,-2.4,1,0.1,-0.1,0.1,-0.1,-0.1,0.1,0,0,0
479514,0,0.9,-2.4,1,0.1,-0.1,0.1,-0.1,-0.1,0.1,0,0,0
479514,1,0.9,-2.3,1,0.1,-0.1,0.1,-0.1,-0.1,0.1,0,0,0
479514,1,0.9,-2.3,1,0.1,-0.1,0,-0.1,-0.1,0.1,0,0,0
479514,0,0.9,-2.3,1,0.1,-0.1,0,-0.1,-0.1,0.1,0,0,0
479514,0,0.9,-2.3,1,0.1,-0.1,0,-0.1,-0.1,0.1,0,0,0
479514,0,0.9,-2.3,1,0.1,-0.1,0,-0.1,-0.1,0.1,0,0,0
479514,1,0.9,-2.2,1,0,0,0,-0.1,-0.1,0.1,0,0,0
479514,0,0.9,-2.2,1,0,0,0,-0.1,-0.1,0.1,0,0,0
479514,1,0.9,-2.2,0.9,0,0,0,-0.1,-0.1,0.1,0,0,0
479514,1,0.9,-2.1,0.9,0,0,0,-0.1,-0.1,0.1,0,0,0
479514,0,0.9,-2.1,0.9,0,0,0,-0.1,-0.1,0.1,0,0,0
479514,0,0.9,-2.1,0.9,0,0,0,-0.1,-0.1,0.1,0,0,0
479514,0,0.9,-2.1,0.9,0,0,0,-0.1,-0.1,0.1,0,0,0
479514,0,0.9,-2.1,0.9,0,0,0,-0.1,-0.1,0.1,0,0,0
479514,0,0.9,-2.1,0.9,0,0,0,-0.1,-0.1,0.1,0,0,0
479514,1,0.9,-2,0.9,0,0,0,0,-0.1,0.1,0,0,0
479514,1,0.9,-2,0.9,0,0,0,0,-0.1,0,0,0,0
479514,0,0.9,-2,0.9,0,0,0,0,-0.1,0,0,0,0
479514,0,0.9,-2,0.9,0,0,0,0,-0.1,0,0,0,0
479514,0,0.9,-2,0.9,0,0,0,0,-0.1,0,0,0,0
479514,1,0.9,-2,0.9,0,0,0,0,0,0,0,0,0
479514,0,0.9,-2,0.9,0,0,0,0,0,0,0,0,0
479514,0,0.9,-2,0.9,0,0,0,0,0,0,0,0,0
479514,0,0.9,-2,0.9,0,0,0,0,0,0,0,0,0
479514,0,0.9,-2,0.9,0,0,0,0,0,0,0,0,0
479514,1,0.9,-2,0.1,0,0,0,0,0,0,0,0,0
479514,0,0.9,-2,0.1,0,0,0,0,0,0,0,0,0
479514,0,0.9,-2,0.1,0,0,0,0,0,0,0,0,0
479514,1,0.9,-2,0.2,0,0,0,0,0,0,0,0,0
479514,0,0.9,-2,0.2,0,0,0,0,0,0,0,0,0
479514,1,1,-2,0.2,0,0,0,0,0,0,0,0,0
479514,0,1,-2,0.2,0,0,0,0,0,0,0,0,0
479514,0,1,-2,0.2,0,0,0,0,0,0,0,0,0
479514,0,1,-2,0.2,0,0,0,0,0,0,0,0,0
479514,1,0.9,-1.9,0.2,0,0,0,0,0,0,0,0,0
479514,1,0.9,-1.9,0.3,0,0,0,0,0,0,0,0,0
479514,0,0.9,-1.9,0.3,0,0,0,0,0,0,0,0,0
479514,0,0.9,-1.9,0.3,0,0,0,0,0,0,0,0,0
479514,0,0.9,-1.9,0.3,0,0,0,0,0,0,0,0,0
479514,0,0.9,-1.9,0.3,0,0,0,0,0,0,0,0,0
479514,0,0.9,-1.9,0.3,0,0,0,0,0,0,0,0,0
479514,0,0.9,-1.9,0.3,0,0,0,0,0,0,0,0,0
479514,1,0.9,-1.9,0.4,0,0,0,0,0,0,0,0,0
479514,0,0.9,-1.9,0.4,0,0,0,0,0,0,0,0,0
479514,0,0.9,-1.9,0.4,0,0,0,0,0,0,0,0,0
479514,0,0.9,-1.9,0.4,0,0,0,0,0,0,0,0,0
479514,0,0.9,-1.9,0.4,0,0,0,0,0,0,0,0,0
479514,0,0.9,-1.9,0.4,0,0,0,0,0,0,0,0,0
479514,1,1,-1.9,0.4,0,0,0,0,0,0,0,0,0
479514,0,1,-1.9,0.4,0,0,0,0,0,0,0,0,0
479514,0,1,-1.9,0.4,0,0,0,0,0,0,0,0,0
479514,0,1,-1.9,0.4,0,0,0,0,0,0,0,0,0
479514,0,1,-1.9,0.4,0,0,0,0,0,0,0,0,0
479514,0,1,-1.9,0.4,0,0,0,0,0,0,0,0,0
479514,0,1,-1.9,0.4,0,0,0,0,0,0,0,0,0
479514,1,1,-1.8,0.5,0,0,0,0,0,0,0,0,0
479514,0,1,-1.8,0.5,0,0,0,0,0,0,0,0,0
479514,0,1,-1.8,0.5,0,0,0,0,0,0,0,0,0
479514,0,1,-1.8,0.5,0,0,0,0,0,0,0,0,0
479514,0,1,-1.8,0.5,0,0,0,0,0,0,0,0,0
479515,0,1,-1.8,0.5,0,0,0,0,0,0,0,0,0
479515,0,1,-1.8,0.5,0,0,0,0,0,0,0,0,0
479515,0,1,-1.8,0.5,0,0,0,0,0,0,0,0,0
479515,0,1,-1.8,0.5,0,0,0,0,0,0,0,0,0
479515,0,1,-1.8,0.5,0,0,0,0,0,0,0,0,0
479515,1,1,-1.8,0.6,0,0,0,0,0,0,0,0,0
479515,0,1,-1.8,0.6,0,0,0,0,0,0,0,0,0
479515,0,1,-1.8,0.6,0,0,0,0,0,0,0,0,0
479515,0,1,-1.8,0.6,0,0,0,0,0,0,0,0,0
479515,0,1,-1.8,0.6,0,0,0,0,0,0,0,0,0
479515,1,1,-1.7,0.6,0,0,0,0,0,0,0,0,0
479515,0,1,-1.7,0.6,0,0,0,0,0,0,0,0,0
479515,0,1,-1.7,0.6,0,0,0,0,0,0,0,0,0
479515,0,1,-1.7,0.6,0,0,0,0,0,0,0,0,0
479515,1,1,-1.7,0.7,0,0,0,0,0,0,0,0,0
479515,0,1,-1.7,0.7,0,0,0,0,0,0,0,0,0
479515,0,1,-1.7,0.7,0,0,0,0,0,0,0,0,0
479515,0,1,-1.7,0.7,0,0,0,0,0,0,0,0,0
479515,0,1,-1.7,0.7,0,0,0,0,0,0,0,0,0
479515,0,1,-1.7,0.7,0,0,0,0,0,0,0,0,0
479515,0,1,-1.7,0.7,0,0,0,0,0,0,0,0,0
479515,0,1,-1.7,0.7,0,0,0,0,0,0,0,0,0
479515,0,1,-1.7,0.7,0,0,0,0,0,0,0,0,0
479515,0,1,-1.7,0.7,0,0,0,0,0,0,0,0,0
479515,0,1,-1.7,0.7,0,0,0,0,0,0,0,0,0
479515,0,1,-1.7,0.7,0,0,0,0,0,0,0,0,0
479515,0,1,-1.7,0.7,0,0,0,0,0,0,0,0,0
479515,0,1,-1.7,0.7,0,0,0,0,0,0,0,0,0
479515,0,1,-1.7,0.7,0,0,0,0,0,0,0,0,0
479515,0,1,-1.7,0.7,0,0,0,0,0,0,0,0,0
479515,1,1.1,-1.7,0.7,0,0,0,0,0,0,0,0,0
479515,1,1.1,-1.7,0.8,0,0,0,0,0,0,0,0,0
479515,1,1,-1.7,0.8,0,0,0,0,0,0,0,0,0
479515,1,1,-1.6,0.8,0,0,0,0,0,0,0,0,0
479515,0,1,-1.6,0.8,0,0,0,0,0,0,0,0,0
479515,0,1,-1.6,0.8,0,0,0,0,0,0,0,0,0
479515,1,1,-1.5,0.8,0,0,0,0,0,0,0,0,0
479515,1,0.9,-1.4,0.8,0,0,0,0,0,0,0,0,0
479515,1,0.9,-1.3,0.8,0,0,0,0,0,0,0,0,0
479515,1,0.8,-1.2,0.7,0,0,0,0,0,0,0,0,0
479515,1,0.8,-1.1,0.7,0,0,0,0,0,0,0,0,0
479515,0,0.8,-1.1,0.7,0,0,0,0,0,0,0,0,0
479515,1,0.7,-1,0.7,0,0,0,0,0,0,0,0,0
479515,1,0.7,-0.9,0.7,0,0,0,0,0,0,0,0,0
479515,1,0.4,-0.7,0.7,0,0,0,0,0,0,0,0,0
479515,1,0,-0.4,0.6,0,0,0,0,0,0,0,0,0
479515,1,0.1,-0.4,0.7,0,0,0,0,0,0,0,0,0
479515,0,0.1,-0.4,0.7,0,0,0,0,0,0,0,0,0
479515,1,0.6,-0.4,0.9,0,0,0,0,0,0,0,0,0
479515,1,0.7,-0.4,1.1,0,0,0,0,0,0,0,0,0
479515,1,0.7,-0.3,1.2,0,0,0,0,0,0,0,0,0
479515,1,0.8,-0.3,1.3,0,0,0,0,0,0,0,0,0
479515,1,0.8,-0.3,1.4,0,0,0,0,0,0,0,0,0
479515,0,0.8,-0.3,1.4,0,0,0,0,0,0,0,0,0
479515,1,0.9,-0.2,1.5,0,0,0,0,0,0,0,0,0
479515,1,0.9,-0.2,1.6,0,0,0,0,0,0,0,0,0
479515,1,0.9,-0.2,1.7,0,0,0,0,0,0,0,0,0
479515,1,1,-0.3,1.8,0,0,0,0,0,0,0,0,0
479515,0,1,-0.3,1.8,0,0,0,0,0,0,0,0,0
479515,1,1,-0.4,1.8,0,0,0,0,0,0,0,0,0
479515,0,1,-0.4,1.8,0,0,0,0,0,0,0,0,0
479515,1,1,-0.5,1.8,0,0,0,0,0,0,0,0,0
479515,0,1,-0.5,1.8,0,0,0,0,0,0,0,0,0
479515,1,1,-0.6,1.7,0,0,0,0,0,0,0,0,0
479515,1,1,-0.7,1.7,0,0,0,0,0,0,0,0,0
479515,0,1,-0.7,1.7,0,0,0,0,0,0,0,0,0
479515,0,1,-0.7,1.7,0,0,0,0,0,0,0,0,0
479515,1,1,-0.8,1.7,0,0,0,0,0,0,0,0,0
479515,0,1,-0.8,1.7,0,0,0,0,0,0,0,0,0
479515,1,1,-0.9,1.7,0,0,0,0,0,0,0,0,0
479515,0,1,-0.9,1.7,0,0,0,0,0,0,0,0,0
479515,1,1,-1,1.7,0,0,0,0,0,0,0,0,0
479515,0,1,-1,1.7,0,0,0,0,0,0,0,0,0
479515,0,1,-1,1.7,0,0,0,0,0,0,0,0,0
479515,0,1,-1,1.7,0,0,0,0,0,0,0,0,0
479515,0,1,-1,1.7,0,0,0,0,0,0,0,0,0
479515,0,1,-1,1.7,0,0,0,0,0,0,0,0,0
479515,1,1,-1.1,1.7,0,0,0,0,0,0,0,0,0
479515,0,1,-1.1,1.7,0,0,0,0,0,0,0,0,0
479515,0,1,-1.1,1.7,0,0,0,0,0,0,0,0,0
479515,0,1,-1.1,1.7,0,0,0,0,0,0,0,0,0
479515,0,1,-1.1,1.7,0,0,0,0,0,0,0,0,0
479515,1,0.9,-1.1,1.7,0,0,0,0,0,0,0,0,0
479515,1,0.9,-1.2,1.7,0,0,0,0,0,0,0,0,0
479515,1,1,-1.2,1.7,0,0,0,0,0,0,0,0,0
479515,0,1,-1.2,1.7,0,0,0,0,0,0,0,0,0
479515,0,1,-1.2,1.7,0,0,0,0,0,0,0,0,0
479515,0,1,-1.2,1.7,0,0,0,0,0,0,0,0,0
479515,1,1,-1.3,1.7,0,0,0,0,0,0,0,0,0
479515,0,1,-1.3,1.7,0,0,0,0,0,0,0,0,0
479516,0,1,-1.3,1.7,0,0,0,0,0,0,0,0,0
479516,0,1,-1.3,1.7,0,0,0,0,0,0,0,0,0
479516,0,1,-1.3,1.7,0,0,0,0,0,0,0,0,0
479516,0,1,-1.3,1.7,0,0,0,0,0,0,0,0,0
479516,0,1,-1.3,1.7,0,0,0,0,0,0,0,0,0
479516,0,1,-1.3,1.7,0,0,0,0,0,0,0,0,0
479516,0,1,-1.3,1.7,0,0,0,0,0,0,0,0,0
479516,0,1,-1.3,1.7,0,0,0,0,0,0,0,0,0
479516,0,1,-1.3,1.7,0,0,0,0,0,0,0,0,0
479516,1,1,-1.4,1.7,0,0,0,0,0,0,0,0,0
479516,0,1,-1.4,1.7,0,0,0,0,0,0,0,0,0
479516,0,1,-1.4,1.7,0,0,0,0,0,0,0,0,0
479516,0,1,-1.4,1.7,0,0,0,0,0,0,0,0,0
479516,0,1,-1.4,1.7,0,0,0,0,0,0,0,0,0
479516,0,1,-1.4,1.7,0,0,0,0,0,0,0,0,0
479516,0,1,-1.4,1.7,0,0,0,0,0,0,0,0,0
479516,0,1,-1.4,1.7,0,0,0,0,0,0,0,0,0
479516,0,1,-1.4,1.7,0,0,0,0,0,0,0,0,0
479516,0,1,-1.4,1.7,0,0,0,0,0,0,0,0,0
479516,1,1,-1.3,1.7,0,0,0,0,0,0,0,0,0
479516,0,1,-1.3,1.7,0,0,0,0,0,0,0,0,0
479516,0,1,-1.3,1.7,0,0,0,0,0,0,0,0,0
479516,0,1,-1.3,1.7,0,0,0,0,0,0,0,0,0
479516,1,1,-1.3,1.8,0,0,0,0,0,0,0,0,0
479516,0,1,-1.3,1.8,0,0,0,0,0,0,0,0,0
479516,0,1,-1.3,1.8,0,0,0,0,0,0,0,0,0
479516,0,1,-1.3,1.8,0,0,0,0,0,0,0,0,0
479516,0,1,-1.3,1.8,0,0,0,0,0,0,0,0,0
479516,0,1,-1.3,1.8,0,0,0,0,0,0,0,0,0
479516,0,1,-1.3,1.8,0,0,0,0,0,0,0,0,0
479516,0,1,-1.3,1.8,0,0,0,0,0,0,0,0,0
479516,0,1,-1.3,1.8,0,0,0,0,0,0,0,0,0
479516,0,1,-1.3,1.8,0,0,0,0,0,0,0,0,0
479516,0,1,-1.3,1.8,0,0,0,0,0,0,0,0,0
479516,0,1,-1.3,1.8,0,0,0,0,0,0,0,0,0
479516,0,1,-1.3,1.8,0,0,0,0,0,0,0,0,0
479516,0,1,-1.3,1.8,0,0,0,0,0,0,0,0,0
479516,1,1,-1.3,1.7,0,0,0,0,0,0,0,0,0
479516,0,1,-1.3,1.7,0,0,0,0,0,0,0,0,0
479516,0,1,-1.3,1.7,0,0,0,0,0,0,0,0,0
479516,0,1,-1.3,1.7,0,0,0,0,0,0,0,0,0
479516,0,1,-1.3,1.7,0,0,0,0,0,0,0,0,0
479516,1,1,-1.3,1.8,0,0,0,0,0,0,0,0,0
479516,0,1,-1.3,1.8,0,0,0,0,0,0,0,0,0
479516,0,1,-1.3,1.8,0,0,0,0,0,0,0,0,0
479516,0,1,-1.3,1.8,0,0,0,0,0,0,0,0,0
479516,0,1,-1.3,1.8,0,0,0,0,0,0,0,0,0
479516,0,1,-1.3,1.8,0,0,0,0,0,0,0,0,0
479516,0,1,-1.3,1.8,0,0,0,0,0,0,0,0,0
479516,0,1,-1.3,1.8,0,0,0,0,0,0,0,0,0
479516,0,1,-1.3,1.8,0,0,0,0,0,0,0,0,0
479516,0,1,-1.3,1.8,0,0,0,0,0,0,0,0,0
479516,0,1,-1.3,1.8,0,0,0,0,0,0,0,0,0
479516,1,1,-1.3,1.7,0,0,0,0,0,0,0,0,0
479516,0,1,-1.3,1.7,0,0,0,0,0,0,0,0,0
479516,0,1,-1.3,1.7,0,0,0,0,0,0,0,0,0
479516,0,1,-1.3,1.7,0,0,0,0,0,0,0,0,0
479516,0,1,-1.3,1.7,0,0,0,0,0,0,0,0,0
479516,0,1,-1.3,1.7,0,0,0,0,0,0,0,0,0
479516,0,1,-1.3,1.7,0,0,0,0,0,0,0,0,0
479516,0,1,-1.3,1.7,0,0,0,0,0,0,0,0,0
479516,0,1,-1.3,1.7,0,0,0,0,0,0,0,0,0
479516,0,1,-1.3,1.7,0,0,0,0,0,0,0,0,0
479516,0,1,-1.3,1.7,0,0,0,0,0,0,0,0,0
479516,0,1,-1.3,1.7,0,0,0,0,0,0,0,0,0
479516,0,1,-1.3,1.7,0,0,0,0,0,0,0,0,0
479516,0,1,-1.3,1.7,0,0,0,0,0,0,0,0,0
479516,1,1,-1.3,1.8,0,0,0,0,0,0,0,0,0
479516,0,1,-1.3,1.8,0,0,0,0,0,0,0,0,0
479516,0,1,-1.3,1.8,0,0,0,0,0,0,0,0,0
479516,0,1,-1.3,1.8,0,0,0,0,0,0,0,0,0
479516,0,1,-1.3,1.8,0,0,0,0,0,0,0,0,0
479516,0,1,-1.3,1.8,0,0,0,0,0,0,0,0,0
479516,0,1,-1.3,1.8,0,0,0,0,0,0,0,0,0
479516,1,1,-1.3,1.7,0,0,0,0,0,0,0,0,0
479516,0,1,-1.3,1.7,0,0,0,0,0,0,0,0,0
479516,0,1,-1.3,1.7,0,0,0,0,0,0,0,0,0
479516,0,1,-1.3,1.7,0,0,0,0,0,0,0,0,0
479516,1,1.1,-1.3,1.7,0,0,0,0,0,0,0,0,0
479516,0,1.1,-1.3,1.7,0,0,0,0,0,0,0,0,0
479516,0,1.1,-1.3,1.7,0,0,0,0,0,0,0,0,0
479516,0,1.1,-1.3,1.7,0,0,0,0,0,0,0,0,0
479516,0,1.1,-1.3,1.7,0,0,0,0,0,0,0,0,0
479516,1,1,-1.3,1.8,0,0,0,0,0,0,0,0,0
479516,0,1,-1.3,1.8,0,0,0,0,0,0,0,0,0
479516,0,1,-1.3,1.8,0,0,0,0,0,0,0,0,0
479516,0,1,-1.3,1.8,0,0,0,0,0,0,0,0,0
479517,0,1,-1.3,1.8,0,0,0,0,0,0,0,0,0
479517,1,1,-1.2,1.8,0,0,0,0,0,0,0,0,0
479517,0,1,-1.2,1.8,0,0,0,0,0,0,0,0,0
479517,0,1,-1.2,1.8,0,0,0,0,0,0,0,0,0
479517,0,1,-1.2,1.8,0,0,0,0,0,0,0,0,0
479517,0,1,-1.2,1.8,0,0,0,0,0,0,0,0,0
479517,0,1,-1.2,1.8,0,0,0,0,0,0,0,0,0
479517,1,1,-1.3,1.8,0,0,0,0,0,0,0,0,0
479517,0,1,-1.3,1.8,0,0,0,0,0,0,0,0,0
479517,0,1,-1.3,1.8,0,0,0,0,0,0,0,0,0
479517,1,1,-1.3,1.7,0,0,0,0,0,0,0,0,0
479517,0,1,-1.3,1.7,0,0,0,0,0,0,0,0,0
479517,1,1.1,-1.3,1.7,0,0,0,0,0,0,0,0,0
479517,0,1.1,-1.3,1.7,0,0,0,0,0,0,0,0,0
479517,0,1.1,-1.3,1.7,0,0,0,0,0,0,0,0,0
479517,0,1.1,-1.3,1.7,0,0,0,0,0,0,0,0,0
479517,1,1.1,-1.3,1.8,0,0,0,0,0,0,0,0,0
479517,1,1,-1.3,1.8,0,0,0,0,0,0,0,0,0
479517,1,1,-1.2,1.8,0,0,0,0,0,0,0,0,0
479517,0,1,-1.2,1.8,0,0,0,0,0,0,0,0,0
479517,0,1,-1.2,1.8,0,0,0,0,0,0,0,0,0
479517,0,1,-1.2,1.8,0,0,0,0,0,0,0,0,0
479517,0,1,-1.2,1.8,0,0,0,0,0,0,0,0,0
479517,0,1,-1.2,1.8,0,0,0,0,0,0,0,0,0
479517,0,1,-1.2,1.8,0,0,0,0,0,0,0,0,0
479517,0,1,-1.2,1.8,0,0,0,0,0,0,0,0,0
479517,0,1,-1.2,1.8,0,0,0,0,0,0,0,0,0
479517,0,1,-1.2,1.8,0,0,0,0,0,0,0,0,0
479517,0,1,-1.2,1.8,0,0,0,0,0,0,0,0,0
479517,1,1,-1.3,1.8,0,0,0,0,0,0,0,0,0
479517,1,1,-1.3,1.7,0,0,0,0,0,0,0,0,0
479517,0,1,-1.3,1.7,0,0,0,0,0,0,0,0,0
479517,0,1,-1.3,1.7,0,0,0,0,0,0,0,0,0
479517,0,1,-1.3,1.7,0,0,0,0,0,0,0,0,0
479517,0,1,-1.3,1.7,0,0,0,0,0,0,0,0,0
479517,0,1,-1.3,1.7,0,0,0,0,0,0,0,0,0
479517,0,1,-1.3,1.7,0,0,0,0,0,0,0,0,0
479517,0,1,-1.3,1.7,0,0,0,0,0,0,0,0,0
479517,0,1,-1.3,1.7,0,0,0,0,0,0,0,0,0
479517,1,1,-1.3,1.8,0,0,0,0,0,0,0,0,0
479517,0,1,-1.3,1.8,0,0,0,0,0,0,0,0,0
479517,0,1,-1.3,1.8,0,0,0,0,0,0,0,0,0
479517,0,1,-1.3,1.8,0,0,0,0,0,0,0,0,0
479517,0,1,-1.3,1.8,0,0,0,0,0,0,0,0,0
479517,0,1,-1.3,1.8,0,0,0,0,0,0,0,0,0
479517,1,1,-1.2,1.8,0,0,0,0,0,0,0,0,0
479517,0,1,-1.2,1.8,0,0,0,0,0,0,0,0,0
479517,0,1,-1.2,1.8,0,0,0,0,0,0,0,0,0
479517,0,1,-1.2,1.8,0,0,0,0,0,0,0,0,0
479517,1,1,-1.3,1.8,0,0,0,0,0,0,0,0,0
479517,0,1,-1.3,1.8,0,0,0,0,0,0,0,0,0
479517,0,1,-1.3,1.8,0,0,0,0,0,0,0,0,0
479517,0,1,-1.3,1.8,0,0,0,0,0,0,0,0,0
479517,1,1,-1.3,1.7,0,0,0,0,0,0,0,0,0
479517,0,1,-1.3,1.7,0,0,0,0,0,0,0,0,0
479517,0,1,-1.3,1.7,0,0,0,0,0,0,0,0,0
479517,0,1,-1.3,1.7,0,0,0,0,0,0,0,0,0
479517,0,1,-1.3,1.7,0,0,0,0,0,0,0,0,0
479517,0,1,-1.3,1.7,0,0,0,0,0,0,0,0,0
479517,0,1,-1.3,1.7,0,0,0,0,0,0,0,0,0
479517,0,1,-1.3,1.7,0,0,0,0,0,0,0,0,0
479517,0,1,-1.3,1.7,0,0,0,0,0,0,0,0,0
479517,0,1,-1.3,1.7,0,0,0,0,0,0,0,0,0
479517,1,1,-1.3,1.8,0,0,0,0,0,0,0,0,0
479517,0,1,-1.3,1.8,0,0,0,0,0,0,0,0,0
479517,0,1,-1.3,1.8,0,0,0,0,0,0,0,0,0
479517,0,1,-1.3,1.8,0,0,0,0,0,0,0,0,0
479517,0,1,-1.3,1.8,0,0,0,0,0,0,0,0,0
479517,0,1,-1.3,1.8,0,0,0,0,0,0,0,0,0
479517,0,1,-1.3,1.8,0,0,0,0,0,0,0,0,0
479517,0,1,-1.3,1.8,0,0,0,0,0,0,0,0,0
479517,0,1,-1.3,1.8,0,0,0,0,0,0,0,0,0
479517,1,1,-1.3,1.7,0,0,0,0,0,0,0,0,0
479517,1,0.9,-1.2,1.6,0,0,0,0,0,0,0,0,0
479517,1,0.8,-1.2,1.5,0,0,0,0,0,0,0,0,0
479517,1,0.7,-1.1,1.3,0,0,0,0,0,0,0,0,0
479517,0,0.7,-1.1,1.3,0,0,0,0,0,0,0,0,0
479517,1,0.6,-1,1.1,0,0,0,0,0,0,0,0,0
479517,1,0.5,-0.9,0.9,0,0,0,0,0,0,0,0,0
479517,1,-0.5,-0.5,0.7,0,0,0,0,0,0,0,0,0
479517,1,-0.4,-0.4,0.6,0,0,0,0,0,0,0,0,0
479517,1,0,0,0,0,0,0,0,0,0,0,0,0
479517,0,0,0,0,0,0,0,0,0,0,0,0,0
479517,0,0,0,0,0,0,0,0,0,0,0,0,0
479517,0,0,0,0,0,0,0,0,0,0,0,0,0
479517,0,0,0,0,0,0,0,0,0,0,0,0,0
479517,0,0,0,0,0,0,0,0,0,0,0,0,0
479517,0,0,0,0,0,0,0,0,0,0,0,0,0
479517,0,0,0,0,0,0,0,0,0,0,0,0,0
479517,0,0,0,0,0,0,0,0,0,0,0,0,0
479518,0,0,0,0,0,0,0,0,0,0,0,0,0
479518,0,0,0,0,0,0,0,0,0,0,0,0,0
479518,0,0,0,0,0,0,0,0,0,0,0,0,0
479518,0,0,0,0,0,0,0,0,0,0,0,0,0
479518,0,0,0,0,0,0,0,0,0,0,0,0,0
479518,0,0,0,0,0,0,0,0,0,0,0,0,0
479518,0,0,0,0,0,0,0,0,0,0,0,0,0
479518,0,0,0,0,0,0,0,0,0,0,0,0,0
479518,0,0,0,0,0,0,0,0,0,0,0,0,0
479518,0,0,0,0,0,0,0,0,0,0,0,0,0
479518,0,0,0,0,0,0,0,0,0,0,0,0,0
479518,0,0,0,0,0,0,0,0,0,0,0,0,0
479518,0,0,0,0,0,0,0,0,0,0,0,0,0
479518,0,0,0,0,0,0,0,0,0,0,0,0,0
479518,0,0,0,0,0,0,0,0,0,0,0,0,0
479518,0,0,0,0,0,0,0,0,0,0,0,0,0
479518,0,0,0,0,0,0,0,0,0,0,0,0,0
479518,0,0,0,0,0,0,0,0,0,0,0,0,0
479518,0,0,0,0,0,0,0,0,0,0,0,0,0
479518,0,0,0,0,0,0,0,0,0,0,0,0,0
479518,0,0,0,0,0,0,0,0,0,0,0,0,0
479518,0,0,0,0,0,0,0,0,0,0,0,0,0
479518,0,0,0,0,0,0,0,0,0,0,0,0,0
479518,0,0,0,0,0,0,0,0,0,0,0,0,0
479518,0,0,0,0,0,0,0,0,0,0,0,0,0
479518,0,0,0,0,0,0,0,0,0,0,0,0,0
479518,0,0,0,0,0,0,0,0,0,0,0,0,0
479518,0,0,0,0,0,0,0,0,0,0,0,0,0
479518,0,0,0,0,0,0,0,0,0,0,0,0,0
479518,0,0,0,0,0,0,0,0,0,0,0,0,0
479518,0,0,0,0,0,0,0,0,0,0,0,0,0
479518,0,0,0,0,0,0,0,0,0,0,0,0,0
479518,0,0,0,0,0,0,0,0,0,0,0,0,0
479518,0,0,0,0,0,0,0,0,0,0,0,0,0
479518,0,0,0,0,0,0,0,0,0,0,0,0,0
479518,0,0,0,0,0,0,0,0,0,0,0,0,0
479518,0,0,0,0,0,0,0,0,0,0,0,0,0
479518,0,0,0,0,0,0,0,0,0,0,0,0,0
479518,0,0,0,0,0,0,0,0,0,0,0,0,0
479518,0,0,0,0,0,0,0,0,0,0,0,0,0
479518,0,0,0,0,0,0,0,0,0,0,0,0,0
479518,0,0,0,0,0,0,0,0,0,0,0,0,0
479518,0,0,0,0,0,0,0,0,0,0,0,0,0
479518,0,0,0,0,0,0,0,0,0,0,0,0,0
479518,0,0,0,0,0,0,0,0,0,0,0,0,0
479518,0,0,0,0,0,0,0,0,0,0,0,0,0
479518,0,0,0,0,0,0,0,0,0,0,0,0,0
479518,0,0,0,0,0,0,0,0,0,0,0,0,0
479518,0,0,0,0,0,0,0,0,0,0,0,0,0
479518,0,0,0,0,0,0,0,0,0,0,0,0,0
479518,0,0,0,0,0,0,0,0,0,0,0,0,0
479518,0,0,0,0,0,0,0,0,0,0,0,0,0
479518,0,0,0,0,0,0,0,0,0,0,0,0,0
479518,0,0,0,0,0,0,0,0,0,0,0,0,0
479518,0,0,0,0,0,0,0,0,0,0,0,0,0
479518,0,0,0,0,0,0,0,0,0,0,0,0,0
479518,0,0,0,0,0,0,0,0,0,0,0,0,0
479518,0,0,0,0,0,0,0,0,0,0,0,0,0
479518,0,0,0,0,0,0,0,0,0,0,0,0,0
479518,0,0,0,0,0,0,0,0,0,0,0,0,0
479518,0,0,0,0,0,0,0,0,0,0,0,0,0
479518,0,0,0,0,0,0,0,0,0,0,0,0,0
479518,0,0,0,0,0,0,0,0,0,0,0,0,0
479518,0,0,0,0,0,0,0,0,0,0,0,0,0
479518,0,0,0,0,0,0,0,0,0,0,0,0,0
479518,0,0,0,0,0,0,0,0,0,0,0,0,0
479518,0,0,0,0,0,0,0,0,0,0,0,0,0
479518,0,0,0,0,0,0,0,0,0,0,0,0,0
479518,0,0,0,0,0,0,0,0,0,0,0,0,0
479518,0,0,0,0,0,0,0,0,0,0,0,0,0
479518,0,0,0,0,0,0,0,0,0,0,0,0,0
479518,0,0,0,0,0,0,0,0,0,0,0,0,0
479518,0,0,0,0,0,0,0,0,0,0,0,0,0
479518,0,0,0,0,0,0,0,0,0,0,0,0,0
479518,0,0,0,0,0,0,0,0,0,0,0,0,0
479518,0,0,0,0,0,0,0,0,0,0,0,0,0
479518,0,0,0,0,0,0,0,0,0,0,0,0,0
479518,0,0,0,0,0,0,0,0,0,0,0,0,0
479518,0,0,0,0,0,0,0,0,0,0,0,0,0
479518,0,0,0,0,0,0,0,0,0,0,0,0,0
479518,0,0,0,0,0,0,0,0,0,0,0,0,0
479518,0,0,0,0,0,0,0,0,0,0,0,0,0
479518,0,0,0,0,0,0,0,0,0,0,0,0,0
479518,0,0,0,0,0,0,0,0,0,0,0,0,0
479518,0,0,0,0,0,0,0,0,0,0,0,0,0
479518,0,0,0,0,0,0,0,0,0,0,0,0,0
479518,0,0,0,0,0,0,0,0,0,0,0,0,0
479518,0,0,0,0,0,0,0,0,0,0,0,0,0
479518,0,0,0,0,0,0,0,0,0,0,0,0,0
479518,0,0,0,0,0,0,0,0,0,0,0,0,0
479519,0,0,0,0,0,0,0,0,0,0,0,0,0
479519,0,0,0,0,0,0,0,0,0,0,0,0,0
479519,0,0,0,0,0,0,0,0,0,0,0,0,0
479519,0,0,0,0,0,0,0,0,0,0,0,0,0
479519,0,0,0,0,0,0,0,0,0,0,0,0,0
479519,0,0,0,0,0,0,0,0,0,0,0,0,0
479519,0,0,0,0,0,0,0,0,0,0,0,0,0
479519,0,0,0,0,0,0,0,0,0,0,0,0,0
479519,0,0,0,0,0,0,0,0,0,0,0,0,0
479519,0,0,0,0,0,0,0,0,0,0,0,0,0
479519,0,0,0,0,0,0,0,0,0,0,0,0,0
479519,0,0,0,0,0,0,0,0,0,0,0,0,0
479519,0,0,0,0,0,0,0,0,0,0,0,0,0
479519,0,0,0,0,0,0,0,0,0,0,0,0,0
479519,0,0,0,0,0,0,0,0,0,0,0,0,0
479519,0,0,0,0,0,0,0,0,0,0,0,0,0
479519,0,0,0,0,0,0,0,0,0,0,0,0,0
479519,0,0,0,0,0,0,0,0,0,0,0,0,0
479519,0,0,0,0,0,0,0,0,0,0,0,0,0
479519,0,0,0,0,0,0,0,0,0,0,0,0,0
479519,0,0,0,0,0,0,0,0,0,0,0,0,0
479519,0,0,0,0,0,0,0,0,0,0,0,0,0
479519,0,0,0,0,0,0,0,0,0,0,0,0,0
479519,0,0,0,0,0,0,0,0,0,0,0,0,0
479519,0,0,0,0,0,0,0,0,0,0,0,0,0
479519,0,0,0,0,0,0,0,0,0,0,0,0,0
479519,0,0,0,0,0,0,0,0,0,0,0,0,0
479519,0,0,0,0,0,0,0,0,0,0,0,0,0
479519,0,0,0,0,0,0,0,0,0,0,0,0,0
479519,0,0,0,0,0,0,0,0,0,0,0,0,0
479519,0,0,0,0,0,0,0,0,0,0,0,0,0
479519,0,0,0,0,0,0,0,0,0,0,0,0,0
479519,0,0,0,0,0,0,0,0,0,0,0,0,0
479519,0,0,0,0,0,0,0,0,0,0,0,0,0
479519,0,0,0,0,0,0,0,0,0,0,0,0,0
479519,0,0,0,0,0,0,0,0,0,0,0,0,0
479519,0,0,0,0,0,0,0,0,0,0,0,0,0
479519,0,0,0,0,0,0,0,0,0,0,0,0,0
479519,0,0,0,0,0,0,0,0,0,0,0,0,0
479519,0,0,0,0,0,0,0,0,0,0,0,0,0
479519,0,0,0,0,0,0,0,0,0,0,0,0,0
479519,0,0,0,0,0,0,0,0,0,0,0,0,0
479519,0,0,0,0,0,0,0,0,0,0,0,0,0
479519,0,0,0,0,0,0,0,0,0,0,0,0,0
479519,0,0,0,0,0,0,0,0,0,0,0,0,0
479519,0,0,0,0,0,0,0,0,0,0,0,0,0
479519,0,0,0,0,0,0,0,0,0,0,0,0,0
479519,0,0,0,0,0,0,0,0,0,0,0,0,0
479519,0,0,0,0,0,0,0,0,0,0,0,0,0
479519,0,0,0,0,0,0,0,0,0,0,0,0,0
479519,0,0,0,0,0,0,0,0,0,0,0,0,0
479519,0,0,0,0,0,0,0,0,0,0,0,0,0
479519,0,0,0,0,0,0,0,0,0,0,0,0,0
479519,0,0,0,0,0,0,0,0,0,0,0,0,0
479519,0,0,0,0,0,0,0,0,0,0,0,0,0
479519,0,0,0,0,0,0,0,0,0,0,0,0,0
479519,0,0,0,0,0,0,0,0,0,0,0,0,0
479519,0,0,0,0,0,0,0,0,0,0,0,0,0
479519,0,0,0,0,0,0,0,0,0,0,0,0,0
479519,0,0,0,0,0,0,0,0,0,0,0,0,0
479519,0,0,0,0,0,0,0,0,0,0,0,0,0
479519,0,0,0,0,0,0,0,0,0,0,0,0,0
479519,0,0,0,0,0,0,0,0,0,0,0,0,0
479519,0,0,0,0,0,0,0,0,0,0,0,0,0
479519,0,0,0,0,0,0,0,0,0,0,0,0,0
479519,0,0,0,0,0,0,0,0,0,0,0,0,0
479519,0,0,0,0,0,0,0,0,0,0,0,0,0
479519,0,0,0,0,0,0,0,0,0,0,0,0,0
479519,0,0,0,0,0,0,0,0,0,0,0,0,0
479519,0,0,0,0,0,0,0,0,0,0,0,0,0
479519,0,0,0,0,0,0,0,0,0,0,0,0,0
479519,0,0,0,0,0,0,0,0,0,0,0,0,0
479519,0,0,0,0,0,0,0,0,0,0,0,0,0
479519,0,0,0,0,0,0,0,0,0,0,0,0,0
479519,0,0,0,0,0,0,0,0,0,0,0,0,0
479519,0,0,0,0,0,0,0,0,0,0,0,0,0
479519,0,0,0,0,0,0,0,0,0,0,0,0,0
479519,0,0,0,0,0,0,0,0,0,0,0,0,0
479519,0,0,0,0,0,0,0,0,0,0,0,0,0
479519,0,0,0,0,0,0,0,0,0,0,0,0,0
479519,0,0,0,0,0,0,0,0,0,0,0,0,0
479519,0,0,0,0,0,0,0,0,0,0,0,0,0
479519,0,0,0,0,0,0,0,0,0,0,0,0,0
479519,0,0,0,0,0,0,0,0,0,0,0,0,0
479519,0,0,0,0,0,0,0,0,0,0,0,0,0
479519,0,0,0,0,0,0,0,0,0,0,0,0,0
479519,0,0,0,0,0,0,0,0,0,0,0,0,0
479519,0,0,0,0,0,0,0,0,0,0,0,0,0
479519,0,0,0,0,0,0,0,0,0,0,0,0,0
479520,0,0,0,0,0,0,0,0,0,0,0,0,0
479520,0,0,0,0,0,0,0,0,0,0,0,0,0
479520,0,0,0,0,0,0,0,0,0,0,0,0,0
479520,0,0,0,0,0,0,0,0,0,0,0,0,0
479520,0,0,0,0,0,0,0,0,0,0,0,0,0
479520,0,0,0,0,0,0,0,0,0,0,0,0,0
479520,0,0,0,0,0,0,0,0,0,0,0,0,0
479520,0,0,0,0,0,0,0,0,0,0,0,0,0
479520,0,0,0,0,0,0,0,0,0,0,0,0,0
479520,0,0,0,0,0,0,0,0,0,0,0,0,0
479520,0,0,0,0,0,0,0,0,0,0,0,0,0
479520,0,0,0,0,0,0,0,0,0,0,0,0,0
479520,0,0,0,0,0,0,0,0,0,0,0,0,0
479520,0,0,0,0,0,0,0,0,0,0,0,0,0
479520,0,0,0,0,0,0,0,0,0,0,0,0,0
479520,0,0,0,0,0,0,0,0,0,0,0,0,0
479520,0,0,0,0,0,0,0,0,0,0,0,0,0
479520,0,0,0,0,0,0,0,0,0,0,0,0,0
479520,0,0,0,0,0,0,0,0,0,0,0,0,0
479520,0,0,0,0,0,0,0,0,0,0,0,0,0
479520,0,0,0,0,0,0,0,0,0,0,0,0,0
479520,0,0,0,0,0,0,0,0,0,0,0,0,0
479520,0,0,0,0,0,0,0,0,0,0,0,0,0
479520,0,0,0,0,0,0,0,0,0,0,0,0,0
479520,0,0,0,0,0,0,0,0,0,0,0,0,0
479520,0,0,0,0,0,0,0,0,0,0,0,0,0
479520,0,0,0,0,0,0,0,0,0,0,0,0,0
479520,0,0,0,0,0,0,0,0,0,0,0,0,0
479520,0,0,0,0,0,0,0,0,0,0,0,0,0
479520,0,0,0,0,0,0,0,0,0,0,0,0,0
479520,0,0,0,0,0,0,0,0,0,0,0,0,0
479520,0,0,0,0,0,0,0,0,0,0,0,0,0
479520,0,0,0,0,0,0,0,0,0,0,0,0,0
479520,0,0,0,0,0,0,0,0,0,0,0,0,0
479520,0,0,0,0,0,0,0,0,0,0,0,0,0
479520,0,0,0,0,0,0,0,0,0,0,0,0,0
479520,0,0,0,0,0,0,0,0,0,0,0,0,0
479520,0,0,0,0,0,0,0,0,0,0,0,0,0
479520,0,0,0,0,0,0,0,0,0,0,0,0,0
479520,0,0,0,0,0,0,0,0,0,0,0,0,0
479520,0,0,0,0,0,0,0,0,0,0,0,0,0
479520,0,0,0,0,0,0,0,0,0,0,0,0,0
479520,0,0,0,0,0,0,0,0,0,0,0,0,0
479520,0,0,0,0,0,0,0,0,0,0,0,0,0
479520,0,0,0,0,0,0,0,0,0,0,0,0,0
479520,0,0,0,0,0,0,0,0,0,0,0,0,0
479520,0,0,0,0,0,0,0,0,0,0,0,0,0
479520,0,0,0,0,0,0,0,0,0,0,0,0,0
479520,0,0,0,0,0,0,0,0,0,0,0,0,0
479520,0,0,0,0,0,0,0,0,0,0,0,0,0
479520,0,0,0,0,0,0,0,0,0,0,0,0,0
479520,0,0,0,0,0,0,0,0,0,0,0,0,0
479520,0,0,0,0,0,0,0,0,0,0,0,0,0
479520,0,0,0,0,0,0,0,0,0,0,0,0,0
479520,0,0,0,0,0,0,0,0,0,0,0,0,0
479520,0,0,0,0,0,0,0,0,0,0,0,0,0
479520,0,0,0,0,0,0,0,0,0,0,0,0,0
479520,0,0,0,0,0,0,0,0,0,0,0,0,0
479520,0,0,0,0,0,0,0,0,0,0,0,0,0
479520,0,0,0,0,0,0,0,0,0,0,0,0,0
479520,0,0,0,0,0,0,0,0,0,0,0,0,0
479520,0,0,0,0,0,0,0,0,0,0,0,0,0
479520,0,0,0,0,0,0,0,0,0,0,0,0,0
479520,0,0,0,0,0,0,0,0,0,0,0,0,0
479520,0,0,0,0,0,0,0,0,0,0,0,0,0
479520,0,0,0,0,0,0,0,0,0,0,0,0,0
479520,0,0,0,0,0,0,0,0,0,0,0,0,0
479520,0,0,0,0,0,0,0,0,0,0,0,0,0
479520,0,0,0,0,0,0,0,0,0,0,0,0,0
479520,0,0,0,0,0,0,0,0,0,0,0,0,0
479520,0,0,0,0,0,0,0,0,0,0,0,0,0
479520,0,0,0,0,0,0,0,0,0,0,0,0,0
479520,0,0,0,0,0,0,0,0,0,0,0,0,0
479520,0,0,0,0,0,0,0,0,0,0,0,0,0
479520,0,0,0,0,0,0,0,0,0,0,0,0,0
479520,0,0,0,0,0,0,0,0,0,0,0,0,0
479520,0,0,0,0,0,0,0,0,0,0,0,0,0
479520,0,0,0,0,0,0,0,0,0,0,0,0,0
479520,0,0,0,0,0,0,0,0,0,0,0,0,0
479520,0,0,0,0,0,0,0,0,0,0,0,0,0
479520,0,0,0,0,0,0,0,0,0,0,0,0,0
479520,0,0,0,0,0,0,0,0,0,0,0,0,0
479520,0,0,0,0,0,0,0,0,0,0,0,0,0
479520,0,0,0,0,0,0,0,0,0,0,0,0,0
479520,0,0,0,0,0,0,0,0,0,0,0,0,0
479520,0,0,0,0,0,0,0,0,0,0,0,0,0
479520,0,0,0,0,0,0,0,0,0,0,0,0,0
479520,0,0,0,0,0,0,0,0,0,0,0,0,0
479520,0,0,0,0,0,0,0,0,0,0,0,0,0
479520,0,0,0,0,0,0,0,0,0,0,0,0,0
479521,0,0,0,0,0,0,0,0,0,0,0,0,0
479521,0,0,0,0,0,0,0,0,0,0,0,0,0
479521,0,0,0,0,0,0,0,0,0,0,0,0,0
479521,0,0,0,0,0,0,0,0,0,0,0,0,0
479521,0,0,0,0,0,0,0,0,0,0,0,0,0
479521,0,0,0,0,0,0,0,0,0,0,0,0,0
479521,0,0,0,0,0,0,0,0,0,0,0,0,0
479521,0,0,0,0,0,0,0,0,0,0,0,0,0
479521,0,0,0,0,0,0,0,0,0,0,0,0,0
479521,0,0,0,0,0,0,0,0,0,0,0,0,0
479521,0,0,0,0,0,0,0,0,0,0,0,0,0
479521,0,0,0,0,0,0,0,0,0,0,0,0,0
479521,0,0,0,0,0,0,0,0,0,0,0,0,0
479521,0,0,0,0,0,0,0,0,0,0,0,0,0
479521,0,0,0,0,0,0,0,0,0,0,0,0,0
479521,0,0,0,0,0,0,0,0,0,0,0,0,0
479521,0,0,0,0,0,0,0,0,0,0,0,0,0
479521,0,0,0,0,0,0,0,0,0,0,0,0,0
479521,0,0,0,0,0,0,0,0,0,0,0,0,0
479521,0,0,0,0,0,0,0,0,0,0,0,0,0
479521,0,0,0,0,0,0,0,0,0,0,0,0,0
479521,0,0,0,0,0,0,0,0,0,0,0,0,0
479521,0,0,0,0,0,0,0,0,0,0,0,0,0
479521,0,0,0,0,0,0,0,0,0,0,0,0,0
479521,0,0,0,0,0,0,0,0,0,0,0,0,0
479521,0,0,0,0,0,0,0,0,0,0,0,0,0
479521,0,0,0,0,0,0,0,0,0,0,0,0,0
479521,0,0,0,0,0,0,0,0,0,0,0,0,0
479521,0,0,0,0,0,0,0,0,0,0,0,0,0
479521,0,0,0,0,0,0,0,0,0,0,0,0,0
479521,0,0,0,0,0,0,0,0,0,0,0,0,0
479521,0,0,0,0,0,0,0,0,0,0,0,0,0
479521,0,0,0,0,0,0,0,0,0,0,0,0,0
479521,0,0,0,0,0,0,0,0,0,0,0,0,0
479521,0,0,0,0,0,0,0,0,0,0,0,0,0
479521,0,0,0,0,0,0,0,0,0,0,0,0,0
479521,0,0,0,0,0,0,0,0,0,0,0,0,0
479521,0,0,0,0,0,0,0,0,0,0,0,0,0
479521,0,0,0,0,0,0,0,0,0,0,0,0,0
479521,0,0,0,0,0,0,0,0,0,0,0,0,0
479521,0,0,0,0,0,0,0,0,0,0,0,0,0
479521,0,0,0,0,0,0,0,0,0,0,0,0,0
479521,0,0,0,0,0,0,0,0,0,0,0,0,0
479521,0,0,0,0,0,0,0,0,0,0,0,0,0
479521,0,0,0,0,0,0,0,0,0,0,0,0,0
479521,0,0,0,0,0,0,0,0,0,0,0,0,0
479521,0,0,0,0,0,0,0,0,0,0,0,0,0
479521,0,0,0,0,0,0,0,0,0,0,0,0,0
479521,0,0,0,0,0,0,0,0,0,0,0,0,0
479521,0,0,0,0,0,0,0,0,0,0,0,0,0
479521,0,0,0,0,0,0,0,0,0,0,0,0,0
479521,0,0,0,0,0,0,0,0,0,0,0,0,0
479521,0,0,0,0,0,0,0,0,0,0,0,0,0
479521,0,0,0,0,0,0,0,0,0,0,0,0,0
479521,0,0,0,0,0,0,0,0,0,0,0,0,0
479521,0,0,0,0,0,0,0,0,0,0,0,0,0
479521,0,0,0,0,0,0,0,0,0,0,0,0,0
479521,0,0,0,0,0,0,0,0,0,0,0,0,0
479521,0,0,0,0,0,0,0,0,0,0,0,0,0
479521,0,0,0,0,0,0,0,0,0,0,0,0,0
479521,0,0,0,0,0,0,0,0,0,0,0,0,0
479521,0,0,0,0,0,0,0,0,0,0,0,0,0
479521,0,0,0,0,0,0,0,0,0,0,0,0,0
479521,0,0,0,0,0,0,0,0,0,0,0,0,0
479521,0,0,0,0,0,0,0,0,0,0,0,0,0
479521,0,0,0,0,0,0,0,0,0,0,0,0,0
479521,0,0,0,0,0,0,0,0,0,0,0,0,0
479521,0,0,0,0,0,0,0,0,0,0,0,0,0
479521,0,0,0,0,0,0,0,0,0,0,0,0,0
479521,0,0,0,0,0,0,0,0,0,0,0,0,0
479521,0,0,0,0,0,0,0,0,0,0,0,0,0
479521,0,0,0,0,0,0,0,0,0,0,0,0,0
479521,0,0,0,0,0,0,0,0,0,0,0,0,0
479521,0,0,0,0,0,0,0,0,0,0,0,0,0
479521,0,0,0,0,0,0,0,0,0,0,0,0,0
479521,0,0,0,0,0,0,0,0,0,0,0,0,0
479521,0,0,0,0,0,0,0,0,0,0,0,0,0
479521,0,0,0,0,0,0,0,0,0,0,0,0,0
479521,0,0,0,0,0,0,0,0,0,0,0,0,0
479521,0,0,0,0,0,0,0,0,0,0,0,0,0
479521,0,0,0,0,0,0,0,0,0,0,0,0,0
479521,0,0,0,0,0,0,0,0,0,0,0,0,0
479521,0,0,0,0,0,0,0,0,0,0,0,0,0
479521,0,0,0,0,0,0,0,0,0,0,0,0,0
479521,0,0,0,0,0,0,0,0,0,0,0,0,0
479521,0,0,0,0,0,0,0,0,0,0,0,0,0
479521,0,0,0,0,0,0,0,0,0,0,0,0,0
479521,0,0,0,0,0,0,0,0,0,0,0,0,0
479521,0,0,0,0,0,0,0,0,0,0,0,0,0
479521,0,0,0,0,0,0,0,0,0,0,0,0,0
479522,0,0,0,0,0,0,0,0,0,0,0,0,0
479522,0,0,0,0,0,0,0,0,0,0,0,0,0
479522,0,0,0,0,0,0,0,0,0,0,0,0,0
479522,0,0,0,0,0,0,0,0,0,0,0,0,0
479522,0,0,0,0,0,0,0,0,0,0,0,0,0
479522,0,0,0,0,0,0,0,0,0,0,0,0,0
479522,0,0,0,0,0,0,0,0,0,0,0,0,0
479522,0,0,0,0,0,0,0,0,0,0,0,0,0
479522,0,0,0,0,0,0,0,0,0,0,0,0,0
479522,0,0,0,0,0,0,0,0,0,0,0,0,0
479522,0,0,0,0,0,0,0,0,0,0,0,0,0
479522,0,0,0,0,0,0,0,0,0,0,0,0,0
479522,0,0,0,0,0,0,0,0,0,0,0,0,0
479522,0,0,0,0,0,0,0,0,0,0,0,0,0
479522,0,0,0,0,0,0,0,0,0,0,0,0,0
479522,0,0,0,0,0,0,0,0,0,0,0,0,0
479522,0,0,0,0,0,0,0,0,0,0,0,0,0
479522,0,0,0,0,0,0,0,0,0,0,0,0,0
479522,0,0,0,0,0,0,0,0,0,0,0,0,0
479522,0,0,0,0,0,0,0,0,0,0,0,0,0
479522,0,0,0,0,0,0,0,0,0,0,0,0,0
479522,0,0,0,0,0,0,0,0,0,0,0,0,0
479522,0,0,0,0,0,0,0,0,0,0,0,0,0
479522,0,0,0,0,0,0,0,0,0,0,0,0,0
479522,0,0,0,0,0,0,0,0,0,0,0,0,0
479522,0,0,0,0,0,0,0,0,0,0,0,0,0
479522,0,0,0,0,0,0,0,0,0,0,0,0,0
479522,0,0,0,0,0,0,0,0,0,0,0,0,0
479522,0,0,0,0,0,0,0,0,0,0,0,0,0
479522,0,0,0,0,0,0,0,0,0,0,0,0,0
479522,0,0,0,0,0,0,0,0,0,0,0,0,0
479522,0,0,0,0,0,0,0,0,0,0,0,0,0
479522,0,0,0,0,0,0,0,0,0,0,0,0,0
479522,0,0,0,0,0,0,0,0,0,0,0,0,0
479522,0,0,0,0,0,0,0,0,0,0,0,0,0
479522,0,0,0,0,0,0,0,0,0,0,0,0,0
479522,0,0,0,0,0,0,0,0,0,0,0,0,0
479522,0,0,0,0,0,0,0,0,0,0,0,0,0
479522,0,0,0,0,0,0,0,0,0,0,0,0,0
479522,0,0,0,0,0,0,0,0,0,0,0,0,0
479522,0,0,0,0,0,0,0,0,0,0,0,0,0
479522,0,0,0,0,0,0,0,0,0,0,0,0,0
479522,0,0,0,0,0,0,0,0,0,0,0,0,0
479522,0,0,0,0,0,0,0,0,0,0,0,0,0
479522,0,0,0,0,0,0,0,0,0,0,0,0,0
479522,0,0,0,0,0,0,0,0,0,0,0,0,0
479522,0,0,0,0,0,0,0,0,0,0,0,0,0
479522,0,0,0,0,0,0,0,0,0,0,0,0,0
479522,0,0,0,0,0,0,0,0,0,0,0,0,0
479522,0,0,0,0,0,0,0,0,0,0,0,0,0
479522,0,0,0,0,0,0,0,0,0,0,0,0,0
479522,0,0,0,0,0,0,0,0,0,0,0,0,0
479522,0,0,0,0,0,0,0,0,0,0,0,0,0
479522,0,0,0,0,0,0,0,0,0,0,0,0,0
479522,0,0,0,0,0,0,0,0,0,0,0,0,0
479522,0,0,0,0,0,0,0,0,0,0,0,0,0
479522,0,0,0,0,0,0,0,0,0,0,0,0,0
479522,0,0,0,0,0,0,0,0,0,0,0,0,0
479522,0,0,0,0,0,0,0,0,0,0,0,0,0
479522,0,0,0,0,0,0,0,0,0,0,0,0,0
479522,0,0,0,0,0,0,0,0,0,0,0,0,0
479522,0,0,0,0,0,0,0,0,0,0,0,0,0
479522,0,0,0,0,0,0,0,0,0,0,0,0,0
479522,0,0,0,0,0,0,0,0,0,0,0,0,0
479522,0,0,0,0,0,0,0,0,0,0,0,0,0
479522,0,0,0,0,0,0,0,0,0,0,0,0,0
479522,0,0,0,0,0,0,0,0,0,0,0,0,0
479522,0,0,0,0,0,0,0,0,0,0,0,0,0
479522,0,0,0,0,0,0,0,0,0,0,0,0,0
479522,0,0,0,0,0,0,0,0,0,0,0,0,0
479522,0,0,0,0,0,0,0,0,0,0,0,0,0
479522,0,0,0,0,0,0,0,0,0,0,0,0,0
479522,0,0,0,0,0,0,0,0,0,0,0,0,0
479522,0,0,0,0,0,0,0,0,0,0,0,0,0
479522,0,0,0,0,0,0,0,0,0,0,0,0,0
479522,0,0,0,0,0,0,0,0,0,0,0,0,0
479522,0,0,0,0,0,0,0,0,0,0,0,0,0
479522,0,0,0,0,0,0,0,0,0,0,0,0,0
479522,0,0,0,0,0,0,0,0,0,0,0,0,0
479522,0,0,0,0,0,0,0,0,0,0,0,0,0
479522,0,0,0,0,0,0,0,0,0,0,0,0,0
479522,0,0,0,0,0,0,0,0,0,0,0,0,0
479522,0,0,0,0,0,0,0,0,0,0,0,0,0
479522,0,0,0,0,0,0,0,0,0,0,0,0,0
479522,0,0,0,0,0,0,0,0,0,0,0,0,0
479522,0,0,0,0,0,0,0,0,0,0,0,0,0
479522,0,0,0,0,0,0,0,0,0,0,0,0,0
479522,0,0,0,0,0,0,0,0,0,0,0,0,0
479522,0,0,0,0,0,0,0,0,0,0,0,0,0
479522,0,0,0,0,0,0,0,0,0,0,0,0,0
479523,0,0,0,0,0,0,0,0,0,0,0,0,0
479523,0,0,0,0,0,0,0,0,0,0,0,0,0
479523,0,0,0,0,0,0,0,0,0,0,0,0,0
479523,0,0,0,0,0,0,0,0,0,0,0,0,0
479523,0,0,0,0,0,0,0,0,0,0,0,0,0
479523,0,0,0,0,0,0,0,0,0,0,0,0,0
479523,0,0,0,0,0,0,0,0,0,0,0,0,0
479523,0,0,0,0,0,0,0,0,0,0,0,0,0
479523,0,0,0,0,0,0,0,0,0,0,0,0,0
479523,0,0,0,0,0,0,0,0,0,0,0,0,0
479523,0,0,0,0,0,0,0,0,0,0,0,0,0
479523,0,0,0,0,0,0,0,0,0,0,0,0,0
479523,0,0,0,0,0,0,0,0,0,0,0,0,0
479523,0,0,0,0,0,0,0,0,0,0,0,0,0
479523,0,0,0,0,0,0,0,0,0,0,0,0,0
479523,0,0,0,0,0,0,0,0,0,0,0,0,0
479523,0,0,0,0,0,0,0,0,0,0,0,0,0
479523,0,0,0,0,0,0,0,0,0,0,0,0,0
479523,0,0,0,0,0,0,0,0,0,0,0,0,0
479523,0,0,0,0,0,0,0,0,0,0,0,0,0
479523,0,0,0,0,0,0,0,0,0,0,0,0,0
479523,0,0,0,0,0,0,0,0,0,0,0,0,0
479523,0,0,0,0,0,0,0,0,0,0,0,0,0
479523,0,0,0,0,0,0,0,0,0,0,0,0,0
479523,0,0,0,0,0,0,0,0,0,0,0,0,0
479523,0,0,0,0,0,0,0,0,0,0,0,0,0
479523,0,0,0,0,0,0,0,0,0,0,0,0,0
479523,0,0,0,0,0,0,0,0,0,0,0,0,0
479523,0,0,0,0,0,0,0,0,0,0,0,0,0
479523,0,0,0,0,0,0,0,0,0,0,0,0,0
479523,0,0,0,0,0,0,0,0,0,0,0,0,0
479523,0,0,0,0,0,0,0,0,0,0,0,0,0
479523,0,0,0,0,0,0,0,0,0,0,0,0,0
479523,0,0,0,0,0,0,0,0,0,0,0,0,0
479523,0,0,0,0,0,0,0,0,0,0,0,0,0
479523,0,0,0,0,0,0,0,0,0,0,0,0,0
479523,0,0,0,0,0,0,0,0,0,0,0,0,0
479523,0,0,0,0,0,0,0,0,0,0,0,0,0
479523,0,0,0,0,0,0,0,0,0,0,0,0,0
479523,0,0,0,0,0,0,0,0,0,0,0,0,0
479523,0,0,0,0,0,0,0,0,0,0,0,0,0
479523,0,0,0,0,0,0,0,0,0,0,0,0,0
479523,0,0,0,0,0,0,0,0,0,0,0,0,0
479523,0,0,0,0,0,0,0,0,0,0,0,0,0
479523,0,0,0,0,0,0,0,0,0,0,0,0,0
479523,0,0,0,0,0,0,0,0,0,0,0,0,0
479523,0,0,0,0,0,0,0,0,0,0,0,0,0
479523,0,0,0,0,0,0,0,0,0,0,0,0,0
479523,0,0,0,0,0,0,0,0,0,0,0,0,0
479523,0,0,0,0,0,0,0,0,0,0,0,0,0
479523,0,0,0,0,0,0,0,0,0,0,0,0,0
479523,0,0,0,0,0,0,0,0,0,0,0,0,0
479523,0,0,0,0,0,0,0,0,0,0,0,0,0
479523,0,0,0,0,0,0,0,0,0,0,0,0,0
479523,0,0,0,0,0,0,0,0,0,0,0,0,0
479523,0,0,0,0,0,0,0,0,0,0,0,0,0
479523,0,0,0,0,0,0,0,0,0,0,0,0,0
479523,0,0,0,0,0,0,0,0,0,0,0,0,0
479523,0,0,0,0,0,0,0,0,0,0,0,0,0
479523,0,0,0,0,0,0,0,0,0,0,0,0,0
479523,0,0,0,0,0,0,0,0,0,0,0,0,0
479523,0,0,0,0,0,0,0,0,0,0,0,0,0
479523,0,0,0,0,0,0,0,0,0,0,0,0,0
479523,0,0,0,0,0,0,0,0,0,0,0,0,0
479523,0,0,0,0,0,0,0,0,0,0,0,0,0
479523,0,0,0,0,0,0,0,0,0,0,0,0,0
479523,0,0,0,0,0,0,0,0,0,0,0,0,0
479523,0,0,0,0,0,0,0,0,0,0,0,0,0
479523,0,0,0,0,0,0,0,0,0,0,0,0,0
479523,0,0,0,0,0,0,0,0,0,0,0,0,0
479523,0,0,0,0,0,0,0,0,0,0,0,0,0
479523,0,0,0,0,0,0,0,0,0,0,0,0,0
479523,0,0,0,0,0,0,0,0,0,0,0,0,0
479523,0,0,0,0,0,0,0,0,0,0,0,0,0
479523,0,0,0,0,0,0,0,0,0,0,0,0,0
479523,0,0,0,0,0,0,0,0,0,0,0,0,0
479523,0,0,0,0,0,0,0,0,0,0,0,0,0
479523,0,0,0,0,0,0,0,0,0,0,0,0,0
479523,0,0,0,0,0,0,0,0,0,0,0,0,0
479523,0,0,0,0,0,0,0,0,0,0,0,0,0
479523,0,0,0,0,0,0,0,0,0,0,0,0,0
479523,0,0,0,0,0,0,0,0,0,0,0,0,0
479523,0,0,0,0,0,0,0,0,0,0,0,0,0
479523,0,0,0,0,0,0,0,0,0,0,0,0,0
479523,0,0,0,0,0,0,0,0,0,0,0,0,0
479523,0,0,0,0,0,0,0,0,0,0,0,0,0
479523,0,0,0,0,0,0,0,0,0,0,0,0,0
479523,0,0,0,0,0,0,0,0,0,0,0,0,0
479523,0,0,0,0,0,0,0,0,0,0,0,0,0
479523,0,0,0,0,0,0,0,0,0,0,0,0,0
479524,0,0,0,0,0,0,0,0,0,0,0,0,0
479524,0,0,0,0,0,0,0,0,0,0,0,0,0
479524,0,0,0,0,0,0,0,0,0,0,0,0,0
479524,0,0,0,0,0,0,0,0,0,0,0,0,0
479524,0,0,0,0,0,0,0,0,0,0,0,0,0
479524,0,0,0,0,0,0,0,0,0,0,0,0,0
479524,0,0,0,0,0,0,0,0,0,0,0,0,0
479524,0,0,0,0,0,0,0,0,0,0,0,0,0
479524,0,0,0,0,0,0,0,0,0,0,0,0,0
479524,0,0,0,0,0,0,0,0,0,0,0,0,0
479524,0,0,0,0,0,0,0,0,0,0,0,0,0
479524,0,0,0,0,0,0,0,0,0,0,0,0,0
479524,0,0,0,0,0,0,0,0,0,0,0,0,0
479524,0,0,0,0,0,0,0,0,0,0,0,0,0
479524,0,0,0,0,0,0,0,0,0,0,0,0,0
479524,0,0,0,0,0,0,0,0,0,0,0,0,0
479524,0,0,0,0,0,0,0,0,0,0,0,0,0
479524,0,0,0,0,0,0,0,0,0,0,0,0,0
479524,0,0,0,0,0,0,0,0,0,0,0,0,0
479524,0,0,0,0,0,0,0,0,0,0,0,0,0
479524,0,0,0,0,0,0,0,0,0,0,0,0,0
479524,0,0,0,0,0,0,0,0,0,0,0,0,0
479524,0,0,0,0,0,0,0,0,0,0,0,0,0
479524,0,0,0,0,0,0,0,0,0,0,0,0,0
479524,0,0,0,0,0,0,0,0,0,0,0,0,0
479524,0,0,0,0,0,0,0,0,0,0,0,0,0
479524,0,0,0,0,0,0,0,0,0,0,0,0,0
479524,0,0,0,0,0,0,0,0,0,0,0,0,0
479524,0,0,0,0,0,0,0,0,0,0,0,0,0
479524,0,0,0,0,0,0,0,0,0,0,0,0,0
479524,0,0,0,0,0,0,0,0,0,0,0,0,0
479524,0,0,0,0,0,0,0,0,0,0,0,0,0
479524,0,0,0,0,0,0,0,0,0,0,0,0,0
479524,0,0,0,0,0,0,0,0,0,0,0,0,0
479524,0,0,0,0,0,0,0,0,0,0,0,0,0
479524,0,0,0,0,0,0,0,0,0,0,0,0,0
479524,0,0,0,0,0,0,0,0,0,0,0,0,0
479524,0,0,0,0,0,0,0,0,0,0,0,0,0
479524,0,0,0,0,0,0,0,0,0,0,0,0,0
479524,0,0,0,0,0,0,0,0,0,0,0,0,0
479524,0,0,0,0,0,0,0,0,0,0,0,0,0
479524,0,0,0,0,0,0,0,0,0,0,0,0,0
479524,0,0,0,0,0,0,0,0,0,0,0,0,0
479524,0,0,0,0,0,0,0,0,0,0,0,0,0
479524,0,0,0,0,0,0,0,0,0,0,0,0,0
479524,0,0,0,0,0,0,0,0,0,0,0,0,0
479524,0,0,0,0,0,0,0,0,0,0,0,0,0
479524,0,0,0,0,0,0,0,0,0,0,0,0,0
479524,0,0,0,0,0,0,0,0,0,0,0,0,0
479524,0,0,0,0,0,0,0,0,0,0,0,0,0
479524,0,0,0,0,0,0,0,0,0,0,0,0,0
479524,0,0,0,0,0,0,0,0,0,0,0,0,0
479524,0,0,0,0,0,0,0,0,0,0,0,0,0
479524,0,0,0,0,0,0,0,0,0,0,0,0,0
479524,0,0,0,0,0,0,0,0,0,0,0,0,0
479524,0,0,0,0,0,0,0,0,0,0,0,0,0
479524,0,0,0,0,0,0,0,0,0,0,0,0,0
479524,0,0,0,0,0,0,0,0,0,0,0,0,0
479524,0,0,0,0,0,0,0,0,0,0,0,0,0
479524,0,0,0,0,0,0,0,0,0,0,0,0,0
479524,0,0,0,0,0,0,0,0,0,0,0,0,0
479524,0,0,0,0,0,0,0,0,0,0,0,0,0
479524,0,0,0,0,0,0,0,0,0,0,0,0,0
479524,0,0,0,0,0,0,0,0,0,0,0,0,0
479524,0,0,0,0,0,0,0,0,0,0,0,0,0
479524,0,0,0,0,0,0,0,0,0,0,0,0,0
479524,0,0,0,0,0,0,0,0,0,0,0,0,0
479524,0,0,0,0,0,0,0,0,0,0,0,0,0
479524,0,0,0,0,0,0,0,0,0,0,0,0,0
479524,0,0,0,0,0,0,0,0,0,0,0,0,0
479524,0,0,0,0,0,0,0,0,0,0,0,0,0
479524,0,0,0,0,0,0,0,0,0,0,0,0,0
479524,0,0,0,0,0,0,0,0,0,0,0,0,0
479524,0,0,0,0,0,0,0,0,0,0,0,0,0
479524,0,0,0,0,0,0,0,0,0,0,0,0,0
479524,0,0,0,0,0,0,0,0,0,0,0,0,0
479524,0,0,0,0,0,0,0,0,0,0,0,0,0
479524,0,0,0,0,0,0,0,0,0,0,0,0,0
479524,0,0,0,0,0,0,0,0,0,0,0,0,0
479524,0,0,0,0,0,0,0,0,0,0,0,0,0
479524,0,0,0,0,0,0,0,0,0,0,0,0,0
479524,0,0,0,0,0,0,0,0,0,0,0,0,0
479524,0,0,0,0,0,0,0,0,0,0,0,0,0
479524,0,0,0,0,0,0,0,0,0,0,0,0,0
479524,0,0,0,0,0,0,0,0,0,0,0,0,0
479524,0,0,0,0,0,0,0,0,0,0,0,0,0
479524,0,0,0,0,0,0,0,0,0,0,0,0,0
479524,0,0,0,0,0,0,0,0,0,0,0,0,0
479524,0,0,0,0,0,0,0,0,0,0,0,0,0
479525,0,0,0,0,0,0,0,0,0,0,0,0,0
479525,0,0,0,0,0,0,0,0,0,0,0,0,0
479525,0,0,0,0,0,0,0,0,0,0,0,0,0
479525,0,0,0,0,0,0,0,0,0,0,0,0,0
479525,0,0,0,0,0,0,0,0,0,0,0,0,0
479525,0,0,0,0,0,0,0,0,0,0,0,0,0
479525,0,0,0,0,0,0,0,0,0,0,0,0,0
479525,0,0,0,0,0,0,0,0,0,0,0,0,0
479525,0,0,0,0,0,0,0,0,0,0,0,0,0
479525,0,0,0,0,0,0,0,0,0,0,0,0,0
479525,0,0,0,0,0,0,0,0,0,0,0,0,0
479525,0,0,0,0,0,0,0,0,0,0,0,0,0
479525,0,0,0,0,0,0,0,0,0,0,0,0,0
479525,0,0,0,0,0,0,0,0,0,0,0,0,0
479525,0,0,0,0,0,0,0,0,0,0,0,0,0
479525,0,0,0,0,0,0,0,0,0,0,0,0,0
479525,0,0,0,0,0,0,0,0,0,0,0,0,0
479525,0,0,0,0,0,0,0,0,0,0,0,0,0
479525,0,0,0,0,0,0,0,0,0,0,0,0,0
479525,0,0,0,0,0,0,0,0,0,0,0,0,0
479525,0,0,0,0,0,0,0,0,0,0,0,0,0
479525,0,0,0,0,0,0,0,0,0,0,0,0,0
479525,0,0,0,0,0,0,0,0,0,0,0,0,0
479525,0,0,0,0,0,0,0,0,0,0,0,0,0
479525,0,0,0,0,0,0,0,0,0,0,0,0,0
479525,0,0,0,0,0,0,0,0,0,0,0,0,0
479525,0,0,0,0,0,0,0,0,0,0,0,0,0
479525,0,0,0,0,0,0,0,0,0,0,0,0,0
479525,0,0,0,0,0,0,0,0,0,0,0,0,0
479525,0,0,0,0,0,0,0,0,0,0,0,0,0
479525,0,0,0,0,0,0,0,0,0,0,0,0,0
479525,0,0,0,0,0,0,0,0,0,0,0,0,0
479525,0,0,0,0,0,0,0,0,0,0,0,0,0
479525,0,0,0,0,0,0,0,0,0,0,0,0,0
479525,0,0,0,0,0,0,0,0,0,0,0,0,0
479525,0,0,0,0,0,0,0,0,0,0,0,0,0
479525,0,0,0,0,0,0,0,0,0,0,0,0,0
479525,0,0,0,0,0,0,0,0,0,0,0,0,0
479525,0,0,0,0,0,0,0,0,0,0,0,0,0
479525,0,0,0,0,0,0,0,0,0,0,0,0,0
479525,0,0,0,0,0,0,0,0,0,0,0,0,0
479525,0,0,0,0,0,0,0,0,0,0,0,0,0
479525,0,0,0,0,0,0,0,0,0,0,0,0,0
479525,0,0,0,0,0,0,0,0,0,0,0,0,0
479525,0,0,0,0,0,0,0,0,0,0,0,0,0
479525,0,0,0,0,0,0,0,0,0,0,0,0,0
479525,0,0,0,0,0,0,0,0,0,0,0,0,0
479525,0,0,0,0,0,0,0,0,0,0,0,0,0
479525,0,0,0,0,0,0,0,0,0,0,0,0,0
479525,0,0,0,0,0,0,0,0,0,0,0,0,0
479525,0,0,0,0,0,0,0,0,0,0,0,0,0
479525,0,0,0,0,0,0,0,0,0,0,0,0,0
479525,0,0,0,0,0,0,0,0,0,0,0,0,0
479525,0,0,0,0,0,0,0,0,0,0,0,0,0
479525,0,0,0,0,0,0,0,0,0,0,0,0,0
479525,0,0,0,0,0,0,0,0,0,0,0,0,0
479525,0,0,0,0,0,0,0,0,0,0,0,0,0
479525,0,0,0,0,0,0,0,0,0,0,0,0,0
479525,0,0,0,0,0,0,0,0,0,0,0,0,0
479525,0,0,0,0,0,0,0,0,0,0,0,0,0
479525,0,0,0,0,0,0,0,0,0,0,0,0,0
479525,0,0,0,0,0,0,0,0,0,0,0,0,0
479525,0,0,0,0,0,0,0,0,0,0,0,0,0
479525,0,0,0,0,0,0,0,0,0,0,0,0,0
479525,0,0,0,0,0,0,0,0,0,0,0,0,0
479525,0,0,0,0,0,0,0,0,0,0,0,0,0
479525,0,0,0,0,0,0,0,0,0,0,0,0,0
479525,0,0,0,0,0,0,0,0,0,0,0,0,0
479525,0,0,0,0,0,0,0,0,0,0,0,0,0
479525,0,0,0,0,0,0,0,0,0,0,0,0,0
479525,0,0,0,0,0,0,0,0,0,0,0,0,0
479525,0,0,0,0,0,0,0,0,0,0,0,0,0
479525,0,0,0,0,0,0,0,0,0,0,0,0,0
479525,0,0,0,0,0,0,0,0,0,0,0,0,0
479525,0,0,0,0,0,0,0,0,0,0,0,0,0
479525,0,0,0,0,0,0,0,0,0,0,0,0,0
479525,0,0,0,0,0,0,0,0,0,0,0,0,0
479525,0,0,0,0,0,0,0,0,0,0,0,0,0
479525,0,0,0,0,0,0,0,0,0,0,0,0,0
479525,0,0,0,0,0,0,0,0,0,0,0,0,0
479525,0,0,0,0,0,0,0,0,0,0,0,0,0
479525,0,0,0,0,0,0,0,0,0,0,0,0,0
479525,0,0,0,0,0,0,0,0,0,0,0,0,0
479525,0,0,0,0,0,0,0,0,0,0,0,0,0
479525,0,0,0,0,0,0,0,0,0,0,0,0,0
479525,0,0,0,0,0,0,0,0,0,0,0,0,0
479525,0,0,0,0,0,0,0,0,0,0,0,0,0
479525,0,0,0,0,0,0,0,0,0,0,0,0,0
479525,0,0,0,0,0,0,0,0,0,0,0,0,0
479526,0,0,0,0,0,0,0,0,0,0,0,0,0
479526,0,0,0,0,0,0,0,0,0,0,0,0,0
479526,0,0,0,0,0,0,0,0,0,0,0,0,0
479526,0,0,0,0,0,0,0,0,0,0,0,0,0
479526,0,0,0,0,0,0,0,0,0,0,0,0,0
479526,0,0,0,0,0,0,0,0,0,0,0,0,0
479526,0,0,0,0,0,0,0,0,0,0,0,0,0
479526,0,0,0,0,0,0,0,0,0,0,0,0,0
479526,0,0,0,0,0,0,0,0,0,0,0,0,0
479526,0,0,0,0,0,0,0,0,0,0,0,0,0
479526,0,0,0,0,0,0,0,0,0,0,0,0,0
479526,0,0,0,0,0,0,0,0,0,0,0,0,0
479526,0,0,0,0,0,0,0,0,0,0,0,0,0
479526,0,0,0,0,0,0,0,0,0,0,0,0,0
479526,0,0,0,0,0,0,0,0,0,0,0,0,0
479526,0,0,0,0,0,0,0,0,0,0,0,0,0
479526,0,0,0,0,0,0,0,0,0,0,0,0,0
479526,0,0,0,0,0,0,0,0,0,0,0,0,0
479526,0,0,0,0,0,0,0,0,0,0,0,0,0
479526,0,0,0,0,0,0,0,0,0,0,0,0,0
479526,0,0,0,0,0,0,0,0,0,0,0,0,0
479526,0,0,0,0,0,0,0,0,0,0,0,0,0
479526,0,0,0,0,0,0,0,0,0,0,0,0,0
479526,0,0,0,0,0,0,0,0,0,0,0,0,0
479526,0,0,0,0,0,0,0,0,0,0,0,0,0
479526,0,0,0,0,0,0,0,0,0,0,0,0,0
479526,0,0,0,0,0,0,0,0,0,0,0,0,0
479526,0,0,0,0,0,0,0,0,0,0,0,0,0
479526,0,0,0,0,0,0,0,0,0,0,0,0,0
479526,0,0,0,0,0,0,0,0,0,0,0,0,0
479526,0,0,0,0,0,0,0,0,0,0,0,0,0
479526,0,0,0,0,0,0,0,0,0,0,0,0,0
479526,0,0,0,0,0,0,0,0,0,0,0,0,0
479526,0,0,0,0,0,0,0,0,0,0,0,0,0
479526,0,0,0,0,0,0,0,0,0,0,0,0,0
479526,0,0,0,0,0,0,0,0,0,0,0,0,0
479526,0,0,0,0,0,0,0,0,0,0,0,0,0
479526,0,0,0,0,0,0,0,0,0,0,0,0,0
479526,0,0,0,0,0,0,0,0,0,0,0,0,0
479526,0,0,0,0,0,0,0,0,0,0,0,0,0
479526,0,0,0,0,0,0,0,0,0,0,0,0,0
479526,0,0,0,0,0,0,0,0,0,0,0,0,0
479526,0,0,0,0,0,0,0,0,0,0,0,0,0
479526,0,0,0,0,0,0,0,0,0,0,0,0,0
479526,0,0,0,0,0,0,0,0,0,0,0,0,0
479526,0,0,0,0,0,0,0,0,0,0,0,0,0
479526,0,0,0,0,0,0,0,0,0,0,0,0,0
479526,0,0,0,0,0,0,0,0,0,0,0,0,0
479526,0,0,0,0,0,0,0,0,0,0,0,0,0
479526,0,0,0,0,0,0,0,0,0,0,0,0,0
479526,0,0,0,0,0,0,0,0,0,0,0,0,0
479526,0,0,0,0,0,0,0,0,0,0,0,0,0
479526,0,0,0,0,0,0,0,0,0,0,0,0,0
479526,0,0,0,0,0,0,0,0,0,0,0,0,0
479526,0,0,0,0,0,0,0,0,0,0,0,0,0
479526,0,0,0,0,0,0,0,0,0,0,0,0,0
479526,0,0,0,0,0,0,0,0,0,0,0,0,0
479526,0,0,0,0,0,0,0,0,0,0,0,0,0
479526,0,0,0,0,0,0,0,0,0,0,0,0,0
479526,0,0,0,0,0,0,0,0,0,0,0,0,0
479526,0,0,0,0,0,0,0,0,0,0,0,0,0
479526,0,0,0,0,0,0,0,0,0,0,0,0,0
479526,0,0,0,0,0,0,0,0,0,0,0,0,0
479526,0,0,0,0,0,0,0,0,0,0,0,0,0
479526,0,0,0,0,0,0,0,0,0,0,0,0,0
479526,0,0,0,0,0,0,0,0,0,0,0,0,0
479526,0,0,0,0,0,0,0,0,0,0,0,0,0
479526,0,0,0,0,0,0,0,0,0,0,0,0,0
479526,0,0,0,0,0,0,0,0,0,0,0,0,0
479526,0,0,0,0,0,0,0,0,0,0,0,0,0
479526,0,0,0,0,0,0,0,0,0,0,0,0,0
479526,0,0,0,0,0,0,0,0,0,0,0,0,0
479526,0,0,0,0,0,0,0,0,0,0,0,0,0
479526,0,0,0,0,0,0,0,0,0,0,0,0,0
479526,0,0,0,0,0,0,0,0,0,0,0,0,0
479526,0,0,0,0,0,0,0,0,0,0,0,0,0
479526,0,0,0,0,0,0,0,0,0,0,0,0,0
479526,0,0,0,0,0,0,0,0,0,0,0,0,0
479526,0,0,0,0,0,0,0,0,0,0,0,0,0
479526,0,0,0,0,0,0,0,0,0,0,0,0,0
479526,0,0,0,0,0,0,0,0,0,0,0,0,0
479526,0,0,0,0,0,0,0,0,0,0,0,0,0
479526,0,0,0,0,0,0,0,0,0,0,0,0,0
479526,0,0,0,0,0,0,0,0,0,0,0,0,0
479526,0,0,0,0,0,0,0,0,0,0,0,0,0
479526,0,0,0,0,0,0,0,0,0,0,0,0,0
479526,0,0,0,0,0,0,0,0,0,0,0,0,0
479526,0,0,0,0,0,0,0,0,0,0,0,0,0
479527,0,0,0,0,0,0,0,0,0,0,0,0,0
479527,0,0,0,0,0,0,0,0,0,0,0,0,0
479527,0,0,0,0,0,0,0,0,0,0,0,0,0
479527,0,0,0,0,0,0,0,0,0,0,0,0,0
479527,0,0,0,0,0,0,0,0,0,0,0,0,0
479527,0,0,0,0,0,0,0,0,0,0,0,0,0
479527,0,0,0,0,0,0,0,0,0,0,0,0,0
479527,0,0,0,0,0,0,0,0,0,0,0,0,0
479527,0,0,0,0,0,0,0,0,0,0,0,0,0
479527,0,0,0,0,0,0,0,0,0,0,0,0,0
479527,0,0,0,0,0,0,0,0,0,0,0,0,0
479527,0,0,0,0,0,0,0,0,0,0,0,0,0
479527,0,0,0,0,0,0,0,0,0,0,0,0,0
479527,0,0,0,0,0,0,0,0,0,0,0,0,0
479527,0,0,0,0,0,0,0,0,0,0,0,0,0
479527,0,0,0,0,0,0,0,0,0,0,0,0,0
479527,0,0,0,0,0,0,0,0,0,0,0,0,0
479527,0,0,0,0,0,0,0,0,0,0,0,0,0
479527,0,0,0,0,0,0,0,0,0,0,0,0,0
479527,0,0,0,0,0,0,0,0,0,0,0,0,0
479527,0,0,0,0,0,0,0,0,0,0,0,0,0
479527,0,0,0,0,0,0,0,0,0,0,0,0,0
479527,0,0,0,0,0,0,0,0,0,0,0,0,0
479527,0,0,0,0,0,0,0,0,0,0,0,0,0
479527,0,0,0,0,0,0,0,0,0,0,0,0,0
479527,0,0,0,0,0,0,0,0,0,0,0,0,0
479527,0,0,0,0,0,0,0,0,0,0,0,0,0
479527,0,0,0,0,0,0,0,0,0,0,0,0,0
479527,0,0,0,0,0,0,0,0,0,0,0,0,0
479527,0,0,0,0,0,0,0,0,0,0,0,0,0
479527,0,0,0,0,0,0,0,0,0,0,0,0,0
479527,0,0,0,0,0,0,0,0,0,0,0,0,0
479527,0,0,0,0,0,0,0,0,0,0,0,0,0
479527,0,0,0,0,0,0,0,0,0,0,0,0,0
479527,0,0,0,0,0,0,0,0,0,0,0,0,0
479527,0,0,0,0,0,0,0,0,0,0,0,0,0
479527,0,0,0,0,0,0,0,0,0,0,0,0,0
479527,0,0,0,0,0,0,0,0,0,0,0,0,0
479527,0,0,0,0,0,0,0,0,0,0,0,0,0
479527,0,0,0,0,0,0,0,0,0,0,0,0,0
479527,0,0,0,0,0,0,0,0,0,0,0,0,0
479527,0,0,0,0,0,0,0,0,0,0,0,0,0
479527,0,0,0,0,0,0,0,0,0,0,0,0,0
479527,0,0,0,0,0,0,0,0,0,0,0,0,0
479527,0,0,0,0,0,0,0,0,0,0,0,0,0
479527,0,0,0,0,0,0,0,0,0,0,0,0,0
479527,0,0,0,0,0,0,0,0,0,0,0,0,0
479527,0,0,0,0,0,0,0,0,0,0,0,0,0
479527,0,0,0,0,0,0,0,0,0,0,0,0,0
479527,0,0,0,0,0,0,0,0,0,0,0,0,0
479527,0,0,0,0,0,0,0,0,0,0,0,0,0
479527,0,0,0,0,0,0,0,0,0,0,0,0,0
479527,0,0,0,0,0,0,0,0,0,0,0,0,0
479527,0,0,0,0,0,0,0,0,0,0,0,0,0
479527,0,0,0,0,0,0,0,0,0,0,0,0,0
479527,0,0,0,0,0,0,0,0,0,0,0,0,0
479527,0,0,0,0,0,0,0,0,0,0,0,0,0
479527,0,0,0,0,0,0,0,0,0,0,0,0,0
479527,0,0,0,0,0,0,0,0,0,0,0,0,0
479527,0,0,0,0,0,0,0,0,0,0,0,0,0
479527,0,0,0,0,0,0,0,0,0,0,0,0,0
479527,0,0,0,0,0,0,0,0,0,0,0,0,0
479527,0,0,0,0,0,0,0,0,0,0,0,0,0
479527,0,0,0,0,0,0,0,0,0,0,0,0,0
479527,0,0,0,0,0,0,0,0,0,0,0,0,0
479527,0,0,0,0,0,0,0,0,0,0,0,0,0
479527,0,0,0,0,0,0,0,0,0,0,0,0,0
479527,0,0,0,0,0,0,0,0,0,0,0,0,0
479527,0,0,0,0,0,0,0,0,0,0,0,0,0
